speaker_id;session;speech_id;word;word_n
1372;110/2017;2017_110_119;aika;1
1372;110/2017;2017_110_119;arvioidusti;1
1372;110/2017;2017_110_119;arvoisa;2
1372;110/2017;2017_110_119;arvokasta;1
1372;110/2017;2017_110_119;asemakaava-alueella;1
1372;110/2017;2017_110_119;asemakaava-alueita;1
1372;110/2017;2017_110_119;asiantuntemusta;1
1372;110/2017;2017_110_119;asiantunteviin;1
1372;110/2017;2017_110_119;asiat;2
1372;110/2017;2017_110_119;asioiden;2
1372;110/2017;2017_110_119;asuvat;2
1372;110/2017;2017_110_119;ehdottomasti;1
1372;110/2017;2017_110_119;ei;4
1372;110/2017;2017_110_119;eivät;1
1372;110/2017;2017_110_119;eli;2
1372;110/2017;2017_110_119;enemmän;1
1372;110/2017;2017_110_119;enää;1
1372;110/2017;2017_110_119;erilaiset;1
1372;110/2017;2017_110_119;esityksen;1
1372;110/2017;2017_110_119;esitys;1
1372;110/2017;2017_110_119;että;8
1372;110/2017;2017_110_119;hallituksen;1
1372;110/2017;2017_110_119;hallitus;1
1372;110/2017;2017_110_119;helpottaa;1
1372;110/2017;2017_110_119;helpottaminen;1
1372;110/2017;2017_110_119;heti;1
1372;110/2017;2017_110_119;historiaan;1
1372;110/2017;2017_110_119;hoidattamaan;1
1372;110/2017;2017_110_119;hoidettu;1
1372;110/2017;2017_110_119;hoidosta;1
1372;110/2017;2017_110_119;hoitaa;1
1372;110/2017;2017_110_119;huolimatta;1
1372;110/2017;2017_110_119;huomiota;1
1372;110/2017;2017_110_119;hyvä;1
1372;110/2017;2017_110_119;hyvää;2
1372;110/2017;2017_110_119;hyötyjä;1
1372;110/2017;2017_110_119;ilman;3
1372;110/2017;2017_110_119;isompiin;1
1372;110/2017;2017_110_119;itse;1
1372;110/2017;2017_110_119;ja;16
1372;110/2017;2017_110_119;jatkossa;2
1372;110/2017;2017_110_119;joita;1
1372;110/2017;2017_110_119;joka;2
1372;110/2017;2017_110_119;jolloin;1
1372;110/2017;2017_110_119;joutuneet;1
1372;110/2017;2017_110_119;juristin;1
1372;110/2017;2017_110_119;jäisivät;1
1372;110/2017;2017_110_119;jälkeen;2
1372;110/2017;2017_110_119;kaikesta;1
1372;110/2017;2017_110_119;kalkattamaan;1
1372;110/2017;2017_110_119;kalliiksi;1
1372;110/2017;2017_110_119;kallista;2
1372;110/2017;2017_110_119;kansalaisille;1
1372;110/2017;2017_110_119;kansalaisten;1
1372;110/2017;2017_110_119;kaupunkivetoisesti;1
1372;110/2017;2017_110_119;kautta;1
1372;110/2017;2017_110_119;kertoi;1
1372;110/2017;2017_110_119;keskittyä;1
1372;110/2017;2017_110_119;keskittämällä;1
1372;110/2017;2017_110_119;kestää;1
1372;110/2017;2017_110_119;kiinnitettäisiin;1
1372;110/2017;2017_110_119;kiinteistörekisterinpidon;1
1372;110/2017;2017_110_119;kiitoksia;1
1372;110/2017;2017_110_119;kilometriä;1
1372;110/2017;2017_110_119;kirjavaa;1
1372;110/2017;2017_110_119;korostetaan;1
1372;110/2017;2017_110_119;korvaa;1
1372;110/2017;2017_110_119;korvauksen;1
1372;110/2017;2017_110_119;koskevien;2
1372;110/2017;2017_110_119;kovasti;1
1372;110/2017;2017_110_119;kuluja;2
1372;110/2017;2017_110_119;kun;4
1372;110/2017;2017_110_119;kunnan;1
1372;110/2017;2017_110_119;kunnilta;1
1372;110/2017;2017_110_119;kunnossa;1
1372;110/2017;2017_110_119;kunta;2
1372;110/2017;2017_110_119;kuntahallintoon;1
1372;110/2017;2017_110_119;kuntapoliittinen;1
1372;110/2017;2017_110_119;kuntavaiheen;1
1372;110/2017;2017_110_119;kuntien;2
1372;110/2017;2017_110_119;kustannuksia;1
1372;110/2017;2017_110_119;käräjäoikeuden;1
1372;110/2017;2017_110_119;käräjäoikeuksien;1
1372;110/2017;2017_110_119;käräjäoikeus;1
1372;110/2017;2017_110_119;käräjäoikeusmenettelyyn;1
1372;110/2017;2017_110_119;käräjäoikeusuudistukseen;1
1372;110/2017;2017_110_119;käräjäoikeuteen;2
1372;110/2017;2017_110_119;käsittelee;1
1372;110/2017;2017_110_119;käsittelyssä;1
1372;110/2017;2017_110_119;käsittelyyn;1
1372;110/2017;2017_110_119;käyttää;1
1372;110/2017;2017_110_119;käytäntöön;1
1372;110/2017;2017_110_119;lainsäädäntöön;1
1372;110/2017;2017_110_119;lakia;1
1372;110/2017;2017_110_119;liittyä;1
1372;110/2017;2017_110_119;linkkinsä;1
1372;110/2017;2017_110_119;lisäksi;1
1372;110/2017;2017_110_119;loma-asuja;1
1372;110/2017;2017_110_119;loma-asunnoista;1
1372;110/2017;2017_110_119;lopuksi;1
1372;110/2017;2017_110_119;lukuun;1
1372;110/2017;2017_110_119;maailma;2
1372;110/2017;2017_110_119;maakunnat;1
1372;110/2017;2017_110_119;maakunnille;1
1372;110/2017;2017_110_119;maakuntauudistuksessa;1
1372;110/2017;2017_110_119;maallikot;1
1372;110/2017;2017_110_119;maamme;2
1372;110/2017;2017_110_119;maanmittauslaitokselle;1
1372;110/2017;2017_110_119;maanmittauslaitoksen;1
1372;110/2017;2017_110_119;maaoikeusasioita;1
1372;110/2017;2017_110_119;maksaa;3
1372;110/2017;2017_110_119;maksavat;1
1372;110/2017;2017_110_119;meillä;1
1372;110/2017;2017_110_119;melkoisen;1
1372;110/2017;2017_110_119;meni;1
1372;110/2017;2017_110_119;menneet;1
1372;110/2017;2017_110_119;mennään;1
1372;110/2017;2017_110_119;ministeri;1
1372;110/2017;2017_110_119;ministerikin;1
1372;110/2017;2017_110_119;mittavan;1
1372;110/2017;2017_110_119;mittavia;1
1372;110/2017;2017_110_119;moiteasioiden;1
1372;110/2017;2017_110_119;moitteita;1
1372;110/2017;2017_110_119;monet;1
1372;110/2017;2017_110_119;monimutkaisuutta;1
1372;110/2017;2017_110_119;mukaan;1
1372;110/2017;2017_110_119;mukaisesti;1
1372;110/2017;2017_110_119;muuttui;1
1372;110/2017;2017_110_119;muuttunut;1
1372;110/2017;2017_110_119;myötä;1
1372;110/2017;2017_110_119;ne;1
1372;110/2017;2017_110_119;neuvotella;1
1372;110/2017;2017_110_119;niin;2
1372;110/2017;2017_110_119;nimenomaan;1
1372;110/2017;2017_110_119;noin;1
1372;110/2017;2017_110_119;noita;1
1372;110/2017;2017_110_119;nyt;2
1372;110/2017;2017_110_119;näin;1
1372;110/2017;2017_110_119;näkemykseni;1
1372;110/2017;2017_110_119;nämä;2
1372;110/2017;2017_110_119;ohi;1
1372;110/2017;2017_110_119;oikaisupyynnön;1
1372;110/2017;2017_110_119;oikeudenhoito;1
1372;110/2017;2017_110_119;oikeusturvaa;1
1372;110/2017;2017_110_119;oikeusturvavakuutukset;1
1372;110/2017;2017_110_119;olen;1
1372;110/2017;2017_110_119;ollut;1
1372;110/2017;2017_110_119;oma;1
1372;110/2017;2017_110_119;omaan;1
1372;110/2017;2017_110_119;oman;1
1372;110/2017;2017_110_119;on;19
1372;110/2017;2017_110_119;osaaminen;1
1372;110/2017;2017_110_119;osaamista;1
1372;110/2017;2017_110_119;osakkaat;1
1372;110/2017;2017_110_119;osan;2
1372;110/2017;2017_110_119;osin;1
1372;110/2017;2017_110_119;osuutensa;1
1372;110/2017;2017_110_119;otettu;1
1372;110/2017;2017_110_119;ottamatta;1
1372;110/2017;2017_110_119;ottanut;1
1372;110/2017;2017_110_119;ovat;4
1372;110/2017;2017_110_119;paljon;1
1372;110/2017;2017_110_119;pani;1
1372;110/2017;2017_110_119;parantaa;1
1372;110/2017;2017_110_119;parantaisi;1
1372;110/2017;2017_110_119;parikymmentä;1
1372;110/2017;2017_110_119;pelin;1
1372;110/2017;2017_110_119;perehtymään;1
1372;110/2017;2017_110_119;periaatetta;1
1372;110/2017;2017_110_119;perikunnat;1
1372;110/2017;2017_110_119;perustaa;1
1372;110/2017;2017_110_119;perustamisen;1
1372;110/2017;2017_110_119;perustamista;1
1372;110/2017;2017_110_119;pidettyä;1
1372;110/2017;2017_110_119;pienen;1
1372;110/2017;2017_110_119;poliittisen;1
1372;110/2017;2017_110_119;poliittiset;1
1372;110/2017;2017_110_119;puheenjohtajana;1
1372;110/2017;2017_110_119;puhemies;2
1372;110/2017;2017_110_119;puolet;1
1372;110/2017;2017_110_119;puoli;1
1372;110/2017;2017_110_119;puolueettoman;1
1372;110/2017;2017_110_119;pystyisivät;1
1372;110/2017;2017_110_119;päivänä;1
1372;110/2017;2017_110_119;pääsimme;1
1372;110/2017;2017_110_119;päästy;1
1372;110/2017;2017_110_119;päätöksen;1
1372;110/2017;2017_110_119;päätöksenteko;1
1372;110/2017;2017_110_119;päätöksenteon;2
1372;110/2017;2017_110_119;päätöksestä;2
1372;110/2017;2017_110_119;päätöksiä;1
1372;110/2017;2017_110_119;rahaa;1
1372;110/2017;2017_110_119;rampan;1
1372;110/2017;2017_110_119;ratkaiseminen;1
1372;110/2017;2017_110_119;saakka;1
1372;110/2017;2017_110_119;saataisiin;1
1372;110/2017;2017_110_119;saattanut;1
1372;110/2017;2017_110_119;saisivat;2
1372;110/2017;2017_110_119;saliin;1
1372;110/2017;2017_110_119;sanoa;1
1372;110/2017;2017_110_119;se;3
1372;110/2017;2017_110_119;sekin;1
1372;110/2017;2017_110_119;seurannut;1
1372;110/2017;2017_110_119;siirtyisi;1
1372;110/2017;2017_110_119;siirtyvät;1
1372;110/2017;2017_110_119;siis;5
1372;110/2017;2017_110_119;siitä;2
1372;110/2017;2017_110_119;sijaitsee;1
1372;110/2017;2017_110_119;silloin;1
1372;110/2017;2017_110_119;sillä;1
1372;110/2017;2017_110_119;siltä;1
1372;110/2017;2017_110_119;sitten;2
1372;110/2017;2017_110_119;sitä;1
1372;110/2017;2017_110_119;sopii;1
1372;110/2017;2017_110_119;soveltanut;1
1372;110/2017;2017_110_119;suomalainen;1
1372;110/2017;2017_110_119;suomalaisen;1
1372;110/2017;2017_110_119;suoraan;2
1372;110/2017;2017_110_119;säästää;1
1372;110/2017;2017_110_119;tapahtunut;1
1372;110/2017;2017_110_119;tarvita;2
1372;110/2017;2017_110_119;tarvitse;1
1372;110/2017;2017_110_119;tehostamalla;1
1372;110/2017;2017_110_119;tehtäväkseen;1
1372;110/2017;2017_110_119;tehtäväänsä;1
1372;110/2017;2017_110_119;teiden;1
1372;110/2017;2017_110_119;tekemällä;1
1372;110/2017;2017_110_119;tiekunnan;8
1372;110/2017;2017_110_119;tiekunnilta;1
1372;110/2017;2017_110_119;tiekuntaa;1
1372;110/2017;2017_110_119;tiekuntien;2
1372;110/2017;2017_110_119;tielautakunnassa;1
1372;110/2017;2017_110_119;tielautakunnat;1
1372;110/2017;2017_110_119;tielautakuntien;2
1372;110/2017;2017_110_119;tien;3
1372;110/2017;2017_110_119;tiet;1
1372;110/2017;2017_110_119;tietoimitusta;2
1372;110/2017;2017_110_119;tietoimitustehtävät;1
1372;110/2017;2017_110_119;tietä;1
1372;110/2017;2017_110_119;tieverkoston;1
1372;110/2017;2017_110_119;toimesta;1
1372;110/2017;2017_110_119;toimintaan;1
1372;110/2017;2017_110_119;toivoa;1
1372;110/2017;2017_110_119;toteutuessa;1
1372;110/2017;2017_110_119;tulevaisuudessa;1
1372;110/2017;2017_110_119;tulleet;1
1372;110/2017;2017_110_119;tuo;1
1372;110/2017;2017_110_119;tuomioistuimiin;1
1372;110/2017;2017_110_119;tuommoisen;1
1372;110/2017;2017_110_119;tuossa;1
1372;110/2017;2017_110_119;tuota;1
1372;110/2017;2017_110_119;tähän;2
1372;110/2017;2017_110_119;tällä;1
1372;110/2017;2017_110_119;tämä;2
1372;110/2017;2017_110_119;tämän;2
1372;110/2017;2017_110_119;tänä;1
1372;110/2017;2017_110_119;tärkeää;2
1372;110/2017;2017_110_119;tässä;1
1372;110/2017;2017_110_119;tästä;1
1372;110/2017;2017_110_119;tätä;2
1372;110/2017;2017_110_119;ukkotuomareiden;1
1372;110/2017;2017_110_119;usein;2
1372;110/2017;2017_110_119;uudistamaan;1
1372;110/2017;2017_110_119;uudistuksella;1
1372;110/2017;2017_110_119;uudistuksen;1
1372;110/2017;2017_110_119;uudistuksessa;2
1372;110/2017;2017_110_119;uudistus;1
1372;110/2017;2017_110_119;vaan;1
1372;110/2017;2017_110_119;vaativuuden;1
1372;110/2017;2017_110_119;vaikeaan;1
1372;110/2017;2017_110_119;vaikuttaneet;1
1372;110/2017;2017_110_119;vaikuttimet;1
1372;110/2017;2017_110_119;vaikutuspiirissä;1
1372;110/2017;2017_110_119;vaivaisi;1
1372;110/2017;2017_110_119;vajaa;1
1372;110/2017;2017_110_119;vakuutusperusteiden;1
1372;110/2017;2017_110_119;valiokuntakäsittelyssä;1
1372;110/2017;2017_110_119;valitettavasti;1
1372;110/2017;2017_110_119;valittaa;1
1372;110/2017;2017_110_119;valitukset;1
1372;110/2017;2017_110_119;valitus;1
1372;110/2017;2017_110_119;varmuutta;1
1372;110/2017;2017_110_119;varoja;1
1372;110/2017;2017_110_119;varrella;2
1372;110/2017;2017_110_119;varsin;1
1372;110/2017;2017_110_119;vasta;1
1372;110/2017;2017_110_119;vielä;1
1372;110/2017;2017_110_119;vievään;1
1372;110/2017;2017_110_119;vihdoinkin;1
1372;110/2017;2017_110_119;virallista;1
1372;110/2017;2017_110_119;voi;2
1372;110/2017;2017_110_119;voidaan;3
1372;110/2017;2017_110_119;voisivat;1
1372;110/2017;2017_110_119;vuoksi;1
1372;110/2017;2017_110_119;vuotta;3
1372;110/2017;2017_110_119;väitän;1
1372;110/2017;2017_110_119;välttämättä;1
1372;110/2017;2017_110_119;yhteen;1
1372;110/2017;2017_110_119;yhteiskunnan;1
1372;110/2017;2017_110_119;yksityinen;1
1372;110/2017;2017_110_119;yksityisen;1
1372;110/2017;2017_110_119;yksityisteiden;3
1372;110/2017;2017_110_119;yksityisteitä;1
1372;110/2017;2017_110_119;yksityistiestöä;1
1372;110/2017;2017_110_119;ylläpidosta;1
1372;110/2017;2017_110_119;yritysvetoisesti;1
1372;110/2017;2017_110_56;aikanaan;1
1372;110/2017;2017_110_56;alle;1
1372;110/2017;2017_110_56;asianajaja;1
1372;110/2017;2017_110_56;asianajajat;1
1372;110/2017;2017_110_56;asianajajien;2
1372;110/2017;2017_110_56;asianajajilla;1
1372;110/2017;2017_110_56;edelleen;1
1372;110/2017;2017_110_56;eduskunnan;2
1372;110/2017;2017_110_56;eduskunta;1
1372;110/2017;2017_110_56;eikä;2
1372;110/2017;2017_110_56;erilaista;1
1372;110/2017;2017_110_56;esityksestä;1
1372;110/2017;2017_110_56;että;6
1372;110/2017;2017_110_56;haluaisin;1
1372;110/2017;2017_110_56;haluaisivat;1
1372;110/2017;2017_110_56;harjoittavat;1
1372;110/2017;2017_110_56;havaittu;1
1372;110/2017;2017_110_56;huomiota;1
1372;110/2017;2017_110_56;hyvä;2
1372;110/2017;2017_110_56;hyväksi;1
1372;110/2017;2017_110_56;hänen;1
1372;110/2017;2017_110_56;isännöintiä;1
1372;110/2017;2017_110_56;itsekin;1
1372;110/2017;2017_110_56;ja;7
1372;110/2017;2017_110_56;joita;2
1372;110/2017;2017_110_56;joitain;1
1372;110/2017;2017_110_56;julkisen;1
1372;110/2017;2017_110_56;järjestelmä;3
1372;110/2017;2017_110_56;järkevää;1
1372;110/2017;2017_110_56;kaikenlaista;1
1372;110/2017;2017_110_56;kaksiportainen;1
1372;110/2017;2017_110_56;kaksoismallia;1
1372;110/2017;2017_110_56;kanssaan;1
1372;110/2017;2017_110_56;kehitetään;1
1372;110/2017;2017_110_56;kehittää;1
1372;110/2017;2017_110_56;kiinnittää;1
1372;110/2017;2017_110_56;kiitoksia;1
1372;110/2017;2017_110_56;kohdistui;1
1372;110/2017;2017_110_56;kritiikki;1
1372;110/2017;2017_110_56;kuin;1
1372;110/2017;2017_110_56;kun;1
1372;110/2017;2017_110_56;laadukkaita;1
1372;110/2017;2017_110_56;laatuun;1
1372;110/2017;2017_110_56;lainopillisia;1
1372;110/2017;2017_110_56;lakimiehiä;1
1372;110/2017;2017_110_56;lapintielle;1
1372;110/2017;2017_110_56;lautakunta;1
1372;110/2017;2017_110_56;liiketoimintaa;1
1372;110/2017;2017_110_56;luotiin;1
1372;110/2017;2017_110_56;lupalakimiehet;2
1372;110/2017;2017_110_56;lupalakimiehillä;1
1372;110/2017;2017_110_56;lupalakimiesten;1
1372;110/2017;2017_110_56;luvan;1
1372;110/2017;2017_110_56;lähti;1
1372;110/2017;2017_110_56;lähtökohdan;1
1372;110/2017;2017_110_56;maailmalla;1
1372;110/2017;2017_110_56;malli;1
1372;110/2017;2017_110_56;meillä;3
1372;110/2017;2017_110_56;molemmilla;1
1372;110/2017;2017_110_56;mukaisesti;1
1372;110/2017;2017_110_56;muutakin;1
1372;110/2017;2017_110_56;muuttaa;1
1372;110/2017;2017_110_56;myös;1
1372;110/2017;2017_110_56;ne;1
1372;110/2017;2017_110_56;niin;1
1372;110/2017;2017_110_56;niistä;1
1372;110/2017;2017_110_56;nimenomaan;2
1372;110/2017;2017_110_56;oikeidenkäyntiavustajien;1
1372;110/2017;2017_110_56;oikeusavun;1
1372;110/2017;2017_110_56;ole;2
1372;110/2017;2017_110_56;olen;1
1372;110/2017;2017_110_56;olla;2
1372;110/2017;2017_110_56;oma;2
1372;110/2017;2017_110_56;on;13
1372;110/2017;2017_110_56;palkkiokysymykset;1
1372;110/2017;2017_110_56;palveluita;1
1372;110/2017;2017_110_56;pelkästään;1
1372;110/2017;2017_110_56;perusrakennetta;1
1372;110/2017;2017_110_56;perustuslakivaliokunnan;1
1372;110/2017;2017_110_56;puheenjohtaja;1
1372;110/2017;2017_110_56;puhemies;1
1372;110/2017;2017_110_56;puolin;1
1372;110/2017;2017_110_56;riiteleminen;1
1372;110/2017;2017_110_56;rouva;1
1372;110/2017;2017_110_56;saaneiden;1
1372;110/2017;2017_110_56;saatavuuteen;1
1372;110/2017;2017_110_56;saatetaan;1
1372;110/2017;2017_110_56;saman;1
1372;110/2017;2017_110_56;sateenvarjon;1
1372;110/2017;2017_110_56;sen;1
1372;110/2017;2017_110_56;siellä;3
1372;110/2017;2017_110_56;siihen;1
1372;110/2017;2017_110_56;siitä;1
1372;110/2017;2017_110_56;silloin;1
1372;110/2017;2017_110_56;sitten;3
1372;110/2017;2017_110_56;sitä;1
1372;110/2017;2017_110_56;sorvannut;1
1372;110/2017;2017_110_56;suomeen;1
1372;110/2017;2017_110_56;syytä;4
1372;110/2017;2017_110_56;tiedotustoimintaa;1
1372;110/2017;2017_110_56;tilitoimistopalvelua;1
1372;110/2017;2017_110_56;toinen;1
1372;110/2017;2017_110_56;tulevaisuudessa;2
1372;110/2017;2017_110_56;tuo;2
1372;110/2017;2017_110_56;tuomarikunnat;1
1372;110/2017;2017_110_56;tuota;1
1372;110/2017;2017_110_56;tämä;1
1372;110/2017;2017_110_56;tätä;3
1372;110/2017;2017_110_56;vaihtoehtoinen;1
1372;110/2017;2017_110_56;valvontajärjestelmä;2
1372;110/2017;2017_110_56;valvoo;2
1372;110/2017;2017_110_56;varmaan;1
1372;110/2017;2017_110_56;voimakkaat;1
1372;110/2017;2017_110_56;vuoksi;1
1372;110/2017;2017_110_56;vuosia;1
1372;110/2018;2018_110_31;aikaisemmin;1
1372;110/2018;2018_110_31;aikamoisen;1
1372;110/2018;2018_110_31;aikana;2
1372;110/2018;2018_110_31;alkaa;1
1372;110/2018;2018_110_31;apu;1
1372;110/2018;2018_110_31;arvoisa;1
1372;110/2018;2018_110_31;aseman;1
1372;110/2018;2018_110_31;asumaan;1
1372;110/2018;2018_110_31;edelleen;4
1372;110/2018;2018_110_31;edellinen;1
1372;110/2018;2018_110_31;edesauttavat;1
1372;110/2018;2018_110_31;ehkä;1
1372;110/2018;2018_110_31;ei;2
1372;110/2018;2018_110_31;eivät;1
1372;110/2018;2018_110_31;eivätkä;1
1372;110/2018;2018_110_31;eli;2
1372;110/2018;2018_110_31;erilaisia;1
1372;110/2018;2018_110_31;erinomaisen;1
1372;110/2018;2018_110_31;erinomaisista;1
1372;110/2018;2018_110_31;erittäin;1
1372;110/2018;2018_110_31;erityisesti;1
1372;110/2018;2018_110_31;esille;2
1372;110/2018;2018_110_31;esityksiä;1
1372;110/2018;2018_110_31;esitänkin;1
1372;110/2018;2018_110_31;eteen;1
1372;110/2018;2018_110_31;etelässä;1
1372;110/2018;2018_110_31;että;6
1372;110/2018;2018_110_31;euroopan;1
1372;110/2018;2018_110_31;hallituksen;6
1372;110/2018;2018_110_31;hallitus;5
1372;110/2018;2018_110_31;haluaisin;1
1372;110/2018;2018_110_31;haluan;1
1372;110/2018;2018_110_31;havainneet;1
1372;110/2018;2018_110_31;havaittu;1
1372;110/2018;2018_110_31;he;2
1372;110/2018;2018_110_31;heijastuvat;1
1372;110/2018;2018_110_31;heli;1
1372;110/2018;2018_110_31;hetkellä;2
1372;110/2018;2018_110_31;hyvinvointiin;1
1372;110/2018;2018_110_31;hyvinvointiyhteiskunnan;1
1372;110/2018;2018_110_31;hyviä;1
1372;110/2018;2018_110_31;hyvät;1
1372;110/2018;2018_110_31;hyötyä;1
1372;110/2018;2018_110_31;höttöpuheet;1
1372;110/2018;2018_110_31;ihaillaan;1
1372;110/2018;2018_110_31;ja;12
1372;110/2018;2018_110_31;joihin;1
1372;110/2018;2018_110_31;joita;3
1372;110/2018;2018_110_31;jolloin;1
1372;110/2018;2018_110_31;jotka;1
1372;110/2018;2018_110_31;joutua;1
1372;110/2018;2018_110_31;joutunut;1
1372;110/2018;2018_110_31;joutuvat;1
1372;110/2018;2018_110_31;juuri;1
1372;110/2018;2018_110_31;järvisen;1
1372;110/2018;2018_110_31;kahdessa;1
1372;110/2018;2018_110_31;kannalta;1
1372;110/2018;2018_110_31;kasvukauden;1
1372;110/2018;2018_110_31;kehittyy;1
1372;110/2018;2018_110_31;kehittämiseksi;1
1372;110/2018;2018_110_31;kehittää;1
1372;110/2018;2018_110_31;kehityksen;1
1372;110/2018;2018_110_31;kerran;1
1372;110/2018;2018_110_31;keski-euroopassa;1
1372;110/2018;2018_110_31;kiitos;1
1372;110/2018;2018_110_31;kilpisjärvelle;1
1372;110/2018;2018_110_31;kohteeksi;1
1372;110/2018;2018_110_31;kokea;1
1372;110/2018;2018_110_31;kokonaisuudesta;1
1372;110/2018;2018_110_31;konservatiivisena;1
1372;110/2018;2018_110_31;kritiikin;1
1372;110/2018;2018_110_31;kuin;2
1372;110/2018;2018_110_31;kun;5
1372;110/2018;2018_110_31;kuukaudessa;1
1372;110/2018;2018_110_31;kuulimme;1
1372;110/2018;2018_110_31;kysymyksen;1
1372;110/2018;2018_110_31;kärkimaa;1
1372;110/2018;2018_110_31;lapissa;2
1372;110/2018;2018_110_31;lappilaiseen;1
1372;110/2018;2018_110_31;laskusuhdanne;1
1372;110/2018;2018_110_31;lopetti;1
1372;110/2018;2018_110_31;lyhyesti;1
1372;110/2018;2018_110_31;lyhytaikaiset;1
1372;110/2018;2018_110_31;lähtevät;1
1372;110/2018;2018_110_31;mahdollisuutta;1
1372;110/2018;2018_110_31;meille;1
1372;110/2018;2018_110_31;meillä;2
1372;110/2018;2018_110_31;menossa;1
1372;110/2018;2018_110_31;millä;1
1372;110/2018;2018_110_31;minulla;1
1372;110/2018;2018_110_31;mitä;1
1372;110/2018;2018_110_31;monta;1
1372;110/2018;2018_110_31;mutta;2
1372;110/2018;2018_110_31;muutoksen;1
1372;110/2018;2018_110_31;niin;1
1372;110/2018;2018_110_31;nimenomaan;1
1372;110/2018;2018_110_31;nousu;1
1372;110/2018;2018_110_31;nuo;1
1372;110/2018;2018_110_31;nuorisotyöttömyyden;1
1372;110/2018;2018_110_31;nuorisotyöttömyys;2
1372;110/2018;2018_110_31;nuorten;1
1372;110/2018;2018_110_31;nyt;2
1372;110/2018;2018_110_31;nämä;2
1372;110/2018;2018_110_31;odotettavissa;1
1372;110/2018;2018_110_31;oikea-aikainen;1
1372;110/2018;2018_110_31;ole;2
1372;110/2018;2018_110_31;olemme;2
1372;110/2018;2018_110_31;oli;1
1372;110/2018;2018_110_31;ollaan;1
1372;110/2018;2018_110_31;on;8
1372;110/2018;2018_110_31;ongelma;1
1372;110/2018;2018_110_31;ongelmat;1
1372;110/2018;2018_110_31;ovat;2
1372;110/2018;2018_110_31;paljon;2
1372;110/2018;2018_110_31;parantamiseksi;1
1372;110/2018;2018_110_31;parempaan;1
1372;110/2018;2018_110_31;pelastavat;1
1372;110/2018;2018_110_31;pidetään;1
1372;110/2018;2018_110_31;pohjoisessa;1
1372;110/2018;2018_110_31;poistuvat;1
1372;110/2018;2018_110_31;positiivisen;1
1372;110/2018;2018_110_31;positiiviset;1
1372;110/2018;2018_110_31;prosenttia;2
1372;110/2018;2018_110_31;puhemies;1
1372;110/2018;2018_110_31;päivänä;1
1372;110/2018;2018_110_31;pätkiä;1
1372;110/2018;2018_110_31;pätkätyöt;1
1372;110/2018;2018_110_31;pätkätöitä;1
1372;110/2018;2018_110_31;rahaa;1
1372;110/2018;2018_110_31;rakenteellisia;1
1372;110/2018;2018_110_31;rintamailla;1
1372;110/2018;2018_110_31;rouva;1
1372;110/2018;2018_110_31;saa;1
1372;110/2018;2018_110_31;saaneet;1
1372;110/2018;2018_110_31;saattavat;1
1372;110/2018;2018_110_31;saavutuksista;1
1372;110/2018;2018_110_31;sanotaan;1
1372;110/2018;2018_110_31;selkeästi;1
1372;110/2018;2018_110_31;sellaisia;2
1372;110/2018;2018_110_31;selviytymistä;1
1372;110/2018;2018_110_31;semmoisia;1
1372;110/2018;2018_110_31;sen;1
1372;110/2018;2018_110_31;seuraavan;1
1372;110/2018;2018_110_31;seuraavankin;1
1372;110/2018;2018_110_31;siellä;1
1372;110/2018;2018_110_31;siinä;1
1372;110/2018;2018_110_31;siitä;1
1372;110/2018;2018_110_31;sitten;2
1372;110/2018;2018_110_31;sosiaalipolitiikkaa;1
1372;110/2018;2018_110_31;sosialistihallitus;1
1372;110/2018;2018_110_31;sosialistinen;1
1372;110/2018;2018_110_31;suomalaisen;1
1372;110/2018;2018_110_31;suomalaista;1
1372;110/2018;2018_110_31;suomi;2
1372;110/2018;2018_110_31;suorastaan;1
1372;110/2018;2018_110_31;suuntaan;1
1372;110/2018;2018_110_31;syystä;1
1372;110/2018;2018_110_31;taloudellista;1
1372;110/2018;2018_110_31;tavalla;2
1372;110/2018;2018_110_31;tehdä;2
1372;110/2018;2018_110_31;tehdään;3
1372;110/2018;2018_110_31;tehnyt;1
1372;110/2018;2018_110_31;tekninen;1
1372;110/2018;2018_110_31;teknisen;1
1372;110/2018;2018_110_31;tietysti;1
1372;110/2018;2018_110_31;todellisuuden;1
1372;110/2018;2018_110_31;todellisuutta;1
1372;110/2018;2018_110_31;toimeentulotukeen;1
1372;110/2018;2018_110_31;toimesta;1
1372;110/2018;2018_110_31;toimet;2
1372;110/2018;2018_110_31;toimii;1
1372;110/2018;2018_110_31;toimintansa;1
1372;110/2018;2018_110_31;tottunut;1
1372;110/2018;2018_110_31;tukea;1
1372;110/2018;2018_110_31;tulevaisuus;1
1372;110/2018;2018_110_31;tuo;1
1372;110/2018;2018_110_31;tuoda;2
1372;110/2018;2018_110_31;tuolla;1
1372;110/2018;2018_110_31;tuosta;1
1372;110/2018;2018_110_31;turvautumaan;1
1372;110/2018;2018_110_31;tuttavaa;1
1372;110/2018;2018_110_31;työllistyä;1
1372;110/2018;2018_110_31;työllisyyden;1
1372;110/2018;2018_110_31;työmarkkinajärjestelmää;1
1372;110/2018;2018_110_31;työsuhteet;2
1372;110/2018;2018_110_31;työvoima;1
1372;110/2018;2018_110_31;työvoiman;1
1372;110/2018;2018_110_31;tällainen;1
1372;110/2018;2018_110_31;tällaiset;1
1372;110/2018;2018_110_31;tällä;1
1372;110/2018;2018_110_31;tälläkin;1
1372;110/2018;2018_110_31;tämä;2
1372;110/2018;2018_110_31;tämän;5
1372;110/2018;2018_110_31;tänä;1
1372;110/2018;2018_110_31;tästä;1
1372;110/2018;2018_110_31;uskaltanut;1
1372;110/2018;2018_110_31;uudella;1
1372;110/2018;2018_110_31;uudistetaan;1
1372;110/2018;2018_110_31;uudistukset;1
1372;110/2018;2018_110_31;uudistuksia;2
1372;110/2018;2018_110_31;vanhanaikaisena;1
1372;110/2018;2018_110_31;varmaan;1
1372;110/2018;2018_110_31;vielä;3
1372;110/2018;2018_110_31;vihervasemmiston;1
1372;110/2018;2018_110_31;voidakseen;1
1372;110/2018;2018_110_31;voimin;1
1372;110/2018;2018_110_31;välihuuto;1
1372;110/2018;2018_110_31;välttämättä;1
1372;110/2018;2018_110_31;yrittäjien;1
1372;110/2018;2018_110_31;yrittäjyyden;1
1372;110/2018;2018_110_31;yritysten;1
1372;114/2017;2017_114_125;aika;1
1372;114/2017;2017_114_125;aikaa;1
1372;114/2017;2017_114_125;ajassa;1
1372;114/2017;2017_114_125;ajatuksena;1
1372;114/2017;2017_114_125;alaansa;1
1372;114/2017;2017_114_125;alan;1
1372;114/2017;2017_114_125;alihankintaketjutettuja;1
1372;114/2017;2017_114_125;aloittanut;1
1372;114/2017;2017_114_125;alojen;2
1372;114/2017;2017_114_125;alueellista;1
1372;114/2017;2017_114_125;apua;2
1372;114/2017;2017_114_125;arvoisa;2
1372;114/2017;2017_114_125;asia;1
1372;114/2017;2017_114_125;asiantuntemusta;2
1372;114/2017;2017_114_125;asioida;1
1372;114/2017;2017_114_125;autokaupat;1
1372;114/2017;2017_114_125;avulla;1
1372;114/2017;2017_114_125;bisneksessä;1
1372;114/2017;2017_114_125;edelleen;2
1372;114/2017;2017_114_125;eduskuntaryhmä;1
1372;114/2017;2017_114_125;ei;10
1372;114/2017;2017_114_125;eivät;1
1372;114/2017;2017_114_125;eli;1
1372;114/2017;2017_114_125;elämme;1
1372;114/2017;2017_114_125;en;2
1372;114/2017;2017_114_125;enemmän;1
1372;114/2017;2017_114_125;ennen;1
1372;114/2017;2017_114_125;ensinnäkin;1
1372;114/2017;2017_114_125;entistä;2
1372;114/2017;2017_114_125;eri;1
1372;114/2017;2017_114_125;erikoisoikeudenhoitoa;1
1372;114/2017;2017_114_125;erikoistuvat;1
1372;114/2017;2017_114_125;erityisen;1
1372;114/2017;2017_114_125;erityiskysymykset;1
1372;114/2017;2017_114_125;erityisosaajia;1
1372;114/2017;2017_114_125;erityisosaamista;2
1372;114/2017;2017_114_125;eräs;1
1372;114/2017;2017_114_125;esimerkiksi;2
1372;114/2017;2017_114_125;että;8
1372;114/2017;2017_114_125;haetaan;1
1372;114/2017;2017_114_125;halutaan;4
1372;114/2017;2017_114_125;harjoitettavan;1
1372;114/2017;2017_114_125;he;1
1372;114/2017;2017_114_125;heitä;1
1372;114/2017;2017_114_125;henkeä;1
1372;114/2017;2017_114_125;henkilökohtaisesti;1
1372;114/2017;2017_114_125;herra;1
1372;114/2017;2017_114_125;hometaloriidat;1
1372;114/2017;2017_114_125;hovioikeudessa;1
1372;114/2017;2017_114_125;huoltajuusriidat;1
1372;114/2017;2017_114_125;huonosti;1
1372;114/2017;2017_114_125;huudattamaan;1
1372;114/2017;2017_114_125;hyvä;1
1372;114/2017;2017_114_125;ihminen;2
1372;114/2017;2017_114_125;ihmisille;1
1372;114/2017;2017_114_125;iloinen;1
1372;114/2017;2017_114_125;ja;23
1372;114/2017;2017_114_125;jatkan;1
1372;114/2017;2017_114_125;joiden;1
1372;114/2017;2017_114_125;jokin;1
1372;114/2017;2017_114_125;joku;1
1372;114/2017;2017_114_125;jolloin;1
1372;114/2017;2017_114_125;jossa;1
1372;114/2017;2017_114_125;jota;1
1372;114/2017;2017_114_125;jotka;2
1372;114/2017;2017_114_125;jotta;2
1372;114/2017;2017_114_125;julkisille;1
1372;114/2017;2017_114_125;julkista;1
1372;114/2017;2017_114_125;jäin;1
1372;114/2017;2017_114_125;jälkeen;1
1372;114/2017;2017_114_125;jäänyt;1
1372;114/2017;2017_114_125;kaikkea;1
1372;114/2017;2017_114_125;kaikkeen;1
1372;114/2017;2017_114_125;kalliilta;1
1372;114/2017;2017_114_125;kannattaa;1
1372;114/2017;2017_114_125;kansalaisten;2
1372;114/2017;2017_114_125;kanssa;1
1372;114/2017;2017_114_125;katsoen;1
1372;114/2017;2017_114_125;kattavuutta;1
1372;114/2017;2017_114_125;kaupunkeihin;1
1372;114/2017;2017_114_125;kenelle;2
1372;114/2017;2017_114_125;kerron;1
1372;114/2017;2017_114_125;kertomassa;1
1372;114/2017;2017_114_125;keskittyy;1
1372;114/2017;2017_114_125;keskittää;2
1372;114/2017;2017_114_125;kielelliset;1
1372;114/2017;2017_114_125;kielellään;1
1372;114/2017;2017_114_125;kirjainta;1
1372;114/2017;2017_114_125;kohdeltu;1
1372;114/2017;2017_114_125;kohtuullisessa;1
1372;114/2017;2017_114_125;kohtuullisin;1
1372;114/2017;2017_114_125;kohtuus;1
1372;114/2017;2017_114_125;kohtuutta;1
1372;114/2017;2017_114_125;kohtuuttoman;1
1372;114/2017;2017_114_125;kokenut;1
1372;114/2017;2017_114_125;kokonaisuudessaan;1
1372;114/2017;2017_114_125;konkurssit;1
1372;114/2017;2017_114_125;koosta;1
1372;114/2017;2017_114_125;korvausvelvollisuus;1
1372;114/2017;2017_114_125;kosteusvaurio;1
1372;114/2017;2017_114_125;kuin;1
1372;114/2017;2017_114_125;kuinka;1
1372;114/2017;2017_114_125;kukaan;1
1372;114/2017;2017_114_125;kun;4
1372;114/2017;2017_114_125;kustannuksin;1
1372;114/2017;2017_114_125;kutinsa;1
1372;114/2017;2017_114_125;kuullut;1
1372;114/2017;2017_114_125;kuuluu;2
1372;114/2017;2017_114_125;kyläpolitikointiin;1
1372;114/2017;2017_114_125;kysymykset;2
1372;114/2017;2017_114_125;kysymysten;1
1372;114/2017;2017_114_125;käräjäoikeuden;2
1372;114/2017;2017_114_125;käräjäoikeuksia;2
1372;114/2017;2017_114_125;käräjäoikeuksien;1
1372;114/2017;2017_114_125;käräjäoikeuksiin;1
1372;114/2017;2017_114_125;käräjäoikeuksista;1
1372;114/2017;2017_114_125;käräjäoikeusuudistuksesta;1
1372;114/2017;2017_114_125;kävelevät;1
1372;114/2017;2017_114_125;käyttäjät;1
1372;114/2017;2017_114_125;laajennettaisiin;1
1372;114/2017;2017_114_125;laatua;1
1372;114/2017;2017_114_125;laiminlyönteihin;1
1372;114/2017;2017_114_125;lain;1
1372;114/2017;2017_114_125;laki;1
1372;114/2017;2017_114_125;lakikaan;1
1372;114/2017;2017_114_125;lakikirjan;1
1372;114/2017;2017_114_125;liikaa;1
1372;114/2017;2017_114_125;luvulla;1
1372;114/2017;2017_114_125;läheltä;1
1372;114/2017;2017_114_125;lähteä;1
1372;114/2017;2017_114_125;lämpimästi;1
1372;114/2017;2017_114_125;löytyy;2
1372;114/2017;2017_114_125;maailma;1
1372;114/2017;2017_114_125;maakaupat;1
1372;114/2017;2017_114_125;maassa;1
1372;114/2017;2017_114_125;maata;1
1372;114/2017;2017_114_125;materiaalit;1
1372;114/2017;2017_114_125;meillä;1
1372;114/2017;2017_114_125;mene;1
1372;114/2017;2017_114_125;mennä;1
1372;114/2017;2017_114_125;merioikeus;1
1372;114/2017;2017_114_125;mihin;1
1372;114/2017;2017_114_125;mihinkään;1
1372;114/2017;2017_114_125;mikä;1
1372;114/2017;2017_114_125;millä;1
1372;114/2017;2017_114_125;miten;1
1372;114/2017;2017_114_125;moneen;1
1372;114/2017;2017_114_125;monen;1
1372;114/2017;2017_114_125;monet;1
1372;114/2017;2017_114_125;monien;1
1372;114/2017;2017_114_125;monimutkainen;1
1372;114/2017;2017_114_125;monimutkaiset;1
1372;114/2017;2017_114_125;muualle;1
1372;114/2017;2017_114_125;muuhun;1
1372;114/2017;2017_114_125;muut;1
1372;114/2017;2017_114_125;muutamin;1
1372;114/2017;2017_114_125;muutokset;1
1372;114/2017;2017_114_125;muuttoliikkeen;1
1372;114/2017;2017_114_125;myös;7
1372;114/2017;2017_114_125;määrittelee;1
1372;114/2017;2017_114_125;ne;1
1372;114/2017;2017_114_125;niiden;1
1372;114/2017;2017_114_125;niin;1
1372;114/2017;2017_114_125;niistä;1
1372;114/2017;2017_114_125;niitä;2
1372;114/2017;2017_114_125;nimenomaan;2
1372;114/2017;2017_114_125;noudatettu;1
1372;114/2017;2017_114_125;nykyään;1
1372;114/2017;2017_114_125;nyt;1
1372;114/2017;2017_114_125;näin;3
1372;114/2017;2017_114_125;ohi;1
1372;114/2017;2017_114_125;oikeita;1
1372;114/2017;2017_114_125;oikeudenmukaisesti;1
1372;114/2017;2017_114_125;oikeus;1
1372;114/2017;2017_114_125;oikeusapu;1
1372;114/2017;2017_114_125;oikeusapua;1
1372;114/2017;2017_114_125;oikeusasteessa;1
1372;114/2017;2017_114_125;oikeusprosessit;1
1372;114/2017;2017_114_125;oikeusturvaa;1
1372;114/2017;2017_114_125;oikeutta;2
1372;114/2017;2017_114_125;olaus;1
1372;114/2017;2017_114_125;ole;3
1372;114/2017;2017_114_125;olen;3
1372;114/2017;2017_114_125;olisi;1
1372;114/2017;2017_114_125;olla;5
1372;114/2017;2017_114_125;omaan;1
1372;114/2017;2017_114_125;omalla;1
1372;114/2017;2017_114_125;on;8
1372;114/2017;2017_114_125;onkin;1
1372;114/2017;2017_114_125;onko;3
1372;114/2017;2017_114_125;osapuoli;1
1372;114/2017;2017_114_125;ositukset;1
1372;114/2017;2017_114_125;ovat;2
1372;114/2017;2017_114_125;ovatko;2
1372;114/2017;2017_114_125;paitsi;1
1372;114/2017;2017_114_125;paljon;1
1372;114/2017;2017_114_125;palvelun;1
1372;114/2017;2017_114_125;palveluntarjoajat;1
1372;114/2017;2017_114_125;palvelut;1
1372;114/2017;2017_114_125;parantamaan;2
1372;114/2017;2017_114_125;paremmin;2
1372;114/2017;2017_114_125;perintöriidat;1
1372;114/2017;2017_114_125;perustelen;1
1372;114/2017;2017_114_125;perusteltuja;1
1372;114/2017;2017_114_125;petri;1
1372;114/2017;2017_114_125;pieniä;1
1372;114/2017;2017_114_125;piirustuksia;1
1372;114/2017;2017_114_125;pitkiä;1
1372;114/2017;2017_114_125;pitänyt;1
1372;114/2017;2017_114_125;pitää;1
1372;114/2017;2017_114_125;pk-sektorilta;1
1372;114/2017;2017_114_125;pohjaesitystä;1
1372;114/2017;2017_114_125;pohjoisesta;1
1372;114/2017;2017_114_125;puhemies;2
1372;114/2017;2017_114_125;pyritään;1
1372;114/2017;2017_114_125;päivänä;1
1372;114/2017;2017_114_125;pääsemme;1
1372;114/2017;2017_114_125;päätökseen;1
1372;114/2017;2017_114_125;päätöksiä;2
1372;114/2017;2017_114_125;päätös;1
1372;114/2017;2017_114_125;rakenne;1
1372;114/2017;2017_114_125;rakennuksen;1
1372;114/2017;2017_114_125;rakennus;1
1372;114/2017;2017_114_125;rakennusteollisuuden;1
1372;114/2017;2017_114_125;rakennusvirhe;1
1372;114/2017;2017_114_125;rakennusvälivaiheita;1
1372;114/2017;2017_114_125;rankalta;1
1372;114/2017;2017_114_125;ratkaisu;2
1372;114/2017;2017_114_125;ratkaisuja;1
1372;114/2017;2017_114_125;ratkea;1
1372;114/2017;2017_114_125;riippuu;1
1372;114/2017;2017_114_125;runtelemassa;1
1372;114/2017;2017_114_125;ruotsin;1
1372;114/2017;2017_114_125;saako;1
1372;114/2017;2017_114_125;saamenkieliset;1
1372;114/2017;2017_114_125;saamme;1
1372;114/2017;2017_114_125;saan;1
1372;114/2017;2017_114_125;salomonintuomioilla;1
1372;114/2017;2017_114_125;samoin;1
1372;114/2017;2017_114_125;sanoi;1
1372;114/2017;2017_114_125;sanoin;1
1372;114/2017;2017_114_125;se;2
1372;114/2017;2017_114_125;sekä;1
1372;114/2017;2017_114_125;sellaisia;1
1372;114/2017;2017_114_125;selvittää;1
1372;114/2017;2017_114_125;sen;3
1372;114/2017;2017_114_125;seuraavassa;1
1372;114/2017;2017_114_125;siitä;3
1372;114/2017;2017_114_125;sijainnista;1
1372;114/2017;2017_114_125;siksi;1
1372;114/2017;2017_114_125;sillä;1
1372;114/2017;2017_114_125;siltarumpupolitiikkaan;1
1372;114/2017;2017_114_125;sininen;1
1372;114/2017;2017_114_125;sitten;1
1372;114/2017;2017_114_125;sitä;1
1372;114/2017;2017_114_125;sotilasoikeus;1
1372;114/2017;2017_114_125;suomalaisille;1
1372;114/2017;2017_114_125;suomen;1
1372;114/2017;2017_114_125;suunniteltu;1
1372;114/2017;2017_114_125;suuriin;1
1372;114/2017;2017_114_125;suurimmat;1
1372;114/2017;2017_114_125;syntynyt;1
1372;114/2017;2017_114_125;syntyvät;1
1372;114/2017;2017_114_125;syntyy;2
1372;114/2017;2017_114_125;syrjäseutujen;1
1372;114/2017;2017_114_125;syyllistyneet;1
1372;114/2017;2017_114_125;säästöjä;1
1372;114/2017;2017_114_125;säästöt;1
1372;114/2017;2017_114_125;tahallisiin;1
1372;114/2017;2017_114_125;tahattomiin;1
1372;114/2017;2017_114_125;tai;2
1372;114/2017;2017_114_125;taloon;1
1372;114/2017;2017_114_125;tappeleminen;1
1372;114/2017;2017_114_125;tarjota;2
1372;114/2017;2017_114_125;tarkemmin;1
1372;114/2017;2017_114_125;tarvitaan;2
1372;114/2017;2017_114_125;tarvitse;2
1372;114/2017;2017_114_125;taskussaan;1
1372;114/2017;2017_114_125;tavalla;1
1372;114/2017;2017_114_125;tavoitteena;1
1372;114/2017;2017_114_125;tavoitteeseen;1
1372;114/2017;2017_114_125;tehdään;1
1372;114/2017;2017_114_125;tehtyä;1
1372;114/2017;2017_114_125;tehtävänä;1
1372;114/2017;2017_114_125;toimijoille;1
1372;114/2017;2017_114_125;toimijoita;1
1372;114/2017;2017_114_125;toinen;1
1372;114/2017;2017_114_125;toivon;1
1372;114/2017;2017_114_125;toteutetaan;1
1372;114/2017;2017_114_125;toteutettu;1
1372;114/2017;2017_114_125;toteutettua;1
1372;114/2017;2017_114_125;tulee;1
1372;114/2017;2017_114_125;tulevasta;1
1372;114/2017;2017_114_125;tunnettava;1
1372;114/2017;2017_114_125;tuntemusta;1
1372;114/2017;2017_114_125;tuntua;1
1372;114/2017;2017_114_125;tuohon;1
1372;114/2017;2017_114_125;tuomareilta;1
1372;114/2017;2017_114_125;tuomioistuimen;1
1372;114/2017;2017_114_125;tuomioistuimesta;1
1372;114/2017;2017_114_125;tuomioistuin;1
1372;114/2017;2017_114_125;tuomioistuinten;1
1372;114/2017;2017_114_125;tuottaa;1
1372;114/2017;2017_114_125;tuottamuksellisiin;1
1372;114/2017;2017_114_125;turvattava;1
1372;114/2017;2017_114_125;tyytyväinen;1
1372;114/2017;2017_114_125;tähän;1
1372;114/2017;2017_114_125;tällaisia;1
1372;114/2017;2017_114_125;tämä;1
1372;114/2017;2017_114_125;tänä;1
1372;114/2017;2017_114_125;tärkeimmät;1
1372;114/2017;2017_114_125;tästä;1
1372;114/2017;2017_114_125;tätä;1
1372;114/2017;2017_114_125;ukkotuomareiden;1
1372;114/2017;2017_114_125;ulos;2
1372;114/2017;2017_114_125;ulosottovalitukset;1
1372;114/2017;2017_114_125;uudistuksella;3
1372;114/2017;2017_114_125;uudistuksen;1
1372;114/2017;2017_114_125;uudistus;1
1372;114/2017;2017_114_125;uudistusta;1
1372;114/2017;2017_114_125;uusiksi;1
1372;114/2017;2017_114_125;vaan;1
1372;114/2017;2017_114_125;vaatii;1
1372;114/2017;2017_114_125;vahvistaa;1
1372;114/2017;2017_114_125;vai;2
1372;114/2017;2017_114_125;valvoa;1
1372;114/2017;2017_114_125;valvottiinko;1
1372;114/2017;2017_114_125;varaa;1
1372;114/2017;2017_114_125;varmistaa;1
1372;114/2017;2017_114_125;vastauspuheenvuoropyyntöjä;1
1372;114/2017;2017_114_125;vastuu;1
1372;114/2017;2017_114_125;vastuukysymykset;1
1372;114/2017;2017_114_125;verran;1
1372;114/2017;2017_114_125;vievät;1
1372;114/2017;2017_114_125;viimeksi;1
1372;114/2017;2017_114_125;viisaus;1
1372;114/2017;2017_114_125;vikoja;1
1372;114/2017;2017_114_125;vioista;1
1372;114/2017;2017_114_125;viranomaisissa;1
1372;114/2017;2017_114_125;voi;5
1372;114/2017;2017_114_125;voimavaroja;1
1372;114/2017;2017_114_125;voisivat;3
1372;114/2017;2017_114_125;väärin;1
1372;114/2017;2017_114_125;yhdistetään;1
1372;114/2017;2017_114_125;yksinkertaisilla;1
1372;114/2017;2017_114_125;yksityiset;1
1372;114/2017;2017_114_125;yleensä;1
1372;114/2017;2017_114_125;ympäri;1
1372;114/2017;2017_114_125;yrityssaneeraukset;1
1372;114/2017;2017_114_62;ajautuneet;1
1372;114/2017;2017_114_62;alle;1
1372;114/2017;2017_114_62;apua;1
1372;114/2017;2017_114_62;arvioidaan;1
1372;114/2017;2017_114_62;arvoisa;1
1372;114/2017;2017_114_62;arvopohja;1
1372;114/2017;2017_114_62;asiakkaakseni;1
1372;114/2017;2017_114_62;edelleen;1
1372;114/2017;2017_114_62;ei;2
1372;114/2017;2017_114_62;erilaisiin;1
1372;114/2017;2017_114_62;erityisen;3
1372;114/2017;2017_114_62;esitys;1
1372;114/2017;2017_114_62;että;3
1372;114/2017;2017_114_62;etuja;1
1372;114/2017;2017_114_62;hakemaan;1
1372;114/2017;2017_114_62;hallituksen;2
1372;114/2017;2017_114_62;hallitus;1
1372;114/2017;2017_114_62;harkinnanvaraisuus;1
1372;114/2017;2017_114_62;harkinta;1
1372;114/2017;2017_114_62;harkintansa;1
1372;114/2017;2017_114_62;he;1
1372;114/2017;2017_114_62;heille;1
1372;114/2017;2017_114_62;huomioidaan;1
1372;114/2017;2017_114_62;hyvä;1
1372;114/2017;2017_114_62;ihmisiä;2
1372;114/2017;2017_114_62;inhimilliset;1
1372;114/2017;2017_114_62;itselleen;1
1372;114/2017;2017_114_62;ja;5
1372;114/2017;2017_114_62;jopa;1
1372;114/2017;2017_114_62;jotka;1
1372;114/2017;2017_114_62;kannustaa;1
1372;114/2017;2017_114_62;kannustimena;1
1372;114/2017;2017_114_62;kannustinloukkuja;1
1372;114/2017;2017_114_62;kauaskantoiset;1
1372;114/2017;2017_114_62;keskittynyt;1
1372;114/2017;2017_114_62;kestänyt;1
1372;114/2017;2017_114_62;kohdallaan;1
1372;114/2017;2017_114_62;kohdannut;1
1372;114/2017;2017_114_62;kuin;1
1372;114/2017;2017_114_62;kun;3
1372;114/2017;2017_114_62;lainmuutoksella;1
1372;114/2017;2017_114_62;luvassa;1
1372;114/2017;2017_114_62;mahdollista;1
1372;114/2017;2017_114_62;maksaminen;1
1372;114/2017;2017_114_62;mallissa;1
1372;114/2017;2017_114_62;merkitsee;1
1372;114/2017;2017_114_62;mikä;1
1372;114/2017;2017_114_62;mukana;1
1372;114/2017;2017_114_62;muuttuneet;1
1372;114/2017;2017_114_62;myöntää;1
1372;114/2017;2017_114_62;myös;1
1372;114/2017;2017_114_62;myötä;1
1372;114/2017;2017_114_62;niin;1
1372;114/2017;2017_114_62;niitä;1
1372;114/2017;2017_114_62;nimenomaan;2
1372;114/2017;2017_114_62;nyt;1
1372;114/2017;2017_114_62;näkisin;1
1372;114/2017;2017_114_62;ole;1
1372;114/2017;2017_114_62;olen;1
1372;114/2017;2017_114_62;olosuhteet;1
1372;114/2017;2017_114_62;omassa;1
1372;114/2017;2017_114_62;on;7
1372;114/2017;2017_114_62;ongelmia;1
1372;114/2017;2017_114_62;ovat;2
1372;114/2017;2017_114_62;pelotteena;1
1372;114/2017;2017_114_62;perusteltu;1
1372;114/2017;2017_114_62;puhemies;1
1372;114/2017;2017_114_62;purkamaan;1
1372;114/2017;2017_114_62;päivänä;1
1372;114/2017;2017_114_62;se;1
1372;114/2017;2017_114_62;sitten;1
1372;114/2017;2017_114_62;sitä;1
1372;114/2017;2017_114_62;suuntaan;1
1372;114/2017;2017_114_62;tulevat;1
1372;114/2017;2017_114_62;tuo;2
1372;114/2017;2017_114_62;tuon;1
1372;114/2017;2017_114_62;työllistymään;1
1372;114/2017;2017_114_62;työssäni;1
1372;114/2017;2017_114_62;työttömien;1
1372;114/2017;2017_114_62;työttömyyden;1
1372;114/2017;2017_114_62;työttömyysturvan;1
1372;114/2017;2017_114_62;työttömän;1
1372;114/2017;2017_114_62;työtä;1
1372;114/2017;2017_114_62;tähän;1
1372;114/2017;2017_114_62;tällaisia;1
1372;114/2017;2017_114_62;tällä;1
1372;114/2017;2017_114_62;tämän;1
1372;114/2017;2017_114_62;tänä;1
1372;114/2017;2017_114_62;tärkeää;1
1372;114/2017;2017_114_62;tässä;1
1372;114/2017;2017_114_62;ulosottomies;1
1372;114/2017;2017_114_62;uskon;1
1372;114/2017;2017_114_62;vaan;1
1372;114/2017;2017_114_62;vaikka;2
1372;114/2017;2017_114_62;vaikutukset;1
1372;114/2017;2017_114_62;velkakierteisiin;1
1372;114/2017;2017_114_62;vielä;1
1372;114/2017;2017_114_62;vihdoinkin;1
1372;114/2017;2017_114_62;voi;1
1372;114/2017;2017_114_62;vuoden;1
1372;114/2017;2017_114_62;ylivelkaisia;1
1372;117/2018;2018_117_127;aikaisemmat;1
1372;117/2018;2018_117_127;aikana;1
1372;117/2018;2018_117_127;ajauduttu;1
1372;117/2018;2018_117_127;ajoi;1
1372;117/2018;2018_117_127;aktiivisena;1
1372;117/2018;2018_117_127;alle;1
1372;117/2018;2018_117_127;ansiopäivärahaan;2
1372;117/2018;2018_117_127;ansiopäivärahaoikeus;1
1372;117/2018;2018_117_127;arvioitu;2
1372;117/2018;2018_117_127;arvoisa;1
1372;117/2018;2018_117_127;asema;2
1372;117/2018;2018_117_127;asemaa;1
1372;117/2018;2018_117_127;asia;1
1372;117/2018;2018_117_127;asiaa;1
1372;117/2018;2018_117_127;asuu;1
1372;117/2018;2018_117_127;avioerotilanteeseen;1
1372;117/2018;2018_117_127;aviopuolisona;1
1372;117/2018;2018_117_127;avopuolisona;1
1372;117/2018;2018_117_127;budjettiriihessä;1
1372;117/2018;2018_117_127;edellytyksiä;1
1372;117/2018;2018_117_127;edellytysten;1
1372;117/2018;2018_117_127;edessä;1
1372;117/2018;2018_117_127;edistää;1
1372;117/2018;2018_117_127;ehdotetaan;1
1372;117/2018;2018_117_127;ehkäisemällä;1
1372;117/2018;2018_117_127;ehkäisisivät;1
1372;117/2018;2018_117_127;ei;3
1372;117/2018;2018_117_127;ei-omistava;2
1372;117/2018;2018_117_127;ei-omistavan;3
1372;117/2018;2018_117_127;ei-omistavat;1
1372;117/2018;2018_117_127;eli;2
1372;117/2018;2018_117_127;eläkelainsäädännössä;1
1372;117/2018;2018_117_127;emme;1
1372;117/2018;2018_117_127;erittäin;2
1372;117/2018;2018_117_127;esityksen;1
1372;117/2018;2018_117_127;että;13
1372;117/2018;2018_117_127;hallituksen;1
1372;117/2018;2018_117_127;hallitukset;2
1372;117/2018;2018_117_127;hallitus;1
1372;117/2018;2018_117_127;heidän;1
1372;117/2018;2018_117_127;heillä;1
1372;117/2018;2018_117_127;hengen;1
1372;117/2018;2018_117_127;herkullinen;1
1372;117/2018;2018_117_127;hoitamatta;1
1372;117/2018;2018_117_127;huono;1
1372;117/2018;2018_117_127;huonoista;1
1372;117/2018;2018_117_127;huonosti;1
1372;117/2018;2018_117_127;hyvin;1
1372;117/2018;2018_117_127;hyvähenkinen;1
1372;117/2018;2018_117_127;hän;3
1372;117/2018;2018_117_127;hänelle;1
1372;117/2018;2018_117_127;hänen;1
1372;117/2018;2018_117_127;ihmisen;1
1372;117/2018;2018_117_127;ilman;1
1372;117/2018;2018_117_127;itsemurha;1
1372;117/2018;2018_117_127;itseään;1
1372;117/2018;2018_117_127;ja;11
1372;117/2018;2018_117_127;jari;1
1372;117/2018;2018_117_127;jatkaa;1
1372;117/2018;2018_117_127;johdonmukainen;1
1372;117/2018;2018_117_127;johtuen;1
1372;117/2018;2018_117_127;johtuu;1
1372;117/2018;2018_117_127;joissa;2
1372;117/2018;2018_117_127;joissakin;1
1372;117/2018;2018_117_127;jopa;2
1372;117/2018;2018_117_127;jos;1
1372;117/2018;2018_117_127;jossa;2
1372;117/2018;2018_117_127;jotka;1
1372;117/2018;2018_117_127;jotta;1
1372;117/2018;2018_117_127;joutuisi;1
1372;117/2018;2018_117_127;joutuneet;1
1372;117/2018;2018_117_127;jälkeen;1
1372;117/2018;2018_117_127;jäseneksi;1
1372;117/2018;2018_117_127;jäsenenä;1
1372;117/2018;2018_117_127;jäsenyydellä;1
1372;117/2018;2018_117_127;jäsenyyden;1
1372;117/2018;2018_117_127;jäsenyyttä;1
1372;117/2018;2018_117_127;jättäneet;1
1372;117/2018;2018_117_127;jäämiseen;1
1372;117/2018;2018_117_127;kannalta;1
1372;117/2018;2018_117_127;kanssa;1
1372;117/2018;2018_117_127;kari;1
1372;117/2018;2018_117_127;katsoa;1
1372;117/2018;2018_117_127;katsotaan;1
1372;117/2018;2018_117_127;kattavasti;1
1372;117/2018;2018_117_127;kautta;1
1372;117/2018;2018_117_127;keskeinen;1
1372;117/2018;2018_117_127;keväällä;1
1372;117/2018;2018_117_127;kiitos;2
1372;117/2018;2018_117_127;koetuista;1
1372;117/2018;2018_117_127;kohdalla;1
1372;117/2018;2018_117_127;konkurssitilanteessa;1
1372;117/2018;2018_117_127;koskeva;1
1372;117/2018;2018_117_127;koskevat;1
1372;117/2018;2018_117_127;koskevien;1
1372;117/2018;2018_117_127;kovin;1
1372;117/2018;2018_117_127;kun;3
1372;117/2018;2018_117_127;kutsutun;1
1372;117/2018;2018_117_127;kyllä;1
1372;117/2018;2018_117_127;käsillä;1
1372;117/2018;2018_117_127;käsittelyssä;1
1372;117/2018;2018_117_127;käsittelyyn;1
1372;117/2018;2018_117_127;käytännössä;1
1372;117/2018;2018_117_127;lainanmaksuun;1
1372;117/2018;2018_117_127;lapsena;1
1372;117/2018;2018_117_127;lapset;1
1372;117/2018;2018_117_127;laskuihin;1
1372;117/2018;2018_117_127;lievennettyinä;1
1372;117/2018;2018_117_127;liittyviä;1
1372;117/2018;2018_117_127;liittyy;1
1372;117/2018;2018_117_127;liityttäessä;1
1372;117/2018;2018_117_127;lopettaa;1
1372;117/2018;2018_117_127;lopettamaan;1
1372;117/2018;2018_117_127;mahdollista;1
1372;117/2018;2018_117_127;mattila;1
1372;117/2018;2018_117_127;mattilan;1
1372;117/2018;2018_117_127;menee;1
1372;117/2018;2018_117_127;merkinnyt;1
1372;117/2018;2018_117_127;mies;1
1372;117/2018;2018_117_127;mieskin;1
1372;117/2018;2018_117_127;mietitään;1
1372;117/2018;2018_117_127;ministeri;2
1372;117/2018;2018_117_127;moottori;1
1372;117/2018;2018_117_127;mukaisesti;1
1372;117/2018;2018_117_127;mutta;1
1372;117/2018;2018_117_127;muutettaisiin;1
1372;117/2018;2018_117_127;muutos;1
1372;117/2018;2018_117_127;myllykoski;2
1372;117/2018;2018_117_127;myös;3
1372;117/2018;2018_117_127;myöskin;1
1372;117/2018;2018_117_127;määrittänyt;1
1372;117/2018;2018_117_127;nainen;1
1372;117/2018;2018_117_127;neuvonnan;1
1372;117/2018;2018_117_127;neuvonta;1
1372;117/2018;2018_117_127;niin;4
1372;117/2018;2018_117_127;niitä;2
1372;117/2018;2018_117_127;nimenomaan;1
1372;117/2018;2018_117_127;nojaa;1
1372;117/2018;2018_117_127;nykyisin;1
1372;117/2018;2018_117_127;nykylakihan;1
1372;117/2018;2018_117_127;nyt;4
1372;117/2018;2018_117_127;näin;2
1372;117/2018;2018_117_127;näistä;1
1372;117/2018;2018_117_127;oikea-aikainen;1
1372;117/2018;2018_117_127;oikeusturva;1
1372;117/2018;2018_117_127;oikeutetuksi;1
1372;117/2018;2018_117_127;oikeutta;2
1372;117/2018;2018_117_127;ole;2
1372;117/2018;2018_117_127;olevan;1
1372;117/2018;2018_117_127;olisi;1
1372;117/2018;2018_117_127;olla;1
1372;117/2018;2018_117_127;ollakin;1
1372;117/2018;2018_117_127;olleet;1
1372;117/2018;2018_117_127;ollut;2
1372;117/2018;2018_117_127;omillaan;1
1372;117/2018;2018_117_127;omistusoikeutta;1
1372;117/2018;2018_117_127;on;15
1372;117/2018;2018_117_127;ongelmista;1
1372;117/2018;2018_117_127;osa;1
1372;117/2018;2018_117_127;otettiin;1
1372;117/2018;2018_117_127;ovat;3
1372;117/2018;2018_117_127;painottavien;1
1372;117/2018;2018_117_127;paitsi;1
1372;117/2018;2018_117_127;palkanmaksuun;1
1372;117/2018;2018_117_127;palkansaajakassaan;1
1372;117/2018;2018_117_127;palkansaajakassan;1
1372;117/2018;2018_117_127;palkansaajaksi;1
1372;117/2018;2018_117_127;palkansaajia;1
1372;117/2018;2018_117_127;parantaa;1
1372;117/2018;2018_117_127;parantamaan;1
1372;117/2018;2018_117_127;perhe;1
1372;117/2018;2018_117_127;perheen;1
1372;117/2018;2018_117_127;perheenjäsen;3
1372;117/2018;2018_117_127;perheenjäsenen;5
1372;117/2018;2018_117_127;perheenjäsenet;2
1372;117/2018;2018_117_127;perheenjäsenillään;1
1372;117/2018;2018_117_127;perheenjäseniä;1
1372;117/2018;2018_117_127;perheessä;1
1372;117/2018;2018_117_127;perheyrittäminen;1
1372;117/2018;2018_117_127;perheyrityksessä;1
1372;117/2018;2018_117_127;perusteella;1
1372;117/2018;2018_117_127;pieniin;1
1372;117/2018;2018_117_127;pitkäaikainen;1
1372;117/2018;2018_117_127;pitkälle;1
1372;117/2018;2018_117_127;pitää;1
1372;117/2018;2018_117_127;pohjois-pohjanmaan;1
1372;117/2018;2018_117_127;ponnekkaasti;1
1372;117/2018;2018_117_127;puhemies;1
1372;117/2018;2018_117_127;puhutaan;2
1372;117/2018;2018_117_127;pykälien;1
1372;117/2018;2018_117_127;päätetään;1
1372;117/2018;2018_117_127;päättyä;1
1372;117/2018;2018_117_127;rahat;1
1372;117/2018;2018_117_127;riittävä;1
1372;117/2018;2018_117_127;riittävätkö;1
1372;117/2018;2018_117_127;ripeä;1
1372;117/2018;2018_117_127;riskejä;1
1372;117/2018;2018_117_127;rouva;1
1372;117/2018;2018_117_127;ryhtynyt;1
1372;117/2018;2018_117_127;saannin;1
1372;117/2018;2018_117_127;samassa;1
1372;117/2018;2018_117_127;sanotun;1
1372;117/2018;2018_117_127;se;4
1372;117/2018;2018_117_127;sekä;1
1372;117/2018;2018_117_127;selkärangan;1
1372;117/2018;2018_117_127;siirtymisen;1
1372;117/2018;2018_117_127;siis;2
1372;117/2018;2018_117_127;siitä;2
1372;117/2018;2018_117_127;sijaan;1
1372;117/2018;2018_117_127;sillä;1
1372;117/2018;2018_117_127;sitten;2
1372;117/2018;2018_117_127;sitä;5
1372;117/2018;2018_117_127;sukupuolikysymykseksi;1
1372;117/2018;2018_117_127;suomalainen;1
1372;117/2018;2018_117_127;suomalaisen;2
1372;117/2018;2018_117_127;suuri;1
1372;117/2018;2018_117_127;sääntely;1
1372;117/2018;2018_117_127;tai;2
1372;117/2018;2018_117_127;taloudellisia;1
1372;117/2018;2018_117_127;taloudessa;1
1372;117/2018;2018_117_127;tarkoittaisi;1
1372;117/2018;2018_117_127;tarkoituksessa;1
1372;117/2018;2018_117_127;tavoite;1
1372;117/2018;2018_117_127;tavoitetta;1
1372;117/2018;2018_117_127;tavoitteena;1
1372;117/2018;2018_117_127;tehtävänsä;1
1372;117/2018;2018_117_127;tiedossa;1
1372;117/2018;2018_117_127;tilanteen;1
1372;117/2018;2018_117_127;tilanteeseen;1
1372;117/2018;2018_117_127;tilanteisiin;1
1372;117/2018;2018_117_127;tilanteissa;2
1372;117/2018;2018_117_127;tilanteista;1
1372;117/2018;2018_117_127;tilanteita;1
1372;117/2018;2018_117_127;toimeen;1
1372;117/2018;2018_117_127;toimijana;1
1372;117/2018;2018_117_127;toimivat;1
1372;117/2018;2018_117_127;toteuttaa;1
1372;117/2018;2018_117_127;tuleva;1
1372;117/2018;2018_117_127;tulisi;1
1372;117/2018;2018_117_127;tulisikin;1
1372;117/2018;2018_117_127;tunnista;1
1372;117/2018;2018_117_127;tunnistamatta;1
1372;117/2018;2018_117_127;tuo;1
1372;117/2018;2018_117_127;tuohon;2
1372;117/2018;2018_117_127;tuossa;2
1372;117/2018;2018_117_127;turvata;1
1372;117/2018;2018_117_127;työlainsäädännössä;1
1372;117/2018;2018_117_127;työllistymiseen;1
1372;117/2018;2018_117_127;työllistyvä;1
1372;117/2018;2018_117_127;työntekijöiksi;1
1372;117/2018;2018_117_127;työskennellessä;1
1372;117/2018;2018_117_127;työskentelee;2
1372;117/2018;2018_117_127;työskentelevän;2
1372;117/2018;2018_117_127;työskentely;1
1372;117/2018;2018_117_127;työskentelyn;1
1372;117/2018;2018_117_127;työskentelynsä;1
1372;117/2018;2018_117_127;työttömyysetuuteen;1
1372;117/2018;2018_117_127;työttömyyskassan;2
1372;117/2018;2018_117_127;työttömyyskassassa;1
1372;117/2018;2018_117_127;työttömyysturvajärjestelmässä;2
1372;117/2018;2018_117_127;työttömyysturvalain;1
1372;117/2018;2018_117_127;työttömyysturvan;1
1372;117/2018;2018_117_127;työttömäksi;2
1372;117/2018;2018_117_127;työvoimapoliittisten;1
1372;117/2018;2018_117_127;tämä;4
1372;117/2018;2018_117_127;tämän;4
1372;117/2018;2018_117_127;tärkeän;1
1372;117/2018;2018_117_127;tässä;1
1372;117/2018;2018_117_127;tätä;2
1372;117/2018;2018_117_127;täytyisi;1
1372;117/2018;2018_117_127;uotilan;1
1372;117/2018;2018_117_127;usein;1
1372;117/2018;2018_117_127;vahvuus;1
1372;117/2018;2018_117_127;vaikka;1
1372;117/2018;2018_117_127;vaimo;1
1372;117/2018;2018_117_127;vakaviin;1
1372;117/2018;2018_117_127;vakuuttamista;1
1372;117/2018;2018_117_127;vakuuttavassa;1
1372;117/2018;2018_117_127;vanhemmat;1
1372;117/2018;2018_117_127;varsinkin;1
1372;117/2018;2018_117_127;vasemmistovetoiset;1
1372;117/2018;2018_117_127;vie;1
1372;117/2018;2018_117_127;viime;1
1372;117/2018;2018_117_127;virheellistä;1
1372;117/2018;2018_117_127;voi;1
1372;117/2018;2018_117_127;voitaisiin;2
1372;117/2018;2018_117_127;vuoksi;1
1372;117/2018;2018_117_127;vähentää;1
1372;117/2018;2018_117_127;välihuuto;1
1372;117/2018;2018_117_127;yhdeksän;1
1372;117/2018;2018_117_127;yhteiskunnan;1
1372;117/2018;2018_117_127;ylläpitämiseksi;1
1372;117/2018;2018_117_127;yrittäjien;2
1372;117/2018;2018_117_127;yrittäjillä;1
1372;117/2018;2018_117_127;yrittäjiä;1
1372;117/2018;2018_117_127;yrittäjyyteen;1
1372;117/2018;2018_117_127;yrittäjä;2
1372;117/2018;2018_117_127;yrittäjäkassan;2
1372;117/2018;2018_117_127;yrittäjäksi;2
1372;117/2018;2018_117_127;yrittäjän;6
1372;117/2018;2018_117_127;yrittäjänä;2
1372;117/2018;2018_117_127;yrittäjää;1
1372;117/2018;2018_117_127;yritykseen;1
1372;117/2018;2018_117_127;yrityksellä;1
1372;117/2018;2018_117_127;yrityksessä;6
1372;117/2018;2018_117_127;yrityksiin;2
1372;117/2018;2018_117_127;yrityskentän;1
1372;117/2018;2018_117_127;yritystoiminnan;1
1372;117/2018;2018_117_127;yritystoiminnasta;1
1372;117/2018;2018_117_127;yritystoiminta;2
1372;117/2018;2018_117_127;yökaudet;1
1372;128/2018;2018_128_36;aikaa;1
1372;128/2018;2018_128_36;aikaan;1
1372;128/2018;2018_128_36;aikaansaannoksiin;1
1372;128/2018;2018_128_36;apteekki;1
1372;128/2018;2018_128_36;apteekkitoiminnan;2
1372;128/2018;2018_128_36;arvioidaan;1
1372;128/2018;2018_128_36;asiakas;1
1372;128/2018;2018_128_36;buranaa;1
1372;128/2018;2018_128_36;demareissa;1
1372;128/2018;2018_128_36;edustaa;1
1372;128/2018;2018_128_36;ei;2
1372;128/2018;2018_128_36;eikä;2
1372;128/2018;2018_128_36;eli;3
1372;128/2018;2018_128_36;erilaisilla;1
1372;128/2018;2018_128_36;erilliset;1
1372;128/2018;2018_128_36;erityisesti;1
1372;128/2018;2018_128_36;esimerkki;1
1372;128/2018;2018_128_36;estänyt;1
1372;128/2018;2018_128_36;eteenpäin;1
1372;128/2018;2018_128_36;ettei;1
1372;128/2018;2018_128_36;että;12
1372;128/2018;2018_128_36;euron;1
1372;128/2018;2018_128_36;firmoille;1
1372;128/2018;2018_128_36;haalimaan;1
1372;128/2018;2018_128_36;haltuunsa;1
1372;128/2018;2018_128_36;haluaa;2
1372;128/2018;2018_128_36;halukas;1
1372;128/2018;2018_128_36;hetkellä;1
1372;128/2018;2018_128_36;hintakilpailun;1
1372;128/2018;2018_128_36;huomioon;1
1372;128/2018;2018_128_36;hyllykilometrien;1
1372;128/2018;2018_128_36;hyvin;1
1372;128/2018;2018_128_36;hyötyisi;1
1372;128/2018;2018_128_36;hänellä;1
1372;128/2018;2018_128_36;hänen;1
1372;128/2018;2018_128_36;ihmistä;1
1372;128/2018;2018_128_36;ikävä;1
1372;128/2018;2018_128_36;isoille;1
1372;128/2018;2018_128_36;itse;1
1372;128/2018;2018_128_36;itsehoitolääkkeet;1
1372;128/2018;2018_128_36;ja;14
1372;128/2018;2018_128_36;jakaa;1
1372;128/2018;2018_128_36;jakamisen;1
1372;128/2018;2018_128_36;jakamisesta;1
1372;128/2018;2018_128_36;jakelua;1
1372;128/2018;2018_128_36;johtaneet;1
1372;128/2018;2018_128_36;joka;2
1372;128/2018;2018_128_36;jossa;1
1372;128/2018;2018_128_36;josta;1
1372;128/2018;2018_128_36;jvc-näyttöpäätteistä;1
1372;128/2018;2018_128_36;kapitalisteille;1
1372;128/2018;2018_128_36;kaupan;1
1372;128/2018;2018_128_36;kauppiasketjuille;1
1372;128/2018;2018_128_36;keskimäärin;1
1372;128/2018;2018_128_36;keskustelu;1
1372;128/2018;2018_128_36;keskustelua;1
1372;128/2018;2018_128_36;kiitoksia;1
1372;128/2018;2018_128_36;kilometrin;1
1372;128/2018;2018_128_36;kohdalla;1
1372;128/2018;2018_128_36;kokoomus;1
1372;128/2018;2018_128_36;kokosi;1
1372;128/2018;2018_128_36;kuin;2
1372;128/2018;2018_128_36;kuinka;3
1372;128/2018;2018_128_36;kuitenkin;1
1372;128/2018;2018_128_36;kun;3
1372;128/2018;2018_128_36;kuolee;1
1372;128/2018;2018_128_36;kylät;1
1372;128/2018;2018_128_36;käsikauppalääkkeet;1
1372;128/2018;2018_128_36;käsikauppalääkkeille;1
1372;128/2018;2018_128_36;lainsäädäntö;1
1372;128/2018;2018_128_36;linjaa;1
1372;128/2018;2018_128_36;lyhyesti;1
1372;128/2018;2018_128_36;lähtökohta;1
1372;128/2018;2018_128_36;lääkkeensä;1
1372;128/2018;2018_128_36;lääkkeiden;1
1372;128/2018;2018_128_36;lääkkeitä;1
1372;128/2018;2018_128_36;maksimointi;2
1372;128/2018;2018_128_36;me;1
1372;128/2018;2018_128_36;meille;1
1372;128/2018;2018_128_36;merkittävin;1
1372;128/2018;2018_128_36;mieltä;1
1372;128/2018;2018_128_36;miljardia;1
1372;128/2018;2018_128_36;miljardin;2
1372;128/2018;2018_128_36;ministerille;1
1372;128/2018;2018_128_36;monikansalliset;1
1372;128/2018;2018_128_36;monikansallisille;1
1372;128/2018;2018_128_36;monikansallisten;1
1372;128/2018;2018_128_36;muistaa;1
1372;128/2018;2018_128_36;mukaan;2
1372;128/2018;2018_128_36;muotoa;1
1372;128/2018;2018_128_36;myyjä;1
1372;128/2018;2018_128_36;myös;2
1372;128/2018;2018_128_36;ne;1
1372;128/2018;2018_128_36;neuvontaa;1
1372;128/2018;2018_128_36;niin;1
1372;128/2018;2018_128_36;no;1
1372;128/2018;2018_128_36;norjassa;2
1372;128/2018;2018_128_36;noutolokeroista;1
1372;128/2018;2018_128_36;noutolokeroita;1
1372;128/2018;2018_128_36;nyt;1
1372;128/2018;2018_128_36;näin;3
1372;128/2018;2018_128_36;näinhän;1
1372;128/2018;2018_128_36;ole;4
1372;128/2018;2018_128_36;olemme;1
1372;128/2018;2018_128_36;olen;1
1372;128/2018;2018_128_36;olla;2
1372;128/2018;2018_128_36;ollut;4
1372;128/2018;2018_128_36;omaan;1
1372;128/2018;2018_128_36;omenoita;1
1372;128/2018;2018_128_36;on;16
1372;128/2018;2018_128_36;osa;1
1372;128/2018;2018_128_36;ostamaan;1
1372;128/2018;2018_128_36;otetaan;1
1372;128/2018;2018_128_36;ovat;3
1372;128/2018;2018_128_36;paikkakunnilla;1
1372;128/2018;2018_128_36;parantaa;1
1372;128/2018;2018_128_36;parasetamolimyrkytyksiin;1
1372;128/2018;2018_128_36;parasta;1
1372;128/2018;2018_128_36;pienillä;1
1372;128/2018;2018_128_36;pitää;1
1372;128/2018;2018_128_36;ponnekkaasti;1
1372;128/2018;2018_128_36;puhemies;1
1372;128/2018;2018_128_36;pyritty;1
1372;128/2018;2018_128_36;pyytää;1
1372;128/2018;2018_128_36;päivittäistavarakauppa;1
1372;128/2018;2018_128_36;päässä;1
1372;128/2018;2018_128_36;rouva;1
1372;128/2018;2018_128_36;ruotsi;1
1372;128/2018;2018_128_36;ruotsissa;1
1372;128/2018;2018_128_36;ryhmän;1
1372;128/2018;2018_128_36;saatavuutta;1
1372;128/2018;2018_128_36;saattaa;1
1372;128/2018;2018_128_36;samaan;1
1372;128/2018;2018_128_36;se;5
1372;128/2018;2018_128_36;selkeytetään;1
1372;128/2018;2018_128_36;selkeästi;1
1372;128/2018;2018_128_36;sellaisia;1
1372;128/2018;2018_128_36;sellaista;2
1372;128/2018;2018_128_36;selvitti;1
1372;128/2018;2018_128_36;siihen;1
1372;128/2018;2018_128_36;siirretään;1
1372;128/2018;2018_128_36;siirryttäisiin;1
1372;128/2018;2018_128_36;siis;2
1372;128/2018;2018_128_36;siitä;1
1372;128/2018;2018_128_36;sillä;3
1372;128/2018;2018_128_36;sinuhe;1
1372;128/2018;2018_128_36;sitten;5
1372;128/2018;2018_128_36;sitä;3
1372;128/2018;2018_128_36;suomalainen;1
1372;128/2018;2018_128_36;suomalaiset;2
1372;128/2018;2018_128_36;suomalaisista;1
1372;128/2018;2018_128_36;suomessa;1
1372;128/2018;2018_128_36;suurin;1
1372;128/2018;2018_128_36;syrjäisimmät;1
1372;128/2018;2018_128_36;tai;1
1372;128/2018;2018_128_36;talot;1
1372;128/2018;2018_128_36;tarjota;1
1372;128/2018;2018_128_36;tavalla;3
1372;128/2018;2018_128_36;tietysti;2
1372;128/2018;2018_128_36;tietää;1
1372;128/2018;2018_128_36;tilanne;1
1372;128/2018;2018_128_36;toiminta;1
1372;128/2018;2018_128_36;toimintaa;1
1372;128/2018;2018_128_36;toimintaan;1
1372;128/2018;2018_128_36;tulee;3
1372;128/2018;2018_128_36;tuloksena;1
1372;128/2018;2018_128_36;tuo;1
1372;128/2018;2018_128_36;tuollaisen;1
1372;128/2018;2018_128_36;tuota;1
1372;128/2018;2018_128_36;tuppurainen;1
1372;128/2018;2018_128_36;turvallisia;1
1372;128/2018;2018_128_36;turvallisuus;1
1372;128/2018;2018_128_36;tutkimusten;2
1372;128/2018;2018_128_36;tutkittu;1
1372;128/2018;2018_128_36;työryhmillä;1
1372;128/2018;2018_128_36;tällaisen;1
1372;128/2018;2018_128_36;tällä;1
1372;128/2018;2018_128_36;tämmöisten;1
1372;128/2018;2018_128_36;tärkeää;1
1372;128/2018;2018_128_36;tässä;1
1372;128/2018;2018_128_36;tätä;2
1372;128/2018;2018_128_36;täysin;1
1372;128/2018;2018_128_36;uudistuksessa;1
1372;128/2018;2018_128_36;vain;1
1372;128/2018;2018_128_36;vapaa;1
1372;128/2018;2018_128_36;vapaan;1
1372;128/2018;2018_128_36;vapauttamisesta;1
1372;128/2018;2018_128_36;varsinaisesti;1
1372;128/2018;2018_128_36;vastaisin;1
1372;128/2018;2018_128_36;vastauspuheenvuoroa;1
1372;128/2018;2018_128_36;vienyt;1
1372;128/2018;2018_128_36;vievät;1
1372;128/2018;2018_128_36;viimeksi;1
1372;128/2018;2018_128_36;viisi;1
1372;128/2018;2018_128_36;villi;1
1372;128/2018;2018_128_36;villin;1
1372;128/2018;2018_128_36;voi;1
1372;128/2018;2018_128_36;voidaan;2
1372;128/2018;2018_128_36;voiton;1
1372;128/2018;2018_128_36;vuorokaudessa;1
1372;128/2018;2018_128_36;vähittäiskaupalle;1
1372;128/2018;2018_128_36;vähittäiskaupassa;1
1372;128/2018;2018_128_36;vähittäiskauppaan;1
1372;128/2018;2018_128_36;vähäistä;1
1372;128/2018;2018_128_36;wallinheimo;1
1372;128/2018;2018_128_36;wallinheimolle;1
1372;128/2018;2018_128_36;yhdysvalloissa;1
1372;128/2018;2018_128_36;yhteisvaikutusten;1
1372;128/2018;2018_128_36;yksi;1
1372;128/2018;2018_128_36;yksinkertaisesti;1
1372;128/2018;2018_128_36;ymmärrän;1
1372;128/2018;2018_128_36;yritykset;1
1372;128/2018;2018_128_36;yrityksille;1
1372;128/2018;2018_128_36;yritysten;1
1372;129/2017;2017_129_31;aggressiivisimmista;1
1372;129/2017;2017_129_31;aiheesta;1
1372;129/2017;2017_129_31;ainoa;1
1372;129/2017;2017_129_31;ajaksi;1
1372;129/2017;2017_129_31;aktiivisesti;1
1372;129/2017;2017_129_31;alan;1
1372;129/2017;2017_129_31;alitti;1
1372;129/2017;2017_129_31;altavastaajina;1
1372;129/2017;2017_129_31;aluksi;1
1372;129/2017;2017_129_31;antaa;1
1372;129/2017;2017_129_31;armoa;1
1372;129/2017;2017_129_31;arvoisa;1
1372;129/2017;2017_129_31;arvoisia;1
1372;129/2017;2017_129_31;asenteen;1
1372;129/2017;2017_129_31;asialinjalla;1
1372;129/2017;2017_129_31;asianajajien;1
1372;129/2017;2017_129_31;asianajotoimistot;1
1372;129/2017;2017_129_31;asiantuntemukseen;1
1372;129/2017;2017_129_31;asiassa;2
1372;129/2017;2017_129_31;edellisessä;1
1372;129/2017;2017_129_31;ei;3
1372;129/2017;2017_129_31;eivät;3
1372;129/2017;2017_129_31;emme;1
1372;129/2017;2017_129_31;enää;2
1372;129/2017;2017_129_31;epäedullisiin;1
1372;129/2017;2017_129_31;erittäin;2
1372;129/2017;2017_129_31;esimerkin;1
1372;129/2017;2017_129_31;esimerkki;1
1372;129/2017;2017_129_31;että;7
1372;129/2017;2017_129_31;etujensa;1
1372;129/2017;2017_129_31;hallituksen;1
1372;129/2017;2017_129_31;hallituksessa;1
1372;129/2017;2017_129_31;hallitus;4
1372;129/2017;2017_129_31;haluan;2
1372;129/2017;2017_129_31;harkitusti;1
1372;129/2017;2017_129_31;he;1
1372;129/2017;2017_129_31;heittivät;1
1372;129/2017;2017_129_31;herra;1
1372;129/2017;2017_129_31;hieman;1
1372;129/2017;2017_129_31;horjunut;1
1372;129/2017;2017_129_31;huollon;1
1372;129/2017;2017_129_31;hyvin;2
1372;129/2017;2017_129_31;hyvä;1
1372;129/2017;2017_129_31;hyvänsä;1
1372;129/2017;2017_129_31;hyvät;1
1372;129/2017;2017_129_31;häikäilemättömien;1
1372;129/2017;2017_129_31;häikäilemättömän;1
1372;129/2017;2017_129_31;ihmisille;1
1372;129/2017;2017_129_31;ikävä;1
1372;129/2017;2017_129_31;ilmapiirin;1
1372;129/2017;2017_129_31;irtisanomisraja;1
1372;129/2017;2017_129_31;itse;1
1372;129/2017;2017_129_31;ja;17
1372;129/2017;2017_129_31;jatkan;1
1372;129/2017;2017_129_31;jo;1
1372;129/2017;2017_129_31;johtavia;1
1372;129/2017;2017_129_31;joita;1
1372;129/2017;2017_129_31;jopa;1
1372;129/2017;2017_129_31;jos;1
1372;129/2017;2017_129_31;jossa;3
1372;129/2017;2017_129_31;jotka;1
1372;129/2017;2017_129_31;joutuneet;1
1372;129/2017;2017_129_31;joutuu;1
1372;129/2017;2017_129_31;joutuvat;1
1372;129/2017;2017_129_31;järjestämisessä;1
1372;129/2017;2017_129_31;järkevä;1
1372;129/2017;2017_129_31;järkevää;1
1372;129/2017;2017_129_31;jättimäistä;1
1372;129/2017;2017_129_31;kansainvälisille;1
1372;129/2017;2017_129_31;kanssa;1
1372;129/2017;2017_129_31;keinolla;1
1372;129/2017;2017_129_31;kertoja;1
1372;129/2017;2017_129_31;keskustelu;1
1372;129/2017;2017_129_31;kilpailumaailmassa;1
1372;129/2017;2017_129_31;kinnulan;1
1372;129/2017;2017_129_31;kohteena;1
1372;129/2017;2017_129_31;kollegat;1
1372;129/2017;2017_129_31;kujeita;1
1372;129/2017;2017_129_31;kunnille;1
1372;129/2017;2017_129_31;kunnissa;1
1372;129/2017;2017_129_31;kunta;1
1372;129/2017;2017_129_31;kuntalaisille;1
1372;129/2017;2017_129_31;kuntayhtymien;1
1372;129/2017;2017_129_31;kuntayhtymiä;1
1372;129/2017;2017_129_31;kuntia;1
1372;129/2017;2017_129_31;kuntien;2
1372;129/2017;2017_129_31;kuukausia;1
1372;129/2017;2017_129_31;kyenneet;1
1372;129/2017;2017_129_31;kyllä;1
1372;129/2017;2017_129_31;käsittelemme;1
1372;129/2017;2017_129_31;käyn;1
1372;129/2017;2017_129_31;käyty;1
1372;129/2017;2017_129_31;käytännön;1
1372;129/2017;2017_129_31;lainmuutosta;1
1372;129/2017;2017_129_31;lainsäädäntöön;1
1372;129/2017;2017_129_31;lakimiehet;1
1372;129/2017;2017_129_31;lakimuutos;1
1372;129/2017;2017_129_31;liikaa;1
1372;129/2017;2017_129_31;luomassa;1
1372;129/2017;2017_129_31;luonnollisesti;2
1372;129/2017;2017_129_31;luonut;1
1372;129/2017;2017_129_31;luottamuksen;1
1372;129/2017;2017_129_31;luottamus;1
1372;129/2017;2017_129_31;luotti;1
1372;129/2017;2017_129_31;lähestyneet;1
1372;129/2017;2017_129_31;läpi;1
1372;129/2017;2017_129_31;maakuntien;1
1372;129/2017;2017_129_31;massiivisia;1
1372;129/2017;2017_129_31;mehiläinen;2
1372;129/2017;2017_129_31;mennyt;1
1372;129/2017;2017_129_31;meri-lappiin;1
1372;129/2017;2017_129_31;mielenkiinnon;1
1372;129/2017;2017_129_31;mielessä;1
1372;129/2017;2017_129_31;mieluisia;1
1372;129/2017;2017_129_31;miettimään;1
1372;129/2017;2017_129_31;miljoonan;1
1372;129/2017;2017_129_31;millä;1
1372;129/2017;2017_129_31;monikansalliset;2
1372;129/2017;2017_129_31;monikansallisten;1
1372;129/2017;2017_129_31;moraaliin;1
1372;129/2017;2017_129_31;moraalin;1
1372;129/2017;2017_129_31;moraalittoman;1
1372;129/2017;2017_129_31;muutosprosessi;1
1372;129/2017;2017_129_31;muutosprosessissa;1
1372;129/2017;2017_129_31;myöntymään;1
1372;129/2017;2017_129_31;myös;2
1372;129/2017;2017_129_31;määritti;1
1372;129/2017;2017_129_31;niille;1
1372;129/2017;2017_129_31;nyt;7
1372;129/2017;2017_129_31;näiden;1
1372;129/2017;2017_129_31;näin;1
1372;129/2017;2017_129_31;näkisi;1
1372;129/2017;2017_129_31;näkökulmaa;1
1372;129/2017;2017_129_31;nämä;1
1372;129/2017;2017_129_31;ohjeita;1
1372;129/2017;2017_129_31;oikea;1
1372;129/2017;2017_129_31;ole;4
1372;129/2017;2017_129_31;ollaan;1
1372;129/2017;2017_129_31;olleet;1
1372;129/2017;2017_129_31;ollut;2
1372;129/2017;2017_129_31;omien;1
1372;129/2017;2017_129_31;omistetut;1
1372;129/2017;2017_129_31;on;14
1372;129/2017;2017_129_31;onneksi;2
1372;129/2017;2017_129_31;oppositio;2
1372;129/2017;2017_129_31;ostamalla;1
1372;129/2017;2017_129_31;ottaa;1
1372;129/2017;2017_129_31;ottaneet;1
1372;129/2017;2017_129_31;oulun;1
1372;129/2017;2017_129_31;ovat;6
1372;129/2017;2017_129_31;palveluita;1
1372;129/2017;2017_129_31;peli;1
1372;129/2017;2017_129_31;peliin;1
1372;129/2017;2017_129_31;pelurit;1
1372;129/2017;2017_129_31;perehtyneet;2
1372;129/2017;2017_129_31;piiriin;1
1372;129/2017;2017_129_31;poliitikkoja;1
1372;129/2017;2017_129_31;potilas;1
1372;129/2017;2017_129_31;prosentin;2
1372;129/2017;2017_129_31;prosenttia;1
1372;129/2017;2017_129_31;prosenttiin;1
1372;129/2017;2017_129_31;pudotetaan;1
1372;129/2017;2017_129_31;puhemies;1
1372;129/2017;2017_129_31;pyrkivät;1
1372;129/2017;2017_129_31;päästään;1
1372;129/2017;2017_129_31;päättäjät;1
1372;129/2017;2017_129_31;päätöksen;1
1372;129/2017;2017_129_31;rahastamaan;1
1372;129/2017;2017_129_31;raja;2
1372;129/2017;2017_129_31;rajaksi;1
1372;129/2017;2017_129_31;rajan;1
1372;129/2017;2017_129_31;rajoittaa;1
1372;129/2017;2017_129_31;rajoittamaan;1
1372;129/2017;2017_129_31;rakennusinvestointeja;1
1372;129/2017;2017_129_31;riittää;1
1372;129/2017;2017_129_31;sairaalakiinteistöjä;1
1372;129/2017;2017_129_31;sairaalassa;1
1372;129/2017;2017_129_31;sanoi;1
1372;129/2017;2017_129_31;sanoo;1
1372;129/2017;2017_129_31;sanottava;1
1372;129/2017;2017_129_31;se;2
1372;129/2017;2017_129_31;sekoiluksi;1
1372;129/2017;2017_129_31;sekoilun;1
1372;129/2017;2017_129_31;sen;2
1372;129/2017;2017_129_31;siellä;1
1372;129/2017;2017_129_31;siikalatvaan;1
1372;129/2017;2017_129_31;siinä;1
1372;129/2017;2017_129_31;siirtyviä;1
1372;129/2017;2017_129_31;siis;1
1372;129/2017;2017_129_31;sijaan;1
1372;129/2017;2017_129_31;sitä;1
1372;129/2017;2017_129_31;sopimukseen;1
1372;129/2017;2017_129_31;sopimusjärjestelmiä;1
1372;129/2017;2017_129_31;sopimusoikeuteen;1
1372;129/2017;2017_129_31;sopimusratkaisuihin;1
1372;129/2017;2017_129_31;sosiaali;4
1372;129/2017;2017_129_31;suomalainen;1
1372;129/2017;2017_129_31;suomalaiset;1
1372;129/2017;2017_129_31;suomalaista;1
1372;129/2017;2017_129_31;suomessa;1
1372;129/2017;2017_129_31;suurten;1
1372;129/2017;2017_129_31;syntyi;1
1372;129/2017;2017_129_31;syyt;1
1372;129/2017;2017_129_31;takia;1
1372;129/2017;2017_129_31;tarvitse;1
1372;129/2017;2017_129_31;taustalla;1
1372;129/2017;2017_129_31;tavoittelevista;1
1372;129/2017;2017_129_31;tehneet;1
1372;129/2017;2017_129_31;terveydenhuolto;1
1372;129/2017;2017_129_31;terveydenhuoltoalan;3
1372;129/2017;2017_129_31;terveysalan;1
1372;129/2017;2017_129_31;terveysjäteistä;1
1372;129/2017;2017_129_31;terveysjätit;1
1372;129/2017;2017_129_31;terveysjätti;1
1372;129/2017;2017_129_31;terveysjättien;3
1372;129/2017;2017_129_31;terveyspalvelut;1
1372;129/2017;2017_129_31;terveystalolta;1
1372;129/2017;2017_129_31;terveysyhtiöille;1
1372;129/2017;2017_129_31;tilanteessa;2
1372;129/2017;2017_129_31;tiukemmin;1
1372;129/2017;2017_129_31;todellisuudessa;1
1372;129/2017;2017_129_31;toimenpide;1
1372;129/2017;2017_129_31;toimien;1
1372;129/2017;2017_129_31;toimijat;1
1372;129/2017;2017_129_31;toimintavapauden;1
1372;129/2017;2017_129_31;toivoisin;1
1372;129/2017;2017_129_31;tosin;1
1372;129/2017;2017_129_31;tukenut;1
1372;129/2017;2017_129_31;tuo;3
1372;129/2017;2017_129_31;tuohon;1
1372;129/2017;2017_129_31;turvaa;1
1372;129/2017;2017_129_31;turvaamiseksi;1
1372;129/2017;2017_129_31;työväenliike;1
1372;129/2017;2017_129_31;tähän;2
1372;129/2017;2017_129_31;tällainen;1
1372;129/2017;2017_129_31;tämmöisen;1
1372;129/2017;2017_129_31;tämä;5
1372;129/2017;2017_129_31;tämän;2
1372;129/2017;2017_129_31;tässä;5
1372;129/2017;2017_129_31;täällä;2
1372;129/2017;2017_129_31;ulkomailta;1
1372;129/2017;2017_129_31;useita;1
1372;129/2017;2017_129_31;uuden;1
1372;129/2017;2017_129_31;uudistusta;1
1372;129/2017;2017_129_31;uusia;1
1372;129/2017;2017_129_31;vaan;2
1372;129/2017;2017_129_31;vain;2
1372;129/2017;2017_129_31;valmistellut;1
1372;129/2017;2017_129_31;vastaamaan;1
1372;129/2017;2017_129_31;vetele;1
1372;129/2017;2017_129_31;viitattu;1
1372;129/2017;2017_129_31;voimakkaassa;1
1372;129/2017;2017_129_31;voitontavoittelun;1
1372;129/2017;2017_129_31;voittoa;1
1372;129/2017;2017_129_31;vuoden;1
1372;129/2017;2017_129_31;vuoksi;2
1372;129/2017;2017_129_31;väliin;1
1372;129/2017;2017_129_31;välillisesti;1
1372;129/2017;2017_129_31;yhteiskuntaa;1
1372;129/2017;2017_129_31;yksi;1
1372;129/2017;2017_129_31;yksityiset;1
1372;129/2017;2017_129_31;yksityisten;1
1372;129/2017;2017_129_31;yksityistämisen;2
1372;129/2017;2017_129_31;ymmärrän;1
1372;129/2017;2017_129_31;ymmärtänyt;1
1372;129/2017;2017_129_31;yritykset;3
1372;129/2017;2017_129_31;yritysten;1
1372;130/2018;2018_130_98;aikana;1
1372;130/2018;2018_130_98;aina;1
1372;130/2018;2018_130_98;ajankohtaiseen;1
1372;130/2018;2018_130_98;alan;1
1372;130/2018;2018_130_98;alustoilla;1
1372;130/2018;2018_130_98;arkipäivää;1
1372;130/2018;2018_130_98;arvoisa;3
1372;130/2018;2018_130_98;digitaalisia;1
1372;130/2018;2018_130_98;digitalisoituva;1
1372;130/2018;2018_130_98;edelleen;1
1372;130/2018;2018_130_98;edistettävä;1
1372;130/2018;2018_130_98;ei;2
1372;130/2018;2018_130_98;eivät;1
1372;130/2018;2018_130_98;elämämme;1
1372;130/2018;2018_130_98;enemmän;2
1372;130/2018;2018_130_98;erilaista;1
1372;130/2018;2018_130_98;esimerkiksi;1
1372;130/2018;2018_130_98;esitettyä;1
1372;130/2018;2018_130_98;että;5
1372;130/2018;2018_130_98;hallinnoimiseen;1
1372;130/2018;2018_130_98;hallintaan;1
1372;130/2018;2018_130_98;hallitsevat;1
1372;130/2018;2018_130_98;harppauksin;1
1372;130/2018;2018_130_98;heistä;1
1372;130/2018;2018_130_98;herra;1
1372;130/2018;2018_130_98;herättää;1
1372;130/2018;2018_130_98;houkutteleva;1
1372;130/2018;2018_130_98;huolehdittava;1
1372;130/2018;2018_130_98;huolissaan;1
1372;130/2018;2018_130_98;hyvinvointia;1
1372;130/2018;2018_130_98;hyviä;2
1372;130/2018;2018_130_98;hyödyntämiseen;1
1372;130/2018;2018_130_98;hyödyntämään;2
1372;130/2018;2018_130_98;hyötyjä;1
1372;130/2018;2018_130_98;ihmiset;1
1372;130/2018;2018_130_98;ja;14
1372;130/2018;2018_130_98;jatkossa;1
1372;130/2018;2018_130_98;jokainen;1
1372;130/2018;2018_130_98;jokaisen;1
1372;130/2018;2018_130_98;jossa;1
1372;130/2018;2018_130_98;jotka;3
1372;130/2018;2018_130_98;jotta;1
1372;130/2018;2018_130_98;kaikki;1
1372;130/2018;2018_130_98;kannatamme;1
1372;130/2018;2018_130_98;kannattavaa;1
1372;130/2018;2018_130_98;kansainvälisessä;1
1372;130/2018;2018_130_98;kansainvälisiä;1
1372;130/2018;2018_130_98;kansalaisten;2
1372;130/2018;2018_130_98;kasvaa;1
1372;130/2018;2018_130_98;kasvamaan;1
1372;130/2018;2018_130_98;kehittynyt;1
1372;130/2018;2018_130_98;kehityksen;1
1372;130/2018;2018_130_98;kelkassa;1
1372;130/2018;2018_130_98;kertyy;1
1372;130/2018;2018_130_98;kerättyjä;1
1372;130/2018;2018_130_98;kerätä;1
1372;130/2018;2018_130_98;keräämiseen;1
1372;130/2018;2018_130_98;kestävän;1
1372;130/2018;2018_130_98;kilpailemaan;1
1372;130/2018;2018_130_98;kilpailla;1
1372;130/2018;2018_130_98;kilpailussa;1
1372;130/2018;2018_130_98;koputtaa;1
1372;130/2018;2018_130_98;korkeatasoisen;1
1372;130/2018;2018_130_98;korostuu;1
1372;130/2018;2018_130_98;kotimaisen;1
1372;130/2018;2018_130_98;kotimaisia;1
1372;130/2018;2018_130_98;koulutuksen;1
1372;130/2018;2018_130_98;kouralliselle;1
1372;130/2018;2018_130_98;kovassa;1
1372;130/2018;2018_130_98;kuinka;2
1372;130/2018;2018_130_98;kuulleet;1
1372;130/2018;2018_130_98;kysymyksiä;1
1372;130/2018;2018_130_98;käsillä;1
1372;130/2018;2018_130_98;käytetään;1
1372;130/2018;2018_130_98;käyttämään;1
1372;130/2018;2018_130_98;käyttöön;3
1372;130/2018;2018_130_98;käytön;1
1372;130/2018;2018_130_98;laajamittaiseen;2
1372;130/2018;2018_130_98;liiketoiminnalle;1
1372;130/2018;2018_130_98;liiketoiminta;1
1372;130/2018;2018_130_98;liittyvään;1
1372;130/2018;2018_130_98;liittyy;1
1372;130/2018;2018_130_98;linjausta;1
1372;130/2018;2018_130_98;lisäksi;1
1372;130/2018;2018_130_98;maailman;1
1372;130/2018;2018_130_98;maamme;2
1372;130/2018;2018_130_98;mahdollisuudet;1
1372;130/2018;2018_130_98;markkina-asemaa;1
1372;130/2018;2018_130_98;markkinoita;1
1372;130/2018;2018_130_98;matkapuhelimen;1
1372;130/2018;2018_130_98;me;4
1372;130/2018;2018_130_98;meillä;1
1372;130/2018;2018_130_98;meistä;2
1372;130/2018;2018_130_98;menestymiselle;1
1372;130/2018;2018_130_98;merkittävä;1
1372;130/2018;2018_130_98;merkitys;2
1372;130/2018;2018_130_98;mihin;1
1372;130/2018;2018_130_98;muassa;1
1372;130/2018;2018_130_98;mukana;1
1372;130/2018;2018_130_98;mullistavan;1
1372;130/2018;2018_130_98;mutta;2
1372;130/2018;2018_130_98;muun;1
1372;130/2018;2018_130_98;muuttuva;1
1372;130/2018;2018_130_98;myös;3
1372;130/2018;2018_130_98;myötä;1
1372;130/2018;2018_130_98;määrä;1
1372;130/2018;2018_130_98;määräävää;1
1372;130/2018;2018_130_98;niiden;2
1372;130/2018;2018_130_98;nimenomaan;1
1372;130/2018;2018_130_98;näiden;2
1372;130/2018;2018_130_98;näitä;1
1372;130/2018;2018_130_98;nämä;1
1372;130/2018;2018_130_98;oikeuksia;1
1372;130/2018;2018_130_98;ole;1
1372;130/2018;2018_130_98;olemme;1
1372;130/2018;2018_130_98;oleva;1
1372;130/2018;2018_130_98;omien;1
1372;130/2018;2018_130_98;on;8
1372;130/2018;2018_130_98;onkin;1
1372;130/2018;2018_130_98;oppii;1
1372;130/2018;2018_130_98;osaajien;1
1372;130/2018;2018_130_98;osaamisen;1
1372;130/2018;2018_130_98;ovat;2
1372;130/2018;2018_130_98;palveluista;1
1372;130/2018;2018_130_98;palveluita;3
1372;130/2018;2018_130_98;panostetaan;1
1372;130/2018;2018_130_98;paremmaksi;1
1372;130/2018;2018_130_98;perusta;1
1372;130/2018;2018_130_98;perustuu;1
1372;130/2018;2018_130_98;pidämme;3
1372;130/2018;2018_130_98;pienen;1
1372;130/2018;2018_130_98;pienillä;1
1372;130/2018;2018_130_98;pistää;1
1372;130/2018;2018_130_98;pohjalle;1
1372;130/2018;2018_130_98;pohjoismaista;1
1372;130/2018;2018_130_98;povataan;1
1372;130/2018;2018_130_98;puheita;1
1372;130/2018;2018_130_98;puhemies;4
1372;130/2018;2018_130_98;pureutuu;1
1372;130/2018;2018_130_98;pysty;1
1372;130/2018;2018_130_98;pysyä;1
1372;130/2018;2018_130_98;pärjäämistä;1
1372;130/2018;2018_130_98;päätyvät;1
1372;130/2018;2018_130_98;rakennetuista;1
1372;130/2018;2018_130_98;riippuvainen;1
1372;130/2018;2018_130_98;riskejä;1
1372;130/2018;2018_130_98;rooli;1
1372;130/2018;2018_130_98;saada;1
1372;130/2018;2018_130_98;sekä;1
1372;130/2018;2018_130_98;selonteko;1
1372;130/2018;2018_130_98;selonteossa;1
1372;130/2018;2018_130_98;sen;1
1372;130/2018;2018_130_98;setelitukuilla;1
1372;130/2018;2018_130_98;siihen;1
1372;130/2018;2018_130_98;siinä;1
1372;130/2018;2018_130_98;siis;1
1372;130/2018;2018_130_98;siitä;4
1372;130/2018;2018_130_98;silmissä;1
1372;130/2018;2018_130_98;siniset;3
1372;130/2018;2018_130_98;suljetuilla;1
1372;130/2018;2018_130_98;suomalaiseen;1
1372;130/2018;2018_130_98;suomalaisten;1
1372;130/2018;2018_130_98;suomeen;1
1372;130/2018;2018_130_98;suomessa;1
1372;130/2018;2018_130_98;suuryhtiöille;1
1372;130/2018;2018_130_98;syystä;1
1372;130/2018;2018_130_98;tai;2
1372;130/2018;2018_130_98;tarjota;1
1372;130/2018;2018_130_98;teemaan;1
1372;130/2018;2018_130_98;teknologia;1
1372;130/2018;2018_130_98;teknologiaosaamiseen;1
1372;130/2018;2018_130_98;tekoälyn;1
1372;130/2018;2018_130_98;tiedon;1
1372;130/2018;2018_130_98;tiedonhallinnan;1
1372;130/2018;2018_130_98;tiedosta;1
1372;130/2018;2018_130_98;tiedot;1
1372;130/2018;2018_130_98;tieto;2
1372;130/2018;2018_130_98;tietoa;2
1372;130/2018;2018_130_98;tietoja;1
1372;130/2018;2018_130_98;tietojen;2
1372;130/2018;2018_130_98;tietovuodot;1
1372;130/2018;2018_130_98;tietysti;1
1372;130/2018;2018_130_98;toiminta;1
1372;130/2018;2018_130_98;toisesta;1
1372;130/2018;2018_130_98;tuleekin;1
1372;130/2018;2018_130_98;tulla;1
1372;130/2018;2018_130_98;turvaamisessa;1
1372;130/2018;2018_130_98;turvallisuutta;1
1372;130/2018;2018_130_98;turvataan;1
1372;130/2018;2018_130_98;tutkimukseen;1
1372;130/2018;2018_130_98;työpaikkojen;1
1372;130/2018;2018_130_98;tähän;1
1372;130/2018;2018_130_98;tärkeänä;2
1372;130/2018;2018_130_98;täytyisi;1
1372;130/2018;2018_130_98;täytyy;1
1372;130/2018;2018_130_98;usein;1
1372;130/2018;2018_130_98;uusia;1
1372;130/2018;2018_130_98;vahvistetaan;1
1372;130/2018;2018_130_98;vaikea;1
1372;130/2018;2018_130_98;vakautta;1
1372;130/2018;2018_130_98;valta;1
1372;130/2018;2018_130_98;valtaa;1
1372;130/2018;2018_130_98;valtava;1
1372;130/2018;2018_130_98;valtion;1
1372;130/2018;2018_130_98;valuisi;1
1372;130/2018;2018_130_98;varmistamme;1
1372;130/2018;2018_130_98;vastaan;1
1372;130/2018;2018_130_98;veroasteilla;1
1372;130/2018;2018_130_98;viennin;1
1372;130/2018;2018_130_98;viime;1
1372;130/2018;2018_130_98;voimme;1
1372;130/2018;2018_130_98;vuosikymmenten;1
1372;130/2018;2018_130_98;välittyy;1
1372;130/2018;2018_130_98;yhteiseen;1
1372;130/2018;2018_130_98;yhteiskunnassa;1
1372;130/2018;2018_130_98;yhteiskunta;1
1372;130/2018;2018_130_98;yhteiskuntamme;2
1372;130/2018;2018_130_98;yhä;2
1372;130/2018;2018_130_98;ympäri;1
1372;130/2018;2018_130_98;yrityksen;1
1372;130/2018;2018_130_98;yrityksiä;1
1372;130/2018;2018_130_98;yritysten;3
1372;130/2018;2018_130_98;yritän;1
1372;137/2017;2017_137_7;ahdinkoa;1
1372;137/2017;2017_137_7;ahdistavalla;1
1372;137/2017;2017_137_7;aikaisempien;2
1372;137/2017;2017_137_7;ainakin;1
1372;137/2017;2017_137_7;ajan;1
1372;137/2017;2017_137_7;ajattelun;1
1372;137/2017;2017_137_7;ajautunut;1
1372;137/2017;2017_137_7;alkaneet;1
1372;137/2017;2017_137_7;alkanut;1
1372;137/2017;2017_137_7;alkuun;1
1372;137/2017;2017_137_7;alussa;2
1372;137/2017;2017_137_7;alusta;1
1372;137/2017;2017_137_7;ankarampaa;1
1372;137/2017;2017_137_7;ankkurit;1
1372;137/2017;2017_137_7;ansaitsevat;1
1372;137/2017;2017_137_7;ansiotuloverotusta;1
1372;137/2017;2017_137_7;antama;1
1372;137/2017;2017_137_7;arvoisa;4
1372;137/2017;2017_137_7;asemassa;1
1372;137/2017;2017_137_7;asiassa;1
1372;137/2017;2017_137_7;asioita;1
1372;137/2017;2017_137_7;auttanut;1
1372;137/2017;2017_137_7;avoimien;1
1372;137/2017;2017_137_7;avulla;1
1372;137/2017;2017_137_7;budjetin;1
1372;137/2017;2017_137_7;budjetti;3
1372;137/2017;2017_137_7;budjettilinjauksessa;1
1372;137/2017;2017_137_7;demarit;1
1372;137/2017;2017_137_7;demokraattisesti;1
1372;137/2017;2017_137_7;edelleen;1
1372;137/2017;2017_137_7;edun;1
1372;137/2017;2017_137_7;edustaja;1
1372;137/2017;2017_137_7;eivät;1
1372;137/2017;2017_137_7;eivätkä;2
1372;137/2017;2017_137_7;elinvoimainen;1
1372;137/2017;2017_137_7;elinvoimaisen;1
1372;137/2017;2017_137_7;elo;1
1372;137/2017;2017_137_7;elvyttää;1
1372;137/2017;2017_137_7;elämänasenne;1
1372;137/2017;2017_137_7;enemmistöllä;1
1372;137/2017;2017_137_7;enemmän;1
1372;137/2017;2017_137_7;enenevässä;1
1372;137/2017;2017_137_7;ensi;1
1372;137/2017;2017_137_7;ensin;1
1372;137/2017;2017_137_7;epäkiitollisiin;1
1372;137/2017;2017_137_7;epävarmuuden;1
1372;137/2017;2017_137_7;erilaisten;1
1372;137/2017;2017_137_7;erittäin;1
1372;137/2017;2017_137_7;erityisesti;1
1372;137/2017;2017_137_7;ero;1
1372;137/2017;2017_137_7;eteen;1
1372;137/2017;2017_137_7;että;8
1372;137/2017;2017_137_7;etua;1
1372;137/2017;2017_137_7;etujärjestöjen;1
1372;137/2017;2017_137_7;euroa;2
1372;137/2017;2017_137_7;euroalueen;1
1372;137/2017;2017_137_7;eurolla;1
1372;137/2017;2017_137_7;euron;1
1372;137/2017;2017_137_7;euroopan;1
1372;137/2017;2017_137_7;euroopassa;1
1372;137/2017;2017_137_7;hajanaista;1
1372;137/2017;2017_137_7;hajoamiseen;1
1372;137/2017;2017_137_7;hallituksen;5
1372;137/2017;2017_137_7;hallituksessa;1
1372;137/2017;2017_137_7;hallituksien;1
1372;137/2017;2017_137_7;hallitus;2
1372;137/2017;2017_137_7;hallituskaudella;1
1372;137/2017;2017_137_7;hallituskauden;2
1372;137/2017;2017_137_7;hallitusta;1
1372;137/2017;2017_137_7;heidän;2
1372;137/2017;2017_137_7;heikentäisivät;1
1372;137/2017;2017_137_7;henkilö;1
1372;137/2017;2017_137_7;henkiset;1
1372;137/2017;2017_137_7;hidastuu;1
1372;137/2017;2017_137_7;hoitamaan;1
1372;137/2017;2017_137_7;holhoukseen;1
1372;137/2017;2017_137_7;horjuttavien;1
1372;137/2017;2017_137_7;huomioimattomat;1
1372;137/2017;2017_137_7;huomioimme;1
1372;137/2017;2017_137_7;hyvinvoinnin;2
1372;137/2017;2017_137_7;hyvinvointiyhteiskunnan;1
1372;137/2017;2017_137_7;hyvinvointiyhteiskuntaa;1
1372;137/2017;2017_137_7;hyväksymme;1
1372;137/2017;2017_137_7;hyytävät;1
1372;137/2017;2017_137_7;hännille;1
1372;137/2017;2017_137_7;ihminen;1
1372;137/2017;2017_137_7;ihmisen;1
1372;137/2017;2017_137_7;ihmisoikeuteen;1
1372;137/2017;2017_137_7;ilman;2
1372;137/2017;2017_137_7;inhimillisempi;1
1372;137/2017;2017_137_7;inhimillisyyttä;1
1372;137/2017;2017_137_7;ja;26
1372;137/2017;2017_137_7;jatkettava;1
1372;137/2017;2017_137_7;jatkossakin;1
1372;137/2017;2017_137_7;jatkuu;1
1372;137/2017;2017_137_7;jo;1
1372;137/2017;2017_137_7;johtaa;1
1372;137/2017;2017_137_7;johtavien;1
1372;137/2017;2017_137_7;joilla;1
1372;137/2017;2017_137_7;joka;2
1372;137/2017;2017_137_7;jonka;1
1372;137/2017;2017_137_7;jopa;1
1372;137/2017;2017_137_7;jossa;1
1372;137/2017;2017_137_7;jotka;3
1372;137/2017;2017_137_7;jotta;2
1372;137/2017;2017_137_7;juuri;1
1372;137/2017;2017_137_7;jyrkkä;1
1372;137/2017;2017_137_7;jälkeen;1
1372;137/2017;2017_137_7;jäseniltä;1
1372;137/2017;2017_137_7;kaatumiseen;1
1372;137/2017;2017_137_7;kaikki;1
1372;137/2017;2017_137_7;kaikkien;2
1372;137/2017;2017_137_7;kannatusta;1
1372;137/2017;2017_137_7;kannusteita;1
1372;137/2017;2017_137_7;kansainväliseen;1
1372;137/2017;2017_137_7;kansakunnalle;1
1372;137/2017;2017_137_7;kansakunnan;1
1372;137/2017;2017_137_7;kansakunnasta;1
1372;137/2017;2017_137_7;kansalainen;1
1372;137/2017;2017_137_7;kansalaisten;1
1372;137/2017;2017_137_7;kansalaisvelvollisuudeksi;1
1372;137/2017;2017_137_7;kansan;1
1372;137/2017;2017_137_7;kasvaa;1
1372;137/2017;2017_137_7;kasvu;1
1372;137/2017;2017_137_7;kasvua;1
1372;137/2017;2017_137_7;katkaistaisiin;1
1372;137/2017;2017_137_7;katsovat;1
1372;137/2017;2017_137_7;kehitysavun;1
1372;137/2017;2017_137_7;keinot;1
1372;137/2017;2017_137_7;keskeinen;1
1372;137/2017;2017_137_7;keskeisessä;1
1372;137/2017;2017_137_7;keskiluokan;1
1372;137/2017;2017_137_7;keskituloisen;1
1372;137/2017;2017_137_7;keskituloisiin;1
1372;137/2017;2017_137_7;kesäkuussa;1
1372;137/2017;2017_137_7;keventäneet;1
1372;137/2017;2017_137_7;kielteisten;1
1372;137/2017;2017_137_7;kiitokset;1
1372;137/2017;2017_137_7;kiitos;2
1372;137/2017;2017_137_7;kilpailukyky;1
1372;137/2017;2017_137_7;kilpailukykyä;1
1372;137/2017;2017_137_7;kiristäisivät;1
1372;137/2017;2017_137_7;kokee;2
1372;137/2017;2017_137_7;koki;1
1372;137/2017;2017_137_7;korjattava;1
1372;137/2017;2017_137_7;koska;1
1372;137/2017;2017_137_7;kosolan;1
1372;137/2017;2017_137_7;kotimaassa;1
1372;137/2017;2017_137_7;kotimökeissä;1
1372;137/2017;2017_137_7;kotoiseen;1
1372;137/2017;2017_137_7;kovaa;1
1372;137/2017;2017_137_7;kreikan;1
1372;137/2017;2017_137_7;kriittinen;1
1372;137/2017;2017_137_7;kuin;1
1372;137/2017;2017_137_7;kuinka;1
1372;137/2017;2017_137_7;kuitenkin;2
1372;137/2017;2017_137_7;kun;3
1372;137/2017;2017_137_7;kustannustehokkaampi;1
1372;137/2017;2017_137_7;kuten;2
1372;137/2017;2017_137_7;kuusen;1
1372;137/2017;2017_137_7;kuvitellaan;1
1372;137/2017;2017_137_7;kärkeen;1
1372;137/2017;2017_137_7;käännetty;1
1372;137/2017;2017_137_7;lapsia;1
1372;137/2017;2017_137_7;leikkaus;1
1372;137/2017;2017_137_7;linja;1
1372;137/2017;2017_137_7;linjaan;1
1372;137/2017;2017_137_7;linjan;1
1372;137/2017;2017_137_7;lisäisivät;1
1372;137/2017;2017_137_7;lisäämiseksi;1
1372;137/2017;2017_137_7;lisääntynyt;1
1372;137/2017;2017_137_7;lokakuussa;1
1372;137/2017;2017_137_7;luokkaa;1
1372;137/2017;2017_137_7;luottamusta;1
1372;137/2017;2017_137_7;lähes;1
1372;137/2017;2017_137_7;läpivalaisi;1
1372;137/2017;2017_137_7;maan;2
1372;137/2017;2017_137_7;maansa;1
1372;137/2017;2017_137_7;mahdollistaa;1
1372;137/2017;2017_137_7;mahdollistanut;1
1372;137/2017;2017_137_7;mainitsin;1
1372;137/2017;2017_137_7;maksaen;1
1372;137/2017;2017_137_7;maksamiensa;1
1372;137/2017;2017_137_7;maksamisen;1
1372;137/2017;2017_137_7;mallin;1
1372;137/2017;2017_137_7;matkalle;1
1372;137/2017;2017_137_7;me;4
1372;137/2017;2017_137_7;meidän;1
1372;137/2017;2017_137_7;merkittäviä;1
1372;137/2017;2017_137_7;miehen;1
1372;137/2017;2017_137_7;miljardia;1
1372;137/2017;2017_137_7;miljardin;1
1372;137/2017;2017_137_7;miljoonaa;1
1372;137/2017;2017_137_7;miljoonalla;1
1372;137/2017;2017_137_7;mitään;1
1372;137/2017;2017_137_7;monet;1
1372;137/2017;2017_137_7;mukaan;4
1372;137/2017;2017_137_7;musertavalla;1
1372;137/2017;2017_137_7;mutta;2
1372;137/2017;2017_137_7;muutos;1
1372;137/2017;2017_137_7;myös;4
1372;137/2017;2017_137_7;määrin;1
1372;137/2017;2017_137_7;määrä;2
1372;137/2017;2017_137_7;määrästä;1
1372;137/2017;2017_137_7;naisen;1
1372;137/2017;2017_137_7;naisia;1
1372;137/2017;2017_137_7;ne;1
1372;137/2017;2017_137_7;neuvottelujen;1
1372;137/2017;2017_137_7;niille;1
1372;137/2017;2017_137_7;niin;1
1372;137/2017;2017_137_7;nimenomaan;1
1372;137/2017;2017_137_7;nousseet;1
1372;137/2017;2017_137_7;noussut;1
1372;137/2017;2017_137_7;nousuun;1
1372;137/2017;2017_137_7;nykyinen;1
1372;137/2017;2017_137_7;nykyistä;1
1372;137/2017;2017_137_7;nyt;3
1372;137/2017;2017_137_7;näillä;1
1372;137/2017;2017_137_7;näkevät;1
1372;137/2017;2017_137_7;oikaisemiseksi;1
1372;137/2017;2017_137_7;oikea;1
1372;137/2017;2017_137_7;ole;1
1372;137/2017;2017_137_7;olemme;1
1372;137/2017;2017_137_7;olemmekin;1
1372;137/2017;2017_137_7;oli;7
1372;137/2017;2017_137_7;olimme;1
1372;137/2017;2017_137_7;olisi;2
1372;137/2017;2017_137_7;olivat;1
1372;137/2017;2017_137_7;olla;1
1372;137/2017;2017_137_7;olleet;1
1372;137/2017;2017_137_7;ollut;2
1372;137/2017;2017_137_7;on;19
1372;137/2017;2017_137_7;ongelmia;1
1372;137/2017;2017_137_7;onneksi;2
1372;137/2017;2017_137_7;opposition;1
1372;137/2017;2017_137_7;oppositionkin;1
1372;137/2017;2017_137_7;oppositiopuolueiden;3
1372;137/2017;2017_137_7;osassa;1
1372;137/2017;2017_137_7;osin;1
1372;137/2017;2017_137_7;otetaan;1
1372;137/2017;2017_137_7;ovat;2
1372;137/2017;2017_137_7;painottaen;1
1372;137/2017;2017_137_7;palautettava;1
1372;137/2017;2017_137_7;paljon;2
1372;137/2017;2017_137_7;parasta;1
1372;137/2017;2017_137_7;pari;1
1372;137/2017;2017_137_7;pe;1
1372;137/2017;2017_137_7;pelastamiseksi;1
1372;137/2017;2017_137_7;perussuomalainen;1
1372;137/2017;2017_137_7;perussuomalaisten;3
1372;137/2017;2017_137_7;perustavanlaatuisen;1
1372;137/2017;2017_137_7;perustuslakiin;1
1372;137/2017;2017_137_7;peruuttamaton;1
1372;137/2017;2017_137_7;pienen;2
1372;137/2017;2017_137_7;pieni;1
1372;137/2017;2017_137_7;pitäen;1
1372;137/2017;2017_137_7;pohjalle;1
1372;137/2017;2017_137_7;prosentin;1
1372;137/2017;2017_137_7;prosenttia;3
1372;137/2017;2017_137_7;prosenttiin;1
1372;137/2017;2017_137_7;puhemies;4
1372;137/2017;2017_137_7;puhun;1
1372;137/2017;2017_137_7;puolesta;1
1372;137/2017;2017_137_7;puolue;1
1372;137/2017;2017_137_7;pysäyttämiseksi;1
1372;137/2017;2017_137_7;päälle;1
1372;137/2017;2017_137_7;pääosin;1
1372;137/2017;2017_137_7;pääsisi;1
1372;137/2017;2017_137_7;päättäjät;1
1372;137/2017;2017_137_7;päätösten;2
1372;137/2017;2017_137_7;raha;1
1372;137/2017;2017_137_7;rajaa;1
1372;137/2017;2017_137_7;rakennetut;1
1372;137/2017;2017_137_7;rakentama;1
1372;137/2017;2017_137_7;rakentamiseen;1
1372;137/2017;2017_137_7;rakentamisessa;1
1372;137/2017;2017_137_7;rakenteellisia;1
1372;137/2017;2017_137_7;ratkaiseva;1
1372;137/2017;2017_137_7;ratkaisujen;1
1372;137/2017;2017_137_7;rehellisen;1
1372;137/2017;2017_137_7;rehellisesti;1
1372;137/2017;2017_137_7;rehelliset;1
1372;137/2017;2017_137_7;rehellisyydellä;1
1372;137/2017;2017_137_7;reilusti;1
1372;137/2017;2017_137_7;riskiarvio;1
1372;137/2017;2017_137_7;rouva;1
1372;137/2017;2017_137_7;räikeä;1
1372;137/2017;2017_137_7;räänantamaton;1
1372;137/2017;2017_137_7;saada;1
1372;137/2017;2017_137_7;saaneiden;1
1372;137/2017;2017_137_7;saataisiin;1
1372;137/2017;2017_137_7;saati;1
1372;137/2017;2017_137_7;salissa;1
1372;137/2017;2017_137_7;salista;1
1372;137/2017;2017_137_7;sanoilla;1
1372;137/2017;2017_137_7;se;6
1372;137/2017;2017_137_7;sekä;1
1372;137/2017;2017_137_7;sen;5
1372;137/2017;2017_137_7;siinä;2
1372;137/2017;2017_137_7;siis;1
1372;137/2017;2017_137_7;silti;1
1372;137/2017;2017_137_7;sininen;1
1372;137/2017;2017_137_7;siniset;3
1372;137/2017;2017_137_7;sinisten;2
1372;137/2017;2017_137_7;sinne;1
1372;137/2017;2017_137_7;siten;2
1372;137/2017;2017_137_7;sitkeä;1
1372;137/2017;2017_137_7;sitten;1
1372;137/2017;2017_137_7;sivistysvaltioon;1
1372;137/2017;2017_137_7;sopeuttamispäätösten;1
1372;137/2017;2017_137_7;sosiaaliturvaa;1
1372;137/2017;2017_137_7;sosialismin;2
1372;137/2017;2017_137_7;sovi;1
1372;137/2017;2017_137_7;strategisen;1
1372;137/2017;2017_137_7;suohon;1
1372;137/2017;2017_137_7;suomalainen;1
1372;137/2017;2017_137_7;suomalaisen;4
1372;137/2017;2017_137_7;suomalaiset;2
1372;137/2017;2017_137_7;suomalaisista;1
1372;137/2017;2017_137_7;suomeen;1
1372;137/2017;2017_137_7;suomen;4
1372;137/2017;2017_137_7;suomi;1
1372;137/2017;2017_137_7;suunnanmuutoksen;1
1372;137/2017;2017_137_7;suunta;1
1372;137/2017;2017_137_7;suuren;1
1372;137/2017;2017_137_7;suurta;1
1372;137/2017;2017_137_7;suuttumusta;1
1372;137/2017;2017_137_7;sydäntä;1
1372;137/2017;2017_137_7;syöksykurssin;1
1372;137/2017;2017_137_7;säilöön;1
1372;137/2017;2017_137_7;säilöönotosta;1
1372;137/2017;2017_137_7;säästettäisiin;1
1372;137/2017;2017_137_7;taakan;1
1372;137/2017;2017_137_7;tahdomme;1
1372;137/2017;2017_137_7;tai;3
1372;137/2017;2017_137_7;takana;1
1372;137/2017;2017_137_7;taloudelliseen;1
1372;137/2017;2017_137_7;taloudellista;2
1372;137/2017;2017_137_7;talouden;3
1372;137/2017;2017_137_7;talous;3
1372;137/2017;2017_137_7;talouskasvu;1
1372;137/2017;2017_137_7;talouskasvun;1
1372;137/2017;2017_137_7;talutusnuorassa;1
1372;137/2017;2017_137_7;tarpeen;1
1372;137/2017;2017_137_7;tarttumaan;1
1372;137/2017;2017_137_7;tarttunut;1
1372;137/2017;2017_137_7;tarvittaviin;1
1372;137/2017;2017_137_7;tavallinen;2
1372;137/2017;2017_137_7;tehdään;1
1372;137/2017;2017_137_7;tehneet;1
1372;137/2017;2017_137_7;teki;1
1372;137/2017;2017_137_7;tekijöitä;1
1372;137/2017;2017_137_7;tiedämme;1
1372;137/2017;2017_137_7;tielle;1
1372;137/2017;2017_137_7;tiellä;2
1372;137/2017;2017_137_7;tilaaman;1
1372;137/2017;2017_137_7;tilastokeskuksen;1
1372;137/2017;2017_137_7;todellisia;1
1372;137/2017;2017_137_7;todeta;2
1372;137/2017;2017_137_7;toimeliaisuutta;1
1372;137/2017;2017_137_7;toimia;1
1372;137/2017;2017_137_7;toimiensa;1
1372;137/2017;2017_137_7;toimiin;1
1372;137/2017;2017_137_7;toimija;1
1372;137/2017;2017_137_7;toimivakaan;1
1372;137/2017;2017_137_7;tolkkua;2
1372;137/2017;2017_137_7;tosiasia;1
1372;137/2017;2017_137_7;tuhoon;1
1372;137/2017;2017_137_7;tuki;1
1372;137/2017;2017_137_7;tulevaisuuden;1
1372;137/2017;2017_137_7;tulevaisuus;1
1372;137/2017;2017_137_7;tulopuolen;1
1372;137/2017;2017_137_7;tunnemme;1
1372;137/2017;2017_137_7;tunnollisen;1
1372;137/2017;2017_137_7;tunnustettava;1
1372;137/2017;2017_137_7;tuoda;1
1372;137/2017;2017_137_7;turvapaikanhakijoiden;2
1372;137/2017;2017_137_7;turvapaikanhakijoista;1
1372;137/2017;2017_137_7;tutkimuksen;1
1372;137/2017;2017_137_7;työ;1
1372;137/2017;2017_137_7;työllisyysaste;1
1372;137/2017;2017_137_7;työllisyyttä;1
1372;137/2017;2017_137_7;työmarkkinajärjestöille;1
1372;137/2017;2017_137_7;työnteolla;1
1372;137/2017;2017_137_7;työnteon;1
1372;137/2017;2017_137_7;työpaikkojen;1
1372;137/2017;2017_137_7;työttömien;1
1372;137/2017;2017_137_7;työtä;2
1372;137/2017;2017_137_7;tälle;1
1372;137/2017;2017_137_7;tällä;1
1372;137/2017;2017_137_7;tämä;3
1372;137/2017;2017_137_7;tämän;5
1372;137/2017;2017_137_7;tämänkaltaiset;1
1372;137/2017;2017_137_7;tänä;1
1372;137/2017;2017_137_7;tärkeässä;1
1372;137/2017;2017_137_7;tässä;1
1372;137/2017;2017_137_7;tästä;1
1372;137/2017;2017_137_7;täällä;1
1372;137/2017;2017_137_7;ulkopuolella;1
1372;137/2017;2017_137_7;useampi;1
1372;137/2017;2017_137_7;useiden;1
1372;137/2017;2017_137_7;usein;1
1372;137/2017;2017_137_7;uskomme;1
1372;137/2017;2017_137_7;uutteralla;1
1372;137/2017;2017_137_7;vaatiessa;1
1372;137/2017;2017_137_7;vahva;1
1372;137/2017;2017_137_7;vahvana;1
1372;137/2017;2017_137_7;vahvistava;1
1372;137/2017;2017_137_7;vahvuus;1
1372;137/2017;2017_137_7;vaihtoehtoinen;1
1372;137/2017;2017_137_7;vaikeiden;2
1372;137/2017;2017_137_7;vaipuisivat;1
1372;137/2017;2017_137_7;vaipuneet;1
1372;137/2017;2017_137_7;vankeudessa;1
1372;137/2017;2017_137_7;varhaisemmin;1
1372;137/2017;2017_137_7;varjobudjeteissa;1
1372;137/2017;2017_137_7;varjobudjeteissaan;1
1372;137/2017;2017_137_7;varjobudjetit;1
1372;137/2017;2017_137_7;varjobudjettikeskustelussa;1
1372;137/2017;2017_137_7;varsinaisia;1
1372;137/2017;2017_137_7;vasemmiston;1
1372;137/2017;2017_137_7;vauhtia;1
1372;137/2017;2017_137_7;velkaantuminen;1
1372;137/2017;2017_137_7;velkaantumisen;1
1372;137/2017;2017_137_7;verohallinnon;1
1372;137/2017;2017_137_7;veroja;1
1372;137/2017;2017_137_7;verojen;3
1372;137/2017;2017_137_7;veronkorotuksilla;1
1372;137/2017;2017_137_7;veronkorotuksin;1
1372;137/2017;2017_137_7;veronmaksajan;1
1372;137/2017;2017_137_7;verorepulla;1
1372;137/2017;2017_137_7;verotus;1
1372;137/2017;2017_137_7;verotuskaa;1
1372;137/2017;2017_137_7;verotustoimet;1
1372;137/2017;2017_137_7;verovetoiset;1
1372;137/2017;2017_137_7;viennin;1
1372;137/2017;2017_137_7;vientinäkymiä;1
1372;137/2017;2017_137_7;vihdoin;1
1372;137/2017;2017_137_7;vihreät;1
1372;137/2017;2017_137_7;viime;1
1372;137/2017;2017_137_7;viimein;2
1372;137/2017;2017_137_7;voi;1
1372;137/2017;2017_137_7;voimissaan;1
1372;137/2017;2017_137_7;voimme;1
1372;137/2017;2017_137_7;voisi;1
1372;137/2017;2017_137_7;vuoksi;1
1372;137/2017;2017_137_7;vuonna;2
1372;137/2017;2017_137_7;vuonnakin;1
1372;137/2017;2017_137_7;vuosikustannukset;1
1372;137/2017;2017_137_7;vuosikymmenten;1
1372;137/2017;2017_137_7;vuotta;1
1372;137/2017;2017_137_7;vähentynyt;1
1372;137/2017;2017_137_7;yhdessä;1
1372;137/2017;2017_137_7;yhteisen;2
1372;137/2017;2017_137_7;yhteiskuntamme;1
1372;137/2017;2017_137_7;yhä;2
1372;137/2017;2017_137_7;yleisesti;1
1372;137/2017;2017_137_7;yli;3
1372;137/2017;2017_137_7;ylläpidetään;1
1372;137/2017;2017_137_7;yrittäjyyden;1
1372;137/2017;2017_137_7;yrittäjät;1
1372;137/2017;2017_137_7;yrittämisen;1
1372;137/2017;2017_137_7;ääriajattelun;2
1372;138/2018;2018_138_82;aika;1
1372;138/2018;2018_138_82;aikoinaan;1
1372;138/2018;2018_138_82;ajatellaan;1
1372;138/2018;2018_138_82;antaa;1
1372;138/2018;2018_138_82;arkipäivää;1
1372;138/2018;2018_138_82;arvioimaan;1
1372;138/2018;2018_138_82;arvoisa;2
1372;138/2018;2018_138_82;asian;1
1372;138/2018;2018_138_82;edellisellä;1
1372;138/2018;2018_138_82;edessä;1
1372;138/2018;2018_138_82;edun;1
1372;138/2018;2018_138_82;edustaja;2
1372;138/2018;2018_138_82;ei;5
1372;138/2018;2018_138_82;epäilen;1
1372;138/2018;2018_138_82;erinomainen;1
1372;138/2018;2018_138_82;erityisen;1
1372;138/2018;2018_138_82;esille;1
1372;138/2018;2018_138_82;etenemään;1
1372;138/2018;2018_138_82;että;6
1372;138/2018;2018_138_82;euroopan;1
1372;138/2018;2018_138_82;euroopassa;1
1372;138/2018;2018_138_82;haasteellista;1
1372;138/2018;2018_138_82;haluan;1
1372;138/2018;2018_138_82;hongistolle;1
1372;138/2018;2018_138_82;hyvää;1
1372;138/2018;2018_138_82;hän;1
1372;138/2018;2018_138_82;ikävää;1
1372;138/2018;2018_138_82;isoja;1
1372;138/2018;2018_138_82;istuvana;1
1372;138/2018;2018_138_82;itse;1
1372;138/2018;2018_138_82;ja;7
1372;138/2018;2018_138_82;johtuen;1
1372;138/2018;2018_138_82;joita;1
1372;138/2018;2018_138_82;joka;1
1372;138/2018;2018_138_82;jos;1
1372;138/2018;2018_138_82;jossa;1
1372;138/2018;2018_138_82;joten;1
1372;138/2018;2018_138_82;joudutaan;1
1372;138/2018;2018_138_82;jäsenenä;1
1372;138/2018;2018_138_82;kaivosalueita;1
1372;138/2018;2018_138_82;kaivostenkin;1
1372;138/2018;2018_138_82;kalaliikenteen;1
1372;138/2018;2018_138_82;kiitoksen;1
1372;138/2018;2018_138_82;kiitoksia;1
1372;138/2018;2018_138_82;kilpailijat;1
1372;138/2018;2018_138_82;kittilässä;1
1372;138/2018;2018_138_82;koko;1
1372;138/2018;2018_138_82;kuin;1
1372;138/2018;2018_138_82;kuljetusalan;1
1372;138/2018;2018_138_82;kun;1
1372;138/2018;2018_138_82;kunnossa;1
1372;138/2018;2018_138_82;kuten;1
1372;138/2018;2018_138_82;käsittelemään;1
1372;138/2018;2018_138_82;käy;1
1372;138/2018;2018_138_82;lakiesitykselle;1
1372;138/2018;2018_138_82;lakiesitys;2
1372;138/2018;2018_138_82;lapissa;1
1372;138/2018;2018_138_82;liikenne;1
1372;138/2018;2018_138_82;lopussa;1
1372;138/2018;2018_138_82;läpi;2
1372;138/2018;2018_138_82;mahdollisessa;1
1372;138/2018;2018_138_82;mahdollista;1
1372;138/2018;2018_138_82;maksusta;1
1372;138/2018;2018_138_82;maksut;1
1372;138/2018;2018_138_82;meidän;2
1372;138/2018;2018_138_82;menee;1
1372;138/2018;2018_138_82;mielessä;1
1372;138/2018;2018_138_82;mietitään;1
1372;138/2018;2018_138_82;ministerille;1
1372;138/2018;2018_138_82;missä;1
1372;138/2018;2018_138_82;miten;1
1372;138/2018;2018_138_82;mutta;1
1372;138/2018;2018_138_82;myöskin;1
1372;138/2018;2018_138_82;niin;2
1372;138/2018;2018_138_82;niitä;1
1372;138/2018;2018_138_82;noiden;1
1372;138/2018;2018_138_82;noita;1
1372;138/2018;2018_138_82;norjalaisen;1
1372;138/2018;2018_138_82;norjan;1
1372;138/2018;2018_138_82;nyt;1
1372;138/2018;2018_138_82;näin;1
1372;138/2018;2018_138_82;nämä;1
1372;138/2018;2018_138_82;odotettu;1
1372;138/2018;2018_138_82;ole;1
1372;138/2018;2018_138_82;olisi;1
1372;138/2018;2018_138_82;ollut;1
1372;138/2018;2018_138_82;omalta;1
1372;138/2018;2018_138_82;on;10
1372;138/2018;2018_138_82;osalta;1
1372;138/2018;2018_138_82;osaltaan;1
1372;138/2018;2018_138_82;osataan;1
1372;138/2018;2018_138_82;otti;1
1372;138/2018;2018_138_82;ovat;3
1372;138/2018;2018_138_82;pahoittelu;1
1372;138/2018;2018_138_82;paikan;1
1372;138/2018;2018_138_82;paljon;2
1372;138/2018;2018_138_82;parhaassa;1
1372;138/2018;2018_138_82;pelkästään;1
1372;138/2018;2018_138_82;periä;1
1372;138/2018;2018_138_82;perustuslakivaliokunnan;2
1372;138/2018;2018_138_82;perustuslakivaliokunta;1
1372;138/2018;2018_138_82;pohjoisen;1
1372;138/2018;2018_138_82;pohjoisessa;1
1372;138/2018;2018_138_82;pohjoisesta;2
1372;138/2018;2018_138_82;pohjoispuolella;1
1372;138/2018;2018_138_82;puhemies;2
1372;138/2018;2018_138_82;puhettani;1
1372;138/2018;2018_138_82;puhun;1
1372;138/2018;2018_138_82;pääsemme;2
1372;138/2018;2018_138_82;rouva;1
1372;138/2018;2018_138_82;saada;1
1372;138/2018;2018_138_82;saaneet;1
1372;138/2018;2018_138_82;sai;1
1372;138/2018;2018_138_82;saimme;1
1372;138/2018;2018_138_82;sanoa;1
1372;138/2018;2018_138_82;se;4
1372;138/2018;2018_138_82;sen;3
1372;138/2018;2018_138_82;siellä;5
1372;138/2018;2018_138_82;sieltä;1
1372;138/2018;2018_138_82;siinä;1
1372;138/2018;2018_138_82;siitä;1
1372;138/2018;2018_138_82;siitäkin;1
1372;138/2018;2018_138_82;sitten;2
1372;138/2018;2018_138_82;sodankylän;1
1372;138/2018;2018_138_82;suhteen;1
1372;138/2018;2018_138_82;suitsutettu;1
1372;138/2018;2018_138_82;suomalaisten;1
1372;138/2018;2018_138_82;takia;2
1372;138/2018;2018_138_82;tavallaan;1
1372;138/2018;2018_138_82;tekemistä;1
1372;138/2018;2018_138_82;terveiset;1
1372;138/2018;2018_138_82;tienkäyttömaksut;1
1372;138/2018;2018_138_82;tiestömmekään;1
1372;138/2018;2018_138_82;tiet;1
1372;138/2018;2018_138_82;tietenkin;1
1372;138/2018;2018_138_82;tietullit;1
1372;138/2018;2018_138_82;tilanne;1
1372;138/2018;2018_138_82;tilannetta;1
1372;138/2018;2018_138_82;tilanteen;1
1372;138/2018;2018_138_82;tilanteeseen;1
1372;138/2018;2018_138_82;tiukan;1
1372;138/2018;2018_138_82;todella;2
1372;138/2018;2018_138_82;toisaalta;1
1372;138/2018;2018_138_82;toivottavasti;1
1372;138/2018;2018_138_82;toki;1
1372;138/2018;2018_138_82;totesikin;1
1372;138/2018;2018_138_82;totta;1
1372;138/2018;2018_138_82;tukkoisuuden;1
1372;138/2018;2018_138_82;tuleeko;1
1372;138/2018;2018_138_82;tulevat;1
1372;138/2018;2018_138_82;tuo;1
1372;138/2018;2018_138_82;tuolta;1
1372;138/2018;2018_138_82;tuon;1
1372;138/2018;2018_138_82;tuossa;2
1372;138/2018;2018_138_82;typistelen;1
1372;138/2018;2018_138_82;tälle;1
1372;138/2018;2018_138_82;tämmöistä;1
1372;138/2018;2018_138_82;tämä;2
1372;138/2018;2018_138_82;tämän;2
1372;138/2018;2018_138_82;tänne;1
1372;138/2018;2018_138_82;tärkeä;1
1372;138/2018;2018_138_82;tässä;1
1372;138/2018;2018_138_82;tästä;1
1372;138/2018;2018_138_82;tätä;1
1372;138/2018;2018_138_82;täällä;1
1372;138/2018;2018_138_82;ulkomainen;1
1372;138/2018;2018_138_82;ulkomaiset;1
1372;138/2018;2018_138_82;uralla;1
1372;138/2018;2018_138_82;uskon;1
1372;138/2018;2018_138_82;vaalikaudella;1
1372;138/2018;2018_138_82;vaan;1
1372;138/2018;2018_138_82;vahvaa;1
1372;138/2018;2018_138_82;vai;1
1372;138/2018;2018_138_82;valtasuonet;1
1372;138/2018;2018_138_82;valtaväylien;1
1372;138/2018;2018_138_82;valtiovarainministeriölle;1
1372;138/2018;2018_138_82;varmaan;1
1372;138/2018;2018_138_82;varmasti;1
1372;138/2018;2018_138_82;varsinkin;1
1372;138/2018;2018_138_82;vihdoinkin;1
1372;138/2018;2018_138_82;viimeisiä;1
1372;138/2018;2018_138_82;vinjettiä;1
1372;138/2018;2018_138_82;voimakkaasti;1
1372;138/2018;2018_138_82;voisin;1
1372;138/2018;2018_138_82;vuoksi;1
1372;138/2018;2018_138_82;yrittäjien;1
1372;141/2017;2017_141_18;arvoisa;1
1372;141/2017;2017_141_18;edustaja;1
1372;141/2017;2017_141_18;esitystä;1
1372;141/2017;2017_141_18;kannatan;1
1372;141/2017;2017_141_18;puhemies;1
1372;141/2017;2017_141_18;rouva;1
1372;141/2017;2017_141_18;sarkomaan;1
1372;141/2017;2017_141_3;arvoisa;1
1372;141/2017;2017_141_3;edustaja;1
1372;141/2017;2017_141_3;esitystä;1
1372;141/2017;2017_141_3;kannatan;1
1372;141/2017;2017_141_3;puhemies;1
1372;141/2017;2017_141_3;sarkomaan;1
1372;141/2018;2018_141_112;aiheesta;1
1372;141/2018;2018_141_112;aikaa;2
1372;141/2018;2018_141_112;ajatellut;1
1372;141/2018;2018_141_112;arvoisa;1
1372;141/2018;2018_141_112;asiaa;1
1372;141/2018;2018_141_112;asiassa;1
1372;141/2018;2018_141_112;byrokratiaa;1
1372;141/2018;2018_141_112;edustaja;1
1372;141/2018;2018_141_112;edustajien;1
1372;141/2018;2018_141_112;eli;1
1372;141/2018;2018_141_112;elinkeinonharjoittajan;1
1372;141/2018;2018_141_112;elinkeinonharjoittajasta;1
1372;141/2018;2018_141_112;elämän;1
1372;141/2018;2018_141_112;emme;1
1372;141/2018;2018_141_112;enemmänkin;1
1372;141/2018;2018_141_112;ensin;1
1372;141/2018;2018_141_112;erittäin;1
1372;141/2018;2018_141_112;erityisesti;1
1372;141/2018;2018_141_112;esittäneet;1
1372;141/2018;2018_141_112;esitystä;1
1372;141/2018;2018_141_112;etenee;1
1372;141/2018;2018_141_112;että;4
1372;141/2018;2018_141_112;euron;2
1372;141/2018;2018_141_112;he;1
1372;141/2018;2018_141_112;helpotetaan;1
1372;141/2018;2018_141_112;henkilön;1
1372;141/2018;2018_141_112;huolia;1
1372;141/2018;2018_141_112;huomattavasti;1
1372;141/2018;2018_141_112;hyvin;3
1372;141/2018;2018_141_112;hyvä;1
1372;141/2018;2018_141_112;ihmisenä;1
1372;141/2018;2018_141_112;ilman;1
1372;141/2018;2018_141_112;itse;2
1372;141/2018;2018_141_112;itsekin;1
1372;141/2018;2018_141_112;ja;9
1372;141/2018;2018_141_112;jakaa;1
1372;141/2018;2018_141_112;johtuen;1
1372;141/2018;2018_141_112;joita;1
1372;141/2018;2018_141_112;joka;1
1372;141/2018;2018_141_112;jossa;1
1372;141/2018;2018_141_112;jota;1
1372;141/2018;2018_141_112;jotka;1
1372;141/2018;2018_141_112;just;1
1372;141/2018;2018_141_112;jälkeen;1
1372;141/2018;2018_141_112;kannan;1
1372;141/2018;2018_141_112;katsovana;2
1372;141/2018;2018_141_112;kautta;1
1372;141/2018;2018_141_112;kertoi;1
1372;141/2018;2018_141_112;keskustelu;1
1372;141/2018;2018_141_112;kielteisen;1
1372;141/2018;2018_141_112;koko;1
1372;141/2018;2018_141_112;koska;1
1372;141/2018;2018_141_112;kovin;1
1372;141/2018;2018_141_112;kun;5
1372;141/2018;2018_141_112;käytännön;1
1372;141/2018;2018_141_112;käytäntöä;1
1372;141/2018;2018_141_112;loppujen;1
1372;141/2018;2018_141_112;lopuksi;1
1372;141/2018;2018_141_112;lukumääräinen;1
1372;141/2018;2018_141_112;maa;1
1372;141/2018;2018_141_112;maksetaan;1
1372;141/2018;2018_141_112;marginaalinen;1
1372;141/2018;2018_141_112;me;2
1372;141/2018;2018_141_112;meidän;1
1372;141/2018;2018_141_112;mielestäni;1
1372;141/2018;2018_141_112;mieltä;1
1372;141/2018;2018_141_112;minkä;1
1372;141/2018;2018_141_112;minun;1
1372;141/2018;2018_141_112;moni;1
1372;141/2018;2018_141_112;monimutkaista;1
1372;141/2018;2018_141_112;monimutkaistaa;1
1372;141/2018;2018_141_112;montaa;1
1372;141/2018;2018_141_112;mutta;3
1372;141/2018;2018_141_112;muutoksella;1
1372;141/2018;2018_141_112;muutoksia;1
1372;141/2018;2018_141_112;ne;1
1372;141/2018;2018_141_112;niikkokin;1
1372;141/2018;2018_141_112;niin;1
1372;141/2018;2018_141_112;niitä;2
1372;141/2018;2018_141_112;nimenomaan;1
1372;141/2018;2018_141_112;nolla;1
1372;141/2018;2018_141_112;nykyaikaan;1
1372;141/2018;2018_141_112;nyt;1
1372;141/2018;2018_141_112;näin;1
1372;141/2018;2018_141_112;oikeuksia;1
1372;141/2018;2018_141_112;olen;2
1372;141/2018;2018_141_112;ollaan;1
1372;141/2018;2018_141_112;on;11
1372;141/2018;2018_141_112;ongelma;1
1372;141/2018;2018_141_112;osa;1
1372;141/2018;2018_141_112;osakepääomalla;1
1372;141/2018;2018_141_112;osakeyhtiö;3
1372;141/2018;2018_141_112;osakeyhtiöksi;1
1372;141/2018;2018_141_112;osakeyhtiömuodossa;1
1372;141/2018;2018_141_112;osakeyhtiön;1
1372;141/2018;2018_141_112;osakeyhtiössä;1
1372;141/2018;2018_141_112;osingonjaon;1
1372;141/2018;2018_141_112;ovat;2
1372;141/2018;2018_141_112;palkkaa;1
1372;141/2018;2018_141_112;panna;1
1372;141/2018;2018_141_112;parantaa;1
1372;141/2018;2018_141_112;pelkonne;1
1372;141/2018;2018_141_112;perussuomalaisten;1
1372;141/2018;2018_141_112;perustamaan;1
1372;141/2018;2018_141_112;perusteltuna;1
1372;141/2018;2018_141_112;perustetaan;1
1372;141/2018;2018_141_112;perustettua;1
1372;141/2018;2018_141_112;pidän;1
1372;141/2018;2018_141_112;pieni;1
1372;141/2018;2018_141_112;pienten;1
1372;141/2018;2018_141_112;pienyrittäjien;1
1372;141/2018;2018_141_112;pienyrittäjä;1
1372;141/2018;2018_141_112;pienyrittäjät;1
1372;141/2018;2018_141_112;poliittista;1
1372;141/2018;2018_141_112;populismia;1
1372;141/2018;2018_141_112;puhemies;1
1372;141/2018;2018_141_112;päivien;1
1372;141/2018;2018_141_112;päivää;1
1372;141/2018;2018_141_112;päästään;1
1372;141/2018;2018_141_112;rahaa;1
1372;141/2018;2018_141_112;rakennetaan;1
1372;141/2018;2018_141_112;rouva;1
1372;141/2018;2018_141_112;ryhmä;1
1372;141/2018;2018_141_112;saamme;1
1372;141/2018;2018_141_112;saman;1
1372;141/2018;2018_141_112;se;8
1372;141/2018;2018_141_112;sen;3
1372;141/2018;2018_141_112;siellä;1
1372;141/2018;2018_141_112;sieltä;1
1372;141/2018;2018_141_112;siihen;1
1372;141/2018;2018_141_112;siinä;2
1372;141/2018;2018_141_112;siirtymävaihetta;1
1372;141/2018;2018_141_112;siis;1
1372;141/2018;2018_141_112;siitä;2
1372;141/2018;2018_141_112;sitten;2
1372;141/2018;2018_141_112;sitä;5
1372;141/2018;2018_141_112;suomi;1
1372;141/2018;2018_141_112;suoraan;1
1372;141/2018;2018_141_112;suuria;1
1372;141/2018;2018_141_112;suurin;2
1372;141/2018;2018_141_112;syödyllä;1
1372;141/2018;2018_141_112;säästetäänkö;1
1372;141/2018;2018_141_112;säästöön;1
1372;141/2018;2018_141_112;tarvitse;1
1372;141/2018;2018_141_112;tehdään;1
1372;141/2018;2018_141_112;tekee;1
1372;141/2018;2018_141_112;tietysti;2
1372;141/2018;2018_141_112;tilannetta;2
1372;141/2018;2018_141_112;toiminimellä;1
1372;141/2018;2018_141_112;toiminimen;1
1372;141/2018;2018_141_112;toiminimessä;1
1372;141/2018;2018_141_112;toiminta;1
1372;141/2018;2018_141_112;toinen;1
1372;141/2018;2018_141_112;tulevaisuuteen;1
1372;141/2018;2018_141_112;tulevien;1
1372;141/2018;2018_141_112;tulo;1
1372;141/2018;2018_141_112;tuloa;2
1372;141/2018;2018_141_112;tuloksesta;1
1372;141/2018;2018_141_112;tuollaisella;1
1372;141/2018;2018_141_112;tuommoinen;1
1372;141/2018;2018_141_112;tuon;1
1372;141/2018;2018_141_112;tuossa;1
1372;141/2018;2018_141_112;turhaa;2
1372;141/2018;2018_141_112;tällä;1
1372;141/2018;2018_141_112;tämmöinen;1
1372;141/2018;2018_141_112;tämä;1
1372;141/2018;2018_141_112;tässä;1
1372;141/2018;2018_141_112;tästä;1
1372;141/2018;2018_141_112;tätä;4
1372;141/2018;2018_141_112;valitettavasti;1
1372;141/2018;2018_141_112;varten;1
1372;141/2018;2018_141_112;vastustavat;1
1372;141/2018;2018_141_112;velkojien;1
1372;141/2018;2018_141_112;vie;1
1372;141/2018;2018_141_112;vielä;1
1372;141/2018;2018_141_112;voidaan;3
1372;141/2018;2018_141_112;vähentää;1
1372;141/2018;2018_141_112;vähimmäispääomasta;1
1372;141/2018;2018_141_112;yhtiö;1
1372;141/2018;2018_141_112;yhtiön;1
1372;141/2018;2018_141_112;yksinyrittäjät;1
1372;141/2018;2018_141_112;ymmärrän;2
1372;141/2018;2018_141_112;yrittäjien;1
1372;141/2018;2018_141_112;yrittäjyyttä;1
1372;141/2018;2018_141_112;yritysten;1
1372;141/2018;2018_141_118;ammatissani;1
1372;141/2018;2018_141_118;arvoisa;1
1372;141/2018;2018_141_118;edellisen;1
1372;141/2018;2018_141_118;edustaja;1
1372;141/2018;2018_141_118;ei;2
1372;141/2018;2018_141_118;ei-huijareille;1
1372;141/2018;2018_141_118;ei-huijari-ihmisille;1
1372;141/2018;2018_141_118;en;1
1372;141/2018;2018_141_118;englannissa;1
1372;141/2018;2018_141_118;esille;1
1372;141/2018;2018_141_118;että;3
1372;141/2018;2018_141_118;haluan;1
1372;141/2018;2018_141_118;halusin;1
1372;141/2018;2018_141_118;harhaanjohtavaa;1
1372;141/2018;2018_141_118;heistä;1
1372;141/2018;2018_141_118;hienosti;1
1372;141/2018;2018_141_118;huijareita;1
1372;141/2018;2018_141_118;huijariyrittäjien;1
1372;141/2018;2018_141_118;hyvin;1
1372;141/2018;2018_141_118;hyvä;1
1372;141/2018;2018_141_118;ja;3
1372;141/2018;2018_141_118;jatkossakin;1
1372;141/2018;2018_141_118;kankaanniemi;2
1372;141/2018;2018_141_118;kuin;2
1372;141/2018;2018_141_118;kun;2
1372;141/2018;2018_141_118;kuulkaa;1
1372;141/2018;2018_141_118;käynnistyy;1
1372;141/2018;2018_141_118;lakialan;1
1372;141/2018;2018_141_118;lakialoite;2
1372;141/2018;2018_141_118;lakimies;1
1372;141/2018;2018_141_118;laukkanen;1
1372;141/2018;2018_141_118;loukkaavaa;1
1372;141/2018;2018_141_118;luo;1
1372;141/2018;2018_141_118;meille;1
1372;141/2018;2018_141_118;meillä;1
1372;141/2018;2018_141_118;mielestäni;2
1372;141/2018;2018_141_118;mieltä;1
1372;141/2018;2018_141_118;minun;2
1372;141/2018;2018_141_118;miten;1
1372;141/2018;2018_141_118;niin;4
1372;141/2018;2018_141_118;niitä;3
1372;141/2018;2018_141_118;nimenomaan;1
1372;141/2018;2018_141_118;nyt;1
1372;141/2018;2018_141_118;näin;1
1372;141/2018;2018_141_118;ole;1
1372;141/2018;2018_141_118;olen;3
1372;141/2018;2018_141_118;omassa;1
1372;141/2018;2018_141_118;on;5
1372;141/2018;2018_141_118;ottaa;1
1372;141/2018;2018_141_118;perussuomalaisten;1
1372;141/2018;2018_141_118;perustanut;1
1372;141/2018;2018_141_118;perustetaan;1
1372;141/2018;2018_141_118;perustumatonta;1
1372;141/2018;2018_141_118;pieniä;2
1372;141/2018;2018_141_118;pitää;1
1372;141/2018;2018_141_118;puheen;1
1372;141/2018;2018_141_118;puhemies;1
1372;141/2018;2018_141_118;rouva;1
1372;141/2018;2018_141_118;ryhmää;1
1372;141/2018;2018_141_118;sanoa;1
1372;141/2018;2018_141_118;se;3
1372;141/2018;2018_141_118;sen;2
1372;141/2018;2018_141_118;siihen;1
1372;141/2018;2018_141_118;siis;1
1372;141/2018;2018_141_118;sitä;1
1372;141/2018;2018_141_118;suojataan;1
1372;141/2018;2018_141_118;suojattiin;1
1372;141/2018;2018_141_118;suojelee;1
1372;141/2018;2018_141_118;suomeen;1
1372;141/2018;2018_141_118;tarkoitettu;1
1372;141/2018;2018_141_118;tavallisille;1
1372;141/2018;2018_141_118;tehdä;1
1372;141/2018;2018_141_118;toimi;1
1372;141/2018;2018_141_118;toimia;1
1372;141/2018;2018_141_118;toiminimeä;1
1372;141/2018;2018_141_118;tosiasioihin;1
1372;141/2018;2018_141_118;totesi;1
1372;141/2018;2018_141_118;tuon;1
1372;141/2018;2018_141_118;tällä;1
1372;141/2018;2018_141_118;tämä;4
1372;141/2018;2018_141_118;tässä;1
1372;141/2018;2018_141_118;täällä;1
1372;141/2018;2018_141_118;vaatimattomia;1
1372;141/2018;2018_141_118;verrataan;1
1372;141/2018;2018_141_118;vielä;1
1372;141/2018;2018_141_118;vuoksi;1
1372;141/2018;2018_141_118;vuosittain;1
1372;141/2018;2018_141_118;väittänytkään;1
1372;141/2018;2018_141_118;väittää;1
1372;141/2018;2018_141_118;yhtiötä;1
1372;141/2018;2018_141_118;yrittäjiä;4
1372;141/2018;2018_141_118;yrittäjä;1
1372;141/2018;2018_141_118;yrityksiä;1
1372;141/2018;2018_141_146;aikaan;1
1372;141/2018;2018_141_146;ajan;2
1372;141/2018;2018_141_146;antaa;1
1372;141/2018;2018_141_146;arvoisa;1
1372;141/2018;2018_141_146;arvoisia;1
1372;141/2018;2018_141_146;asiaan;1
1372;141/2018;2018_141_146;asiallinen;1
1372;141/2018;2018_141_146;asiallista;1
1372;141/2018;2018_141_146;asian;1
1372;141/2018;2018_141_146;avoimesti;1
1372;141/2018;2018_141_146;edelleen;1
1372;141/2018;2018_141_146;eduskuntaan;1
1372;141/2018;2018_141_146;edustaja;2
1372;141/2018;2018_141_146;ei;2
1372;141/2018;2018_141_146;eivät;5
1372;141/2018;2018_141_146;eli;1
1372;141/2018;2018_141_146;elovaara;1
1372;141/2018;2018_141_146;elovaaralle;1
1372;141/2018;2018_141_146;emme;2
1372;141/2018;2018_141_146;epäonnistumisesta;1
1372;141/2018;2018_141_146;erotettua;1
1372;141/2018;2018_141_146;että;11
1372;141/2018;2018_141_146;haluaa;1
1372;141/2018;2018_141_146;haluan;1
1372;141/2018;2018_141_146;haluat;1
1372;141/2018;2018_141_146;haluavat;1
1372;141/2018;2018_141_146;halunneetkaan;1
1372;141/2018;2018_141_146;he;1
1372;141/2018;2018_141_146;heidän;1
1372;141/2018;2018_141_146;heidät;1
1372;141/2018;2018_141_146;heille;2
1372;141/2018;2018_141_146;heistä;1
1372;141/2018;2018_141_146;henkilöt;3
1372;141/2018;2018_141_146;huonot;1
1372;141/2018;2018_141_146;hyvä;1
1372;141/2018;2018_141_146;hyväksyt;1
1372;141/2018;2018_141_146;hyväksyä;2
1372;141/2018;2018_141_146;hyvänä;1
1372;141/2018;2018_141_146;hyvät;1
1372;141/2018;2018_141_146;ihminen;1
1372;141/2018;2018_141_146;ihmiselle;1
1372;141/2018;2018_141_146;ihmiset;2
1372;141/2018;2018_141_146;ihmisiä;1
1372;141/2018;2018_141_146;ikävät;1
1372;141/2018;2018_141_146;ikään;2
1372;141/2018;2018_141_146;integroitua;1
1372;141/2018;2018_141_146;ja;20
1372;141/2018;2018_141_146;joita;1
1372;141/2018;2018_141_146;joka;1
1372;141/2018;2018_141_146;jos;1
1372;141/2018;2018_141_146;jossa;1
1372;141/2018;2018_141_146;jossain;1
1372;141/2018;2018_141_146;jotka;6
1372;141/2018;2018_141_146;järkevä;1
1372;141/2018;2018_141_146;järkevällä;1
1372;141/2018;2018_141_146;järkevän;1
1372;141/2018;2018_141_146;jäädä;1
1372;141/2018;2018_141_146;kaksi;1
1372;141/2018;2018_141_146;keitä;1
1372;141/2018;2018_141_146;kerromme;1
1372;141/2018;2018_141_146;kerrotaan;2
1372;141/2018;2018_141_146;kertoa;1
1372;141/2018;2018_141_146;kertovat;1
1372;141/2018;2018_141_146;keskustelleet;1
1372;141/2018;2018_141_146;keskusteltu;1
1372;141/2018;2018_141_146;keskustelun;2
1372;141/2018;2018_141_146;kiitoksia;1
1372;141/2018;2018_141_146;kolikon;1
1372;141/2018;2018_141_146;kolme;1
1372;141/2018;2018_141_146;koputtaa;2
1372;141/2018;2018_141_146;korostan;1
1372;141/2018;2018_141_146;kotoutettua;1
1372;141/2018;2018_141_146;kotouttaminen;1
1372;141/2018;2018_141_146;kotouttamisessa;1
1372;141/2018;2018_141_146;kotouttamisesta;2
1372;141/2018;2018_141_146;kotouttamista;1
1372;141/2018;2018_141_146;kotoutua;5
1372;141/2018;2018_141_146;kriittisen;1
1372;141/2018;2018_141_146;kuin;2
1372;141/2018;2018_141_146;kuinka;1
1372;141/2018;2018_141_146;kun;2
1372;141/2018;2018_141_146;kuukautta;1
1372;141/2018;2018_141_146;kuulu;2
1372;141/2018;2018_141_146;käynnistänyt;1
1372;141/2018;2018_141_146;käynyt;1
1372;141/2018;2018_141_146;käyttää;1
1372;141/2018;2018_141_146;lailla;1
1372;141/2018;2018_141_146;lainalaisuudet;1
1372;141/2018;2018_141_146;lakialoitteen;1
1372;141/2018;2018_141_146;lakiesitystä;1
1372;141/2018;2018_141_146;liikkeelle;1
1372;141/2018;2018_141_146;loppuun;1
1372;141/2018;2018_141_146;lynkkausmieliala;1
1372;141/2018;2018_141_146;läpinäkyvästi;1
1372;141/2018;2018_141_146;maahan;2
1372;141/2018;2018_141_146;maahanmuuton;1
1372;141/2018;2018_141_146;maahanmuuttoa;1
1372;141/2018;2018_141_146;maasta;1
1372;141/2018;2018_141_146;mahdollisuuksia;1
1372;141/2018;2018_141_146;me;7
1372;141/2018;2018_141_146;meidän;2
1372;141/2018;2018_141_146;meillä;3
1372;141/2018;2018_141_146;merkitsee;1
1372;141/2018;2018_141_146;millä;1
1372;141/2018;2018_141_146;millään;1
1372;141/2018;2018_141_146;mistä;1
1372;141/2018;2018_141_146;mukaan;1
1372;141/2018;2018_141_146;mutta;2
1372;141/2018;2018_141_146;ne;6
1372;141/2018;2018_141_146;niin;1
1372;141/2018;2018_141_146;nimenomaan;2
1372;141/2018;2018_141_146;nyt;1
1372;141/2018;2018_141_146;näkemykseni;1
1372;141/2018;2018_141_146;nämä;1
1372;141/2018;2018_141_146;näyttöjä;1
1372;141/2018;2018_141_146;oikeuksistaan;1
1372;141/2018;2018_141_146;oikeus;2
1372;141/2018;2018_141_146;ole;5
1372;141/2018;2018_141_146;olemme;1
1372;141/2018;2018_141_146;olen;1
1372;141/2018;2018_141_146;olette;1
1372;141/2018;2018_141_146;olevat;1
1372;141/2018;2018_141_146;ollut;1
1372;141/2018;2018_141_146;on;10
1372;141/2018;2018_141_146;onnistuneet;1
1372;141/2018;2018_141_146;osaksi;1
1372;141/2018;2018_141_146;ovat;2
1372;141/2018;2018_141_146;pahojaan;1
1372;141/2018;2018_141_146;palkitsemme;1
1372;141/2018;2018_141_146;palkkion;1
1372;141/2018;2018_141_146;parantaa;1
1372;141/2018;2018_141_146;pidän;1
1372;141/2018;2018_141_146;pisteitä;1
1372;141/2018;2018_141_146;pitää;2
1372;141/2018;2018_141_146;poistetaan;2
1372;141/2018;2018_141_146;poistettava;1
1372;141/2018;2018_141_146;puhemies;3
1372;141/2018;2018_141_146;puhumassa;1
1372;141/2018;2018_141_146;puoli;2
1372;141/2018;2018_141_146;päivien;1
1372;141/2018;2018_141_146;pääset;1
1372;141/2018;2018_141_146;raiskaajat;1
1372;141/2018;2018_141_146;roikaleet;1
1372;141/2018;2018_141_146;roistot;1
1372;141/2018;2018_141_146;saakka;1
1372;141/2018;2018_141_146;saamme;1
1372;141/2018;2018_141_146;saanut;1
1372;141/2018;2018_141_146;saavat;1
1372;141/2018;2018_141_146;sana;1
1372;141/2018;2018_141_146;se;3
1372;141/2018;2018_141_146;selkeitä;1
1372;141/2018;2018_141_146;sellaisia;1
1372;141/2018;2018_141_146;selvitys;1
1372;141/2018;2018_141_146;sen;1
1372;141/2018;2018_141_146;siellä;1
1372;141/2018;2018_141_146;siihen;2
1372;141/2018;2018_141_146;siitä;6
1372;141/2018;2018_141_146;silloin;1
1372;141/2018;2018_141_146;sinua;1
1372;141/2018;2018_141_146;sinulla;3
1372;141/2018;2018_141_146;sinä;2
1372;141/2018;2018_141_146;sitä;2
1372;141/2018;2018_141_146;sopeudu;1
1372;141/2018;2018_141_146;sovi;1
1372;141/2018;2018_141_146;suhdetta;1
1372;141/2018;2018_141_146;suomalainen;1
1372;141/2018;2018_141_146;suomalaiseen;1
1372;141/2018;2018_141_146;suomalaisen;2
1372;141/2018;2018_141_146;suomeen;1
1372;141/2018;2018_141_146;tai;1
1372;141/2018;2018_141_146;tarvitsee;1
1372;141/2018;2018_141_146;tasa-arvovaliokunnassa;1
1372;141/2018;2018_141_146;tavalla;2
1372;141/2018;2018_141_146;tekevät;1
1372;141/2018;2018_141_146;teot;1
1372;141/2018;2018_141_146;tiedättekö;1
1372;141/2018;2018_141_146;todellakin;1
1372;141/2018;2018_141_146;toinen;1
1372;141/2018;2018_141_146;toivon;1
1372;141/2018;2018_141_146;toivottavasti;1
1372;141/2018;2018_141_146;tuhoavat;1
1372;141/2018;2018_141_146;tulee;2
1372;141/2018;2018_141_146;tulevalle;1
1372;141/2018;2018_141_146;tulevat;1
1372;141/2018;2018_141_146;tulleet;1
1372;141/2018;2018_141_146;tuonut;1
1372;141/2018;2018_141_146;turvallisuutta;1
1372;141/2018;2018_141_146;turvapaikanhakija;1
1372;141/2018;2018_141_146;turvapaikanhakijat;1
1372;141/2018;2018_141_146;työelämä;1
1372;141/2018;2018_141_146;tähän;4
1372;141/2018;2018_141_146;tämä;1
1372;141/2018;2018_141_146;tämähän;1
1372;141/2018;2018_141_146;tämän;5
1372;141/2018;2018_141_146;tänne;6
1372;141/2018;2018_141_146;tästä;1
1372;141/2018;2018_141_146;tätä;1
1372;141/2018;2018_141_146;täällä;2
1372;141/2018;2018_141_146;vaan;2
1372;141/2018;2018_141_146;vaaranna;1
1372;141/2018;2018_141_146;vaatimuksiin;1
1372;141/2018;2018_141_146;vaiheessa;1
1372;141/2018;2018_141_146;vain;1
1372;141/2018;2018_141_146;vastaamme;1
1372;141/2018;2018_141_146;velvollisuus;1
1372;141/2018;2018_141_146;vieneet;1
1372;141/2018;2018_141_146;viilipyttymäistä;1
1372;141/2018;2018_141_146;viime;1
1372;141/2018;2018_141_146;vuotta;1
1372;141/2018;2018_141_146;yhteiskunnan;2
1372;141/2018;2018_141_146;yhteiskunta;2
1372;141/2018;2018_141_146;yhteiskuntaamme;1
1372;141/2018;2018_141_146;yhteiskuntaan;1
1372;141/2018;2018_141_146;ymmärtävät;1
1372;141/2018;2018_141_146;älyllisen;1
1372;143/2017;2017_143_68;aaltoillut;1
1372;143/2017;2017_143_68;aggressiiviset;1
1372;143/2017;2017_143_68;ajatellaan;1
1372;143/2017;2017_143_68;alle;1
1372;143/2017;2017_143_68;alue;1
1372;143/2017;2017_143_68;ammattitaidottomia;1
1372;143/2017;2017_143_68;arvoisa;1
1372;143/2017;2017_143_68;asiassa;1
1372;143/2017;2017_143_68;edes;1
1372;143/2017;2017_143_68;eduskunnalla;1
1372;143/2017;2017_143_68;eduskunnan;1
1372;143/2017;2017_143_68;ehkä;1
1372;143/2017;2017_143_68;ei;2
1372;143/2017;2017_143_68;eivät;1
1372;143/2017;2017_143_68;eli;2
1372;143/2017;2017_143_68;että;11
1372;143/2017;2017_143_68;euron;1
1372;143/2017;2017_143_68;haalimaan;1
1372;143/2017;2017_143_68;hallita;1
1372;143/2017;2017_143_68;hallituksessa;1
1372;143/2017;2017_143_68;hallitus;1
1372;143/2017;2017_143_68;haltuunsa;1
1372;143/2017;2017_143_68;heidän;1
1372;143/2017;2017_143_68;hetkellä;1
1372;143/2017;2017_143_68;hieman;1
1372;143/2017;2017_143_68;hinnan;1
1372;143/2017;2017_143_68;hätääntyi;1
1372;143/2017;2017_143_68;ihmisten;1
1372;143/2017;2017_143_68;ja;9
1372;143/2017;2017_143_68;jossa;1
1372;143/2017;2017_143_68;joutuivat;1
1372;143/2017;2017_143_68;juristeja;1
1372;143/2017;2017_143_68;kaikki;1
1372;143/2017;2017_143_68;kansankielellä;1
1372;143/2017;2017_143_68;keskeistä;1
1372;143/2017;2017_143_68;keskustelu;2
1372;143/2017;2017_143_68;kielteisellä;1
1372;143/2017;2017_143_68;kittilääkin;1
1372;143/2017;2017_143_68;korvauksetta;1
1372;143/2017;2017_143_68;kuin;1
1372;143/2017;2017_143_68;kuitenkin;1
1372;143/2017;2017_143_68;kun;2
1372;143/2017;2017_143_68;kunnan;1
1372;143/2017;2017_143_68;kunnat;1
1372;143/2017;2017_143_68;kunnissa;1
1372;143/2017;2017_143_68;kuukausivuokra;1
1372;143/2017;2017_143_68;kyllä;1
1372;143/2017;2017_143_68;kysymyksessä;1
1372;143/2017;2017_143_68;kyvyttömyytensä;1
1372;143/2017;2017_143_68;käsiinsä;1
1372;143/2017;2017_143_68;käsitellään;1
1372;143/2017;2017_143_68;käynyt;1
1372;143/2017;2017_143_68;käytettiinhän;1
1372;143/2017;2017_143_68;käyttöön;1
1372;143/2017;2017_143_68;käytännössä;2
1372;143/2017;2017_143_68;käytäntöjä;1
1372;143/2017;2017_143_68;laeista;1
1372;143/2017;2017_143_68;laidasta;1
1372;143/2017;2017_143_68;laitaan;1
1372;143/2017;2017_143_68;laitteet;1
1372;143/2017;2017_143_68;lex;2
1372;143/2017;2017_143_68;liikkeelle;1
1372;143/2017;2017_143_68;lojaliteettiin;1
1372;143/2017;2017_143_68;luovutetaan;1
1372;143/2017;2017_143_68;luupin;1
1372;143/2017;2017_143_68;lähtivät;1
1372;143/2017;2017_143_68;mahdollisuus;1
1372;143/2017;2017_143_68;markkinavoimat;1
1372;143/2017;2017_143_68;mehiläinen;2
1372;143/2017;2017_143_68;mehiläisen;1
1372;143/2017;2017_143_68;meri-lapin;2
1372;143/2017;2017_143_68;meri-lappia;1
1372;143/2017;2017_143_68;mielestä;1
1372;143/2017;2017_143_68;mielestäni;1
1372;143/2017;2017_143_68;miettikääpä;1
1372;143/2017;2017_143_68;minun;1
1372;143/2017;2017_143_68;mitään;1
1372;143/2017;2017_143_68;monilla;1
1372;143/2017;2017_143_68;muassa;1
1372;143/2017;2017_143_68;muilla;1
1372;143/2017;2017_143_68;mutta;1
1372;143/2017;2017_143_68;muun;1
1372;143/2017;2017_143_68;määrittävät;1
1372;143/2017;2017_143_68;määrittää;1
1372;143/2017;2017_143_68;määrän;1
1372;143/2017;2017_143_68;narusta;1
1372;143/2017;2017_143_68;niillä;1
1372;143/2017;2017_143_68;niin;4
1372;143/2017;2017_143_68;nyt;4
1372;143/2017;2017_143_68;näin;2
1372;143/2017;2017_143_68;nämä;1
1372;143/2017;2017_143_68;olen;2
1372;143/2017;2017_143_68;oli;1
1372;143/2017;2017_143_68;olla;1
1372;143/2017;2017_143_68;omiin;1
1372;143/2017;2017_143_68;on;7
1372;143/2017;2017_143_68;osoitettiin;1
1372;143/2017;2017_143_68;otti;1
1372;143/2017;2017_143_68;ovat;1
1372;143/2017;2017_143_68;paikallisesti;1
1372;143/2017;2017_143_68;paikkakunnilla;1
1372;143/2017;2017_143_68;pitää;1
1372;143/2017;2017_143_68;poliitikot;1
1372;143/2017;2017_143_68;puhemies;1
1372;143/2017;2017_143_68;puolesta;1
1372;143/2017;2017_143_68;pysty;1
1372;143/2017;2017_143_68;pässiä;1
1372;143/2017;2017_143_68;päättäjät;1
1372;143/2017;2017_143_68;päättää;1
1372;143/2017;2017_143_68;rajoituslaki;1
1372;143/2017;2017_143_68;rouva;1
1372;143/2017;2017_143_68;sallassa;1
1372;143/2017;2017_143_68;samaa;1
1372;143/2017;2017_143_68;saman;1
1372;143/2017;2017_143_68;sanoisin;1
1372;143/2017;2017_143_68;se;1
1372;143/2017;2017_143_68;selvittänyt;2
1372;143/2017;2017_143_68;sen;2
1372;143/2017;2017_143_68;siellä;2
1372;143/2017;2017_143_68;siitä;1
1372;143/2017;2017_143_68;siksi;1
1372;143/2017;2017_143_68;sinisilmäisesti;1
1372;143/2017;2017_143_68;sisällöstä;1
1372;143/2017;2017_143_68;sitten;1
1372;143/2017;2017_143_68;sitä;2
1372;143/2017;2017_143_68;sopimuksen;1
1372;143/2017;2017_143_68;sopimusoikeutta;1
1372;143/2017;2017_143_68;sosiaali;1
1372;143/2017;2017_143_68;suomalaista;1
1372;143/2017;2017_143_68;tarpeeseen;1
1372;143/2017;2017_143_68;tavalla;1
1372;143/2017;2017_143_68;tavallaan;1
1372;143/2017;2017_143_68;tavallisten;1
1372;143/2017;2017_143_68;tehdään;1
1372;143/2017;2017_143_68;tehneet;1
1372;143/2017;2017_143_68;terveydenhuoltoa;1
1372;143/2017;2017_143_68;tilannetta;1
1372;143/2017;2017_143_68;tilanteen;1
1372;143/2017;2017_143_68;todella;1
1372;143/2017;2017_143_68;todetaan;1
1372;143/2017;2017_143_68;todettiin;1
1372;143/2017;2017_143_68;toimineet;1
1372;143/2017;2017_143_68;tuhannen;1
1372;143/2017;2017_143_68;tulee;1
1372;143/2017;2017_143_68;tuon;1
1372;143/2017;2017_143_68;tuota;1
1372;143/2017;2017_143_68;tällaisista;1
1372;143/2017;2017_143_68;tällä;1
1372;143/2017;2017_143_68;tämä;1
1372;143/2017;2017_143_68;tärkeää;1
1372;143/2017;2017_143_68;tässä;2
1372;143/2017;2017_143_68;ulkoistetuilla;1
1372;143/2017;2017_143_68;uskottiin;1
1372;143/2017;2017_143_68;vain;1
1372;143/2017;2017_143_68;vanhustenhoitopaikoilla;1
1372;143/2017;2017_143_68;vastaamaan;1
1372;143/2017;2017_143_68;vastaavasti;1
1372;143/2017;2017_143_68;vastapuoli;1
1372;143/2017;2017_143_68;vietiin;1
1372;143/2017;2017_143_68;voimakkaasti;1
1372;143/2017;2017_143_68;vuokran;1
1372;143/2017;2017_143_68;vuokrista;1
1372;143/2017;2017_143_68;yhteisesti;1
1372;143/2017;2017_143_68;yhteiskunnalla;1
1372;143/2017;2017_143_68;yhteiskunta;1
1372;143/2017;2017_143_68;ylihinnaksi;1
1372;143/2017;2017_143_68;yllättynyt;1
1372;143/2017;2017_143_68;ymmärrän;1
1372;143/2017;2017_143_68;yritykset;1
1372;151/2018;2018_151_71;aalto;1
1372;151/2018;2018_151_71;ammattitaitoisesti;1
1372;151/2018;2018_151_71;arvoisa;1
1372;151/2018;2018_151_71;asiasta;1
1372;151/2018;2018_151_71;asioita;1
1372;151/2018;2018_151_71;edellisen;1
1372;151/2018;2018_151_71;edessä;1
1372;151/2018;2018_151_71;ei;1
1372;151/2018;2018_151_71;erittäin;2
1372;151/2018;2018_151_71;esperin;1
1372;151/2018;2018_151_71;että;5
1372;151/2018;2018_151_71;hallituskauden;1
1372;151/2018;2018_151_71;haluamme;2
1372;151/2018;2018_151_71;hintaa;2
1372;151/2018;2018_151_71;huolimatta;1
1372;151/2018;2018_151_71;huonossa;1
1372;151/2018;2018_151_71;huutavat;1
1372;151/2018;2018_151_71;hyvä;1
1372;151/2018;2018_151_71;ihan;1
1372;151/2018;2018_151_71;ja;7
1372;151/2018;2018_151_71;jatkossa;1
1372;151/2018;2018_151_71;jos;1
1372;151/2018;2018_151_71;jota;1
1372;151/2018;2018_151_71;jotka;1
1372;151/2018;2018_151_71;jälkeen;2
1372;151/2018;2018_151_71;järkyttävä;1
1372;151/2018;2018_151_71;järkyttävää;1
1372;151/2018;2018_151_71;kaikille;1
1372;151/2018;2018_151_71;kaltaisten;1
1372;151/2018;2018_151_71;kohtaan;1
1372;151/2018;2018_151_71;kohu;1
1372;151/2018;2018_151_71;koputtaa;1
1372;151/2018;2018_151_71;kun;1
1372;151/2018;2018_151_71;kunhan;1
1372;151/2018;2018_151_71;kuntien;1
1372;151/2018;2018_151_71;kurkku;1
1372;151/2018;2018_151_71;kuultavaa;1
1372;151/2018;2018_151_71;kuuluisat;1
1372;151/2018;2018_151_71;kysynkin;1
1372;151/2018;2018_151_71;käytössä;1
1372;151/2018;2018_151_71;leikkasivat;1
1372;151/2018;2018_151_71;luettavaa;1
1372;151/2018;2018_151_71;maakuntaa;1
1372;151/2018;2018_151_71;maaliin;1
1372;151/2018;2018_151_71;maksetaan;1
1372;151/2018;2018_151_71;me;2
1372;151/2018;2018_151_71;mediakohun;1
1372;151/2018;2018_151_71;mehiläisen;2
1372;151/2018;2018_151_71;meille;1
1372;151/2018;2018_151_71;meillä;1
1372;151/2018;2018_151_71;miljardilla;1
1372;151/2018;2018_151_71;ministeri;1
1372;151/2018;2018_151_71;miten;1
1372;151/2018;2018_151_71;muistaa;1
1372;151/2018;2018_151_71;mukaan;1
1372;151/2018;2018_151_71;mutta;1
1372;151/2018;2018_151_71;nautitaan;1
1372;151/2018;2018_151_71;nimenomaan;1
1372;151/2018;2018_151_71;nuo;1
1372;151/2018;2018_151_71;nurin;1
1372;151/2018;2018_151_71;nyt;6
1372;151/2018;2018_151_71;näinhän;1
1372;151/2018;2018_151_71;näkemyksenne;1
1372;151/2018;2018_151_71;oho;1
1372;151/2018;2018_151_71;olleet;1
1372;151/2018;2018_151_71;on;8
1372;151/2018;2018_151_71;ongelmat;1
1372;151/2018;2018_151_71;opposition;1
1372;151/2018;2018_151_71;otetaan;1
1372;151/2018;2018_151_71;ovat;1
1372;151/2018;2018_151_71;poistaisivat;1
1372;151/2018;2018_151_71;poliittisen;1
1372;151/2018;2018_151_71;puhemies;2
1372;151/2018;2018_151_71;punaisena;1
1372;151/2018;2018_151_71;päivien;1
1372;151/2018;2018_151_71;rinne;1
1372;151/2018;2018_151_71;rouva;1
1372;151/2018;2018_151_71;ryhmästä;1
1372;151/2018;2018_151_71;saadaan;1
1372;151/2018;2018_151_71;saarikolta;1
1372;151/2018;2018_151_71;saatte;1
1372;151/2018;2018_151_71;saavutuksista;1
1372;151/2018;2018_151_71;se;4
1372;151/2018;2018_151_71;selvitetään;1
1372;151/2018;2018_151_71;selvitys;1
1372;151/2018;2018_151_71;selvää;1
1372;151/2018;2018_151_71;sen;2
1372;151/2018;2018_151_71;siniset;1
1372;151/2018;2018_151_71;sitten;1
1372;151/2018;2018_151_71;sosiaalidemokraatit;1
1372;151/2018;2018_151_71;sosiaalidemokraattien;1
1372;151/2018;2018_151_71;sosiaalidemokraattivaltiovarainministerit;1
1372;151/2018;2018_151_71;sote;1
1372;151/2018;2018_151_71;sote-lait;1
1372;151/2018;2018_151_71;sote-uudistus;1
1372;151/2018;2018_151_71;soteen;1
1372;151/2018;2018_151_71;suomalainen;1
1372;151/2018;2018_151_71;syntyi;1
1372;151/2018;2018_151_71;tapahtuu;1
1372;151/2018;2018_151_71;te;1
1372;151/2018;2018_151_71;tieto;1
1372;151/2018;2018_151_71;todellakin;1
1372;151/2018;2018_151_71;toimi;1
1372;151/2018;2018_151_71;toivottavasti;1
1372;151/2018;2018_151_71;tulee;1
1372;151/2018;2018_151_71;tuo;1
1372;151/2018;2018_151_71;tällainen;1
1372;151/2018;2018_151_71;tämä;1
1372;151/2018;2018_151_71;tämän;1
1372;151/2018;2018_151_71;tätä;2
1372;151/2018;2018_151_71;täällä;1
1372;151/2018;2018_151_71;ulkoistamisen;1
1372;151/2018;2018_151_71;urpilainen;1
1372;151/2018;2018_151_71;uutiset;1
1372;151/2018;2018_151_71;vaalikiiman;1
1372;151/2018;2018_151_71;valtionosuuksia;1
1372;151/2018;2018_151_71;valvovat;1
1372;151/2018;2018_151_71;vanhuksia;1
1372;151/2018;2018_151_71;vanhus;1
1372;151/2018;2018_151_71;vanhustenhoitoa;1
1372;151/2018;2018_151_71;vastaavalta;1
1372;151/2018;2018_151_71;vastustuksesta;1
1372;151/2018;2018_151_71;vedossa;1
1372;151/2018;2018_151_71;viime;1
1372;151/2018;2018_151_71;vuoksi;1
1372;151/2018;2018_151_71;väärin;2
1372;151/2018;2018_151_71;yhteiskuntavastuupykälä;2
1372;151/2018;2018_151_71;yritysten;1
1372;167/2018;2018_167_43;aikataululla;1
1372;167/2018;2018_167_43;alkuviikosta;1
1372;167/2018;2018_167_43;annoimme;1
1372;167/2018;2018_167_43;arvoisa;1
1372;167/2018;2018_167_43;asiantuntijaa;1
1372;167/2018;2018_167_43;asiassa;1
1372;167/2018;2018_167_43;asioita;1
1372;167/2018;2018_167_43;eduskunnan;1
1372;167/2018;2018_167_43;eduskunta;1
1372;167/2018;2018_167_43;eduskuntaan;2
1372;167/2018;2018_167_43;enää;1
1372;167/2018;2018_167_43;esille;1
1372;167/2018;2018_167_43;että;1
1372;167/2018;2018_167_43;hallitus;1
1372;167/2018;2018_167_43;heittää;1
1372;167/2018;2018_167_43;herra;1
1372;167/2018;2018_167_43;hingutaan;1
1372;167/2018;2018_167_43;hätäisyydestä;1
1372;167/2018;2018_167_43;itse;1
1372;167/2018;2018_167_43;ja;7
1372;167/2018;2018_167_43;jarruttaneet;1
1372;167/2018;2018_167_43;joista;1
1372;167/2018;2018_167_43;joita;1
1372;167/2018;2018_167_43;jota;1
1372;167/2018;2018_167_43;jotka;2
1372;167/2018;2018_167_43;jälleen;1
1372;167/2018;2018_167_43;jätti;1
1372;167/2018;2018_167_43;kaiken;1
1372;167/2018;2018_167_43;kaikkiaan;1
1372;167/2018;2018_167_43;kansa;1
1372;167/2018;2018_167_43;katsoo;1
1372;167/2018;2018_167_43;kauan;1
1372;167/2018;2018_167_43;kerran;1
1372;167/2018;2018_167_43;koputtaa;2
1372;167/2018;2018_167_43;korjausehdotuksineen;1
1372;167/2018;2018_167_43;kuin;1
1372;167/2018;2018_167_43;kuinka;1
1372;167/2018;2018_167_43;kuunnelkaa;1
1372;167/2018;2018_167_43;kuusi;1
1372;167/2018;2018_167_43;kymmenen;1
1372;167/2018;2018_167_43;kysynkin;1
1372;167/2018;2018_167_43;käsitelleet;1
1372;167/2018;2018_167_43;käsitellään;1
1372;167/2018;2018_167_43;käsitystä;1
1372;167/2018;2018_167_43;lakipaketit;1
1372;167/2018;2018_167_43;lausunnon;1
1372;167/2018;2018_167_43;levitetään;1
1372;167/2018;2018_167_43;liian;1
1372;167/2018;2018_167_43;lopulta;1
1372;167/2018;2018_167_43;maakuntauudistuksen;1
1372;167/2018;2018_167_43;me;1
1372;167/2018;2018_167_43;mielikuva;1
1372;167/2018;2018_167_43;miettii;1
1372;167/2018;2018_167_43;milloin;1
1372;167/2018;2018_167_43;ministeri;1
1372;167/2018;2018_167_43;naurua;1
1372;167/2018;2018_167_43;niin;1
1372;167/2018;2018_167_43;noin;1
1372;167/2018;2018_167_43;nopealla;1
1372;167/2018;2018_167_43;nyt;4
1372;167/2018;2018_167_43;näinä;1
1372;167/2018;2018_167_43;näitä;1
1372;167/2018;2018_167_43;olemme;2
1372;167/2018;2018_167_43;ollut;1
1372;167/2018;2018_167_43;on;4
1372;167/2018;2018_167_43;onko;1
1372;167/2018;2018_167_43;oppositio;1
1372;167/2018;2018_167_43;otettavia;1
1372;167/2018;2018_167_43;ovat;2
1372;167/2018;2018_167_43;parhaillaan;1
1372;167/2018;2018_167_43;perjantaina;1
1372;167/2018;2018_167_43;perustuslakivaliokunnasta;1
1372;167/2018;2018_167_43;poliittinen;1
1372;167/2018;2018_167_43;ponsia;1
1372;167/2018;2018_167_43;puhemies;3
1372;167/2018;2018_167_43;pystyykö;1
1372;167/2018;2018_167_43;pyyntöjä;1
1372;167/2018;2018_167_43;saaneet;2
1372;167/2018;2018_167_43;saarikolta;1
1372;167/2018;2018_167_43;saimme;2
1372;167/2018;2018_167_43;sellaista;1
1372;167/2018;2018_167_43;sen;1
1372;167/2018;2018_167_43;siis;1
1372;167/2018;2018_167_43;sillä;1
1372;167/2018;2018_167_43;sitten;2
1372;167/2018;2018_167_43;sosiaali;2
1372;167/2018;2018_167_43;sote;1
1372;167/2018;2018_167_43;sote-paketti;1
1372;167/2018;2018_167_43;sote-uudistusta;1
1372;167/2018;2018_167_43;suuriin;1
1372;167/2018;2018_167_43;sääntöjä;1
1372;167/2018;2018_167_43;terveysministeriöstä;1
1372;167/2018;2018_167_43;terveysvaliokunnalle;1
1372;167/2018;2018_167_43;tuhat;1
1372;167/2018;2018_167_43;tulleet;1
1372;167/2018;2018_167_43;tämä;1
1372;167/2018;2018_167_43;täysin;1
1372;167/2018;2018_167_43;täällä;1
1372;167/2018;2018_167_43;uudistuksiin;1
1372;167/2018;2018_167_43;vakavasti;1
1372;167/2018;2018_167_43;valiokunnat;1
1372;167/2018;2018_167_43;valmisteltu;1
1372;167/2018;2018_167_43;valtiosäännössä;1
1372;167/2018;2018_167_43;valtiovarainministeriöstä;1
1372;167/2018;2018_167_43;vastineet;1
1372;167/2018;2018_167_43;velvoittavat;1
1372;167/2018;2018_167_43;velvoittavia;1
1372;167/2018;2018_167_43;viime;1
1372;167/2018;2018_167_43;vuosina;1
1372;167/2018;2018_167_43;vuotta;1
1372;167/2018;2018_167_43;välihuutoja;1
1372;167/2018;2018_167_43;yli;1
1372;23/2018;2018_23_115;aidosti;2
1372;23/2018;2018_23_115;aiheuttavat;1
1372;23/2018;2018_23_115;aikanaan;1
1372;23/2018;2018_23_115;aina;1
1372;23/2018;2018_23_115;ainakin;1
1372;23/2018;2018_23_115;aivan;1
1372;23/2018;2018_23_115;ajan;1
1372;23/2018;2018_23_115;ajassa;1
1372;23/2018;2018_23_115;alla;1
1372;23/2018;2018_23_115;aloite;1
1372;23/2018;2018_23_115;aloittaman;1
1372;23/2018;2018_23_115;alulle;1
1372;23/2018;2018_23_115;analyyttisesti;1
1372;23/2018;2018_23_115;ansaittuihin;1
1372;23/2018;2018_23_115;ansiosidonnaisen;1
1372;23/2018;2018_23_115;antaa;1
1372;23/2018;2018_23_115;arvoisa;1
1372;23/2018;2018_23_115;arvokkaasti;1
1372;23/2018;2018_23_115;arvoonsa;1
1372;23/2018;2018_23_115;arvostamaani;1
1372;23/2018;2018_23_115;arvostan;1
1372;23/2018;2018_23_115;arvostavat;1
1372;23/2018;2018_23_115;arvovallalla;1
1372;23/2018;2018_23_115;asemaa;1
1372;23/2018;2018_23_115;asiaa;1
1372;23/2018;2018_23_115;asiallisesti;3
1372;23/2018;2018_23_115;asiallisia;1
1372;23/2018;2018_23_115;asiallista;1
1372;23/2018;2018_23_115;asian;1
1372;23/2018;2018_23_115;asiasta;1
1372;23/2018;2018_23_115;asiat;1
1372;23/2018;2018_23_115;asiatonta;1
1372;23/2018;2018_23_115;asioihin;1
1372;23/2018;2018_23_115;asti;1
1372;23/2018;2018_23_115;eduskunnan;1
1372;23/2018;2018_23_115;eduskunnassa;1
1372;23/2018;2018_23_115;edustaja;1
1372;23/2018;2018_23_115;ei;4
1372;23/2018;2018_23_115;eikä;1
1372;23/2018;2018_23_115;eivät;1
1372;23/2018;2018_23_115;eli;1
1372;23/2018;2018_23_115;eläketurvastaan;1
1372;23/2018;2018_23_115;eläkkeiksi;1
1372;23/2018;2018_23_115;eläkkeisiin;2
1372;23/2018;2018_23_115;emme;1
1372;23/2018;2018_23_115;entiselle;1
1372;23/2018;2018_23_115;entisiltä;1
1372;23/2018;2018_23_115;että;17
1372;23/2018;2018_23_115;haasteellista;1
1372;23/2018;2018_23_115;hakemaan;1
1372;23/2018;2018_23_115;harkintaan;1
1372;23/2018;2018_23_115;harmillisinta;1
1372;23/2018;2018_23_115;hassunkurisinta;1
1372;23/2018;2018_23_115;hauskalta;1
1372;23/2018;2018_23_115;he;3
1372;23/2018;2018_23_115;heidät;1
1372;23/2018;2018_23_115;heillä;1
1372;23/2018;2018_23_115;heitä;2
1372;23/2018;2018_23_115;henki;1
1372;23/2018;2018_23_115;herra;1
1372;23/2018;2018_23_115;hienolla;1
1372;23/2018;2018_23_115;hienosti;1
1372;23/2018;2018_23_115;hoidamme;2
1372;23/2018;2018_23_115;hoidetaan;1
1372;23/2018;2018_23_115;huomioiden;1
1372;23/2018;2018_23_115;huomioiminen;1
1372;23/2018;2018_23_115;hyvin;1
1372;23/2018;2018_23_115;hyvinkin;1
1372;23/2018;2018_23_115;hyviä;1
1372;23/2018;2018_23_115;hyvä;1
1372;23/2018;2018_23_115;hyväksyä;1
1372;23/2018;2018_23_115;häikäilemättömien;1
1372;23/2018;2018_23_115;hämmästyttänyt;1
1372;23/2018;2018_23_115;hänelle;1
1372;23/2018;2018_23_115;ihan;2
1372;23/2018;2018_23_115;ihmiset;4
1372;23/2018;2018_23_115;ihmisille;1
1372;23/2018;2018_23_115;ihmisten;1
1372;23/2018;2018_23_115;iso;1
1372;23/2018;2018_23_115;istumisen;1
1372;23/2018;2018_23_115;itse;7
1372;23/2018;2018_23_115;ja;27
1372;23/2018;2018_23_115;joilla;1
1372;23/2018;2018_23_115;joka;4
1372;23/2018;2018_23_115;jolla;1
1372;23/2018;2018_23_115;jonkun;1
1372;23/2018;2018_23_115;jos;1
1372;23/2018;2018_23_115;jossa;1
1372;23/2018;2018_23_115;jossain;1
1372;23/2018;2018_23_115;jotka;2
1372;23/2018;2018_23_115;joukko;1
1372;23/2018;2018_23_115;joukkoa;1
1372;23/2018;2018_23_115;julkisuutta;1
1372;23/2018;2018_23_115;juristi;1
1372;23/2018;2018_23_115;jälkeen;1
1372;23/2018;2018_23_115;järjestelmä;2
1372;23/2018;2018_23_115;järjestelmän;1
1372;23/2018;2018_23_115;jääkööt;1
1372;23/2018;2018_23_115;kaikkea;1
1372;23/2018;2018_23_115;kannalta;1
1372;23/2018;2018_23_115;kannattaisi;1
1372;23/2018;2018_23_115;kannattaja;1
1372;23/2018;2018_23_115;kansalaisaloitteen;1
1372;23/2018;2018_23_115;kansanedustajat;1
1372;23/2018;2018_23_115;katson;1
1372;23/2018;2018_23_115;kehuu;1
1372;23/2018;2018_23_115;kentälle;1
1372;23/2018;2018_23_115;keskustelu;1
1372;23/2018;2018_23_115;keskustelun;2
1372;23/2018;2018_23_115;kiitoksia;1
1372;23/2018;2018_23_115;kiitos;2
1372;23/2018;2018_23_115;kokenut;1
1372;23/2018;2018_23_115;koska;1
1372;23/2018;2018_23_115;kuin;8
1372;23/2018;2018_23_115;kuinka;1
1372;23/2018;2018_23_115;kuinkamoinen;1
1372;23/2018;2018_23_115;kun;4
1372;23/2018;2018_23_115;kunnioitamme;1
1372;23/2018;2018_23_115;kunnioittamalla;1
1372;23/2018;2018_23_115;kuuluu;1
1372;23/2018;2018_23_115;kuunnella;1
1372;23/2018;2018_23_115;kyllä;4
1372;23/2018;2018_23_115;kysymys;3
1372;23/2018;2018_23_115;kytkenyt;1
1372;23/2018;2018_23_115;käsitellä;1
1372;23/2018;2018_23_115;käyn;1
1372;23/2018;2018_23_115;käynnisti;1
1372;23/2018;2018_23_115;käytän;1
1372;23/2018;2018_23_115;laatii;1
1372;23/2018;2018_23_115;laatineet;1
1372;23/2018;2018_23_115;laitokseen;1
1372;23/2018;2018_23_115;legendaarista;1
1372;23/2018;2018_23_115;leikkaus;1
1372;23/2018;2018_23_115;lohelalle;1
1372;23/2018;2018_23_115;lohelan;1
1372;23/2018;2018_23_115;lopulta;1
1372;23/2018;2018_23_115;lukien;1
1372;23/2018;2018_23_115;luoda;1
1372;23/2018;2018_23_115;luonne;1
1372;23/2018;2018_23_115;luupin;1
1372;23/2018;2018_23_115;luvulle;1
1372;23/2018;2018_23_115;lähden;1
1372;23/2018;2018_23_115;löytämällä;1
1372;23/2018;2018_23_115;mahdollistaa;1
1372;23/2018;2018_23_115;maksa;1
1372;23/2018;2018_23_115;malli;1
1372;23/2018;2018_23_115;maria;2
1372;23/2018;2018_23_115;mauri;1
1372;23/2018;2018_23_115;me;5
1372;23/2018;2018_23_115;meidän;3
1372;23/2018;2018_23_115;meidät;1
1372;23/2018;2018_23_115;meillä;1
1372;23/2018;2018_23_115;menettelyn;1
1372;23/2018;2018_23_115;menettelyt;1
1372;23/2018;2018_23_115;mielestäni;2
1372;23/2018;2018_23_115;mieltä;1
1372;23/2018;2018_23_115;milloin;1
1372;23/2018;2018_23_115;minimaalisen;1
1372;23/2018;2018_23_115;minkäkinlainen;1
1372;23/2018;2018_23_115;minua;1
1372;23/2018;2018_23_115;minun;2
1372;23/2018;2018_23_115;minä;4
1372;23/2018;2018_23_115;mitä;1
1372;23/2018;2018_23_115;monen;1
1372;23/2018;2018_23_115;monestikaan;1
1372;23/2018;2018_23_115;monta;1
1372;23/2018;2018_23_115;muilta;1
1372;23/2018;2018_23_115;mukaan;1
1372;23/2018;2018_23_115;muotoa;1
1372;23/2018;2018_23_115;mutta;8
1372;23/2018;2018_23_115;muuallakin;1
1372;23/2018;2018_23_115;muun;1
1372;23/2018;2018_23_115;muurahaispesä;1
1372;23/2018;2018_23_115;muut;1
1372;23/2018;2018_23_115;muutamien;1
1372;23/2018;2018_23_115;muutamissa;1
1372;23/2018;2018_23_115;muutettava;2
1372;23/2018;2018_23_115;muutosprosessista;1
1372;23/2018;2018_23_115;määrän;1
1372;23/2018;2018_23_115;ne;4
1372;23/2018;2018_23_115;niille;1
1372;23/2018;2018_23_115;niin;8
1372;23/2018;2018_23_115;niinistö;1
1372;23/2018;2018_23_115;niissä;1
1372;23/2018;2018_23_115;noiden;1
1372;23/2018;2018_23_115;noissa;1
1372;23/2018;2018_23_115;nuorimmasta;1
1372;23/2018;2018_23_115;nykyinen;1
1372;23/2018;2018_23_115;nykyisiltä;1
1372;23/2018;2018_23_115;nyt;2
1372;23/2018;2018_23_115;näiden;1
1372;23/2018;2018_23_115;näin;1
1372;23/2018;2018_23_115;näkevät;1
1372;23/2018;2018_23_115;näkisin;2
1372;23/2018;2018_23_115;näkökulmasta;1
1372;23/2018;2018_23_115;ohjeet;1
1372;23/2018;2018_23_115;oikeasti;1
1372;23/2018;2018_23_115;oikeuksia;1
1372;23/2018;2018_23_115;ole;4
1372;23/2018;2018_23_115;olemme;1
1372;23/2018;2018_23_115;olen;9
1372;23/2018;2018_23_115;oleva;1
1372;23/2018;2018_23_115;olevani;1
1372;23/2018;2018_23_115;olisi;1
1372;23/2018;2018_23_115;ollut;1
1372;23/2018;2018_23_115;omaa;1
1372;23/2018;2018_23_115;omaan;1
1372;23/2018;2018_23_115;omasta;1
1372;23/2018;2018_23_115;omavaltaisesti;1
1372;23/2018;2018_23_115;on;23
1372;23/2018;2018_23_115;ongelma;1
1372;23/2018;2018_23_115;ongelmia;1
1372;23/2018;2018_23_115;osa;1
1372;23/2018;2018_23_115;otsikoihin;1
1372;23/2018;2018_23_115;ottaa;2
1372;23/2018;2018_23_115;ovat;3
1372;23/2018;2018_23_115;panimme;1
1372;23/2018;2018_23_115;pekkarinen;1
1372;23/2018;2018_23_115;pelkästään;1
1372;23/2018;2018_23_115;perehtyvät;1
1372;23/2018;2018_23_115;perusteita;1
1372;23/2018;2018_23_115;perustuslakivaliokunnassa;1
1372;23/2018;2018_23_115;pidetty;1
1372;23/2018;2018_23_115;piikkiinsä;1
1372;23/2018;2018_23_115;pitkästä;2
1372;23/2018;2018_23_115;pitäisi;1
1372;23/2018;2018_23_115;pitää;3
1372;23/2018;2018_23_115;populismia;1
1372;23/2018;2018_23_115;porukka;1
1372;23/2018;2018_23_115;positiivisella;1
1372;23/2018;2018_23_115;puheenvuoroissa;1
1372;23/2018;2018_23_115;puheita;1
1372;23/2018;2018_23_115;puhemiehelle;1
1372;23/2018;2018_23_115;puhemies;1
1372;23/2018;2018_23_115;puhemiesneuvosto;1
1372;23/2018;2018_23_115;puhuminen;1
1372;23/2018;2018_23_115;pukarin;1
1372;23/2018;2018_23_115;puolueen;1
1372;23/2018;2018_23_115;puuttua;2
1372;23/2018;2018_23_115;pyrimme;1
1372;23/2018;2018_23_115;päivänä;2
1372;23/2018;2018_23_115;päivärahan;1
1372;23/2018;2018_23_115;päälle;1
1372;23/2018;2018_23_115;päästä;1
1372;23/2018;2018_23_115;päättäneelle;1
1372;23/2018;2018_23_115;rahasta;1
1372;23/2018;2018_23_115;ratkaisun;1
1372;23/2018;2018_23_115;rehellisesti;1
1372;23/2018;2018_23_115;reilusti;1
1372;23/2018;2018_23_115;riitelemällä;1
1372;23/2018;2018_23_115;rooli;1
1372;23/2018;2018_23_115;rooliaan;1
1372;23/2018;2018_23_115;ryhmän;1
1372;23/2018;2018_23_115;saajienkin;1
1372;23/2018;2018_23_115;saanut;2
1372;23/2018;2018_23_115;sali;1
1372;23/2018;2018_23_115;salissa;1
1372;23/2018;2018_23_115;samanlainen;1
1372;23/2018;2018_23_115;sanoa;1
1372;23/2018;2018_23_115;sanon;1
1372;23/2018;2018_23_115;sanotusti;1
1372;23/2018;2018_23_115;se;11
1372;23/2018;2018_23_115;sellainen;1
1372;23/2018;2018_23_115;sellaiset;1
1372;23/2018;2018_23_115;semmoinen;1
1372;23/2018;2018_23_115;sen;2
1372;23/2018;2018_23_115;siellä;2
1372;23/2018;2018_23_115;siihen;3
1372;23/2018;2018_23_115;siinä;1
1372;23/2018;2018_23_115;siitä;4
1372;23/2018;2018_23_115;sillä;2
1372;23/2018;2018_23_115;sitten;5
1372;23/2018;2018_23_115;sitä;5
1372;23/2018;2018_23_115;sopeuttamiseläkkeestä;2
1372;23/2018;2018_23_115;sopeuttamisrahaan;1
1372;23/2018;2018_23_115;sopeuttamisrahasta;1
1372;23/2018;2018_23_115;suhtautua;1
1372;23/2018;2018_23_115;suoja;1
1372;23/2018;2018_23_115;suuri;1
1372;23/2018;2018_23_115;suurin;1
1372;23/2018;2018_23_115;syntynyt;1
1372;23/2018;2018_23_115;syyllinen;1
1372;23/2018;2018_23_115;syyttömiä;1
1372;23/2018;2018_23_115;syytön;1
1372;23/2018;2018_23_115;säästävät;1
1372;23/2018;2018_23_115;tai;1
1372;23/2018;2018_23_115;tarkoittaa;1
1372;23/2018;2018_23_115;tarve;1
1372;23/2018;2018_23_115;tavalla;2
1372;23/2018;2018_23_115;tehdään;2
1372;23/2018;2018_23_115;tehtävä;1
1372;23/2018;2018_23_115;tekemän;1
1372;23/2018;2018_23_115;tervehtivät;1
1372;23/2018;2018_23_115;tiedetä;1
1372;23/2018;2018_23_115;tiettyjä;1
1372;23/2018;2018_23_115;tietyn;1
1372;23/2018;2018_23_115;tietyssä;1
1372;23/2018;2018_23_115;tietysti;3
1372;23/2018;2018_23_115;todella;2
1372;23/2018;2018_23_115;todellakin;1
1372;23/2018;2018_23_115;todellinen;1
1372;23/2018;2018_23_115;toimesta;1
1372;23/2018;2018_23_115;toisia;1
1372;23/2018;2018_23_115;toisiaan;1
1372;23/2018;2018_23_115;toisiamme;2
1372;23/2018;2018_23_115;toivon;1
1372;23/2018;2018_23_115;tosiasiassa;1
1372;23/2018;2018_23_115;totesi;1
1372;23/2018;2018_23_115;totta;1
1372;23/2018;2018_23_115;tulee;1
1372;23/2018;2018_23_115;tulin;1
1372;23/2018;2018_23_115;tulkita;1
1372;23/2018;2018_23_115;tulkitaan;1
1372;23/2018;2018_23_115;tuntuu;1
1372;23/2018;2018_23_115;tuo;1
1372;23/2018;2018_23_115;tuolla;1
1372;23/2018;2018_23_115;tuon;1
1372;23/2018;2018_23_115;tuonne;1
1372;23/2018;2018_23_115;tuossa;1
1372;23/2018;2018_23_115;tuottaa;1
1372;23/2018;2018_23_115;työhön;1
1372;23/2018;2018_23_115;työn;3
1372;23/2018;2018_23_115;työnsä;1
1372;23/2018;2018_23_115;työskentely;1
1372;23/2018;2018_23_115;työtä;1
1372;23/2018;2018_23_115;tähän;4
1372;23/2018;2018_23_115;tämmöistä;1
1372;23/2018;2018_23_115;tämä;5
1372;23/2018;2018_23_115;tämän;7
1372;23/2018;2018_23_115;tänä;2
1372;23/2018;2018_23_115;tässä;2
1372;23/2018;2018_23_115;tästä;3
1372;23/2018;2018_23_115;tätä;5
1372;23/2018;2018_23_115;täytyy;1
1372;23/2018;2018_23_115;täällä;7
1372;23/2018;2018_23_115;täältä;1
1372;23/2018;2018_23_115;töitä;1
1372;23/2018;2018_23_115;tönimällä;1
1372;23/2018;2018_23_115;ulkopuolella;1
1372;23/2018;2018_23_115;ulos;1
1372;23/2018;2018_23_115;upealle;1
1372;23/2018;2018_23_115;vaan;1
1372;23/2018;2018_23_115;vahinkoa;1
1372;23/2018;2018_23_115;vaiheessa;1
1372;23/2018;2018_23_115;vaikuttanut;1
1372;23/2018;2018_23_115;vakavasta;1
1372;23/2018;2018_23_115;vakaviakin;1
1372;23/2018;2018_23_115;valiokunnissa;1
1372;23/2018;2018_23_115;valmistelun;1
1372;23/2018;2018_23_115;vanhoihin;1
1372;23/2018;2018_23_115;varaa;1
1372;23/2018;2018_23_115;varmastikin;1
1372;23/2018;2018_23_115;vie;1
1372;23/2018;2018_23_115;viesti;1
1372;23/2018;2018_23_115;viestiä;1
1372;23/2018;2018_23_115;vihaiselle;1
1372;23/2018;2018_23_115;viiteryhmäkavereilta;1
1372;23/2018;2018_23_115;voidaan;2
1372;23/2018;2018_23_115;voisi;1
1372;23/2018;2018_23_115;värikkäämpää;1
1372;23/2018;2018_23_115;väärinkäytetään;1
1372;23/2018;2018_23_115;väärinkäyttävät;1
1372;23/2018;2018_23_115;väärinkäyttää;1
1372;23/2018;2018_23_115;yhteiskunnassa;2
1372;23/2018;2018_23_115;yhteiskunnasta;1
1372;23/2018;2018_23_115;yhteiskuntaa;1
1372;23/2018;2018_23_115;ymmärtää;1
1372;23/2018;2018_23_115;yrittäjä;1
1372;23/2018;2018_23_115;yrittäjäeläkettä;1
1372;23/2018;2018_23_115;yrittäjän;1
1372;23/2018;2018_23_115;yrittäjänä;1
1372;23/2018;2018_23_115;yrittäjätaustainen;1
1372;29/2018;2018_29_8;aikaan;1
1372;29/2018;2018_29_8;aikanaan;1
1372;29/2018;2018_29_8;aina;1
1372;29/2018;2018_29_8;akateemikko;1
1372;29/2018;2018_29_8;alaisuudessa;1
1372;29/2018;2018_29_8;alansa;1
1372;29/2018;2018_29_8;ammattilaisia;1
1372;29/2018;2018_29_8;ammattitaitoon;1
1372;29/2018;2018_29_8;arvioidusti;1
1372;29/2018;2018_29_8;arvoisa;1
1372;29/2018;2018_29_8;asia;1
1372;29/2018;2018_29_8;asiantuntemukseen;1
1372;29/2018;2018_29_8;asiantuntemusta;1
1372;29/2018;2018_29_8;asioiden;2
1372;29/2018;2018_29_8;dramaattisissa;1
1372;29/2018;2018_29_8;edellä;1
1372;29/2018;2018_29_8;edessä;1
1372;29/2018;2018_29_8;eduskunnassa;1
1372;29/2018;2018_29_8;ei;3
1372;29/2018;2018_29_8;elämän;1
1372;29/2018;2018_29_8;elämänsä;2
1372;29/2018;2018_29_8;elämässä;1
1372;29/2018;2018_29_8;enemmän;1
1372;29/2018;2018_29_8;ennen;1
1372;29/2018;2018_29_8;erikois-alojen;1
1372;29/2018;2018_29_8;erikoisosaamisen;1
1372;29/2018;2018_29_8;erikoissyyttäjien;1
1372;29/2018;2018_29_8;erikoistumisjärjestelmää;1
1372;29/2018;2018_29_8;erillisistä;1
1372;29/2018;2018_29_8;erittäin;2
1372;29/2018;2018_29_8;esityksen;1
1372;29/2018;2018_29_8;ettei;1
1372;29/2018;2018_29_8;että;9
1372;29/2018;2018_29_8;haasteet;1
1372;29/2018;2018_29_8;haavikko;1
1372;29/2018;2018_29_8;haavikkoa;1
1372;29/2018;2018_29_8;haluamme;2
1372;29/2018;2018_29_8;he;1
1372;29/2018;2018_29_8;heidän;1
1372;29/2018;2018_29_8;heikoimmilla;1
1372;29/2018;2018_29_8;heiltä;1
1372;29/2018;2018_29_8;helpottaa;2
1372;29/2018;2018_29_8;henkilöstöltään;1
1372;29/2018;2018_29_8;herkullista;1
1372;29/2018;2018_29_8;hirressä;1
1372;29/2018;2018_29_8;hiukan;1
1372;29/2018;2018_29_8;huolehtii;1
1372;29/2018;2018_29_8;huolellisesti;1
1372;29/2018;2018_29_8;hyvin;1
1372;29/2018;2018_29_8;hyvä;1
1372;29/2018;2018_29_8;hyödyntää;1
1372;29/2018;2018_29_8;ihminen;2
1372;29/2018;2018_29_8;ihmiselle;1
1372;29/2018;2018_29_8;ihmisen;1
1372;29/2018;2018_29_8;ihmiset;1
1372;29/2018;2018_29_8;ihmisten;2
1372;29/2018;2018_29_8;itse;1
1372;29/2018;2018_29_8;ja;25
1372;29/2018;2018_29_8;jakavat;1
1372;29/2018;2018_29_8;joille;1
1372;29/2018;2018_29_8;joitakin;1
1372;29/2018;2018_29_8;joka;2
1372;29/2018;2018_29_8;jokainen;2
1372;29/2018;2018_29_8;jokaisen;1
1372;29/2018;2018_29_8;jos;1
1372;29/2018;2018_29_8;joskus;2
1372;29/2018;2018_29_8;jotka;2
1372;29/2018;2018_29_8;jälkeen;1
1372;29/2018;2018_29_8;kaikille;1
1372;29/2018;2018_29_8;kaikkein;2
1372;29/2018;2018_29_8;kannalta;1
1372;29/2018;2018_29_8;kansalaisen;1
1372;29/2018;2018_29_8;kansalaisten;1
1372;29/2018;2018_29_8;kanssa;2
1372;29/2018;2018_29_8;kas;1
1372;29/2018;2018_29_8;kautta;1
1372;29/2018;2018_29_8;kehittää;1
1372;29/2018;2018_29_8;keskeisiä;1
1372;29/2018;2018_29_8;keskitetysti;1
1372;29/2018;2018_29_8;keskitetyt;1
1372;29/2018;2018_29_8;kihniössä;1
1372;29/2018;2018_29_8;kirjailija;2
1372;29/2018;2018_29_8;kohtaan;1
1372;29/2018;2018_29_8;kohtelun;1
1372;29/2018;2018_29_8;kohtuutta;2
1372;29/2018;2018_29_8;kritiikki;1
1372;29/2018;2018_29_8;kuin;1
1372;29/2018;2018_29_8;kuitenkin;1
1372;29/2018;2018_29_8;kummaa;1
1372;29/2018;2018_29_8;kun;1
1372;29/2018;2018_29_8;kuten;1
1372;29/2018;2018_29_8;kuulimme;1
1372;29/2018;2018_29_8;kuunneltu;1
1372;29/2018;2018_29_8;käsittelyaikoja;1
1372;29/2018;2018_29_8;käsittelyä;1
1372;29/2018;2018_29_8;käydä;1
1372;29/2018;2018_29_8;käänteissä;2
1372;29/2018;2018_29_8;laatu;1
1372;29/2018;2018_29_8;lain;3
1372;29/2018;2018_29_8;lainlaatijat;1
1372;29/2018;2018_29_8;lainsäätäjät;1
1372;29/2018;2018_29_8;lakiesityksellä;1
1372;29/2018;2018_29_8;liian;1
1372;29/2018;2018_29_8;lisäävät;1
1372;29/2018;2018_29_8;lyhentää;1
1372;29/2018;2018_29_8;läpi;1
1372;29/2018;2018_29_8;löysässä;1
1372;29/2018;2018_29_8;maailma;1
1372;29/2018;2018_29_8;maamme;1
1372;29/2018;2018_29_8;mahdollisella;1
1372;29/2018;2018_29_8;mahdollisimman;1
1372;29/2018;2018_29_8;mahdollisuuksia;1
1372;29/2018;2018_29_8;me;2
1372;29/2018;2018_29_8;meidän;1
1372;29/2018;2018_29_8;merkittävästi;1
1372;29/2018;2018_29_8;mielestä;1
1372;29/2018;2018_29_8;mikä;1
1372;29/2018;2018_29_8;ministerin;1
1372;29/2018;2018_29_8;missä;1
1372;29/2018;2018_29_8;mitä;2
1372;29/2018;2018_29_8;monenlaisia;1
1372;29/2018;2018_29_8;mukaan;1
1372;29/2018;2018_29_8;mukaisiin;1
1372;29/2018;2018_29_8;mullistuksissa;1
1372;29/2018;2018_29_8;muodostetaan;1
1372;29/2018;2018_29_8;muuttuneet;1
1372;29/2018;2018_29_8;myrskyissä;1
1372;29/2018;2018_29_8;myrskyä;1
1372;29/2018;2018_29_8;myös;5
1372;29/2018;2018_29_8;määrään;1
1372;29/2018;2018_29_8;niiden;1
1372;29/2018;2018_29_8;nykyisiä;1
1372;29/2018;2018_29_8;nyt;1
1372;29/2018;2018_29_8;näin;3
1372;29/2018;2018_29_8;objektiivisesti;1
1372;29/2018;2018_29_8;odottaa;1
1372;29/2018;2018_29_8;oikeudellinen;1
1372;29/2018;2018_29_8;oikeudenmukaisella;1
1372;29/2018;2018_29_8;oikeusistuimet;1
1372;29/2018;2018_29_8;oikeuslaitokseen;1
1372;29/2018;2018_29_8;oikeuslaitoksen;1
1372;29/2018;2018_29_8;oikeusturva;1
1372;29/2018;2018_29_8;oikeusturvan;1
1372;29/2018;2018_29_8;oikeutta;6
1372;29/2018;2018_29_8;ole;1
1372;29/2018;2018_29_8;olemme;1
1372;29/2018;2018_29_8;olipa;1
1372;29/2018;2018_29_8;olla;1
1372;29/2018;2018_29_8;ollut;1
1372;29/2018;2018_29_8;oman;1
1372;29/2018;2018_29_8;omia;1
1372;29/2018;2018_29_8;on;12
1372;29/2018;2018_29_8;ongelmaa;1
1372;29/2018;2018_29_8;ongelmia;1
1372;29/2018;2018_29_8;organisaatio;1
1372;29/2018;2018_29_8;organisaatiomalli;1
1372;29/2018;2018_29_8;organisoiminen;1
1372;29/2018;2018_29_8;osaaminen;1
1372;29/2018;2018_29_8;osaamista;2
1372;29/2018;2018_29_8;osastoina;1
1372;29/2018;2018_29_8;otsikoidaan;1
1372;29/2018;2018_29_8;ovat;6
1372;29/2018;2018_29_8;paavo;2
1372;29/2018;2018_29_8;paranee;1
1372;29/2018;2018_29_8;paranevat;1
1372;29/2018;2018_29_8;parhaalla;1
1372;29/2018;2018_29_8;parhaillaan;1
1372;29/2018;2018_29_8;parissa;1
1372;29/2018;2018_29_8;perustua;1
1372;29/2018;2018_29_8;pessimistisesti;1
1372;29/2018;2018_29_8;pitää;1
1372;29/2018;2018_29_8;poliisin;1
1372;29/2018;2018_29_8;puhemies;1
1372;29/2018;2018_29_8;pyritään;1
1372;29/2018;2018_29_8;pyydät;1
1372;29/2018;2018_29_8;päätyvät;1
1372;29/2018;2018_29_8;päätyy;1
1372;29/2018;2018_29_8;riippumatta;1
1372;29/2018;2018_29_8;rikoksesta;1
1372;29/2018;2018_29_8;rikos;1
1372;29/2018;2018_29_8;rikosasioiden;1
1372;29/2018;2018_29_8;roikkuminen;1
1372;29/2018;2018_29_8;rouva;1
1372;29/2018;2018_29_8;saa;3
1372;29/2018;2018_29_8;saadaan;1
1372;29/2018;2018_29_8;saamaan;1
1372;29/2018;2018_29_8;saan;1
1372;29/2018;2018_29_8;saaristossa;1
1372;29/2018;2018_29_8;samaan;1
1372;29/2018;2018_29_8;samalla;1
1372;29/2018;2018_29_8;samanlaisiksi;1
1372;29/2018;2018_29_8;sarkastisesti;1
1372;29/2018;2018_29_8;savukoskella;1
1372;29/2018;2018_29_8;se;3
1372;29/2018;2018_29_8;sekä;1
1372;29/2018;2018_29_8;selvästi;1
1372;29/2018;2018_29_8;sen;3
1372;29/2018;2018_29_8;seuraa;1
1372;29/2018;2018_29_8;seuraamus;1
1372;29/2018;2018_29_8;siis;1
1372;29/2018;2018_29_8;siitä;2
1372;29/2018;2018_29_8;silloin;1
1372;29/2018;2018_29_8;sillä;1
1372;29/2018;2018_29_8;sinisten;1
1372;29/2018;2018_29_8;sisäisen;1
1372;29/2018;2018_29_8;siteerata;1
1372;29/2018;2018_29_8;sitten;1
1372;29/2018;2018_29_8;sitä;2
1372;29/2018;2018_29_8;suhtautui;1
1372;29/2018;2018_29_8;suhteessa;1
1372;29/2018;2018_29_8;suomen;1
1372;29/2018;2018_29_8;suulla;1
1372;29/2018;2018_29_8;suunnata;1
1372;29/2018;2018_29_8;suurempia;1
1372;29/2018;2018_29_8;suurimpia;1
1372;29/2018;2018_29_8;suurissa;3
1372;29/2018;2018_29_8;syyttäjien;4
1372;29/2018;2018_29_8;syyttäjiä;1
1372;29/2018;2018_29_8;syyttäjä;2
1372;29/2018;2018_29_8;syyttäjäalueet;1
1372;29/2018;2018_29_8;syyttäjälaitoksen;3
1372;29/2018;2018_29_8;syyttäjälaitos;3
1372;29/2018;2018_29_8;syyttäjälaitos-niminen;1
1372;29/2018;2018_29_8;syyttäjän;1
1372;29/2018;2018_29_8;syyttäjänvirastoista;1
1372;29/2018;2018_29_8;syyttäjänvirastoja;1
1372;29/2018;2018_29_8;syyttäjänvirastosta;1
1372;29/2018;2018_29_8;syyttäjät;1
1372;29/2018;2018_29_8;syyttäjäyhdistyksen;1
1372;29/2018;2018_29_8;syyttämiskäytäntöjen;1
1372;29/2018;2018_29_8;taas;1
1372;29/2018;2018_29_8;tahoja;1
1372;29/2018;2018_29_8;tai;2
1372;29/2018;2018_29_8;taikka;1
1372;29/2018;2018_29_8;tapahtunut;2
1372;29/2018;2018_29_8;tarkoittama;1
1372;29/2018;2018_29_8;tarvitse;1
1372;29/2018;2018_29_8;tavalla;2
1372;29/2018;2018_29_8;tavoitellaan;1
1372;29/2018;2018_29_8;tavoitteena;1
1372;29/2018;2018_29_8;tavoitteita;1
1372;29/2018;2018_29_8;tehdä;1
1372;29/2018;2018_29_8;tehneet;1
1372;29/2018;2018_29_8;tehokkaampia;1
1372;29/2018;2018_29_8;tehokkaimmin;1
1372;29/2018;2018_29_8;tehostaa;1
1372;29/2018;2018_29_8;tehostetaan;1
1372;29/2018;2018_29_8;tehty;1
1372;29/2018;2018_29_8;tehtäviin;1
1372;29/2018;2018_29_8;tekemisiin;2
1372;29/2018;2018_29_8;tietojärjestelmien;1
1372;29/2018;2018_29_8;tietysti;2
1372;29/2018;2018_29_8;toimialueeltaan;1
1372;29/2018;2018_29_8;toiminnot;1
1372;29/2018;2018_29_8;toimintaa;1
1372;29/2018;2018_29_8;toimivat;1
1372;29/2018;2018_29_8;toimivista;1
1372;29/2018;2018_29_8;toisella;1
1372;29/2018;2018_29_8;toiselle;1
1372;29/2018;2018_29_8;tule;1
1372;29/2018;2018_29_8;tulee;4
1372;29/2018;2018_29_8;tuossa;1
1372;29/2018;2018_29_8;turun;1
1372;29/2018;2018_29_8;turvallisuuden;1
1372;29/2018;2018_29_8;turvallisuusympäristö;1
1372;29/2018;2018_29_8;tyyntä;1
1372;29/2018;2018_29_8;työn;1
1372;29/2018;2018_29_8;työnsä;1
1372;29/2018;2018_29_8;työpanos;1
1372;29/2018;2018_29_8;työprosessit;1
1372;29/2018;2018_29_8;työskentelee;1
1372;29/2018;2018_29_8;työtä;1
1372;29/2018;2018_29_8;tällä;1
1372;29/2018;2018_29_8;tärkeimpiin;1
1372;29/2018;2018_29_8;tärkeä;1
1372;29/2018;2018_29_8;tärkeää;1
1372;29/2018;2018_29_8;täydellisiä;1
1372;29/2018;2018_29_8;täällä;1
1372;29/2018;2018_29_8;usein;1
1372;29/2018;2018_29_8;uskomme;1
1372;29/2018;2018_29_8;uudella;1
1372;29/2018;2018_29_8;uudistetaan;1
1372;29/2018;2018_29_8;uudistuksen;2
1372;29/2018;2018_29_8;uudistusvuorossa;1
1372;29/2018;2018_29_8;uusi;2
1372;29/2018;2018_29_8;uusien;1
1372;29/2018;2018_29_8;vaatii;1
1372;29/2018;2018_29_8;vahingossa;1
1372;29/2018;2018_29_8;vain;1
1372;29/2018;2018_29_8;valita;1
1372;29/2018;2018_29_8;valmistelussa;1
1372;29/2018;2018_29_8;valtakunnallisesti;1
1372;29/2018;2018_29_8;valtakunnalliset;1
1372;29/2018;2018_29_8;valtakunnansyyttäjänvirastosta;1
1372;29/2018;2018_29_8;valtion;1
1372;29/2018;2018_29_8;varmistaa;2
1372;29/2018;2018_29_8;varmistamassa;1
1372;29/2018;2018_29_8;varmistu;1
1372;29/2018;2018_29_8;vastoinkäymisiään;1
1372;29/2018;2018_29_8;viime;1
1372;29/2018;2018_29_8;viisauteen;1
1372;29/2018;2018_29_8;viranomainen;1
1372;29/2018;2018_29_8;virasto;2
1372;29/2018;2018_29_8;virastoksi;1
1372;29/2018;2018_29_8;virastona;1
1372;29/2018;2018_29_8;voi;2
1372;29/2018;2018_29_8;voidaan;2
1372;29/2018;2018_29_8;voimme;1
1372;29/2018;2018_29_8;voitaisiin;1
1372;29/2018;2018_29_8;vuosikausia;1
1372;29/2018;2018_29_8;vuosina;1
1372;29/2018;2018_29_8;vähän;1
1372;29/2018;2018_29_8;väärin;1
1372;29/2018;2018_29_8;vääryyttä;1
1372;29/2018;2018_29_8;yhdeksi;1
1372;29/2018;2018_29_8;yhdenmukaisuutta;1
1372;29/2018;2018_29_8;yhdenvertaisuus;1
1372;29/2018;2018_29_8;yhdestätoista;1
1372;29/2018;2018_29_8;yhtenä;1
1372;29/2018;2018_29_8;yhtenäiset;1
1372;29/2018;2018_29_8;yhtenäistetään;1
1372;29/2018;2018_29_8;yhtäläisen;1
1372;29/2018;2018_29_8;yhtäläistä;1
1372;29/2018;2018_29_8;yhä;1
1372;29/2018;2018_29_8;yksi;2
1372;29/2018;2018_29_8;yksinkertaistaa;1
1372;29/2018;2018_29_8;yksityiskohtia;1
1372;47/2018;2018_47_10;aika;1
1372;47/2018;2018_47_10;aikaan;1
1372;47/2018;2018_47_10;aikaisemman;1
1372;47/2018;2018_47_10;aikana;2
1372;47/2018;2018_47_10;ainoa;1
1372;47/2018;2018_47_10;ajautua;1
1372;47/2018;2018_47_10;alentaa;1
1372;47/2018;2018_47_10;alle;1
1372;47/2018;2018_47_10;antamista;1
1372;47/2018;2018_47_10;arhinmäki;1
1372;47/2018;2018_47_10;arjessa;1
1372;47/2018;2018_47_10;arkeen;1
1372;47/2018;2018_47_10;arvoisa;5
1372;47/2018;2018_47_10;asioita;1
1372;47/2018;2018_47_10;aukaisemista;1
1372;47/2018;2018_47_10;demarit;1
1372;47/2018;2018_47_10;edellisen;1
1372;47/2018;2018_47_10;edesautettu;1
1372;47/2018;2018_47_10;edistämiseksi;1
1372;47/2018;2018_47_10;ei;9
1372;47/2018;2018_47_10;eikä;1
1372;47/2018;2018_47_10;elämmehän;1
1372;47/2018;2018_47_10;elämänilon;1
1372;47/2018;2018_47_10;emme;1
1372;47/2018;2018_47_10;eniten;1
1372;47/2018;2018_47_10;ensimmäisiä;1
1372;47/2018;2018_47_10;enää;1
1372;47/2018;2018_47_10;epätoivoa;1
1372;47/2018;2018_47_10;epävarmuuden;2
1372;47/2018;2018_47_10;epävarmuus;1
1372;47/2018;2018_47_10;epävarmuutta;1
1372;47/2018;2018_47_10;eriarvoisuutta;1
1372;47/2018;2018_47_10;erityisesti;1
1372;47/2018;2018_47_10;esitetty;1
1372;47/2018;2018_47_10;esitti;1
1372;47/2018;2018_47_10;estä;1
1372;47/2018;2018_47_10;estää;1
1372;47/2018;2018_47_10;että;1
1372;47/2018;2018_47_10;halla-aho;1
1372;47/2018;2018_47_10;hallituksen;8
1372;47/2018;2018_47_10;hallitus;3
1372;47/2018;2018_47_10;hallitusta;1
1372;47/2018;2018_47_10;halusi;1
1372;47/2018;2018_47_10;hampaidenkiristystä;1
1372;47/2018;2018_47_10;harva;1
1372;47/2018;2018_47_10;heitetään;1
1372;47/2018;2018_47_10;heittää;1
1372;47/2018;2018_47_10;heitä;1
1372;47/2018;2018_47_10;helpompi;1
1372;47/2018;2018_47_10;hoito;1
1372;47/2018;2018_47_10;huhtasaarta;1
1372;47/2018;2018_47_10;huippuarvoissa;1
1372;47/2018;2018_47_10;huoli;2
1372;47/2018;2018_47_10;huolissaan;1
1372;47/2018;2018_47_10;huomioidaan;1
1372;47/2018;2018_47_10;huovinen;1
1372;47/2018;2018_47_10;hyvä;1
1372;47/2018;2018_47_10;ihmisen;1
1372;47/2018;2018_47_10;ihmiset;1
1372;47/2018;2018_47_10;ihmisethän;1
1372;47/2018;2018_47_10;ihmisille;1
1372;47/2018;2018_47_10;ihmiskasvoista;1
1372;47/2018;2018_47_10;ihmisten;1
1372;47/2018;2018_47_10;ihmistä;1
1372;47/2018;2018_47_10;ilman;1
1372;47/2018;2018_47_10;ilmoittanut;1
1372;47/2018;2018_47_10;irtisanomisen;1
1372;47/2018;2018_47_10;itkua;1
1372;47/2018;2018_47_10;ja;15
1372;47/2018;2018_47_10;jalkansa;1
1372;47/2018;2018_47_10;jari;1
1372;47/2018;2018_47_10;jarppaa;1
1372;47/2018;2018_47_10;jatkaa;1
1372;47/2018;2018_47_10;jo;1
1372;47/2018;2018_47_10;johdolla;1
1372;47/2018;2018_47_10;jolloin;1
1372;47/2018;2018_47_10;jonka;2
1372;47/2018;2018_47_10;jos;2
1372;47/2018;2018_47_10;jota;1
1372;47/2018;2018_47_10;jotain;1
1372;47/2018;2018_47_10;jotka;1
1372;47/2018;2018_47_10;jotta;2
1372;47/2018;2018_47_10;jälkeen;2
1372;47/2018;2018_47_10;jälleen;1
1372;47/2018;2018_47_10;jää;1
1372;47/2018;2018_47_10;jäämme;1
1372;47/2018;2018_47_10;kadon;1
1372;47/2018;2018_47_10;kadottaa;1
1372;47/2018;2018_47_10;kaikki;1
1372;47/2018;2018_47_10;kannattavansa;1
1372;47/2018;2018_47_10;kannustimia;1
1372;47/2018;2018_47_10;kansa;1
1372;47/2018;2018_47_10;kansainväliset;1
1372;47/2018;2018_47_10;kansalaisen;1
1372;47/2018;2018_47_10;kantavat;1
1372;47/2018;2018_47_10;kapteeni;1
1372;47/2018;2018_47_10;karikolla;1
1372;47/2018;2018_47_10;kasvanut;1
1372;47/2018;2018_47_10;kasvattamatta;1
1372;47/2018;2018_47_10;katosi;1
1372;47/2018;2018_47_10;kauden;1
1372;47/2018;2018_47_10;kehitykseen;1
1372;47/2018;2018_47_10;kehitys;1
1372;47/2018;2018_47_10;kehysriihessä;1
1372;47/2018;2018_47_10;keinoja;1
1372;47/2018;2018_47_10;kerran;1
1372;47/2018;2018_47_10;kertyy;1
1372;47/2018;2018_47_10;keskustelemme;1
1372;47/2018;2018_47_10;kevään;1
1372;47/2018;2018_47_10;kierteeseen;1
1372;47/2018;2018_47_10;kiistää;1
1372;47/2018;2018_47_10;kivi;1
1372;47/2018;2018_47_10;koko;1
1372;47/2018;2018_47_10;kokoomuksen;1
1372;47/2018;2018_47_10;kolikkoa;2
1372;47/2018;2018_47_10;kolmekymppisten;1
1372;47/2018;2018_47_10;korjaamiseen;1
1372;47/2018;2018_47_10;koska;3
1372;47/2018;2018_47_10;kotoisemmin;1
1372;47/2018;2018_47_10;kuin;1
1372;47/2018;2018_47_10;kuinka;2
1372;47/2018;2018_47_10;kuluttajien;1
1372;47/2018;2018_47_10;kummalle;1
1372;47/2018;2018_47_10;kun;2
1372;47/2018;2018_47_10;kymmeniin;1
1372;47/2018;2018_47_10;käännytään;1
1372;47/2018;2018_47_10;laivan;1
1372;47/2018;2018_47_10;lakia;1
1372;47/2018;2018_47_10;leirissä;1
1372;47/2018;2018_47_10;lindströmiä;1
1372;47/2018;2018_47_10;linja;1
1372;47/2018;2018_47_10;linjassaan;1
1372;47/2018;2018_47_10;lisäksi;1
1372;47/2018;2018_47_10;lisäämistä;1
1372;47/2018;2018_47_10;lisääntymishaaveet;1
1372;47/2018;2018_47_10;lisääntynyt;1
1372;47/2018;2018_47_10;lopulta;1
1372;47/2018;2018_47_10;loukkaamisesta;1
1372;47/2018;2018_47_10;luomisesta;1
1372;47/2018;2018_47_10;luopumista;1
1372;47/2018;2018_47_10;luottaa;1
1372;47/2018;2018_47_10;luottamus;1
1372;47/2018;2018_47_10;luovat;1
1372;47/2018;2018_47_10;luovuta;1
1372;47/2018;2018_47_10;lupauksia;1
1372;47/2018;2018_47_10;lähes;1
1372;47/2018;2018_47_10;löytää;1
1372;47/2018;2018_47_10;maassa;1
1372;47/2018;2018_47_10;mahdollista;1
1372;47/2018;2018_47_10;mahdollisuuksien;1
1372;47/2018;2018_47_10;me;1
1372;47/2018;2018_47_10;meille;1
1372;47/2018;2018_47_10;meilläkin;1
1372;47/2018;2018_47_10;mennessä;1
1372;47/2018;2018_47_10;merkittävästi;1
1372;47/2018;2018_47_10;mielenkiinnolla;1
1372;47/2018;2018_47_10;mieliin;1
1372;47/2018;2018_47_10;miten;1
1372;47/2018;2018_47_10;mittaushistoriansa;1
1372;47/2018;2018_47_10;mitätöidä;1
1372;47/2018;2018_47_10;mukaan;1
1372;47/2018;2018_47_10;mustaa;1
1372;47/2018;2018_47_10;muutokset;1
1372;47/2018;2018_47_10;myös;3
1372;47/2018;2018_47_10;määräaikaisen;1
1372;47/2018;2018_47_10;neutraaleja;1
1372;47/2018;2018_47_10;niin;3
1372;47/2018;2018_47_10;niitä;1
1372;47/2018;2018_47_10;nimenomaan;1
1372;47/2018;2018_47_10;noin;1
1372;47/2018;2018_47_10;nuorella;1
1372;47/2018;2018_47_10;nuoret;1
1372;47/2018;2018_47_10;nuori;1
1372;47/2018;2018_47_10;nuorille;2
1372;47/2018;2018_47_10;nuorten;4
1372;47/2018;2018_47_10;näitä;1
1372;47/2018;2018_47_10;näkyy;1
1372;47/2018;2018_47_10;odottamaan;1
1372;47/2018;2018_47_10;oikeusvaltiossa;1
1372;47/2018;2018_47_10;ole;2
1372;47/2018;2018_47_10;olekaan;1
1372;47/2018;2018_47_10;olisi;1
1372;47/2018;2018_47_10;olla;1
1372;47/2018;2018_47_10;ollaan;1
1372;47/2018;2018_47_10;olleet;1
1372;47/2018;2018_47_10;ollut;1
1372;47/2018;2018_47_10;on;16
1372;47/2018;2018_47_10;onkin;1
1372;47/2018;2018_47_10;onnistu;1
1372;47/2018;2018_47_10;oppositio;1
1372;47/2018;2018_47_10;opposition;1
1372;47/2018;2018_47_10;oppositiopuolueista;1
1372;47/2018;2018_47_10;osallisuus;1
1372;47/2018;2018_47_10;ovat;6
1372;47/2018;2018_47_10;ovenrakoon;1
1372;47/2018;2018_47_10;ovien;1
1372;47/2018;2018_47_10;paavo;1
1372;47/2018;2018_47_10;palautetaan;1
1372;47/2018;2018_47_10;palkata;1
1372;47/2018;2018_47_10;parantaneet;1
1372;47/2018;2018_47_10;parantunut;1
1372;47/2018;2018_47_10;parhaassa;1
1372;47/2018;2018_47_10;perheiden;1
1372;47/2018;2018_47_10;perussuomalaisilla;1
1372;47/2018;2018_47_10;perussuomalaisten;1
1372;47/2018;2018_47_10;perustaminen;1
1372;47/2018;2018_47_10;perusteettomia;1
1372;47/2018;2018_47_10;perusteiden;1
1372;47/2018;2018_47_10;perustuslaki;1
1372;47/2018;2018_47_10;perämiestä;1
1372;47/2018;2018_47_10;pia;1
1372;47/2018;2018_47_10;pienet;2
1372;47/2018;2018_47_10;pienissä;2
1372;47/2018;2018_47_10;pienyrittäjiltä;1
1372;47/2018;2018_47_10;pitää;2
1372;47/2018;2018_47_10;populistisia;1
1372;47/2018;2018_47_10;puheenjohtaja;1
1372;47/2018;2018_47_10;puhemies;6
1372;47/2018;2018_47_10;puhutaan;1
1372;47/2018;2018_47_10;pullassa;1
1372;47/2018;2018_47_10;punavihreiden;1
1372;47/2018;2018_47_10;puolelle;1
1372;47/2018;2018_47_10;puolueen;1
1372;47/2018;2018_47_10;päästään;1
1372;47/2018;2018_47_10;rekrytointi;1
1372;47/2018;2018_47_10;rekrytointiriskiä;1
1372;47/2018;2018_47_10;riskin;1
1372;47/2018;2018_47_10;ryhmä;1
1372;47/2018;2018_47_10;saa;1
1372;47/2018;2018_47_10;saada;2
1372;47/2018;2018_47_10;saaminen;1
1372;47/2018;2018_47_10;saaneet;1
1372;47/2018;2018_47_10;saatava;1
1372;47/2018;2018_47_10;saatu;2
1372;47/2018;2018_47_10;saavutukset;2
1372;47/2018;2018_47_10;saisi;1
1372;47/2018;2018_47_10;sama;1
1372;47/2018;2018_47_10;samalla;1
1372;47/2018;2018_47_10;satatuhatta;1
1372;47/2018;2018_47_10;sdp;1
1372;47/2018;2018_47_10;se;6
1372;47/2018;2018_47_10;selittää;1
1372;47/2018;2018_47_10;selkeyttäminen;1
1372;47/2018;2018_47_10;selkeä;1
1372;47/2018;2018_47_10;sen;1
1372;47/2018;2018_47_10;siirtyy;1
1372;47/2018;2018_47_10;siirtää;1
1372;47/2018;2018_47_10;siis;3
1372;47/2018;2018_47_10;siitä;3
1372;47/2018;2018_47_10;sijaan;1
1372;47/2018;2018_47_10;sille;1
1372;47/2018;2018_47_10;silloin;1
1372;47/2018;2018_47_10;sinisten;1
1372;47/2018;2018_47_10;sinistä;1
1372;47/2018;2018_47_10;sopimuksen;1
1372;47/2018;2018_47_10;sopimuksetkin;1
1372;47/2018;2018_47_10;sosiaaliturvaan;1
1372;47/2018;2018_47_10;suhteen;1
1372;47/2018;2018_47_10;sujui;1
1372;47/2018;2018_47_10;suomalainen;1
1372;47/2018;2018_47_10;suomeen;1
1372;47/2018;2018_47_10;suomesta;1
1372;47/2018;2018_47_10;susanna;1
1372;47/2018;2018_47_10;suuri;1
1372;47/2018;2018_47_10;suurimman;1
1372;47/2018;2018_47_10;syrjintää;1
1372;47/2018;2018_47_10;syrjivää;1
1372;47/2018;2018_47_10;syyttämästä;1
1372;47/2018;2018_47_10;syytä;1
1372;47/2018;2018_47_10;säädä;1
1372;47/2018;2018_47_10;säätelee;1
1372;47/2018;2018_47_10;tai;1
1372;47/2018;2018_47_10;takaisin;1
1372;47/2018;2018_47_10;talouden;1
1372;47/2018;2018_47_10;talouspolitiikan;1
1372;47/2018;2018_47_10;tarkistettavaa;1
1372;47/2018;2018_47_10;tarvittu;1
1372;47/2018;2018_47_10;tehdyt;1
1372;47/2018;2018_47_10;tehdä;1
1372;47/2018;2018_47_10;tehtiin;1
1372;47/2018;2018_47_10;tehtäviä;1
1372;47/2018;2018_47_10;tehtävään;1
1372;47/2018;2018_47_10;tekeminen;1
1372;47/2018;2018_47_10;tilastokeskuksen;1
1372;47/2018;2018_47_10;toimeliaisuus;1
1372;47/2018;2018_47_10;toimiin;1
1372;47/2018;2018_47_10;toimilla;1
1372;47/2018;2018_47_10;toiseen;1
1372;47/2018;2018_47_10;totuus;2
1372;47/2018;2018_47_10;tulevaisuudenuskoa;1
1372;47/2018;2018_47_10;tulipunaista;1
1372;47/2018;2018_47_10;tuloeroihin;1
1372;47/2018;2018_47_10;tuoneet;1
1372;47/2018;2018_47_10;tuovat;1
1372;47/2018;2018_47_10;turvallisuutta;1
1372;47/2018;2018_47_10;tutkitusti;1
1372;47/2018;2018_47_10;työ;1
1372;47/2018;2018_47_10;työkokemuksia;1
1372;47/2018;2018_47_10;työkokemusta;1
1372;47/2018;2018_47_10;työllistymistä;1
1372;47/2018;2018_47_10;työllistävät;1
1372;47/2018;2018_47_10;työllisyyden;2
1372;47/2018;2018_47_10;työllisyydestä;1
1372;47/2018;2018_47_10;työllisyys;1
1372;47/2018;2018_47_10;työllisyyspolitiikkaa;1
1372;47/2018;2018_47_10;työllisyystilanteessa;1
1372;47/2018;2018_47_10;työllisyysvaikutukset;1
1372;47/2018;2018_47_10;työllisyyteen;1
1372;47/2018;2018_47_10;työministeriä;1
1372;47/2018;2018_47_10;työn;1
1372;47/2018;2018_47_10;työnantajalla;1
1372;47/2018;2018_47_10;työnteon;1
1372;47/2018;2018_47_10;työpaikan;1
1372;47/2018;2018_47_10;työpaikkaa;1
1372;47/2018;2018_47_10;työpaikkoja;1
1372;47/2018;2018_47_10;työttömyyden;1
1372;47/2018;2018_47_10;työtä;3
1372;47/2018;2018_47_10;työuraansa;1
1372;47/2018;2018_47_10;työuralle;1
1372;47/2018;2018_47_10;työvoimapoliittisiin;1
1372;47/2018;2018_47_10;tähän;1
1372;47/2018;2018_47_10;tämä;3
1372;47/2018;2018_47_10;tämän;2
1372;47/2018;2018_47_10;tänään;1
1372;47/2018;2018_47_10;tässä;2
1372;47/2018;2018_47_10;unohdu;1
1372;47/2018;2018_47_10;unohtuu;1
1372;47/2018;2018_47_10;useampi;1
1372;47/2018;2018_47_10;uusi;2
1372;47/2018;2018_47_10;uusia;1
1372;47/2018;2018_47_10;vaan;1
1372;47/2018;2018_47_10;vaara;1
1372;47/2018;2018_47_10;vaikea;1
1372;47/2018;2018_47_10;vaikka;1
1372;47/2018;2018_47_10;vaikutukset;1
1372;47/2018;2018_47_10;vain;2
1372;47/2018;2018_47_10;valkoiseksi;1
1372;47/2018;2018_47_10;valmistumisen;1
1372;47/2018;2018_47_10;varapuheenjohtaja;1
1372;47/2018;2018_47_10;vasemmisto;1
1372;47/2018;2018_47_10;vedettömän;1
1372;47/2018;2018_47_10;verotukseen;1
1372;47/2018;2018_47_10;vienti;1
1372;47/2018;2018_47_10;viesti;1
1372;47/2018;2018_47_10;vihervasemmisto;1
1372;47/2018;2018_47_10;vihreät;1
1372;47/2018;2018_47_10;viitanen;1
1372;47/2018;2018_47_10;voi;1
1372;47/2018;2018_47_10;vuosiin;1
1372;47/2018;2018_47_10;vuosina;1
1372;47/2018;2018_47_10;vuotisen;1
1372;47/2018;2018_47_10;vähän;1
1372;47/2018;2018_47_10;välikysymyksessä;1
1372;47/2018;2018_47_10;välittäneet;1
1372;47/2018;2018_47_10;yhdistetään;1
1372;47/2018;2018_47_10;yleissitovuuden;2
1372;47/2018;2018_47_10;yleissitovuudesta;2
1372;47/2018;2018_47_10;yrittävät;1
1372;47/2018;2018_47_10;yrityksessä;1
1372;47/2018;2018_47_10;yritykset;2
1372;47/2018;2018_47_10;yrityksissä;2
1372;72/2018;2018_72_9;aikaansaama;1
1372;72/2018;2018_72_9;aikavälillä;1
1372;72/2018;2018_72_9;ajamisesta;1
1372;72/2018;2018_72_9;akuuttiin;1
1372;72/2018;2018_72_9;alanvaihdon;1
1372;72/2018;2018_72_9;alentaminen;1
1372;72/2018;2018_72_9;ammatillisessa;1
1372;72/2018;2018_72_9;ammattiin;1
1372;72/2018;2018_72_9;antavat;1
1372;72/2018;2018_72_9;arvoisa;5
1372;72/2018;2018_72_9;edelleen;1
1372;72/2018;2018_72_9;edellisellä;1
1372;72/2018;2018_72_9;edellisen;1
1372;72/2018;2018_72_9;edellytysten;1
1372;72/2018;2018_72_9;edessä;1
1372;72/2018;2018_72_9;edistämässä;1
1372;72/2018;2018_72_9;eduskuntaryhmä;1
1372;72/2018;2018_72_9;eduskuntaryhmän;1
1372;72/2018;2018_72_9;ehdottomasti;1
1372;72/2018;2018_72_9;ei;2
1372;72/2018;2018_72_9;eivät;1
1372;72/2018;2018_72_9;eli;1
1372;72/2018;2018_72_9;elämään;1
1372;72/2018;2018_72_9;eniten;1
1372;72/2018;2018_72_9;ensisijaisena;1
1372;72/2018;2018_72_9;erinomaisen;1
1372;72/2018;2018_72_9;erityinen;1
1372;72/2018;2018_72_9;esimerkkinä;1
1372;72/2018;2018_72_9;etteivät;1
1372;72/2018;2018_72_9;että;2
1372;72/2018;2018_72_9;etuuksia;1
1372;72/2018;2018_72_9;euron;3
1372;72/2018;2018_72_9;haasteita;1
1372;72/2018;2018_72_9;hallituksen;2
1372;72/2018;2018_72_9;hallitus;3
1372;72/2018;2018_72_9;hallituskaudella;2
1372;72/2018;2018_72_9;hallituskauden;2
1372;72/2018;2018_72_9;hallitusohjelman;1
1372;72/2018;2018_72_9;hallitusohjelmassa;1
1372;72/2018;2018_72_9;haluamme;1
1372;72/2018;2018_72_9;helpotusta;1
1372;72/2018;2018_72_9;helppo;1
1372;72/2018;2018_72_9;hienosti;1
1372;72/2018;2018_72_9;huolehditaan;1
1372;72/2018;2018_72_9;hyvinvointiyhteiskuntaan;1
1372;72/2018;2018_72_9;hyvänä;1
1372;72/2018;2018_72_9;hälinääpuhemies;1
1372;72/2018;2018_72_9;ihminen;1
1372;72/2018;2018_72_9;ihmisten;1
1372;72/2018;2018_72_9;inhimillistä;1
1372;72/2018;2018_72_9;inhimillisyydestä;1
1372;72/2018;2018_72_9;itseään;1
1372;72/2018;2018_72_9;ja;24
1372;72/2018;2018_72_9;jari;1
1372;72/2018;2018_72_9;jatkaa;3
1372;72/2018;2018_72_9;jatkuvat;1
1372;72/2018;2018_72_9;jo;1
1372;72/2018;2018_72_9;johdonmukaisesta;1
1372;72/2018;2018_72_9;joiden;1
1372;72/2018;2018_72_9;joissa;1
1372;72/2018;2018_72_9;joita;1
1372;72/2018;2018_72_9;joka;3
1372;72/2018;2018_72_9;jokaisella;1
1372;72/2018;2018_72_9;jopa;1
1372;72/2018;2018_72_9;jos;1
1372;72/2018;2018_72_9;jossa;3
1372;72/2018;2018_72_9;jota;1
1372;72/2018;2018_72_9;joutuu;1
1372;72/2018;2018_72_9;julkisen;1
1372;72/2018;2018_72_9;julkista;1
1372;72/2018;2018_72_9;juuri;1
1372;72/2018;2018_72_9;kaikista;1
1372;72/2018;2018_72_9;kaivattua;1
1372;72/2018;2018_72_9;kansalaisille;1
1372;72/2018;2018_72_9;kasvu;2
1372;72/2018;2018_72_9;kasvua;1
1372;72/2018;2018_72_9;kasvun;1
1372;72/2018;2018_72_9;katsoa;1
1372;72/2018;2018_72_9;kattamisesta;1
1372;72/2018;2018_72_9;kehittämiseen;1
1372;72/2018;2018_72_9;kehittää;1
1372;72/2018;2018_72_9;kehitystä;2
1372;72/2018;2018_72_9;kehysriihessä;1
1372;72/2018;2018_72_9;keinoin;1
1372;72/2018;2018_72_9;kenenkään;1
1372;72/2018;2018_72_9;keskeisessä;1
1372;72/2018;2018_72_9;keskeiset;1
1372;72/2018;2018_72_9;keskellä;1
1372;72/2018;2018_72_9;kestävyysvajeen;1
1372;72/2018;2018_72_9;kiitos;2
1372;72/2018;2018_72_9;kohdentaa;1
1372;72/2018;2018_72_9;kohti;2
1372;72/2018;2018_72_9;kolmen;1
1372;72/2018;2018_72_9;koputtaa;1
1372;72/2018;2018_72_9;korostaa;1
1372;72/2018;2018_72_9;koskaan;1
1372;72/2018;2018_72_9;koskettaa;1
1372;72/2018;2018_72_9;koskeva;1
1372;72/2018;2018_72_9;koulutuksessa;1
1372;72/2018;2018_72_9;koventaminen;1
1372;72/2018;2018_72_9;kuin;2
1372;72/2018;2018_72_9;kuitenkaan;1
1372;72/2018;2018_72_9;kukaan;1
1372;72/2018;2018_72_9;kukkaron;1
1372;72/2018;2018_72_9;kuten;2
1372;72/2018;2018_72_9;kuukausikorotus;1
1372;72/2018;2018_72_9;kuulu;1
1372;72/2018;2018_72_9;kuuluu;1
1372;72/2018;2018_72_9;lainsäädännön;1
1372;72/2018;2018_72_9;liittyvä;1
1372;72/2018;2018_72_9;lindströmille;1
1372;72/2018;2018_72_9;linjalla;1
1372;72/2018;2018_72_9;linjan;1
1372;72/2018;2018_72_9;lisärahoitus;1
1372;72/2018;2018_72_9;lisätalousarviossa;1
1372;72/2018;2018_72_9;lisäys;1
1372;72/2018;2018_72_9;lisää;1
1372;72/2018;2018_72_9;lukiolaisille;1
1372;72/2018;2018_72_9;lähes;1
1372;72/2018;2018_72_9;lääkekaton;1
1372;72/2018;2018_72_9;lääkkeiden;1
1372;72/2018;2018_72_9;mahdollisuus;1
1372;72/2018;2018_72_9;mattilalle;1
1372;72/2018;2018_72_9;meidän;1
1372;72/2018;2018_72_9;meille;1
1372;72/2018;2018_72_9;meistä;1
1372;72/2018;2018_72_9;merkitys;1
1372;72/2018;2018_72_9;mielestä;1
1372;72/2018;2018_72_9;mielin;1
1372;72/2018;2018_72_9;mietinnössään;2
1372;72/2018;2018_72_9;mikäli;1
1372;72/2018;2018_72_9;miljardin;1
1372;72/2018;2018_72_9;miljoonan;1
1372;72/2018;2018_72_9;ministeri;1
1372;72/2018;2018_72_9;mistä;1
1372;72/2018;2018_72_9;muassa;2
1372;72/2018;2018_72_9;mukainen;1
1372;72/2018;2018_72_9;mukaista;1
1372;72/2018;2018_72_9;mutta;1
1372;72/2018;2018_72_9;muun;2
1372;72/2018;2018_72_9;muuntokoulutuksiin;1
1372;72/2018;2018_72_9;muuntorangaistuksen;1
1372;72/2018;2018_72_9;muutoksia;1
1372;72/2018;2018_72_9;myönteistä;1
1372;72/2018;2018_72_9;myös;6
1372;72/2018;2018_72_9;niiden;1
1372;72/2018;2018_72_9;niin;1
1372;72/2018;2018_72_9;niitä;1
1372;72/2018;2018_72_9;nimenomaan;3
1372;72/2018;2018_72_9;noin;1
1372;72/2018;2018_72_9;nuorille;1
1372;72/2018;2018_72_9;nuorta;1
1372;72/2018;2018_72_9;nuorten;1
1372;72/2018;2018_72_9;nykyinen;1
1372;72/2018;2018_72_9;nykyisen;1
1372;72/2018;2018_72_9;nyt;1
1372;72/2018;2018_72_9;nyörit;1
1372;72/2018;2018_72_9;nähneet;1
1372;72/2018;2018_72_9;nähtävissä;1
1372;72/2018;2018_72_9;näihin;1
1372;72/2018;2018_72_9;näin;1
1372;72/2018;2018_72_9;näitä;1
1372;72/2018;2018_72_9;näkemyksiin;1
1372;72/2018;2018_72_9;näyttäisi;1
1372;72/2018;2018_72_9;odotettua;1
1372;72/2018;2018_72_9;olemaan;1
1372;72/2018;2018_72_9;olemme;1
1372;72/2018;2018_72_9;oleva;1
1372;72/2018;2018_72_9;olevansa;1
1372;72/2018;2018_72_9;olisikaan;1
1372;72/2018;2018_72_9;ollut;1
1372;72/2018;2018_72_9;oltava;1
1372;72/2018;2018_72_9;on;18
1372;72/2018;2018_72_9;opinnot;1
1372;72/2018;2018_72_9;opiskeleville;1
1372;72/2018;2018_72_9;oppimateriaalilisä;1
1372;72/2018;2018_72_9;osaajapulaan;1
1372;72/2018;2018_72_9;osaamisen;1
1372;72/2018;2018_72_9;osaavan;1
1372;72/2018;2018_72_9;osaltaan;1
1372;72/2018;2018_72_9;osoitetaan;2
1372;72/2018;2018_72_9;osoitettava;1
1372;72/2018;2018_72_9;osoittanut;1
1372;72/2018;2018_72_9;ovat;2
1372;72/2018;2018_72_9;painopisteenä;1
1372;72/2018;2018_72_9;painottaa;1
1372;72/2018;2018_72_9;palauttaminen;1
1372;72/2018;2018_72_9;paljon;1
1372;72/2018;2018_72_9;palveluja;1
1372;72/2018;2018_72_9;parantamiseen;1
1372;72/2018;2018_72_9;parantamiseksi;2
1372;72/2018;2018_72_9;perheen;1
1372;72/2018;2018_72_9;perheiden;1
1372;72/2018;2018_72_9;pidä;1
1372;72/2018;2018_72_9;pienituloisissa;1
1372;72/2018;2018_72_9;pirkko;1
1372;72/2018;2018_72_9;pitkällä;1
1372;72/2018;2018_72_9;pitää;1
1372;72/2018;2018_72_9;poliisille;1
1372;72/2018;2018_72_9;politiikkaa;1
1372;72/2018;2018_72_9;puheenvuoron;1
1372;72/2018;2018_72_9;puhemies;5
1372;72/2018;2018_72_9;puututtu;1
1372;72/2018;2018_72_9;pystytty;1
1372;72/2018;2018_72_9;rahoittamaan;1
1372;72/2018;2018_72_9;rakennettu;1
1372;72/2018;2018_72_9;rakenteelliset;1
1372;72/2018;2018_72_9;rakenteellisin;1
1372;72/2018;2018_72_9;rangaistusten;1
1372;72/2018;2018_72_9;riitä;1
1372;72/2018;2018_72_9;roolissa;1
1372;72/2018;2018_72_9;rouva;3
1372;72/2018;2018_72_9;ruoan;1
1372;72/2018;2018_72_9;saatavuuden;1
1372;72/2018;2018_72_9;saavutettavissa;1
1372;72/2018;2018_72_9;sairas;1
1372;72/2018;2018_72_9;sairaus;1
1372;72/2018;2018_72_9;sairauspäivärahoihin;1
1372;72/2018;2018_72_9;saisin;1
1372;72/2018;2018_72_9;sakkojen;1
1372;72/2018;2018_72_9;sampo;1
1372;72/2018;2018_72_9;seisoo;1
1372;72/2018;2018_72_9;seksuaalirikollisten;1
1372;72/2018;2018_72_9;sekä;1
1372;72/2018;2018_72_9;selonteossa;1
1372;72/2018;2018_72_9;seuraavalla;1
1372;72/2018;2018_72_9;seuraavassa;1
1372;72/2018;2018_72_9;siihen;1
1372;72/2018;2018_72_9;sillä;1
1372;72/2018;2018_72_9;sininen;1
1372;72/2018;2018_72_9;sinisen;2
1372;72/2018;2018_72_9;sinisten;2
1372;72/2018;2018_72_9;sisäiseen;1
1372;72/2018;2018_72_9;sitä;2
1372;72/2018;2018_72_9;sosiaali;1
1372;72/2018;2018_72_9;sosialismin;1
1372;72/2018;2018_72_9;suojelupoliisille;1
1372;72/2018;2018_72_9;suomalainen;1
1372;72/2018;2018_72_9;suomalaisista;1
1372;72/2018;2018_72_9;suomen;1
1372;72/2018;2018_72_9;suuri;2
1372;72/2018;2018_72_9;synnyttävät;1
1372;72/2018;2018_72_9;syytä;3
1372;72/2018;2018_72_9;ta;1
1372;72/2018;2018_72_9;takana;1
1372;72/2018;2018_72_9;taloudellisen;1
1372;72/2018;2018_72_9;talouden;2
1372;72/2018;2018_72_9;taloudenpitoon;1
1372;72/2018;2018_72_9;talouksissa;1
1372;72/2018;2018_72_9;talouskasvua;1
1372;72/2018;2018_72_9;talouspolitiikkaa;1
1372;72/2018;2018_72_9;taloutta;1
1372;72/2018;2018_72_9;tarjoamia;1
1372;72/2018;2018_72_9;tarmokkaasta;1
1372;72/2018;2018_72_9;tarpeellisia;1
1372;72/2018;2018_72_9;tarvitseville;1
1372;72/2018;2018_72_9;tasa-arvoa;1
1372;72/2018;2018_72_9;tasa-arvoinen;1
1372;72/2018;2018_72_9;tavoin;1
1372;72/2018;2018_72_9;tavoite;1
1372;72/2018;2018_72_9;tavoitteena;1
1372;72/2018;2018_72_9;tavoitteet;1
1372;72/2018;2018_72_9;tavoitteita;1
1372;72/2018;2018_72_9;tehtiin;1
1372;72/2018;2018_72_9;tehtävää;1
1372;72/2018;2018_72_9;tekemällä;2
1372;72/2018;2018_72_9;tekijät;1
1372;72/2018;2018_72_9;terhon;1
1372;72/2018;2018_72_9;terveysministeri;1
1372;72/2018;2018_72_9;tilanteen;1
1372;72/2018;2018_72_9;tilanteet;1
1372;72/2018;2018_72_9;tinkiä;1
1372;72/2018;2018_72_9;tiukalla;1
1372;72/2018;2018_72_9;tiukkaan;1
1372;72/2018;2018_72_9;todetaan;1
1372;72/2018;2018_72_9;todistetusti;1
1372;72/2018;2018_72_9;toimet;1
1372;72/2018;2018_72_9;toimien;1
1372;72/2018;2018_72_9;toiminnan;2
1372;72/2018;2018_72_9;toimintakyvyn;1
1372;72/2018;2018_72_9;toiminutkin;1
1372;72/2018;2018_72_9;toimivaa;1
1372;72/2018;2018_72_9;toimivalla;1
1372;72/2018;2018_72_9;toiveikkaimmin;1
1372;72/2018;2018_72_9;tosiasiassa;1
1372;72/2018;2018_72_9;toteaa;1
1372;72/2018;2018_72_9;toteutuvan;1
1372;72/2018;2018_72_9;tukea;1
1372;72/2018;2018_72_9;tukee;1
1372;72/2018;2018_72_9;tukevien;1
1372;72/2018;2018_72_9;tulee;2
1372;72/2018;2018_72_9;tuleva;1
1372;72/2018;2018_72_9;tulevaisuudessa;1
1372;72/2018;2018_72_9;tulevaisuutta;1
1372;72/2018;2018_72_9;tullut;1
1372;72/2018;2018_72_9;tulosten;2
1372;72/2018;2018_72_9;tuo;1
1372;72/2018;2018_72_9;tuotanto-ongelmaan;1
1372;72/2018;2018_72_9;turvallisuuteen;1
1372;72/2018;2018_72_9;työllisyyden;2
1372;72/2018;2018_72_9;työllisyys;1
1372;72/2018;2018_72_9;työllisyyttä;1
1372;72/2018;2018_72_9;työministeri;1
1372;72/2018;2018_72_9;työn;1
1372;72/2018;2018_72_9;työpaikkaa;1
1372;72/2018;2018_72_9;työtä;2
1372;72/2018;2018_72_9;työvoiman;1
1372;72/2018;2018_72_9;tähtäävää;1
1372;72/2018;2018_72_9;tällä;1
1372;72/2018;2018_72_9;tämä;1
1372;72/2018;2018_72_9;tämän;1
1372;72/2018;2018_72_9;tärkeää;1
1372;72/2018;2018_72_9;täsmäkoulutuksen;1
1372;72/2018;2018_72_9;tätä;1
1372;72/2018;2018_72_9;uskonut;1
1372;72/2018;2018_72_9;uudistuksen;1
1372;72/2018;2018_72_9;uudistuksia;1
1372;72/2018;2018_72_9;uudistuksin;1
1372;72/2018;2018_72_9;uudistus;1
1372;72/2018;2018_72_9;uutta;1
1372;72/2018;2018_72_9;vaalikaudella;1
1372;72/2018;2018_72_9;vaarannu;1
1372;72/2018;2018_72_9;vahvistaa;1
1372;72/2018;2018_72_9;vahvistamiseen;1
1372;72/2018;2018_72_9;vaikka;1
1372;72/2018;2018_72_9;valiokunnan;1
1372;72/2018;2018_72_9;valitsemaan;1
1372;72/2018;2018_72_9;valtioneuvoston;1
1372;72/2018;2018_72_9;valtiovarainvaliokunta;2
1372;72/2018;2018_72_9;vanhempain;1
1372;72/2018;2018_72_9;varmistaa;1
1372;72/2018;2018_72_9;varsin;1
1372;72/2018;2018_72_9;vauhdittamaan;1
1372;72/2018;2018_72_9;verotuksen;1
1372;72/2018;2018_72_9;viedään;1
1372;72/2018;2018_72_9;vielä;2
1372;72/2018;2018_72_9;viimeinen;1
1372;72/2018;2018_72_9;viimeisenä;1
1372;72/2018;2018_72_9;viisasta;1
1372;72/2018;2018_72_9;voimme;1
1372;72/2018;2018_72_9;vuoden;1
1372;72/2018;2018_72_9;vuoksi;2
1372;72/2018;2018_72_9;vuonna;1
1372;72/2018;2018_72_9;vuosi;2
1372;72/2018;2018_72_9;vähimmäispäivärahoihin;1
1372;72/2018;2018_72_9;vähävaraisten;1
1372;72/2018;2018_72_9;välillä;2
1372;72/2018;2018_72_9;yhteiskunta;2
1372;72/2018;2018_72_9;yhteiskuntamme;1
1372;72/2018;2018_72_9;yhtyä;1
1372;72/2018;2018_72_9;äitiys;1
1372;82/2017;2017_82_65;aika;1
1372;82/2017;2017_82_65;ajatellaan;1
1372;82/2017;2017_82_65;alatalolta;1
1372;82/2017;2017_82_65;alennuksen;1
1372;82/2017;2017_82_65;alppiurheiluporukoiden;1
1372;82/2017;2017_82_65;arvoisa;1
1372;82/2017;2017_82_65;asiaa;1
1372;82/2017;2017_82_65;asianajo;1
1372;82/2017;2017_82_65;edelleenkehittämään;1
1372;82/2017;2017_82_65;eduskunta;1
1372;82/2017;2017_82_65;edustajana;1
1372;82/2017;2017_82_65;ei;2
1372;82/2017;2017_82_65;epäselväksi;1
1372;82/2017;2017_82_65;erittäin;1
1372;82/2017;2017_82_65;eteenpäin;1
1372;82/2017;2017_82_65;että;10
1372;82/2017;2017_82_65;etunenässä;1
1372;82/2017;2017_82_65;euroopassa;1
1372;82/2017;2017_82_65;hintakattojärjestelmä;1
1372;82/2017;2017_82_65;hyvä;5
1372;82/2017;2017_82_65;itse;2
1372;82/2017;2017_82_65;itävallassa;1
1372;82/2017;2017_82_65;ja;9
1372;82/2017;2017_82_65;jatkuvaa;1
1372;82/2017;2017_82_65;jopa;1
1372;82/2017;2017_82_65;jos;1
1372;82/2017;2017_82_65;järjestelmä;1
1372;82/2017;2017_82_65;kannatettava;1
1372;82/2017;2017_82_65;kansalaisten;1
1372;82/2017;2017_82_65;kautta;1
1372;82/2017;2017_82_65;kehittyvät;1
1372;82/2017;2017_82_65;kenttäjuristin;1
1372;82/2017;2017_82_65;kilpailu;1
1372;82/2017;2017_82_65;kohtuullinen;1
1372;82/2017;2017_82_65;kopin;1
1372;82/2017;2017_82_65;kun;2
1372;82/2017;2017_82_65;käteismaksuista;1
1372;82/2017;2017_82_65;käyn;1
1372;82/2017;2017_82_65;käyttää;1
1372;82/2017;2017_82_65;käyttöön;1
1372;82/2017;2017_82_65;lakiasiaintoimistoissa;1
1372;82/2017;2017_82_65;lakiesitys;1
1372;82/2017;2017_82_65;liike-elämän;1
1372;82/2017;2017_82_65;lähtee;1
1372;82/2017;2017_82_65;mahdollisuudet;1
1372;82/2017;2017_82_65;markkinat;2
1372;82/2017;2017_82_65;markkinoille;1
1372;82/2017;2017_82_65;meillä;2
1372;82/2017;2017_82_65;mielestäni;1
1372;82/2017;2017_82_65;mieltä;2
1372;82/2017;2017_82_65;minun;1
1372;82/2017;2017_82_65;mukaan;1
1372;82/2017;2017_82_65;mukana;1
1372;82/2017;2017_82_65;mutta;2
1372;82/2017;2017_82_65;myös;1
1372;82/2017;2017_82_65;myöskin;1
1372;82/2017;2017_82_65;myötä;1
1372;82/2017;2017_82_65;määräaikaisena;1
1372;82/2017;2017_82_65;määräajassa;1
1372;82/2017;2017_82_65;määrän;1
1372;82/2017;2017_82_65;ne;2
1372;82/2017;2017_82_65;niin;2
1372;82/2017;2017_82_65;niitä;1
1372;82/2017;2017_82_65;nuo;1
1372;82/2017;2017_82_65;nyt;2
1372;82/2017;2017_82_65;näin;1
1372;82/2017;2017_82_65;näkemykseni;1
1372;82/2017;2017_82_65;ohjaavat;1
1372;82/2017;2017_82_65;ole;1
1372;82/2017;2017_82_65;olen;3
1372;82/2017;2017_82_65;ollenkaan;1
1372;82/2017;2017_82_65;ollut;1
1372;82/2017;2017_82_65;omien;1
1372;82/2017;2017_82_65;on;8
1372;82/2017;2017_82_65;onko;2
1372;82/2017;2017_82_65;ottaisin;1
1372;82/2017;2017_82_65;ovat;2
1372;82/2017;2017_82_65;paljon;2
1372;82/2017;2017_82_65;palveluntarjoajien;1
1372;82/2017;2017_82_65;pankkikortti;1
1372;82/2017;2017_82_65;pankkikorttioikeuskin;1
1372;82/2017;2017_82_65;pankkipalveluidensa;1
1372;82/2017;2017_82_65;puhemies;1
1372;82/2017;2017_82_65;pystytään;1
1372;82/2017;2017_82_65;päivää;2
1372;82/2017;2017_82_65;ratkaisee;1
1372;82/2017;2017_82_65;ratkaisemaan;2
1372;82/2017;2017_82_65;rekisteröintimaksu;1
1372;82/2017;2017_82_65;ryhtyvät;1
1372;82/2017;2017_82_65;saa;1
1372;82/2017;2017_82_65;sanktiota;1
1372;82/2017;2017_82_65;sanoa;1
1372;82/2017;2017_82_65;sanotun;1
1372;82/2017;2017_82_65;se;3
1372;82/2017;2017_82_65;selvittämään;1
1372;82/2017;2017_82_65;selvästi;1
1372;82/2017;2017_82_65;sen;1
1372;82/2017;2017_82_65;senkin;1
1372;82/2017;2017_82_65;siellä;3
1372;82/2017;2017_82_65;siinä;1
1372;82/2017;2017_82_65;sitten;4
1372;82/2017;2017_82_65;sitä;3
1372;82/2017;2017_82_65;suomessa;2
1372;82/2017;2017_82_65;sähköinen;2
1372;82/2017;2017_82_65;sähköistä;1
1372;82/2017;2017_82_65;tapa;1
1372;82/2017;2017_82_65;tavallaan;1
1372;82/2017;2017_82_65;teen;1
1372;82/2017;2017_82_65;tietenkin;1
1372;82/2017;2017_82_65;tietysti;1
1372;82/2017;2017_82_65;todellakin;2
1372;82/2017;2017_82_65;todelliset;1
1372;82/2017;2017_82_65;toimijat;1
1372;82/2017;2017_82_65;toimintaa;1
1372;82/2017;2017_82_65;toimiva;1
1372;82/2017;2017_82_65;tosissaan;1
1372;82/2017;2017_82_65;toteaisin;1
1372;82/2017;2017_82_65;tulevaisuudessa;1
1372;82/2017;2017_82_65;tulevat;2
1372;82/2017;2017_82_65;tuli;1
1372;82/2017;2017_82_65;tulossa;1
1372;82/2017;2017_82_65;tunnistaminen;2
1372;82/2017;2017_82_65;tunnistamista;1
1372;82/2017;2017_82_65;tuo;3
1372;82/2017;2017_82_65;tuohon;1
1372;82/2017;2017_82_65;tuolla;2
1372;82/2017;2017_82_65;tuomioistuinpuolella;1
1372;82/2017;2017_82_65;tuommoinen;1
1372;82/2017;2017_82_65;työskennellyt;1
1372;82/2017;2017_82_65;työtä;1
1372;82/2017;2017_82_65;tällaisenaan;1
1372;82/2017;2017_82_65;tämä;2
1372;82/2017;2017_82_65;tässä;1
1372;82/2017;2017_82_65;tätä;3
1372;82/2017;2017_82_65;täytyy;1
1372;82/2017;2017_82_65;uskon;1
1372;82/2017;2017_82_65;uudet;1
1372;82/2017;2017_82_65;vai;1
1372;82/2017;2017_82_65;valvontamaksu;1
1372;82/2017;2017_82_65;vapaa;1
1372;82/2017;2017_82_65;varsinkin;1
1372;82/2017;2017_82_65;viemään;1
1372;82/2017;2017_82_65;vihdoinkin;1
1372;87/2018;2018_87_390;ajattelemattomasti;2
1372;87/2018;2018_87_390;arvoisa;1
1372;87/2018;2018_87_390;asemassa;1
1372;87/2018;2018_87_390;asunnottomat;2
1372;87/2018;2018_87_390;asunnottomia;1
1372;87/2018;2018_87_390;asunnottomien;3
1372;87/2018;2018_87_390;asunnottomuudelle;1
1372;87/2018;2018_87_390;auttamiseen;1
1372;87/2018;2018_87_390;että;1
1372;87/2018;2018_87_390;hauraita;1
1372;87/2018;2018_87_390;havaittavissa;1
1372;87/2018;2018_87_390;he;2
1372;87/2018;2018_87_390;heikoimmassa;1
1372;87/2018;2018_87_390;heitettyyn;1
1372;87/2018;2018_87_390;häpeäpilkku;1
1372;87/2018;2018_87_390;ihmisiä;2
1372;87/2018;2018_87_390;ihmisten;1
1372;87/2018;2018_87_390;ja;4
1372;87/2018;2018_87_390;kadulla;1
1372;87/2018;2018_87_390;kaikkein;1
1372;87/2018;2018_87_390;kanssaihmisille;1
1372;87/2018;2018_87_390;katse;1
1372;87/2018;2018_87_390;kehitys;1
1372;87/2018;2018_87_390;keskittää;1
1372;87/2018;2018_87_390;keskitymme;1
1372;87/2018;2018_87_390;kohtalo;1
1372;87/2018;2018_87_390;kommenttiin;1
1372;87/2018;2018_87_390;kun;1
1372;87/2018;2018_87_390;kysynkin;1
1372;87/2018;2018_87_390;kärsivät;1
1372;87/2018;2018_87_390;lähimmäisiä;1
1372;87/2018;2018_87_390;me;1
1372;87/2018;2018_87_390;meidän;1
1372;87/2018;2018_87_390;meille;1
1372;87/2018;2018_87_390;mielenterveysongelmista;1
1372;87/2018;2018_87_390;ministeriltä;1
1372;87/2018;2018_87_390;minkälainen;1
1372;87/2018;2018_87_390;mitä;1
1372;87/2018;2018_87_390;moukkamaisesti;2
1372;87/2018;2018_87_390;muassa;1
1372;87/2018;2018_87_390;muun;1
1372;87/2018;2018_87_390;määrässä;1
1372;87/2018;2018_87_390;nousi;1
1372;87/2018;2018_87_390;on;2
1372;87/2018;2018_87_390;otsikoihin;1
1372;87/2018;2018_87_390;oulussa;1
1372;87/2018;2018_87_390;ovat;3
1372;87/2018;2018_87_390;puhemies;1
1372;87/2018;2018_87_390;päihde;1
1372;87/2018;2018_87_390;roskiin;1
1372;87/2018;2018_87_390;sen;1
1372;87/2018;2018_87_390;sijaan;1
1372;87/2018;2018_87_390;sivistysvaltiolle;1
1372;87/2018;2018_87_390;tai;1
1372;87/2018;2018_87_390;tehdä;1
1372;87/2018;2018_87_390;tehty;1
1372;87/2018;2018_87_390;tulisi;1
1372;87/2018;2018_87_390;varmaankin;1
1372;87/2018;2018_87_390;vastaavalta;1
1372;87/2018;2018_87_390;verrattiin;1
1372;87/2018;2018_87_390;viikolla;1
1372;87/2018;2018_87_390;viime;1
1372;87/2018;2018_87_390;voidaan;1
1372;91/2017;2017_91_289;aika;2
1372;91/2017;2017_91_289;aikaisemmin;1
1372;91/2017;2017_91_289;aikana;1
1372;91/2017;2017_91_289;aikavälin;1
1372;91/2017;2017_91_289;aktiivimalli;1
1372;91/2017;2017_91_289;aloittamiseen;1
1372;91/2017;2017_91_289;aloittavalle;1
1372;91/2017;2017_91_289;ansio;1
1372;91/2017;2017_91_289;apteekeille;1
1372;91/2017;2017_91_289;arvoisa;1
1372;91/2017;2017_91_289;asettaa;1
1372;91/2017;2017_91_289;budjetista;1
1372;91/2017;2017_91_289;budjetti;1
1372;91/2017;2017_91_289;edellisvuoteen;1
1372;91/2017;2017_91_289;edun;1
1372;91/2017;2017_91_289;eduskuntaryhmien;1
1372;91/2017;2017_91_289;edustus;1
1372;91/2017;2017_91_289;ei;1
1372;91/2017;2017_91_289;elinkeinoministeriö;1
1372;91/2017;2017_91_289;enemmän;1
1372;91/2017;2017_91_289;ennen;1
1372;91/2017;2017_91_289;ennätyksellinen;1
1372;91/2017;2017_91_289;ensi;4
1372;91/2017;2017_91_289;erityisesti;1
1372;91/2017;2017_91_289;esimerkiksi;2
1372;91/2017;2017_91_289;esitykset;1
1372;91/2017;2017_91_289;että;3
1372;91/2017;2017_91_289;etu;1
1372;91/2017;2017_91_289;euron;1
1372;91/2017;2017_91_289;hallituksen;1
1372;91/2017;2017_91_289;hallitus;1
1372;91/2017;2017_91_289;haluan;1
1372;91/2017;2017_91_289;heidän;1
1372;91/2017;2017_91_289;heinäkuun;1
1372;91/2017;2017_91_289;heinäkuussa;1
1372;91/2017;2017_91_289;heittelyyn;1
1372;91/2017;2017_91_289;henkilöyhtiöiden;2
1372;91/2017;2017_91_289;huomioida;1
1372;91/2017;2017_91_289;hutkia;1
1372;91/2017;2017_91_289;hyvin;1
1372;91/2017;2017_91_289;hyvä;2
1372;91/2017;2017_91_289;hyvää;1
1372;91/2017;2017_91_289;hyvään;1
1372;91/2017;2017_91_289;ihmiset;1
1372;91/2017;2017_91_289;ihmisten;1
1372;91/2017;2017_91_289;itse;1
1372;91/2017;2017_91_289;itä-suomen;1
1372;91/2017;2017_91_289;ja;21
1372;91/2017;2017_91_289;jo;2
1372;91/2017;2017_91_289;johon;1
1372;91/2017;2017_91_289;joista;1
1372;91/2017;2017_91_289;jonka;1
1372;91/2017;2017_91_289;juutalaiset;1
1372;91/2017;2017_91_289;kaikkien;1
1372;91/2017;2017_91_289;kansat;1
1372;91/2017;2017_91_289;kasvaa;1
1372;91/2017;2017_91_289;kasvaneet;1
1372;91/2017;2017_91_289;kasvu;1
1372;91/2017;2017_91_289;kasvuakin;1
1372;91/2017;2017_91_289;kaukoidän;1
1372;91/2017;2017_91_289;kehittävät;1
1372;91/2017;2017_91_289;kehitys;3
1372;91/2017;2017_91_289;keskusteluista;1
1372;91/2017;2017_91_289;keston;1
1372;91/2017;2017_91_289;keventää;1
1372;91/2017;2017_91_289;kiinalaiset;1
1372;91/2017;2017_91_289;kiitoksensa;1
1372;91/2017;2017_91_289;kiitoksia;1
1372;91/2017;2017_91_289;kilpailukykyä;1
1372;91/2017;2017_91_289;kilpailukyvylle;1
1372;91/2017;2017_91_289;kohdentuu;1
1372;91/2017;2017_91_289;kohdentuvan;1
1372;91/2017;2017_91_289;kohdentuvat;1
1372;91/2017;2017_91_289;koko;1
1372;91/2017;2017_91_289;konkursseja;1
1372;91/2017;2017_91_289;kotoisessa;1
1372;91/2017;2017_91_289;kuin;3
1372;91/2017;2017_91_289;kuitenkin;1
1372;91/2017;2017_91_289;kuljetustuen;1
1372;91/2017;2017_91_289;kuljetustuki;1
1372;91/2017;2017_91_289;kutsutaan;1
1372;91/2017;2017_91_289;kuuluu;1
1372;91/2017;2017_91_289;kymmen;1
1372;91/2017;2017_91_289;käydyistä;1
1372;91/2017;2017_91_289;käyttö;1
1372;91/2017;2017_91_289;käyttöön;1
1372;91/2017;2017_91_289;laatii;1
1372;91/2017;2017_91_289;laitettiin;1
1372;91/2017;2017_91_289;lapin;3
1372;91/2017;2017_91_289;lapissa;1
1372;91/2017;2017_91_289;laskee;1
1372;91/2017;2017_91_289;lisää;1
1372;91/2017;2017_91_289;lisäämiseksi;1
1372;91/2017;2017_91_289;lopussa;1
1372;91/2017;2017_91_289;lukien;1
1372;91/2017;2017_91_289;luonnollisesti;1
1372;91/2017;2017_91_289;lyhentämiseksi;1
1372;91/2017;2017_91_289;lyhytkestoiseen;1
1372;91/2017;2017_91_289;lähes;3
1372;91/2017;2017_91_289;maailman;1
1372;91/2017;2017_91_289;maailmantalouden;1
1372;91/2017;2017_91_289;maamme;3
1372;91/2017;2017_91_289;mahdollistetaan;1
1372;91/2017;2017_91_289;matkailutalous;1
1372;91/2017;2017_91_289;matkojen;1
1372;91/2017;2017_91_289;merkittävä;1
1372;91/2017;2017_91_289;miehen;1
1372;91/2017;2017_91_289;mielestään;1
1372;91/2017;2017_91_289;mihinkään;1
1372;91/2017;2017_91_289;mikroyritykselle;1
1372;91/2017;2017_91_289;mikroyrityksiin;1
1372;91/2017;2017_91_289;mikä;2
1372;91/2017;2017_91_289;missä;1
1372;91/2017;2017_91_289;moitittu;1
1372;91/2017;2017_91_289;muassa;1
1372;91/2017;2017_91_289;mukaan;1
1372;91/2017;2017_91_289;mutta;2
1372;91/2017;2017_91_289;muun;1
1372;91/2017;2017_91_289;muutama;1
1372;91/2017;2017_91_289;myönteisesti;1
1372;91/2017;2017_91_289;myönteisestä;1
1372;91/2017;2017_91_289;määrä;1
1372;91/2017;2017_91_289;naisen;1
1372;91/2017;2017_91_289;ne;1
1372;91/2017;2017_91_289;niiden;1
1372;91/2017;2017_91_289;nimenomaan;4
1372;91/2017;2017_91_289;noin;1
1372;91/2017;2017_91_289;nojaa;1
1372;91/2017;2017_91_289;nopeammin;1
1372;91/2017;2017_91_289;nousukiidosta;1
1372;91/2017;2017_91_289;nyt;1
1372;91/2017;2017_91_289;näkemyksen;1
1372;91/2017;2017_91_289;odotetaan;1
1372;91/2017;2017_91_289;ohi;1
1372;91/2017;2017_91_289;ohjautuu;1
1372;91/2017;2017_91_289;oikea;1
1372;91/2017;2017_91_289;ole;1
1372;91/2017;2017_91_289;olevien;1
1372;91/2017;2017_91_289;oli;1
1372;91/2017;2017_91_289;omalta;1
1372;91/2017;2017_91_289;oman;2
1372;91/2017;2017_91_289;omavastuupäivin;1
1372;91/2017;2017_91_289;on;12
1372;91/2017;2017_91_289;opiskeluun;1
1372;91/2017;2017_91_289;osaltani;1
1372;91/2017;2017_91_289;otetaankin;1
1372;91/2017;2017_91_289;ottaa;1
1372;91/2017;2017_91_289;ovat;1
1372;91/2017;2017_91_289;painotan;1
1372;91/2017;2017_91_289;paljon;1
1372;91/2017;2017_91_289;palvelee;1
1372;91/2017;2017_91_289;parantaa;1
1372;91/2017;2017_91_289;parantuneelle;1
1372;91/2017;2017_91_289;parillesadalletuhannelle;1
1372;91/2017;2017_91_289;parin;1
1372;91/2017;2017_91_289;perusteetta;1
1372;91/2017;2017_91_289;pienille;3
1372;91/2017;2017_91_289;pitkien;1
1372;91/2017;2017_91_289;pitkän;1
1372;91/2017;2017_91_289;pohjois;1
1372;91/2017;2017_91_289;populistisesti;1
1372;91/2017;2017_91_289;prosentin;2
1372;91/2017;2017_91_289;prosenttia;2
1372;91/2017;2017_91_289;puhemies;1
1372;91/2017;2017_91_289;puhutaan;1
1372;91/2017;2017_91_289;puhuttu;1
1372;91/2017;2017_91_289;pyrin;1
1372;91/2017;2017_91_289;päivän;1
1372;91/2017;2017_91_289;päälle;1
1372;91/2017;2017_91_289;rauha;1
1372;91/2017;2017_91_289;ripeämpää;1
1372;91/2017;2017_91_289;ripeässä;1
1372;91/2017;2017_91_289;saa;1
1372;91/2017;2017_91_289;saanut;1
1372;91/2017;2017_91_289;saavat;2
1372;91/2017;2017_91_289;sanoa;1
1372;91/2017;2017_91_289;sekä;1
1372;91/2017;2017_91_289;siis;1
1372;91/2017;2017_91_289;siisti;1
1372;91/2017;2017_91_289;sinisten;1
1372;91/2017;2017_91_289;sitten;1
1372;91/2017;2017_91_289;suomalaiset;1
1372;91/2017;2017_91_289;suomen;1
1372;91/2017;2017_91_289;suomessa;1
1372;91/2017;2017_91_289;suorat;1
1372;91/2017;2017_91_289;suunnitelman;1
1372;91/2017;2017_91_289;suuntaus;1
1372;91/2017;2017_91_289;synkkä;1
1372;91/2017;2017_91_289;syntymistä;1
1372;91/2017;2017_91_289;syytä;1
1372;91/2017;2017_91_289;taantumaa;1
1372;91/2017;2017_91_289;taas;1
1372;91/2017;2017_91_289;tai;1
1372;91/2017;2017_91_289;taittaa;1
1372;91/2017;2017_91_289;takana;1
1372;91/2017;2017_91_289;talouden;3
1372;91/2017;2017_91_289;talouskasvu;1
1372;91/2017;2017_91_289;talouskasvua;1
1372;91/2017;2017_91_289;tammiheinäkuussa;1
1372;91/2017;2017_91_289;tarvitaan;1
1372;91/2017;2017_91_289;tavallisten;1
1372;91/2017;2017_91_289;teollisuuden;1
1372;91/2017;2017_91_289;tietysti;1
1372;91/2017;2017_91_289;tilaukset;1
1372;91/2017;2017_91_289;todellisuudessa;1
1372;91/2017;2017_91_289;toimenpiteitä;1
1372;91/2017;2017_91_289;toimet;1
1372;91/2017;2017_91_289;toimien;1
1372;91/2017;2017_91_289;toki;1
1372;91/2017;2017_91_289;tuen;1
1372;91/2017;2017_91_289;tuet;1
1372;91/2017;2017_91_289;tuhkan;1
1372;91/2017;2017_91_289;tukee;1
1372;91/2017;2017_91_289;tukevia;1
1372;91/2017;2017_91_289;tuki;1
1372;91/2017;2017_91_289;tulevaisuudesta;1
1372;91/2017;2017_91_289;tulevat;1
1372;91/2017;2017_91_289;tuntuu;1
1372;91/2017;2017_91_289;tuontia;1
1372;91/2017;2017_91_289;turisteja;1
1372;91/2017;2017_91_289;turistia;1
1372;91/2017;2017_91_289;turvallinen;1
1372;91/2017;2017_91_289;turvallisuus;1
1372;91/2017;2017_91_289;tutkia;1
1372;91/2017;2017_91_289;työ;1
1372;91/2017;2017_91_289;työllisyyden;1
1372;91/2017;2017_91_289;työllisyyttä;1
1372;91/2017;2017_91_289;työmarkkinajärjestöt;1
1372;91/2017;2017_91_289;työnhakijoita;1
1372;91/2017;2017_91_289;työpaikkojen;1
1372;91/2017;2017_91_289;työryhmä;1
1372;91/2017;2017_91_289;työryhmän;1
1372;91/2017;2017_91_289;työttömiä;1
1372;91/2017;2017_91_289;työttömyyden;1
1372;91/2017;2017_91_289;työttömyysaste;1
1372;91/2017;2017_91_289;työttömyysturvan;1
1372;91/2017;2017_91_289;tämä;6
1372;91/2017;2017_91_289;tänä;2
1372;91/2017;2017_91_289;tärkeä;1
1372;91/2017;2017_91_289;tärkeää;3
1372;91/2017;2017_91_289;täällä;2
1372;91/2017;2017_91_289;uskon;1
1372;91/2017;2017_91_289;uskoon;1
1372;91/2017;2017_91_289;uudistamiseksi;1
1372;91/2017;2017_91_289;vaikuttaa;1
1372;91/2017;2017_91_289;vaikutuksia;1
1372;91/2017;2017_91_289;vain;1
1372;91/2017;2017_91_289;valitsemaan;1
1372;91/2017;2017_91_289;valoisasta;1
1372;91/2017;2017_91_289;valottamaan;1
1372;91/2017;2017_91_289;valtion;2
1372;91/2017;2017_91_289;vasta;1
1372;91/2017;2017_91_289;vauhdissa;1
1372;91/2017;2017_91_289;vedosta;1
1372;91/2017;2017_91_289;velkaantumista;1
1372;91/2017;2017_91_289;verohelpotuksen;1
1372;91/2017;2017_91_289;verohelpotukset;2
1372;91/2017;2017_91_289;verotuet;1
1372;91/2017;2017_91_289;verotusta;1
1372;91/2017;2017_91_289;verran;1
1372;91/2017;2017_91_289;verrattuna;1
1372;91/2017;2017_91_289;viennin;1
1372;91/2017;2017_91_289;vienti;1
1372;91/2017;2017_91_289;vierailee;1
1372;91/2017;2017_91_289;vieraili;1
1372;91/2017;2017_91_289;vieraillut;1
1372;91/2017;2017_91_289;viime;1
1372;91/2017;2017_91_289;vireille;1
1372;91/2017;2017_91_289;voisiko;1
1372;91/2017;2017_91_289;vuoden;2
1372;91/2017;2017_91_289;vuodessa;1
1372;91/2017;2017_91_289;vuodestakin;1
1372;91/2017;2017_91_289;vuodet;1
1372;91/2017;2017_91_289;vuoksi;1
1372;91/2017;2017_91_289;vuonna;4
1372;91/2017;2017_91_289;vuosikymmen;1
1372;91/2017;2017_91_289;vuotta;1
1372;91/2017;2017_91_289;vähemmän;2
1372;91/2017;2017_91_289;väitetty;1
1372;91/2017;2017_91_289;yhden;1
1372;91/2017;2017_91_289;yhteiskuntaa;1
1372;91/2017;2017_91_289;yhtiöille;1
1372;91/2017;2017_91_289;yleinen;1
1372;91/2017;2017_91_289;yrittäjälle;1
1372;91/2017;2017_91_289;yritykset;1
1372;91/2017;2017_91_289;yrityksille;2
1372;91/2017;2017_91_289;yritysten;1
1372;91/2017;2017_91_289;yritystoiminnan;1
1372;91/2017;2017_91_289;yritystuista;1
1372;91/2017;2017_91_289;yritystukien;1
1372;91/2017;2017_91_294;aiheutetuista;1
1372;91/2017;2017_91_294;aikana;1
1372;91/2017;2017_91_294;ainoa;1
1372;91/2017;2017_91_294;ala;1
1372;91/2017;2017_91_294;alle;1
1372;91/2017;2017_91_294;alue;1
1372;91/2017;2017_91_294;alueelle;1
1372;91/2017;2017_91_294;alueen;1
1372;91/2017;2017_91_294;alueilla;1
1372;91/2017;2017_91_294;analyysiin;1
1372;91/2017;2017_91_294;annettiin;2
1372;91/2017;2017_91_294;arvoisa;1
1372;91/2017;2017_91_294;arvonlisäveroa;1
1372;91/2017;2017_91_294;budjettiriihessä;2
1372;91/2017;2017_91_294;edellyttämän;1
1372;91/2017;2017_91_294;eli;1
1372;91/2017;2017_91_294;ennalta;1
1372;91/2017;2017_91_294;erittäin;1
1372;91/2017;2017_91_294;esimerkiksi;2
1372;91/2017;2017_91_294;esittää;1
1372;91/2017;2017_91_294;estävän;1
1372;91/2017;2017_91_294;että;6
1372;91/2017;2017_91_294;euroa;5
1372;91/2017;2017_91_294;euromääriä;1
1372;91/2017;2017_91_294;euron;1
1372;91/2017;2017_91_294;haitoista;1
1372;91/2017;2017_91_294;hallituksen;1
1372;91/2017;2017_91_294;hallitus;4
1372;91/2017;2017_91_294;hankintaan;1
1372;91/2017;2017_91_294;he;1
1372;91/2017;2017_91_294;henkilöä;1
1372;91/2017;2017_91_294;herra;1
1372;91/2017;2017_91_294;hieman;1
1372;91/2017;2017_91_294;hoitaakseen;1
1372;91/2017;2017_91_294;hyvänä;1
1372;91/2017;2017_91_294;hyvää;1
1372;91/2017;2017_91_294;hätäkeskuspäivystäjäkoulutukseen;1
1372;91/2017;2017_91_294;iijoen;1
1372;91/2017;2017_91_294;itä;1
1372;91/2017;2017_91_294;ja;17
1372;91/2017;2017_91_294;joilla;1
1372;91/2017;2017_91_294;joka;2
1372;91/2017;2017_91_294;jonka;1
1372;91/2017;2017_91_294;jotka;1
1372;91/2017;2017_91_294;järkevää;1
1372;91/2017;2017_91_294;kaksoiskansalaisuuden;1
1372;91/2017;2017_91_294;kaluston;1
1372;91/2017;2017_91_294;kansalaisuus;1
1372;91/2017;2017_91_294;kansalaisuuslakia;1
1372;91/2017;2017_91_294;karkotusta;1
1372;91/2017;2017_91_294;kasvua;1
1372;91/2017;2017_91_294;kehittämiseen;1
1372;91/2017;2017_91_294;kehitystä;1
1372;91/2017;2017_91_294;kehysriihessä;1
1372;91/2017;2017_91_294;kemijoen;1
1372;91/2017;2017_91_294;kevään;1
1372;91/2017;2017_91_294;kiinteistövero;1
1372;91/2017;2017_91_294;kiinteistöverotuksessa;1
1372;91/2017;2017_91_294;kohdehenkilöiden;1
1372;91/2017;2017_91_294;kohdentaa;1
1372;91/2017;2017_91_294;kohdistetaan;1
1372;91/2017;2017_91_294;koko;1
1372;91/2017;2017_91_294;kolmannes;1
1372;91/2017;2017_91_294;koskevan;1
1372;91/2017;2017_91_294;kotimaan;1
1372;91/2017;2017_91_294;kuin;1
1372;91/2017;2017_91_294;kulutus;1
1372;91/2017;2017_91_294;kunnille;1
1372;91/2017;2017_91_294;kuten;1
1372;91/2017;2017_91_294;kyberrikostorjunnan;1
1372;91/2017;2017_91_294;kärkihankkeekseen;1
1372;91/2017;2017_91_294;käsittelyyn;1
1372;91/2017;2017_91_294;käytetään;1
1372;91/2017;2017_91_294;köyhille;1
1372;91/2017;2017_91_294;laatiman;1
1372;91/2017;2017_91_294;lisämäärärahaa;1
1372;91/2017;2017_91_294;lisätty;1
1372;91/2017;2017_91_294;lisäys;1
1372;91/2017;2017_91_294;lisää;2
1372;91/2017;2017_91_294;lisäämiseen;1
1372;91/2017;2017_91_294;maksaa;1
1372;91/2017;2017_91_294;matkailu;3
1372;91/2017;2017_91_294;matkailualan;1
1372;91/2017;2017_91_294;matkailun;2
1372;91/2017;2017_91_294;matkailutaloudelle;1
1372;91/2017;2017_91_294;matkailutalouden;1
1372;91/2017;2017_91_294;merkittäviä;1
1372;91/2017;2017_91_294;merkittävä;2
1372;91/2017;2017_91_294;mik-royrityksiä;1
1372;91/2017;2017_91_294;mikä;3
1372;91/2017;2017_91_294;miljoonaa;5
1372;91/2017;2017_91_294;miljoonan;1
1372;91/2017;2017_91_294;mitätöidä;1
1372;91/2017;2017_91_294;muistaa;1
1372;91/2017;2017_91_294;muutoksen;1
1372;91/2017;2017_91_294;myös;3
1372;91/2017;2017_91_294;määrärahoja;1
1372;91/2017;2017_91_294;määrästä;1
1372;91/2017;2017_91_294;ne;1
1372;91/2017;2017_91_294;niin;2
1372;91/2017;2017_91_294;nimenomaan;3
1372;91/2017;2017_91_294;noin;1
1372;91/2017;2017_91_294;nopeaa;1
1372;91/2017;2017_91_294;nousee;1
1372;91/2017;2017_91_294;nuoria;1
1372;91/2017;2017_91_294;nyt;2
1372;91/2017;2017_91_294;näitä;1
1372;91/2017;2017_91_294;oleellinen;1
1372;91/2017;2017_91_294;olevia;1
1372;91/2017;2017_91_294;olla;1
1372;91/2017;2017_91_294;omaavilta;1
1372;91/2017;2017_91_294;omistuksessa;1
1372;91/2017;2017_91_294;on;16
1372;91/2017;2017_91_294;operatiivisen;2
1372;91/2017;2017_91_294;osa;2
1372;91/2017;2017_91_294;osallistuneet;1
1372;91/2017;2017_91_294;osoitettiin;3
1372;91/2017;2017_91_294;osuus;1
1372;91/2017;2017_91_294;ottanut;2
1372;91/2017;2017_91_294;oulujoessa;1
1372;91/2017;2017_91_294;ovat;2
1372;91/2017;2017_91_294;palautusta;1
1372;91/2017;2017_91_294;parantamiseen;3
1372;91/2017;2017_91_294;parantamiseksi;1
1372;91/2017;2017_91_294;perustuvaan;1
1372;91/2017;2017_91_294;pidän;1
1372;91/2017;2017_91_294;piinoista;1
1372;91/2017;2017_91_294;piiriin;1
1372;91/2017;2017_91_294;pohjois-suomessa;1
1372;91/2017;2017_91_294;poikkeuksellisen;1
1372;91/2017;2017_91_294;poliisille;1
1372;91/2017;2017_91_294;poliisin;1
1372;91/2017;2017_91_294;prosentista;1
1372;91/2017;2017_91_294;prosenttia;1
1372;91/2017;2017_91_294;prosenttiin;1
1372;91/2017;2017_91_294;puhemies;1
1372;91/2017;2017_91_294;puoli;1
1372;91/2017;2017_91_294;puolustukseen;1
1372;91/2017;2017_91_294;päivitetään;1
1372;91/2017;2017_91_294;pääosin;1
1372;91/2017;2017_91_294;rahaa;2
1372;91/2017;2017_91_294;rajavartiolaitokselle;1
1372;91/2017;2017_91_294;saadaan;1
1372;91/2017;2017_91_294;saatuihin;1
1372;91/2017;2017_91_294;samalla;1
1372;91/2017;2017_91_294;se;1
1372;91/2017;2017_91_294;sellaisilta;1
1372;91/2017;2017_91_294;sen;1
1372;91/2017;2017_91_294;siirretään;1
1372;91/2017;2017_91_294;sisäisen;1
1372;91/2017;2017_91_294;sitten;1
1372;91/2017;2017_91_294;siviilikriisinhallinnan;1
1372;91/2017;2017_91_294;suojelupoliisille;1
1372;91/2017;2017_91_294;suojelupoliisin;1
1372;91/2017;2017_91_294;suomeen;1
1372;91/2017;2017_91_294;suomen;1
1372;91/2017;2017_91_294;suomessa;2
1372;91/2017;2017_91_294;suorituskyvyn;2
1372;91/2017;2017_91_294;suuntautuvan;1
1372;91/2017;2017_91_294;suurin;2
1372;91/2017;2017_91_294;suuryhtiöiden;1
1372;91/2017;2017_91_294;syksyllä;1
1372;91/2017;2017_91_294;syrjäisyyden;1
1372;91/2017;2017_91_294;tapahtuu;1
1372;91/2017;2017_91_294;tehnyt;1
1372;91/2017;2017_91_294;tehostamiseen;1
1372;91/2017;2017_91_294;tehostetaan;2
1372;91/2017;2017_91_294;terrorismia;1
1372;91/2017;2017_91_294;terrorismin;2
1372;91/2017;2017_91_294;terrorismirikoksesta;1
1372;91/2017;2017_91_294;terroritoimintaan;1
1372;91/2017;2017_91_294;tiedon;1
1372;91/2017;2017_91_294;tietoihin;1
1372;91/2017;2017_91_294;tilanteiden;1
1372;91/2017;2017_91_294;toimenpide;1
1372;91/2017;2017_91_294;toimenpideohjelman;1
1372;91/2017;2017_91_294;toimenpiteellä;1
1372;91/2017;2017_91_294;toiminnan;1
1372;91/2017;2017_91_294;toiminnastaan;1
1372;91/2017;2017_91_294;toimintaan;1
1372;91/2017;2017_91_294;toimintakyvyn;1
1372;91/2017;2017_91_294;torjuntaan;1
1372;91/2017;2017_91_294;toteutusta;1
1372;91/2017;2017_91_294;tuetaan;1
1372;91/2017;2017_91_294;tukea;1
1372;91/2017;2017_91_294;tukemisen;1
1372;91/2017;2017_91_294;tulee;1
1372;91/2017;2017_91_294;tuomittujen;1
1372;91/2017;2017_91_294;tuosta;1
1372;91/2017;2017_91_294;turvallisuuden;1
1372;91/2017;2017_91_294;turvallisuudesta;1
1372;91/2017;2017_91_294;turvallisuusympäristön;1
1372;91/2017;2017_91_294;turvapaikkapoliittisen;1
1372;91/2017;2017_91_294;tuulivoima;1
1372;91/2017;2017_91_294;työllistyminen;1
1372;91/2017;2017_91_294;työllistävät;2
1372;91/2017;2017_91_294;työllisyyttä;1
1372;91/2017;2017_91_294;työntekijöiden;1
1372;91/2017;2017_91_294;työvoimasta;2
1372;91/2017;2017_91_294;tälle;1
1372;91/2017;2017_91_294;tällä;1
1372;91/2017;2017_91_294;tämä;3
1372;91/2017;2017_91_294;tärkeä;1
1372;91/2017;2017_91_294;tärkeää;3
1372;91/2017;2017_91_294;vaativien;1
1372;91/2017;2017_91_294;vaikeaa;1
1372;91/2017;2017_91_294;vaikutus;1
1372;91/2017;2017_91_294;valmiuden;2
1372;91/2017;2017_91_294;valuma-alueella;2
1372;91/2017;2017_91_294;valvontaan;1
1372;91/2017;2017_91_294;varusteiden;1
1372;91/2017;2017_91_294;veroratkaisut;1
1372;91/2017;2017_91_294;verotuksen;1
1372;91/2017;2017_91_294;viennin;1
1372;91/2017;2017_91_294;vientiala;1
1372;91/2017;2017_91_294;viesti;1
1372;91/2017;2017_91_294;vihdoinkin;3
1372;91/2017;2017_91_294;viidenneksi;1
1372;91/2017;2017_91_294;voi;1
1372;91/2017;2017_91_294;voidaan;1
1372;91/2017;2017_91_294;voimalaitoksia;1
1372;91/2017;2017_91_294;voimalaitosten;2
1372;91/2017;2017_91_294;voimayhtiöiden;1
1372;91/2017;2017_91_294;vuoksi;2
1372;91/2017;2017_91_294;vuosikymmenten;1
1372;91/2017;2017_91_294;vuosina;1
1372;91/2017;2017_91_294;vuotiaiden;1
1372;91/2017;2017_91_294;yli;1
1372;91/2017;2017_91_294;yritystä;1
1372;91/2017;2017_91_294;ääriliikkeitä;1
1372;91/2017;2017_91_299;alan;1
1372;91/2017;2017_91_299;alueilla;1
1372;91/2017;2017_91_299;budjetin;1
1372;91/2017;2017_91_299;edellyttää;1
1372;91/2017;2017_91_299;ei;2
1372;91/2017;2017_91_299;eikä;1
1372;91/2017;2017_91_299;eivät;1
1372;91/2017;2017_91_299;erikoistuneet;1
1372;91/2017;2017_91_299;erilaisiin;3
1372;91/2017;2017_91_299;erityisalueisiin;1
1372;91/2017;2017_91_299;esimerkiksi;1
1372;91/2017;2017_91_299;että;6
1372;91/2017;2017_91_299;hankoa;1
1372;91/2017;2017_91_299;hetkellä;1
1372;91/2017;2017_91_299;hovioikeuspalveluja;1
1372;91/2017;2017_91_299;hyvänä;1
1372;91/2017;2017_91_299;ja;4
1372;91/2017;2017_91_299;jatketaan;1
1372;91/2017;2017_91_299;jatkossa;1
1372;91/2017;2017_91_299;joilla;1
1372;91/2017;2017_91_299;jotka;1
1372;91/2017;2017_91_299;julkinen;1
1372;91/2017;2017_91_299;julkista;1
1372;91/2017;2017_91_299;juristina;1
1372;91/2017;2017_91_299;kansalaiset;1
1372;91/2017;2017_91_299;kata;1
1372;91/2017;2017_91_299;kautta;1
1372;91/2017;2017_91_299;kehitystyötä;1
1372;91/2017;2017_91_299;keskittyvät;1
1372;91/2017;2017_91_299;konkurssimenettelyyn;1
1372;91/2017;2017_91_299;koska;1
1372;91/2017;2017_91_299;kuitenkin;1
1372;91/2017;2017_91_299;kuntia;1
1372;91/2017;2017_91_299;kuten;1
1372;91/2017;2017_91_299;kykenevät;1
1372;91/2017;2017_91_299;käräjäoikeudet;2
1372;91/2017;2017_91_299;käräjäoikeuksissa;1
1372;91/2017;2017_91_299;käräjäoikeus;1
1372;91/2017;2017_91_299;käräjäoikeusverkosto;1
1372;91/2017;2017_91_299;lieksaa;1
1372;91/2017;2017_91_299;mahdollista;1
1372;91/2017;2017_91_299;merkitsee;1
1372;91/2017;2017_91_299;myötä;1
1372;91/2017;2017_91_299;niillä;1
1372;91/2017;2017_91_299;niin;1
1372;91/2017;2017_91_299;oikeusapu;1
1372;91/2017;2017_91_299;oikeusapua;1
1372;91/2017;2017_91_299;oikeusministeriön;1
1372;91/2017;2017_91_299;oikeuspalveluiden;1
1372;91/2017;2017_91_299;oikeusvarmuutta;1
1372;91/2017;2017_91_299;ole;2
1372;91/2017;2017_91_299;on;5
1372;91/2017;2017_91_299;ongelmana;1
1372;91/2017;2017_91_299;osa-alueisiin;1
1372;91/2017;2017_91_299;osaamisalueisiin;1
1372;91/2017;2017_91_299;osaamisen;1
1372;91/2017;2017_91_299;osastoja;1
1372;91/2017;2017_91_299;ovat;1
1372;91/2017;2017_91_299;paikkakunnilla;1
1372;91/2017;2017_91_299;paikkakuntia;1
1372;91/2017;2017_91_299;parantaa;1
1372;91/2017;2017_91_299;perehtymään;1
1372;91/2017;2017_91_299;pidän;1
1372;91/2017;2017_91_299;pohjanmaan;1
1372;91/2017;2017_91_299;rakennusalan;1
1372;91/2017;2017_91_299;ratkaisuun;1
1372;91/2017;2017_91_299;riitojen;1
1372;91/2017;2017_91_299;rikosoikeuden;1
1372;91/2017;2017_91_299;saada;1
1372;91/2017;2017_91_299;saatavuudessa;1
1372;91/2017;2017_91_299;sallaa;1
1372;91/2017;2017_91_299;se;1
1372;91/2017;2017_91_299;sitä;1
1372;91/2017;2017_91_299;suomessa;1
1372;91/2017;2017_91_299;syrjäisillä;1
1372;91/2017;2017_91_299;tai;2
1372;91/2017;2017_91_299;tarjolla;1
1372;91/2017;2017_91_299;tavoita;1
1372;91/2017;2017_91_299;tehostuu;1
1372;91/2017;2017_91_299;toimenpiteitä;1
1372;91/2017;2017_91_299;toimesta;1
1372;91/2017;2017_91_299;toimijoilta;1
1372;91/2017;2017_91_299;tulevaisuudessa;1
1372;91/2017;2017_91_299;tulevan;2
1372;91/2017;2017_91_299;työskentelemään;1
1372;91/2017;2017_91_299;tällä;1
1372;91/2017;2017_91_299;tämä;3
1372;91/2017;2017_91_299;tärkeä;1
1372;91/2017;2017_91_299;tärkeää;1
1372;91/2017;2017_91_299;tätä;1
1372;91/2017;2017_91_299;uudistus;2
1372;91/2017;2017_91_299;vaikkapa;1
1372;91/2017;2017_91_299;vuoden;1
1372;91/2017;2017_91_299;yhdenvertaisia;1
1372;91/2017;2017_91_299;yksityisiltä;1
1372;91/2017;2017_91_303;ajautuneet;1
1372;91/2017;2017_91_303;aloittaa;1
1372;91/2017;2017_91_303;annettiin;1
1372;91/2017;2017_91_303;apua;1
1372;91/2017;2017_91_303;arvioi;1
1372;91/2017;2017_91_303;arvoisa;1
1372;91/2017;2017_91_303;asemaa;1
1372;91/2017;2017_91_303;asemaan;1
1372;91/2017;2017_91_303;aseman;1
1372;91/2017;2017_91_303;asiakkaita;1
1372;91/2017;2017_91_303;asioiden;1
1372;91/2017;2017_91_303;eivät;2
1372;91/2017;2017_91_303;eivätkä;1
1372;91/2017;2017_91_303;elämä;1
1372;91/2017;2017_91_303;eri;1
1372;91/2017;2017_91_303;erityisen;1
1372;91/2017;2017_91_303;esimerkiksi;1
1372;91/2017;2017_91_303;että;2
1372;91/2017;2017_91_303;helpottaisi;1
1372;91/2017;2017_91_303;herra;1
1372;91/2017;2017_91_303;hieman;1
1372;91/2017;2017_91_303;historiaa;1
1372;91/2017;2017_91_303;huonoon;1
1372;91/2017;2017_91_303;hyvinkin;1
1372;91/2017;2017_91_303;hyvä;1
1372;91/2017;2017_91_303;ihmisten;1
1372;91/2017;2017_91_303;ja;9
1372;91/2017;2017_91_303;joka;1
1372;91/2017;2017_91_303;jos;1
1372;91/2017;2017_91_303;jossa;2
1372;91/2017;2017_91_303;järjestelmän;1
1372;91/2017;2017_91_303;kaudella;1
1372;91/2017;2017_91_303;kehittyessä;1
1372;91/2017;2017_91_303;koettiin;1
1372;91/2017;2017_91_303;kohentamiseksi;1
1372;91/2017;2017_91_303;kohtelu;1
1372;91/2017;2017_91_303;kokenut;1
1372;91/2017;2017_91_303;koska;1
1372;91/2017;2017_91_303;kuitenkaan;1
1372;91/2017;2017_91_303;kuitenkin;1
1372;91/2017;2017_91_303;kunnallisilta;1
1372;91/2017;2017_91_303;kunnat;1
1372;91/2017;2017_91_303;kunnissa;1
1372;91/2017;2017_91_303;kuntien;1
1372;91/2017;2017_91_303;kuten;1
1372;91/2017;2017_91_303;kuukausia;1
1372;91/2017;2017_91_303;kyenneet;2
1372;91/2017;2017_91_303;käydään;1
1372;91/2017;2017_91_303;lainsäädännön;1
1372;91/2017;2017_91_303;lakiasiaintoimistoyrityksessäni;1
1372;91/2017;2017_91_303;lamaan;1
1372;91/2017;2017_91_303;liiketoiminta;1
1372;91/2017;2017_91_303;liittyviä;1
1372;91/2017;2017_91_303;loimme;1
1372;91/2017;2017_91_303;luottorekisterin;1
1372;91/2017;2017_91_303;luvulla;1
1372;91/2017;2017_91_303;läpi;1
1372;91/2017;2017_91_303;maata;1
1372;91/2017;2017_91_303;mahdollisuutta;1
1372;91/2017;2017_91_303;me;1
1372;91/2017;2017_91_303;monet;1
1372;91/2017;2017_91_303;monimutkaisten;1
1372;91/2017;2017_91_303;monissa;1
1372;91/2017;2017_91_303;muutostarpeita;1
1372;91/2017;2017_91_303;ne;1
1372;91/2017;2017_91_303;nimenomaan;1
1372;91/2017;2017_91_303;nuo;1
1372;91/2017;2017_91_303;nykyistä;1
1372;91/2017;2017_91_303;näiltä;1
1372;91/2017;2017_91_303;oikeudenmukainen;1
1372;91/2017;2017_91_303;oikeusaputoimistoihin;1
1372;91/2017;2017_91_303;oikeusministeriö;1
1372;91/2017;2017_91_303;ole;2
1372;91/2017;2017_91_303;oleellista;1
1372;91/2017;2017_91_303;olen;1
1372;91/2017;2017_91_303;omalta;1
1372;91/2017;2017_91_303;omassa;1
1372;91/2017;2017_91_303;on;2
1372;91/2017;2017_91_303;osaltani;1
1372;91/2017;2017_91_303;palvelua;1
1372;91/2017;2017_91_303;perustamista;1
1372;91/2017;2017_91_303;pikaluottojen;1
1372;91/2017;2017_91_303;positiivisen;1
1372;91/2017;2017_91_303;puhemies;1
1372;91/2017;2017_91_303;puolilla;1
1372;91/2017;2017_91_303;pääseminen;1
1372;91/2017;2017_91_303;riittävästi;1
1372;91/2017;2017_91_303;romahti;1
1372;91/2017;2017_91_303;saadaan;1
1372;91/2017;2017_91_303;saaneet;1
1372;91/2017;2017_91_303;se;2
1372;91/2017;2017_91_303;sektoreilta;1
1372;91/2017;2017_91_303;sellaista;1
1372;91/2017;2017_91_303;siirretään;1
1372;91/2017;2017_91_303;siirtyy;1
1372;91/2017;2017_91_303;sitten;1
1372;91/2017;2017_91_303;suomi;1
1372;91/2017;2017_91_303;syvään;1
1372;91/2017;2017_91_303;sääntelyä;1
1372;91/2017;2017_91_303;talous;2
1372;91/2017;2017_91_303;tarjoamaan;2
1372;91/2017;2017_91_303;tasavertaiseksi;1
1372;91/2017;2017_91_303;tehtäviksi;1
1372;91/2017;2017_91_303;tietysti;1
1372;91/2017;2017_91_303;tilannetta;1
1372;91/2017;2017_91_303;tulee;1
1372;91/2017;2017_91_303;tulevalla;1
1372;91/2017;2017_91_303;tuossa;1
1372;91/2017;2017_91_303;tämän;1
1372;91/2017;2017_91_303;tärkeiksi;1
1372;91/2017;2017_91_303;useita;1
1372;91/2017;2017_91_303;uutta;1
1372;91/2017;2017_91_303;valtion;1
1372;91/2017;2017_91_303;vastaisi;1
1372;91/2017;2017_91_303;vastuulle;1
1372;91/2017;2017_91_303;velkaneuvontaan;1
1372;91/2017;2017_91_303;velkaneuvontapalvelut;2
1372;91/2017;2017_91_303;velkatilanteiden;1
1372;91/2017;2017_91_303;vie;1
1372;91/2017;2017_91_303;ylivelkaantumiseen;1
1372;91/2017;2017_91_303;ylivelkaantuneiden;2
1372;91/2017;2017_91_303;yrittäjien;1
1372;91/2017;2017_91_303;yrittäjät;1
1372;93/2018;2018_93_185;aikaisemmin;1
1372;93/2018;2018_93_185;aikakauteen;1
1372;93/2018;2018_93_185;aikansa;1
1372;93/2018;2018_93_185;aikuistuvaa;1
1372;93/2018;2018_93_185;ainoastaan;1
1372;93/2018;2018_93_185;aivan;1
1372;93/2018;2018_93_185;apua;1
1372;93/2018;2018_93_185;arvioida;1
1372;93/2018;2018_93_185;arvoisa;1
1372;93/2018;2018_93_185;arvokeskusteluja;1
1372;93/2018;2018_93_185;asemaan;1
1372;93/2018;2018_93_185;asenteemme;1
1372;93/2018;2018_93_185;asetti;1
1372;93/2018;2018_93_185;asua;1
1372;93/2018;2018_93_185;asumiseen;1
1372;93/2018;2018_93_185;avulla;1
1372;93/2018;2018_93_185;diagnoosin;1
1372;93/2018;2018_93_185;diagnoosipohjainen;1
1372;93/2018;2018_93_185;eduskuntakäsittelyyn;1
1372;93/2018;2018_93_185;eivät;1
1372;93/2018;2018_93_185;elämään;1
1372;93/2018;2018_93_185;eläneitä;1
1372;93/2018;2018_93_185;entistä;1
1372;93/2018;2018_93_185;epäilevät;1
1372;93/2018;2018_93_185;epäkohta;1
1372;93/2018;2018_93_185;epäoikeudenmukaista;1
1372;93/2018;2018_93_185;epäreilua;1
1372;93/2018;2018_93_185;eri;2
1372;93/2018;2018_93_185;eriarvoiseen;1
1372;93/2018;2018_93_185;erilaisia;1
1372;93/2018;2018_93_185;erilaisiin;1
1372;93/2018;2018_93_185;erilaisista;1
1372;93/2018;2018_93_185;erinomainen;1
1372;93/2018;2018_93_185;erittäin;1
1372;93/2018;2018_93_185;erityiset;1
1372;93/2018;2018_93_185;esimerkiksi;1
1372;93/2018;2018_93_185;etten;1
1372;93/2018;2018_93_185;että;6
1372;93/2018;2018_93_185;hallituksen;1
1372;93/2018;2018_93_185;henkilöiden;1
1372;93/2018;2018_93_185;henkilöt;1
1372;93/2018;2018_93_185;huomioidaan;1
1372;93/2018;2018_93_185;huomioon;1
1372;93/2018;2018_93_185;hyvin;1
1372;93/2018;2018_93_185;hyvinkin;1
1372;93/2018;2018_93_185;hyvä;1
1372;93/2018;2018_93_185;itse;1
1372;93/2018;2018_93_185;itselläni;1
1372;93/2018;2018_93_185;itsemääräämisoikeus;1
1372;93/2018;2018_93_185;itsenäisesti;1
1372;93/2018;2018_93_185;ja;14
1372;93/2018;2018_93_185;joilla;1
1372;93/2018;2018_93_185;joka;1
1372;93/2018;2018_93_185;jotka;1
1372;93/2018;2018_93_185;jotkut;1
1372;93/2018;2018_93_185;jotta;1
1372;93/2018;2018_93_185;juuri;1
1372;93/2018;2018_93_185;jäivät;1
1372;93/2018;2018_93_185;kautta;1
1372;93/2018;2018_93_185;kehitysvammalaki;1
1372;93/2018;2018_93_185;kehitysvammalakiin;1
1372;93/2018;2018_93_185;kognitiivisia;1
1372;93/2018;2018_93_185;kohtelun;1
1372;93/2018;2018_93_185;kommunikaatioon;1
1372;93/2018;2018_93_185;koskevat;1
1372;93/2018;2018_93_185;kotiin;2
1372;93/2018;2018_93_185;kotonaan;1
1372;93/2018;2018_93_185;kuin;1
1372;93/2018;2018_93_185;kun;1
1372;93/2018;2018_93_185;käsittelyyn;1
1372;93/2018;2018_93_185;käytiin;1
1372;93/2018;2018_93_185;käytössä;1
1372;93/2018;2018_93_185;laajemmin;1
1372;93/2018;2018_93_185;lait;1
1372;93/2018;2018_93_185;lakiasiaintoimistoni;1
1372;93/2018;2018_93_185;lakikokonaisuus;1
1372;93/2018;2018_93_185;lapsen;1
1372;93/2018;2018_93_185;lapsi;1
1372;93/2018;2018_93_185;lapsia;1
1372;93/2018;2018_93_185;lasten;1
1372;93/2018;2018_93_185;liittyviä;2
1372;93/2018;2018_93_185;lisätään;1
1372;93/2018;2018_93_185;lisääntyneen;1
1372;93/2018;2018_93_185;maakunnat;1
1372;93/2018;2018_93_185;maakuntauudistus;1
1372;93/2018;2018_93_185;maakuntauudistusta;1
1372;93/2018;2018_93_185;maata;1
1372;93/2018;2018_93_185;muuttuneet;1
1372;93/2018;2018_93_185;myös;1
1372;93/2018;2018_93_185;myötä;1
1372;93/2018;2018_93_185;neurologisia;1
1372;93/2018;2018_93_185;niin;3
1372;93/2018;2018_93_185;niissä;1
1372;93/2018;2018_93_185;nuoria;1
1372;93/2018;2018_93_185;nuorta;1
1372;93/2018;2018_93_185;nyt;4
1372;93/2018;2018_93_185;näistä;1
1372;93/2018;2018_93_185;nämä;1
1372;93/2018;2018_93_185;oikeuksista;1
1372;93/2018;2018_93_185;oleellista;1
1372;93/2018;2018_93_185;oli;2
1372;93/2018;2018_93_185;olleet;1
1372;93/2018;2018_93_185;ollut;1
1372;93/2018;2018_93_185;omaan;2
1372;93/2018;2018_93_185;oman;1
1372;93/2018;2018_93_185;on;11
1372;93/2018;2018_93_185;osallistumista;1
1372;93/2018;2018_93_185;osallisuutta;1
1372;93/2018;2018_93_185;otetaan;1
1372;93/2018;2018_93_185;ottavat;1
1372;93/2018;2018_93_185;ovat;3
1372;93/2018;2018_93_185;palveluiden;2
1372;93/2018;2018_93_185;palveluita;1
1372;93/2018;2018_93_185;palvelujen;2
1372;93/2018;2018_93_185;paremmin;2
1372;93/2018;2018_93_185;perheet;1
1372;93/2018;2018_93_185;perusteeksi;1
1372;93/2018;2018_93_185;perusteella;1
1372;93/2018;2018_93_185;piiriin;1
1372;93/2018;2018_93_185;pitkään;1
1372;93/2018;2018_93_185;puhemies;1
1372;93/2018;2018_93_185;puolilla;1
1372;93/2018;2018_93_185;päähän;1
1372;93/2018;2018_93_185;pääsi;1
1372;93/2018;2018_93_185;rahat;1
1372;93/2018;2018_93_185;rajoitteista;1
1372;93/2018;2018_93_185;riitoja;1
1372;93/2018;2018_93_185;riittävät;1
1372;93/2018;2018_93_185;saadaan;1
1372;93/2018;2018_93_185;saamisen;1
1372;93/2018;2018_93_185;saatettu;1
1372;93/2018;2018_93_185;saavat;2
1372;93/2018;2018_93_185;sanoisi;1
1372;93/2018;2018_93_185;se;5
1372;93/2018;2018_93_185;sekä;1
1372;93/2018;2018_93_185;sellaiset;1
1372;93/2018;2018_93_185;siirtymään;1
1372;93/2018;2018_93_185;siirtää;1
1372;93/2018;2018_93_185;silloin;1
1372;93/2018;2018_93_185;sitten;1
1372;93/2018;2018_93_185;sitä;1
1372;93/2018;2018_93_185;sotea;1
1372;93/2018;2018_93_185;suomen;1
1372;93/2018;2018_93_185;säännöksiä;1
1372;93/2018;2018_93_185;tai;1
1372;93/2018;2018_93_185;tapa;1
1372;93/2018;2018_93_185;tarpeet;1
1372;93/2018;2018_93_185;tarpeisiin;1
1372;93/2018;2018_93_185;tarvetta;1
1372;93/2018;2018_93_185;tasa-arvoisempi;1
1372;93/2018;2018_93_185;tasapuolisen;1
1372;93/2018;2018_93_185;tavoin;1
1372;93/2018;2018_93_185;tiedon;1
1372;93/2018;2018_93_185;tiensä;1
1372;93/2018;2018_93_185;tilanteissa;1
1372;93/2018;2018_93_185;tilkittyä;1
1372;93/2018;2018_93_185;toimeksiantoja;1
1372;93/2018;2018_93_185;toiminnan;1
1372;93/2018;2018_93_185;toimintakyky;1
1372;93/2018;2018_93_185;toimintakykypohjainen;1
1372;93/2018;2018_93_185;toimintarajoitteita;1
1372;93/2018;2018_93_185;toteutuu;2
1372;93/2018;2018_93_185;tuen;1
1372;93/2018;2018_93_185;tuetaan;1
1372;93/2018;2018_93_185;tulee;1
1372;93/2018;2018_93_185;tuleva;1
1372;93/2018;2018_93_185;tulleet;1
1372;93/2018;2018_93_185;tullut;1
1372;93/2018;2018_93_185;tutkimuksen;1
1372;93/2018;2018_93_185;tällaisia;1
1372;93/2018;2018_93_185;tämä;3
1372;93/2018;2018_93_185;tämän;1
1372;93/2018;2018_93_185;tärkeää;2
1372;93/2018;2018_93_185;täällä;1
1372;93/2018;2018_93_185;ulkopuolelle;1
1372;93/2018;2018_93_185;usein;1
1372;93/2018;2018_93_185;useita;1
1372;93/2018;2018_93_185;uskon;1
1372;93/2018;2018_93_185;uudistus;1
1372;93/2018;2018_93_185;uuteen;1
1372;93/2018;2018_93_185;vaativissa;1
1372;93/2018;2018_93_185;valmennuksen;1
1372;93/2018;2018_93_185;valmistelema;1
1372;93/2018;2018_93_185;vammaisen;1
1372;93/2018;2018_93_185;vammaiset;2
1372;93/2018;2018_93_185;vammaispalvelulaki;2
1372;93/2018;2018_93_185;vammaispalvelulakiin;1
1372;93/2018;2018_93_185;vammaisten;3
1372;93/2018;2018_93_185;vammaisuudesta;1
1372;93/2018;2018_93_185;vanha;1
1372;93/2018;2018_93_185;vanhentuneita;1
1372;93/2018;2018_93_185;vanhoihin;1
1372;93/2018;2018_93_185;varat;1
1372;93/2018;2018_93_185;vastaa;1
1372;93/2018;2018_93_185;vastuulleen;1
1372;93/2018;2018_93_185;vihdoin;1
1372;93/2018;2018_93_185;voi;1
1372;93/2018;2018_93_185;yhä;1
1372;93/2018;2018_93_185;yksilöllistä;1
1372;93/2018;2018_93_185;ymmärrämme;1
1372;93/2018;2018_93_66;aikaisemmin;1
1372;93/2018;2018_93_66;ajan;1
1372;93/2018;2018_93_66;arvioida;1
1372;93/2018;2018_93_66;arvoisa;1
1372;93/2018;2018_93_66;asioissa;1
1372;93/2018;2018_93_66;ei;1
1372;93/2018;2018_93_66;eikä;2
1372;93/2018;2018_93_66;eli;2
1372;93/2018;2018_93_66;emme;1
1372;93/2018;2018_93_66;ensinnäkin;1
1372;93/2018;2018_93_66;että;5
1372;93/2018;2018_93_66;halusin;1
1372;93/2018;2018_93_66;heillä;1
1372;93/2018;2018_93_66;ilmennyt;1
1372;93/2018;2018_93_66;jo;2
1372;93/2018;2018_93_66;joskus;1
1372;93/2018;2018_93_66;jotka;1
1372;93/2018;2018_93_66;julistamisesta;1
1372;93/2018;2018_93_66;julistamista;1
1372;93/2018;2018_93_66;julki;1
1372;93/2018;2018_93_66;kansalaisilla;1
1372;93/2018;2018_93_66;kiireelliseksi;2
1372;93/2018;2018_93_66;kiireellisyydelle;1
1372;93/2018;2018_93_66;koko;1
1372;93/2018;2018_93_66;koska;1
1372;93/2018;2018_93_66;kuin;3
1372;93/2018;2018_93_66;kuitenkin;1
1372;93/2018;2018_93_66;kun;1
1372;93/2018;2018_93_66;käyttää;1
1372;93/2018;2018_93_66;lainsäädännön;1
1372;93/2018;2018_93_66;loppujohtopäätöksissä;1
1372;93/2018;2018_93_66;lopuksi;1
1372;93/2018;2018_93_66;lähtökohta;1
1372;93/2018;2018_93_66;maassa;1
1372;93/2018;2018_93_66;mahdollista;2
1372;93/2018;2018_93_66;me;1
1372;93/2018;2018_93_66;meillä;1
1372;93/2018;2018_93_66;monenlaisissa;1
1372;93/2018;2018_93_66;mukaisesti;1
1372;93/2018;2018_93_66;mutta;1
1372;93/2018;2018_93_66;niin;2
1372;93/2018;2018_93_66;niitä;1
1372;93/2018;2018_93_66;nykyisen;1
1372;93/2018;2018_93_66;nyt;2
1372;93/2018;2018_93_66;ole;1
1372;93/2018;2018_93_66;oli;1
1372;93/2018;2018_93_66;on;8
1372;93/2018;2018_93_66;onhan;1
1372;93/2018;2018_93_66;ovat;1
1372;93/2018;2018_93_66;perustuslakivaliokunnan;1
1372;93/2018;2018_93_66;puheenvuoron;1
1372;93/2018;2018_93_66;puhemies;1
1372;93/2018;2018_93_66;puuttua;1
1372;93/2018;2018_93_66;pääsääntöä;1
1372;93/2018;2018_93_66;runsaasti;1
1372;93/2018;2018_93_66;se;3
1372;93/2018;2018_93_66;selkeää;1
1372;93/2018;2018_93_66;sellaisia;2
1372;93/2018;2018_93_66;sen;1
1372;93/2018;2018_93_66;siitä;1
1372;93/2018;2018_93_66;sitä;1
1372;93/2018;2018_93_66;sotilasorganisaatioina;1
1372;93/2018;2018_93_66;sotilastiedusteluviranomaisiin;1
1372;93/2018;2018_93_66;suojamekanismeja;1
1372;93/2018;2018_93_66;suosittele;1
1372;93/2018;2018_93_66;tarvetta;1
1372;93/2018;2018_93_66;tiedusteluorganisaatioita;1
1372;93/2018;2018_93_66;tietenkin;2
1372;93/2018;2018_93_66;tietysti;1
1372;93/2018;2018_93_66;todettava;1
1372;93/2018;2018_93_66;toinen;1
1372;93/2018;2018_93_66;toisin;1
1372;93/2018;2018_93_66;toteamme;2
1372;93/2018;2018_93_66;tule;1
1372;93/2018;2018_93_66;tunnuksettomia;1
1372;93/2018;2018_93_66;tunnustuksellisina;1
1372;93/2018;2018_93_66;tuodaan;1
1372;93/2018;2018_93_66;tämän;1
1372;93/2018;2018_93_66;tästä;1
1372;93/2018;2018_93_66;tätä;1
1372;93/2018;2018_93_66;täällä;1
1372;93/2018;2018_93_66;valtion;2
1372;93/2018;2018_93_66;varmasti;1
1372;93/2018;2018_93_66;vielä;1
1372;93/2018;2018_93_66;vieraan;2
1372;93/2018;2018_93_66;voida;1
1372;93/2018;2018_93_66;vuoksi;1
1372;93/2018;2018_93_66;väärinkäsitystä;1
1372;99/2018;2018_99_71;aikana;3
1372;99/2018;2018_99_71;alueilta;1
1372;99/2018;2018_99_71;arvoisa;1
1372;99/2018;2018_99_71;arvosta;1
1372;99/2018;2018_99_71;bankin;1
1372;99/2018;2018_99_71;danske;1
1372;99/2018;2018_99_71;ei;1
1372;99/2018;2018_99_71;erilaisille;1
1372;99/2018;2018_99_71;erityisesti;2
1372;99/2018;2018_99_71;eräs;1
1372;99/2018;2018_99_71;estämiseksi;1
1372;99/2018;2018_99_71;että;2
1372;99/2018;2018_99_71;eu-maat;1
1372;99/2018;2018_99_71;euron;2
1372;99/2018;2018_99_71;euroopassa;1
1372;99/2018;2018_99_71;haltija;1
1372;99/2018;2018_99_71;havaittu;2
1372;99/2018;2018_99_71;henkilöille;1
1372;99/2018;2018_99_71;hän;1
1372;99/2018;2018_99_71;hänellä;1
1372;99/2018;2018_99_71;itselleen;1
1372;99/2018;2018_99_71;itäblokin;1
1372;99/2018;2018_99_71;ja;1
1372;99/2018;2018_99_71;julkistetun;1
1372;99/2018;2018_99_71;juuri;1
1372;99/2018;2018_99_71;jälkeen;2
1372;99/2018;2018_99_71;kansalainen;1
1372;99/2018;2018_99_71;kansalaisuus;1
1372;99/2018;2018_99_71;kaupankäynnin;1
1372;99/2018;2018_99_71;keskustelunaiheeksi;1
1372;99/2018;2018_99_71;koska;1
1372;99/2018;2018_99_71;krimin;1
1372;99/2018;2018_99_71;kuin;1
1372;99/2018;2018_99_71;kultaisen;1
1372;99/2018;2018_99_71;kultaiset;1
1372;99/2018;2018_99_71;kultaisia;1
1372;99/2018;2018_99_71;kultaista;1
1372;99/2018;2018_99_71;kultaisten;1
1372;99/2018;2018_99_71;kun;1
1372;99/2018;2018_99_71;kykenee;1
1372;99/2018;2018_99_71;lieveilmiöitä;1
1372;99/2018;2018_99_71;lisääntynyt;1
1372;99/2018;2018_99_71;mahdollisia;1
1372;99/2018;2018_99_71;maltalla;1
1372;99/2018;2018_99_71;maltan;2
1372;99/2018;2018_99_71;miljoonan;1
1372;99/2018;2018_99_71;mitä;1
1372;99/2018;2018_99_71;muassa;2
1372;99/2018;2018_99_71;mukaan;1
1372;99/2018;2018_99_71;mutta;1
1372;99/2018;2018_99_71;muun;2
1372;99/2018;2018_99_71;muut;1
1372;99/2018;2018_99_71;myydään;1
1372;99/2018;2018_99_71;myyty;1
1372;99/2018;2018_99_71;myyvät;1
1372;99/2018;2018_99_71;myös;1
1372;99/2018;2018_99_71;määrä;1
1372;99/2018;2018_99_71;niin;1
1372;99/2018;2018_99_71;noin;1
1372;99/2018;2018_99_71;nousseet;1
1372;99/2018;2018_99_71;nyt;2
1372;99/2018;2018_99_71;nähneet;1
1372;99/2018;2018_99_71;näitä;2
1372;99/2018;2018_99_71;olemme;1
1372;99/2018;2018_99_71;oli;2
1372;99/2018;2018_99_71;ollut;1
1372;99/2018;2018_99_71;on;4
1372;99/2018;2018_99_71;operaation;1
1372;99/2018;2018_99_71;osalta;1
1372;99/2018;2018_99_71;ovat;1
1372;99/2018;2018_99_71;passeja;2
1372;99/2018;2018_99_71;passia;1
1372;99/2018;2018_99_71;passien;1
1372;99/2018;2018_99_71;passin;1
1372;99/2018;2018_99_71;passit;1
1372;99/2018;2018_99_71;puhemies;1
1372;99/2018;2018_99_71;pääepäillyistä;1
1372;99/2018;2018_99_71;pääministeri;1
1372;99/2018;2018_99_71;rahanpesua;1
1372;99/2018;2018_99_71;ryösti;1
1372;99/2018;2018_99_71;saaristossa;1
1372;99/2018;2018_99_71;se;1
1372;99/2018;2018_99_71;sen;1
1372;99/2018;2018_99_71;siellä;1
1372;99/2018;2018_99_71;suomessa;1
1372;99/2018;2018_99_71;suomi;1
1372;99/2018;2018_99_71;tehdyn;1
1372;99/2018;2018_99_71;tehdä;1
1372;99/2018;2018_99_71;tekemään;1
1372;99/2018;2018_99_71;tulleille;1
1372;99/2018;2018_99_71;tuo;1
1372;99/2018;2018_99_71;tuolla;1
1372;99/2018;2018_99_71;tuollaista;1
1372;99/2018;2018_99_71;turun;1
1372;99/2018;2018_99_71;tutkimuksen;1
1372;99/2018;2018_99_71;tällaisen;2
1372;99/2018;2018_99_71;tänne;1
1372;99/2018;2018_99_71;täällä;1
1372;99/2018;2018_99_71;venäjä;1
1372;99/2018;2018_99_71;viimeisen;1
1372;99/2018;2018_99_71;viimeisten;2
1372;99/2018;2018_99_71;voi;1
1372;99/2018;2018_99_71;vuoden;3
