speaker_id;session;speech_id;word;word_n
1306;7/2015;2015_7_17;ärade;1
1306;7/2015;2015_7_17;talman;1
1306;7/2015;2015_7_17;det;3
1306;7/2015;2015_7_17;som;2
1306;7/2015;2015_7_17;diskuteras;1
1306;7/2015;2015_7_17;här;1
1306;7/2015;2015_7_17;dag;1
1306;7/2015;2015_7_17;är;2
1306;7/2015;2015_7_17;en;1
1306;7/2015;2015_7_17;helt;1
1306;7/2015;2015_7_17;praktisk;1
1306;7/2015;2015_7_17;åtgärd;1
1306;7/2015;2015_7_17;inte;2
1306;7/2015;2015_7_17;borde;1
1306;7/2015;2015_7_17;föranleda;1
1306;7/2015;2015_7_17;diskussion;1
1306;7/2015;2015_7_17;gläder;1
1306;7/2015;2015_7_17;mig;1
1306;7/2015;2015_7_17;att;3
1306;7/2015;2015_7_17;vi;1
1306;7/2015;2015_7_17;verkar;1
1306;7/2015;2015_7_17;har;1
1306;7/2015;2015_7_17;lyckats;1
1306;7/2015;2015_7_17;vända;1
1306;7/2015;2015_7_17;ett;1
1306;7/2015;2015_7_17;blad;1
1306;7/2015;2015_7_17;och;2
1306;7/2015;2015_7_17;gå;1
1306;7/2015;2015_7_17;vidare;1
1306;7/2015;2015_7_17;halla-ahos;1
1306;7/2015;2015_7_17;manifest;1
1306;7/2015;2015_7_17;kan;1
1306;7/2015;2015_7_17;begravas;1
1306;7/2015;2015_7_17;ledamot;1
1306;7/2015;2015_7_17;tolppanen;1
1306;7/2015;2015_7_17;känner;1
1306;7/2015;2015_7_17;till;1
1306;7/2015;2015_7_17;manifestet;1
1306;7/2015;2015_7_17;onekligen;1
1306;7/2015;2015_7_17;intressant;1
1306;14/2015;2015_14_170;ärade;2
1306;14/2015;2015_14_170;talman;1
1306;14/2015;2015_14_170;vi;6
1306;14/2015;2015_14_170;debatterar;1
1306;14/2015;2015_14_170;dag;1
1306;14/2015;2015_14_170;vårt;1
1306;14/2015;2015_14_170;regeringsprogram;2
1306;14/2015;2015_14_170;som;8
1306;14/2015;2015_14_170;tillkommit;1
1306;14/2015;2015_14_170;under;1
1306;14/2015;2015_14_170;aldrig;1
1306;14/2015;2015_14_170;tidigare;1
1306;14/2015;2015_14_170;skådat;1
1306;14/2015;2015_14_170;medialt;1
1306;14/2015;2015_14_170;intresse;1
1306;14/2015;2015_14_170;och;13
1306;14/2015;2015_14_170;väl;1
1306;14/2015;2015_14_170;så;2
1306;14/2015;2015_14_170;för;2
1306;14/2015;2015_14_170;lever;1
1306;14/2015;2015_14_170;utmanande;1
1306;14/2015;2015_14_170;tider;1
1306;14/2015;2015_14_170;det;9
1306;14/2015;2015_14_170;har;6
1306;14/2015;2015_14_170;talats;1
1306;14/2015;2015_14_170;om;5
1306;14/2015;2015_14_170;processcheman;1
1306;14/2015;2015_14_170;bokstavskombinationer;1
1306;14/2015;2015_14_170;kontorslandskap;1
1306;14/2015;2015_14_170;effektivitet;1
1306;14/2015;2015_14_170;men;2
1306;14/2015;2015_14_170;med;5
1306;14/2015;2015_14_170;facit;1
1306;14/2015;2015_14_170;på;5
1306;14/2015;2015_14_170;hand;1
1306;14/2015;2015_14_170;kan;1
1306;14/2015;2015_14_170;man;4
1306;14/2015;2015_14_170;inte;3
1306;14/2015;2015_14_170;undgå;1
1306;14/2015;2015_14_170;att;7
1306;14/2015;2015_14_170;tänka;1
1306;14/2015;2015_14_170;processen;1
1306;14/2015;2015_14_170;fått;2
1306;14/2015;2015_14_170;övertag;1
1306;14/2015;2015_14_170;bekostnad;1
1306;14/2015;2015_14_170;av;3
1306;14/2015;2015_14_170;innehållet;1
1306;14/2015;2015_14_170;valkampanjens;1
1306;14/2015;2015_14_170;hetta;1
1306;14/2015;2015_14_170;kastas;1
1306;14/2015;2015_14_170;löften;1
1306;14/2015;2015_14_170;ut;1
1306;14/2015;2015_14_170;både;1
1306;14/2015;2015_14_170;vitt;1
1306;14/2015;2015_14_170;brett;1
1306;14/2015;2015_14_170;våra;1
1306;14/2015;2015_14_170;vänner;1
1306;14/2015;2015_14_170;sannfinländarna;1
1306;14/2015;2015_14_170;krupit;1
1306;14/2015;2015_14_170;till;1
1306;14/2015;2015_14_170;korset;1
1306;14/2015;2015_14_170;tagit;1
1306;14/2015;2015_14_170;tillbaka;1
1306;14/2015;2015_14_170;ett;4
1306;14/2015;2015_14_170;annat;2
1306;14/2015;2015_14_170;bloggskrivelser;1
1306;14/2015;2015_14_170;sin;1
1306;14/2015;2015_14_170;eu-politik;1
1306;14/2015;2015_14_170;sitt;1
1306;14/2015;2015_14_170;invandringspolitiska;1
1306;14/2015;2015_14_170;program;1
1306;14/2015;2015_14_170;mycket;1
1306;14/2015;2015_14_170;tanke;2
1306;14/2015;2015_14_170;regeringens;3
1306;14/2015;2015_14_170;funktionsduglighet;1
1306;14/2015;2015_14_170;hade;2
1306;14/2015;2015_14_170;varit;2
1306;14/2015;2015_14_170;välkommet;1
1306;14/2015;2015_14_170;olyckliga;1
1306;14/2015;2015_14_170;yttrande;1
1306;14/2015;2015_14_170;decimerat;1
1306;14/2015;2015_14_170;statsråd;2
1306;14/2015;2015_14_170;även;2
1306;14/2015;2015_14_170;kastats;1
1306;14/2015;2015_14_170;historiens;1
1306;14/2015;2015_14_170;valfläskets;1
1306;14/2015;2015_14_170;sopkorg;1
1306;14/2015;2015_14_170;gjordes;1
1306;14/2015;2015_14_170;onekligen;1
1306;14/2015;2015_14_170;ambitiöst;1
1306;14/2015;2015_14_170;dock;1
1306;14/2015;2015_14_170;riskerar;1
1306;14/2015;2015_14_170;allvarligt;2
1306;14/2015;2015_14_170;invalidiseras;1
1306;14/2015;2015_14_170;rent;1
1306;14/2015;2015_14_170;populistiska;1
1306;14/2015;2015_14_170;skäl;1
1306;14/2015;2015_14_170;en;5
1306;14/2015;2015_14_170;minst;1
1306;14/2015;2015_14_170;sagt;1
1306;14/2015;2015_14_170;märklig;1
1306;14/2015;2015_14_170;struktur;1
1306;14/2015;2015_14_170;tid;1
1306;14/2015;2015_14_170;kräver;1
1306;14/2015;2015_14_170;stora;2
1306;14/2015;2015_14_170;insatser;1
1306;14/2015;2015_14_170;vad;3
1306;14/2015;2015_14_170;sysselsättningen;3
1306;14/2015;2015_14_170;gäller;1
1306;14/2015;2015_14_170;bestämmer;1
1306;14/2015;2015_14_170;slå;1
1306;14/2015;2015_14_170;samman;1
1306;14/2015;2015_14_170;arbetskraftsministern;1
1306;14/2015;2015_14_170;justitieministerposten;1
1306;14/2015;2015_14_170;samtidigt;2
1306;14/2015;2015_14_170;vet;1
1306;14/2015;2015_14_170;eller;1
1306;14/2015;2015_14_170;borde;1
1306;14/2015;2015_14_170;veta;1
1306;14/2015;2015_14_170;också;2
1306;14/2015;2015_14_170;rättsväsendet;2
1306;14/2015;2015_14_170;svårt;1
1306;14/2015;2015_14_170;säger;2
1306;14/2015;2015_14_170;värderingar;2
1306;14/2015;2015_14_170;är;6
1306;14/2015;2015_14_170;topprioritet;1
1306;14/2015;2015_14_170;justitieministeriet;1
1306;14/2015;2015_14_170;överresurserat;1
1306;14/2015;2015_14_170;många;1
1306;14/2015;2015_14_170;salen;1
1306;14/2015;2015_14_170;tycker;1
1306;14/2015;2015_14_170;viktig;1
1306;14/2015;2015_14_170;prioritet;1
1306;14/2015;2015_14_170;utbildningen;1
1306;14/2015;2015_14_170;står;1
1306;14/2015;2015_14_170;den;1
1306;14/2015;2015_14_170;inför;1
1306;14/2015;2015_14_170;utmaningar;1
1306;14/2015;2015_14_170;synnerhet;1
1306;14/2015;2015_14_170;de;1
1306;14/2015;2015_14_170;nedskärningar;1
1306;14/2015;2015_14_170;nu;1
1306;14/2015;2015_14_170;planeras;1
1306;14/2015;2015_14_170;trots;1
1306;14/2015;2015_14_170;väljer;1
1306;14/2015;2015_14_170;kombinera;1
1306;14/2015;2015_14_170;ministerportföljen;1
1306;14/2015;2015_14_170;kulturministerns;1
1306;14/2015;2015_14_170;skär;1
1306;14/2015;2015_14_170;ner;1
1306;14/2015;2015_14_170;statssekreterarnas;1
1306;14/2015;2015_14_170;medarbetarnas;1
1306;14/2015;2015_14_170;antal;1
1306;14/2015;2015_14_170;ministrar;1
1306;14/2015;2015_14_170;förtjänar;1
1306;14/2015;2015_14_170;funktionsduglig;1
1306;14/2015;2015_14_170;regering;1
1306;14/2015;2015_14_170;jag;2
1306;14/2015;2015_14_170;oroad;1
1306;14/2015;2015_14_170;över;1
1306;14/2015;2015_14_170;hur;1
1306;14/2015;2015_14_170;regeringen;1
1306;14/2015;2015_14_170;prioriterar;1
1306;14/2015;2015_14_170;orolig;1
1306;14/2015;2015_14_170;dubbelministrarna;1
1306;14/2015;2015_14_170;lindströms;1
1306;14/2015;2015_14_170;grahn-laasonens;1
1306;14/2015;2015_14_170;tiilikainens;1
1306;14/2015;2015_14_170;hälsa;1
1306;14/2015;2015_14_170;visserligen;1
1306;14/2015;2015_14_170;ministrarna;1
1306;14/2015;2015_14_170;orpos;1
1306;14/2015;2015_14_170;toivakkas;1
1306;29/2015;2015_29_62;värderade;1
1306;29/2015;2015_29_62;talman;1
1306;29/2015;2015_29_62;en;2
1306;29/2015;2015_29_62;pensionsreform;1
1306;29/2015;2015_29_62;är;3
1306;29/2015;2015_29_62;ingen;1
1306;29/2015;2015_29_62;oviktig;1
1306;29/2015;2015_29_62;sak;1
1306;29/2015;2015_29_62;det;2
1306;29/2015;2015_29_62;ingenting;1
1306;29/2015;2015_29_62;man;4
1306;29/2015;2015_29_62;kan;2
1306;29/2015;2015_29_62;ta;2
1306;29/2015;2015_29_62;lättvindigt;1
1306;29/2015;2015_29_62;eller;1
1306;29/2015;2015_29_62;något;1
1306;29/2015;2015_29_62;utackordera;1
1306;29/2015;2015_29_62;åt;1
1306;29/2015;2015_29_62;någon;1
1306;29/2015;2015_29_62;annan;1
1306;29/2015;2015_29_62;att;1
1306;29/2015;2015_29_62;sköta;1
1306;29/2015;2015_29_62;allra;1
1306;29/2015;2015_29_62;högsta;1
1306;29/2015;2015_29_62;grad;1
1306;29/2015;2015_29_62;strategisk;1
1306;29/2015;2015_29_62;fråga;1
1306;29/2015;2015_29_62;som;2
1306;29/2015;2015_29_62;har;1
1306;29/2015;2015_29_62;ett;1
1306;29/2015;2015_29_62;stort;1
1306;29/2015;2015_29_62;inflytande;1
1306;29/2015;2015_29_62;på;2
1306;29/2015;2015_29_62;vårt;1
1306;29/2015;2015_29_62;arbetsliv;1
1306;29/2015;2015_29_62;och;1
1306;29/2015;2015_29_62;vår;2
1306;29/2015;2015_29_62;konkurrenskraft;2
1306;29/2015;2015_29_62;därför;1
1306;29/2015;2015_29_62;måste;2
1306;29/2015;2015_29_62;reformen;1
1306;29/2015;2015_29_62;allvar;1
1306;29/2015;2015_29_62;våga;1
1306;29/2015;2015_29_62;leda;1
1306;29/2015;2015_29_62;den;4
1306;29/2015;2015_29_62;reform;1
1306;29/2015;2015_29_62;nu;1
1306;29/2015;2015_29_62;presenteras;1
1306;29/2015;2015_29_62;för;1
1306;29/2015;2015_29_62;oss;1
1306;29/2015;2015_29_62;fel;1
1306;29/2015;2015_29_62;riktning;1
1306;29/2015;2015_29_62;stöder;3
1306;29/2015;2015_29_62;inte;3
1306;29/2015;2015_29_62;utbildning;1
1306;29/2015;2015_29_62;jämställdhet;1
1306;37/2015;2015_37_124;värderade;1
1306;37/2015;2015_37_124;talman;1
1306;37/2015;2015_37_124;visst;1
1306;37/2015;2015_37_124;är;5
1306;37/2015;2015_37_124;vi;3
1306;37/2015;2015_37_124;ett;3
1306;37/2015;2015_37_124;underligt;1
1306;37/2015;2015_37_124;folk;1
1306;37/2015;2015_37_124;ju;1
1306;37/2015;2015_37_124;sämre;1
1306;37/2015;2015_37_124;det;4
1306;37/2015;2015_37_124;går;1
1306;37/2015;2015_37_124;desto;1
1306;37/2015;2015_37_124;mer;1
1306;37/2015;2015_37_124;vill;1
1306;37/2015;2015_37_124;piska;1
1306;37/2015;2015_37_124;oss;1
1306;37/2015;2015_37_124;vår;2
1306;37/2015;2015_37_124;folksjäl;1
1306;37/2015;2015_37_124;men;1
1306;37/2015;2015_37_124;vägen;1
1306;37/2015;2015_37_124;till;3
1306;37/2015;2015_37_124;framgång;1
1306;37/2015;2015_37_124;vilken;1
1306;37/2015;2015_37_124;finlands;1
1306;37/2015;2015_37_124;konkurrensfördel;2
1306;37/2015;2015_37_124;varför;1
1306;37/2015;2015_37_124;skulle;1
1306;37/2015;2015_37_124;utländskt;1
1306;37/2015;2015_37_124;företag;1
1306;37/2015;2015_37_124;vilja;1
1306;37/2015;2015_37_124;komma;1
1306;37/2015;2015_37_124;finland;1
1306;37/2015;2015_37_124;för;4
1306;37/2015;2015_37_124;att;4
1306;37/2015;2015_37_124;etablera;1
1306;37/2015;2015_37_124;sitt;1
1306;37/2015;2015_37_124;kontor;1
1306;37/2015;2015_37_124;de;1
1306;37/2015;2015_37_124;lockas;1
1306;37/2015;2015_37_124;inte;2
1306;37/2015;2015_37_124;hit;2
1306;37/2015;2015_37_124;budget;1
1306;37/2015;2015_37_124;visar;1
1306;37/2015;2015_37_124;miljoner;1
1306;37/2015;2015_37_124;euro;1
1306;37/2015;2015_37_124;mindre;1
1306;37/2015;2015_37_124;underskott;1
1306;37/2015;2015_37_124;än;2
1306;37/2015;2015_37_124;föregående;1
1306;37/2015;2015_37_124;år;1
1306;37/2015;2015_37_124;eller;1
1306;37/2015;2015_37_124;man;2
1306;37/2015;2015_37_124;kan;2
1306;37/2015;2015_37_124;köpa;1
1306;37/2015;2015_37_124;en;2
1306;37/2015;2015_37_124;tysk;1
1306;37/2015;2015_37_124;bil;1
1306;37/2015;2015_37_124;lite;1
1306;37/2015;2015_37_124;billigare;1
1306;37/2015;2015_37_124;året;1
1306;37/2015;2015_37_124;innan;1
1306;37/2015;2015_37_124;företagen;1
1306;37/2015;2015_37_124;kommer;1
1306;37/2015;2015_37_124;här;1
1306;37/2015;2015_37_124;har;1
1306;37/2015;2015_37_124;tillgång;1
1306;37/2015;2015_37_124;världens;1
1306;37/2015;2015_37_124;bästa;1
1306;37/2015;2015_37_124;arbetskraft;1
1306;37/2015;2015_37_124;den;1
1306;37/2015;2015_37_124;förlora;1
1306;41/2015;2015_41_282;värderade;1
1306;41/2015;2015_41_282;fru;1
1306;41/2015;2015_41_282;talman;1
1306;41/2015;2015_41_282;budgetbalans;1
1306;41/2015;2015_41_282;är;3
1306;41/2015;2015_41_282;en;4
1306;41/2015;2015_41_282;sak;1
1306;41/2015;2015_41_282;balanserad;1
1306;41/2015;2015_41_282;budget;3
1306;41/2015;2015_41_282;annan;1
1306;41/2015;2015_41_282;inte;1
1306;41/2015;2015_41_282;ett;3
1306;41/2015;2015_41_282;självändamål;1
1306;41/2015;2015_41_282;utan;1
1306;41/2015;2015_41_282;redskap;1
1306;41/2015;2015_41_282;för;1
1306;41/2015;2015_41_282;att;1
1306;41/2015;2015_41_282;nå;1
1306;41/2015;2015_41_282;strategiskt;1
1306;41/2015;2015_41_282;mål;1
1306;41/2015;2015_41_282;denna;1
1306;41/2015;2015_41_282;det;1
1306;59/2015;2015_59_53;arvoisa;1
1306;59/2015;2015_59_53;puhemies;1
1306;59/2015;2015_59_53;ärade;1
1306;59/2015;2015_59_53;talman;1
1306;59/2015;2015_59_53;vi;1
1306;59/2015;2015_59_53;fick;1
1306;59/2015;2015_59_53;för;1
1306;59/2015;2015_59_53;cirka;1
1306;59/2015;2015_59_53;en;2
1306;59/2015;2015_59_53;månad;1
1306;59/2015;2015_59_53;sedan;1
1306;59/2015;2015_59_53;läsa;1
1306;59/2015;2015_59_53;pressen;1
1306;59/2015;2015_59_53;att;1
1306;59/2015;2015_59_53;ryssland;1
1306;59/2015;2015_59_53;påbörjat;1
1306;59/2015;2015_59_53;ett;1
1306;59/2015;2015_59_53;massivt;1
1306;59/2015;2015_59_53;muddringsprojekt;1
1306;59/2015;2015_59_53;anslutning;1
1306;59/2015;2015_59_53;till;1
1306;59/2015;2015_59_53;byggandet;1
1306;59/2015;2015_59_53;av;1
1306;59/2015;2015_59_53;ny;1
1306;59/2015;2015_59_53;hamn;1
1306;59/2015;2015_59_53;utanför;1
1306;59/2015;2015_59_53;st;1
1306;59/2015;2015_59_53;petersburg;1
1306;65/2015;2015_65_111;värderade;1
1306;65/2015;2015_65_111;herr;1
1306;65/2015;2015_65_111;talman;1
1306;65/2015;2015_65_111;fru;1
1306;65/2015;2015_65_111;minister;1
1306;65/2015;2015_65_111;in;1
1306;65/2015;2015_65_111;absentia;1
1306;65/2015;2015_65_111;vårt;1
1306;65/2015;2015_65_111;samhälles;1
1306;65/2015;2015_65_111;grundpelare;1
1306;65/2015;2015_65_111;är;1
1306;65/2015;2015_65_111;förtroende;2
1306;65/2015;2015_65_111;man;2
1306;65/2015;2015_65_111;ska;4
1306;65/2015;2015_65_111;kunna;3
1306;65/2015;2015_65_111;lita;3
1306;65/2015;2015_65_111;på;3
1306;65/2015;2015_65_111;att;3
1306;65/2015;2015_65_111;beslut;2
1306;65/2015;2015_65_111;bereds;1
1306;65/2015;2015_65_111;noggrant;1
1306;65/2015;2015_65_111;och;2
1306;65/2015;2015_65_111;öppet;1
1306;65/2015;2015_65_111;gårdagens;1
1306;65/2015;2015_65_111;gäller;2
1306;65/2015;2015_65_111;även;2
1306;65/2015;2015_65_111;dag;1
1306;65/2015;2015_65_111;det;1
1306;65/2015;2015_65_111;finnas;1
1306;65/2015;2015_65_111;ett;1
1306;65/2015;2015_65_111;för;1
1306;65/2015;2015_65_111;de;1
1306;65/2015;2015_65_111;förpliktelser;1
1306;65/2015;2015_65_111;som;1
1306;65/2015;2015_65_111;myndigheter;2
1306;65/2015;2015_65_111;ålägger;1
1306;65/2015;2015_65_111;medborgarna;2
1306;65/2015;2015_65_111;åt;1
1306;65/2015;2015_65_111;andra;1
1306;65/2015;2015_65_111;hållet;1
1306;65/2015;2015_65_111;sin;1
1306;65/2015;2015_65_111;tur;1
1306;65/2015;2015_65_111;beslutsfattare;1
1306;69/2015;2015_69_106;värderade;1
1306;69/2015;2015_69_106;talman;1
1306;69/2015;2015_69_106;arvoisa;2
1306;69/2015;2015_69_106;puhemies;2
1306;69/2015;2015_69_106;osaamista;1
1306;69/2015;2015_69_106;ei;5
1306;69/2015;2015_69_106;kasvateta;2
1306;69/2015;2015_69_106;opiskelemalla;1
1306;69/2015;2015_69_106;vähemmän;1
1306;69/2015;2015_69_106;nuorisotyöttömyyttä;1
1306;69/2015;2015_69_106;lasketa;1
1306;69/2015;2015_69_106;viemällä;1
1306;69/2015;2015_69_106;nuorten;1
1306;69/2015;2015_69_106;parissa;1
1306;69/2015;2015_69_106;työskenteleviltä;1
1306;69/2015;2015_69_106;resurssit;2
1306;69/2015;2015_69_106;ja;3
1306;69/2015;2015_69_106;voittajien;1
1306;69/2015;2015_69_106;valikointi;1
1306;69/2015;2015_69_106;onnistu;1
1306;69/2015;2015_69_106;paremmin;1
1306;69/2015;2015_69_106;smolnasta;1
1306;69/2015;2015_69_106;käsin;1
1306;69/2015;2015_69_106;kuin;1
1306;69/2015;2015_69_106;markkinoiden;1
1306;69/2015;2015_69_106;toimesta;1
1306;69/2015;2015_69_106;vaikutusvaltaamme;1
1306;69/2015;2015_69_106;maailmalla;1
1306;69/2015;2015_69_106;kutsumalla;1
1306;69/2015;2015_69_106;avustustyöntekijät;1
1306;69/2015;2015_69_106;kotiin;1
1306;69/2015;2015_69_106;maahanmuuttoon;1
1306;69/2015;2015_69_106;vaikuteta;1
1306;69/2015;2015_69_106;ongelmien;1
1306;69/2015;2015_69_106;syntylähteellä;1
1306;69/2015;2015_69_106;kuten;2
1306;69/2015;2015_69_106;hallitus;1
1306;69/2015;2015_69_106;haluaa;1
1306;69/2015;2015_69_106;jos;1
1306;69/2015;2015_69_106;syntylähteillä;1
1306;69/2015;2015_69_106;työskentelevien;1
1306;69/2015;2015_69_106;puolitetaan;1
1306;69/2015;2015_69_106;rkp;1
1306;69/2015;2015_69_106;ymmärtää;1
1306;69/2015;2015_69_106;tämän;1
1306;69/2015;2015_69_106;soisin;1
1306;69/2015;2015_69_106;hallituksen;1
1306;69/2015;2015_69_106;sen;2
1306;69/2015;2015_69_106;ymmärtävän;1
1306;69/2015;2015_69_106;myös;3
1306;69/2015;2015_69_106;että;1
1306;69/2015;2015_69_106;eläkeläisiä;1
1306;69/2015;2015_69_106;kannattaa;1
1306;69/2015;2015_69_106;ajatella;1
1306;69/2015;2015_69_106;ennen;1
1306;69/2015;2015_69_106;kannatuslukujen;1
1306;69/2015;2015_69_106;julkistusta;1
1306;78/2015;2015_78_30;värderade;1
1306;78/2015;2015_78_30;talman;1
1306;78/2015;2015_78_30;arvoisa;1
1306;78/2015;2015_78_30;puhemies;1
1306;78/2015;2015_78_30;förtroende;2
1306;78/2015;2015_78_30;är;4
1306;78/2015;2015_78_30;en;7
1306;78/2015;2015_78_30;bräcklig;1
1306;78/2015;2015_78_30;sak;1
1306;78/2015;2015_78_30;och;3
1306;78/2015;2015_78_30;framtidstro;1
1306;78/2015;2015_78_30;byggs;1
1306;78/2015;2015_78_30;inte;5
1306;78/2015;2015_78_30;på;2
1306;78/2015;2015_78_30;tomma;1
1306;78/2015;2015_78_30;löften;1
1306;78/2015;2015_78_30;företagare;2
1306;78/2015;2015_78_30;som;6
1306;78/2015;2015_78_30;oroar;1
1306;78/2015;2015_78_30;sig;3
1306;78/2015;2015_78_30;för;4
1306;78/2015;2015_78_30;morgondagen;1
1306;78/2015;2015_78_30;anställer;1
1306;78/2015;2015_78_30;ett;4
1306;78/2015;2015_78_30;företag;2
1306;78/2015;2015_78_30;räds;1
1306;78/2015;2015_78_30;anställningsbeslut;1
1306;78/2015;2015_78_30;väljer;1
1306;78/2015;2015_78_30;att;6
1306;78/2015;2015_78_30;expandera;1
1306;78/2015;2015_78_30;små;1
1306;78/2015;2015_78_30;medelstora;1
1306;78/2015;2015_78_30;nyckelposition;1
1306;78/2015;2015_78_30;sysselsättningsläget;1
1306;78/2015;2015_78_30;ska;2
1306;78/2015;2015_78_30;förbättras;1
1306;78/2015;2015_78_30;det;4
1306;78/2015;2015_78_30;högst;1
1306;78/2015;2015_78_30;konkret;1
1306;78/2015;2015_78_30;beslut;1
1306;78/2015;2015_78_30;tar;1
1306;78/2015;2015_78_30;då;1
1306;78/2015;2015_78_30;hon;1
1306;78/2015;2015_78_30;eller;3
1306;78/2015;2015_78_30;han;1
1306;78/2015;2015_78_30;bestämmer;1
1306;78/2015;2015_78_30;anställa;1
1306;78/2015;2015_78_30;avgörande;1
1306;78/2015;2015_78_30;om;2
1306;78/2015;2015_78_30;man;1
1306;78/2015;2015_78_30;ser;1
1306;78/2015;2015_78_30;nyanställning;1
1306;78/2015;2015_78_30;risk;1
1306;78/2015;2015_78_30;möjlighet;1
1306;78/2015;2015_78_30;vi;3
1306;78/2015;2015_78_30;borde;1
1306;78/2015;2015_78_30;kanske;1
1306;78/2015;2015_78_30;medge;1
1306;78/2015;2015_78_30;anställning;1
1306;78/2015;2015_78_30;dag;1
1306;78/2015;2015_78_30;ofta;1
1306;78/2015;2015_78_30;upplevs;1
1306;78/2015;2015_78_30;osmidigt;1
1306;78/2015;2015_78_30;kontrakt;1
1306;78/2015;2015_78_30;vad;1
1306;78/2015;2015_78_30;kan;1
1306;78/2015;2015_78_30;göra;2
1306;78/2015;2015_78_30;vårt;1
1306;78/2015;2015_78_30;samhälle;1
1306;78/2015;2015_78_30;här;1
1306;78/2015;2015_78_30;kontraktet;1
1306;78/2015;2015_78_30;mer;1
1306;78/2015;2015_78_30;attraktivt;1
1306;78/2015;2015_78_30;glömma;1
1306;78/2015;2015_78_30;finland;1
1306;78/2015;2015_78_30;fortfarande;1
1306;78/2015;2015_78_30;många;1
1306;78/2015;2015_78_30;internationella;1
1306;78/2015;2015_78_30;jämförelser;1
1306;78/2015;2015_78_30;placerar;1
1306;78/2015;2015_78_30;hyfsat;1
1306;78/2015;2015_78_30;när;1
1306;78/2015;2015_78_30;gäller;1
1306;78/2015;2015_78_30;konkurrenskraft;1
1306;78/2015;2015_78_30;men;1
1306;78/2015;2015_78_30;just;1
1306;78/2015;2015_78_30;nu;1
1306;78/2015;2015_78_30;känns;1
1306;78/2015;2015_78_30;bristen;1
1306;78/2015;2015_78_30;hämmar;1
1306;78/2015;2015_78_30;hela;1
1306;78/2015;2015_78_30;samhället;1
1306;83/2015;2015_83_455;värderade;1
1306;83/2015;2015_83_455;talman;1
1306;83/2015;2015_83_455;arvoisa;1
1306;83/2015;2015_83_455;puhemies;1
1306;83/2015;2015_83_455;tämän;4
1306;83/2015;2015_83_455;illan;1
1306;83/2015;2015_83_455;aikana;1
1306;83/2015;2015_83_455;on;9
1306;83/2015;2015_83_455;puhuttu;1
1306;83/2015;2015_83_455;useaan;1
1306;83/2015;2015_83_455;otteeseen;1
1306;83/2015;2015_83_455;niin;4
1306;83/2015;2015_83_455;sanotuista;1
1306;83/2015;2015_83_455;pakkolaeista;1
1306;83/2015;2015_83_455;en;3
1306;83/2015;2015_83_455;rabuloi;1
1306;83/2015;2015_83_455;niistä;1
1306;83/2015;2015_83_455;nyt;1
1306;83/2015;2015_83_455;sen;1
1306;83/2015;2015_83_455;enempää;1
1306;83/2015;2015_83_455;mutta;3
1306;83/2015;2015_83_455;kerron;1
1306;83/2015;2015_83_455;niihin;1
1306;83/2015;2015_83_455;liittyvän;1
1306;83/2015;2015_83_455;lyhyen;1
1306;83/2015;2015_83_455;tarinan;1
1306;83/2015;2015_83_455;keskustelin;1
1306;83/2015;2015_83_455;viime;1
1306;83/2015;2015_83_455;viikolla;1
1306;83/2015;2015_83_455;suuren;1
1306;83/2015;2015_83_455;suomalaisen;1
1306;83/2015;2015_83_455;pörssiyhtiön;1
1306;83/2015;2015_83_455;toimitusjohtajan;1
1306;83/2015;2015_83_455;kanssa;1
1306;83/2015;2015_83_455;hänen;2
1306;83/2015;2015_83_455;yrityksensä;2
1306;83/2015;2015_83_455;merkittävä;1
1306;83/2015;2015_83_455;toimija;1
1306;83/2015;2015_83_455;vientimarkkinoilla;1
1306;83/2015;2015_83_455;mitä;2
1306;83/2015;2015_83_455;hän;3
1306;83/2015;2015_83_455;ajattelee;1
1306;83/2015;2015_83_455;nykyisestä;2
1306;83/2015;2015_83_455;tilanteesta;1
1306;83/2015;2015_83_455;sanoi;1
1306;83/2015;2015_83_455;kaipaavansa;1
1306;83/2015;2015_83_455;takaisin;1
1306;83/2015;2015_83_455;sopimusyhteiskuntaan;1
1306;83/2015;2015_83_455;ennustettavaan;1
1306;83/2015;2015_83_455;vakaaseen;1
1306;83/2015;2015_83_455;yhteiskuntaan;1
1306;83/2015;2015_83_455;tällä;1
1306;83/2015;2015_83_455;hetkellä;1
1306;83/2015;2015_83_455;huolissaan;1
1306;83/2015;2015_83_455;logistiikastaan;1
1306;83/2015;2015_83_455;pelkää;1
1306;83/2015;2015_83_455;että;5
1306;83/2015;2015_83_455;toimitusvarmuus;1
1306;83/2015;2015_83_455;uhattuna;1
1306;83/2015;2015_83_455;ja;9
1306;83/2015;2015_83_455;etsii;1
1306;83/2015;2015_83_455;siksi;1
1306;83/2015;2015_83_455;kuumeisesti;1
1306;83/2015;2015_83_455;vaihtoehtoisia;1
1306;83/2015;2015_83_455;ratkaisuja;1
1306;83/2015;2015_83_455;yrityksen;2
1306;83/2015;2015_83_455;kohdalla;1
1306;83/2015;2015_83_455;se;4
1306;83/2015;2015_83_455;tarkoittaa;2
1306;83/2015;2015_83_455;ulkomaisia;1
1306;83/2015;2015_83_455;kuljetusyrityksiä;1
1306;83/2015;2015_83_455;koska;1
1306;83/2015;2015_83_455;suomalaiset;1
1306;83/2015;2015_83_455;ovat;2
1306;83/2015;2015_83_455;heille;1
1306;83/2015;2015_83_455;nykyisessä;1
1306;83/2015;2015_83_455;työmarkkinatilanteessa;1
1306;83/2015;2015_83_455;liian;1
1306;83/2015;2015_83_455;riskialttiita;1
1306;83/2015;2015_83_455;todennäköisesti;1
1306;83/2015;2015_83_455;venäläistä;1
1306;83/2015;2015_83_455;kalustoa;1
1306;83/2015;2015_83_455;venäläisiä;1
1306;83/2015;2015_83_455;satamia;1
1306;83/2015;2015_83_455;tämä;1
1306;83/2015;2015_83_455;äärimmäisen;1
1306;83/2015;2015_83_455;huolestuttava;1
1306;83/2015;2015_83_455;kehitys;1
1306;83/2015;2015_83_455;seurausta;1
1306;83/2015;2015_83_455;työmarkkinatilanteesta;1
1306;83/2015;2015_83_455;jossa;1
1306;83/2015;2015_83_455;sekä;1
1306;83/2015;2015_83_455;hallitus;1
1306;83/2015;2015_83_455;työmarkkinajärjestöt;1
1306;83/2015;2015_83_455;epäonnistuneet;1
1306;83/2015;2015_83_455;toimitusjohtaja;1
1306;83/2015;2015_83_455;toivoi;1
1306;83/2015;2015_83_455;hartaasti;1
1306;83/2015;2015_83_455;yhteiskuntasopimusta;1
1306;83/2015;2015_83_455;toivon;2
1306;83/2015;2015_83_455;minäkin;1
1306;83/2015;2015_83_455;halua;1
1306;83/2015;2015_83_455;edes;1
1306;83/2015;2015_83_455;ajatella;1
1306;83/2015;2015_83_455;sanotun;1
1306;83/2015;2015_83_455;kilpailukykypaketin;1
1306;83/2015;2015_83_455;läpivieminen;1
1306;83/2015;2015_83_455;merkitsisi;1
1306;83/2015;2015_83_455;toinen;2
1306;83/2015;2015_83_455;kysymys;1
1306;83/2015;2015_83_455;sitten;1
1306;83/2015;2015_83_455;mikä;1
1306;83/2015;2015_83_455;oikeasti;1
1306;83/2015;2015_83_455;tärkeää;1
1306;83/2015;2015_83_455;kuntasektorilla;1
1306;83/2015;2015_83_455;tilanne;1
1306;83/2015;2015_83_455;jos;1
1306;83/2015;2015_83_455;vientiyrityksen;1
1306;83/2015;2015_83_455;tuotteen;1
1306;83/2015;2015_83_455;hinnasta;1
1306;83/2015;2015_83_455;prosenttia;1
1306;83/2015;2015_83_455;muodostuu;1
1306;83/2015;2015_83_455;palkoista;1
1306;83/2015;2015_83_455;onko;1
1306;83/2015;2015_83_455;parin;1
1306;83/2015;2015_83_455;prosentin;1
1306;83/2015;2015_83_455;hinnanlasku;1
1306;83/2015;2015_83_455;taistelun;1
1306;83/2015;2015_83_455;riskin;1
1306;83/2015;2015_83_455;arvoinen;1
1306;83/2015;2015_83_455;usko;1
1306;83/2015;2015_83_455;yritykset;1
1306;83/2015;2015_83_455;kaipaavat;1
1306;83/2015;2015_83_455;ennakoivuutta;1
1306;83/2015;2015_83_455;sitä;2
1306;83/2015;2015_83_455;meillä;1
1306;83/2015;2015_83_455;olisi;2
1306;83/2015;2015_83_455;johdonmukaista;1
1306;83/2015;2015_83_455;politiikkaa;1
1306;83/2015;2015_83_455;selvät;1
1306;83/2015;2015_83_455;pelisäännöt;1
1306;83/2015;2015_83_455;verotuksen;1
1306;83/2015;2015_83_455;suhteen;1
1306;83/2015;2015_83_455;poukkoilu;1
1306;83/2015;2015_83_455;loppuisi;1
1306;83/2015;2015_83_455;voisimme;1
1306;83/2015;2015_83_455;katsoa;1
1306;83/2015;2015_83_455;tulevaisuuteen;1
1306;83/2015;2015_83_455;yrityksillä;1
1306;83/2015;2015_83_455;saatavilla;1
1306;83/2015;2015_83_455;koulutettua;1
1306;83/2015;2015_83_455;pätevää;1
1306;83/2015;2015_83_455;työvoimaa;1
1306;83/2015;2015_83_455;kaipaamme;1
1306;83/2015;2015_83_455;myös;1
1306;83/2015;2015_83_455;paikallista;1
1306;83/2015;2015_83_455;sopimista;1
1306;83/2015;2015_83_455;siinä;1
1306;83/2015;2015_83_455;tehtävässä;1
1306;83/2015;2015_83_455;läsnä;1
1306;83/2015;2015_83_455;poissa;1
1306;83/2015;2015_83_455;oleville;1
1306;83/2015;2015_83_455;ministereille;1
1306;83/2015;2015_83_455;onnea;1
1306;83/2015;2015_83_455;kannatan;1
1306;83/2015;2015_83_455;edustaja;1
1306;83/2015;2015_83_455;strandin;1
1306;83/2015;2015_83_455;epäluottamuslause-ehdotusta;1
1306;9/2016;2016_9_104;värderade;1
1306;9/2016;2016_9_104;fru;2
1306;9/2016;2016_9_104;talman;1
1306;9/2016;2016_9_104;minister;1
1306;9/2016;2016_9_104;vi;4
1306;9/2016;2016_9_104;diskuterar;1
1306;9/2016;2016_9_104;dag;1
1306;9/2016;2016_9_104;den;2
1306;9/2016;2016_9_104;biståndspolitiska;1
1306;9/2016;2016_9_104;redogörelsen;1
1306;9/2016;2016_9_104;tills;1
1306;9/2016;2016_9_104;år;1
1306;9/2016;2016_9_104;har;3
1306;9/2016;2016_9_104;man;2
1306;9/2016;2016_9_104;med;2
1306;9/2016;2016_9_104;orsak;1
1306;9/2016;2016_9_104;kunnat;1
1306;9/2016;2016_9_104;vara;1
1306;9/2016;2016_9_104;ganska;1
1306;9/2016;2016_9_104;nöjd;1
1306;9/2016;2016_9_104;här;1
1306;9/2016;2016_9_104;hos;1
1306;9/2016;2016_9_104;oss;1
1306;9/2016;2016_9_104;finland;1
1306;9/2016;2016_9_104;detta;1
1306;9/2016;2016_9_104;skede;1
1306;9/2016;2016_9_104;inte;3
1306;9/2016;2016_9_104;behövt;1
1306;9/2016;2016_9_104;skämmas;1
1306;9/2016;2016_9_104;för;1
1306;9/2016;2016_9_104;vår;1
1306;9/2016;2016_9_104;insats;1
1306;9/2016;2016_9_104;om;3
1306;9/2016;2016_9_104;läser;1
1306;9/2016;2016_9_104;våra;1
1306;9/2016;2016_9_104;målsättningar;1
1306;9/2016;2016_9_104;är;1
1306;9/2016;2016_9_104;det;1
1306;9/2016;2016_9_104;alls;1
1306;9/2016;2016_9_104;svårt;1
1306;9/2016;2016_9_104;att;1
1306;9/2016;2016_9_104;hålla;1
1306;9/2016;2016_9_104;stora;1
1306;9/2016;2016_9_104;bilden;1
1306;9/2016;2016_9_104;vad;2
1306;9/2016;2016_9_104;vill;1
1306;9/2016;2016_9_104;uppnå;1
1306;9/2016;2016_9_104;tror;1
1306;9/2016;2016_9_104;på;1
1306;9/2016;2016_9_104;men;1
1306;9/2016;2016_9_104;orden;1
1306;9/2016;2016_9_104;ingen;1
1306;9/2016;2016_9_104;betydelse;1
1306;9/2016;2016_9_104;aktionerna;1
1306;9/2016;2016_9_104;backar;1
1306;9/2016;2016_9_104;upp;1
1306;9/2016;2016_9_104;dem;1
1306;19/2016;2016_19_13;arvoisa;1
1306;19/2016;2016_19_13;puhemies;1
1306;19/2016;2016_19_13;kannatan;1
1306;33/2016;2016_33_124;värderade;1
1306;33/2016;2016_33_124;talman;1
1306;33/2016;2016_33_124;arvoisa;1
1306;33/2016;2016_33_124;puhemies;1
1306;33/2016;2016_33_124;har;2
1306;33/2016;2016_33_124;regeringen;2
1306;33/2016;2016_33_124;en;2
1306;33/2016;2016_33_124;vision;1
1306;33/2016;2016_33_124;bild;1
1306;33/2016;2016_33_124;av;1
1306;33/2016;2016_33_124;den;1
1306;33/2016;2016_33_124;framtid;1
1306;33/2016;2016_33_124;vi;1
1306;33/2016;2016_33_124;marscherar;1
1306;33/2016;2016_33_124;emot;1
1306;40/2016;2016_40_46;värderade;1
1306;40/2016;2016_40_46;talman;1
1306;40/2016;2016_40_46;arvoisa;1
1306;40/2016;2016_40_46;puhemies;1
1306;40/2016;2016_40_46;regeringen;1
1306;40/2016;2016_40_46;planerar;1
1306;40/2016;2016_40_46;att;2
1306;40/2016;2016_40_46;införa;1
1306;40/2016;2016_40_46;stora;2
1306;40/2016;2016_40_46;förhöjningar;1
1306;40/2016;2016_40_46;av;1
1306;40/2016;2016_40_46;dagvårdsavgifterna;1
1306;40/2016;2016_40_46;samtidigt;1
1306;40/2016;2016_40_46;som;1
1306;40/2016;2016_40_46;sysselsättningsgraden;1
1306;40/2016;2016_40_46;och;2
1306;40/2016;2016_40_46;speciellt;1
1306;40/2016;2016_40_46;kvinnornas;1
1306;40/2016;2016_40_46;sysselsättningsgrad;1
1306;40/2016;2016_40_46;är;1
1306;40/2016;2016_40_46;vår;1
1306;40/2016;2016_40_46;utmaning;1
1306;40/2016;2016_40_46;skapar;1
1306;40/2016;2016_40_46;vi;1
1306;40/2016;2016_40_46;nya;1
1306;40/2016;2016_40_46;incentiv;1
1306;40/2016;2016_40_46;för;1
1306;40/2016;2016_40_46;kvinnor;1
1306;40/2016;2016_40_46;män;1
1306;40/2016;2016_40_46;ska;1
1306;40/2016;2016_40_46;stanna;1
1306;40/2016;2016_40_46;hemma;1
1306;47/2016;2016_47_19;värderade;1
1306;47/2016;2016_47_19;talman;1
1306;47/2016;2016_47_19;edustaja;1
1306;47/2016;2016_47_19;eerola;1
1306;47/2016;2016_47_19;syytti;1
1306;47/2016;2016_47_19;edellistä;1
1306;47/2016;2016_47_19;hallitusta;2
1306;47/2016;2016_47_19;pakolaiskriisistä;1
1306;47/2016;2016_47_19;syyrian;1
1306;47/2016;2016_47_19;kriisistä;1
1306;47/2016;2016_47_19;irakin;1
1306;47/2016;2016_47_19;levottomuuksista;1
1306;47/2016;2016_47_19;somalian;1
1306;47/2016;2016_47_19;tilanteesta;1
1306;47/2016;2016_47_19;siinä;1
1306;47/2016;2016_47_19;taisi;1
1306;47/2016;2016_47_19;olla;1
1306;47/2016;2016_47_19;aika;2
1306;47/2016;2016_47_19;aikaansaava;1
1306;47/2016;2016_47_19;hallitus;2
1306;47/2016;2016_47_19;kuitenkin;1
1306;47/2016;2016_47_19;naurua;1
1306;47/2016;2016_47_19;hän;1
1306;47/2016;2016_47_19;kehui;1
1306;47/2016;2016_47_19;myös;1
1306;47/2016;2016_47_19;sitä;1
1306;47/2016;2016_47_19;että;6
1306;47/2016;2016_47_19;on;7
1306;47/2016;2016_47_19;perussuomalaisten;1
1306;47/2016;2016_47_19;linjoilla;1
1306;47/2016;2016_47_19;nuivasta;1
1306;47/2016;2016_47_19;manifestista;1
1306;47/2016;2016_47_19;tullut;1
1306;47/2016;2016_47_19;hallituksen;1
1306;47/2016;2016_47_19;linja;2
1306;47/2016;2016_47_19;näin;4
1306;47/2016;2016_47_19;se;6
1306;47/2016;2016_47_19;maailma;1
1306;47/2016;2016_47_19;muuttuu;2
1306;47/2016;2016_47_19;vasemmalta;1
1306;47/2016;2016_47_19;eivät;1
1306;47/2016;2016_47_19;olisi;1
1306;47/2016;2016_47_19;keskustan;1
1306;47/2016;2016_47_19;äänestäjät;2
1306;47/2016;2016_47_19;ajatelleet;2
1306;47/2016;2016_47_19;alkiolaisuus;1
1306;47/2016;2016_47_19;kääntyy;1
1306;47/2016;2016_47_19;mutkalle;1
1306;47/2016;2016_47_19;tai;1
1306;47/2016;2016_47_19;kokoomuksenkaan;1
1306;47/2016;2016_47_19;vielä;1
1306;47/2016;2016_47_19;kuusi;1
1306;47/2016;2016_47_19;kuukautta;1
1306;47/2016;2016_47_19;sitten;1
1306;47/2016;2016_47_19;kokoomuksen;1
1306;47/2016;2016_47_19;arvot;1
1306;47/2016;2016_47_19;taipuvat;2
1306;47/2016;2016_47_19;moiseen;1
1306;47/2016;2016_47_19;mutta;2
1306;47/2016;2016_47_19;niin;4
1306;47/2016;2016_47_19;ne;1
1306;47/2016;2016_47_19;vain;1
1306;47/2016;2016_47_19;aloituspuheenvuorossa;1
1306;47/2016;2016_47_19;ylpeiltiin;1
1306;47/2016;2016_47_19;sillä;2
1306;47/2016;2016_47_19;humanitaarisen;2
1306;47/2016;2016_47_19;suojelun;2
1306;47/2016;2016_47_19;mahdollisuus;1
1306;47/2016;2016_47_19;poistuu;2
1306;47/2016;2016_47_19;suomi;2
1306;47/2016;2016_47_19;ylpeilee;1
1306;47/2016;2016_47_19;oikeus;1
1306;47/2016;2016_47_19;onko;2
1306;47/2016;2016_47_19;todella;1
1306;47/2016;2016_47_19;ylpeyden;1
1306;47/2016;2016_47_19;aihe;1
1306;47/2016;2016_47_19;kaikki;2
1306;47/2016;2016_47_19;toimenpiteet;1
1306;47/2016;2016_47_19;ovat;1
1306;47/2016;2016_47_19;suuntautuneet;1
1306;47/2016;2016_47_19;sanottujen;1
1306;47/2016;2016_47_19;vetovoimatekijöiden;1
1306;47/2016;2016_47_19;vähentämiseen;1
1306;47/2016;2016_47_19;kotouttamista;1
1306;47/2016;2016_47_19;vaikeutettu;1
1306;47/2016;2016_47_19;tekemällä;1
1306;47/2016;2016_47_19;turvapaikkapäätökset;1
1306;47/2016;2016_47_19;määräaikaisiksi;1
1306;47/2016;2016_47_19;perheenyhdistämisestä;1
1306;47/2016;2016_47_19;tehdään;1
1306;47/2016;2016_47_19;liki;1
1306;47/2016;2016_47_19;mahdotonta;1
1306;47/2016;2016_47_19;ei;3
1306;47/2016;2016_47_19;tämä;2
1306;47/2016;2016_47_19;ole;2
1306;47/2016;2016_47_19;rakentavaa;1
1306;47/2016;2016_47_19;politiikkaa;1
1306;47/2016;2016_47_19;millään;1
1306;47/2016;2016_47_19;mittarilla;1
1306;47/2016;2016_47_19;huomio;1
1306;47/2016;2016_47_19;tulisi;2
1306;47/2016;2016_47_19;kiinnittää;1
1306;47/2016;2016_47_19;kotouttamiseen;1
1306;47/2016;2016_47_19;koska;1
1306;47/2016;2016_47_19;tilanne;1
1306;47/2016;2016_47_19;perustavalla;1
1306;47/2016;2016_47_19;tasolla;1
1306;47/2016;2016_47_19;muuttunut;1
1306;47/2016;2016_47_19;tarvitsee;1
1306;47/2016;2016_47_19;maahanmuuttoa;1
1306;47/2016;2016_47_19;näyttää;1
1306;47/2016;2016_47_19;siltä;1
1306;47/2016;2016_47_19;kotouttaminen;1
1306;47/2016;2016_47_19;kauheasti;1
1306;47/2016;2016_47_19;kiinnosta;1
1306;47/2016;2016_47_19;kun;1
1306;47/2016;2016_47_19;aikaisemmin;1
1306;47/2016;2016_47_19;kysyin;1
1306;47/2016;2016_47_19;hallitukselta;2
1306;47/2016;2016_47_19;kantaa;1
1306;47/2016;2016_47_19;työskentelyn;1
1306;47/2016;2016_47_19;ja;3
1306;47/2016;2016_47_19;työllistämisen;1
1306;47/2016;2016_47_19;esteiden;1
1306;47/2016;2016_47_19;poistamiseen;1
1306;47/2016;2016_47_19;vastaus;1
1306;47/2016;2016_47_19;oli;1
1306;47/2016;2016_47_19;sanoisinko;1
1306;47/2016;2016_47_19;nuiva;1
1306;47/2016;2016_47_19;jos;1
1306;47/2016;2016_47_19;täällä;1
1306;47/2016;2016_47_19;työllistyy;1
1306;47/2016;2016_47_19;vetovoimatekijä;1
1306;47/2016;2016_47_19;houkuttelee;1
1306;47/2016;2016_47_19;tänne;1
1306;47/2016;2016_47_19;lisää;1
1306;47/2016;2016_47_19;maahanmuuttajia;1
1306;47/2016;2016_47_19;puhemies;2
1306;47/2016;2016_47_19;koputtaa;1
1306;47/2016;2016_47_19;kestämätön;1
1306;47/2016;2016_47_19;työllistymistä;1
1306;47/2016;2016_47_19;helpottaa;1
1306;47/2016;2016_47_19;meille;1
1306;47/2016;2016_47_19;kaikille;1
1306;47/2016;2016_47_19;eduksi;1
1306;47/2016;2016_47_19;täynnä;1
1306;47/2016;2016_47_19;siihen;1
1306;47/2016;2016_47_19;toivoisin;1
1306;47/2016;2016_47_19;nytten;1
1306;47/2016;2016_47_19;fokusta;1
1306;67/2016;2016_67_74;arvoisa;1
1306;67/2016;2016_67_74;puhemies;1
1306;67/2016;2016_67_74;kannatan;1
1306;67/2016;2016_67_77;arvoisa;1
1306;67/2016;2016_67_77;puhemies;1
1306;67/2016;2016_67_77;kannatan;1
1306;78/2016;2016_78_74;tack;1
1306;78/2016;2016_78_74;fru;1
1306;78/2016;2016_78_74;talman;1
1306;78/2016;2016_78_74;tämä;3
1306;78/2016;2016_78_74;lakipakettihan;1
1306;78/2016;2016_78_74;on;8
1306;78/2016;2016_78_74;kuten;1
1306;78/2016;2016_78_74;edustaja;1
1306;78/2016;2016_78_74;gustafsson;1
1306;78/2016;2016_78_74;tuossa;1
1306;78/2016;2016_78_74;sanoi;1
1306;78/2016;2016_78_74;varsin;1
1306;78/2016;2016_78_74;ok;1
1306;78/2016;2016_78_74;kokonaisuus;1
1306;78/2016;2016_78_74;ja;2
1306;78/2016;2016_78_74;tässä;1
1306;78/2016;2016_78_74;hyviä;1
1306;78/2016;2016_78_74;tavoitteita;1
1306;78/2016;2016_78_74;esimerkiksi;1
1306;78/2016;2016_78_74;kulttuurisen;1
1306;78/2016;2016_78_74;moninaisuuden;1
1306;78/2016;2016_78_74;edistäminen;1
1306;78/2016;2016_78_74;se;3
1306;78/2016;2016_78_74;sitten;2
1306;78/2016;2016_78_74;sitä;1
1306;78/2016;2016_78_74;tai;1
1306;78/2016;2016_78_74;monikulttuurisuutta;1
1306;78/2016;2016_78_74;haluaisin;1
1306;78/2016;2016_78_74;hieman;2
1306;78/2016;2016_78_74;kysyä;1
1306;78/2016;2016_78_74;tästä;1
1306;78/2016;2016_78_74;etsivästä;1
1306;78/2016;2016_78_74;nuorisotyöstä;1
1306;78/2016;2016_78_74;hallituksen;1
1306;78/2016;2016_78_74;tavoitteissahan;1
1306;78/2016;2016_78_74;kaiketi;1
1306;78/2016;2016_78_74;sanottu;1
1306;78/2016;2016_78_74;että;2
1306;78/2016;2016_78_74;sen;1
1306;78/2016;2016_78_74;pitäisi;1
1306;78/2016;2016_78_74;kattaa;1
1306;78/2016;2016_78_74;koko;2
1306;78/2016;2016_78_74;maa;1
1306;78/2016;2016_78_74;kuitenkin;1
1306;78/2016;2016_78_74;ollut;1
1306;78/2016;2016_78_74;raskaiden;1
1306;78/2016;2016_78_74;leikkausuhkien;1
1306;78/2016;2016_78_74;alla;1
1306;78/2016;2016_78_74;nyt;1
1306;78/2016;2016_78_74;kahdessa;1
1306;78/2016;2016_78_74;budjettikäsittelyssä;1
1306;78/2016;2016_78_74;niitä;1
1306;78/2016;2016_78_74;uhkiahan;1
1306;78/2016;2016_78_74;saatu;1
1306;78/2016;2016_78_74;torjuttua;1
1306;78/2016;2016_78_74;käsittelyissä;1
1306;78/2016;2016_78_74;miten;2
1306;78/2016;2016_78_74;näette;1
1306;78/2016;2016_78_74;tavoite;2
1306;78/2016;2016_78_74;kattaisi;1
1306;78/2016;2016_78_74;maan;1
1306;78/2016;2016_78_74;joka;1
1306;78/2016;2016_78_74;nähdäkseni;1
1306;78/2016;2016_78_74;hyvin;1
1306;78/2016;2016_78_74;tärkeä;1
1306;78/2016;2016_78_74;tämän;2
1306;78/2016;2016_78_74;alueellisen;1
1306;78/2016;2016_78_74;yhdenvertaisuuden;1
1306;78/2016;2016_78_74;kannalta;1
1306;78/2016;2016_78_74;yhteensovitettavissa;1
1306;78/2016;2016_78_74;tiukan;1
1306;78/2016;2016_78_74;taloustilanteen;1
1306;78/2016;2016_78_74;ilmeisen;1
1306;78/2016;2016_78_74;leikkaushalun;1
1306;78/2016;2016_78_74;kanssa;1
1306;78/2016;2016_78_74;kiitos;1
1306;102/2016;2016_102_6;värderade;1
1306;102/2016;2016_102_6;talman;1
1306;102/2016;2016_102_6;parisavtalet;1
1306;102/2016;2016_102_6;är;2
1306;102/2016;2016_102_6;med;1
1306;102/2016;2016_102_6;stor;2
1306;102/2016;2016_102_6;sannolikhet;1
1306;102/2016;2016_102_6;detta;1
1306;102/2016;2016_102_6;århundrades;1
1306;102/2016;2016_102_6;viktigaste;1
1306;102/2016;2016_102_6;dokument;1
1306;102/2016;2016_102_6;för;2
1306;102/2016;2016_102_6;en;2
1306;102/2016;2016_102_6;gångs;1
1306;102/2016;2016_102_6;skull;1
1306;102/2016;2016_102_6;har;1
1306;102/2016;2016_102_6;majoritet;1
1306;102/2016;2016_102_6;av;1
1306;102/2016;2016_102_6;världens;1
1306;102/2016;2016_102_6;länder;1
1306;102/2016;2016_102_6;kunnat;1
1306;102/2016;2016_102_6;förena;1
1306;102/2016;2016_102_6;sig;1
1306;102/2016;2016_102_6;inför;1
1306;102/2016;2016_102_6;det;3
1306;102/2016;2016_102_6;hot;2
1306;102/2016;2016_102_6;som;1
1306;102/2016;2016_102_6;den;1
1306;102/2016;2016_102_6;globala;1
1306;102/2016;2016_102_6;klimatuppvärmningen;1
1306;102/2016;2016_102_6;medför;1
1306;102/2016;2016_102_6;ett;1
1306;106/2016;2016_106_32;värderade;1
1306;106/2016;2016_106_32;talman;1
1306;106/2016;2016_106_32;on;6
1306;106/2016;2016_106_32;syytä;1
1306;106/2016;2016_106_32;kiittää;1
1306;106/2016;2016_106_32;tämän;2
1306;106/2016;2016_106_32;prosessin;1
1306;106/2016;2016_106_32;nopeasta;1
1306;106/2016;2016_106_32;läpimenosta;1
1306;106/2016;2016_106_32;ja;8
1306;106/2016;2016_106_32;myöskin;2
1306;106/2016;2016_106_32;niistä;1
1306;106/2016;2016_106_32;hyvistä;1
1306;106/2016;2016_106_32;tavoitteista;1
1306;106/2016;2016_106_32;joita;2
1306;106/2016;2016_106_32;hallitusohjelmassa;1
1306;106/2016;2016_106_32;näitten;2
1306;106/2016;2016_106_32;asioiden;1
1306;106/2016;2016_106_32;suhteen;1
1306;106/2016;2016_106_32;kun;2
1306;106/2016;2016_106_32;mennään;2
1306;106/2016;2016_106_32;toteutukseen;1
1306;106/2016;2016_106_32;pitää;1
1306;106/2016;2016_106_32;kuitenkin;2
1306;106/2016;2016_106_32;muistaa;1
1306;106/2016;2016_106_32;että;3
1306;106/2016;2016_106_32;ne;3
1306;106/2016;2016_106_32;vaativat;1
1306;106/2016;2016_106_32;sitten;1
1306;106/2016;2016_106_32;harkintaa;1
1306;106/2016;2016_106_32;tiedepohjaista;1
1306;106/2016;2016_106_32;lähestymistapaa;1
1306;106/2016;2016_106_32;puheet;1
1306;106/2016;2016_106_32;turpeesta;1
1306;106/2016;2016_106_32;ratkaisuna;1
1306;106/2016;2016_106_32;tässäkin;1
1306;106/2016;2016_106_32;keskustelussa;1
1306;106/2016;2016_106_32;ollut;1
1306;106/2016;2016_106_32;eivät;1
1306;106/2016;2016_106_32;valitettavasti;1
1306;106/2016;2016_106_32;viittaa;1
1306;106/2016;2016_106_32;tieteeseen;1
1306;106/2016;2016_106_32;vaan;1
1306;106/2016;2016_106_32;pitkälti;1
1306;106/2016;2016_106_32;aluepolitiikkaan;1
1306;106/2016;2016_106_32;jos;1
1306;106/2016;2016_106_32;se;1
1306;106/2016;2016_106_32;edellä;1
1306;106/2016;2016_106_32;näitä;1
1306;106/2016;2016_106_32;ongelmia;1
1306;106/2016;2016_106_32;ratkaisemaan;1
1306;106/2016;2016_106_32;niin;3
1306;106/2016;2016_106_32;hyvää;1
1306;106/2016;2016_106_32;jälkeä;1
1306;106/2016;2016_106_32;ei;2
1306;106/2016;2016_106_32;tule;1
1306;106/2016;2016_106_32;edustaja;2
1306;106/2016;2016_106_32;kulmala;1
1306;106/2016;2016_106_32;puhui;1
1306;106/2016;2016_106_32;alussa;1
1306;106/2016;2016_106_32;maataloudesta;1
1306;106/2016;2016_106_32;siitä;2
1306;106/2016;2016_106_32;miten;1
1306;106/2016;2016_106_32;ehkä;2
1306;106/2016;2016_106_32;saadaan;1
1306;106/2016;2016_106_32;useampia;1
1306;106/2016;2016_106_32;satoja;1
1306;106/2016;2016_106_32;tulevaisuudessa;1
1306;106/2016;2016_106_32;muutosten;1
1306;106/2016;2016_106_32;myötä;1
1306;106/2016;2016_106_32;tapahtuu;1
1306;106/2016;2016_106_32;paljon;2
1306;106/2016;2016_106_32;muitakin;1
1306;106/2016;2016_106_32;asioita;2
1306;106/2016;2016_106_32;kapenevaa;1
1306;106/2016;2016_106_32;biodiversiteettiä;1
1306;106/2016;2016_106_32;lämpimiä;1
1306;106/2016;2016_106_32;talvia;1
1306;106/2016;2016_106_32;kylmempiä;1
1306;106/2016;2016_106_32;kesiä;1
1306;106/2016;2016_106_32;suurempia;1
1306;106/2016;2016_106_32;säämuutoksia;1
1306;106/2016;2016_106_32;rankkasateita;1
1306;106/2016;2016_106_32;ääri-ilmiöitä;1
1306;106/2016;2016_106_32;kaiken;1
1306;106/2016;2016_106_32;kaikkiaan;1
1306;106/2016;2016_106_32;nyt;1
1306;106/2016;2016_106_32;ministeri;1
1306;106/2016;2016_106_32;tiilikainen;1
1306;106/2016;2016_106_32;ole;1
1306;106/2016;2016_106_32;enää;1
1306;106/2016;2016_106_32;paikalla;1
1306;106/2016;2016_106_32;jolloin;1
1306;106/2016;2016_106_32;ohjaan;1
1306;106/2016;2016_106_32;kysymyksen;1
1306;106/2016;2016_106_32;lepälle;1
1306;106/2016;2016_106_32;mikä;1
1306;106/2016;2016_106_32;hänen;1
1306;106/2016;2016_106_32;käsityksensä;1
1306;106/2016;2016_106_32;mitkä;1
1306;106/2016;2016_106_32;ovat;1
1306;106/2016;2016_106_32;muuttuvat;1
1306;106/2016;2016_106_32;maatalouden;1
1306;106/2016;2016_106_32;olosuhteet;1
1306;106/2016;2016_106_32;haasteet;1
1306;106/2016;2016_106_32;riskit;1
1306;106/2016;2016_106_32;tässä;1
1306;106/2016;2016_106_32;puhuttu;1
1306;106/2016;2016_106_32;nieluista;1
1306;106/2016;2016_106_32;puunkäytöstä;1
1306;106/2016;2016_106_32;osana;1
1306;106/2016;2016_106_32;sitä;1
1306;106/2016;2016_106_32;rakentaa;1
1306;106/2016;2016_106_32;puusta;1
1306;106/2016;2016_106_32;yhteen;1
1306;106/2016;2016_106_32;kiloon;1
1306;106/2016;2016_106_32;kuivaa;1
1306;106/2016;2016_106_32;puuta;1
1306;106/2016;2016_106_32;sitoutuu;1
1306;106/2016;2016_106_32;lähemmäksi;1
1306;106/2016;2016_106_32;kaksi;1
1306;106/2016;2016_106_32;kiloa;1
1306;106/2016;2016_106_32;hiiltä;1
1306;106/2016;2016_106_32;puurakentamisen;1
1306;106/2016;2016_106_32;edistämiseksi;1
1306;106/2016;2016_106_32;hallitus;1
1306;106/2016;2016_106_32;ilmeisesti;1
1306;106/2016;2016_106_32;tekemässä;1
1306;106/2016;2016_106_32;itse;1
1306;106/2016;2016_106_32;iloitsin;1
1306;106/2016;2016_106_32;edustajien;1
1306;106/2016;2016_106_32;kosonen;1
1306;106/2016;2016_106_32;honkonen;1
1306;106/2016;2016_106_32;erinomaisesta;1
1306;106/2016;2016_106_32;kirjoituksesta;1
1306;106/2016;2016_106_32;hesarissa;1
1306;106/2016;2016_106_32;toissa;1
1306;106/2016;2016_106_32;viikolla;1
1306;106/2016;2016_106_32;kysyisinkin;1
1306;106/2016;2016_106_32;hallituspuolueiden;1
1306;106/2016;2016_106_32;jäseniltä;1
1306;106/2016;2016_106_32;onko;1
1306;106/2016;2016_106_32;ensi;1
1306;106/2016;2016_106_32;vuonna;1
1306;106/2016;2016_106_32;puu;1
1306;106/2016;2016_106_32;palaa;1
1306;106/2016;2016_106_32;suomessa;1
1306;106/2016;2016_106_32;yhtä;1
1306;106/2016;2016_106_32;heikosti;1
1306;106/2016;2016_106_32;kuin;1
1306;106/2016;2016_106_32;ruotsissa;1
1306;106/2016;2016_106_32;kiitos;1
1306;107/2016;2016_107_80;värderade;1
1306;107/2016;2016_107_80;talman;1
1306;107/2016;2016_107_80;kuten;1
1306;107/2016;2016_107_80;edustaja;3
1306;107/2016;2016_107_80;parviainen;1
1306;107/2016;2016_107_80;sanoi;1
1306;107/2016;2016_107_80;tämä;3
1306;107/2016;2016_107_80;on;11
1306;107/2016;2016_107_80;loistava;1
1306;107/2016;2016_107_80;kädenojennus;1
1306;107/2016;2016_107_80;sen;1
1306;107/2016;2016_107_80;enempää;1
1306;107/2016;2016_107_80;siitä;1
1306;107/2016;2016_107_80;vitsiä;1
1306;107/2016;2016_107_80;vääntämättä;1
1306;107/2016;2016_107_80;voi;1
1306;107/2016;2016_107_80;sanoa;1
1306;107/2016;2016_107_80;että;6
1306;107/2016;2016_107_80;hienoa;1
1306;107/2016;2016_107_80;jos;1
1306;107/2016;2016_107_80;olemme;1
1306;107/2016;2016_107_80;pystyneet;1
1306;107/2016;2016_107_80;tässä;3
1306;107/2016;2016_107_80;käännöksessä;1
1306;107/2016;2016_107_80;edes;1
1306;107/2016;2016_107_80;hieman;1
1306;107/2016;2016_107_80;avittamaan;1
1306;107/2016;2016_107_80;zyskowicz;1
1306;107/2016;2016_107_80;otti;1
1306;107/2016;2016_107_80;puheeksi;3
1306;107/2016;2016_107_80;vanhempainvapaiden;1
1306;107/2016;2016_107_80;uudistuksen;1
1306;107/2016;2016_107_80;ja;5
1306;107/2016;2016_107_80;se;2
1306;107/2016;2016_107_80;ehdottomasti;1
1306;107/2016;2016_107_80;seuraava;1
1306;107/2016;2016_107_80;askel;2
1306;107/2016;2016_107_80;viime;1
1306;107/2016;2016_107_80;vuonnahan;1
1306;107/2016;2016_107_80;ministerit;1
1306;107/2016;2016_107_80;grahn-laasonen;2
1306;107/2016;2016_107_80;toivakka;1
1306;107/2016;2016_107_80;yrittivät;1
1306;107/2016;2016_107_80;nostaa;2
1306;107/2016;2016_107_80;asian;3
1306;107/2016;2016_107_80;silloin;2
1306;107/2016;2016_107_80;ulkoministeri;1
1306;107/2016;2016_107_80;totesi;1
1306;107/2016;2016_107_80;täällä;1
1306;107/2016;2016_107_80;tehdään;1
1306;107/2016;2016_107_80;perussuomalaista;1
1306;107/2016;2016_107_80;perhepolitiikkaa;1
1306;107/2016;2016_107_80;myöhemmin;1
1306;107/2016;2016_107_80;nostivat;1
1306;107/2016;2016_107_80;esille;1
1306;107/2016;2016_107_80;edustajat;1
1306;107/2016;2016_107_80;sarkomaa;1
1306;107/2016;2016_107_80;sirn;1
1306;107/2016;2016_107_80;toisen;1
1306;107/2016;2016_107_80;kerran;1
1306;107/2016;2016_107_80;taisi;1
1306;107/2016;2016_107_80;saarikkokin;1
1306;107/2016;2016_107_80;ottaa;1
1306;107/2016;2016_107_80;ihan;1
1306;107/2016;2016_107_80;hiljattain;1
1306;107/2016;2016_107_80;sanottiin;1
1306;107/2016;2016_107_80;ulkoministerin;1
1306;107/2016;2016_107_80;suulla;1
1306;107/2016;2016_107_80;mitä;1
1306;107/2016;2016_107_80;kotiäidin;1
1306;107/2016;2016_107_80;vihaa;1
1306;107/2016;2016_107_80;nyt;3
1306;107/2016;2016_107_80;itse;1
1306;107/2016;2016_107_80;en;1
1306;107/2016;2016_107_80;pysty;1
1306;107/2016;2016_107_80;yhdistämään;1
1306;107/2016;2016_107_80;sitä;1
1306;107/2016;2016_107_80;yrittää;1
1306;107/2016;2016_107_80;parantaa;1
1306;107/2016;2016_107_80;naisten;1
1306;107/2016;2016_107_80;asemaa;1
1306;107/2016;2016_107_80;työmarkkinoilla;1
1306;107/2016;2016_107_80;minkäänlaiseen;1
1306;107/2016;2016_107_80;vihaan;1
1306;107/2016;2016_107_80;ottaen;1
1306;107/2016;2016_107_80;huomioon;1
1306;107/2016;2016_107_80;hallituksella;1
1306;107/2016;2016_107_80;tavoite;1
1306;107/2016;2016_107_80;työllisyysaste;1
1306;107/2016;2016_107_80;prosenttiin;1
1306;107/2016;2016_107_80;olisi;1
1306;107/2016;2016_107_80;aivan;1
1306;107/2016;2016_107_80;looginen;1
1306;107/2016;2016_107_80;kyse;2
1306;107/2016;2016_107_80;vanhempainvapaasta;1
1306;107/2016;2016_107_80;toki;2
1306;107/2016;2016_107_80;myöskin;2
1306;107/2016;2016_107_80;kotihoidon;1
1306;107/2016;2016_107_80;tuesta;1
1306;107/2016;2016_107_80;joka;2
1306;107/2016;2016_107_80;hyvinkin;1
1306;107/2016;2016_107_80;poikkeuksellinen;1
1306;107/2016;2016_107_80;järjestely;1
1306;107/2016;2016_107_80;noin;2
1306;107/2016;2016_107_80;niin;2
1306;107/2016;2016_107_80;kuin;1
1306;107/2016;2016_107_80;pohjoismaisessa;1
1306;107/2016;2016_107_80;mittakaavassa;1
1306;107/2016;2016_107_80;toinen;2
1306;107/2016;2016_107_80;asia;1
1306;107/2016;2016_107_80;mikä;1
1306;107/2016;2016_107_80;erottaa;1
1306;107/2016;2016_107_80;meidät;1
1306;107/2016;2016_107_80;muista;1
1306;107/2016;2016_107_80;pohjoismaista;1
1306;107/2016;2016_107_80;luonnollisesti;1
1306;107/2016;2016_107_80;korkeat;1
1306;107/2016;2016_107_80;päivähoitomaksut;1
1306;107/2016;2016_107_80;matala;1
1306;107/2016;2016_107_80;osallistuminen;1
1306;107/2016;2016_107_80;varhaiskasvatukseen;1
1306;107/2016;2016_107_80;yleensä;1
1306;107/2016;2016_107_80;kun;1
1306;107/2016;2016_107_80;näitä;1
1306;107/2016;2016_107_80;asioita;1
1306;107/2016;2016_107_80;viedään;1
1306;107/2016;2016_107_80;eteenpäin;2
1306;107/2016;2016_107_80;toivon;2
1306;107/2016;2016_107_80;mukaan;1
1306;107/2016;2016_107_80;kaikkien;1
1306;107/2016;2016_107_80;hallituspuolueiden;1
1306;107/2016;2016_107_80;miksei;1
1306;107/2016;2016_107_80;oppositionkin;1
1306;107/2016;2016_107_80;voimin;1
1306;107/2016;2016_107_80;voisi;1
1306;107/2016;2016_107_80;vaikka;1
1306;107/2016;2016_107_80;katsoa;1
1306;107/2016;2016_107_80;rkpn;1
1306;107/2016;2016_107_80;varjobudjettia;1
1306;107/2016;2016_107_80;jossa;1
1306;107/2016;2016_107_80;otettu;1
1306;107/2016;2016_107_80;malli;4
1306;107/2016;2016_107_80;sekä;1
1306;107/2016;2016_107_80;ilmainen;1
1306;107/2016;2016_107_80;neljän;1
1306;107/2016;2016_107_80;tunnin;1
1306;107/2016;2016_107_80;varhaiskasvatus;1
1306;107/2016;2016_107_80;ikävuodesta;1
1306;107/2016;2016_107_80;kolme;1
1306;107/2016;2016_107_80;yksi;1
1306;107/2016;2016_107_80;tuo;1
1306;107/2016;2016_107_80;lisäkustannuksia;1
1306;107/2016;2016_107_80;kustannusneutraali;1
1306;107/2016;2016_107_80;sakn;1
1306;107/2016;2016_107_80;jota;1
1306;107/2016;2016_107_80;hallitus;1
1306;107/2016;2016_107_80;tarkastelee;1
1306;107/2016;2016_107_80;tarkasti;1
1306;107/2016;2016_107_80;kiitos;1
1306;107/2016;2016_107_107;värderade;1
1306;107/2016;2016_107_107;talman;1
1306;107/2016;2016_107_107;kun;2
1306;107/2016;2016_107_107;ensimmäinen;1
1306;107/2016;2016_107_107;versio;1
1306;107/2016;2016_107_107;tästä;2
1306;107/2016;2016_107_107;lakipaketista;1
1306;107/2016;2016_107_107;oli;1
1306;107/2016;2016_107_107;kierroksella;1
1306;107/2016;2016_107_107;viime;2
1306;107/2016;2016_107_107;keväänä;1
1306;107/2016;2016_107_107;niin;3
1306;107/2016;2016_107_107;minä;1
1306;107/2016;2016_107_107;ja;21
1306;107/2016;2016_107_107;moni;1
1306;107/2016;2016_107_107;muu;1
1306;107/2016;2016_107_107;olimme;1
1306;107/2016;2016_107_107;aika;6
1306;107/2016;2016_107_107;huolestuneita;1
1306;107/2016;2016_107_107;tässä;9
1306;107/2016;2016_107_107;alkusyksystä;1
1306;107/2016;2016_107_107;luettiin;1
1306;107/2016;2016_107_107;lehdistä;1
1306;107/2016;2016_107_107;miten;3
1306;107/2016;2016_107_107;ministeri;1
1306;107/2016;2016_107_107;sipilä;1
1306;107/2016;2016_107_107;iloitsi;1
1306;107/2016;2016_107_107;pudasjärven;1
1306;107/2016;2016_107_107;hirsikoulusta;1
1306;107/2016;2016_107_107;puhui;1
1306;107/2016;2016_107_107;siitä;2
1306;107/2016;2016_107_107;tulevaisuuden;1
1306;107/2016;2016_107_107;mallina;1
1306;107/2016;2016_107_107;itse;1
1306;107/2016;2016_107_107;pohdin;1
1306;107/2016;2016_107_107;siinä;2
1306;107/2016;2016_107_107;ymmärtääkö;1
1306;107/2016;2016_107_107;hän;1
1306;107/2016;2016_107_107;että;10
1306;107/2016;2016_107_107;tämä;16
1306;107/2016;2016_107_107;nollaenergiapaketti;1
1306;107/2016;2016_107_107;todennäköisesti;1
1306;107/2016;2016_107_107;tekee;2
1306;107/2016;2016_107_107;vastaavien;1
1306;107/2016;2016_107_107;koulujen;2
1306;107/2016;2016_107_107;tulevaisuusnäkymät;1
1306;107/2016;2016_107_107;vähintäänkin;1
1306;107/2016;2016_107_107;huonoiksi;1
1306;107/2016;2016_107_107;niistä;1
1306;107/2016;2016_107_107;saattaa;3
1306;107/2016;2016_107_107;tulla;1
1306;107/2016;2016_107_107;jopa;3
1306;107/2016;2016_107_107;mahdottomia;1
1306;107/2016;2016_107_107;no;2
1306;107/2016;2016_107_107;ehdotus;1
1306;107/2016;2016_107_107;kuitenkin;2
1306;107/2016;2016_107_107;osittain;1
1306;107/2016;2016_107_107;poistaa;1
1306;107/2016;2016_107_107;nämä;1
1306;107/2016;2016_107_107;pelot;1
1306;107/2016;2016_107_107;on;23
1306;107/2016;2016_107_107;selvästi;2
1306;107/2016;2016_107_107;alkuperäistä;1
1306;107/2016;2016_107_107;parempi;1
1306;107/2016;2016_107_107;olla;5
1306;107/2016;2016_107_107;ihan;4
1306;107/2016;2016_107_107;kelpo;1
1306;107/2016;2016_107_107;mitä;2
1306;107/2016;2016_107_107;tapahtunut;1
1306;107/2016;2016_107_107;sitten;4
1306;107/2016;2016_107_107;sen;6
1306;107/2016;2016_107_107;ensimmäisen;1
1306;107/2016;2016_107_107;kierroksen;1
1306;107/2016;2016_107_107;e-lukutiukennukset;1
1306;107/2016;2016_107_107;ovat;3
1306;107/2016;2016_107_107;maltilliset;1
1306;107/2016;2016_107_107;ne;4
1306;107/2016;2016_107_107;erittäin;1
1306;107/2016;2016_107_107;suuret;1
1306;107/2016;2016_107_107;koulu;1
1306;107/2016;2016_107_107;päiväkotirakennusten;1
1306;107/2016;2016_107_107;tiukennuksetkin;1
1306;107/2016;2016_107_107;jotka;2
1306;107/2016;2016_107_107;silloin;1
1306;107/2016;2016_107_107;vielä;2
1306;107/2016;2016_107_107;olivat;1
1306;107/2016;2016_107_107;mukana;1
1306;107/2016;2016_107_107;nyt;4
1306;107/2016;2016_107_107;pitkälti;2
1306;107/2016;2016_107_107;peruttu;1
1306;107/2016;2016_107_107;se;9
1306;107/2016;2016_107_107;hyvä;7
1306;107/2016;2016_107_107;asia;7
1306;107/2016;2016_107_107;koska;4
1306;107/2016;2016_107_107;luulen;1
1306;107/2016;2016_107_107;olisivat;1
1306;107/2016;2016_107_107;tehneet;1
1306;107/2016;2016_107_107;massiivipuisten;1
1306;107/2016;2016_107_107;rakentamisen;2
1306;107/2016;2016_107_107;käytännössä;4
1306;107/2016;2016_107_107;mahdottomaksi;3
1306;107/2016;2016_107_107;myöskin;6
1306;107/2016;2016_107_107;johtaneet;1
1306;107/2016;2016_107_107;huomattavasti;1
1306;107/2016;2016_107_107;lisääntyneisiin;1
1306;107/2016;2016_107_107;homeongelmiin;1
1306;107/2016;2016_107_107;puuarvoja;1
1306;107/2016;2016_107_107;ei;8
1306;107/2016;2016_107_107;ole;4
1306;107/2016;2016_107_107;lähdetty;1
1306;107/2016;2016_107_107;muuttamaan;1
1306;107/2016;2016_107_107;vaikka;1
1306;107/2016;2016_107_107;laatu;1
1306;107/2016;2016_107_107;tärkeä;1
1306;107/2016;2016_107_107;kuin;6
1306;107/2016;2016_107_107;monessa;1
1306;107/2016;2016_107_107;puheenvuorossa;1
1306;107/2016;2016_107_107;otettu;3
1306;107/2016;2016_107_107;esille;1
1306;107/2016;2016_107_107;frame-tutkimuksen;1
1306;107/2016;2016_107_107;tampereen;1
1306;107/2016;2016_107_107;yliopiston;1
1306;107/2016;2016_107_107;rakennusfysiikan;1
1306;107/2016;2016_107_107;laitoksen;1
1306;107/2016;2016_107_107;tutkimusten;1
1306;107/2016;2016_107_107;mukaan;6
1306;107/2016;2016_107_107;lisääntynyt;1
1306;107/2016;2016_107_107;eristepaksuus;1
1306;107/2016;2016_107_107;lisää;1
1306;107/2016;2016_107_107;riskiä;1
1306;107/2016;2016_107_107;kohtalaisen;1
1306;107/2016;2016_107_107;kiistaton;1
1306;107/2016;2016_107_107;paksuuksia;1
1306;107/2016;2016_107_107;tarvinne;1
1306;107/2016;2016_107_107;kohtuuttomasti;1
1306;107/2016;2016_107_107;lisätä;1
1306;107/2016;2016_107_107;toivotaan;1
1306;107/2016;2016_107_107;näin;1
1306;107/2016;2016_107_107;toinen;1
1306;107/2016;2016_107_107;painovoimainen;1
1306;107/2016;2016_107_107;ilmanvaihto;1
1306;107/2016;2016_107_107;lausutaan;1
1306;107/2016;2016_107_107;selkeästi;1
1306;107/2016;2016_107_107;mahdolliseksi;1
1306;107/2016;2016_107_107;paperi;1
1306;107/2016;2016_107_107;mahdollistaa;1
1306;107/2016;2016_107_107;mutta;3
1306;107/2016;2016_107_107;pitää;3
1306;107/2016;2016_107_107;muistaa;1
1306;107/2016;2016_107_107;tätä;2
1306;107/2016;2016_107_107;asiaa;1
1306;107/2016;2016_107_107;ohjaavat;1
1306;107/2016;2016_107_107;muut;1
1306;107/2016;2016_107_107;asetukset;1
1306;107/2016;2016_107_107;rakennusmääräyskokoelma;1
1306;107/2016;2016_107_107;tällä;1
1306;107/2016;2016_107_107;hetkellä;1
1306;107/2016;2016_107_107;vaatii;2
1306;107/2016;2016_107_107;ilmanvaihdolta;1
1306;107/2016;2016_107_107;sellaisia;1
1306;107/2016;2016_107_107;asioita;3
1306;107/2016;2016_107_107;tekevät;1
1306;107/2016;2016_107_107;eli;3
1306;107/2016;2016_107_107;vain;1
1306;107/2016;2016_107_107;viedä;2
1306;107/2016;2016_107_107;muissakin;1
1306;107/2016;2016_107_107;asetuksissa;1
1306;107/2016;2016_107_107;läpi;1
1306;107/2016;2016_107_107;tehdä;1
1306;107/2016;2016_107_107;selväksi;1
1306;107/2016;2016_107_107;rakennusvalvontaviranomaisille;1
1306;107/2016;2016_107_107;luoda;1
1306;107/2016;2016_107_107;selvät;2
1306;107/2016;2016_107_107;menetelmät;1
1306;107/2016;2016_107_107;mittaustavat;1
1306;107/2016;2016_107_107;jotta;1
1306;107/2016;2016_107_107;saataisiin;1
1306;107/2016;2016_107_107;vietyä;1
1306;107/2016;2016_107_107;maaliin;1
1306;107/2016;2016_107_107;asti;1
1306;107/2016;2016_107_107;hirsirakentamiselle;1
1306;107/2016;2016_107_107;erityishelpotuksia;1
1306;107/2016;2016_107_107;johdonmukaisuuden;1
1306;107/2016;2016_107_107;nimissä;1
1306;107/2016;2016_107_107;olisi;2
1306;107/2016;2016_107_107;muihin;1
1306;107/2016;2016_107_107;massiivirakenteisiin;1
1306;107/2016;2016_107_107;pitkäikäisiä;1
1306;107/2016;2016_107_107;empiirisen;1
1306;107/2016;2016_107_107;ei-teoreettisen;1
1306;107/2016;2016_107_107;tiedon;1
1306;107/2016;2016_107_107;pohjalta;1
1306;107/2016;2016_107_107;tehokkaita;1
1306;107/2016;2016_107_107;helsingin;1
1306;107/2016;2016_107_107;energian;1
1306;107/2016;2016_107_107;tilastojen;1
1306;107/2016;2016_107_107;esimerkiksi;1
1306;107/2016;2016_107_107;vuosisadan;2
1306;107/2016;2016_107_107;alussa;2
1306;107/2016;2016_107_107;rakennettu;2
1306;107/2016;2016_107_107;kerrostalo;1
1306;107/2016;2016_107_107;yhtä;2
1306;107/2016;2016_107_107;energiatehokas;1
1306;107/2016;2016_107_107;siis;1
1306;107/2016;2016_107_107;kuluttaa;1
1306;107/2016;2016_107_107;paljon;1
1306;107/2016;2016_107_107;lämmitysenergiaa;1
1306;107/2016;2016_107_107;tämän;1
1306;107/2016;2016_107_107;nehän;1
1306;107/2016;2016_107_107;tällaisia;1
1306;107/2016;2016_107_107;punatiilimassiivirakenteisia;1
1306;107/2016;2016_107_107;seiniä;1
1306;107/2016;2016_107_107;direktiivihän;1
1306;107/2016;2016_107_107;sallii;2
1306;107/2016;2016_107_107;joustoja;1
1306;107/2016;2016_107_107;niitä;1
1306;107/2016;2016_107_107;kuitenkaan;2
1306;107/2016;2016_107_107;täysimittaisesti;1
1306;107/2016;2016_107_107;valitettavasti;1
1306;107/2016;2016_107_107;direktiivi;1
1306;107/2016;2016_107_107;vapauttaa;1
1306;107/2016;2016_107_107;rakennukset;1
1306;107/2016;2016_107_107;joiden;1
1306;107/2016;2016_107_107;lämmitettävä;4
1306;107/2016;2016_107_107;osa;1
1306;107/2016;2016_107_107;alle;1
1306;107/2016;2016_107_107;neliömetriä;1
1306;107/2016;2016_107_107;näistä;1
1306;107/2016;2016_107_107;määräyksistä;1
1306;107/2016;2016_107_107;paketissa;1
1306;107/2016;2016_107_107;puhutaan;1
1306;107/2016;2016_107_107;kerrosalasta;1
1306;107/2016;2016_107_107;näiden;1
1306;107/2016;2016_107_107;osalta;1
1306;107/2016;2016_107_107;sellaisen;1
1306;107/2016;2016_107_107;rakennustyypin;1
1306;107/2016;2016_107_107;jota;3
1306;107/2016;2016_107_107;usein;1
1306;107/2016;2016_107_107;käytetään;2
1306;107/2016;2016_107_107;ekologisessa;1
1306;107/2016;2016_107_107;rakentamisessa;1
1306;107/2016;2016_107_107;pieni;1
1306;107/2016;2016_107_107;sydän;1
1306;107/2016;2016_107_107;ympärillä;1
1306;107/2016;2016_107_107;puolilämmin;1
1306;107/2016;2016_107_107;tila;1
1306;107/2016;2016_107_107;sääolosuhteiden;1
1306;107/2016;2016_107_107;vuosiaikojen;1
1306;107/2016;2016_107_107;tai;2
1306;107/2016;2016_107_107;jätetään;1
1306;107/2016;2016_107_107;käyttämättä;1
1306;107/2016;2016_107_107;muuttaa;1
1306;107/2016;2016_107_107;viedään;1
1306;107/2016;2016_107_107;eteenpäin;1
1306;107/2016;2016_107_107;asetusten;2
1306;107/2016;2016_107_107;tasolla;1
1306;107/2016;2016_107_107;säädetään;1
1306;107/2016;2016_107_107;energiakertoimista;1
1306;107/2016;2016_107_107;heikennetty;1
1306;107/2016;2016_107_107;puun;1
1306;107/2016;2016_107_107;suhteellista;1
1306;107/2016;2016_107_107;asemaa;1
1306;107/2016;2016_107_107;pudotettu;1
1306;107/2016;2016_107_107;kaukolämmön;1
1306;107/2016;2016_107_107;sähkön;1
1306;107/2016;2016_107_107;kertoimia;1
1306;107/2016;2016_107_107;vaikutettu;1
1306;107/2016;2016_107_107;niitten;2
1306;107/2016;2016_107_107;keskinäiseen;1
1306;107/2016;2016_107_107;suhteeseen;1
1306;107/2016;2016_107_107;kertoimien;1
1306;107/2016;2016_107_107;käyttö;1
1306;107/2016;2016_107_107;raskas;1
1306;107/2016;2016_107_107;ohjaustapa;1
1306;107/2016;2016_107_107;määrittävät;1
1306;107/2016;2016_107_107;hyvin;2
1306;107/2016;2016_107_107;vahvasti;1
1306;107/2016;2016_107_107;tapaa;2
1306;107/2016;2016_107_107;jolla;3
1306;107/2016;2016_107_107;me;4
1306;107/2016;2016_107_107;rakennamme;1
1306;107/2016;2016_107_107;pitkäksi;1
1306;107/2016;2016_107_107;ajaksi;1
1306;107/2016;2016_107_107;siksi;1
1306;107/2016;2016_107_107;kanssa;1
1306;107/2016;2016_107_107;tulisi;2
1306;107/2016;2016_107_107;varovainen;1
1306;107/2016;2016_107_107;tapa;1
1306;107/2016;2016_107_107;tuotamme;1
1306;107/2016;2016_107_107;energiaa;1
1306;107/2016;2016_107_107;muuttuu;1
1306;107/2016;2016_107_107;vuoden;1
1306;107/2016;2016_107_107;kuluttua;1
1306;107/2016;2016_107_107;tuotetaan;1
1306;107/2016;2016_107_107;sähköä;1
1306;107/2016;2016_107_107;eri;1
1306;107/2016;2016_107_107;tavalla;1
1306;107/2016;2016_107_107;tänään;1
1306;107/2016;2016_107_107;näitten;2
1306;107/2016;2016_107_107;lukujen;1
1306;107/2016;2016_107_107;hiilellä;1
1306;107/2016;2016_107_107;tuotetulla;1
1306;107/2016;2016_107_107;kaukolämmöllä;1
1306;107/2016;2016_107_107;talo;2
1306;107/2016;2016_107_107;saa;1
1306;107/2016;2016_107_107;prosenttia;2
1306;107/2016;2016_107_107;energiatehottomampi;1
1306;107/2016;2016_107_107;tuulisähköllä;1
1306;107/2016;2016_107_107;sähkölämmitteinen;1
1306;107/2016;2016_107_107;voi;1
1306;107/2016;2016_107_107;meidän;3
1306;107/2016;2016_107_107;tavoitteidemme;1
1306;107/2016;2016_107_107;mukaista;1
1306;107/2016;2016_107_107;kannattaako;1
1306;107/2016;2016_107_107;tilanteessa;1
1306;107/2016;2016_107_107;jossa;1
1306;107/2016;2016_107_107;olemme;1
1306;107/2016;2016_107_107;menossa;1
1306;107/2016;2016_107_107;kapasiteettimarkkinaan;1
1306;107/2016;2016_107_107;suosia;1
1306;107/2016;2016_107_107;maalämpöpumppuja;1
1306;107/2016;2016_107_107;jolloin;2
1306;107/2016;2016_107_107;hetkellinen;1
1306;107/2016;2016_107_107;sähkönkulutus;1
1306;107/2016;2016_107_107;oleellisesti;1
1306;107/2016;2016_107_107;isompi;1
1306;107/2016;2016_107_107;sähköllä;1
1306;107/2016;2016_107_107;lämmitettävän;1
1306;107/2016;2016_107_107;talon;1
1306;107/2016;2016_107_107;näitä;2
1306;107/2016;2016_107_107;ehkä;2
1306;107/2016;2016_107_107;pohtia;2
1306;107/2016;2016_107_107;kaiken;2
1306;107/2016;2016_107_107;kaikkiaan;2
1306;107/2016;2016_107_107;pitäisi;1
1306;107/2016;2016_107_107;mittaamme;1
1306;107/2016;2016_107_107;kuviotutkimus;1
1306;107/2016;2016_107_107;osoittaa;2
1306;107/2016;2016_107_107;energiavaatimusten;1
1306;107/2016;2016_107_107;kiristystoimenpide;1
1306;107/2016;2016_107_107;johtanut;1
1306;107/2016;2016_107_107;oletettuihin;1
1306;107/2016;2016_107_107;tuloksiin;1
1306;107/2016;2016_107_107;luvulla;2
1306;107/2016;2016_107_107;rakennetun;2
1306;107/2016;2016_107_107;päiväkotirakennuksen;1
1306;107/2016;2016_107_107;kokonaisenergiankulutus;1
1306;107/2016;2016_107_107;sama;1
1306;107/2016;2016_107_107;malli;1
1306;107/2016;2016_107_107;käytämme;1
1306;107/2016;2016_107_107;tarkoituksenmukainen;1
1306;107/2016;2016_107_107;osata;1
1306;107/2016;2016_107_107;arvioida;1
1306;107/2016;2016_107_107;primäärienergian;1
1306;107/2016;2016_107_107;kulutusta;1
1306;107/2016;2016_107_107;vaan;1
1306;107/2016;2016_107_107;kokonaishiilijalanjälkeä;1
1306;107/2016;2016_107_107;lähtökohta;1
1306;107/2016;2016_107_107;pohditaan;1
1306;107/2016;2016_107_107;mistä;1
1306;107/2016;2016_107_107;rakennetaan;1
1306;107/2016;2016_107_107;tavara;1
1306;107/2016;2016_107_107;kuljetetaan;2
1306;107/2016;2016_107_107;työmaalle;1
1306;107/2016;2016_107_107;missä;1
1306;107/2016;2016_107_107;rakentaminen;1
1306;107/2016;2016_107_107;pitkäaikainen;1
1306;107/2016;2016_107_107;rakenne;1
1306;107/2016;2016_107_107;mikä;1
1306;107/2016;2016_107_107;kierrätettävyys;1
1306;107/2016;2016_107_107;toki;1
1306;107/2016;2016_107_107;tärkeätä;1
1306;107/2016;2016_107_107;globaalissa;1
1306;107/2016;2016_107_107;mielessä;1
1306;107/2016;2016_107_107;tiedetään;1
1306;107/2016;2016_107_107;betoni;1
1306;107/2016;2016_107_107;sementtiteollisuus;1
1306;107/2016;2016_107_107;tuottaa;1
1306;107/2016;2016_107_107;kasvihuonepäästöistä;1
1306;107/2016;2016_107_107;maailmanlaajuisesti;1
1306;107/2016;2016_107_107;kiittää;1
1306;107/2016;2016_107_107;saatu;1
1306;107/2016;2016_107_107;palaute;1
1306;107/2016;2016_107_107;varsin;1
1306;107/2016;2016_107_107;huomioon;1
1306;107/2016;2016_107_107;tuntuu;1
1306;107/2016;2016_107_107;pienillä;1
1306;107/2016;2016_107_107;muutoksilla;1
1306;107/2016;2016_107_107;monipuolisen;1
1306;107/2016;2016_107_107;toivottavasti;1
1306;107/2016;2016_107_107;terveen;1
1306;107/2016;2016_107_107;valiokuntatyöskentelyssä;1
1306;107/2016;2016_107_107;pientä;1
1306;107/2016;2016_107_107;inputia;1
1306;107/2016;2016_107_107;muutosehdotusta;1
1306;107/2016;2016_107_107;tulee;1
1306;107/2016;2016_107_107;kiitoksia;1
1306;107/2016;2016_107_113;värderade;1
1306;107/2016;2016_107_113;talman;1
1306;107/2016;2016_107_113;edustaja;2
1306;107/2016;2016_107_113;kosonen;1
1306;107/2016;2016_107_113;mainitsi;1
1306;107/2016;2016_107_113;tuossa;2
1306;107/2016;2016_107_113;myöskin;2
1306;107/2016;2016_107_113;saman;1
1306;107/2016;2016_107_113;jonka;1
1306;107/2016;2016_107_113;minä;1
1306;107/2016;2016_107_113;äsken;1
1306;107/2016;2016_107_113;eli;2
1306;107/2016;2016_107_113;tämän;1
1306;107/2016;2016_107_113;kokonaistarkastelun;1
1306;107/2016;2016_107_113;tärkeyden;1
1306;107/2016;2016_107_113;ja;5
1306;107/2016;2016_107_113;nyt;2
1306;107/2016;2016_107_113;pitää;2
1306;107/2016;2016_107_113;itse;1
1306;107/2016;2016_107_113;asiassa;1
1306;107/2016;2016_107_113;onnitella;1
1306;107/2016;2016_107_113;ympäristöministeriä;1
1306;107/2016;2016_107_113;joka;2
1306;107/2016;2016_107_113;on;4
1306;107/2016;2016_107_113;tietojeni;1
1306;107/2016;2016_107_113;mukaan;1
1306;107/2016;2016_107_113;palkannut;1
1306;107/2016;2016_107_113;ministeriöön;1
1306;107/2016;2016_107_113;matti;1
1306;107/2016;2016_107_113;kuittisen;1
1306;107/2016;2016_107_113;nimenomaan;1
1306;107/2016;2016_107_113;tutkinut;1
1306;107/2016;2016_107_113;tätä;1
1306;107/2016;2016_107_113;hiilijalanjäljen;1
1306;107/2016;2016_107_113;mittaamista;1
1306;107/2016;2016_107_113;rakennuksissa;1
1306;107/2016;2016_107_113;toivottavasti;1
1306;107/2016;2016_107_113;sitä;1
1306;107/2016;2016_107_113;työtä;1
1306;107/2016;2016_107_113;viedään;1
1306;107/2016;2016_107_113;siellä;1
1306;107/2016;2016_107_113;määrätietoisesti;1
1306;107/2016;2016_107_113;eteenpäin;1
1306;107/2016;2016_107_113;haluaisin;1
1306;107/2016;2016_107_113;jatkaa;1
1306;107/2016;2016_107_113;harakan;1
1306;107/2016;2016_107_113;pohdintoja;1
1306;107/2016;2016_107_113;siis;1
1306;107/2016;2016_107_113;siitä;3
1306;107/2016;2016_107_113;miten;1
1306;107/2016;2016_107_113;edistetään;1
1306;107/2016;2016_107_113;vikasietoisia;1
1306;107/2016;2016_107_113;rakennuksia;1
1306;107/2016;2016_107_113;meidän;1
1306;107/2016;2016_107_113;rakentamisen;1
1306;107/2016;2016_107_113;paradigmat;1
1306;107/2016;2016_107_113;tällä;1
1306;107/2016;2016_107_113;hetkellähän;1
1306;107/2016;2016_107_113;oikeastaan;1
1306;107/2016;2016_107_113;lähtevät;1
1306;107/2016;2016_107_113;että;4
1306;107/2016;2016_107_113;hyvin;1
1306;107/2016;2016_107_113;paljon;2
1306;107/2016;2016_107_113;kiinni;1
1306;107/2016;2016_107_113;millin;1
1306;107/2016;2016_107_113;kymmenesosan;1
1306;107/2016;2016_107_113;kalvosta;1
1306;107/2016;2016_107_113;sen;1
1306;107/2016;2016_107_113;ehjänä;1
1306;107/2016;2016_107_113;pysymisestä;1
1306;107/2016;2016_107_113;jos;1
1306;107/2016;2016_107_113;se;5
1306;107/2016;2016_107_113;puhkeaa;1
1306;107/2016;2016_107_113;niin;1
1306;107/2016;2016_107_113;koko;1
1306;107/2016;2016_107_113;korttitalo;1
1306;107/2016;2016_107_113;romahtaa;1
1306;107/2016;2016_107_113;kannattaa;1
1306;107/2016;2016_107_113;mielessä;1
1306;107/2016;2016_107_113;erityisesti;1
1306;107/2016;2016_107_113;näitten;1
1306;107/2016;2016_107_113;eristysten;1
1306;107/2016;2016_107_113;paksuntaminen;1
1306;107/2016;2016_107_113;tavallaan;1
1306;107/2016;2016_107_113;lisää;1
1306;107/2016;2016_107_113;niitä;2
1306;107/2016;2016_107_113;vikakertoimia;1
1306;107/2016;2016_107_113;painovoimaisesta;1
1306;107/2016;2016_107_113;ilmanvaihdosta;1
1306;107/2016;2016_107_113;tosiaankin;1
1306;107/2016;2016_107_113;tässä;1
1306;107/2016;2016_107_113;mahdollista;1
1306;107/2016;2016_107_113;mutta;1
1306;107/2016;2016_107_113;edellyttää;1
1306;107/2016;2016_107_113;mahdollisuus;1
1306;107/2016;2016_107_113;tehdään;1
1306;107/2016;2016_107_113;selväksi;1
1306;107/2016;2016_107_113;annetaan;1
1306;107/2016;2016_107_113;välineitä;1
1306;107/2016;2016_107_113;joita;1
1306;107/2016;2016_107_113;tarvitaan;1
1306;107/2016;2016_107_113;sekä;1
1306;107/2016;2016_107_113;suunnittelijoille;1
1306;107/2016;2016_107_113;sitten;1
1306;107/2016;2016_107_113;rakennusvalvontaviranomaisille;1
1306;107/2016;2016_107_113;joidenka;1
1306;107/2016;2016_107_113;asiantuntemus;1
1306;107/2016;2016_107_113;vaihtelee;1
1306;107/2016;2016_107_113;hyvinkin;1
1306;107/2016;2016_107_113;kunnasta;1
1306;107/2016;2016_107_113;kuntaan;1
1306;107/2016;2016_107_113;olisi;1
1306;107/2016;2016_107_113;selkeät;3
1306;107/2016;2016_107_113;ohjeet;1
1306;107/2016;2016_107_113;menettelytavat;1
1306;107/2016;2016_107_113;vaatimukset;1
1306;107/2016;2016_107_113;niille;1
1306;107/2016;2016_107_113;ratkaisuille;1
1306;107/2016;2016_107_113;kiitos;1
1306;114/2016;2016_114_91;värderade;1
1306;114/2016;2016_114_91;talman;1
1306;114/2016;2016_114_91;edustaja;2
1306;114/2016;2016_114_91;hakkarainen;1
1306;114/2016;2016_114_91;kertoi;1
1306;114/2016;2016_114_91;tuossa;2
1306;114/2016;2016_114_91;omista;1
1306;114/2016;2016_114_91;uudistussuunnitelmistaan;1
1306;114/2016;2016_114_91;meidän;2
1306;114/2016;2016_114_91;oikeuslaitoksen;1
1306;114/2016;2016_114_91;ja;4
1306;114/2016;2016_114_91;käytännön;1
1306;114/2016;2016_114_91;suhteen;1
1306;114/2016;2016_114_91;toivottavasti;1
1306;114/2016;2016_114_91;ryhmä;1
1306;114/2016;2016_114_91;ei;3
1306;114/2016;2016_114_91;jaa;1
1306;114/2016;2016_114_91;näitä;3
1306;114/2016;2016_114_91;käsityksiä;1
1306;114/2016;2016_114_91;tässä;2
1306;114/2016;2016_114_91;on;6
1306;114/2016;2016_114_91;puhuttu;1
1306;114/2016;2016_114_91;tuomio-istuinten;1
1306;114/2016;2016_114_91;ruuhkautumisesta;1
1306;114/2016;2016_114_91;no;1
1306;114/2016;2016_114_91;mistä;1
1306;114/2016;2016_114_91;tämä;1
1306;114/2016;2016_114_91;johtuu;1
1306;114/2016;2016_114_91;hallintovaliokunta;1
1306;114/2016;2016_114_91;oli;1
1306;114/2016;2016_114_91;välimeren;1
1306;114/2016;2016_114_91;alueella;1
1306;114/2016;2016_114_91;matkalla;1
1306;114/2016;2016_114_91;jokin;1
1306;114/2016;2016_114_91;aika;1
1306;114/2016;2016_114_91;sitten;1
1306;114/2016;2016_114_91;siellä;2
1306;114/2016;2016_114_91;keskustelimme;1
1306;114/2016;2016_114_91;euroopan;1
1306;114/2016;2016_114_91;unionin;1
1306;114/2016;2016_114_91;turvapaikkaviraston;1
1306;114/2016;2016_114_91;edustajan;1
1306;114/2016;2016_114_91;kanssa;1
1306;114/2016;2016_114_91;joka;1
1306;114/2016;2016_114_91;näytti;1
1306;114/2016;2016_114_91;meille;1
1306;114/2016;2016_114_91;mikä;2
1306;114/2016;2016_114_91;irakilaisten;1
1306;114/2016;2016_114_91;turvapaikanhakijoiden;1
1306;114/2016;2016_114_91;hyväksymisprosentti;1
1306;114/2016;2016_114_91;euroopassa;2
1306;114/2016;2016_114_91;yleensä;1
1306;114/2016;2016_114_91;yli;1
1306;114/2016;2016_114_91;prosenttia;1
1306;114/2016;2016_114_91;se;3
1306;114/2016;2016_114_91;suomessa;2
1306;114/2016;2016_114_91;alle;1
1306;114/2016;2016_114_91;kiusallisina;1
1306;114/2016;2016_114_91;jouduimme;1
1306;114/2016;2016_114_91;toteamaan;1
1306;114/2016;2016_114_91;tämän;2
1306;114/2016;2016_114_91;eikä;1
1306;114/2016;2016_114_91;meillä;1
1306;114/2016;2016_114_91;ollut;1
1306;114/2016;2016_114_91;selitystä;1
1306;114/2016;2016_114_91;siihen;1
1306;114/2016;2016_114_91;asiaan;1
1306;114/2016;2016_114_91;tätä;2
1306;114/2016;2016_114_91;ihmetellään;2
1306;114/2016;2016_114_91;paitsi;1
1306;114/2016;2016_114_91;myöskin;1
1306;114/2016;2016_114_91;muualla;1
1306;114/2016;2016_114_91;eli;1
1306;114/2016;2016_114_91;jos;1
1306;114/2016;2016_114_91;miksi;1
1306;114/2016;2016_114_91;valituksia;1
1306;114/2016;2016_114_91;niin;3
1306;114/2016;2016_114_91;paljon;2
1306;114/2016;2016_114_91;ehkä;1
1306;114/2016;2016_114_91;olisi;2
1306;114/2016;2016_114_91;syytä;2
1306;114/2016;2016_114_91;katsoa;1
1306;114/2016;2016_114_91;koko;1
1306;114/2016;2016_114_91;päätösprosessia;1
1306;114/2016;2016_114_91;arvioidaanko;1
1306;114/2016;2016_114_91;asioita;1
1306;114/2016;2016_114_91;oikein;1
1306;114/2016;2016_114_91;vai;1
1306;114/2016;2016_114_91;onko;1
1306;114/2016;2016_114_91;kenties;1
1306;114/2016;2016_114_91;poliittista;1
1306;114/2016;2016_114_91;ohjausta;1
1306;114/2016;2016_114_91;hyvin;1
1306;114/2016;2016_114_91;suuren;1
1306;114/2016;2016_114_91;muutoksen;1
1306;114/2016;2016_114_91;takia;1
1306;114/2016;2016_114_91;vuodessa;1
1306;114/2016;2016_114_91;tippunut;1
1306;114/2016;2016_114_91;stä;1
1306;114/2016;2016_114_91;prosenttiin;1
1306;114/2016;2016_114_91;zyskowicz;1
1306;114/2016;2016_114_91;sanoi;1
1306;114/2016;2016_114_91;että;2
1306;114/2016;2016_114_91;kun;1
1306;114/2016;2016_114_91;valittaa;1
1306;114/2016;2016_114_91;voi;2
1306;114/2016;2016_114_91;mitään;1
1306;114/2016;2016_114_91;menettää;2
1306;114/2016;2016_114_91;tänään;1
1306;114/2016;2016_114_91;muun;1
1306;114/2016;2016_114_91;muassa;1
1306;114/2016;2016_114_91;olemme;1
1306;114/2016;2016_114_91;lukeneet;1
1306;114/2016;2016_114_91;lehdestä;1
1306;114/2016;2016_114_91;ellei;1
1306;114/2016;2016_114_91;valita;1
1306;114/2016;2016_114_91;vielä;1
1306;114/2016;2016_114_91;enemmän;1
1306;114/2016;2016_114_91;näistä;2
1306;114/2016;2016_114_91;huvikseen;1
1306;114/2016;2016_114_91;valiteta;1
1306;114/2016;2016_114_91;iso;1
1306;114/2016;2016_114_91;osa;1
1306;114/2016;2016_114_91;todellisen;1
1306;114/2016;2016_114_91;turvapaikan;1
1306;114/2016;2016_114_91;tarpeessa;1
1306;114/2016;2016_114_91;he;1
1306;114/2016;2016_114_91;tarvitsevat;1
1306;114/2016;2016_114_91;suojaa;1
1306;114/2016;2016_114_91;nähdä;1
1306;120/2016;2016_120_86;värderade;1
1306;120/2016;2016_120_86;talman;1
1306;120/2016;2016_120_86;pariisin;1
1306;120/2016;2016_120_86;ilmastosopimus;1
1306;120/2016;2016_120_86;velvoittaa;1
1306;120/2016;2016_120_86;kuten;1
1306;120/2016;2016_120_86;kaikki;2
1306;120/2016;2016_120_86;tiedämme;2
1306;120/2016;2016_120_86;ja;7
1306;120/2016;2016_120_86;nyt;2
1306;120/2016;2016_120_86;trumpin;1
1306;120/2016;2016_120_86;voiton;1
1306;120/2016;2016_120_86;jälkeen;1
1306;120/2016;2016_120_86;vielä;2
1306;120/2016;2016_120_86;enemmän;1
1306;120/2016;2016_120_86;kuin;2
1306;120/2016;2016_120_86;aikaisemmin;1
1306;120/2016;2016_120_86;valitettavan;1
1306;120/2016;2016_120_86;usein;1
1306;120/2016;2016_120_86;niukka;1
1306;120/2016;2016_120_86;näkemys;1
1306;120/2016;2016_120_86;omasta;1
1306;120/2016;2016_120_86;hyödystä;1
1306;120/2016;2016_120_86;ajaa;1
1306;120/2016;2016_120_86;yhteisvastuun;1
1306;120/2016;2016_120_86;yli;1
1306;120/2016;2016_120_86;tämä;3
1306;120/2016;2016_120_86;on;9
1306;120/2016;2016_120_86;kautta;1
1306;120/2016;2016_120_86;aikain;1
1306;120/2016;2016_120_86;ollut;2
1306;120/2016;2016_120_86;populististen;1
1306;120/2016;2016_120_86;liikkeiden;1
1306;120/2016;2016_120_86;elinvoiman;1
1306;120/2016;2016_120_86;lähde;1
1306;120/2016;2016_120_86;ajatus;1
1306;120/2016;2016_120_86;siitä;4
1306;120/2016;2016_120_86;että;7
1306;120/2016;2016_120_86;olemassa;1
1306;120/2016;2016_120_86;oma;1
1306;120/2016;2016_120_86;etu;1
1306;120/2016;2016_120_86;sitten;2
1306;120/2016;2016_120_86;se;6
1306;120/2016;2016_120_86;muu;1
1306;120/2016;2016_120_86;maailma;2
1306;120/2016;2016_120_86;josta;1
1306;120/2016;2016_120_86;ei;6
1306;120/2016;2016_120_86;niin;5
1306;120/2016;2016_120_86;tarvitse;1
1306;120/2016;2016_120_86;välittää;1
1306;120/2016;2016_120_86;no;2
1306;120/2016;2016_120_86;me;2
1306;120/2016;2016_120_86;näin;1
1306;120/2016;2016_120_86;ole;2
1306;120/2016;2016_120_86;yksikään;1
1306;120/2016;2016_120_86;valtio;1
1306;120/2016;2016_120_86;pysty;1
1306;120/2016;2016_120_86;rajoittamaan;1
1306;120/2016;2016_120_86;kantaansa;1
1306;120/2016;2016_120_86;koskemaan;1
1306;120/2016;2016_120_86;pelkästään;1
1306;120/2016;2016_120_86;omien;1
1306;120/2016;2016_120_86;rajojen;1
1306;120/2016;2016_120_86;sisäpuolista;1
1306;120/2016;2016_120_86;maailmaa;1
1306;120/2016;2016_120_86;jos;1
1306;120/2016;2016_120_86;erehtyy;1
1306;120/2016;2016_120_86;tekemään;1
1306;120/2016;2016_120_86;ampuu;1
1306;120/2016;2016_120_86;omaan;1
1306;120/2016;2016_120_86;nilkkaansa;1
1306;120/2016;2016_120_86;omassa;1
1306;120/2016;2016_120_86;taloudessamme;1
1306;120/2016;2016_120_86;ne;1
1306;120/2016;2016_120_86;harvat;1
1306;120/2016;2016_120_86;teollisuuden;1
1306;120/2016;2016_120_86;ilonlähteet;1
1306;120/2016;2016_120_86;ovat;1
1306;120/2016;2016_120_86;juuri;1
1306;120/2016;2016_120_86;lähteneet;1
1306;120/2016;2016_120_86;niistä;1
1306;120/2016;2016_120_86;teollisuudenaloista;1
1306;120/2016;2016_120_86;jotka;2
1306;120/2016;2016_120_86;näkevät;1
1306;120/2016;2016_120_86;yhteisen;1
1306;120/2016;2016_120_86;edun;1
1306;120/2016;2016_120_86;puhtaan;1
1306;120/2016;2016_120_86;ympäristön;1
1306;120/2016;2016_120_86;merkityksen;1
1306;120/2016;2016_120_86;toimintansa;1
1306;120/2016;2016_120_86;avaimena;1
1306;120/2016;2016_120_86;tähän;1
1306;120/2016;2016_120_86;pystyy;1
1306;120/2016;2016_120_86;varmaan;1
1306;120/2016;2016_120_86;edustaja;1
1306;120/2016;2016_120_86;strand;1
1306;120/2016;2016_120_86;sanomaan;1
1306;120/2016;2016_120_86;jotain;1
1306;120/2016;2016_120_86;lisää;1
1306;120/2016;2016_120_86;mutta;3
1306;120/2016;2016_120_86;takaisin;2
1306;120/2016;2016_120_86;pariisiin;1
1306;120/2016;2016_120_86;marrakechiin;1
1306;120/2016;2016_120_86;mekin;1
1306;120/2016;2016_120_86;voimme;1
1306;120/2016;2016_120_86;näiltä;1
1306;120/2016;2016_120_86;osin;1
1306;120/2016;2016_120_86;toimia;1
1306;120/2016;2016_120_86;paremmin;1
1306;120/2016;2016_120_86;viime;1
1306;120/2016;2016_120_86;vuoteen;1
1306;120/2016;2016_120_86;asti;1
1306;120/2016;2016_120_86;suomi;1
1306;120/2016;2016_120_86;oli;1
1306;120/2016;2016_120_86;ilmastorahoituksen;2
1306;120/2016;2016_120_86;mallimaa;1
1306;120/2016;2016_120_86;sovelsimme;1
1306;120/2016;2016_120_86;innovatiivista;1
1306;120/2016;2016_120_86;ajatusta;1
1306;120/2016;2016_120_86;päästökauppatulojen;1
1306;120/2016;2016_120_86;tulisi;3
1306;120/2016;2016_120_86;kohdentua;1
1306;120/2016;2016_120_86;päästölähteelle;1
1306;120/2016;2016_120_86;vaan;1
1306;120/2016;2016_120_86;päästöjen;1
1306;120/2016;2016_120_86;haittojen;1
1306;120/2016;2016_120_86;ehkäisemiseen;1
1306;120/2016;2016_120_86;korjaamiseen;1
1306;120/2016;2016_120_86;sehän;1
1306;120/2016;2016_120_86;kuulostaa;1
1306;120/2016;2016_120_86;itsestäänselvältä;1
1306;120/2016;2016_120_86;eikö;1
1306;120/2016;2016_120_86;vain;1
1306;120/2016;2016_120_86;eipä;1
1306;120/2016;2016_120_86;enää;1
1306;120/2016;2016_120_86;tiedostan;1
1306;120/2016;2016_120_86;mustavalkoinen;1
1306;120/2016;2016_120_86;huolimatta;1
1306;120/2016;2016_120_86;tämän;2
1306;120/2016;2016_120_86;periaatteen;1
1306;120/2016;2016_120_86;unohtaminen;1
1306;120/2016;2016_120_86;iso;2
1306;120/2016;2016_120_86;vahinko;1
1306;120/2016;2016_120_86;siksi;1
1306;120/2016;2016_120_86;ilo;1
1306;120/2016;2016_120_86;huomata;1
1306;120/2016;2016_120_86;hallituksen;1
1306;120/2016;2016_120_86;sisällä;1
1306;120/2016;2016_120_86;huomattu;1
1306;120/2016;2016_120_86;vähimmäisvaatimus;1
1306;120/2016;2016_120_86;minkä;2
1306;120/2016;2016_120_86;ministeri;1
1306;120/2016;2016_120_86;rehn;1
1306;120/2016;2016_120_86;tässä;1
1306;120/2016;2016_120_86;muutama;1
1306;120/2016;2016_120_86;viikko;1
1306;120/2016;2016_120_86;nosti;1
1306;120/2016;2016_120_86;esille;1
1306;120/2016;2016_120_86;toivottavasti;2
1306;120/2016;2016_120_86;muistaa;1
1306;120/2016;2016_120_86;nämä;1
1306;120/2016;2016_120_86;tulot;1
1306;120/2016;2016_120_86;ohjata;1
1306;120/2016;2016_120_86;päästöjä;1
1306;120/2016;2016_120_86;vähentäviin;1
1306;120/2016;2016_120_86;investointeihin;1
1306;120/2016;2016_120_86;mikä;1
1306;120/2016;2016_120_86;asian;1
1306;120/2016;2016_120_86;laita;1
1306;120/2016;2016_120_86;tällä;1
1306;120/2016;2016_120_86;hetkellä;1
1306;120/2016;2016_120_86;epäloogisuus;1
1306;120/2016;2016_120_86;pian;1
1306;120/2016;2016_120_86;korjaantuu;1
1306;120/2016;2016_120_86;isoon;1
1306;120/2016;2016_120_86;kuvaan;1
1306;120/2016;2016_120_86;miljardia;1
1306;120/2016;2016_120_86;ilmastorahoitusta;1
1306;120/2016;2016_120_86;vuositasolla;2
1306;120/2016;2016_120_86;onhan;1
1306;120/2016;2016_120_86;raha;1
1306;120/2016;2016_120_86;asetetaanpa;1
1306;120/2016;2016_120_86;hieman;1
1306;120/2016;2016_120_86;perspektiiviin;1
1306;120/2016;2016_120_86;fossiilisia;1
1306;120/2016;2016_120_86;polttoaineita;1
1306;120/2016;2016_120_86;tuetaan;1
1306;120/2016;2016_120_86;miljardilla;1
1306;120/2016;2016_120_86;globaalisti;1
1306;120/2016;2016_120_86;prosenttia;1
1306;120/2016;2016_120_86;tästä;1
1306;120/2016;2016_120_86;osuus;1
1306;120/2016;2016_120_86;eihän;1
1306;120/2016;2016_120_86;tunnu;1
1306;120/2016;2016_120_86;paljolta;1
1306;120/2016;2016_120_86;koostuu;1
1306;120/2016;2016_120_86;kuitenkin;1
1306;120/2016;2016_120_86;monista;1
1306;120/2016;2016_120_86;pienistä;1
1306;120/2016;2016_120_86;puroista;1
1306;120/2016;2016_120_86;pitäisi;1
1306;120/2016;2016_120_86;kerätä;1
1306;120/2016;2016_120_86;kasaan;1
1306;120/2016;2016_120_86;meilläkin;1
1306;120/2016;2016_120_86;niitä;1
1306;120/2016;2016_120_86;syntipukkeja;1
1306;120/2016;2016_120_86;löytyy;1
1306;120/2016;2016_120_86;etenkin;1
1306;120/2016;2016_120_86;ehkä;1
1306;120/2016;2016_120_86;turvetuotannon;1
1306;120/2016;2016_120_86;puolella;1
1306;120/2016;2016_120_86;mikäli;1
1306;120/2016;2016_120_86;olemme;1
1306;120/2016;2016_120_86;tosissamme;1
1306;120/2016;2016_120_86;ilmastotavoitteissamme;1
1306;120/2016;2016_120_86;puhemies;2
1306;120/2016;2016_120_86;koputtaa;1
1306;120/2016;2016_120_86;turvetuotantoa;1
1306;120/2016;2016_120_86;verovaroin;1
1306;120/2016;2016_120_86;tukea;1
1306;120/2016;2016_120_86;teemme;1
1306;120/2016;2016_120_86;kysynkin;1
1306;120/2016;2016_120_86;ministeriltä;1
1306;120/2016;2016_120_86;miten;1
1306;120/2016;2016_120_86;aiotte;1
1306;120/2016;2016_120_86;varmistua;1
1306;120/2016;2016_120_86;saamme;1
1306;120/2016;2016_120_86;nostettua;1
1306;120/2016;2016_120_86;paitsi;1
1306;120/2016;2016_120_86;kokonaisrahoitusta;1
1306;120/2016;2016_120_86;myös;1
1306;120/2016;2016_120_86;ilmastosopeutukseen;1
1306;120/2016;2016_120_86;aika;1
1306;120/2016;2016_120_86;täynnä;1
1306;120/2016;2016_120_86;tähtäävien;1
1306;120/2016;2016_120_86;toimien;1
1306;120/2016;2016_120_86;rahoitusosuutta;1
1306;120/2016;2016_120_86;onko;1
1306;120/2016;2016_120_86;meidän;1
1306;120/2016;2016_120_86;kotimainen;1
1306;120/2016;2016_120_86;ilmastotyömme;1
1306;120/2016;2016_120_86;kestävällä;1
1306;120/2016;2016_120_86;pohjalla;1
1306;120/2016;2016_120_121;värderade;1
1306;120/2016;2016_120_121;talman;1
1306;120/2016;2016_120_121;tässä;2
1306;120/2016;2016_120_121;globaalissa;1
1306;120/2016;2016_120_121;maailmassa;1
1306;120/2016;2016_120_121;yritykset;1
1306;120/2016;2016_120_121;ovat;3
1306;120/2016;2016_120_121;isossa;1
1306;120/2016;2016_120_121;ja;5
1306;120/2016;2016_120_121;tärkeässä;1
1306;120/2016;2016_120_121;asemassa;1
1306;120/2016;2016_120_121;silloin;1
1306;120/2016;2016_120_121;on;3
1306;120/2016;2016_120_121;tärkeätä;1
1306;120/2016;2016_120_121;että;3
1306;120/2016;2016_120_121;pelisäännöt;1
1306;120/2016;2016_120_121;yhdenmukaiset;1
1306;120/2016;2016_120_121;pelataan;1
1306;120/2016;2016_120_121;avoimilla;1
1306;120/2016;2016_120_121;korteilla;1
1306;120/2016;2016_120_121;samoilla;1
1306;120/2016;2016_120_121;pelisäännöillä;1
1306;120/2016;2016_120_121;komissio;1
1306;120/2016;2016_120_121;valmistelee;1
1306;120/2016;2016_120_121;pakettia;1
1306;120/2016;2016_120_121;joka;1
1306;120/2016;2016_120_121;koskettaa;1
1306;120/2016;2016_120_121;maakohtaista;1
1306;120/2016;2016_120_121;raportointia;1
1306;120/2016;2016_120_121;käsitykseni;2
1306;120/2016;2016_120_121;mukaan;2
1306;120/2016;2016_120_121;siellä;1
1306;120/2016;2016_120_121;ollaan;2
1306;120/2016;2016_120_121;nyt;2
1306;120/2016;2016_120_121;euroopan;1
1306;120/2016;2016_120_121;ulkopuoliselta;1
1306;120/2016;2016_120_121;osuudelta;1
1306;120/2016;2016_120_121;rajaamassa;1
1306;120/2016;2016_120_121;pois;1
1306;120/2016;2016_120_121;maat;1
1306;120/2016;2016_120_121;joita;1
1306;120/2016;2016_120_121;ei;1
1306;120/2016;2016_120_121;luokitella;1
1306;120/2016;2016_120_121;veroparatiiseiksi;1
1306;120/2016;2016_120_121;suomi;1
1306;120/2016;2016_120_121;ollut;2
1306;120/2016;2016_120_121;komission;1
1306;120/2016;2016_120_121;kannalla;1
1306;120/2016;2016_120_121;asiassa;1
1306;120/2016;2016_120_121;siinä;2
1306;120/2016;2016_120_121;missä;1
1306;120/2016;2016_120_121;hollanti;1
1306;120/2016;2016_120_121;haluaisi;1
1306;120/2016;2016_120_121;kaikki;1
1306;120/2016;2016_120_121;ulkopuoliset;1
1306;120/2016;2016_120_121;olisivat;1
1306;120/2016;2016_120_121;tämän;2
1306;120/2016;2016_120_121;maakohtaisen;1
1306;120/2016;2016_120_121;raportoinnin;1
1306;120/2016;2016_120_121;piirissä;1
1306;120/2016;2016_120_121;onko;1
1306;120/2016;2016_120_121;teillä;1
1306;120/2016;2016_120_121;näkemyksiä;1
1306;120/2016;2016_120_121;tästä;1
1306;120/2016;2016_120_121;ajatuksia;1
1306;120/2016;2016_120_121;suomen;2
1306;120/2016;2016_120_121;kannan;1
1306;120/2016;2016_120_121;perusteluista;1
1306;120/2016;2016_120_121;palaisin;1
1306;120/2016;2016_120_121;tähän;2
1306;120/2016;2016_120_121;ilmastokysymykseen;1
1306;120/2016;2016_120_121;ilmastorahoituksen;1
1306;120/2016;2016_120_121;osalta;2
1306;120/2016;2016_120_121;yk;1
1306;120/2016;2016_120_121;huolissaan;1
1306;120/2016;2016_120_121;siitä;2
1306;120/2016;2016_120_121;sopeutumiseen;1
1306;120/2016;2016_120_121;tähtäävät;1
1306;120/2016;2016_120_121;rahat;1
1306;120/2016;2016_120_121;hyvin;1
1306;120/2016;2016_120_121;pienessä;1
1306;120/2016;2016_120_121;osassa;1
1306;120/2016;2016_120_121;vaikka;1
1306;120/2016;2016_120_121;niitten;1
1306;120/2016;2016_120_121;pitäisi;1
1306;120/2016;2016_120_121;edustaa;1
1306;120/2016;2016_120_121;noin;1
1306;120/2016;2016_120_121;puolta;1
1306;120/2016;2016_120_121;kokonaisrahoituksesta;1
1306;120/2016;2016_120_121;tämä;1
1306;120/2016;2016_120_121;liittyy;1
1306;120/2016;2016_120_121;esimerkiksi;2
1306;120/2016;2016_120_121;siihen;1
1306;120/2016;2016_120_121;ilmastopakolaisuuteen;1
1306;120/2016;2016_120_121;jota;1
1306;120/2016;2016_120_121;edustaja;2
1306;120/2016;2016_120_121;hassi;1
1306;120/2016;2016_120_121;nosti;2
1306;120/2016;2016_120_121;esille;2
1306;120/2016;2016_120_121;miten;2
1306;120/2016;2016_120_121;näette;2
1306;120/2016;2016_120_121;millä;1
1306;120/2016;2016_120_121;keinoin;1
1306;120/2016;2016_120_121;saisimme;1
1306;120/2016;2016_120_121;nostettua;1
1306;120/2016;2016_120_121;tätä;1
1306;120/2016;2016_120_121;osuutta;1
1306;120/2016;2016_120_121;finnfundin;1
1306;120/2016;2016_120_121;aseman;1
1306;120/2016;2016_120_121;kokonaisuudessa;1
1306;120/2016;2016_120_121;ne;1
1306;120/2016;2016_120_121;hankkeethan;1
1306;120/2016;2016_120_121;helposti;1
1306;120/2016;2016_120_121;suuntautuvat;1
1306;120/2016;2016_120_121;nimenomaan;1
1306;120/2016;2016_120_121;muihin;1
1306;120/2016;2016_120_121;kuin;1
1306;120/2016;2016_120_121;näihin;1
1306;120/2016;2016_120_121;ilmastosopeutumistoimenpiteisiin;1
1306;120/2016;2016_120_121;meri;1
1306;120/2016;2016_120_121;tuulivoimakysymyksen;1
1306;120/2016;2016_120_121;kun;1
1306;120/2016;2016_120_121;sitä;2
1306;120/2016;2016_120_121;tutkimassa;1
1306;120/2016;2016_120_121;hallituksen;1
1306;120/2016;2016_120_121;sisällä;1
1306;120/2016;2016_120_121;niin;1
1306;120/2016;2016_120_121;tullaanko;1
1306;120/2016;2016_120_121;pohjaamaan;1
1306;120/2016;2016_120_121;olemassa;1
1306;120/2016;2016_120_121;oleviin;1
1306;120/2016;2016_120_121;tieteellisiin;1
1306;120/2016;2016_120_121;tutkimuksiin;1
1306;120/2016;2016_120_121;joidenka;1
1306;120/2016;2016_120_121;lopputulos;1
1306;120/2016;2016_120_121;lienee;1
1306;120/2016;2016_120_121;aika;1
1306;120/2016;2016_120_121;selvä;1
1306;120/2016;2016_120_121;vai;1
1306;120/2016;2016_120_121;tilataanko;1
1306;120/2016;2016_120_121;uusia;1
1306;120/2016;2016_120_121;tieteellisiä;1
1306;120/2016;2016_120_121;tutkimuksia;1
1306;120/2016;2016_120_121;joissa;1
1306;120/2016;2016_120_121;perehdytään;1
1306;120/2016;2016_120_121;asiaan;1
1306;120/2016;2016_120_121;syvemmin;1
1306;120/2016;2016_120_121;kiitos;1
1306;122/2016;2016_122_49;värderade;1
1306;122/2016;2016_122_49;talman;1
1306;122/2016;2016_122_49;vaikka;2
1306;122/2016;2016_122_49;miten;1
1306;122/2016;2016_122_49;yrittäisin;1
1306;122/2016;2016_122_49;vastustaa;1
1306;122/2016;2016_122_49;tätä;1
1306;122/2016;2016_122_49;polttoaineiden;1
1306;122/2016;2016_122_49;verojen;1
1306;122/2016;2016_122_49;nostoa;1
1306;122/2016;2016_122_49;niin;2
1306;122/2016;2016_122_49;koen;1
1306;122/2016;2016_122_49;että;1
1306;122/2016;2016_122_49;en;1
1306;122/2016;2016_122_49;sitä;3
1306;122/2016;2016_122_49;pysty;1
1306;122/2016;2016_122_49;tekemään;1
1306;122/2016;2016_122_49;ihan;1
1306;122/2016;2016_122_49;viitaten;1
1306;122/2016;2016_122_49;meidän;1
1306;122/2016;2016_122_49;varjobudjettiin;1
1306;122/2016;2016_122_49;mutta;2
1306;122/2016;2016_122_49;jatkaisin;1
1306;122/2016;2016_122_49;keskustelua;1
1306;122/2016;2016_122_49;jonka;1
1306;122/2016;2016_122_49;edustaja;1
1306;122/2016;2016_122_49;pakkanen;1
1306;122/2016;2016_122_49;aloitti;1
1306;122/2016;2016_122_49;näistä;1
1306;122/2016;2016_122_49;puupohjaisista;1
1306;122/2016;2016_122_49;polttoaineista;1
1306;122/2016;2016_122_49;se;2
1306;122/2016;2016_122_49;on;2
1306;122/2016;2016_122_49;varmaan;1
1306;122/2016;2016_122_49;osa;1
1306;122/2016;2016_122_49;ratkaisua;1
1306;122/2016;2016_122_49;sillä;1
1306;122/2016;2016_122_49;ei;2
1306;122/2016;2016_122_49;millään;2
1306;122/2016;2016_122_49;muotoa;1
1306;122/2016;2016_122_49;pystytä;1
1306;122/2016;2016_122_49;ratkaisemaan;1
1306;122/2016;2016_122_49;koko;1
1306;122/2016;2016_122_49;kuvaa;1
1306;122/2016;2016_122_49;siitä;1
1306;122/2016;2016_122_49;tule;1
1306;122/2016;2016_122_49;volyymituotetta;1
1306;122/2016;2016_122_49;vaan;1
1306;122/2016;2016_122_49;ehkä;1
1306;122/2016;2016_122_49;raskaan;1
1306;122/2016;2016_122_49;liikenteen;1
1306;122/2016;2016_122_49;ratkaisu;1
1306;122/2016;2016_122_49;kuin;2
1306;122/2016;2016_122_49;hallituksen;1
1306;122/2016;2016_122_49;energia;1
1306;122/2016;2016_122_49;ja;2
1306;122/2016;2016_122_49;ilmastostrategiakin;1
1306;122/2016;2016_122_49;sen;1
1306;122/2016;2016_122_49;asian;1
1306;122/2016;2016_122_49;määrittelee;1
1306;122/2016;2016_122_49;mieluummin;1
1306;122/2016;2016_122_49;tehdä;1
1306;122/2016;2016_122_49;heikolla;1
1306;122/2016;2016_122_49;hyötysuhteella;1
1306;122/2016;2016_122_49;puusta;1
1306;122/2016;2016_122_49;polttoainetta;1
1306;122/2016;2016_122_49;heikon;1
1306;122/2016;2016_122_49;hyötysuhteen;1
1306;122/2016;2016_122_49;moottoreihin;1
1306;122/2016;2016_122_49;kannattaa;1
1306;122/2016;2016_122_49;panostaa;1
1306;122/2016;2016_122_49;puhtaan;1
1306;122/2016;2016_122_49;sähkön;1
1306;122/2016;2016_122_49;tuotantotapojen;1
1306;122/2016;2016_122_49;kehittämiseen;1
1306;122/2016;2016_122_49;sähköautoiluun;1
1306;122/2016;2016_122_82;värderade;1
1306;122/2016;2016_122_82;talman;1
1306;122/2016;2016_122_82;ensin;1
1306;122/2016;2016_122_82;pitää;3
1306;122/2016;2016_122_82;kiittää;1
1306;122/2016;2016_122_82;edustaja;2
1306;122/2016;2016_122_82;filatovia;1
1306;122/2016;2016_122_82;erinomaisesta;1
1306;122/2016;2016_122_82;puheenvuorosta;1
1306;122/2016;2016_122_82;onhan;1
1306;122/2016;2016_122_82;tämä;9
1306;122/2016;2016_122_82;lähtökohtaisesti;1
1306;122/2016;2016_122_82;hyvä;2
1306;122/2016;2016_122_82;asia;1
1306;122/2016;2016_122_82;eihän;2
1306;122/2016;2016_122_82;kukaan;2
1306;122/2016;2016_122_82;voi;2
1306;122/2016;2016_122_82;vastustaa;1
1306;122/2016;2016_122_82;sitä;3
1306;122/2016;2016_122_82;että;3
1306;122/2016;2016_122_82;annetaan;1
1306;122/2016;2016_122_82;euron;1
1306;122/2016;2016_122_82;kertakorvaus;1
1306;122/2016;2016_122_82;äidin;1
1306;122/2016;2016_122_82;työnantajalle;1
1306;122/2016;2016_122_82;mutta;3
1306;122/2016;2016_122_82;onko;1
1306;122/2016;2016_122_82;rakenteellisesti;1
1306;122/2016;2016_122_82;järkevää;1
1306;122/2016;2016_122_82;ei;1
1306;122/2016;2016_122_82;taida;1
1306;122/2016;2016_122_82;olla;1
1306;122/2016;2016_122_82;mieltä;1
1306;122/2016;2016_122_82;noin;1
1306;122/2016;2016_122_82;aikuisten;1
1306;122/2016;2016_122_82;oikeesti;1
1306;122/2016;2016_122_82;on;12
1306;122/2016;2016_122_82;laastari;2
1306;122/2016;2016_122_82;jolla;1
1306;122/2016;2016_122_82;korjataan;1
1306;122/2016;2016_122_82;tiettyä;1
1306;122/2016;2016_122_82;ongelmaa;1
1306;122/2016;2016_122_82;vie;1
1306;122/2016;2016_122_82;meitä;1
1306;122/2016;2016_122_82;eteenpäin;1
1306;122/2016;2016_122_82;millään;1
1306;122/2016;2016_122_82;tavalla;1
1306;122/2016;2016_122_82;jäykkä;1
1306;122/2016;2016_122_82;järjestelmä;1
1306;122/2016;2016_122_82;joka;4
1306;122/2016;2016_122_82;betonoi;1
1306;122/2016;2016_122_82;nykyiset;1
1306;122/2016;2016_122_82;rakenteet;1
1306;122/2016;2016_122_82;ihan;1
1306;122/2016;2016_122_82;niin;4
1306;122/2016;2016_122_82;kuin;1
1306;122/2016;2016_122_82;tuppurainenkin;1
1306;122/2016;2016_122_82;tuossa;1
1306;122/2016;2016_122_82;totesi;1
1306;122/2016;2016_122_82;eli;2
1306;122/2016;2016_122_82;jos;3
1306;122/2016;2016_122_82;me;1
1306;122/2016;2016_122_82;haluamme;1
1306;122/2016;2016_122_82;tehdä;1
1306;122/2016;2016_122_82;tälle;1
1306;122/2016;2016_122_82;jotain;1
1306;122/2016;2016_122_82;pitkällä;1
1306;122/2016;2016_122_82;aikavälillä;1
1306;122/2016;2016_122_82;meidän;1
1306;122/2016;2016_122_82;nimenomaan;1
1306;122/2016;2016_122_82;uudistaa;1
1306;122/2016;2016_122_82;perhevapaat;1
1306;122/2016;2016_122_82;tasata;1
1306;122/2016;2016_122_82;vanhemmuuden;1
1306;122/2016;2016_122_82;roolit;3
1306;122/2016;2016_122_82;ja;3
1306;122/2016;2016_122_82;se;2
1306;122/2016;2016_122_82;tarkoittaa;1
1306;122/2016;2016_122_82;jonkinlaista;1
1306;122/2016;2016_122_82;kiintiöjärjestelmää;1
1306;122/2016;2016_122_82;koska;1
1306;122/2016;2016_122_82;vanhempien;2
1306;122/2016;2016_122_82;jakautuvat;1
1306;122/2016;2016_122_82;tasaisemmin;3
1306;122/2016;2016_122_82;naisten;1
1306;122/2016;2016_122_82;asema;3
1306;122/2016;2016_122_82;paranee;5
1306;122/2016;2016_122_82;työmarkkinoilla;1
1306;122/2016;2016_122_82;heidän;1
1306;122/2016;2016_122_82;palkkakehityksensä;1
1306;122/2016;2016_122_82;urakehityksensä;1
1306;122/2016;2016_122_82;ovat;2
1306;122/2016;2016_122_82;tasaisemmat;1
1306;122/2016;2016_122_82;kotihoidon;1
1306;122/2016;2016_122_82;tuki;1
1306;122/2016;2016_122_82;jakautuu;1
1306;122/2016;2016_122_82;varmaan;1
1306;122/2016;2016_122_82;isä;1
1306;122/2016;2016_122_82;useammin;1
1306;122/2016;2016_122_82;kotona;1
1306;122/2016;2016_122_82;silloin;1
1306;122/2016;2016_122_82;kun;1
1306;122/2016;2016_122_82;lapsi;1
1306;122/2016;2016_122_82;sairas;1
1306;122/2016;2016_122_82;jolloin;1
1306;122/2016;2016_122_82;naisvaltaisten;1
1306;122/2016;2016_122_82;yrittäjien;1
1306;122/2016;2016_122_82;tutkittu;2
1306;122/2016;2016_122_82;myöskin;2
1306;122/2016;2016_122_82;miesten;1
1306;122/2016;2016_122_82;avioeroissa;1
1306;122/2016;2016_122_82;mikäli;1
1306;122/2016;2016_122_82;he;1
1306;122/2016;2016_122_82;käyttäneet;1
1306;122/2016;2016_122_82;vanhempainvapaata;1
1306;122/2016;2016_122_82;katsotaan;1
1306;122/2016;2016_122_82;eduksi;1
1306;122/2016;2016_122_82;jostain;1
1306;122/2016;2016_122_82;syystä;1
1306;122/2016;2016_122_82;kiistaton;1
1306;122/2016;2016_122_82;fakta;1
1306;122/2016;2016_122_82;toivottavasti;2
1306;122/2016;2016_122_82;vain;1
1306;122/2016;2016_122_82;välivaihe;1
1306;122/2016;2016_122_82;hallitus;2
1306;122/2016;2016_122_82;nyt;1
1306;122/2016;2016_122_82;etenee;1
1306;122/2016;2016_122_82;vanhempainuudistuksen;1
1306;122/2016;2016_122_82;tiellä;1
1306;122/2016;2016_122_82;niitä;1
1306;122/2016;2016_122_82;mallejahan;1
1306;122/2016;2016_122_82;monta;1
1306;122/2016;2016_122_82;löytyy;1
1306;122/2016;2016_122_82;meidänkin;1
1306;122/2016;2016_122_82;varjobudjetista;1
1306;122/2016;2016_122_82;sieltä;1
1306;122/2016;2016_122_82;löytyvät;1
1306;122/2016;2016_122_82;kaikki;1
1306;122/2016;2016_122_82;tarvittavat;1
1306;122/2016;2016_122_82;numerot;1
1306;122/2016;2016_122_82;hallituksen;1
1306;122/2016;2016_122_82;tueksi;1
1306;122/2016;2016_122_82;sakn;1
1306;122/2016;2016_122_82;malli;1
1306;122/2016;2016_122_82;minun;1
1306;122/2016;2016_122_82;mielestäni;1
1306;122/2016;2016_122_82;varsin;1
1306;122/2016;2016_122_82;kustannusneutraali;1
1306;122/2016;2016_122_82;siitä;1
1306;122/2016;2016_122_82;vapaasti;1
1306;122/2016;2016_122_82;valita;1
1306;122/2016;2016_122_124;värderade;1
1306;122/2016;2016_122_124;talman;1
1306;122/2016;2016_122_124;energiamuotokertoimet;1
1306;122/2016;2016_122_124;ohjaavat;2
1306;122/2016;2016_122_124;voimakkaasti;1
1306;122/2016;2016_122_124;rakentamista;1
1306;122/2016;2016_122_124;tilanteessa;1
1306;122/2016;2016_122_124;jossa;1
1306;122/2016;2016_122_124;energiantuotantojärjestelmä;1
1306;122/2016;2016_122_124;on;9
1306;122/2016;2016_122_124;voimakkaassa;1
1306;122/2016;2016_122_124;murroksessa;1
1306;122/2016;2016_122_124;tulee;3
1306;122/2016;2016_122_124;olla;3
1306;122/2016;2016_122_124;varovainen;1
1306;122/2016;2016_122_124;sovellettaessa;1
1306;122/2016;2016_122_124;kertoimia;1
1306;122/2016;2016_122_124;joiden;3
1306;122/2016;2016_122_124;keskinäinen;1
1306;122/2016;2016_122_124;ero;1
1306;122/2016;2016_122_124;suuri;1
1306;122/2016;2016_122_124;nyt;1
1306;122/2016;2016_122_124;esitetyt;1
1306;122/2016;2016_122_124;kertoimet;1
1306;122/2016;2016_122_124;eivät;1
1306;122/2016;2016_122_124;kuvaa;1
1306;122/2016;2016_122_124;tämänhetkistä;1
1306;122/2016;2016_122_124;päästötilannetta;1
1306;122/2016;2016_122_124;ja;4
1306;122/2016;2016_122_124;ne;1
1306;122/2016;2016_122_124;teknisiin;1
1306;122/2016;2016_122_124;järjestelmiin;1
1306;122/2016;2016_122_124;jotka;1
1306;122/2016;2016_122_124;vaikeuttavat;1
1306;122/2016;2016_122_124;muun;2
1306;122/2016;2016_122_124;muassa;2
1306;122/2016;2016_122_124;älyratkaisujen;2
1306;122/2016;2016_122_124;käyttöönottoa;1
1306;122/2016;2016_122_124;tulevaisuudessa;1
1306;122/2016;2016_122_124;kun;3
1306;122/2016;2016_122_124;rakennamme;1
1306;122/2016;2016_122_124;ksi;1
1306;122/2016;2016_122_124;toivottavasti;1
1306;122/2016;2016_122_124;vuodeksi;1
1306;122/2016;2016_122_124;ohjaavaa;1
1306;122/2016;2016_122_124;ei;4
1306;122/2016;2016_122_124;tulisi;5
1306;122/2016;2016_122_124;vuoden;1
1306;122/2016;2016_122_124;takainen;1
1306;122/2016;2016_122_124;käsitys;1
1306;122/2016;2016_122_124;energialähteen;1
1306;122/2016;2016_122_124;päästöistä;1
1306;122/2016;2016_122_124;myös;1
1306;122/2016;2016_122_124;syytä;1
1306;122/2016;2016_122_124;huomata;1
1306;122/2016;2016_122_124;että;3
1306;122/2016;2016_122_124;esimerkiksi;1
1306;122/2016;2016_122_124;vesi;1
1306;122/2016;2016_122_124;tai;1
1306;122/2016;2016_122_124;tuulivoimalla;1
1306;122/2016;2016_122_124;lämmitetyn;1
1306;122/2016;2016_122_124;talon;1
1306;122/2016;2016_122_124;näiden;1
1306;122/2016;2016_122_124;kertoimien;1
1306;122/2016;2016_122_124;mukaan;2
1306;122/2016;2016_122_124;kertaa;1
1306;122/2016;2016_122_124;niin;1
1306;122/2016;2016_122_124;energiatehokas;1
1306;122/2016;2016_122_124;kuin;1
1306;122/2016;2016_122_124;hiilellä;1
1306;122/2016;2016_122_124;lämmitettävän;1
1306;122/2016;2016_122_124;se;4
1306;122/2016;2016_122_124;liene;1
1306;122/2016;2016_122_124;tarkoituksenmukaista;4
1306;122/2016;2016_122_124;tulevan;1
1306;122/2016;2016_122_124;kehityksen;1
1306;122/2016;2016_122_124;näkökulmasta;1
1306;122/2016;2016_122_124;olisi;1
1306;122/2016;2016_122_124;pienentää;2
1306;122/2016;2016_122_124;energiamuotokertoimien;1
1306;122/2016;2016_122_124;keskinäisiä;2
1306;122/2016;2016_122_124;eroja;2
1306;122/2016;2016_122_124;suomalaisen;2
1306;122/2016;2016_122_124;lainsäädännön;2
1306;122/2016;2016_122_124;silloin;2
1306;122/2016;2016_122_124;tulkita;2
1306;122/2016;2016_122_124;eu-direktiivejä;2
1306;122/2016;2016_122_124;mahdollisimman;2
1306;122/2016;2016_122_124;väljästi;2
1306;122/2016;2016_122_124;lakiesityksessä;3
1306;122/2016;2016_122_124;näin;1
1306;122/2016;2016_122_124;toimita;1
1306;122/2016;2016_122_124;lähes;1
1306;122/2016;2016_122_124;nollarakentamista;1
1306;122/2016;2016_122_124;ohjaavassa;1
1306;122/2016;2016_122_124;direktiivissä;1
1306;122/2016;2016_122_124;rajataan;1
1306;122/2016;2016_122_124;vaatimuksista;1
1306;122/2016;2016_122_124;pois;1
1306;122/2016;2016_122_124;rakennukset;1
1306;122/2016;2016_122_124;lämmitettävä;1
1306;122/2016;2016_122_124;hyötyala;1
1306;122/2016;2016_122_124;alle;1
1306;122/2016;2016_122_124;neliötä;1
1306;122/2016;2016_122_124;tässä;1
1306;122/2016;2016_122_124;sovelletaan;1
1306;122/2016;2016_122_124;kerrosneliömetrin;1
1306;122/2016;2016_122_124;rajaa;1
1306;122/2016;2016_122_124;tämä;1
1306;122/2016;2016_122_124;eroavaisuus;1
1306;122/2016;2016_122_124;korjata;1
1306;122/2016;2016_122_124;nykyinen;1
1306;122/2016;2016_122_124;tulkinta;1
1306;122/2016;2016_122_124;tekee;1
1306;122/2016;2016_122_124;nimittäin;1
1306;122/2016;2016_122_124;tietyntyyppiset;1
1306;122/2016;2016_122_124;ekorakentamisen;1
1306;122/2016;2016_122_124;ratkaisumallit;1
1306;122/2016;2016_122_124;mahdottomaksi;1
1306;122/2016;2016_122_124;esitetty;1
1306;122/2016;2016_122_124;energiatehokkuusvaatimusten;2
1306;122/2016;2016_122_124;täyttymisen;2
1306;122/2016;2016_122_124;toteamiseksi;1
1306;122/2016;2016_122_124;vaihtoehtoinen;2
1306;122/2016;2016_122_124;menettely;1
1306;122/2016;2016_122_124;joka;1
1306;122/2016;2016_122_124;perustuu;1
1306;122/2016;2016_122_124;rakenteelliseen;1
1306;122/2016;2016_122_124;energiatehokkuuteen;1
1306;122/2016;2016_122_124;edellyttää;3
1306;122/2016;2016_122_124;merkittäviä;1
1306;122/2016;2016_122_124;tiukennuksia;1
1306;122/2016;2016_122_124;u-arvoihin;1
1306;122/2016;2016_122_124;korkeaa;1
1306;122/2016;2016_122_124;hyötysuhdetta;1
1306;122/2016;2016_122_124;lämmöntalteenottokoneistolta;1
1306;122/2016;2016_122_124;u-arvojen;1
1306;122/2016;2016_122_124;tiukentamisen;1
1306;122/2016;2016_122_124;tampereen;1
1306;122/2016;2016_122_124;teknillisen;1
1306;122/2016;2016_122_124;yliopiston;1
1306;122/2016;2016_122_124;tutkimusten;1
1306;122/2016;2016_122_124;todettu;2
1306;122/2016;2016_122_124;lisäävän;2
1306;122/2016;2016_122_124;kosteusriskejä;1
1306;122/2016;2016_122_124;lämmöntalteenottokoneiston;1
1306;122/2016;2016_122_124;hyötysuhteen;1
1306;122/2016;2016_122_124;nostaminen;1
1306;122/2016;2016_122_124;vie;1
1306;122/2016;2016_122_124;puolestaan;1
1306;122/2016;2016_122_124;kohti;1
1306;122/2016;2016_122_124;teknisiä;1
1306;122/2016;2016_122_124;ratkaisuja;1
1306;122/2016;2016_122_124;kosteusrasitusta;1
1306;122/2016;2016_122_124;sisäilmassa;1
1306;122/2016;2016_122_124;tätä;1
1306;122/2016;2016_122_124;vaihtoehtoista;1
1306;122/2016;2016_122_124;menettelyä;1
1306;122/2016;2016_122_124;ottaa;3
1306;122/2016;2016_122_124;käyttöön;1
1306;122/2016;2016_122_124;ilman;1
1306;122/2016;2016_122_124;tarkempia;2
1306;122/2016;2016_122_124;tutkimuksia;2
1306;122/2016;2016_122_124;valtioneuvoston;1
1306;122/2016;2016_122_124;nämä;1
1306;122/2016;2016_122_124;näkökulmat;1
1306;122/2016;2016_122_124;huomioon;2
1306;122/2016;2016_122_124;edellä;1
1306;122/2016;2016_122_124;olevan;1
1306;122/2016;2016_122_124;perusteella;1
1306;122/2016;2016_122_124;ehdotan;1
1306;122/2016;2016_122_124;hyväksytään;1
1306;122/2016;2016_122_124;seuraava;1
1306;122/2016;2016_122_124;lausuma;1
1306;122/2016;2016_122_124;eduskunta;1
1306;122/2016;2016_122_124;valtioneuvosto;1
1306;122/2016;2016_122_124;energiakertoimia;1
1306;122/2016;2016_122_124;vahvasti;1
1306;122/2016;2016_122_124;ohjaavan;1
1306;122/2016;2016_122_124;vaikutuksen;1
1306;122/2016;2016_122_124;tähän;1
1306;122/2016;2016_122_124;liittyvät;1
1306;122/2016;2016_122_124;ongelmat;1
1306;122/2016;2016_122_124;niiden;1
1306;122/2016;2016_122_124;käyttöönoton;1
1306;122/2016;2016_122_124;helpottamiseksi;1
1306;122/2016;2016_122_124;lisäksi;1
1306;122/2016;2016_122_124;lakiesityksen;1
1306;122/2016;2016_122_124;sallima;1
1306;122/2016;2016_122_124;toteamistapa;1
1306;123/2016;2016_123_114;värderade;2
1306;123/2016;2016_123_114;talman;2
1306;123/2016;2016_123_114;arvoisa;1
1306;123/2016;2016_123_114;puhemies;1
1306;123/2016;2016_123_114;det;2
1306;123/2016;2016_123_114;råder;1
1306;123/2016;2016_123_114;ingen;1
1306;123/2016;2016_123_114;brist;1
1306;123/2016;2016_123_114;på;2
1306;123/2016;2016_123_114;strategipapper;1
1306;123/2016;2016_123_114;somliga;2
1306;123/2016;2016_123_114;tas;1
1306;123/2016;2016_123_114;beaktande;1
1306;123/2016;2016_123_114;andra;2
1306;123/2016;2016_123_114;läggs;1
1306;123/2016;2016_123_114;längst;1
1306;123/2016;2016_123_114;ner;1
1306;123/2016;2016_123_114;hyllan;1
1306;123/2016;2016_123_114;för;1
1306;123/2016;2016_123_114;att;1
1306;123/2016;2016_123_114;samla;1
1306;123/2016;2016_123_114;damm;1
1306;123/2016;2016_123_114;är;3
1306;123/2016;2016_123_114;viktiga;1
1306;123/2016;2016_123_114;försumbara;1
1306;123/2016;2016_123_114;denna;1
1306;123/2016;2016_123_114;strategi;1
1306;123/2016;2016_123_114;hör;1
1306;123/2016;2016_123_114;till;1
1306;123/2016;2016_123_114;den;1
1306;123/2016;2016_123_114;förra;1
1306;123/2016;2016_123_114;kategorin;1
1306;123/2016;2016_123_114;klimat;1
1306;123/2016;2016_123_114;och;2
1306;123/2016;2016_123_114;energi;1
1306;123/2016;2016_123_114;om;1
1306;123/2016;2016_123_114;något;1
1306;123/2016;2016_123_114;av;1
1306;123/2016;2016_123_114;helt;1
1306;123/2016;2016_123_114;avgörande;1
1306;123/2016;2016_123_114;betydelse;1
1306;123/2016;2016_123_114;när;1
1306;123/2016;2016_123_114;vi;2
1306;123/2016;2016_123_114;diskuterar;1
1306;123/2016;2016_123_114;framtidens;1
1306;123/2016;2016_123_114;utmaningar;1
1306;123/2016;2016_123_114;här;1
1306;123/2016;2016_123_114;ett;1
1306;123/2016;2016_123_114;dokument;1
1306;123/2016;2016_123_114;som;1
1306;123/2016;2016_123_114;stort;1
1306;123/2016;2016_123_114;sett;1
1306;123/2016;2016_123_114;kan;1
1306;123/2016;2016_123_114;vara;1
1306;123/2016;2016_123_114;nöjda;1
1306;123/2016;2016_123_114;med;1
1306;129/2016;2016_129_73;värderade;1
1306;129/2016;2016_129_73;talman;1
1306;129/2016;2016_129_73;hallitusta;1
1306;129/2016;2016_129_73;pitää;1
1306;129/2016;2016_129_73;toki;3
1306;129/2016;2016_129_73;kiittää;1
1306;129/2016;2016_129_73;silloin;1
1306;129/2016;2016_129_73;kun;2
1306;129/2016;2016_129_73;siihen;2
1306;129/2016;2016_129_73;on;14
1306;129/2016;2016_129_73;aihetta;1
1306;129/2016;2016_129_73;ja;6
1306;129/2016;2016_129_73;se;6
1306;129/2016;2016_129_73;että;4
1306;129/2016;2016_129_73;alv;1
1306;129/2016;2016_129_73;maksuperusteinen;1
1306;129/2016;2016_129_73;hyvä;2
1306;129/2016;2016_129_73;asia;4
1306;129/2016;2016_129_73;hetken;1
1306;129/2016;2016_129_73;odotamme;1
1306;129/2016;2016_129_73;niin;1
1306;129/2016;2016_129_73;hevosenlantaakin;1
1306;129/2016;2016_129_73;varmaan;1
1306;129/2016;2016_129_73;saa;1
1306;129/2016;2016_129_73;polttaa;1
1306;129/2016;2016_129_73;vasemmalta;1
1306;129/2016;2016_129_73;kyllä;1
1306;129/2016;2016_129_73;tässä;3
1306;129/2016;2016_129_73;puhuttu;1
1306;129/2016;2016_129_73;nyt;2
1306;129/2016;2016_129_73;muutoksista;1
1306;129/2016;2016_129_73;viime;3
1306;129/2016;2016_129_73;vuoteen;1
1306;129/2016;2016_129_73;sen;2
1306;129/2016;2016_129_73;me;1
1306;129/2016;2016_129_73;valitettavasti;5
1306;129/2016;2016_129_73;tiedämme;1
1306;129/2016;2016_129_73;vienti;1
1306;129/2016;2016_129_73;laskenut;3
1306;129/2016;2016_129_73;ollaan;1
1306;129/2016;2016_129_73;valmistelemassa;1
1306;129/2016;2016_129_73;suomelle;1
1306;129/2016;2016_129_73;elintärkeän;1
1306;129/2016;2016_129_73;vaasan;1
1306;129/2016;2016_129_73;seudun;1
1306;129/2016;2016_129_73;vientiveturin;1
1306;129/2016;2016_129_73;rampauttamista;1
1306;129/2016;2016_129_73;puhuttiin;1
1306;129/2016;2016_129_73;tästä;1
1306;129/2016;2016_129_73;työllisyysasteesta;1
1306;129/2016;2016_129_73;näin;1
1306;129/2016;2016_129_73;työllisyysaste;1
1306;129/2016;2016_129_73;tänä;1
1306;129/2016;2016_129_73;vuonna;1
1306;129/2016;2016_129_73;vuotta;1
1306;129/2016;2016_129_73;heikompi;2
1306;129/2016;2016_129_73;miesten;1
1306;129/2016;2016_129_73;työllisyys;1
1306;129/2016;2016_129_73;noussut;1
1306;129/2016;2016_129_73;lla;2
1306;129/2016;2016_129_73;naisten;2
1306;129/2016;2016_129_73;eli;2
1306;129/2016;2016_129_73;suhteen;1
1306;129/2016;2016_129_73;ei;3
1306;129/2016;2016_129_73;olla;1
1306;129/2016;2016_129_73;päästy;2
1306;129/2016;2016_129_73;eteenpäin;2
1306;129/2016;2016_129_73;no;1
1306;129/2016;2016_129_73;miten;1
1306;129/2016;2016_129_73;päästäisiin;1
1306;129/2016;2016_129_73;nimenomaan;2
1306;129/2016;2016_129_73;rakenteellisilla;2
1306;129/2016;2016_129_73;muutoksilla;2
1306;129/2016;2016_129_73;kiky-sopimus;1
1306;129/2016;2016_129_73;mutta;2
1306;129/2016;2016_129_73;ole;1
1306;129/2016;2016_129_73;millään;1
1306;129/2016;2016_129_73;muotoa;1
1306;129/2016;2016_129_73;rakenteellinen;1
1306;129/2016;2016_129_73;muutos;1
1306;129/2016;2016_129_73;vain;1
1306;129/2016;2016_129_73;sementoi;1
1306;129/2016;2016_129_73;olemassa;1
1306;129/2016;2016_129_73;olevia;1
1306;129/2016;2016_129_73;rakenteita;1
1306;129/2016;2016_129_73;paikallisen;1
1306;129/2016;2016_129_73;sopimisen;1
1306;129/2016;2016_129_73;edistäminen;1
1306;129/2016;2016_129_73;olisi;1
1306;129/2016;2016_129_73;ollut;1
1306;129/2016;2016_129_73;toinen;1
1306;129/2016;2016_129_73;yleinen;1
1306;129/2016;2016_129_73;työelämän;1
1306;129/2016;2016_129_73;tasa-arvo;1
1306;129/2016;2016_129_73;hallitusohjelmaa;1
1306;129/2016;2016_129_73;tulkitaan;1
1306;129/2016;2016_129_73;hyvinkin;1
1306;129/2016;2016_129_73;mekaanisesti;1
1306;129/2016;2016_129_73;eikä;1
1306;129/2016;2016_129_73;strategisesti;1
1306;129/2016;2016_129_73;puuttunut;1
1306;129/2016;2016_129_73;kirjaus;1
1306;129/2016;2016_129_73;vanhempainvapaiden;1
1306;129/2016;2016_129_73;uudistumisesta;1
1306;129/2016;2016_129_73;estänyt;1
1306;129/2016;2016_129_73;siinä;1
1306;129/2016;2016_129_73;asiassa;2
1306;129/2016;2016_129_73;etenemisen;1
1306;129/2016;2016_129_73;koska;1
1306;129/2016;2016_129_73;työllisyyshän;1
1306;129/2016;2016_129_73;iso;1
1306;129/2016;2016_129_73;ongelma;1
1306;129/2016;2016_129_73;oleellisesti;1
1306;129/2016;2016_129_73;kuin;1
1306;129/2016;2016_129_73;ruotsissa;1
1306;129/2016;2016_129_73;huomattavasti;1
1306;129/2016;2016_129_73;sitten;1
1306;129/2016;2016_129_73;vuoden;1
1306;129/2016;2016_129_73;toivon;1
1306;129/2016;2016_129_73;hallitus;1
1306;129/2016;2016_129_73;näkisi;1
1306;129/2016;2016_129_73;kokonaisuuden;1
1306;129/2016;2016_129_73;ryhtyisi;1
1306;129/2016;2016_129_73;perhevapaiden;1
1306;129/2016;2016_129_73;uudistamiseen;1
1306;129/2016;2016_129_73;palauttaisi;1
1306;129/2016;2016_129_73;subjektiivisen;1
1306;129/2016;2016_129_73;oikeuden;1
1306;129/2016;2016_129_73;päivähoitoon;1
1306;129/2016;2016_129_73;mikä;1
1306;129/2016;2016_129_73;poistaisi;1
1306;129/2016;2016_129_73;taas;1
1306;129/2016;2016_129_73;yhden;1
1306;129/2016;2016_129_73;kannustinloukun;1
1306;129/2016;2016_129_73;sillä;1
1306;129/2016;2016_129_73;tavalla;1
1306;129/2016;2016_129_73;edistäisi;1
1306;129/2016;2016_129_73;kokonaisuutta;1
1306;129/2016;2016_129_73;todellisilla;1
1306;129/2016;2016_129_87;värderade;1
1306;129/2016;2016_129_87;talman;1
1306;129/2016;2016_129_87;muutama;1
1306;129/2016;2016_129_87;sana;1
1306;129/2016;2016_129_87;veroasteikosta;1
1306;129/2016;2016_129_87;työllistävämpi;1
1306;129/2016;2016_129_87;veroasteikkomuutosvaihtoehto;1
1306;129/2016;2016_129_87;löytyy;1
1306;129/2016;2016_129_87;rkpn;1
1306;129/2016;2016_129_87;varjobudjetista;1
1306;129/2016;2016_129_87;johon;1
1306;129/2016;2016_129_87;hallituspuolueet;1
1306;129/2016;2016_129_87;mielellään;1
1306;129/2016;2016_129_87;saavat;1
1306;129/2016;2016_129_87;tutustua;1
1306;129/2016;2016_129_87;edustaja;1
1306;129/2016;2016_129_87;kalmari;1
1306;129/2016;2016_129_87;otti;1
1306;129/2016;2016_129_87;puheeksi;1
1306;129/2016;2016_129_87;tämän;1
1306;129/2016;2016_129_87;euron;1
1306;129/2016;2016_129_87;maksun;1
1306;129/2016;2016_129_87;äitien;1
1306;129/2016;2016_129_87;työnantajille;1
1306;129/2016;2016_129_87;se;2
1306;129/2016;2016_129_87;on;6
1306;129/2016;2016_129_87;toki;1
1306;129/2016;2016_129_87;hyvä;1
1306;129/2016;2016_129_87;asia;1
1306;129/2016;2016_129_87;mutta;1
1306;129/2016;2016_129_87;taas;1
1306;129/2016;2016_129_87;esimerkki;1
1306;129/2016;2016_129_87;siitä;1
1306;129/2016;2016_129_87;miten;1
1306;129/2016;2016_129_87;ei;3
1306;129/2016;2016_129_87;uskalleta;2
1306;129/2016;2016_129_87;tehdä;1
1306;129/2016;2016_129_87;rakennemuutoksia;1
1306;129/2016;2016_129_87;silloin;1
1306;129/2016;2016_129_87;kun;1
1306;129/2016;2016_129_87;helppo;1
1306;129/2016;2016_129_87;laastari;2
1306;129/2016;2016_129_87;käytettävissä;1
1306;129/2016;2016_129_87;eli;1
1306;129/2016;2016_129_87;nähdään;2
1306;129/2016;2016_129_87;ongelmat;1
1306;129/2016;2016_129_87;niihin;1
1306;129/2016;2016_129_87;tarttua;1
1306;129/2016;2016_129_87;vaan;1
1306;129/2016;2016_129_87;yritetään;1
1306;129/2016;2016_129_87;keksiä;1
1306;129/2016;2016_129_87;paikallisia;1
1306;129/2016;2016_129_87;pieniä;1
1306;129/2016;2016_129_87;lievityksiä;1
1306;129/2016;2016_129_87;jos;1
1306;129/2016;2016_129_87;että;2
1306;129/2016;2016_129_87;tämä;2
1306;129/2016;2016_129_87;oikea;1
1306;129/2016;2016_129_87;ongelma;1
1306;129/2016;2016_129_87;niin;1
1306;129/2016;2016_129_87;kuin;1
1306;129/2016;2016_129_87;ainoa;1
1306;129/2016;2016_129_87;pitkän;1
1306;129/2016;2016_129_87;tähtäimen;1
1306;129/2016;2016_129_87;järkevä;1
1306;129/2016;2016_129_87;ratkaisu;1
1306;129/2016;2016_129_87;sille;1
1306;129/2016;2016_129_87;pohditaan;1
1306;129/2016;2016_129_87;näitä;1
1306;129/2016;2016_129_87;vanhempien;1
1306;129/2016;2016_129_87;rooleja;1
1306;129/2016;2016_129_87;ja;1
1306;129/2016;2016_129_87;naisten;1
1306;129/2016;2016_129_87;asemaa;1
1306;129/2016;2016_129_87;työmarkkinoilla;1
1306;129/2016;2016_129_87;noin;1
1306;129/2016;2016_129_87;isossa;1
1306;129/2016;2016_129_87;kuvassa;1
1306;129/2016;2016_129_87;pelkkä;1
1306;129/2016;2016_129_87;jolla;1
1306;129/2016;2016_129_87;isoa;1
1306;129/2016;2016_129_87;kuvaa;1
1306;129/2016;2016_129_87;muuteta;1
1306;131/2016;2016_131_82;värderade;1
1306;131/2016;2016_131_82;talman;1
1306;131/2016;2016_131_82;kollegojen;1
1306;131/2016;2016_131_82;viisaita;1
1306;131/2016;2016_131_82;sanoja;1
1306;131/2016;2016_131_82;noudattaen;1
1306;131/2016;2016_131_82;totean;1
1306;131/2016;2016_131_82;vain;1
1306;131/2016;2016_131_82;lyhyesti;1
1306;131/2016;2016_131_82;että;1
1306;131/2016;2016_131_82;kun;1
1306;131/2016;2016_131_82;hallitus;1
1306;131/2016;2016_131_82;lähtee;1
1306;131/2016;2016_131_82;tai;1
1306;131/2016;2016_131_82;yleensä;1
1306;131/2016;2016_131_82;lähdetään;1
1306;131/2016;2016_131_82;siirtämään;1
1306;131/2016;2016_131_82;rahaa;2
1306;131/2016;2016_131_82;taskusta;1
1306;131/2016;2016_131_82;toiseen;1
1306;131/2016;2016_131_82;niin;1
1306;131/2016;2016_131_82;kannattaa;1
1306;131/2016;2016_131_82;miettiä;1
1306;131/2016;2016_131_82;edistääkö;1
1306;131/2016;2016_131_82;se;1
1306;131/2016;2016_131_82;isoa;1
1306;131/2016;2016_131_82;tavoitetta;1
1306;131/2016;2016_131_82;vai;1
1306;131/2016;2016_131_82;ei;2
1306;131/2016;2016_131_82;tämä;2
1306;131/2016;2016_131_82;nyt;1
1306;131/2016;2016_131_82;käsiteltävä;1
1306;131/2016;2016_131_82;asia;1
1306;131/2016;2016_131_82;nimenomaan;1
1306;131/2016;2016_131_82;sitä;1
1306;131/2016;2016_131_82;tee;1
1306;131/2016;2016_131_82;tilanteessa;1
1306;131/2016;2016_131_82;jossa;1
1306;131/2016;2016_131_82;pitäisi;1
1306;131/2016;2016_131_82;uudistua;1
1306;131/2016;2016_131_82;ja;2
1306;131/2016;2016_131_82;kehittää;1
1306;131/2016;2016_131_82;uutta;1
1306;131/2016;2016_131_82;teknologiaa;1
1306;131/2016;2016_131_82;toimenpide;1
1306;131/2016;2016_131_82;syytää;1
1306;131/2016;2016_131_82;enemmän;1
1306;131/2016;2016_131_82;vanhan;1
1306;131/2016;2016_131_82;teknologian;1
1306;131/2016;2016_131_82;päälle;1
1306;131/2016;2016_131_82;sillä;1
1306;131/2016;2016_131_82;tavalla;1
1306;131/2016;2016_131_82;pitkällä;1
1306;131/2016;2016_131_82;tähtäimellä;1
1306;131/2016;2016_131_82;hankaloittaa;1
1306;131/2016;2016_131_82;meidän;1
1306;131/2016;2016_131_82;teollisuuden;1
1306;131/2016;2016_131_82;kilpailukykyä;1
1306;131/2016;2016_131_104;värderade;1
1306;131/2016;2016_131_104;talman;1
1306;131/2016;2016_131_104;jag;1
1306;131/2016;2016_131_104;understöder;1
1306;131/2016;2016_131_104;ledamot;1
1306;131/2016;2016_131_104;rehn-kivis;1
1306;131/2016;2016_131_104;förslag;1
1306;131/2016;2016_131_115;värderade;1
1306;131/2016;2016_131_115;talman;1
1306;131/2016;2016_131_115;edustaja;2
1306;131/2016;2016_131_115;andersson;2
1306;131/2016;2016_131_115;tuossa;2
1306;131/2016;2016_131_115;hyvin;1
1306;131/2016;2016_131_115;käsitteli;1
1306;131/2016;2016_131_115;jo;1
1306;131/2016;2016_131_115;tämän;2
1306;131/2016;2016_131_115;lakiehdotuksen;1
1306;131/2016;2016_131_115;ongelmat;1
1306;131/2016;2016_131_115;kokonaisuudessaanhan;1
1306;131/2016;2016_131_115;tämä;1
1306;131/2016;2016_131_115;on;3
1306;131/2016;2016_131_115;periaatteessa;1
1306;131/2016;2016_131_115;positiivinen;1
1306;131/2016;2016_131_115;uudistus;1
1306;131/2016;2016_131_115;niistä;1
1306;131/2016;2016_131_115;syistä;1
1306;131/2016;2016_131_115;jotka;2
1306;131/2016;2016_131_115;nosti;1
1306;131/2016;2016_131_115;esille;1
1306;131/2016;2016_131_115;muun;1
1306;131/2016;2016_131_115;muassa;1
1306;131/2016;2016_131_115;sen;3
1306;131/2016;2016_131_115;vuoksi;1
1306;131/2016;2016_131_115;että;3
1306;131/2016;2016_131_115;se;2
1306;131/2016;2016_131_115;ottaa;1
1306;131/2016;2016_131_115;paremmin;1
1306;131/2016;2016_131_115;huomioon;1
1306;131/2016;2016_131_115;muuttuvat;1
1306;131/2016;2016_131_115;vuokratasot;1
1306;131/2016;2016_131_115;eri;1
1306;131/2016;2016_131_115;puolilla;1
1306;131/2016;2016_131_115;suomea;1
1306;131/2016;2016_131_115;mutta;1
1306;131/2016;2016_131_115;ongelmiakin;1
1306;131/2016;2016_131_115;erityisesti;1
1306;131/2016;2016_131_115;opiskelevat;1
1306;131/2016;2016_131_115;lapsiperheet;1
1306;131/2016;2016_131_115;ovat;1
1306;131/2016;2016_131_115;myötä;2
1306;131/2016;2016_131_115;entistä;1
1306;131/2016;2016_131_115;huonommassa;1
1306;131/2016;2016_131_115;asemassa;1
1306;131/2016;2016_131_115;ja;3
1306;131/2016;2016_131_115;jäykkyys;1
1306;131/2016;2016_131_115;joka;2
1306;131/2016;2016_131_115;tässä;1
1306;131/2016;2016_131_115;sisäänrakennettuna;1
1306;131/2016;2016_131_115;ei;1
1306;131/2016;2016_131_115;esimerkiksi;1
1306;131/2016;2016_131_115;käsittele;1
1306;131/2016;2016_131_115;kimppakämpässä;1
1306;131/2016;2016_131_115;asuvia;1
1306;131/2016;2016_131_115;opiskelijoita;1
1306;131/2016;2016_131_115;tarkoituksenmukaisesti;1
1306;131/2016;2016_131_115;takia;1
1306;131/2016;2016_131_115;ehdotan;1
1306;131/2016;2016_131_115;eduskunta;1
1306;131/2016;2016_131_115;hyväksyy;1
1306;131/2016;2016_131_115;vastalauseen;1
1306;131/2016;2016_131_115;mukaiset;1
1306;131/2016;2016_131_115;kaksi;1
1306;131/2016;2016_131_115;lausumaa;1
1306;131/2016;2016_131_115;nimenomaan;1
1306;131/2016;2016_131_115;pyrkivät;1
1306;131/2016;2016_131_115;korjaamaan;1
1306;131/2016;2016_131_115;näitä;1
1306;131/2016;2016_131_115;asioita;1
1306;131/2016;2016_131_115;toivon;1
1306;131/2016;2016_131_115;sitten;1
1306;131/2016;2016_131_115;ryhdytään;1
1306;131/2016;2016_131_115;tarvittaviin;1
1306;131/2016;2016_131_115;toimenpiteisiin;1
1306;132/2016;2016_132_7;värderade;1
1306;132/2016;2016_132_7;talman;1
1306;132/2016;2016_132_7;här;3
1306;132/2016;2016_132_7;diskuterar;1
1306;132/2016;2016_132_7;vi;2
1306;132/2016;2016_132_7;jourreformen;1
1306;132/2016;2016_132_7;en;1
1306;132/2016;2016_132_7;reform;2
1306;132/2016;2016_132_7;som;3
1306;132/2016;2016_132_7;ska;1
1306;132/2016;2016_132_7;trygga;1
1306;132/2016;2016_132_7;service;2
1306;132/2016;2016_132_7;leda;1
1306;132/2016;2016_132_7;till;2
1306;132/2016;2016_132_7;att;5
1306;132/2016;2016_132_7;man;1
1306;132/2016;2016_132_7;får;1
1306;132/2016;2016_132_7;hjälp;1
1306;132/2016;2016_132_7;när;1
1306;132/2016;2016_132_7;det;7
1306;132/2016;2016_132_7;behövs;1
1306;132/2016;2016_132_7;och;5
1306;132/2016;2016_132_7;vad;3
1306;132/2016;2016_132_7;gör;2
1306;132/2016;2016_132_7;nu;2
1306;132/2016;2016_132_7;sipiläs;1
1306;132/2016;2016_132_7;regering;1
1306;132/2016;2016_132_7;med;2
1306;132/2016;2016_132_7;denna;1
1306;132/2016;2016_132_7;den;1
1306;132/2016;2016_132_7;begränsar;1
1306;132/2016;2016_132_7;antalet;1
1306;132/2016;2016_132_7;sjukhus;2
1306;132/2016;2016_132_7;fulljour;1
1306;132/2016;2016_132_7;fråntar;1
1306;132/2016;2016_132_7;landskapen;1
1306;132/2016;2016_132_7;rätt;1
1306;132/2016;2016_132_7;själv;2
1306;132/2016;2016_132_7;bestämma;1
1306;132/2016;2016_132_7;om;2
1306;132/2016;2016_132_7;sin;1
1306;132/2016;2016_132_7;utan;2
1306;132/2016;2016_132_7;egentligen;1
1306;132/2016;2016_132_7;motivera;1
1306;132/2016;2016_132_7;på;3
1306;132/2016;2016_132_7;något;1
1306;132/2016;2016_132_7;sätt;1
1306;132/2016;2016_132_7;så;2
1306;132/2016;2016_132_7;säger;1
1306;132/2016;2016_132_7;lagtexten;1
1306;132/2016;2016_132_7;målen;1
1306;132/2016;2016_132_7;målet;2
1306;132/2016;2016_132_7;är;1
1306;132/2016;2016_132_7;förtäta;1
1306;132/2016;2016_132_7;journätet;1
1306;132/2016;2016_132_7;tillgodoser;1
1306;132/2016;2016_132_7;invånarnas;1
1306;132/2016;2016_132_7;behov;1
1306;132/2016;2016_132_7;nationellt;1
1306;132/2016;2016_132_7;samordnade;2
1306;132/2016;2016_132_7;enhetliga;2
1306;132/2016;2016_132_7;grunder;2
1306;132/2016;2016_132_7;fundera;1
1306;132/2016;2016_132_7;betyder;1
1306;132/2016;2016_132_7;inte;3
1306;132/2016;2016_132_7;mera;1
1306;132/2016;2016_132_7;för;4
1306;132/2016;2016_132_7;mig;1
1306;132/2016;2016_132_7;dig;1
1306;132/2016;2016_132_7;eller;1
1306;132/2016;2016_132_7;någon;1
1306;132/2016;2016_132_7;annan;1
1306;132/2016;2016_132_7;lika;1
1306;132/2016;2016_132_7;alla;1
1306;132/2016;2016_132_7;redan;1
1306;132/2016;2016_132_7;regeringen;1
1306;132/2016;2016_132_7;har;1
1306;132/2016;2016_132_7;formulerat;1
1306;132/2016;2016_132_7;oppositionen;1
1306;132/2016;2016_132_7;borde;1
1306;132/2016;2016_132_7;rimligtvis;1
1306;132/2016;2016_132_7;underkänna;1
1306;132/2016;2016_132_7;föreslås;1
1306;134/2016;2016_134_141;värderade;1
1306;134/2016;2016_134_141;talman;1
1306;134/2016;2016_134_141;arvoisa;2
1306;134/2016;2016_134_141;puhemies;2
1306;134/2016;2016_134_141;edustaja;2
1306;134/2016;2016_134_141;nylund;1
1306;134/2016;2016_134_141;nosti;1
1306;134/2016;2016_134_141;esille;1
1306;134/2016;2016_134_141;omassa;2
1306;134/2016;2016_134_141;puheenvuorossaan;1
1306;134/2016;2016_134_141;muutamia;1
1306;134/2016;2016_134_141;asioita;2
1306;134/2016;2016_134_141;joista;1
1306;134/2016;2016_134_141;voimme;1
1306;134/2016;2016_134_141;olla;4
1306;134/2016;2016_134_141;iloisia;1
1306;134/2016;2016_134_141;tämän;1
1306;134/2016;2016_134_141;vuoden;1
1306;134/2016;2016_134_141;budjetissa;1
1306;134/2016;2016_134_141;lisäykset;1
1306;134/2016;2016_134_141;kerhotoimintaan;1
1306;134/2016;2016_134_141;ja;9
1306;134/2016;2016_134_141;metso-projektiin;1
1306;134/2016;2016_134_141;uusi;1
1306;134/2016;2016_134_141;alus;1
1306;134/2016;2016_134_141;pidä;1
1306;134/2016;2016_134_141;saaristo;1
1306;134/2016;2016_134_141;siistinä;1
1306;134/2016;2016_134_141;projektiin;1
1306;134/2016;2016_134_141;tästä;1
1306;134/2016;2016_134_141;viimeisestä;1
1306;134/2016;2016_134_141;on;8
1306;134/2016;2016_134_141;syytä;1
1306;134/2016;2016_134_141;kiittää;1
1306;134/2016;2016_134_141;sirniä;1
1306;134/2016;2016_134_141;muutenkin;1
1306;134/2016;2016_134_141;pieniä;1
1306;134/2016;2016_134_141;valopilkkuja;1
1306;134/2016;2016_134_141;horisontissa;1
1306;134/2016;2016_134_141;eilen;2
1306;134/2016;2016_134_141;saimme;1
1306;134/2016;2016_134_141;kuulla;1
1306;134/2016;2016_134_141;että;5
1306;134/2016;2016_134_141;suomen;1
1306;134/2016;2016_134_141;pankki;1
1306;134/2016;2016_134_141;nostanut;1
1306;134/2016;2016_134_141;kasvuennustettaan;1
1306;134/2016;2016_134_141;siitä;1
1306;134/2016;2016_134_141;ei;8
1306;134/2016;2016_134_141;tietenkään;1
1306;134/2016;2016_134_141;voi;1
1306;134/2016;2016_134_141;kuin;2
1306;134/2016;2016_134_141;iloinen;1
1306;134/2016;2016_134_141;joskaan;1
1306;134/2016;2016_134_141;alla;1
1306;134/2016;2016_134_141;olevat;1
1306;134/2016;2016_134_141;numerot;1
1306;134/2016;2016_134_141;eivät;3
1306;134/2016;2016_134_141;anna;1
1306;134/2016;2016_134_141;aihetta;1
1306;134/2016;2016_134_141;kovin;1
1306;134/2016;2016_134_141;suureen;1
1306;134/2016;2016_134_141;optimismiin;1
1306;134/2016;2016_134_141;kasvu;1
1306;134/2016;2016_134_141;pitkälti;1
1306;134/2016;2016_134_141;kotimaisen;1
1306;134/2016;2016_134_141;kulutuksen;1
1306;134/2016;2016_134_141;erityisesti;1
1306;134/2016;2016_134_141;rakentamisen;1
1306;134/2016;2016_134_141;varassa;1
1306;134/2016;2016_134_141;helsinki;1
1306;134/2016;2016_134_141;kasvaa;1
1306;134/2016;2016_134_141;sitä;1
1306;134/2016;2016_134_141;mukaa;1
1306;134/2016;2016_134_141;talot;1
1306;134/2016;2016_134_141;tyhjenevät;1
1306;134/2016;2016_134_141;muualla;1
1306;134/2016;2016_134_141;suomessa;1
1306;134/2016;2016_134_141;talouden;1
1306;134/2016;2016_134_141;veturi;1
1306;134/2016;2016_134_141;vienti;1
1306;134/2016;2016_134_141;sen;2
1306;134/2016;2016_134_141;sijaan;1
1306;134/2016;2016_134_141;ota;2
1306;134/2016;2016_134_141;elpyäkseen;2
1306;134/2016;2016_134_141;tätä;2
1306;134/2016;2016_134_141;tilannetta;1
1306;134/2016;2016_134_141;auta;1
1306;134/2016;2016_134_141;tietoiset;1
1306;134/2016;2016_134_141;innovaatiotoiminnan;1
1306;134/2016;2016_134_141;koulutussektorin;1
1306;134/2016;2016_134_141;kiristystoimet;1
1306;134/2016;2016_134_141;millään;1
1306;134/2016;2016_134_141;lailla;1
1306;134/2016;2016_134_141;siihen;1
1306;134/2016;2016_134_141;soppaan;1
1306;134/2016;2016_134_141;laitettiin;1
1306;134/2016;2016_134_141;vielä;1
1306;134/2016;2016_134_141;vienti-vaasan;1
1306;134/2016;2016_134_141;alueen;1
1306;134/2016;2016_134_141;niskalaukaus;1
1306;134/2016;2016_134_141;päivystysuudistuksen;1
1306;134/2016;2016_134_141;muodossa;1
1306;134/2016;2016_134_141;asian;1
1306;134/2016;2016_134_141;jota;1
1306;134/2016;2016_134_141;hallituspuolueiden;1
1306;134/2016;2016_134_141;edustajat;1
1306;134/2016;2016_134_141;puolustelivat;1
1306;134/2016;2016_134_141;muun;1
1306;134/2016;2016_134_141;muassa;1
1306;134/2016;2016_134_141;sillä;1
1306;134/2016;2016_134_141;kaunis;1
1306;134/2016;2016_134_141;luku;1
1306;134/2016;2016_134_141;kaikkia;2
1306;134/2016;2016_134_141;ehditty;2
1306;134/2016;2016_134_141;tutkia;2
1306;134/2016;2016_134_141;jos;1
1306;134/2016;2016_134_141;tavoite;3
1306;134/2016;2016_134_141;selvä;2
1306;134/2016;2016_134_141;tulisi;3
1306;134/2016;2016_134_141;kaikille;1
1306;134/2016;2016_134_141;meille;1
1306;134/2016;2016_134_141;viennin;1
1306;134/2016;2016_134_141;kasvattaminen;1
1306;134/2016;2016_134_141;silloin;2
1306;134/2016;2016_134_141;toimia;1
1306;134/2016;2016_134_141;peilata;1
1306;134/2016;2016_134_141;tavoitetta;1
1306;134/2016;2016_134_141;vastaan;1
1306;134/2016;2016_134_141;varjobudjetissamme;1
1306;134/2016;2016_134_141;tarjoamme;1
1306;134/2016;2016_134_141;toki;1
1306;134/2016;2016_134_141;tähänkin;1
1306;134/2016;2016_134_141;lääkkeet;1
1306;134/2016;2016_134_141;työllisyys;1
1306;134/2016;2016_134_141;vaikka;1
1306;134/2016;2016_134_141;työllisyysaste;1
1306;134/2016;2016_134_141;onkin;1
1306;134/2016;2016_134_141;hienoisessa;1
1306;134/2016;2016_134_141;nousussa;1
1306;134/2016;2016_134_141;työikäisten;1
1306;134/2016;2016_134_141;määrän;1
1306;134/2016;2016_134_141;supistumisella;1
1306;134/2016;2016_134_141;kuitenkaan;1
1306;134/2016;2016_134_141;tulevaisuutta;1
1306;134/2016;2016_134_141;rakenneta;1
1306;134/2016;2016_134_141;hallituksella;1
1306;134/2016;2016_134_141;strateginen;2
1306;134/2016;2016_134_141;nostaa;1
1306;134/2016;2016_134_141;työllisyysastetta;1
1306;134/2016;2016_134_141;prosenttiin;1
1306;134/2016;2016_134_141;pohjanmaan;1
1306;134/2016;2016_134_141;vientirannikolla;1
1306;134/2016;2016_134_141;se;4
1306;134/2016;2016_134_141;tällä;1
1306;134/2016;2016_134_141;hetkellä;1
1306;134/2016;2016_134_141;itse;1
1306;134/2016;2016_134_141;asiassa;1
1306;134/2016;2016_134_141;hallitukselle;1
1306;134/2016;2016_134_141;tiedoksi;1
1306;134/2016;2016_134_141;tähän;1
1306;134/2016;2016_134_141;pääseminen;1
1306;134/2016;2016_134_141;koko;1
1306;134/2016;2016_134_141;maassa;1
1306;134/2016;2016_134_141;mutta;1
1306;134/2016;2016_134_141;mitä;1
1306;134/2016;2016_134_141;tehdään;1
1306;134/2016;2016_134_141;tulkitaan;1
1306;134/2016;2016_134_141;kirjainta;1
1306;134/2016;2016_134_141;etsitään;1
1306;134/2016;2016_134_141;pilkkuja;1
1306;134/2016;2016_134_141;nimenomaan;1
1306;134/2016;2016_134_141;kirjaimeen;1
1306;134/2016;2016_134_141;vedoten;1
1306;134/2016;2016_134_141;julistetaan;1
1306;134/2016;2016_134_141;tämä;1
1306;134/2016;2016_134_141;hallitus;1
1306;134/2016;2016_134_141;tekee;1
1306;134/2016;2016_134_141;perussuomalaista;1
1306;134/2016;2016_134_141;perhepolitiikkaa;1
1306;134/2016;2016_134_141;johon;1
1306;134/2016;2016_134_141;ilmeisesti;1
1306;134/2016;2016_134_141;kuuluu;1
1306;134/2016;2016_134_141;mitään;2
1306;134/2016;2016_134_141;tehdä;2
1306;134/2016;2016_134_141;ellei;1
1306;134/2016;2016_134_141;nimenomainen;1
1306;134/2016;2016_134_141;toimenpide;1
1306;134/2016;2016_134_141;ole;1
1306;134/2016;2016_134_141;mekaanisesti;1
1306;134/2016;2016_134_141;kirjoitettu;1
1306;134/2016;2016_134_141;hallitusohjelmaan;1
1306;134/2016;2016_134_141;ollaan;1
1306;134/2016;2016_134_141;strategisuudesta;1
1306;134/2016;2016_134_141;kaukana;1
1306;136/2016;2016_136_3;värderade;1
1306;136/2016;2016_136_3;talman;1
1306;136/2016;2016_136_3;jag;1
1306;136/2016;2016_136_3;understöder;1
1306;136/2016;2016_136_3;kannatan;1
1306;136/2016;2016_136_6;värderade;1
1306;136/2016;2016_136_6;talman;1
1306;136/2016;2016_136_6;jag;1
1306;136/2016;2016_136_6;understöder;1
1306;136/2016;2016_136_6;kannatan;1
1306;137/2016;2016_137_369;arvoisa;2
1306;137/2016;2016_137_369;puhemies;2
1306;137/2016;2016_137_369;värderade;1
1306;137/2016;2016_137_369;talman;1
1306;137/2016;2016_137_369;joku;1
1306;137/2016;2016_137_369;voisi;1
1306;137/2016;2016_137_369;ajatella;1
1306;137/2016;2016_137_369;että;13
1306;137/2016;2016_137_369;tässä;5
1306;137/2016;2016_137_369;keskustellaan;3
1306;137/2016;2016_137_369;pelkästään;3
1306;137/2016;2016_137_369;sairaalasta;1
1306;137/2016;2016_137_369;oikeudesta;1
1306;137/2016;2016_137_369;tasavertaiseen;1
1306;137/2016;2016_137_369;hoitoon;1
1306;137/2016;2016_137_369;siitä;1
1306;137/2016;2016_137_369;jokaiselle;1
1306;137/2016;2016_137_369;suomalaiselle;1
1306;137/2016;2016_137_369;tulisi;2
1306;137/2016;2016_137_369;taata;1
1306;137/2016;2016_137_369;mahdollisimman;1
1306;137/2016;2016_137_369;tasavertaiset;1
1306;137/2016;2016_137_369;palvelut;1
1306;137/2016;2016_137_369;keskustelemme;1
1306;137/2016;2016_137_369;toki;1
1306;137/2016;2016_137_369;siitäkin;1
1306;137/2016;2016_137_369;mutta;1
1306;137/2016;2016_137_369;myös;2
1306;137/2016;2016_137_369;vielä;1
1306;137/2016;2016_137_369;isommasta;1
1306;137/2016;2016_137_369;kysymyksestä;1
1306;137/2016;2016_137_369;millä;2
1306;137/2016;2016_137_369;tavalla;2
1306;137/2016;2016_137_369;tätä;1
1306;137/2016;2016_137_369;maata;1
1306;137/2016;2016_137_369;johdetaan;1
1306;137/2016;2016_137_369;lakeja;1
1306;137/2016;2016_137_369;säädetään;1
1306;137/2016;2016_137_369;miten;3
1306;137/2016;2016_137_369;pääsimme;3
1306;137/2016;2016_137_369;siihen;3
1306;137/2016;2016_137_369;pisteeseen;3
1306;137/2016;2016_137_369;hallitus;2
1306;137/2016;2016_137_369;kokee;1
1306;137/2016;2016_137_369;voivansa;1
1306;137/2016;2016_137_369;väärentää;1
1306;137/2016;2016_137_369;perustuslakivaliokunnan;1
1306;137/2016;2016_137_369;lausuntoja;1
1306;137/2016;2016_137_369;kuten;2
1306;137/2016;2016_137_369;lakiesityksessä;1
1306;137/2016;2016_137_369;tehtiin;1
1306;137/2016;2016_137_369;sen;2
1306;137/2016;2016_137_369;ovat;4
1306;137/2016;2016_137_369;monet;2
1306;137/2016;2016_137_369;perustuslakioppineet;1
1306;137/2016;2016_137_369;todenneet;1
1306;137/2016;2016_137_369;perustuslakia;1
1306;137/2016;2016_137_369;ei;4
1306;137/2016;2016_137_369;nähdä;1
1306;137/2016;2016_137_369;turvana;1
1306;137/2016;2016_137_369;vaan;1
1306;137/2016;2016_137_369;haittana;1
1306;137/2016;2016_137_369;hallituspuolueiden;2
1306;137/2016;2016_137_369;edustajat;2
1306;137/2016;2016_137_369;viime;1
1306;137/2016;2016_137_369;päivinä;1
1306;137/2016;2016_137_369;tuoneet;1
1306;137/2016;2016_137_369;esille;1
1306;137/2016;2016_137_369;tähän;1
1306;137/2016;2016_137_369;on;9
1306;137/2016;2016_137_369;pakko;1
1306;137/2016;2016_137_369;sanoa;1
1306;137/2016;2016_137_369;ihmettelen;2
1306;137/2016;2016_137_369;suuresti;1
1306;137/2016;2016_137_369;ministeri;2
1306;137/2016;2016_137_369;sipilän;2
1306;137/2016;2016_137_369;hiljaisuus;1
1306;137/2016;2016_137_369;tämän;3
1306;137/2016;2016_137_369;asian;2
1306;137/2016;2016_137_369;ympärillä;1
1306;137/2016;2016_137_369;jatkuu;1
1306;137/2016;2016_137_369;perustuslailliset;2
1306;137/2016;2016_137_369;oikeudet;2
1306;137/2016;2016_137_369;se;8
1306;137/2016;2016_137_369;sekundäärinen;1
1306;137/2016;2016_137_369;huoli;1
1306;137/2016;2016_137_369;jotain;2
1306;137/2016;2016_137_369;joka;1
1306;137/2016;2016_137_369;tarkistetaan;1
1306;137/2016;2016_137_369;jälkeen;1
1306;137/2016;2016_137_369;kun;1
1306;137/2016;2016_137_369;poliittiset;1
1306;137/2016;2016_137_369;tavoitteet;1
1306;137/2016;2016_137_369;saavutettu;1
1306;137/2016;2016_137_369;johdolla;1
1306;137/2016;2016_137_369;suhteessa;1
1306;137/2016;2016_137_369;poikennut;1
1306;137/2016;2016_137_369;aivan;1
1306;137/2016;2016_137_369;perustavaa;1
1306;137/2016;2016_137_369;laatua;1
1306;137/2016;2016_137_369;olevasta;1
1306;137/2016;2016_137_369;periaatteesta;1
1306;137/2016;2016_137_369;ja;4
1306;137/2016;2016_137_369;pihvi;1
1306;137/2016;2016_137_369;asia;1
1306;137/2016;2016_137_369;jonka;1
1306;137/2016;2016_137_369;takia;1
1306;137/2016;2016_137_369;kaikkien;1
1306;137/2016;2016_137_369;olla;1
1306;137/2016;2016_137_369;huolestuneita;1
1306;137/2016;2016_137_369;tästä;1
1306;137/2016;2016_137_369;linjauksesta;1
1306;137/2016;2016_137_369;kokoomuksen;1
1306;137/2016;2016_137_369;keskustan;1
1306;137/2016;2016_137_369;kansanedustajat;1
1306;137/2016;2016_137_369;tänään;1
1306;137/2016;2016_137_369;poikkeaminen;1
1306;137/2016;2016_137_369;tarkoittaa;2
1306;137/2016;2016_137_369;osa;1
1306;137/2016;2016_137_369;kansasta;1
1306;137/2016;2016_137_369;huolissaan;1
1306;137/2016;2016_137_369;tulevaisuudestaan;1
1306;137/2016;2016_137_369;koska;1
1306;137/2016;2016_137_369;näkee;1
1306;137/2016;2016_137_369;linjanvedon;1
1306;137/2016;2016_137_369;enteenä;1
1306;137/2016;2016_137_369;muista;1
1306;137/2016;2016_137_369;tulevaisuuden;1
1306;137/2016;2016_137_369;linjanvedoista;1
1306;137/2016;2016_137_369;huomenna;1
1306;137/2016;2016_137_369;saattaa;1
1306;137/2016;2016_137_369;muuta;1
1306;137/2016;2016_137_369;isoja;1
1306;137/2016;2016_137_369;periaatteita;1
1306;137/2016;2016_137_369;tule;1
1306;137/2016;2016_137_369;muuttaa;1
1306;137/2016;2016_137_369;kevyin;2
1306;137/2016;2016_137_369;perustein;2
1306;137/2016;2016_137_369;muuksi;1
1306;137/2016;2016_137_369;kuin;1
1306;137/2016;2016_137_369;kevyiksi;1
1306;137/2016;2016_137_369;perusteita;1
1306;137/2016;2016_137_369;voi;1
1306;137/2016;2016_137_369;arvioida;1
1306;137/2016;2016_137_369;jos;3
1306;137/2016;2016_137_369;niitä;2
1306;137/2016;2016_137_369;edes;2
1306;137/2016;2016_137_369;halua;1
1306;137/2016;2016_137_369;esittää;1
1306;137/2016;2016_137_369;eivät;1
1306;137/2016;2016_137_369;vaivaudu;1
1306;137/2016;2016_137_369;esittämään;1
1306;137/2016;2016_137_369;ainut;1
1306;137/2016;2016_137_369;peruste;1
1306;137/2016;2016_137_369;näin;1
1306;137/2016;2016_137_369;päätettiin;1
1306;137/2016;2016_137_369;numero;1
1306;137/2016;2016_137_369;me;1
1306;137/2016;2016_137_369;emme;2
1306;137/2016;2016_137_369;peruuta;1
1306;137/2016;2016_137_369;tai;1
1306;137/2016;2016_137_369;ehtineet;1
1306;137/2016;2016_137_369;tutkia;1
1306;137/2016;2016_137_369;niin;1
1306;137/2016;2016_137_369;silloin;1
1306;137/2016;2016_137_369;aikaisemmin;1
1306;137/2016;2016_137_369;kiveen;1
1306;137/2016;2016_137_369;hakattujen;1
1306;137/2016;2016_137_369;periaatteiden;1
1306;137/2016;2016_137_369;muuttaminen;1
1306;137/2016;2016_137_369;tehty;1
1306;137/2016;2016_137_369;kovin;1
1306;137/2016;2016_137_376;arvoisa;1
1306;137/2016;2016_137_376;puhemies;1
1306;137/2016;2016_137_376;kannatan;1
1306;137/2016;2016_137_376;edustaja;1
1306;137/2016;2016_137_376;semin;1
1306;137/2016;2016_137_376;esitystä;1
1306;137/2016;2016_137_378;arvoisa;1
1306;137/2016;2016_137_378;puhemies;1
1306;137/2016;2016_137_378;ehdotan;1
1306;137/2016;2016_137_378;että;1
1306;137/2016;2016_137_378;hyväksytään;1
1306;137/2016;2016_137_378;vastalauseen;1
1306;137/2016;2016_137_378;mukainen;1
1306;137/2016;2016_137_378;lausuma;1
1306;137/2016;2016_137_384;värderade;1
1306;137/2016;2016_137_384;talman;1
1306;137/2016;2016_137_384;edustaja;2
1306;137/2016;2016_137_384;maijala;1
1306;137/2016;2016_137_384;totesi;2
1306;137/2016;2016_137_384;tuossa;2
1306;137/2016;2016_137_384;että;10
1306;137/2016;2016_137_384;järjen;2
1306;137/2016;2016_137_384;ääni;1
1306;137/2016;2016_137_384;voitti;1
1306;137/2016;2016_137_384;ja;6
1306;137/2016;2016_137_384;tämä;4
1306;137/2016;2016_137_384;on;9
1306;137/2016;2016_137_384;ympäristön;2
1306;137/2016;2016_137_384;kannalta;2
1306;137/2016;2016_137_384;hyvä;3
1306;137/2016;2016_137_384;ratkaisu;1
1306;137/2016;2016_137_384;esitys;2
1306;137/2016;2016_137_384;vaikka;2
1306;137/2016;2016_137_384;miten;2
1306;137/2016;2016_137_384;yritän;1
1306;137/2016;2016_137_384;niin;5
1306;137/2016;2016_137_384;en;1
1306;137/2016;2016_137_384;kyllä;2
1306;137/2016;2016_137_384;pysty;1
1306;137/2016;2016_137_384;pääsemään;1
1306;137/2016;2016_137_384;samaan;1
1306;137/2016;2016_137_384;johtopäätökseen;1
1306;137/2016;2016_137_384;tässä;2
1306;137/2016;2016_137_384;puhutaan;1
1306;137/2016;2016_137_384;nyt;4
1306;137/2016;2016_137_384;kuin;3
1306;137/2016;2016_137_384;jätevesilaista;1
1306;137/2016;2016_137_384;jätevesi;1
1306;137/2016;2016_137_384;tarkoituksen;1
1306;137/2016;2016_137_384;pitäisi;1
1306;137/2016;2016_137_384;kaiken;1
1306;137/2016;2016_137_384;mukaan;3
1306;137/2016;2016_137_384;olla;1
1306;137/2016;2016_137_384;se;9
1306;137/2016;2016_137_384;keksitään;1
1306;137/2016;2016_137_384;keinoja;1
1306;137/2016;2016_137_384;mahdollisimman;1
1306;137/2016;2016_137_384;iso;1
1306;137/2016;2016_137_384;osa;1
1306;137/2016;2016_137_384;jätevedestä;1
1306;137/2016;2016_137_384;saadaan;1
1306;137/2016;2016_137_384;otettua;1
1306;137/2016;2016_137_384;talteen;1
1306;137/2016;2016_137_384;jotta;1
1306;137/2016;2016_137_384;ei;7
1306;137/2016;2016_137_384;pääse;1
1306;137/2016;2016_137_384;luontoon;1
1306;137/2016;2016_137_384;jos;4
1306;137/2016;2016_137_384;pohtii;1
1306;137/2016;2016_137_384;vesistöjemme;1
1306;137/2016;2016_137_384;tilaa;1
1306;137/2016;2016_137_384;hajakuormitushan;1
1306;137/2016;2016_137_384;suurin;1
1306;137/2016;2016_137_384;ongelma;1
1306;137/2016;2016_137_384;johon;1
1306;137/2016;2016_137_384;vaikeinta;1
1306;137/2016;2016_137_384;päästä;1
1306;137/2016;2016_137_384;kiinni;1
1306;137/2016;2016_137_384;tämän;3
1306;137/2016;2016_137_384;esityksen;1
1306;137/2016;2016_137_384;toimenpiteen;1
1306;137/2016;2016_137_384;arvioidaan;1
1306;137/2016;2016_137_384;jäävän;1
1306;137/2016;2016_137_384;tekemättä;1
1306;137/2016;2016_137_384;jokainen;2
1306;137/2016;2016_137_384;voi;2
1306;137/2016;2016_137_384;miettiä;1
1306;137/2016;2016_137_384;onko;1
1306;137/2016;2016_137_384;asia;1
1306;137/2016;2016_137_384;lainsäädännössä;1
1306;137/2016;2016_137_384;johdonmukaisuus;2
1306;137/2016;2016_137_384;yleensä;1
1306;137/2016;2016_137_384;katsottu;1
1306;137/2016;2016_137_384;yhdeksi;1
1306;137/2016;2016_137_384;hyveeksi;1
1306;137/2016;2016_137_384;ihmisiä;1
1306;137/2016;2016_137_384;kohdellaan;1
1306;137/2016;2016_137_384;tasavertaisesti;1
1306;137/2016;2016_137_384;jätevesiasian;1
1306;137/2016;2016_137_384;kanssa;3
1306;137/2016;2016_137_384;ole;5
1306;137/2016;2016_137_384;ollut;1
1306;137/2016;2016_137_384;aivan;2
1306;137/2016;2016_137_384;huipussaan;1
1306;137/2016;2016_137_384;aina;1
1306;137/2016;2016_137_384;tätä;2
1306;137/2016;2016_137_384;muutettu;1
1306;137/2016;2016_137_384;monta;1
1306;137/2016;2016_137_384;kertaa;1
1306;137/2016;2016_137_384;muutetaan;1
1306;137/2016;2016_137_384;vielä;1
1306;137/2016;2016_137_384;kerran;1
1306;137/2016;2016_137_384;viittaa;1
1306;137/2016;2016_137_384;siihen;1
1306;137/2016;2016_137_384;tulevaisuudessa;1
1306;137/2016;2016_137_384;jotain;1
1306;137/2016;2016_137_384;esityksiä;1
1306;137/2016;2016_137_384;tulee;1
1306;137/2016;2016_137_384;asetetaan;1
1306;137/2016;2016_137_384;joitain;1
1306;137/2016;2016_137_384;vaatimuksia;1
1306;137/2016;2016_137_384;olettaa;1
1306;137/2016;2016_137_384;niistä;1
1306;137/2016;2016_137_384;luovutaan;1
1306;137/2016;2016_137_384;parin;1
1306;137/2016;2016_137_384;vuoden;1
1306;137/2016;2016_137_384;kuluttua;1
1306;137/2016;2016_137_384;jätän;1
1306;137/2016;2016_137_384;ne;2
1306;137/2016;2016_137_384;täyttämättä;1
1306;137/2016;2016_137_384;silläkään;1
1306;137/2016;2016_137_384;väliä;1
1306;137/2016;2016_137_384;tasavertaisuuden;1
1306;137/2016;2016_137_384;osalta;1
1306;137/2016;2016_137_384;voidaan;1
1306;137/2016;2016_137_384;todeta;1
1306;137/2016;2016_137_384;jotka;1
1306;137/2016;2016_137_384;asiansa;1
1306;137/2016;2016_137_384;hoitivat;1
1306;137/2016;2016_137_384;ovat;1
1306;137/2016;2016_137_384;huonommassa;1
1306;137/2016;2016_137_384;asemassa;1
1306;137/2016;2016_137_384;mutta;1
1306;137/2016;2016_137_384;yhteiskunta;1
1306;137/2016;2016_137_384;tietenkin;1
1306;137/2016;2016_137_384;kiittää;1
1306;137/2016;2016_137_384;metrin;1
1306;137/2016;2016_137_384;raja;1
1306;137/2016;2016_137_384;etäisyys;1
1306;137/2016;2016_137_384;määritellään;1
1306;137/2016;2016_137_384;ulkoseinän;1
1306;137/2016;2016_137_384;yksi;1
1306;137/2016;2016_137_384;näistä;1
1306;137/2016;2016_137_384;päättömimmistä;1
1306;137/2016;2016_137_384;kohdista;1
1306;137/2016;2016_137_384;lakia;1
1306;137/2016;2016_137_384;siinä;1
1306;137/2016;2016_137_384;yhtä;1
1306;137/2016;2016_137_384;paljon;1
1306;137/2016;2016_137_384;yhteyttä;1
1306;137/2016;2016_137_384;realiteetteihin;1
1306;137/2016;2016_137_384;pihakeinun;1
1306;137/2016;2016_137_384;paikalla;1
1306;137/2016;2016_137_384;tai;1
1306;137/2016;2016_137_384;verhojen;1
1306;137/2016;2016_137_384;värillä;1
1306;137/2016;2016_137_384;sillä;1
1306;137/2016;2016_137_384;mitään;2
1306;137/2016;2016_137_384;tekemistä;1
1306;137/2016;2016_137_384;sen;3
1306;137/2016;2016_137_384;kuormituksen;1
1306;137/2016;2016_137_384;minun;1
1306;137/2016;2016_137_384;mielestä;1
1306;137/2016;2016_137_384;pöyristyttävää;1
1306;137/2016;2016_137_384;määrittele;1
1306;137/2016;2016_137_384;rajaa;1
1306;137/2016;2016_137_384;purkuputken;1
1306;137/2016;2016_137_384;etäisyyden;1
1306;137/2016;2016_137_384;pohjalta;1
1306;137/2016;2016_137_384;puhemies;2
1306;137/2016;2016_137_384;koputtaa;2
1306;137/2016;2016_137_384;millään;1
1306;137/2016;2016_137_384;muulla;1
1306;137/2016;2016_137_384;relevanssia;1
1306;137/2016;2016_137_384;koko;1
1306;137/2016;2016_137_384;asian;1
1306;137/2016;2016_137_384;olen;1
1306;137/2016;2016_137_384;syvästi;1
1306;137/2016;2016_137_384;pettynyt;1
1306;137/2016;2016_137_384;esitykseen;1
1306;137/2016;2016_137_384;näiltä;1
1306;137/2016;2016_137_384;osin;1
1306;137/2016;2016_137_384;lisäksi;1
1306;137/2016;2016_137_384;puuttuu;1
1306;137/2016;2016_137_384;kuntien;1
1306;137/2016;2016_137_384;itsemääräämisoikeuteen;1
1306;137/2016;2016_137_384;ihan;1
1306;137/2016;2016_137_384;hassi;1
1306;137/2016;2016_137_384;voin;1
1306;137/2016;2016_137_384;sanoa;1
1306;137/2016;2016_137_384;varmaan;1
1306;137/2016;2016_137_384;keskustan;1
1306;137/2016;2016_137_384;perusperiaatteiden;1
1306;137/2016;2016_137_384;mukaista;1
1306;137/2016;2016_137_384;eikä;1
1306;137/2016;2016_137_384;edistä;1
1306;137/2016;2016_137_384;normien;1
1306;137/2016;2016_137_384;purkuakaan;1
1306;137/2016;2016_137_384;kiitos;1
1306;138/2016;2016_138_73;värderade;1
1306;138/2016;2016_138_73;talman;1
1306;138/2016;2016_138_73;kohdassa;1
1306;138/2016;2016_138_73;oli;1
1306;138/2016;2016_138_73;tarkoitus;1
1306;138/2016;2016_138_73;äänestää;1
1306;138/2016;2016_138_73;ei;1
1306;7/2017;2017_7_13;värderade;1
1306;7/2017;2017_7_13;talman;1
1306;7/2017;2017_7_13;det;4
1306;7/2017;2017_7_13;är;4
1306;7/2017;2017_7_13;bra;1
1306;7/2017;2017_7_13;att;5
1306;7/2017;2017_7_13;regeringen;2
1306;7/2017;2017_7_13;gör;1
1306;7/2017;2017_7_13;en;3
1306;7/2017;2017_7_13;redogörelse;1
1306;7/2017;2017_7_13;och;5
1306;7/2017;2017_7_13;vi;3
1306;7/2017;2017_7_13;här;2
1306;7/2017;2017_7_13;kommer;1
1306;7/2017;2017_7_13;åt;1
1306;7/2017;2017_7_13;debattera;1
1306;7/2017;2017_7_13;den;4
1306;7/2017;2017_7_13;implementeringen;1
1306;7/2017;2017_7_13;direkt;1
1306;7/2017;2017_7_13;underställd;1
1306;7/2017;2017_7_13;ska;1
1306;7/2017;2017_7_13;ni;1
1306;7/2017;2017_7_13;ha;1
1306;7/2017;2017_7_13;tack;1
1306;7/2017;2017_7_13;för;1
1306;7/2017;2017_7_13;genom;1
1306;7/2017;2017_7_13;hela;1
1306;7/2017;2017_7_13;redogörelsen;1
1306;7/2017;2017_7_13;lyser;1
1306;7/2017;2017_7_13;vilja;1
1306;7/2017;2017_7_13;ta;1
1306;7/2017;2017_7_13;problemet;1
1306;7/2017;2017_7_13;finns;1
1306;7/2017;2017_7_13;analys;1
1306;7/2017;2017_7_13;täcker;1
1306;7/2017;2017_7_13;ett;2
1306;7/2017;2017_7_13;brett;1
1306;7/2017;2017_7_13;fält;1
1306;7/2017;2017_7_13;hållbar;1
1306;7/2017;2017_7_13;utveckling;1
1306;7/2017;2017_7_13;inte;2
1306;7/2017;2017_7_13;bara;2
1306;7/2017;2017_7_13;miljö;1
1306;7/2017;2017_7_13;klimat;1
1306;7/2017;2017_7_13;ekonomi;1
1306;7/2017;2017_7_13;eller;1
1306;7/2017;2017_7_13;sociala;1
1306;7/2017;2017_7_13;frågor;1
1306;7/2017;2017_7_13;agenda;1
1306;7/2017;2017_7_13;handlar;1
1306;7/2017;2017_7_13;också;1
1306;7/2017;2017_7_13;om;2
1306;7/2017;2017_7_13;allas;1
1306;7/2017;2017_7_13;rätt;1
1306;7/2017;2017_7_13;till;1
1306;7/2017;2017_7_13;vatten;1
1306;7/2017;2017_7_13;arbete;1
1306;7/2017;2017_7_13;hälsa;1
1306;7/2017;2017_7_13;med;1
1306;7/2017;2017_7_13;särskild;1
1306;7/2017;2017_7_13;fokus;1
1306;7/2017;2017_7_13;på;2
1306;7/2017;2017_7_13;kvinnors;1
1306;7/2017;2017_7_13;flickors;1
1306;7/2017;2017_7_13;rättigheter;1
1306;7/2017;2017_7_13;hur;1
1306;7/2017;2017_7_13;lever;1
1306;7/2017;2017_7_13;hållbart;1
1306;7/2017;2017_7_13;mest;1
1306;7/2017;2017_7_13;elementära;1
1306;7/2017;2017_7_13;frågan;1
1306;7/2017;2017_7_13;man;2
1306;7/2017;2017_7_13;kan;1
1306;7/2017;2017_7_13;ställa;1
1306;7/2017;2017_7_13;sig;1
1306;7/2017;2017_7_13;bor;1
1306;7/2017;2017_7_13;klot;1
1306;7/2017;2017_7_13;som;1
1306;23/2017;2017_23_125;värderade;1
1306;23/2017;2017_23_125;talman;1
1306;23/2017;2017_23_125;inför;2
1306;23/2017;2017_23_125;varje;2
1306;23/2017;2017_23_125;reform;1
1306;23/2017;2017_23_125;förändring;1
1306;23/2017;2017_23_125;är;4
1306;23/2017;2017_23_125;det;4
1306;23/2017;2017_23_125;bra;1
1306;23/2017;2017_23_125;att;1
1306;23/2017;2017_23_125;se;1
1306;23/2017;2017_23_125;var;3
1306;23/2017;2017_23_125;man;1
1306;23/2017;2017_23_125;ligger;1
1306;23/2017;2017_23_125;vilket;1
1306;23/2017;2017_23_125;utgångsläget;1
1306;23/2017;2017_23_125;och;2
1306;23/2017;2017_23_125;sedan;1
1306;23/2017;2017_23_125;dra;1
1306;23/2017;2017_23_125;sina;1
1306;23/2017;2017_23_125;slutsatser;1
1306;23/2017;2017_23_125;vi;2
1306;23/2017;2017_23_125;vet;1
1306;23/2017;2017_23_125;en;1
1306;23/2017;2017_23_125;nordisk;1
1306;23/2017;2017_23_125;jämförelse;1
1306;23/2017;2017_23_125;har;1
1306;23/2017;2017_23_125;finland;1
1306;23/2017;2017_23_125;högsta;1
1306;23/2017;2017_23_125;antalet;2
1306;23/2017;2017_23_125;så;2
1306;23/2017;2017_23_125;kallade;1
1306;23/2017;2017_23_125;neet-ungdomar;1
1306;23/2017;2017_23_125;neither;1
1306;23/2017;2017_23_125;in;2
1306;23/2017;2017_23_125;employment;1
1306;23/2017;2017_23_125;nor;1
1306;23/2017;2017_23_125;education;1
1306;23/2017;2017_23_125;or;1
1306;23/2017;2017_23_125;training;1
1306;23/2017;2017_23_125;år;1
1306;23/2017;2017_23_125;här;1
1306;23/2017;2017_23_125;procent;1
1306;23/2017;2017_23_125;nästan;1
1306;23/2017;2017_23_125;dubbelt;1
1306;23/2017;2017_23_125;många;1
1306;23/2017;2017_23_125;som;1
1306;23/2017;2017_23_125;de;1
1306;23/2017;2017_23_125;övriga;1
1306;23/2017;2017_23_125;nordiska;1
1306;23/2017;2017_23_125;länderna;1
1306;27/2017;2017_27_7;arvoisa;1
1306;27/2017;2017_27_7;puhemies;1
1306;27/2017;2017_27_7;kannatan;1
1306;27/2017;2017_27_10;arvoisa;1
1306;27/2017;2017_27_10;puhemies;1
1306;27/2017;2017_27_10;kannatan;1
1306;27/2017;2017_27_15;arvoisa;1
1306;27/2017;2017_27_15;puhemies;1
1306;27/2017;2017_27_15;kannatan;1
1306;40/2017;2017_40_51;arvoisa;1
1306;40/2017;2017_40_51;puhemies;1
1306;40/2017;2017_40_51;ärade;1
1306;40/2017;2017_40_51;talman;1
1306;40/2017;2017_40_51;under;1
1306;40/2017;2017_40_51;förra;1
1306;40/2017;2017_40_51;regeringsperioden;1
1306;40/2017;2017_40_51;skrek;1
1306;40/2017;2017_40_51;oppositionen;1
1306;40/2017;2017_40_51;med;2
1306;40/2017;2017_40_51;sannfinländarna;1
1306;40/2017;2017_40_51;spetsen;1
1306;40/2017;2017_40_51;högan;1
1306;40/2017;2017_40_51;sky;1
1306;40/2017;2017_40_51;att;1
1306;40/2017;2017_40_51;antalet;2
1306;40/2017;2017_40_51;poliser;2
1306;40/2017;2017_40_51;absolut;1
1306;40/2017;2017_40_51;inte;1
1306;40/2017;2017_40_51;får;1
1306;40/2017;2017_40_51;sjunka;1
1306;40/2017;2017_40_51;nu;1
1306;40/2017;2017_40_51;tänker;1
1306;40/2017;2017_40_51;den;1
1306;40/2017;2017_40_51;sittande;1
1306;40/2017;2017_40_51;regeringen;1
1306;40/2017;2017_40_51;samma;1
1306;40/2017;2017_40_51;sannfinländare;1
1306;40/2017;2017_40_51;drastiskt;1
1306;40/2017;2017_40_51;sänka;1
1306;42/2017;2017_42_23;värderade;1
1306;42/2017;2017_42_23;talman;1
1306;42/2017;2017_42_23;ihan;2
1306;42/2017;2017_42_23;kuten;1
1306;42/2017;2017_42_23;tässä;1
1306;42/2017;2017_42_23;on;8
1306;42/2017;2017_42_23;tullut;1
1306;42/2017;2017_42_23;monesti;1
1306;42/2017;2017_42_23;esille;1
1306;42/2017;2017_42_23;niin;7
1306;42/2017;2017_42_23;siirtymäaikahan;1
1306;42/2017;2017_42_23;ei;3
1306;42/2017;2017_42_23;ole;2
1306;42/2017;2017_42_23;millään;1
1306;42/2017;2017_42_23;muotoa;1
1306;42/2017;2017_42_23;uusi;1
1306;42/2017;2017_42_23;tieto;1
1306;42/2017;2017_42_23;kahdeksan;3
1306;42/2017;2017_42_23;vuotta;4
1306;42/2017;2017_42_23;pitkä;1
1306;42/2017;2017_42_23;aika;1
1306;42/2017;2017_42_23;ja;5
1306;42/2017;2017_42_23;voi;1
1306;42/2017;2017_42_23;olla;1
1306;42/2017;2017_42_23;että;3
1306;42/2017;2017_42_23;ellei;2
1306;42/2017;2017_42_23;toimi;1
1306;42/2017;2017_42_23;vastuullisesti;1
1306;42/2017;2017_42_23;lähde;1
1306;42/2017;2017_42_23;toimenpiteisiin;1
1306;42/2017;2017_42_23;tämän;2
1306;42/2017;2017_42_23;tiedossa;1
1306;42/2017;2017_42_23;olevan;1
1306;42/2017;2017_42_23;ajan;1
1306;42/2017;2017_42_23;puitteissa;1
1306;42/2017;2017_42_23;silloin;2
1306;42/2017;2017_42_23;annetaan;1
1306;42/2017;2017_42_23;lisäaikaa;1
1306;42/2017;2017_42_23;onhan;2
1306;42/2017;2017_42_23;se;3
1306;42/2017;2017_42_23;mahdottoman;1
1306;42/2017;2017_42_23;huono;1
1306;42/2017;2017_42_23;käytäntö;1
1306;42/2017;2017_42_23;aikoinaan;1
1306;42/2017;2017_42_23;tuli;1
1306;42/2017;2017_42_23;vaikka;2
1306;42/2017;2017_42_23;esitys;1
1306;42/2017;2017_42_23;oli;2
1306;42/2017;2017_42_23;neljä;1
1306;42/2017;2017_42_23;jo;2
1306;42/2017;2017_42_23;pidennys;1
1306;42/2017;2017_42_23;siitä;2
1306;42/2017;2017_42_23;nyt;3
1306;42/2017;2017_42_23;tätä;1
1306;42/2017;2017_42_23;kahdeksaa;1
1306;42/2017;2017_42_23;halutaan;2
1306;42/2017;2017_42_23;taas;1
1306;42/2017;2017_42_23;pidentää;1
1306;42/2017;2017_42_23;viiteentoista;1
1306;42/2017;2017_42_23;tämä;3
1306;42/2017;2017_42_23;kuin;2
1306;42/2017;2017_42_23;loputonta;1
1306;42/2017;2017_42_23;vatulointia;1
1306;42/2017;2017_42_23;joka;1
1306;42/2017;2017_42_23;minusta;2
1306;42/2017;2017_42_23;laitoksen;1
1306;42/2017;2017_42_23;arvon;1
1306;42/2017;2017_42_23;mukaista;1
1306;42/2017;2017_42_23;mitä;1
1306;42/2017;2017_42_23;tulee;1
1306;42/2017;2017_42_23;taloudellisiin;1
1306;42/2017;2017_42_23;vaikutuksiin;1
1306;42/2017;2017_42_23;saamelaiskäräjien;1
1306;42/2017;2017_42_23;mukaan;1
1306;42/2017;2017_42_23;tällä;1
1306;42/2017;2017_42_23;ollut;1
1306;42/2017;2017_42_23;vaikutuksia;1
1306;42/2017;2017_42_23;paitsi;1
1306;42/2017;2017_42_23;itse;1
1306;42/2017;2017_42_23;jokeen;1
1306;42/2017;2017_42_23;myöskin;2
1306;42/2017;2017_42_23;inarijärveen;1
1306;42/2017;2017_42_23;siellä;1
1306;42/2017;2017_42_23;kalastuselinkeino;1
1306;42/2017;2017_42_23;kärsinyt;1
1306;42/2017;2017_42_23;matkailu;2
1306;42/2017;2017_42_23;sen;1
1306;42/2017;2017_42_23;myötä;1
1306;42/2017;2017_42_23;kun;1
1306;42/2017;2017_42_23;vertaa;1
1306;42/2017;2017_42_23;matkailua;1
1306;42/2017;2017_42_23;kullankaivuuta;1
1306;42/2017;2017_42_23;noin;1
1306;42/2017;2017_42_23;liiketoimintana;1
1306;42/2017;2017_42_23;tai;1
1306;42/2017;2017_42_23;taloudelle;1
1306;42/2017;2017_42_23;generoituvien;1
1306;42/2017;2017_42_23;tulojen;1
1306;42/2017;2017_42_23;kautta;2
1306;42/2017;2017_42_23;ilmeistä;1
1306;42/2017;2017_42_23;niistä;1
1306;42/2017;2017_42_23;tärkeämpi;1
1306;42/2017;2017_42_23;vuonna;1
1306;42/2017;2017_42_23;uutisoitiin;1
1306;42/2017;2017_42_23;lopullisesti;1
1306;42/2017;2017_42_23;lyöty;1
1306;42/2017;2017_42_23;lukkoon;1
1306;42/2017;2017_42_23;asia;1
1306;42/2017;2017_42_23;mutta;1
1306;42/2017;2017_42_23;sitten;1
1306;42/2017;2017_42_23;muutaman;1
1306;42/2017;2017_42_23;vuoden;1
1306;42/2017;2017_42_23;jälkeen;1
1306;42/2017;2017_42_23;vatulointi;1
1306;42/2017;2017_42_23;jatkuu;1
1306;42/2017;2017_42_23;tällaisen;1
1306;42/2017;2017_42_23;hyvin;1
1306;42/2017;2017_42_23;erikoisen;1
1306;42/2017;2017_42_23;koukkauksen;1
1306;42/2017;2017_42_23;päätettyä;1
1306;42/2017;2017_42_23;asiaa;1
1306;42/2017;2017_42_23;muuttaa;1
1306;42/2017;2017_42_23;tavattoman;1
1306;42/2017;2017_42_23;erikoista;1
1306;42/2017;2017_42_23;toimintaa;1
1306;42/2017;2017_42_23;huonoa;1
1306;42/2017;2017_42_23;lainsäädäntöä;1
1306;42/2017;2017_42_23;millä;1
1306;42/2017;2017_42_23;tahansa;1
1306;42/2017;2017_42_23;mittarilla;1
1306;42/2017;2017_42_23;mitattuna;1
1306;47/2017;2017_47_116;värderade;1
1306;47/2017;2017_47_116;talman;1
1306;47/2017;2017_47_116;moni;1
1306;47/2017;2017_47_116;merkki;1
1306;47/2017;2017_47_116;viittaa;1
1306;47/2017;2017_47_116;siihen;3
1306;47/2017;2017_47_116;että;8
1306;47/2017;2017_47_116;talouden;1
1306;47/2017;2017_47_116;suunta;1
1306;47/2017;2017_47_116;on;14
1306;47/2017;2017_47_116;kääntynyt;1
1306;47/2017;2017_47_116;parempaan;1
1306;47/2017;2017_47_116;se;10
1306;47/2017;2017_47_116;hyvä;2
1306;47/2017;2017_47_116;asia;1
1306;47/2017;2017_47_116;mutta;5
1306;47/2017;2017_47_116;nousu;1
1306;47/2017;2017_47_116;kuitenkin;3
1306;47/2017;2017_47_116;vielä;4
1306;47/2017;2017_47_116;hyvin;4
1306;47/2017;2017_47_116;heiveröinen;2
1306;47/2017;2017_47_116;tänä;1
1306;47/2017;2017_47_116;vuonna;1
1306;47/2017;2017_47_116;bktn;1
1306;47/2017;2017_47_116;ennustetaan;1
1306;47/2017;2017_47_116;kasvavan;1
1306;47/2017;2017_47_116;prosenttia;1
1306;47/2017;2017_47_116;kaukana;2
1306;47/2017;2017_47_116;hallituksen;3
1306;47/2017;2017_47_116;tavoitteista;1
1306;47/2017;2017_47_116;ja;8
1306;47/2017;2017_47_116;siitä;5
1306;47/2017;2017_47_116;tasosta;1
1306;47/2017;2017_47_116;joka;2
1306;47/2017;2017_47_116;vaaditaan;1
1306;47/2017;2017_47_116;päästäisiin;1
1306;47/2017;2017_47_116;prosentin;1
1306;47/2017;2017_47_116;työllisyysasteeseen;1
1306;47/2017;2017_47_116;mistä;1
1306;47/2017;2017_47_116;kasvumme;1
1306;47/2017;2017_47_116;sitten;1
1306;47/2017;2017_47_116;muodostuu;2
1306;47/2017;2017_47_116;pääosin;1
1306;47/2017;2017_47_116;kotimaisesta;1
1306;47/2017;2017_47_116;kulutuksesta;1
1306;47/2017;2017_47_116;erityisesti;1
1306;47/2017;2017_47_116;rakentamisesta;1
1306;47/2017;2017_47_116;helsinki;1
1306;47/2017;2017_47_116;muut;1
1306;47/2017;2017_47_116;kasvukeskukset;1
1306;47/2017;2017_47_116;rakentavat;1
1306;47/2017;2017_47_116;muu;1
1306;47/2017;2017_47_116;maa;2
1306;47/2017;2017_47_116;näivettyy;1
1306;47/2017;2017_47_116;vienti;1
1306;47/2017;2017_47_116;ei;10
1306;47/2017;2017_47_116;valitettavasti;1
1306;47/2017;2017_47_116;vedä;1
1306;47/2017;2017_47_116;kapea-alaista;1
1306;47/2017;2017_47_116;tässä;1
1306;47/2017;2017_47_116;eivät;1
1306;47/2017;2017_47_116;ole;4
1306;47/2017;2017_47_116;vakaan;2
1306;47/2017;2017_47_116;kasvun;2
1306;47/2017;2017_47_116;rakenteellisesti;1
1306;47/2017;2017_47_116;ainekset;1
1306;47/2017;2017_47_116;työttömyys;1
1306;47/2017;2017_47_116;laskenut;1
1306;47/2017;2017_47_116;viime;1
1306;47/2017;2017_47_116;vuodesta;1
1306;47/2017;2017_47_116;työttömällä;1
1306;47/2017;2017_47_116;ihmistä;1
1306;47/2017;2017_47_116;joille;1
1306;47/2017;2017_47_116;tämä;2
1306;47/2017;2017_47_116;päivä;1
1306;47/2017;2017_47_116;näyttää;1
1306;47/2017;2017_47_116;valoisamalta;1
1306;47/2017;2017_47_116;kuin;1
1306;47/2017;2017_47_116;eilinen;1
1306;47/2017;2017_47_116;samaan;1
1306;47/2017;2017_47_116;aikaan;1
1306;47/2017;2017_47_116;komissio;1
1306;47/2017;2017_47_116;arvioi;1
1306;47/2017;2017_47_116;rakenteellisen;2
1306;47/2017;2017_47_116;työttömyyden;2
1306;47/2017;2017_47_116;osuus;1
1306;47/2017;2017_47_116;sen;2
1306;47/2017;2017_47_116;määrän;1
1306;47/2017;2017_47_116;ero;1
1306;47/2017;2017_47_116;kausitasoitettuun;1
1306;47/2017;2017_47_116;työttömien;1
1306;47/2017;2017_47_116;määrään;1
1306;47/2017;2017_47_116;pieni;1
1306;47/2017;2017_47_116;kappaletta;1
1306;47/2017;2017_47_116;heidän;1
1306;47/2017;2017_47_116;saamisensa;1
1306;47/2017;2017_47_116;töihin;1
1306;47/2017;2017_47_116;saattaa;1
1306;47/2017;2017_47_116;onnistua;1
1306;47/2017;2017_47_116;taltuttaminen;1
1306;47/2017;2017_47_116;vaatii;1
1306;47/2017;2017_47_116;rakenteellisia;2
1306;47/2017;2017_47_116;toimia;2
1306;47/2017;2017_47_116;niitä;1
1306;47/2017;2017_47_116;emme;2
1306;47/2017;2017_47_116;esityksistä;1
1306;47/2017;2017_47_116;löytäneet;1
1306;47/2017;2017_47_116;etteikö;1
1306;47/2017;2017_47_116;löytyisi;1
1306;47/2017;2017_47_116;hyviäkin;1
1306;47/2017;2017_47_116;alkioita;1
1306;47/2017;2017_47_116;aktivointimallissa;1
1306;47/2017;2017_47_116;paljon;1
1306;47/2017;2017_47_116;positiivista;1
1306;47/2017;2017_47_116;kuten;2
1306;47/2017;2017_47_116;työttömälle;1
1306;47/2017;2017_47_116;sivutoimisen;1
1306;47/2017;2017_47_116;yrittämisen;1
1306;47/2017;2017_47_116;mahdollistaminen;1
1306;47/2017;2017_47_116;konkurssilainsäädäntöä;1
1306;47/2017;2017_47_116;uudistetaan;1
1306;47/2017;2017_47_116;olemme;1
1306;47/2017;2017_47_116;iloisia;1
1306;47/2017;2017_47_116;hallitus;4
1306;47/2017;2017_47_116;enää;1
1306;47/2017;2017_47_116;puolusta;1
1306;47/2017;2017_47_116;päiväkotimaksujen;1
1306;47/2017;2017_47_116;korotuksia;1
1306;47/2017;2017_47_116;vaan;1
1306;47/2017;2017_47_116;siirtynyt;1
1306;47/2017;2017_47_116;kehumaan;1
1306;47/2017;2017_47_116;maksujen;1
1306;47/2017;2017_47_116;madaltamisen;1
1306;47/2017;2017_47_116;autuutta;1
1306;47/2017;2017_47_116;näin;1
1306;47/2017;2017_47_116;ajat;1
1306;47/2017;2017_47_116;muuttuvat;1
1306;47/2017;2017_47_116;näillä;1
1306;47/2017;2017_47_116;toimilla;1
1306;47/2017;2017_47_116;rakenteellista;1
1306;47/2017;2017_47_116;työttömyyttä;1
1306;47/2017;2017_47_116;korjata;1
1306;47/2017;2017_47_116;tietää;1
1306;47/2017;2017_47_116;mitä;1
1306;47/2017;2017_47_116;tekoja;1
1306;47/2017;2017_47_116;vaatisi;2
1306;47/2017;2017_47_116;vanhempainvapaat;1
1306;47/2017;2017_47_116;uudistettaisiin;1
1306;47/2017;2017_47_116;mikä;1
1306;47/2017;2017_47_116;helpottaisi;1
1306;47/2017;2017_47_116;naisten;1
1306;47/2017;2017_47_116;asemaa;3
1306;47/2017;2017_47_116;työmarkkinoilla;2
1306;47/2017;2017_47_116;hannu;1
1306;47/2017;2017_47_116;hoskonen;1
1306;47/2017;2017_47_116;miten;1
1306;47/2017;2017_47_116;helpottaa;1
1306;47/2017;2017_47_116;naisen;1
1306;47/2017;2017_47_116;myös;1
1306;47/2017;2017_47_116;naisvaltaisten;1
1306;47/2017;2017_47_116;yritysten;1
1306;47/2017;2017_47_116;voin;1
1306;47/2017;2017_47_116;selittää;1
1306;47/2017;2017_47_116;hetken;1
1306;47/2017;2017_47_116;kuluttua;1
1306;47/2017;2017_47_116;muutos;1
1306;47/2017;2017_47_116;tapahtuisi;1
1306;47/2017;2017_47_116;nopeasti;1
1306;47/2017;2017_47_116;olisi;2
1306;47/2017;2017_47_116;varma;1
1306;47/2017;2017_47_116;tähän;3
1306;47/2017;2017_47_116;löytyy;1
1306;47/2017;2017_47_116;useita;1
1306;47/2017;2017_47_116;malleja;1
1306;47/2017;2017_47_116;joista;1
1306;47/2017;2017_47_116;sakn;1
1306;47/2017;2017_47_116;esittämä;1
1306;47/2017;2017_47_116;malli;1
1306;47/2017;2017_47_116;jopa;1
1306;47/2017;2017_47_116;kustannusneutraali;1
1306;47/2017;2017_47_116;tasa-arvokysymys;1
1306;47/2017;2017_47_116;työllisyyskysymys;1
1306;47/2017;2017_47_116;myöskin;1
1306;47/2017;2017_47_116;kilpailukykykysymys;1
1306;47/2017;2017_47_116;ylläpitää;1
1306;47/2017;2017_47_116;rakenteita;1
1306;47/2017;2017_47_116;jotka;1
1306;47/2017;2017_47_116;aiheuttavat;1
1306;47/2017;2017_47_116;saa;1
1306;47/2017;2017_47_116;kaikkia;1
1306;47/2017;2017_47_116;resursseja;1
1306;47/2017;2017_47_116;käyttöömme;1
1306;47/2017;2017_47_116;kilpailukykyinen;1
1306;47/2017;2017_47_116;huolimatta;3
1306;47/2017;2017_47_116;halua;1
1306;47/2017;2017_47_116;puuttua;1
1306;47/2017;2017_47_116;keskusta;1
1306;47/2017;2017_47_116;kokoomus;1
1306;47/2017;2017_47_116;suostuvat;1
1306;47/2017;2017_47_116;perussuomalaiset;1
1306;47/2017;2017_47_116;estävät;1
1306;47/2017;2017_47_116;uudistuksia;1
1306;47/2017;2017_47_116;hallitusohjelma;1
1306;47/2017;2017_47_116;jota;1
1306;47/2017;2017_47_116;väitetään;1
1306;47/2017;2017_47_116;strategiseksi;1
1306;47/2017;2017_47_116;sisältää;1
1306;47/2017;2017_47_116;strategisen;1
1306;47/2017;2017_47_116;työllisyystavoitteen;1
1306;47/2017;2017_47_116;tavoitteeseen;1
1306;47/2017;2017_47_116;pääsyä;1
1306;47/2017;2017_47_116;priorisoida;1
1306;47/2017;2017_47_116;koska;1
1306;47/2017;2017_47_116;hallitusohjelmasta;1
1306;47/2017;2017_47_116;puuttuu;1
1306;47/2017;2017_47_116;teknisiä;1
1306;47/2017;2017_47_116;kirjauksia;1
1306;47/2017;2017_47_116;tekninen;1
1306;47/2017;2017_47_116;luettelo;1
1306;47/2017;2017_47_116;asioista;1
1306;47/2017;2017_47_116;joita;1
1306;47/2017;2017_47_116;saattaisi;1
1306;47/2017;2017_47_116;harkita;1
1306;47/2017;2017_47_116;tällainen;1
1306;47/2017;2017_47_116;tapa;1
1306;47/2017;2017_47_116;tehdä;1
1306;47/2017;2017_47_116;työtä;1
1306;47/2017;2017_47_116;strateginen;1
1306;59/2017;2017_59_11;ärade;2
1306;59/2017;2017_59_11;talman;2
1306;59/2017;2017_59_11;arvoisa;1
1306;59/2017;2017_59_11;puhemies;1
1306;59/2017;2017_59_11;det;1
1306;59/2017;2017_59_11;råder;1
1306;59/2017;2017_59_11;ingen;1
1306;59/2017;2017_59_11;brist;1
1306;59/2017;2017_59_11;på;2
1306;59/2017;2017_59_11;strategipapper;1
1306;59/2017;2017_59_11;somliga;2
1306;59/2017;2017_59_11;tas;1
1306;59/2017;2017_59_11;beaktande;1
1306;59/2017;2017_59_11;andra;2
1306;59/2017;2017_59_11;läggs;1
1306;59/2017;2017_59_11;längst;1
1306;59/2017;2017_59_11;ner;1
1306;59/2017;2017_59_11;hyllan;1
1306;59/2017;2017_59_11;för;1
1306;59/2017;2017_59_11;att;1
1306;59/2017;2017_59_11;samla;1
1306;59/2017;2017_59_11;damm;1
1306;59/2017;2017_59_11;är;2
1306;59/2017;2017_59_11;viktiga;1
1306;59/2017;2017_59_11;försumbara;1
1306;59/2017;2017_59_11;den;2
1306;59/2017;2017_59_11;här;1
1306;59/2017;2017_59_11;strategin;1
1306;59/2017;2017_59_11;hör;1
1306;59/2017;2017_59_11;till;1
1306;59/2017;2017_59_11;förra;1
1306;59/2017;2017_59_11;kategorin;1
1306;59/2017;2017_59_11;klimat;1
1306;59/2017;2017_59_11;och;1
1306;59/2017;2017_59_11;energi;1
1306;59/2017;2017_59_11;om;1
1306;59/2017;2017_59_11;något;1
1306;59/2017;2017_59_11;av;1
1306;59/2017;2017_59_11;helt;1
1306;59/2017;2017_59_11;avgörande;1
1306;59/2017;2017_59_11;betydelse;1
1306;59/2017;2017_59_11;när;1
1306;59/2017;2017_59_11;vi;1
1306;59/2017;2017_59_11;diskuterar;1
1306;59/2017;2017_59_11;framtidens;1
1306;59/2017;2017_59_11;utmaningar;1
1306;62/2017;2017_62_96;arvoisa;2
1306;62/2017;2017_62_96;puhemies;2
1306;62/2017;2017_62_96;värderade;1
1306;62/2017;2017_62_96;talman;1
1306;62/2017;2017_62_96;joku;1
1306;62/2017;2017_62_96;voisi;1
1306;62/2017;2017_62_96;ajatella;1
1306;62/2017;2017_62_96;että;13
1306;62/2017;2017_62_96;tässä;6
1306;62/2017;2017_62_96;keskustellaan;3
1306;62/2017;2017_62_96;pelkästä;3
1306;62/2017;2017_62_96;kansalaisaloitteesta;1
1306;62/2017;2017_62_96;sairaalasta;1
1306;62/2017;2017_62_96;oikeudesta;1
1306;62/2017;2017_62_96;tasavertaiseen;1
1306;62/2017;2017_62_96;hoitoon;1
1306;62/2017;2017_62_96;pelkästään;1
1306;62/2017;2017_62_96;siitä;2
1306;62/2017;2017_62_96;jokaisella;1
1306;62/2017;2017_62_96;suomalaisella;1
1306;62/2017;2017_62_96;tulisi;2
1306;62/2017;2017_62_96;olla;2
1306;62/2017;2017_62_96;mahdollisimman;1
1306;62/2017;2017_62_96;tasavertaiset;1
1306;62/2017;2017_62_96;palvelut;1
1306;62/2017;2017_62_96;kyllä;1
1306;62/2017;2017_62_96;me;2
1306;62/2017;2017_62_96;keskustelemme;1
1306;62/2017;2017_62_96;siitäkin;1
1306;62/2017;2017_62_96;mutta;1
1306;62/2017;2017_62_96;myös;2
1306;62/2017;2017_62_96;vielä;1
1306;62/2017;2017_62_96;isommasta;1
1306;62/2017;2017_62_96;kysymyksestä;1
1306;62/2017;2017_62_96;miten;2
1306;62/2017;2017_62_96;pääsimme;2
1306;62/2017;2017_62_96;siihen;2
1306;62/2017;2017_62_96;pisteeseen;2
1306;62/2017;2017_62_96;perustuslakia;1
1306;62/2017;2017_62_96;ei;6
1306;62/2017;2017_62_96;nähdä;1
1306;62/2017;2017_62_96;turvana;1
1306;62/2017;2017_62_96;vaan;1
1306;62/2017;2017_62_96;haittana;1
1306;62/2017;2017_62_96;näin;2
1306;62/2017;2017_62_96;monet;1
1306;62/2017;2017_62_96;hallituspuolueen;1
1306;62/2017;2017_62_96;edustajat;2
1306;62/2017;2017_62_96;ovat;3
1306;62/2017;2017_62_96;tuoneet;1
1306;62/2017;2017_62_96;esille;1
1306;62/2017;2017_62_96;eivät;2
1306;62/2017;2017_62_96;tosin;1
1306;62/2017;2017_62_96;tänään;1
1306;62/2017;2017_62_96;salissa;1
1306;62/2017;2017_62_96;olen;1
1306;62/2017;2017_62_96;iloinen;1
1306;62/2017;2017_62_96;perustuslailliset;2
1306;62/2017;2017_62_96;oikeudet;2
1306;62/2017;2017_62_96;se;8
1306;62/2017;2017_62_96;sekundäärinen;1
1306;62/2017;2017_62_96;huoli;1
1306;62/2017;2017_62_96;jotain;2
1306;62/2017;2017_62_96;jota;1
1306;62/2017;2017_62_96;tarkistetaan;1
1306;62/2017;2017_62_96;sen;1
1306;62/2017;2017_62_96;jälkeen;1
1306;62/2017;2017_62_96;kun;1
1306;62/2017;2017_62_96;poliittiset;1
1306;62/2017;2017_62_96;tavoitteet;1
1306;62/2017;2017_62_96;on;13
1306;62/2017;2017_62_96;saavutettu;1
1306;62/2017;2017_62_96;ministeri;1
1306;62/2017;2017_62_96;sipilän;1
1306;62/2017;2017_62_96;johdolla;1
1306;62/2017;2017_62_96;hallitus;1
1306;62/2017;2017_62_96;suhteessa;1
1306;62/2017;2017_62_96;poikennut;1
1306;62/2017;2017_62_96;aivan;1
1306;62/2017;2017_62_96;perustavaa;1
1306;62/2017;2017_62_96;laatua;1
1306;62/2017;2017_62_96;olevasta;1
1306;62/2017;2017_62_96;periaatteesta;1
1306;62/2017;2017_62_96;ja;4
1306;62/2017;2017_62_96;tämän;2
1306;62/2017;2017_62_96;asian;1
1306;62/2017;2017_62_96;pihvi;1
1306;62/2017;2017_62_96;asia;1
1306;62/2017;2017_62_96;minkä;1
1306;62/2017;2017_62_96;takia;1
1306;62/2017;2017_62_96;kaikkien;1
1306;62/2017;2017_62_96;huolestuneita;1
1306;62/2017;2017_62_96;tästä;1
1306;62/2017;2017_62_96;linjauksesta;1
1306;62/2017;2017_62_96;kokoomuksen;1
1306;62/2017;2017_62_96;keskustan;1
1306;62/2017;2017_62_96;kansanedustajien;1
1306;62/2017;2017_62_96;päivystysuudistuksen;1
1306;62/2017;2017_62_96;osalta;1
1306;62/2017;2017_62_96;tarkoitti;1
1306;62/2017;2017_62_96;osa;1
1306;62/2017;2017_62_96;kansasta;1
1306;62/2017;2017_62_96;huolissaan;1
1306;62/2017;2017_62_96;tulevaisuudestaan;1
1306;62/2017;2017_62_96;koska;1
1306;62/2017;2017_62_96;näkee;1
1306;62/2017;2017_62_96;linjanvedon;1
1306;62/2017;2017_62_96;enteenä;1
1306;62/2017;2017_62_96;muista;1
1306;62/2017;2017_62_96;tulevaisuuden;1
1306;62/2017;2017_62_96;linjanvedoista;1
1306;62/2017;2017_62_96;huomenna;1
1306;62/2017;2017_62_96;saattaa;1
1306;62/2017;2017_62_96;tarkoittaa;1
1306;62/2017;2017_62_96;muuta;1
1306;62/2017;2017_62_96;isoja;1
1306;62/2017;2017_62_96;periaatteita;1
1306;62/2017;2017_62_96;tule;1
1306;62/2017;2017_62_96;muuttaa;1
1306;62/2017;2017_62_96;kevyin;2
1306;62/2017;2017_62_96;perustein;2
1306;62/2017;2017_62_96;muiksi;1
1306;62/2017;2017_62_96;kuin;1
1306;62/2017;2017_62_96;kevyiksi;1
1306;62/2017;2017_62_96;perusteita;1
1306;62/2017;2017_62_96;voi;1
1306;62/2017;2017_62_96;arvioida;1
1306;62/2017;2017_62_96;jos;3
1306;62/2017;2017_62_96;niitä;2
1306;62/2017;2017_62_96;edes;2
1306;62/2017;2017_62_96;halua;1
1306;62/2017;2017_62_96;esittää;1
1306;62/2017;2017_62_96;hallituspuolueiden;1
1306;62/2017;2017_62_96;vaivaudu;1
1306;62/2017;2017_62_96;esittämään;1
1306;62/2017;2017_62_96;ainut;1
1306;62/2017;2017_62_96;peruste;1
1306;62/2017;2017_62_96;päätettiin;1
1306;62/2017;2017_62_96;lukumäärä;1
1306;62/2017;2017_62_96;sitä;1
1306;62/2017;2017_62_96;muuteta;1
1306;62/2017;2017_62_96;tai;1
1306;62/2017;2017_62_96;emme;1
1306;62/2017;2017_62_96;ehtineet;1
1306;62/2017;2017_62_96;tutkia;1
1306;62/2017;2017_62_96;niin;1
1306;62/2017;2017_62_96;silloin;1
1306;62/2017;2017_62_96;aikaisemmin;1
1306;62/2017;2017_62_96;kiveen;1
1306;62/2017;2017_62_96;hakattujen;1
1306;62/2017;2017_62_96;periaatteiden;1
1306;62/2017;2017_62_96;muuttaminen;1
1306;62/2017;2017_62_96;tehty;1
1306;62/2017;2017_62_96;kovin;1
1306;62/2017;2017_62_96;asiantuntemukseen;1
1306;62/2017;2017_62_96;kannattaa;1
1306;62/2017;2017_62_96;luottaa;1
1306;62/2017;2017_62_96;sitra;1
1306;62/2017;2017_62_96;todennut;1
1306;62/2017;2017_62_96;hallituksen;2
1306;62/2017;2017_62_96;linja;1
1306;62/2017;2017_62_96;kysymyksessä;1
1306;62/2017;2017_62_96;ole;1
1306;62/2017;2017_62_96;perusteltu;1
1306;62/2017;2017_62_96;thln;1
1306;62/2017;2017_62_96;mittaukset;1
1306;62/2017;2017_62_96;osoittavat;1
1306;62/2017;2017_62_96;vaasan;1
1306;62/2017;2017_62_96;keskussairaala;1
1306;62/2017;2017_62_96;maan;1
1306;62/2017;2017_62_96;kolmen;1
1306;62/2017;2017_62_96;parhaan;1
1306;62/2017;2017_62_96;sairaalan;1
1306;62/2017;2017_62_96;joukossa;1
1306;62/2017;2017_62_96;usealla;1
1306;62/2017;2017_62_96;mittarilla;1
1306;62/2017;2017_62_96;mitattuna;1
1306;62/2017;2017_62_96;ilmasto;1
1306;62/2017;2017_62_96;energiapoliittinen;1
1306;62/2017;2017_62_96;selonteko;1
1306;62/2017;2017_62_96;mielessä;1
1306;62/2017;2017_62_96;todettava;1
1306;62/2017;2017_62_96;vaasalla;1
1306;62/2017;2017_62_96;pohjoismaiden;1
1306;62/2017;2017_62_96;suurin;2
1306;62/2017;2017_62_96;hiilikädenjälki;1
1306;62/2017;2017_62_96;eli;1
1306;62/2017;2017_62_96;sillä;1
1306;62/2017;2017_62_96;positiivinen;1
1306;62/2017;2017_62_96;vaikutus;1
1306;62/2017;2017_62_96;päästöjen;1
1306;62/2017;2017_62_96;vähentämiseen;1
1306;62/2017;2017_62_96;maailmanlaajuisesti;1
1306;62/2017;2017_62_96;kaikista;1
1306;62/2017;2017_62_96;pohjoismaisista;1
1306;62/2017;2017_62_96;kaupungeista;1
1306;62/2017;2017_62_96;tätä;1
1306;62/2017;2017_62_96;kilpailu-etua;1
1306;62/2017;2017_62_96;halutaan;1
1306;62/2017;2017_62_96;nyt;1
1306;62/2017;2017_62_96;ehdoin;1
1306;62/2017;2017_62_96;tahdoin;1
1306;62/2017;2017_62_96;heikentää;1
1306;62/2017;2017_62_96;ilman;1
1306;62/2017;2017_62_96;perusteluja;1
1306;70/2017;2017_70_45;arvoisa;1
1306;70/2017;2017_70_45;puhemies;1
1306;70/2017;2017_70_45;ärade;1
1306;70/2017;2017_70_45;talman;1
1306;70/2017;2017_70_45;sote;1
1306;70/2017;2017_70_45;och;1
1306;70/2017;2017_70_45;landskapsreformens;1
1306;70/2017;2017_70_45;tidtabell;2
1306;70/2017;2017_70_45;verkar;1
1306;70/2017;2017_70_45;bli;1
1306;70/2017;2017_70_45;allt;1
1306;70/2017;2017_70_45;mer;1
1306;70/2017;2017_70_45;oklar;1
1306;70/2017;2017_70_45;det;2
1306;70/2017;2017_70_45;här;1
1306;70/2017;2017_70_45;påverkar;1
1306;70/2017;2017_70_45;direkt;1
1306;70/2017;2017_70_45;också;1
1306;70/2017;2017_70_45;eventuella;1
1306;70/2017;2017_70_45;landskapsvalets;1
1306;77/2017;2017_77_112;ärade;1
1306;77/2017;2017_77_112;talman;1
1306;77/2017;2017_77_112;arvoisa;1
1306;77/2017;2017_77_112;puhemies;1
1306;77/2017;2017_77_112;saimme;1
1306;77/2017;2017_77_112;juuri;1
1306;77/2017;2017_77_112;ennen;1
1306;77/2017;2017_77_112;juhannusta;1
1306;77/2017;2017_77_112;hyviä;1
1306;77/2017;2017_77_112;uutisia;1
1306;77/2017;2017_77_112;valtiovarainministeriön;1
1306;77/2017;2017_77_112;mukaan;1
1306;77/2017;2017_77_112;suomen;1
1306;77/2017;2017_77_112;bktn;1
1306;77/2017;2017_77_112;odotetaan;1
1306;77/2017;2017_77_112;kasvavan;1
1306;77/2017;2017_77_112;jopa;1
1306;77/2017;2017_77_112;prosenttia;1
1306;77/2017;2017_77_112;tämän;1
1306;77/2017;2017_77_112;vuoden;1
1306;77/2017;2017_77_112;aikana;1
1306;77/2017;2017_77_112;talouskasvu;1
1306;77/2017;2017_77_112;ei;1
1306;77/2017;2017_77_112;kuitenkaan;1
1306;77/2017;2017_77_112;yksinään;1
1306;77/2017;2017_77_112;takaa;1
1306;77/2017;2017_77_112;sitä;1
1306;77/2017;2017_77_112;että;1
1306;77/2017;2017_77_112;suomi;1
1306;77/2017;2017_77_112;myös;1
1306;77/2017;2017_77_112;tulevaisuudessa;1
1306;77/2017;2017_77_112;on;1
1306;77/2017;2017_77_112;menestyjien;1
1306;77/2017;2017_77_112;joukossa;1
1306;77/2017;2017_77_112;koulutus;1
1306;77/2017;2017_77_112;ja;1
1306;77/2017;2017_77_112;tutkimus;1
1306;77/2017;2017_77_112;ovat;1
1306;77/2017;2017_77_112;tässä;1
1306;77/2017;2017_77_112;avainroolissa;1
1306;79/2017;2017_79_66;arvoisa;1
1306;79/2017;2017_79_66;puhemies;1
1306;79/2017;2017_79_66;ärade;1
1306;79/2017;2017_79_66;talman;1
1306;79/2017;2017_79_66;medborgarorganisationerna;1
1306;79/2017;2017_79_66;har;1
1306;79/2017;2017_79_66;en;1
1306;79/2017;2017_79_66;viktig;1
1306;79/2017;2017_79_66;roll;1
1306;79/2017;2017_79_66;integrationen;1
1306;79/2017;2017_79_66;av;1
1306;79/2017;2017_79_66;invandrare;1
1306;79/2017;2017_79_66;och;1
1306;79/2017;2017_79_66;det;1
1306;79/2017;2017_79_66;är;1
1306;79/2017;2017_79_66;viktigt;1
1306;79/2017;2017_79_66;att;1
1306;79/2017;2017_79_66;de;1
1306;79/2017;2017_79_66;får;1
1306;79/2017;2017_79_66;stöd;1
1306;79/2017;2017_79_66;för;1
1306;79/2017;2017_79_66;sitt;1
1306;79/2017;2017_79_66;viktiga;1
1306;79/2017;2017_79_66;arbete;1
1306;81/2017;2017_81_63;ärade;1
1306;81/2017;2017_81_63;talman;1
1306;81/2017;2017_81_63;arvoisa;2
1306;81/2017;2017_81_63;puhemies;2
1306;81/2017;2017_81_63;regeringens;1
1306;81/2017;2017_81_63;proposition;1
1306;81/2017;2017_81_63;är;1
1306;81/2017;2017_81_63;välkommen;1
1306;81/2017;2017_81_63;men;1
1306;81/2017;2017_81_63;vi;1
1306;81/2017;2017_81_63;behöver;1
1306;81/2017;2017_81_63;mera;1
1306;81/2017;2017_81_63;on;14
1306;81/2017;2017_81_63;ehdottoman;1
1306;81/2017;2017_81_63;hyvä;1
1306;81/2017;2017_81_63;asia;3
1306;81/2017;2017_81_63;että;3
1306;81/2017;2017_81_63;tämän;1
1306;81/2017;2017_81_63;esityksen;1
1306;81/2017;2017_81_63;myötä;1
1306;81/2017;2017_81_63;helpotetaan;1
1306;81/2017;2017_81_63;suomalaisten;1
1306;81/2017;2017_81_63;yritysten;2
1306;81/2017;2017_81_63;mahdollisuuksia;1
1306;81/2017;2017_81_63;saada;1
1306;81/2017;2017_81_63;työvoimaa;1
1306;81/2017;2017_81_63;kausiluonteisesti;1
1306;81/2017;2017_81_63;mutta;2
1306;81/2017;2017_81_63;tämä;2
1306;81/2017;2017_81_63;ei;5
1306;81/2017;2017_81_63;kuitenkaan;1
1306;81/2017;2017_81_63;riitä;1
1306;81/2017;2017_81_63;hallituksen;1
1306;81/2017;2017_81_63;prosentin;2
1306;81/2017;2017_81_63;työllisyystavoite;1
1306;81/2017;2017_81_63;karkaamassa;1
1306;81/2017;2017_81_63;tulevaisuuteen;1
1306;81/2017;2017_81_63;ihmistä;1
1306;81/2017;2017_81_63;työllistyi;1
1306;81/2017;2017_81_63;viimeisen;1
1306;81/2017;2017_81_63;vuoden;1
1306;81/2017;2017_81_63;aikana;1
1306;81/2017;2017_81_63;se;3
1306;81/2017;2017_81_63;merkitsee;2
1306;81/2017;2017_81_63;lähinnä;1
1306;81/2017;2017_81_63;kosmeettista;1
1306;81/2017;2017_81_63;kasvua;1
1306;81/2017;2017_81_63;joka;2
1306;81/2017;2017_81_63;kerro;1
1306;81/2017;2017_81_63;nopeasta;1
1306;81/2017;2017_81_63;kasvusta;1
1306;81/2017;2017_81_63;tai;2
1306;81/2017;2017_81_63;dynaamisesta;1
1306;81/2017;2017_81_63;taloudesta;1
1306;81/2017;2017_81_63;ilmentymä;1
1306;81/2017;2017_81_63;tilanteesta;1
1306;81/2017;2017_81_63;jossa;3
1306;81/2017;2017_81_63;työmarkkinoiden;1
1306;81/2017;2017_81_63;katsotaan;1
1306;81/2017;2017_81_63;olevan;1
1306;81/2017;2017_81_63;nollasummapeli;1
1306;81/2017;2017_81_63;yhden;2
1306;81/2017;2017_81_63;onni;1
1306;81/2017;2017_81_63;toisen;1
1306;81/2017;2017_81_63;onnettomuus;1
1306;81/2017;2017_81_63;eli;1
1306;81/2017;2017_81_63;ihmisen;1
1306;81/2017;2017_81_63;työllistyminen;1
1306;81/2017;2017_81_63;potkuja;1
1306;81/2017;2017_81_63;jollekin;1
1306;81/2017;2017_81_63;toiselle;1
1306;81/2017;2017_81_63;uusia;1
1306;81/2017;2017_81_63;yrityksiä;1
1306;81/2017;2017_81_63;syntyy;1
1306;81/2017;2017_81_63;edelleen;2
1306;81/2017;2017_81_63;liian;2
1306;81/2017;2017_81_63;verkkaisesti;1
1306;81/2017;2017_81_63;ja;11
1306;81/2017;2017_81_63;kansainväliset;1
1306;81/2017;2017_81_63;suuryritykset;1
1306;81/2017;2017_81_63;perustavat;1
1306;81/2017;2017_81_63;konttoreitaan;1
1306;81/2017;2017_81_63;mieluummin;1
1306;81/2017;2017_81_63;naapurimaihin;1
1306;81/2017;2017_81_63;kääntäkäämme;1
1306;81/2017;2017_81_63;jälleen;1
1306;81/2017;2017_81_63;kerran;1
1306;81/2017;2017_81_63;katseemme;1
1306;81/2017;2017_81_63;ruotsiin;1
1306;81/2017;2017_81_63;ruotsissa;3
1306;81/2017;2017_81_63;todettiin;1
1306;81/2017;2017_81_63;reilut;1
1306;81/2017;2017_81_63;kymmenen;1
1306;81/2017;2017_81_63;vuotta;1
1306;81/2017;2017_81_63;sitten;2
1306;81/2017;2017_81_63;työn;1
1306;81/2017;2017_81_63;tarjonnan;1
1306;81/2017;2017_81_63;kasvattaminen;1
1306;81/2017;2017_81_63;lisää;1
1306;81/2017;2017_81_63;työllisyyttä;1
1306;81/2017;2017_81_63;näin;3
1306;81/2017;2017_81_63;myös;2
1306;81/2017;2017_81_63;käynyt;1
1306;81/2017;2017_81_63;samoihin;1
1306;81/2017;2017_81_63;aikoihin;1
1306;81/2017;2017_81_63;poistettiin;1
1306;81/2017;2017_81_63;työperäisen;1
1306;81/2017;2017_81_63;maahanmuuton;1
1306;81/2017;2017_81_63;saatavuusharkinta;2
1306;81/2017;2017_81_63;työllisyysaste;1
1306;81/2017;2017_81_63;näiden;1
1306;81/2017;2017_81_63;toimenpiteiden;1
1306;81/2017;2017_81_63;seurauksena;1
1306;81/2017;2017_81_63;pinnassa;1
1306;81/2017;2017_81_63;tukholma;1
1306;81/2017;2017_81_63;voittaa;1
1306;81/2017;2017_81_63;helsingin;1
1306;81/2017;2017_81_63;kun;2
1306;81/2017;2017_81_63;vertaillaan;1
1306;81/2017;2017_81_63;kansainvälisten;1
1306;81/2017;2017_81_63;suuryritysten;1
1306;81/2017;2017_81_63;konttoreiden;1
1306;81/2017;2017_81_63;sijainteja;1
1306;81/2017;2017_81_63;miksi;2
1306;81/2017;2017_81_63;suomi;1
1306;81/2017;2017_81_63;kansainvälisille;1
1306;81/2017;2017_81_63;toimijoille;1
1306;81/2017;2017_81_63;toki;1
1306;81/2017;2017_81_63;kotimaisillekin;1
1306;81/2017;2017_81_63;jäykkä;1
1306;81/2017;2017_81_63;toimintaympäristö;1
1306;81/2017;2017_81_63;yhä;1
1306;81/2017;2017_81_63;kansainvälistyvässä;1
1306;81/2017;2017_81_63;maailmassa;1
1306;81/2017;2017_81_63;tavara;1
1306;81/2017;2017_81_63;tieto;1
1306;81/2017;2017_81_63;siirtyvät;1
1306;81/2017;2017_81_63;esteittä;1
1306;81/2017;2017_81_63;yli;1
1306;81/2017;2017_81_63;rajojen;1
1306;81/2017;2017_81_63;ole;1
1306;81/2017;2017_81_63;perusteltua;1
1306;81/2017;2017_81_63;sitoa;1
1306;81/2017;2017_81_63;työpaikkoja;1
1306;81/2017;2017_81_63;ihmisten;1
1306;81/2017;2017_81_63;kansallisuuteen;1
1306;81/2017;2017_81_63;emme;1
1306;81/2017;2017_81_63;torjuisi;1
1306;81/2017;2017_81_63;aivovuotoa;1
1306;81/2017;2017_81_63;avaamalla;1
1306;81/2017;2017_81_63;ovet;1
1306;81/2017;2017_81_63;aidosti;1
1306;81/2017;2017_81_63;ilman;1
1306;81/2017;2017_81_63;ehtoja;1
1306;81/2017;2017_81_63;palkkarajoja;1
1306;81/2017;2017_81_63;ulkomaalaisille;1
1306;81/2017;2017_81_63;osaajille;2
1306;81/2017;2017_81_63;jotka;2
1306;81/2017;2017_81_63;maksavat;1
1306;81/2017;2017_81_63;veroja;1
1306;81/2017;2017_81_63;tuovat;1
1306;81/2017;2017_81_63;yhteyksiä;1
1306;81/2017;2017_81_63;vientimarkkinoille;1
1306;81/2017;2017_81_63;nostavat;1
1306;81/2017;2017_81_63;kilpailukykyä;1
1306;81/2017;2017_81_63;andreas;1
1306;81/2017;2017_81_63;hatzigeorgiun;1
1306;81/2017;2017_81_63;magnus;1
1306;81/2017;2017_81_63;lodefalkin;1
1306;81/2017;2017_81_63;örebron;1
1306;81/2017;2017_81_63;yliopistossa;1
1306;81/2017;2017_81_63;tekemät;1
1306;81/2017;2017_81_63;tutkimukset;1
1306;81/2017;2017_81_63;osoittavat;1
1306;81/2017;2017_81_63;ulkomaalaistaustaisen;1
1306;81/2017;2017_81_63;työntekijän;2
1306;81/2017;2017_81_63;palkkaamisen;1
1306;81/2017;2017_81_63;viennin;1
1306;81/2017;2017_81_63;kasvun;1
1306;81/2017;2017_81_63;välillä;1
1306;81/2017;2017_81_63;olemassa;1
1306;81/2017;2017_81_63;suora;1
1306;81/2017;2017_81_63;yhteys;1
1306;81/2017;2017_81_63;asettukaamme;1
1306;81/2017;2017_81_63;hetkeksi;1
1306;81/2017;2017_81_63;yrityksen;1
1306;81/2017;2017_81_63;kenkiin;1
1306;81/2017;2017_81_63;jos;1
1306;81/2017;2017_81_63;yksi;1
1306;81/2017;2017_81_63;maa;1
1306;81/2017;2017_81_63;tarjoaa;1
1306;81/2017;2017_81_63;ympäristön;1
1306;81/2017;2017_81_63;voi;1
1306;81/2017;2017_81_63;joustavasti;1
1306;81/2017;2017_81_63;palkata;1
1306;81/2017;2017_81_63;mahdollisimman;2
1306;81/2017;2017_81_63;hyvän;1
1306;81/2017;2017_81_63;hän;1
1306;81/2017;2017_81_63;kotimainen;1
1306;81/2017;2017_81_63;ulkomaalainen;1
1306;81/2017;2017_81_63;toinen;1
1306;81/2017;2017_81_63;tätä;1
1306;81/2017;2017_81_63;tee;1
1306;81/2017;2017_81_63;vaaka;1
1306;81/2017;2017_81_63;jo;1
1306;81/2017;2017_81_63;lähtökohtaisesti;1
1306;81/2017;2017_81_63;kallistunut;1
1306;81/2017;2017_81_63;joustavamman;1
1306;81/2017;2017_81_63;maan;1
1306;81/2017;2017_81_63;puolelle;1
1306;81/2017;2017_81_63;tästä;1
1306;81/2017;2017_81_63;huolimatta;1
1306;81/2017;2017_81_63;eu;1
1306;81/2017;2017_81_63;eta-alueen;1
1306;81/2017;2017_81_63;ulkopuolisen;1
1306;81/2017;2017_81_63;työvoiman;1
1306;81/2017;2017_81_63;vieläkin;1
1306;81/2017;2017_81_63;suomessa;1
1306;81/2017;2017_81_63;todellisuutta;2
1306;81/2017;2017_81_63;perustu;1
1306;81/2017;2017_81_63;analyysiin;1
1306;81/2017;2017_81_63;siitä;1
1306;81/2017;2017_81_63;mikä;1
1306;81/2017;2017_81_63;tekisi;1
1306;81/2017;2017_81_63;suomesta;2
1306;81/2017;2017_81_63;kilpailukykyisen;1
1306;81/2017;2017_81_63;vaan;1
1306;81/2017;2017_81_63;niukkaan;1
1306;81/2017;2017_81_63;eturyhmäajatteluun;1
1306;81/2017;2017_81_63;osaoptimointiin;1
1306;81/2017;2017_81_63;kokonaisuuden;1
1306;81/2017;2017_81_63;kustannuksella;1
1306;81/2017;2017_81_63;eero;1
1306;81/2017;2017_81_63;heinäluoma;1
1306;81/2017;2017_81_63;niin;1
1306;81/2017;2017_81_63;kuin;1
1306;81/2017;2017_81_63;useimmissa;1
1306;81/2017;2017_81_63;eu-maissa;1
1306;81/2017;2017_81_63;ensimmäinen;2
1306;81/2017;2017_81_63;jonka;1
1306;81/2017;2017_81_63;kasvuyritykset;1
1306;81/2017;2017_81_63;ottavat;1
1306;81/2017;2017_81_63;puheeksi;1
1306;81/2017;2017_81_63;kysyn;1
1306;81/2017;2017_81_63;heiltä;1
1306;81/2017;2017_81_63;miten;1
1306;81/2017;2017_81_63;tehtäisiin;1
1306;81/2017;2017_81_63;houkuttelevampi;1
1306;81/2017;2017_81_63;paikka;1
1306;81/2017;2017_81_63;heille;1
1306;81/2017;2017_81_63;kasvaa;1
1306;83/2017;2017_83_95;värderade;1
1306;83/2017;2017_83_95;talman;1
1306;83/2017;2017_83_95;jos;10
1306;83/2017;2017_83_95;ihmisiltä;1
1306;83/2017;2017_83_95;maailmalla;1
1306;83/2017;2017_83_95;kysyttäisiin;1
1306;83/2017;2017_83_95;mitkä;1
1306;83/2017;2017_83_95;pohjoismaiset;1
1306;83/2017;2017_83_95;arvot;1
1306;83/2017;2017_83_95;ovat;4
1306;83/2017;2017_83_95;jotka;4
1306;83/2017;2017_83_95;edustaja;4
1306;83/2017;2017_83_95;ville;1
1306;83/2017;2017_83_95;tavio;1
1306;83/2017;2017_83_95;tuossa;1
1306;83/2017;2017_83_95;esitteli;1
1306;83/2017;2017_83_95;niin;2
1306;83/2017;2017_83_95;sanoisin;1
1306;83/2017;2017_83_95;että;12
1306;83/2017;2017_83_95;käsitys;1
1306;83/2017;2017_83_95;olisi;13
1306;83/2017;2017_83_95;varmaan;2
1306;83/2017;2017_83_95;aika;2
1306;83/2017;2017_83_95;kaukana;1
1306;83/2017;2017_83_95;siitä;4
1306;83/2017;2017_83_95;mitä;1
1306;83/2017;2017_83_95;me;6
1306;83/2017;2017_83_95;kuvittelemme;1
1306;83/2017;2017_83_95;esimerkiksi;1
1306;83/2017;2017_83_95;ruotsidemokraatit;1
1306;83/2017;2017_83_95;edustavat;1
1306;83/2017;2017_83_95;vielä;2
1306;83/2017;2017_83_95;hetki;1
1306;83/2017;2017_83_95;sitten;1
1306;83/2017;2017_83_95;kuvittelin;1
1306;83/2017;2017_83_95;perussuomalaisetkin;1
1306;83/2017;2017_83_95;olivat;1
1306;83/2017;2017_83_95;tietyllä;1
1306;83/2017;2017_83_95;etäisyydellä;1
1306;83/2017;2017_83_95;ruotsidemokraateista;1
1306;83/2017;2017_83_95;tietenkin;1
1306;83/2017;2017_83_95;hienoa;1
1306;83/2017;2017_83_95;maailma;1
1306;83/2017;2017_83_95;mustavalkoinen;1
1306;83/2017;2017_83_95;ihmisiä;3
1306;83/2017;2017_83_95;selkeästi;3
1306;83/2017;2017_83_95;avun;1
1306;83/2017;2017_83_95;tarpeessa;1
1306;83/2017;2017_83_95;ja;5
1306;83/2017;2017_83_95;eivät;2
1306;83/2017;2017_83_95;ole;2
1306;83/2017;2017_83_95;mutta;5
1306;83/2017;2017_83_95;on;14
1306;83/2017;2017_83_95;olemassa;2
1306;83/2017;2017_83_95;se;6
1306;83/2017;2017_83_95;harmaa;1
1306;83/2017;2017_83_95;vyöhyke;1
1306;83/2017;2017_83_95;siinä;3
1306;83/2017;2017_83_95;välillä;1
1306;83/2017;2017_83_95;johon;1
1306;83/2017;2017_83_95;meidän;2
1306;83/2017;2017_83_95;pitää;1
1306;83/2017;2017_83_95;myöskin;3
1306;83/2017;2017_83_95;ottaa;1
1306;83/2017;2017_83_95;kantaa;1
1306;83/2017;2017_83_95;varovaisuusperiaatetta;1
1306;83/2017;2017_83_95;noudattaen;1
1306;83/2017;2017_83_95;missä;1
1306;83/2017;2017_83_95;olemme;1
1306;83/2017;2017_83_95;tänään;2
1306;83/2017;2017_83_95;pitkälti;1
1306;83/2017;2017_83_95;hallituksen;1
1306;83/2017;2017_83_95;toimenpiteiden;1
1306;83/2017;2017_83_95;johdosta;1
1306;83/2017;2017_83_95;meillä;4
1306;83/2017;2017_83_95;yhteiskunnassa;1
1306;83/2017;2017_83_95;iso;1
1306;83/2017;2017_83_95;joukko;1
1306;83/2017;2017_83_95;paperittomia;1
1306;83/2017;2017_83_95;joita;1
1306;83/2017;2017_83_95;emme;2
1306;83/2017;2017_83_95;voi;3
1306;83/2017;2017_83_95;palauttaa;1
1306;83/2017;2017_83_95;yhteiskunnan;1
1306;83/2017;2017_83_95;ulkopuolella;1
1306;83/2017;2017_83_95;jossain;1
1306;83/2017;2017_83_95;määrin;1
1306;83/2017;2017_83_95;turvallisuusriski;1
1306;83/2017;2017_83_95;antaisimme;1
1306;83/2017;2017_83_95;viranomaisillemme;1
1306;83/2017;2017_83_95;maahanmuuttovirastolle;1
1306;83/2017;2017_83_95;muita;1
1306;83/2017;2017_83_95;työkaluja;1
1306;83/2017;2017_83_95;tilanne;1
1306;83/2017;2017_83_95;parempi;1
1306;83/2017;2017_83_95;tilapäiset;1
1306;83/2017;2017_83_95;oleskeluluvat;1
1306;83/2017;2017_83_95;yksi;1
1306;83/2017;2017_83_95;työkalu;2
1306;83/2017;2017_83_95;humanitäärinen;1
1306;83/2017;2017_83_95;suojelu;1
1306;83/2017;2017_83_95;joka;3
1306;83/2017;2017_83_95;tilapäinen;1
1306;83/2017;2017_83_95;toinen;1
1306;83/2017;2017_83_95;tästä;1
1306;83/2017;2017_83_95;kysymys;1
1306;83/2017;2017_83_95;puhuttiin;1
1306;83/2017;2017_83_95;vetovoimatekijöistä;1
1306;83/2017;2017_83_95;tieteellisiä;1
1306;83/2017;2017_83_95;todisteita;1
1306;83/2017;2017_83_95;tällaisia;3
1306;83/2017;2017_83_95;oikeasti;1
1306;83/2017;2017_83_95;kohtalaisen;1
1306;83/2017;2017_83_95;vähän;1
1306;83/2017;2017_83_95;suomi;1
1306;83/2017;2017_83_95;ollut;1
1306;83/2017;2017_83_95;kohtuuttoman;1
1306;83/2017;2017_83_95;vetovoimainen;1
1306;83/2017;2017_83_95;luvulla;1
1306;83/2017;2017_83_95;jolloin;1
1306;83/2017;2017_83_95;euroopassa;2
1306;83/2017;2017_83_95;oli;6
1306;83/2017;2017_83_95;miljoonaa;1
1306;83/2017;2017_83_95;pakolaista;1
1306;83/2017;2017_83_95;jugoslavian;1
1306;83/2017;2017_83_95;kriisin;2
1306;83/2017;2017_83_95;jälkeen;1
1306;83/2017;2017_83_95;heitä;1
1306;83/2017;2017_83_95;kyllä;1
1306;83/2017;2017_83_95;tänne;2
1306;83/2017;2017_83_95;tullut;2
1306;83/2017;2017_83_95;eipä;1
1306;83/2017;2017_83_95;vuosien;1
1306;83/2017;2017_83_95;aikana;1
1306;83/2017;2017_83_95;ruotsiin;2
1306;83/2017;2017_83_95;tuli;2
1306;83/2017;2017_83_95;olleet;1
1306;83/2017;2017_83_95;verrattuna;1
1306;83/2017;2017_83_95;tilanteessa;2
1306;83/2017;2017_83_95;erityisen;1
1306;83/2017;2017_83_95;vetovoimaisia;1
1306;83/2017;2017_83_95;juho;1
1306;83/2017;2017_83_95;eerolan;1
1306;83/2017;2017_83_95;välihuuto;1
1306;83/2017;2017_83_95;eli;4
1306;83/2017;2017_83_95;uskomus;1
1306;83/2017;2017_83_95;vetovoimatekijät;1
1306;83/2017;2017_83_95;ratkaisevat;1
1306;83/2017;2017_83_95;tämän;1
1306;83/2017;2017_83_95;pelin;1
1306;83/2017;2017_83_95;ei;5
1306;83/2017;2017_83_95;perustu;1
1306;83/2017;2017_83_95;tieteelliseen;1
1306;83/2017;2017_83_95;faktaan;1
1306;83/2017;2017_83_95;tai;1
1306;83/2017;2017_83_95;tilastoihin;1
1306;83/2017;2017_83_95;puhemies;1
1306;83/2017;2017_83_95;koputtaa;1
1306;83/2017;2017_83_95;ensimmäinen;1
1306;83/2017;2017_83_95;varapuhemies;1
1306;83/2017;2017_83_95;mauri;1
1306;83/2017;2017_83_95;pekkarinen;1
1306;83/2017;2017_83_95;haluaa;1
1306;83/2017;2017_83_95;jatkaa;1
1306;83/2017;2017_83_95;hän;3
1306;83/2017;2017_83_95;voinee;1
1306;83/2017;2017_83_95;siirtyä;1
1306;83/2017;2017_83_95;puhujapönttöön;1
1306;83/2017;2017_83_95;olkaa;1
1306;83/2017;2017_83_95;hyvä;1
1306;83/2017;2017_83_95;puhuja;1
1306;83/2017;2017_83_95;siirtyy;1
1306;83/2017;2017_83_95;puhujakorokkeelle;1
1306;83/2017;2017_83_95;kuten;1
1306;83/2017;2017_83_95;kollegaedustaja;1
1306;83/2017;2017_83_95;biaudet;1
1306;83/2017;2017_83_95;minäkin;1
1306;83/2017;2017_83_95;olen;1
1306;83/2017;2017_83_95;iloinen;1
1306;83/2017;2017_83_95;zyskowicz;1
1306;83/2017;2017_83_95;nosti;1
1306;83/2017;2017_83_95;esille;1
1306;83/2017;2017_83_95;sen;2
1306;83/2017;2017_83_95;tosiasian;1
1306;83/2017;2017_83_95;suomen;2
1306;83/2017;2017_83_95;käytännöt;1
1306;83/2017;2017_83_95;suurelta;1
1306;83/2017;2017_83_95;osin;1
1306;83/2017;2017_83_95;poikkeavat;2
1306;83/2017;2017_83_95;muiden;1
1306;83/2017;2017_83_95;pohjoismaitten;1
1306;83/2017;2017_83_95;käytännöistä;1
1306;83/2017;2017_83_95;numerot;1
1306;83/2017;2017_83_95;löytyvät;1
1306;83/2017;2017_83_95;ihan;1
1306;83/2017;2017_83_95;tuosta;1
1306;83/2017;2017_83_95;paperista;1
1306;83/2017;2017_83_95;ne;1
1306;83/2017;2017_83_95;vuodesta;1
1306;83/2017;2017_83_95;toiseen;1
1306;83/2017;2017_83_95;täällä;1
1306;83/2017;2017_83_95;suomessa;2
1306;83/2017;2017_83_95;vuonna;2
1306;83/2017;2017_83_95;hyväksyttiin;1
1306;83/2017;2017_83_95;noin;2
1306;83/2017;2017_83_95;prosenttia;3
1306;83/2017;2017_83_95;irakilaisten;2
1306;83/2017;2017_83_95;turvapaikkahakemuksista;1
1306;83/2017;2017_83_95;seuraavana;1
1306;83/2017;2017_83_95;luku;1
1306;83/2017;2017_83_95;ajoittain;1
1306;83/2017;2017_83_95;lähes;1
1306;83/2017;2017_83_95;huomattavasti;1
1306;83/2017;2017_83_95;matalampi;1
1306;83/2017;2017_83_95;heittoja;2
1306;83/2017;2017_83_95;syytä;2
1306;83/2017;2017_83_95;pohtia;1
1306;83/2017;2017_83_95;sitä;2
1306;83/2017;2017_83_95;ovatko;1
1306;83/2017;2017_83_95;maahanmuuttoviraston;2
1306;83/2017;2017_83_95;resurssit;1
1306;83/2017;2017_83_95;oikeat;1
1306;83/2017;2017_83_95;kohdistuuko;1
1306;83/2017;2017_83_95;siihen;3
1306;83/2017;2017_83_95;kenties;1
1306;83/2017;2017_83_95;poliittista;1
1306;83/2017;2017_83_95;ohjausta;1
1306;83/2017;2017_83_95;mikä;1
1306;83/2017;2017_83_95;päätösten;1
1306;83/2017;2017_83_95;laadun;1
1306;83/2017;2017_83_95;taso;1
1306;83/2017;2017_83_95;keskustelin;1
1306;83/2017;2017_83_95;erään;1
1306;83/2017;2017_83_95;perussuomalaisen;1
1306;83/2017;2017_83_95;kanssa;3
1306;83/2017;2017_83_95;sattumoisin;1
1306;83/2017;2017_83_95;työskentelee;1
1306;83/2017;2017_83_95;paljon;1
1306;83/2017;2017_83_95;näitten;1
1306;83/2017;2017_83_95;asioiden;1
1306;83/2017;2017_83_95;mieltä;1
1306;83/2017;2017_83_95;näissä;1
1306;83/2017;2017_83_95;räikeitä;1
1306;83/2017;2017_83_95;virheitä;1
1306;83/2017;2017_83_95;näistä;1
1306;83/2017;2017_83_95;päätöksistä;1
1306;83/2017;2017_83_95;meille;1
1306;83/2017;2017_83_95;koituu;1
1306;83/2017;2017_83_95;suurta;1
1306;83/2017;2017_83_95;harmia;1
1306;83/2017;2017_83_95;tulevaisuudessa;1
1306;83/2017;2017_83_95;asiat;1
1306;83/2017;2017_83_95;pidä;1
1306;83/2017;2017_83_95;paikkansa;1
1306;83/2017;2017_83_95;päätöksiä;1
1306;83/2017;2017_83_95;tehdään;1
1306;83/2017;2017_83_95;väärin;1
1306;83/2017;2017_83_95;perustein;1
1306;83/2017;2017_83_95;kehottaisin;1
1306;83/2017;2017_83_95;hallitus;1
1306;83/2017;2017_83_95;katsoo;1
1306;83/2017;2017_83_95;resursointia;1
1306;83/2017;2017_83_95;kun;2
1306;83/2017;2017_83_95;oltiin;1
1306;83/2017;2017_83_95;hallintovaliokunnan;1
1306;83/2017;2017_83_95;maltalla;1
1306;83/2017;2017_83_95;sisiliassa;1
1306;83/2017;2017_83_95;italiassa;1
1306;83/2017;2017_83_95;eason;1
1306;83/2017;2017_83_95;euroopan;1
1306;83/2017;2017_83_95;turvapaikkaviraston;1
1306;83/2017;2017_83_95;nyt;1
1306;83/2017;2017_83_95;oikein;1
1306;83/2017;2017_83_95;käännän;1
1306;83/2017;2017_83_95;suomeksi;1
1306;83/2017;2017_83_95;ihmeissään;1
1306;83/2017;2017_83_95;tilanteesta;1
1306;83/2017;2017_83_95;mistä;1
1306;83/2017;2017_83_95;johtua;1
1306;83/2017;2017_83_95;hyväksymisprosentti;1
1306;83/2017;2017_83_95;alle;1
1306;83/2017;2017_83_95;kysyi;1
1306;83/2017;2017_83_95;tähän;1
1306;83/2017;2017_83_95;emmekä;1
1306;83/2017;2017_83_95;voineet;1
1306;83/2017;2017_83_95;vastata;2
1306;83/2017;2017_83_95;kukaan;1
1306;83/2017;2017_83_95;määrät;1
1306;83/2017;2017_83_95;isot;1
1306;83/2017;2017_83_95;kyse;1
1306;83/2017;2017_83_95;enää;1
1306;83/2017;2017_83_95;tilastoharhasta;1
1306;83/2017;2017_83_95;vaan;1
1306;83/2017;2017_83_95;linjasta;1
1306;83/2017;2017_83_95;poikkeaa;1
1306;83/2017;2017_83_95;suuresti;1
1306;83/2017;2017_83_95;yleiseurooppalaisesta;1
1306;83/2017;2017_83_95;tätä;1
1306;83/2017;2017_83_95;poikkeamaa;1
1306;83/2017;2017_83_95;ehkä;1
1306;83/2017;2017_83_95;tarvetta;1
1306;83/2017;2017_83_95;humanitääriseen;1
1306;83/2017;2017_83_95;suojeluun;1
1306;83/2017;2017_83_95;koska;1
1306;83/2017;2017_83_95;käsittämättömiä;1
1306;83/2017;2017_83_95;tarve;1
1306;83/2017;2017_83_95;ilmeinen;1
1306;83/2017;2017_83_95;kiitos;1
1306;86/2017;2017_86_63;ärade;1
1306;86/2017;2017_86_63;talman;1
1306;86/2017;2017_86_63;arvoisa;1
1306;86/2017;2017_86_63;puhemies;1
1306;86/2017;2017_86_63;reilu;1
1306;86/2017;2017_86_63;kuukausi;1
1306;86/2017;2017_86_63;sitten;2
1306;86/2017;2017_86_63;elokuun;1
1306;86/2017;2017_86_63;päivänä;1
1306;86/2017;2017_86_63;oli;3
1306;86/2017;2017_86_63;maailman;2
1306;86/2017;2017_86_63;ylikulutuspäivä;3
1306;86/2017;2017_86_63;silloin;1
1306;86/2017;2017_86_63;olimme;1
1306;86/2017;2017_86_63;kuluttaneet;1
1306;86/2017;2017_86_63;loppuun;1
1306;86/2017;2017_86_63;maapallon;1
1306;86/2017;2017_86_63;tänä;2
1306;86/2017;2017_86_63;vuonna;2
1306;86/2017;2017_86_63;tuottamat;1
1306;86/2017;2017_86_63;uusiutuvat;1
1306;86/2017;2017_86_63;luonnonvarat;1
1306;86/2017;2017_86_63;tämän;1
1306;86/2017;2017_86_63;jälkeen;1
1306;86/2017;2017_86_63;elämme;1
1306;86/2017;2017_86_63;velaksi;1
1306;86/2017;2017_86_63;kulutamme;2
1306;86/2017;2017_86_63;enemmän;1
1306;86/2017;2017_86_63;kuin;2
1306;86/2017;2017_86_63;maapallo;1
1306;86/2017;2017_86_63;pystyy;1
1306;86/2017;2017_86_63;tuottamaan;1
1306;86/2017;2017_86_63;joka;1
1306;86/2017;2017_86_63;vuosi;1
1306;86/2017;2017_86_63;nopeammin;1
1306;86/2017;2017_86_63;vuoteen;1
1306;86/2017;2017_86_63;verrattuna;1
1306;86/2017;2017_86_63;päivää;1
1306;86/2017;2017_86_63;aikaisemmin;1
1306;86/2017;2017_86_63;suomen;1
1306;86/2017;2017_86_63;jo;1
1306;86/2017;2017_86_63;aikoja;1
1306;86/2017;2017_86_63;päivä;1
1306;86/2017;2017_86_63;huhtikuuta;1
1306;86/2017;2017_86_63;me;2
1306;86/2017;2017_86_63;suomalaiset;1
1306;86/2017;2017_86_63;käytimme;1
1306;86/2017;2017_86_63;siis;2
1306;86/2017;2017_86_63;oman;1
1306;86/2017;2017_86_63;osamme;1
1306;86/2017;2017_86_63;luonnonvaroista;1
1306;86/2017;2017_86_63;kolmessa;1
1306;86/2017;2017_86_63;kuukaudessa;1
1306;86/2017;2017_86_63;tarvitsisimme;1
1306;86/2017;2017_86_63;melkein;1
1306;86/2017;2017_86_63;neljä;1
1306;86/2017;2017_86_63;maapalloa;1
1306;86/2017;2017_86_63;jos;1
1306;86/2017;2017_86_63;kaikki;1
1306;86/2017;2017_86_63;kuluttaisivat;1
1306;86/2017;2017_86_63;on;1
1306;86/2017;2017_86_63;selvää;1
1306;86/2017;2017_86_63;että;1
1306;86/2017;2017_86_63;tarvitsemme;1
1306;86/2017;2017_86_63;agenda;1
1306;86/2017;2017_86_63;toimenpideohjelman;1
1306;86/2017;2017_86_63;kaltaisia;1
1306;86/2017;2017_86_63;ohjelmia;1
1306;86/2017;2017_86_63;jotka;1
1306;86/2017;2017_86_63;ohjaavat;1
1306;86/2017;2017_86_63;meitä;1
1306;86/2017;2017_86_63;oikeaan;1
1306;86/2017;2017_86_63;suuntaan;1
1306;94/2017;2017_94_12;ärade;1
1306;94/2017;2017_94_12;talman;1
1306;94/2017;2017_94_12;arvoisa;1
1306;94/2017;2017_94_12;puhemies;1
1306;94/2017;2017_94_12;hirmumyrskyt;1
1306;94/2017;2017_94_12;andrew;1
1306;94/2017;2017_94_12;katrina;1
1306;94/2017;2017_94_12;irma;1
1306;94/2017;2017_94_12;jose;1
1306;94/2017;2017_94_12;syyriassa;1
1306;94/2017;2017_94_12;vallitsee;1
1306;94/2017;2017_94_12;kuivuus;1
1306;94/2017;2017_94_12;joka;1
1306;94/2017;2017_94_12;johtaa;1
1306;94/2017;2017_94_12;levottomuuksiin;1
1306;94/2017;2017_94_12;ja;6
1306;94/2017;2017_94_12;sisällissotaan;1
1306;94/2017;2017_94_12;ikirouta;1
1306;94/2017;2017_94_12;sulaa;1
1306;94/2017;2017_94_12;siperiassa;1
1306;94/2017;2017_94_12;uhkaa;1
1306;94/2017;2017_94_12;kiihdyttää;1
1306;94/2017;2017_94_12;ilmastonmuutosta;1
1306;94/2017;2017_94_12;aavikot;1
1306;94/2017;2017_94_12;laajenevat;1
1306;94/2017;2017_94_12;afrikassa;1
1306;94/2017;2017_94_12;yhä;1
1306;94/2017;2017_94_12;useammat;1
1306;94/2017;2017_94_12;ihmiset;1
1306;94/2017;2017_94_12;eivät;1
1306;94/2017;2017_94_12;enää;1
1306;94/2017;2017_94_12;saa;1
1306;94/2017;2017_94_12;toimeentuloaan;1
1306;94/2017;2017_94_12;siinä;1
1306;94/2017;2017_94_12;maassa;1
1306;94/2017;2017_94_12;jossa;2
1306;94/2017;2017_94_12;he;1
1306;94/2017;2017_94_12;ovat;3
1306;94/2017;2017_94_12;varttuneet;1
1306;94/2017;2017_94_12;kukaan;1
1306;94/2017;2017_94_12;ei;4
1306;94/2017;2017_94_12;voi;1
1306;94/2017;2017_94_12;ummistaa;1
1306;94/2017;2017_94_12;silmiä;1
1306;94/2017;2017_94_12;siltä;1
1306;94/2017;2017_94_12;mitä;2
1306;94/2017;2017_94_12;näemme;2
1306;94/2017;2017_94_12;tapahtuvan;1
1306;94/2017;2017_94_12;tarvitsemme;1
1306;94/2017;2017_94_12;pitkän;1
1306;94/2017;2017_94_12;tähtäimen;1
1306;94/2017;2017_94_12;toimenpiteitä;1
1306;94/2017;2017_94_12;mutta;2
1306;94/2017;2017_94_12;myös;3
1306;94/2017;2017_94_12;välittömiä;1
1306;94/2017;2017_94_12;toimia;1
1306;94/2017;2017_94_12;jo;1
1306;94/2017;2017_94_12;nyt;2
1306;94/2017;2017_94_12;aikaa;1
1306;94/2017;2017_94_12;ole;1
1306;94/2017;2017_94_12;hukattavaksi;1
1306;94/2017;2017_94_12;valtioneuvoston;1
1306;94/2017;2017_94_12;keskipitkän;1
1306;94/2017;2017_94_12;aikavälin;1
1306;94/2017;2017_94_12;ilmastopolitiikan;2
1306;94/2017;2017_94_12;suunnitelma;1
1306;94/2017;2017_94_12;on;4
1306;94/2017;2017_94_12;konkreettinen;1
1306;94/2017;2017_94_12;asiakirja;1
1306;94/2017;2017_94_12;kiinnitetään;1
1306;94/2017;2017_94_12;huomiota;1
1306;94/2017;2017_94_12;edessämme;2
1306;94/2017;2017_94_12;oleviin;1
1306;94/2017;2017_94_12;haasteisiin;1
1306;94/2017;2017_94_12;tavoitteena;1
1306;94/2017;2017_94_12;hiilineutraalius;1
1306;94/2017;2017_94_12;vuonna;1
1306;94/2017;2017_94_12;voimakkaat;1
1306;94/2017;2017_94_12;päästövähennykset;1
1306;94/2017;2017_94_12;vuoteen;1
1306;94/2017;2017_94_12;mennessä;1
1306;94/2017;2017_94_12;tämä;1
1306;94/2017;2017_94_12;kaikki;1
1306;94/2017;2017_94_12;oikein;1
1306;94/2017;2017_94_12;hyvä;1
1306;94/2017;2017_94_12;kyse;1
1306;94/2017;2017_94_12;vain;2
1306;94/2017;2017_94_12;siitä;1
1306;94/2017;2017_94_12;miten;1
1306;94/2017;2017_94_12;se;3
1306;94/2017;2017_94_12;saadaan;1
1306;94/2017;2017_94_12;toimeenpantua;1
1306;94/2017;2017_94_12;onko;1
1306;94/2017;2017_94_12;meillä;1
1306;94/2017;2017_94_12;tahtoa;1
1306;94/2017;2017_94_12;olemmeko;1
1306;94/2017;2017_94_12;oikealla;1
1306;94/2017;2017_94_12;tiellä;1
1306;94/2017;2017_94_12;monet;1
1306;94/2017;2017_94_12;seikat;1
1306;94/2017;2017_94_12;viittaavat;1
1306;94/2017;2017_94_12;siihen;1
1306;94/2017;2017_94_12;että;1
1306;94/2017;2017_94_12;emme;2
1306;94/2017;2017_94_12;näe;1
1306;94/2017;2017_94_12;tilanteen;1
1306;94/2017;2017_94_12;vakavuutta;1
1306;94/2017;2017_94_12;osaongelmia;1
1306;94/2017;2017_94_12;ummistamme;1
1306;94/2017;2017_94_12;silmämme;1
1306;94/2017;2017_94_12;kokonaisuudelta;1
1306;94/2017;2017_94_12;teemme;1
1306;94/2017;2017_94_12;tällä;1
1306;94/2017;2017_94_12;hetkellä;1
1306;94/2017;2017_94_12;ohjaamme;1
1306;94/2017;2017_94_12;päästökauppatulot;1
1306;94/2017;2017_94_12;takaisin;1
1306;94/2017;2017_94_12;teollisuuteen;1
1306;94/2017;2017_94_12;käsittele;1
1306;94/2017;2017_94_12;polttoaineiden;1
1306;94/2017;2017_94_12;verotusta;1
1306;94/2017;2017_94_12;näkökulmasta;1
1306;94/2017;2017_94_12;vaan;3
1306;94/2017;2017_94_12;pidämme;1
1306;94/2017;2017_94_12;sitä;1
1306;94/2017;2017_94_12;aluepolitiikan;1
1306;94/2017;2017_94_12;pelinappulana;1
1306;94/2017;2017_94_12;tarkastelemme;1
1306;94/2017;2017_94_12;budjettikirjan;1
1306;94/2017;2017_94_12;panostuksia;1
1306;94/2017;2017_94_12;joukkoliikenteeseen;1
1306;94/2017;2017_94_12;fiskaalisena;1
1306;94/2017;2017_94_12;harjoituksena;1
1306;94/2017;2017_94_12;kun;1
1306;94/2017;2017_94_12;meidän;1
1306;94/2017;2017_94_12;pitäisi;1
1306;94/2017;2017_94_12;tarkastella;2
1306;94/2017;2017_94_12;niitä;2
1306;94/2017;2017_94_12;osana;1
1306;94/2017;2017_94_12;ilmastopolitiikkaa;1
1306;94/2017;2017_94_12;osaoptimointi;1
1306;94/2017;2017_94_12;riitä;1
1306;94/2017;2017_94_12;tässä;1
1306;94/2017;2017_94_12;tarvitaan;1
1306;94/2017;2017_94_12;kokonaisvaltaista;1
1306;94/2017;2017_94_12;ajattelua;1
1306;94/2017;2017_94_12;ne;1
1306;94/2017;2017_94_12;jotka;2
1306;94/2017;2017_94_12;uskaltavat;2
1306;94/2017;2017_94_12;ottaa;1
1306;94/2017;2017_94_12;haasteet;1
1306;94/2017;2017_94_12;vastaan;1
1306;94/2017;2017_94_12;voittajia;1
1306;94/2017;2017_94_12;taloudellisesti;1
1306;94/2017;2017_94_12;katsottuna;1
1306;94/2017;2017_94_12;rikkidirektiivi;1
1306;94/2017;2017_94_12;nosti;1
1306;94/2017;2017_94_12;tilapäisesti;1
1306;94/2017;2017_94_12;kustannuksia;1
1306;94/2017;2017_94_12;tarjosi;1
1306;94/2017;2017_94_12;uusia;1
1306;94/2017;2017_94_12;mahdollisuuksia;1
1306;94/2017;2017_94_12;suomalaiselle;1
1306;94/2017;2017_94_12;cleantech-teollisuudelle;1
1306;94/2017;2017_94_12;satu;1
1306;94/2017;2017_94_12;hassi;1
1306;94/2017;2017_94_12;juuri;1
1306;94/2017;2017_94_12;näin;1
1306;94/2017;2017_94_12;sama;1
1306;94/2017;2017_94_12;koskee;1
1306;94/2017;2017_94_12;objektiivisesti;1
1306;94/2017;2017_94_12;olevia;1
1306;94/2017;2017_94_12;haasteita;1
1306;94/2017;2017_94_12;polku;1
1306;94/2017;2017_94_12;jolle;1
1306;94/2017;2017_94_12;tänään;1
1306;94/2017;2017_94_12;astumme;1
1306;94/2017;2017_94_12;vie;1
1306;94/2017;2017_94_12;perille;1
1306;94/2017;2017_94_12;lisätoimenpiteet;1
1306;94/2017;2017_94_12;tarpeen;1
1306;99/2017;2017_99_104;ärade;1
1306;99/2017;2017_99_104;talman;1
1306;99/2017;2017_99_104;ensiksi;1
1306;99/2017;2017_99_104;onnittelut;1
1306;99/2017;2017_99_104;edustaja;2
1306;99/2017;2017_99_104;elolle;1
1306;99/2017;2017_99_104;korttien;1
1306;99/2017;2017_99_104;kasaamisesta;1
1306;99/2017;2017_99_104;toivottavasti;2
1306;99/2017;2017_99_104;ymmärsin;1
1306;99/2017;2017_99_104;väärin;1
1306;99/2017;2017_99_104;jos;1
1306;99/2017;2017_99_104;tulkitsin;2
1306;99/2017;2017_99_104;eerolan;1
1306;99/2017;2017_99_104;puheet;1
1306;99/2017;2017_99_104;sellaisiksi;1
1306;99/2017;2017_99_104;että;14
1306;99/2017;2017_99_104;hän;9
1306;99/2017;2017_99_104;on;11
1306;99/2017;2017_99_104;sitä;1
1306;99/2017;2017_99_104;mieltä;1
1306;99/2017;2017_99_104;suomalainen;1
1306;99/2017;2017_99_104;rasismi;1
1306;99/2017;2017_99_104;riippuu;1
1306;99/2017;2017_99_104;maahanmuuttajista;1
1306;99/2017;2017_99_104;se;5
1306;99/2017;2017_99_104;heidän;1
1306;99/2017;2017_99_104;syytään;1
1306;99/2017;2017_99_104;näin;1
1306;99/2017;2017_99_104;minä;2
1306;99/2017;2017_99_104;sen;2
1306;99/2017;2017_99_104;mutta;5
1306;99/2017;2017_99_104;oli;1
1306;99/2017;2017_99_104;väärinkäsitys;1
1306;99/2017;2017_99_104;juho;1
1306;99/2017;2017_99_104;eerola;1
1306;99/2017;2017_99_104;oikein;1
1306;99/2017;2017_99_104;tulkitsit;1
1306;99/2017;2017_99_104;tämä;3
1306;99/2017;2017_99_104;lakiesitys;1
1306;99/2017;2017_99_104;tervetullut;1
1306;99/2017;2017_99_104;ja;10
1306;99/2017;2017_99_104;olen;1
1306;99/2017;2017_99_104;siitä;2
1306;99/2017;2017_99_104;iloinen;1
1306;99/2017;2017_99_104;toivon;2
1306;99/2017;2017_99_104;luonnollisesti;1
1306;99/2017;2017_99_104;käsittely;1
1306;99/2017;2017_99_104;tällaisissa;1
1306;99/2017;2017_99_104;tapauksissa;2
1306;99/2017;2017_99_104;olisi;4
1306;99/2017;2017_99_104;nopeaa;1
1306;99/2017;2017_99_104;lupa;2
1306;99/2017;2017_99_104;tarpeeksi;1
1306;99/2017;2017_99_104;pitkä;1
1306;99/2017;2017_99_104;pituutta;1
1306;99/2017;2017_99_104;voisi;2
1306;99/2017;2017_99_104;harkita;1
1306;99/2017;2017_99_104;ymmärrän;1
1306;99/2017;2017_99_104;kyllä;1
1306;99/2017;2017_99_104;hyvin;2
1306;99/2017;2017_99_104;perustelut;1
1306;99/2017;2017_99_104;tekesin;1
1306;99/2017;2017_99_104;arvioinneille;1
1306;99/2017;2017_99_104;toivoisin;1
1306;99/2017;2017_99_104;muitakin;1
1306;99/2017;2017_99_104;vaihtoehtoja;1
1306;99/2017;2017_99_104;voitaisiin;1
1306;99/2017;2017_99_104;pohtia;1
1306;99/2017;2017_99_104;voisiko;1
1306;99/2017;2017_99_104;vaikka;1
1306;99/2017;2017_99_104;olla;2
1306;99/2017;2017_99_104;niin;2
1306;99/2017;2017_99_104;pelkkä;1
1306;99/2017;2017_99_104;riittävä;1
1306;99/2017;2017_99_104;rahoitus;1
1306;99/2017;2017_99_104;peruste;1
1306;99/2017;2017_99_104;sille;1
1306;99/2017;2017_99_104;myönnetään;1
1306;99/2017;2017_99_104;ensimmäisen;5
1306;99/2017;2017_99_104;luokan;6
1306;99/2017;2017_99_104;osaajia;4
1306;99/2017;2017_99_104;tänne;11
1306;99/2017;2017_99_104;pitää;10
1306;99/2017;2017_99_104;houkutella;4
1306;99/2017;2017_99_104;silloin;2
1306;99/2017;2017_99_104;heitä;2
1306;99/2017;2017_99_104;kohdella;1
1306;99/2017;2017_99_104;myöskin;4
1306;99/2017;2017_99_104;kansalaisina;1
1306;99/2017;2017_99_104;toisen;1
1306;99/2017;2017_99_104;kansalaisia;2
1306;99/2017;2017_99_104;meillä;2
1306;99/2017;2017_99_104;ei;8
1306;99/2017;2017_99_104;täällä;3
1306;99/2017;2017_99_104;pidä;1
1306;99/2017;2017_99_104;kiitän;1
1306;99/2017;2017_99_104;tarja;1
1306;99/2017;2017_99_104;filatovia;1
1306;99/2017;2017_99_104;näistä;1
1306;99/2017;2017_99_104;sanoista;1
1306;99/2017;2017_99_104;kerron;1
1306;99/2017;2017_99_104;esimerkin;1
1306;99/2017;2017_99_104;miten;2
1306;99/2017;2017_99_104;meidän;5
1306;99/2017;2017_99_104;luonamme;1
1306;99/2017;2017_99_104;asui;2
1306;99/2017;2017_99_104;vuoden;1
1306;99/2017;2017_99_104;santiago-poika;1
1306;99/2017;2017_99_104;kolumbiasta;1
1306;99/2017;2017_99_104;äärimmäisen;3
1306;99/2017;2017_99_104;lahjakas;1
1306;99/2017;2017_99_104;nuorimies;1
1306;99/2017;2017_99_104;vuotias;2
1306;99/2017;2017_99_104;kolumbialaisen;1
1306;99/2017;2017_99_104;matematiikkamaajoukkueen;1
1306;99/2017;2017_99_104;jäsen;1
1306;99/2017;2017_99_104;oppi;1
1306;99/2017;2017_99_104;ruotsin;1
1306;99/2017;2017_99_104;kielen;1
1306;99/2017;2017_99_104;muutamassa;1
1306;99/2017;2017_99_104;kuukaudessa;1
1306;99/2017;2017_99_104;kirjoitti;1
1306;99/2017;2017_99_104;viiden;1
1306;99/2017;2017_99_104;kuuden;1
1306;99/2017;2017_99_104;kuukauden;1
1306;99/2017;2017_99_104;jälkeen;1
1306;99/2017;2017_99_104;pitkän;1
1306;99/2017;2017_99_104;matematiikan;1
1306;99/2017;2017_99_104;fysiikan;3
1306;99/2017;2017_99_104;kokeet;1
1306;99/2017;2017_99_104;ruotsiksi;1
1306;99/2017;2017_99_104;halusi;3
1306;99/2017;2017_99_104;jäädä;1
1306;99/2017;2017_99_104;opiskelemaan;1
1306;99/2017;2017_99_104;koska;1
1306;99/2017;2017_99_104;tavoitteena;1
1306;99/2017;2017_99_104;vaatimattomasti;1
1306;99/2017;2017_99_104;nobelin;1
1306;99/2017;2017_99_104;palkinto;1
1306;99/2017;2017_99_104;kolumbialainen;1
1306;99/2017;2017_99_104;tutkinto;1
1306;99/2017;2017_99_104;ole;4
1306;99/2017;2017_99_104;tie;2
1306;99/2017;2017_99_104;suomalaiseen;1
1306;99/2017;2017_99_104;yliopistojärjestelmään;1
1306;99/2017;2017_99_104;vaan;2
1306;99/2017;2017_99_104;auennut;1
1306;99/2017;2017_99_104;ainoastaan;1
1306;99/2017;2017_99_104;avoimen;1
1306;99/2017;2017_99_104;yliopiston;1
1306;99/2017;2017_99_104;kautta;1
1306;99/2017;2017_99_104;helsingin;1
1306;99/2017;2017_99_104;yliopisto;1
1306;99/2017;2017_99_104;hänet;3
1306;99/2017;2017_99_104;laitos;1
1306;99/2017;2017_99_104;he;1
1306;99/2017;2017_99_104;tarjosivat;1
1306;99/2017;2017_99_104;hänelle;1
1306;99/2017;2017_99_104;tätä;2
1306;99/2017;2017_99_104;mahdollisuutta;1
1306;99/2017;2017_99_104;migri;1
1306;99/2017;2017_99_104;sanoi;1
1306;99/2017;2017_99_104;sellainen;1
1306;99/2017;2017_99_104;polku;1
1306;99/2017;2017_99_104;mahdollinen;1
1306;99/2017;2017_99_104;katse;1
1306;99/2017;2017_99_104;kääntyi;1
1306;99/2017;2017_99_104;ruotsiin;1
1306;99/2017;2017_99_104;opiskelee;1
1306;99/2017;2017_99_104;nyt;2
1306;99/2017;2017_99_104;lundin;1
1306;99/2017;2017_99_104;yliopistossa;1
1306;99/2017;2017_99_104;antero;1
1306;99/2017;2017_99_104;laukkanen;1
1306;99/2017;2017_99_104;voi;1
1306;99/2017;2017_99_104;siellä;2
1306;99/2017;2017_99_104;otettiin;1
1306;99/2017;2017_99_104;avoimin;1
1306;99/2017;2017_99_104;käsin;1
1306;99/2017;2017_99_104;vastaan;1
1306;99/2017;2017_99_104;osata;3
1306;99/2017;2017_99_104;santiagon;1
1306;99/2017;2017_99_104;kaltaisia;1
1306;99/2017;2017_99_104;nuoria;1
1306;99/2017;2017_99_104;kun;2
1306;99/2017;2017_99_104;sitten;2
1306;99/2017;2017_99_104;tullut;1
1306;99/2017;2017_99_104;heidät;2
1306;99/2017;2017_99_104;toinen;1
1306;99/2017;2017_99_104;esimerkki;1
1306;99/2017;2017_99_104;omasta;1
1306;99/2017;2017_99_104;elämästä;1
1306;99/2017;2017_99_104;minulle;1
1306;99/2017;2017_99_104;erittäin;1
1306;99/2017;2017_99_104;läheinen;1
1306;99/2017;2017_99_104;henkilö;1
1306;99/2017;2017_99_104;alberto;1
1306;99/2017;2017_99_104;syntynyt;1
1306;99/2017;2017_99_104;venezuelassa;1
1306;99/2017;2017_99_104;muutti;1
1306;99/2017;2017_99_104;suomeen;1
1306;99/2017;2017_99_104;perusti;1
1306;99/2017;2017_99_104;menestyksekkään;1
1306;99/2017;2017_99_104;yrityksen;2
1306;99/2017;2017_99_104;liikevaihto;1
1306;99/2017;2017_99_104;useita;1
1306;99/2017;2017_99_104;miljoonia;1
1306;99/2017;2017_99_104;nykyä;1
1306;99/2017;2017_99_104;itävallan;1
1306;99/2017;2017_99_104;kansalainen;1
1306;99/2017;2017_99_104;vuosi;1
1306;99/2017;2017_99_104;hänen;3
1306;99/2017;2017_99_104;veljensä;1
1306;99/2017;2017_99_104;kuoli;2
1306;99/2017;2017_99_104;caracasissa;1
1306;99/2017;2017_99_104;käytännössä;2
1306;99/2017;2017_99_104;valtion;1
1306;99/2017;2017_99_104;toimien;1
1306;99/2017;2017_99_104;seurauksena;1
1306;99/2017;2017_99_104;isänsä;1
1306;99/2017;2017_99_104;vuotta;1
1306;99/2017;2017_99_104;aikaisemmin;1
1306;99/2017;2017_99_104;äitinsä;2
1306;99/2017;2017_99_104;elää;1
1306;99/2017;2017_99_104;tällä;1
1306;99/2017;2017_99_104;hetkellä;1
1306;99/2017;2017_99_104;yksin;2
1306;99/2017;2017_99_104;sairas;1
1306;99/2017;2017_99_104;ihminen;1
1306;99/2017;2017_99_104;lääkkeitä;1
1306;99/2017;2017_99_104;saa;1
1306;99/2017;2017_99_104;ne;2
1306;99/2017;2017_99_104;lähettää;1
1306;99/2017;2017_99_104;suomesta;1
1306;99/2017;2017_99_104;eli;2
1306;99/2017;2017_99_104;suomalaisen;1
1306;99/2017;2017_99_104;avun;1
1306;99/2017;2017_99_104;varassa;1
1306;99/2017;2017_99_104;eikä;1
1306;99/2017;2017_99_104;uskalla;1
1306;99/2017;2017_99_104;kävellä;1
1306;99/2017;2017_99_104;ulkona;1
1306;99/2017;2017_99_104;kadulla;1
1306;99/2017;2017_99_104;no;1
1306;99/2017;2017_99_104;alberton;2
1306;99/2017;2017_99_104;mielestä;1
1306;99/2017;2017_99_104;mahdoton;1
1306;99/2017;2017_99_104;tilanne;1
1306;99/2017;2017_99_104;äiti;2
1306;99/2017;2017_99_104;saada;1
1306;99/2017;2017_99_104;jonnekin;1
1306;99/2017;2017_99_104;suomessa;1
1306;99/2017;2017_99_104;lähisukulainen;1
1306;99/2017;2017_99_104;saaminen;1
1306;99/2017;2017_99_104;hankalaa;1
1306;99/2017;2017_99_104;hakemus;1
1306;99/2017;2017_99_104;vetämässä;1
1306;99/2017;2017_99_104;katsotaan;1
1306;99/2017;2017_99_104;asialle;1
1306;99/2017;2017_99_104;käy;1
1306;99/2017;2017_99_104;ellei;1
1306;99/2017;2017_99_104;onnistu;1
1306;99/2017;2017_99_104;vaihtoehto;1
1306;99/2017;2017_99_104;jättäisi;1
1306;99/2017;2017_99_104;sinne;1
1306;99/2017;2017_99_104;siirtää;1
1306;99/2017;2017_99_104;yrityksensä;1
1306;99/2017;2017_99_104;perheensä;1
1306;99/2017;2017_99_104;eestiin;1
1306;99/2017;2017_99_104;itävaltaan;1
1306;99/2017;2017_99_104;tai;1
1306;99/2017;2017_99_104;portugaliin;1
1306;99/2017;2017_99_104;menevät;1
1306;99/2017;2017_99_104;myös;1
1306;99/2017;2017_99_104;kaikki;1
1306;99/2017;2017_99_104;tulot;1
1306;99/2017;2017_99_104;tällaisessa;1
1306;99/2017;2017_99_104;tilanteessa;2
1306;99/2017;2017_99_104;humanitääriset;1
1306;99/2017;2017_99_104;intressit;3
1306;99/2017;2017_99_104;taloudelliset;1
1306;99/2017;2017_99_104;yhdistyvät;1
1306;99/2017;2017_99_104;katsoa;1
1306;99/2017;2017_99_104;näitä;2
1306;99/2017;2017_99_104;asioita;1
1306;99/2017;2017_99_104;kokonaisuuksina;1
1306;99/2017;2017_99_104;nähdä;1
1306;99/2017;2017_99_104;humanitäärinen;1
1306;99/2017;2017_99_104;maahanmuutto;1
1306;99/2017;2017_99_104;suopea;1
1306;99/2017;2017_99_104;suhtautuminen;1
1306;99/2017;2017_99_104;siihen;1
1306;99/2017;2017_99_104;monissa;1
1306;99/2017;2017_99_104;nämä;2
1306;99/2017;2017_99_104;ovat;1
1306;99/2017;2017_99_104;täysin;1
1306;99/2017;2017_99_104;yhteneväiset;1
1306;99/2017;2017_99_104;taloudellisten;1
1306;99/2017;2017_99_104;intressiemme;1
1306;99/2017;2017_99_104;kanssa;1
1306;99/2017;2017_99_104;ministeri;1
1306;99/2017;2017_99_104;risikko;1
1306;99/2017;2017_99_104;muistaa;1
1306;99/2017;2017_99_104;tarinat;1
1306;99/2017;2017_99_104;huomioi;1
1306;99/2017;2017_99_104;siinä;1
1306;99/2017;2017_99_104;eteen;1
1306;99/2017;2017_99_104;tulee;1
1306;99/2017;2017_99_104;sellaisia;1
1306;99/2017;2017_99_104;lakialoitteita;1
1306;99/2017;2017_99_104;joilla;1
1306;99/2017;2017_99_104;korjata;1
1306;114/2017;2017_114_3;värderade;1
1306;114/2017;2017_114_3;talman;1
1306;114/2017;2017_114_3;jag;1
1306;114/2017;2017_114_3;understöder;1
1306;114/2017;2017_114_3;kannatan;1
1306;114/2017;2017_114_106;ärade;1
1306;114/2017;2017_114_106;talman;1
1306;114/2017;2017_114_106;kiitos;1
1306;114/2017;2017_114_106;ministerille;1
1306;114/2017;2017_114_106;vastauksesta;1
1306;114/2017;2017_114_106;ilmeisesti;2
1306;114/2017;2017_114_106;teillä;1
1306;114/2017;2017_114_106;on;11
1306;114/2017;2017_114_106;hieman;1
1306;114/2017;2017_114_106;erilaisia;1
1306;114/2017;2017_114_106;tietoja;1
1306;114/2017;2017_114_106;kuin;1
1306;114/2017;2017_114_106;minulla;1
1306;114/2017;2017_114_106;kaivoin;1
1306;114/2017;2017_114_106;vähän;1
1306;114/2017;2017_114_106;tuota;1
1306;114/2017;2017_114_106;tausta-aineistoa;1
1306;114/2017;2017_114_106;itse;1
1306;114/2017;2017_114_106;asiassa;1
1306;114/2017;2017_114_106;nämä;1
1306;114/2017;2017_114_106;tutkimukset;1
1306;114/2017;2017_114_106;joihin;1
1306;114/2017;2017_114_106;vattin;1
1306;114/2017;2017_114_106;tutkimuksessa;1
1306;114/2017;2017_114_106;viitataan;1
1306;114/2017;2017_114_106;ovat;2
1306;114/2017;2017_114_106;pääosin;1
1306;114/2017;2017_114_106;amerikkalaisia;1
1306;114/2017;2017_114_106;voi;2
1306;114/2017;2017_114_106;olla;1
1306;114/2017;2017_114_106;tietenkin;4
1306;114/2017;2017_114_106;että;3
1306;114/2017;2017_114_106;heillä;1
1306;114/2017;2017_114_106;hedonistisempi;1
1306;114/2017;2017_114_106;suhde;1
1306;114/2017;2017_114_106;autoiluun;1
1306;114/2017;2017_114_106;ja;4
1306;114/2017;2017_114_106;sikäli;1
1306;114/2017;2017_114_106;ehkä;1
1306;114/2017;2017_114_106;kynnys;1
1306;114/2017;2017_114_106;ostaa;1
1306;114/2017;2017_114_106;matalampi;1
1306;114/2017;2017_114_106;mutta;1
1306;114/2017;2017_114_106;hyvä;1
1306;114/2017;2017_114_106;jos;1
1306;114/2017;2017_114_106;hyviä;1
1306;114/2017;2017_114_106;tuloksia;1
1306;114/2017;2017_114_106;sillä;1
1306;114/2017;2017_114_106;saatu;1
1306;114/2017;2017_114_106;uskotaan;1
1306;114/2017;2017_114_106;saatavan;1
1306;114/2017;2017_114_106;mirja;1
1306;114/2017;2017_114_106;vehkaperä;1
1306;114/2017;2017_114_106;trafin;1
1306;114/2017;2017_114_106;selvä;1
1306;114/2017;2017_114_106;kun;2
1306;114/2017;2017_114_106;puhutaan;1
1306;114/2017;2017_114_106;liikenteen;1
1306;114/2017;2017_114_106;tukemisesta;1
1306;114/2017;2017_114_106;yksi;1
1306;114/2017;2017_114_106;asia;2
1306;114/2017;2017_114_106;tukea;3
1306;114/2017;2017_114_106;hankintaa;1
1306;114/2017;2017_114_106;toinen;1
1306;114/2017;2017_114_106;sitä;1
1306;114/2017;2017_114_106;infraa;1
1306;114/2017;2017_114_106;tässä;3
1306;114/2017;2017_114_106;tiettyjä;1
1306;114/2017;2017_114_106;satsauksia;1
1306;114/2017;2017_114_106;latausinfran;1
1306;114/2017;2017_114_106;tukemisiin;1
1306;114/2017;2017_114_106;siinä;3
1306;114/2017;2017_114_106;aina;1
1306;114/2017;2017_114_106;tasapainoilua;1
1306;114/2017;2017_114_106;siitä;1
1306;114/2017;2017_114_106;mikä;1
1306;114/2017;2017_114_106;valtion;2
1306;114/2017;2017_114_106;tehtävä;1
1306;114/2017;2017_114_106;millä;2
1306;114/2017;2017_114_106;tavalla;2
1306;114/2017;2017_114_106;yksityisiä;1
1306;114/2017;2017_114_106;toimijoita;1
1306;114/2017;2017_114_106;infran;2
1306;114/2017;2017_114_106;rakentamisessa;1
1306;114/2017;2017_114_106;oli;1
1306;114/2017;2017_114_106;miljoonaa;1
1306;114/2017;2017_114_106;asuinrakennuksille;1
1306;114/2017;2017_114_106;asunto-osakeyhtiöille;1
1306;114/2017;2017_114_106;miten;1
1306;114/2017;2017_114_106;te;1
1306;114/2017;2017_114_106;olette;1
1306;114/2017;2017_114_106;pohtinut;1
1306;114/2017;2017_114_106;tätä;1
1306;114/2017;2017_114_106;laajemmin;1
1306;114/2017;2017_114_106;näette;1
1306;114/2017;2017_114_106;roolin;1
1306;114/2017;2017_114_106;onko;1
1306;114/2017;2017_114_106;tämä;1
1306;114/2017;2017_114_106;sellainen;1
1306;114/2017;2017_114_106;jota;1
1306;114/2017;2017_114_106;pitää;1
1306;114/2017;2017_114_106;määrätietoisesti;1
1306;114/2017;2017_114_106;nyt;1
1306;114/2017;2017_114_106;pitkälle;1
1306;114/2017;2017_114_106;tulevaisuuteen;1
1306;114/2017;2017_114_106;vai;1
1306;114/2017;2017_114_106;missä;1
1306;114/2017;2017_114_106;vaiheessa;2
1306;114/2017;2017_114_106;luulette;1
1306;114/2017;2017_114_106;markkinat;1
1306;114/2017;2017_114_106;hoitavat;1
1306;114/2017;2017_114_106;tämän;1
1306;114/2017;2017_114_106;rakentamisen;1
1306;114/2017;2017_114_106;itsestään;1
1306;114/2017;2017_114_106;toki;1
1306;114/2017;2017_114_106;pullonkaula;1
1306;114/2017;2017_114_106;auton;1
1306;114/2017;2017_114_106;ostamiselle;1
1306;114/2017;2017_114_106;etenkin;1
1306;114/2017;2017_114_106;harvemmin;1
1306;114/2017;2017_114_106;asutulla;1
1306;114/2017;2017_114_106;alueella;1
1306;114/2017;2017_114_106;vaikea;1
1306;114/2017;2017_114_106;kuvitella;1
1306;114/2017;2017_114_106;lappilainen;1
1306;114/2017;2017_114_106;esimerkiksi;1
1306;114/2017;2017_114_106;ihan;1
1306;114/2017;2017_114_106;tuosta;1
1306;114/2017;2017_114_106;vaan;1
1306;114/2017;2017_114_106;lähtee;1
1306;114/2017;2017_114_106;sähköautokauppaan;1
1306;114/2017;2017_114_106;siellä;1
1306;114/2017;2017_114_106;etäisyydet;1
1306;114/2017;2017_114_106;kuitenkin;1
1306;114/2017;2017_114_106;sen;1
1306;114/2017;2017_114_106;verran;1
1306;114/2017;2017_114_106;pitkät;1
1306;114/2017;2017_114_175;ärade;1
1306;114/2017;2017_114_175;talman;1
1306;114/2017;2017_114_175;arvoisa;1
1306;114/2017;2017_114_175;puhemies;1
1306;114/2017;2017_114_175;tuomariliitto;1
1306;114/2017;2017_114_175;pitää;1
1306;114/2017;2017_114_175;selvänä;1
1306;114/2017;2017_114_175;että;5
1306;114/2017;2017_114_175;ehdotus;1
1306;114/2017;2017_114_175;vaarantaa;1
1306;114/2017;2017_114_175;kansalaisten;2
1306;114/2017;2017_114_175;oikeusturvan;1
1306;114/2017;2017_114_175;ja;3
1306;114/2017;2017_114_175;yhdenvertaisuuden;1
1306;114/2017;2017_114_175;ilman;1
1306;114/2017;2017_114_175;sillä;1
1306;114/2017;2017_114_175;olisi;2
1306;114/2017;2017_114_175;merkitystä;1
1306;114/2017;2017_114_175;valtiontalouden;1
1306;114/2017;2017_114_175;kannalta;1
1306;114/2017;2017_114_175;tämä;3
1306;114/2017;2017_114_175;on;3
1306;114/2017;2017_114_175;suora;1
1306;114/2017;2017_114_175;sitaatti;1
1306;114/2017;2017_114_175;aika;1
1306;114/2017;2017_114_175;selvää;1
1306;114/2017;2017_114_175;tekstiä;2
1306;114/2017;2017_114_175;josta;1
1306;114/2017;2017_114_175;syytä;1
1306;114/2017;2017_114_175;ottaa;2
1306;114/2017;2017_114_175;koppi;1
1306;114/2017;2017_114_175;muutama;1
1306;114/2017;2017_114_175;vuosi;1
1306;114/2017;2017_114_175;siitä;1
1306;114/2017;2017_114_175;kun;2
1306;114/2017;2017_114_175;edellinen;1
1306;114/2017;2017_114_175;uudistus;3
1306;114/2017;2017_114_175;tehtiin;1
1306;114/2017;2017_114_175;ollaan;1
1306;114/2017;2017_114_175;nyt;4
1306;114/2017;2017_114_175;taas;1
1306;114/2017;2017_114_175;tekemässä;1
1306;114/2017;2017_114_175;vielä;1
1306;114/2017;2017_114_175;äärimmäisen;1
1306;114/2017;2017_114_175;kyseenalaisin;1
1306;114/2017;2017_114_175;puhtaasti;1
1306;114/2017;2017_114_175;fiskaalisin;1
1306;114/2017;2017_114_175;perustein;1
1306;114/2017;2017_114_175;oikeusjärjestelmäämme;1
1306;114/2017;2017_114_175;leikkauksia;1
1306;114/2017;2017_114_175;vetoaminen;1
1306;114/2017;2017_114_175;siihen;2
1306;114/2017;2017_114_175;digitaalisuus;1
1306;114/2017;2017_114_175;jotenkin;1
1306;114/2017;2017_114_175;pelastaisi;1
1306;114/2017;2017_114_175;tilanteen;1
1306;114/2017;2017_114_175;ei;1
1306;114/2017;2017_114_175;tässä;1
1306;114/2017;2017_114_175;asiassa;1
1306;114/2017;2017_114_175;käy;1
1306;114/2017;2017_114_175;uhkaa;1
1306;114/2017;2017_114_175;selvästi;1
1306;114/2017;2017_114_175;yhdenvertaisia;1
1306;114/2017;2017_114_175;oikeuksia;1
1306;114/2017;2017_114_175;saada;1
1306;114/2017;2017_114_175;oikeutta;1
1306;114/2017;2017_114_175;jo;2
1306;114/2017;2017_114_175;henkilö;1
1306;114/2017;2017_114_175;joka;1
1306;114/2017;2017_114_175;haluaa;1
1306;114/2017;2017_114_175;käsittelyn;1
1306;114/2017;2017_114_175;muulla;1
1306;114/2017;2017_114_175;kuin;1
1306;114/2017;2017_114_175;suomen;1
1306;114/2017;2017_114_175;kielellä;1
1306;114/2017;2017_114_175;heikommassa;1
1306;114/2017;2017_114_175;asemassa;1
1306;114/2017;2017_114_175;lain;1
1306;114/2017;2017_114_175;edessä;1
1306;114/2017;2017_114_175;pahentaa;1
1306;114/2017;2017_114_175;asiantuntijoiden;1
1306;114/2017;2017_114_175;mukaan;1
1306;114/2017;2017_114_175;tätä;1
1306;114/2017;2017_114_175;tilannetta;1
1306;114/2017;2017_114_175;nämä;2
1306;114/2017;2017_114_175;ovat;1
1306;114/2017;2017_114_175;huolia;1
1306;114/2017;2017_114_175;jotka;1
1306;114/2017;2017_114_175;voi;2
1306;114/2017;2017_114_175;ohittaa;1
1306;114/2017;2017_114_175;olankohautuksella;1
1306;114/2017;2017_114_175;tai;2
1306;114/2017;2017_114_175;sitten;1
1306;114/2017;2017_114_175;ne;1
1306;114/2017;2017_114_175;vakavasti;1
1306;114/2017;2017_114_175;vaikeuksia;1
1306;114/2017;2017_114_175;löytää;1
1306;114/2017;2017_114_175;riittävästi;1
1306;114/2017;2017_114_175;ruotsin;1
1306;114/2017;2017_114_175;kielen;1
1306;114/2017;2017_114_175;taitoista;1
1306;114/2017;2017_114_175;henkilökuntaa;1
1306;114/2017;2017_114_175;tuomioistuimiin;1
1306;114/2017;2017_114_175;alustavat;1
1306;114/2017;2017_114_175;tiedustelut;1
1306;114/2017;2017_114_175;viittaavat;1
1306;114/2017;2017_114_175;lakkautetaan;1
1306;114/2017;2017_114_175;toimipisteitä;1
1306;114/2017;2017_114_175;sekä;1
1306;114/2017;2017_114_175;läntisellä;1
1306;114/2017;2017_114_175;itäisellä;1
1306;114/2017;2017_114_175;uudellamaalla;1
1306;114/2017;2017_114_175;niin;1
1306;114/2017;2017_114_175;henkilöt;1
1306;114/2017;2017_114_175;eivät;1
1306;114/2017;2017_114_175;tule;1
1306;114/2017;2017_114_175;muuttamaan;1
1306;114/2017;2017_114_175;työn;1
1306;114/2017;2017_114_175;perässä;1
1306;114/2017;2017_114_175;espooseen;1
1306;114/2017;2017_114_175;vantaalle;1
1306;117/2017;2017_117_33;ärade;1
1306;117/2017;2017_117_33;talman;1
1306;117/2017;2017_117_33;ensin;1
1306;117/2017;2017_117_33;on;9
1306;117/2017;2017_117_33;hyvä;1
1306;117/2017;2017_117_33;korjata;1
1306;117/2017;2017_117_33;väärä;1
1306;117/2017;2017_117_33;käsitys;1
1306;117/2017;2017_117_33;joka;3
1306;117/2017;2017_117_33;edustaja;4
1306;117/2017;2017_117_33;hoskosella;1
1306;117/2017;2017_117_33;oli;1
1306;117/2017;2017_117_33;hallituksen;1
1306;117/2017;2017_117_33;toimethan;1
1306;117/2017;2017_117_33;ovat;2
1306;117/2017;2017_117_33;pienentämässä;1
1306;117/2017;2017_117_33;hiilinielua;1
1306;117/2017;2017_117_33;sen;2
1306;117/2017;2017_117_33;voi;3
1306;117/2017;2017_117_33;hyväksyä;1
1306;117/2017;2017_117_33;tai;1
1306;117/2017;2017_117_33;siltä;1
1306;117/2017;2017_117_33;ummistaa;1
1306;117/2017;2017_117_33;silmänsä;1
1306;117/2017;2017_117_33;mutta;1
1306;117/2017;2017_117_33;tietenkin;2
1306;117/2017;2017_117_33;toivoisin;1
1306;117/2017;2017_117_33;itse;1
1306;117/2017;2017_117_33;että;3
1306;117/2017;2017_117_33;ymmärtäisi;1
1306;117/2017;2017_117_33;ja;6
1306;117/2017;2017_117_33;ryhtyisi;1
1306;117/2017;2017_117_33;sitten;1
1306;117/2017;2017_117_33;korjaaviin;1
1306;117/2017;2017_117_33;toimenpiteisiin;1
1306;117/2017;2017_117_33;tämä;5
1306;117/2017;2017_117_33;kaiken;1
1306;117/2017;2017_117_33;kaikkiaan;1
1306;117/2017;2017_117_33;tervetullut;1
1306;117/2017;2017_117_33;uudistus;1
1306;117/2017;2017_117_33;kuten;1
1306;117/2017;2017_117_33;muun;2
1306;117/2017;2017_117_33;muassa;2
1306;117/2017;2017_117_33;jaskari;1
1306;117/2017;2017_117_33;nosti;2
1306;117/2017;2017_117_33;esille;2
1306;117/2017;2017_117_33;nykyisellä;1
1306;117/2017;2017_117_33;mallilla;1
1306;117/2017;2017_117_33;selkeät;1
1306;117/2017;2017_117_33;ongelmansa;1
1306;117/2017;2017_117_33;tuotantotukijärjestelmä;1
1306;117/2017;2017_117_33;kuitenkin;2
1306;117/2017;2017_117_33;vain;1
1306;117/2017;2017_117_33;yksi;1
1306;117/2017;2017_117_33;asia;1
1306;117/2017;2017_117_33;kun;1
1306;117/2017;2017_117_33;puhutaan;1
1306;117/2017;2017_117_33;siitä;2
1306;117/2017;2017_117_33;miten;2
1306;117/2017;2017_117_33;rakennetaan;1
1306;117/2017;2017_117_33;sujuvaa;1
1306;117/2017;2017_117_33;joustavaa;1
1306;117/2017;2017_117_33;tulevaisuuden;1
1306;117/2017;2017_117_33;hajautettua;1
1306;117/2017;2017_117_33;energiantuotantojärjestelmää;1
1306;117/2017;2017_117_33;meillä;1
1306;117/2017;2017_117_33;tällä;3
1306;117/2017;2017_117_33;saralla;1
1306;117/2017;2017_117_33;tästä;1
1306;117/2017;2017_117_33;näkökulmasta;1
1306;117/2017;2017_117_33;vielä;1
1306;117/2017;2017_117_33;aika;2
1306;117/2017;2017_117_33;paljon;1
1306;117/2017;2017_117_33;tekemistä;1
1306;117/2017;2017_117_33;myller;1
1306;117/2017;2017_117_33;taloihin;1
1306;117/2017;2017_117_33;kytketyt;1
1306;117/2017;2017_117_33;aurinkosähköjärjestelmät;1
1306;117/2017;2017_117_33;hetkellä;2
1306;117/2017;2017_117_33;asunto-osakeyhtiön;1
1306;117/2017;2017_117_33;vaikea;1
1306;117/2017;2017_117_33;käyttää;1
1306;117/2017;2017_117_33;tällaista;1
1306;117/2017;2017_117_33;hyväkseen;1
1306;117/2017;2017_117_33;verotuksellisista;2
1306;117/2017;2017_117_33;syistä;3
1306;117/2017;2017_117_33;tiukka;1
1306;117/2017;2017_117_33;raja;1
1306;117/2017;2017_117_33;yhtiöön;1
1306;117/2017;2017_117_33;menevän;2
1306;117/2017;2017_117_33;sähkön;2
1306;117/2017;2017_117_33;asuntoihin;1
1306;117/2017;2017_117_33;välillä;1
1306;117/2017;2017_117_33;olisi;2
1306;117/2017;2017_117_33;lainsäädännöllisin;1
1306;117/2017;2017_117_33;toimenpitein;1
1306;117/2017;2017_117_33;korjattavissa;1
1306;117/2017;2017_117_33;kysyä;1
1306;117/2017;2017_117_33;onko;1
1306;117/2017;2017_117_33;mielekästä;1
1306;117/2017;2017_117_33;taas;2
1306;117/2017;2017_117_33;kohdellaan;1
1306;117/2017;2017_117_33;eri;1
1306;117/2017;2017_117_33;tavalla;1
1306;117/2017;2017_117_33;vaikka;2
1306;117/2017;2017_117_33;aurinkosähköjärjestelmää;1
1306;117/2017;2017_117_33;sijoitetaan;2
1306;117/2017;2017_117_33;samalle;1
1306;117/2017;2017_117_33;tontille;2
1306;117/2017;2017_117_33;kuin;1
1306;117/2017;2017_117_33;rakennus;1
1306;117/2017;2017_117_33;suhteessa;1
1306;117/2017;2017_117_33;siihen;1
1306;117/2017;2017_117_33;viereiselle;1
1306;117/2017;2017_117_33;omistaja;1
1306;117/2017;2017_117_33;sama;1
1306;117/2017;2017_117_33;ihan;1
1306;117/2017;2017_117_33;maankäytöllisistä;1
1306;117/2017;2017_117_33;ajaa;1
1306;117/2017;2017_117_33;mielestäni;1
1306;117/2017;2017_117_33;ei-järkeviin;1
1306;117/2017;2017_117_33;ratkaisuihin;1
1306;117/2017;2017_117_33;tosiaankin;1
1306;117/2017;2017_117_33;uusiutuvat;1
1306;117/2017;2017_117_33;energiamuodot;1
1306;117/2017;2017_117_33;jo;2
1306;117/2017;2017_117_33;nyt;1
1306;117/2017;2017_117_33;kustannuskilpailukykyisiä;1
1306;117/2017;2017_117_33;fortumin;1
1306;117/2017;2017_117_33;mukaan;1
1306;117/2017;2017_117_33;tukholman;1
1306;117/2017;2017_117_33;tasolla;1
1306;117/2017;2017_117_33;tuotetaan;1
1306;117/2017;2017_117_33;aurinkosähköä;1
1306;117/2017;2017_117_33;eurolla;1
1306;117/2017;2017_117_33;megawattitunti;1
1306;117/2017;2017_117_33;muutaman;1
1306;117/2017;2017_117_33;vuoden;1
1306;117/2017;2017_117_33;sisällä;1
1306;117/2017;2017_117_33;tuulivoima;1
1306;117/2017;2017_117_33;kustannustehokkain;1
1306;117/2017;2017_117_33;tapa;1
1306;117/2017;2017_117_33;tuottaa;1
1306;117/2017;2017_117_33;uutta;1
1306;117/2017;2017_117_33;kapasiteettia;1
1306;117/2017;2017_117_33;markkinoille;1
1306;117/2017;2017_117_33;uusi;1
1306;117/2017;2017_117_33;tuotantorakenne;1
1306;117/2017;2017_117_33;asettaa;1
1306;117/2017;2017_117_33;myös;1
1306;117/2017;2017_117_33;vaatimuksia;1
1306;117/2017;2017_117_33;koko;1
1306;117/2017;2017_117_33;verkolle;1
1306;117/2017;2017_117_33;iso;1
1306;117/2017;2017_117_33;kysymys;1
1306;117/2017;2017_117_33;onkin;1
1306;117/2017;2017_117_33;siinä;1
1306;117/2017;2017_117_33;me;1
1306;117/2017;2017_117_33;varaudumme;1
1306;117/2017;2017_117_33;tähän;1
1306;117/2017;2017_117_33;kysyntäjoustoon;1
1306;117/2017;2017_117_33;jota;1
1306;117/2017;2017_117_33;nämä;1
1306;117/2017;2017_117_33;uudet;1
1306;117/2017;2017_117_33;tuotantojärjestelmät;1
1306;117/2017;2017_117_33;tulevat;1
1306;117/2017;2017_117_33;vaatimaan;1
1306;117/2017;2017_117_33;se;2
1306;117/2017;2017_117_33;tarkoittaa;1
1306;117/2017;2017_117_33;esimerkiksi;1
1306;117/2017;2017_117_33;sitä;1
1306;117/2017;2017_117_33;puhemies;2
1306;117/2017;2017_117_33;koputtaa;1
1306;117/2017;2017_117_33;kulutuspisteeseen;1
1306;117/2017;2017_117_33;tullee;1
1306;117/2017;2017_117_33;kuulumaan;1
1306;117/2017;2017_117_33;myöskin;2
1306;117/2017;2017_117_33;varastointia;1
1306;117/2017;2017_117_33;puhetta;1
1306;117/2017;2017_117_33;syytä;1
1306;117/2017;2017_117_33;jatkaa;1
1306;117/2017;2017_117_33;puhujapöntöstä;1
1306;117/2017;2017_117_33;jos;1
1306;117/2017;2017_117_33;haluaa;1
1306;117/2017;2017_117_33;pitää;1
1306;117/2017;2017_117_33;pystyä;1
1306;117/2017;2017_117_33;syöttämään;1
1306;117/2017;2017_117_33;verkkoon;1
1306;117/2017;2017_117_33;sähköä;1
1306;117/2017;2017_117_33;edellyttää;1
1306;117/2017;2017_117_33;lainsäädäntömuutoksia;1
1306;117/2017;2017_117_33;kiitos;1
1306;132/2017;2017_132_205;ärade;1
1306;132/2017;2017_132_205;talman;1
1306;132/2017;2017_132_205;suomen;2
1306;132/2017;2017_132_205;itsenäisyyden;2
1306;132/2017;2017_132_205;juhlavuoden;1
1306;132/2017;2017_132_205;teema;1
1306;132/2017;2017_132_205;yhdessä;2
1306;132/2017;2017_132_205;tillsammans;1
1306;132/2017;2017_132_205;liittyy;1
1306;132/2017;2017_132_205;oleellisesti;1
1306;132/2017;2017_132_205;tähän;3
1306;132/2017;2017_132_205;nyt;1
1306;132/2017;2017_132_205;käsiteltävänä;1
1306;132/2017;2017_132_205;olevaan;1
1306;132/2017;2017_132_205;teemaan;1
1306;132/2017;2017_132_205;eriarvoisuuteen;2
1306;132/2017;2017_132_205;ei;9
1306;132/2017;2017_132_205;erikseen;1
1306;132/2017;2017_132_205;ja;9
1306;132/2017;2017_132_205;kaikki;5
1306;132/2017;2017_132_205;mukana;1
1306;132/2017;2017_132_205;meillä;1
1306;132/2017;2017_132_205;vallitsee;1
1306;132/2017;2017_132_205;yhteiskuntarauha;1
1306;132/2017;2017_132_205;järjestys;1
1306;132/2017;2017_132_205;koska;2
1306;132/2017;2017_132_205;jokainen;2
1306;132/2017;2017_132_205;suomalainen;2
1306;132/2017;2017_132_205;voi;3
1306;132/2017;2017_132_205;kokea;1
1306;132/2017;2017_132_205;että;20
1306;132/2017;2017_132_205;hänelle;1
1306;132/2017;2017_132_205;annetaan;2
1306;132/2017;2017_132_205;mahdollisuus;3
1306;132/2017;2017_132_205;edetä;1
1306;132/2017;2017_132_205;opiskella;1
1306;132/2017;2017_132_205;pärjätä;1
1306;132/2017;2017_132_205;tämän;1
1306;132/2017;2017_132_205;asian;1
1306;132/2017;2017_132_205;tärkeyttä;1
1306;132/2017;2017_132_205;yliarvioida;1
1306;132/2017;2017_132_205;kun;2
1306;132/2017;2017_132_205;eilen;2
1306;132/2017;2017_132_205;seurasi;1
1306;132/2017;2017_132_205;ulkomailta;1
1306;132/2017;2017_132_205;tulevia;1
1306;132/2017;2017_132_205;tervehdyksiä;1
1306;132/2017;2017_132_205;vuotiaalle;1
1306;132/2017;2017_132_205;suomelle;1
1306;132/2017;2017_132_205;moni;1
1306;132/2017;2017_132_205;tarttui;1
1306;132/2017;2017_132_205;nimenomaan;1
1306;132/2017;2017_132_205;tasa-arvoiseen;1
1306;132/2017;2017_132_205;yhteiskuntaan;2
1306;132/2017;2017_132_205;sen;2
1306;132/2017;2017_132_205;kautta;1
1306;132/2017;2017_132_205;toimivaan;1
1306;132/2017;2017_132_205;yhteisöön;1
1306;132/2017;2017_132_205;jossa;1
1306;132/2017;2017_132_205;haluavat;1
1306;132/2017;2017_132_205;tehdä;1
1306;132/2017;2017_132_205;oman;1
1306;132/2017;2017_132_205;panoksensa;1
1306;132/2017;2017_132_205;heille;1
1306;132/2017;2017_132_205;se;12
1306;132/2017;2017_132_205;alkutaipaleella;1
1306;132/2017;2017_132_205;näin;1
1306;132/2017;2017_132_205;ollut;1
1306;132/2017;2017_132_205;tänään;1
1306;132/2017;2017_132_205;olemme;1
1306;132/2017;2017_132_205;tässä;1
1306;132/2017;2017_132_205;pisteessä;1
1306;132/2017;2017_132_205;on;12
1306;132/2017;2017_132_205;monen;1
1306;132/2017;2017_132_205;hyvän;1
1306;132/2017;2017_132_205;päätöksen;1
1306;132/2017;2017_132_205;summa;1
1306;132/2017;2017_132_205;joista;1
1306;132/2017;2017_132_205;vähin;1
1306;132/2017;2017_132_205;ole;4
1306;132/2017;2017_132_205;opiskelun;1
1306;132/2017;2017_132_205;yhdenvertaisuus;1
1306;132/2017;2017_132_205;siitä;4
1306;132/2017;2017_132_205;luottaa;1
1306;132/2017;2017_132_205;siihen;1
1306;132/2017;2017_132_205;opiskelu;1
1306;132/2017;2017_132_205;mahdollista;1
1306;132/2017;2017_132_205;rahasta;1
1306;132/2017;2017_132_205;kiinni;2
1306;132/2017;2017_132_205;pitää;7
1306;132/2017;2017_132_205;saavutettu;1
1306;132/2017;2017_132_205;etu;1
1306;132/2017;2017_132_205;helppo;1
1306;132/2017;2017_132_205;menettää;1
1306;132/2017;2017_132_205;menetys;1
1306;132/2017;2017_132_205;saattaa;1
1306;132/2017;2017_132_205;tulla;1
1306;132/2017;2017_132_205;hiipien;1
1306;132/2017;2017_132_205;pienin;1
1306;132/2017;2017_132_205;askelin;1
1306;132/2017;2017_132_205;huomaamatta;1
1306;132/2017;2017_132_205;kuitenkaan;1
1306;132/2017;2017_132_205;tarkoita;2
1306;132/2017;2017_132_205;pitäisi;1
1306;132/2017;2017_132_205;mitata;1
1306;132/2017;2017_132_205;gini-kertoimen;1
1306;132/2017;2017_132_205;sadasosilla;1
1306;132/2017;2017_132_205;sitä;2
1306;132/2017;2017_132_205;ainoa;1
1306;132/2017;2017_132_205;eriarvoisuutta;1
1306;132/2017;2017_132_205;pienentävä;1
1306;132/2017;2017_132_205;toimi;1
1306;132/2017;2017_132_205;progression;1
1306;132/2017;2017_132_205;jyrkentäminen;1
1306;132/2017;2017_132_205;meidän;3
1306;132/2017;2017_132_205;huolta;2
1306;132/2017;2017_132_205;palkalla;2
1306;132/2017;2017_132_205;pärjää;1
1306;132/2017;2017_132_205;asuntoon;1
1306;132/2017;2017_132_205;varaa;1
1306;132/2017;2017_132_205;pienelläkin;1
1306;132/2017;2017_132_205;mutta;1
1306;132/2017;2017_132_205;myös;2
1306;132/2017;2017_132_205;verotus;1
1306;132/2017;2017_132_205;luo;2
1306;132/2017;2017_132_205;kannusteen;2
1306;132/2017;2017_132_205;etenemiselle;1
1306;132/2017;2017_132_205;oppimiselle;1
1306;132/2017;2017_132_205;opiskelulle;1
1306;132/2017;2017_132_205;vaikka;1
1306;132/2017;2017_132_205;yrityksen;1
1306;132/2017;2017_132_205;perustamiselle;1
1306;132/2017;2017_132_205;kaikilla;1
1306;132/2017;2017_132_205;pääsy;1
1306;132/2017;2017_132_205;opintopolulle;1
1306;132/2017;2017_132_205;kaikille;1
1306;132/2017;2017_132_205;tarjotaan;1
1306;132/2017;2017_132_205;eväät;1
1306;132/2017;2017_132_205;polulla;1
1306;132/2017;2017_132_205;menestymiselle;1
1306;132/2017;2017_132_205;siksi;1
1306;132/2017;2017_132_205;päivähoidon;1
1306;132/2017;2017_132_205;subjektiivisen;1
1306;132/2017;2017_132_205;oikeuden;1
1306;132/2017;2017_132_205;rajoituksen;1
1306;132/2017;2017_132_205;säilyttäminen;1
1306;132/2017;2017_132_205;käsittämätöntä;1
1306;132/2017;2017_132_205;ottaen;1
1306;132/2017;2017_132_205;vielä;1
1306;132/2017;2017_132_205;huomioon;1
1306;132/2017;2017_132_205;arviot;1
1306;132/2017;2017_132_205;säästöistä;1
1306;132/2017;2017_132_205;ovat;1
1306;132/2017;2017_132_205;osoittautuneet;1
1306;132/2017;2017_132_205;huomattavan;1
1306;132/2017;2017_132_205;optimistisiksi;1
1306;132/2017;2017_132_205;tämä;1
1306;132/2017;2017_132_205;oli;2
1306;132/2017;2017_132_205;tietoinen;1
1306;132/2017;2017_132_205;päätös;2
1306;132/2017;2017_132_205;joka;2
1306;132/2017;2017_132_205;selvästi;1
1306;132/2017;2017_132_205;ajaa;1
1306;132/2017;2017_132_205;evätään;1
1306;132/2017;2017_132_205;ryhmältä;1
1306;132/2017;2017_132_205;oikeus;1
1306;132/2017;2017_132_205;täysimittaiseen;1
1306;132/2017;2017_132_205;varhaiskasvatukseen;1
1306;132/2017;2017_132_205;vanhempien;1
1306;132/2017;2017_132_205;sosioekonomisen;1
1306;132/2017;2017_132_205;aseman;1
1306;132/2017;2017_132_205;perusteella;1
1306;132/2017;2017_132_205;muita;1
1306;132/2017;2017_132_205;epätasa-arvoon;1
1306;132/2017;2017_132_205;vieviä;1
1306;132/2017;2017_132_205;hallituksen;1
1306;132/2017;2017_132_205;toimia;1
1306;132/2017;2017_132_205;nykymuotoinen;1
1306;132/2017;2017_132_205;sote-uudistus;1
1306;132/2017;2017_132_205;asiantuntija-arvioiden;1
1306;132/2017;2017_132_205;mukaan;1
1306;132/2017;2017_132_205;viemässä;1
1306;132/2017;2017_132_205;tavoitteeseensa;1
1306;132/2017;2017_132_205;maakuntauudistuksella;1
1306;132/2017;2017_132_205;heikennetään;1
1306;132/2017;2017_132_205;kasvukeskusten;1
1306;132/2017;2017_132_205;talousmoottoreiden;1
1306;132/2017;2017_132_205;kilpailukykyä;1
1306;132/2017;2017_132_205;kestävää;1
1306;132/2017;2017_132_205;alueellista;1
1306;132/2017;2017_132_205;tasa-arvoa;1
1306;132/2017;2017_132_205;arvoisa;1
1306;132/2017;2017_132_205;puhemies;1
1306;132/2017;2017_132_205;toimivan;1
1306;132/2017;2017_132_205;yhteiskunnan;2
1306;132/2017;2017_132_205;perusedellytys;1
1306;132/2017;2017_132_205;kaikkien;1
1306;132/2017;2017_132_205;siinä;1
1306;132/2017;2017_132_205;olevien;1
1306;132/2017;2017_132_205;katsotaan;1
1306;132/2017;2017_132_205;olevan;1
1306;132/2017;2017_132_205;osa;1
1306;132/2017;2017_132_205;katsovat;1
1306;132/2017;2017_132_205;heillä;1
1306;132/2017;2017_132_205;oikeutus;1
1306;132/2017;2017_132_205;olemassaoloon;1
1306;132/2017;2017_132_205;osallistumiseen;1
1306;132/2017;2017_132_205;yksi;1
1306;132/2017;2017_132_205;näkökulma;1
1306;132/2017;2017_132_205;mistä;1
1306;132/2017;2017_132_205;päätettiin;1
1306;132/2017;2017_132_205;helsingin;2
1306;132/2017;2017_132_205;kaupunginvaltuustossa;1
1306;132/2017;2017_132_205;reilu;1
1306;132/2017;2017_132_205;viikko;1
1306;132/2017;2017_132_205;sitten;1
1306;132/2017;2017_132_205;ymmärrettiin;1
1306;132/2017;2017_132_205;sisällä;1
1306;132/2017;2017_132_205;kannattaa;1
1306;132/2017;2017_132_205;heikoimmassa;1
1306;132/2017;2017_132_205;asemassa;1
1306;132/2017;2017_132_205;olevat;1
1306;132/2017;2017_132_205;viisas;1
1306;132/2017;2017_132_205;pragmaattinen;1
1306;132/2017;2017_132_205;toista;1
1306;132/2017;2017_132_205;puolta;1
1306;132/2017;2017_132_205;samasta;1
1306;132/2017;2017_132_205;kolikosta;1
1306;132/2017;2017_132_205;edustavat;1
1306;132/2017;2017_132_205;ne;1
1306;132/2017;2017_132_205;mielenosoitukset;1
1306;132/2017;2017_132_205;joita;1
1306;132/2017;2017_132_205;valitettavasti;1
1306;132/2017;2017_132_205;nähtiin;1
1306;132/2017;2017_132_205;kaduilla;1
1306;132/2017;2017_132_205;samaan;1
1306;132/2017;2017_132_205;aikaan;1
1306;132/2017;2017_132_205;valtaosa;1
1306;132/2017;2017_132_205;suomalaisista;1
1306;132/2017;2017_132_205;juhlisti;1
1306;132/2017;2017_132_205;polkuamme;1
1306;132/2017;2017_132_205;vaikean;1
1306;132/2017;2017_132_205;alkutaipaleen;1
1306;132/2017;2017_132_205;jälkeen;1
1306;132/2017;2017_132_205;yhtenäiseksi;1
1306;132/2017;2017_132_205;kansaksi;1
1306;132/2017;2017_132_205;johon;1
1306;132/2017;2017_132_205;lasketaan;1
1306;132/2017;2017_132_205;kulkue;1
1306;132/2017;2017_132_205;viimeisiään;1
1306;132/2017;2017_132_205;vetävä;1
1306;132/2017;2017_132_205;uusnatsijärjestö;1
1306;132/2017;2017_132_205;agitoivat;1
1306;132/2017;2017_132_205;eriarvoisuuden;1
1306;132/2017;2017_132_205;puolesta;2
1306;132/2017;2017_132_205;määritellään;1
1306;132/2017;2017_132_205;mitä;1
1306;132/2017;2017_132_205;olla;1
1306;132/2017;2017_132_205;mahdollisimman;1
1306;132/2017;2017_132_205;tiukasti;1
1306;132/2017;2017_132_205;eriarvoistavasti;1
1306;141/2017;2017_141_80;arvoisa;1
1306;141/2017;2017_141_80;puhemies;1
1306;141/2017;2017_141_80;kohdan;1
1306;141/2017;2017_141_80;viimeisessä;1
1306;141/2017;2017_141_80;äänestyksessä;1
1306;141/2017;2017_141_80;oli;1
1306;141/2017;2017_141_80;tarkoitus;1
1306;141/2017;2017_141_80;äänestää;1
1306;141/2017;2017_141_80;jaa;1
1306;143/2017;2017_143_21;ärade;1
1306;143/2017;2017_143_21;talman;1
1306;143/2017;2017_143_21;on;9
1306;143/2017;2017_143_21;selvä;1
1306;143/2017;2017_143_21;että;3
1306;143/2017;2017_143_21;tilanne;1
1306;143/2017;2017_143_21;jossa;1
1306;143/2017;2017_143_21;etämyynnin;3
1306;143/2017;2017_143_21;kielto;1
1306;143/2017;2017_143_21;perusteluissa;1
1306;143/2017;2017_143_21;mutta;2
1306;143/2017;2017_143_21;ei;7
1306;143/2017;2017_143_21;pykälissä;1
1306;143/2017;2017_143_21;huonoa;1
1306;143/2017;2017_143_21;lainsäädäntöä;2
1306;143/2017;2017_143_21;ja;10
1306;143/2017;2017_143_21;tämähän;1
1306;143/2017;2017_143_21;pitää;5
1306;143/2017;2017_143_21;jollain;2
1306;143/2017;2017_143_21;tavalla;3
1306;143/2017;2017_143_21;korjata;1
1306;143/2017;2017_143_21;jos;4
1306;143/2017;2017_143_21;katsoo;1
1306;143/2017;2017_143_21;nykytilannetta;1
1306;143/2017;2017_143_21;niin;4
1306;143/2017;2017_143_21;tällä;1
1306;143/2017;2017_143_21;hetkellähän;1
1306;143/2017;2017_143_21;etämyynti;1
1306;143/2017;2017_143_21;ole;3
1306;143/2017;2017_143_21;suomessa;1
1306;143/2017;2017_143_21;kielletty;2
1306;143/2017;2017_143_21;joskin;1
1306;143/2017;2017_143_21;käytännön;1
1306;143/2017;2017_143_21;sovellutukset;1
1306;143/2017;2017_143_21;tästä;1
1306;143/2017;2017_143_21;ovat;2
1306;143/2017;2017_143_21;kiristyneet;1
1306;143/2017;2017_143_21;ajan;1
1306;143/2017;2017_143_21;myötä;1
1306;143/2017;2017_143_21;ruotsissa;1
1306;143/2017;2017_143_21;se;4
1306;143/2017;2017_143_21;siellä;2
1306;143/2017;2017_143_21;kautta;1
1306;143/2017;2017_143_21;tuleva;1
1306;143/2017;2017_143_21;tavara;1
1306;143/2017;2017_143_21;edustaa;1
1306;143/2017;2017_143_21;noin;1
1306;143/2017;2017_143_21;prosenttia;1
1306;143/2017;2017_143_21;kokonaiskulutuksesta;1
1306;143/2017;2017_143_21;kuitenkin;2
1306;143/2017;2017_143_21;aika;1
1306;143/2017;2017_143_21;vahva;1
1306;143/2017;2017_143_21;monopoli;1
1306;143/2017;2017_143_21;no;2
1306;143/2017;2017_143_21;mikä;2
1306;143/2017;2017_143_21;etäoston;1
1306;143/2017;2017_143_21;ero;1
1306;143/2017;2017_143_21;kyse;1
1306;143/2017;2017_143_21;oikeastaan;1
1306;143/2017;2017_143_21;vain;1
1306;143/2017;2017_143_21;siitä;1
1306;143/2017;2017_143_21;myyjän;2
1306;143/2017;2017_143_21;yhteys;1
1306;143/2017;2017_143_21;kuljetusyritykseen;1
1306;143/2017;2017_143_21;hoitaako;1
1306;143/2017;2017_143_21;myyjä;2
1306;143/2017;2017_143_21;sen;6
1306;143/2017;2017_143_21;eteenpäin;1
1306;143/2017;2017_143_21;vai;2
1306;143/2017;2017_143_21;tilaako;1
1306;143/2017;2017_143_21;ostaja;1
1306;143/2017;2017_143_21;kuljetuspalvelun;1
1306;143/2017;2017_143_21;jostain;1
1306;143/2017;2017_143_21;muualta;1
1306;143/2017;2017_143_21;voi;2
1306;143/2017;2017_143_21;kuvitella;1
1306;143/2017;2017_143_21;tämä;4
1306;143/2017;2017_143_21;nyt;2
1306;143/2017;2017_143_21;kielletään;1
1306;143/2017;2017_143_21;äärimmäisen;1
1306;143/2017;2017_143_21;helppo;2
1306;143/2017;2017_143_21;kiertää;1
1306;143/2017;2017_143_21;me;1
1306;143/2017;2017_143_21;teemme;1
1306;143/2017;2017_143_21;joka;1
1306;143/2017;2017_143_21;helposti;2
1306;143/2017;2017_143_21;kierrettävissä;1
1306;143/2017;2017_143_21;sekään;1
1306;143/2017;2017_143_21;ideaalitilanne;1
1306;143/2017;2017_143_21;lisäksi;1
1306;143/2017;2017_143_21;eu;1
1306;143/2017;2017_143_21;suhtautunee;1
1306;143/2017;2017_143_21;tällaisiin;1
1306;143/2017;2017_143_21;kieltoihin;1
1306;143/2017;2017_143_21;kriittisesti;1
1306;143/2017;2017_143_21;tullin;2
1306;143/2017;2017_143_21;pitäisi;2
1306;143/2017;2017_143_21;valvoa;1
1306;143/2017;2017_143_21;tätä;1
1306;143/2017;2017_143_21;asia;1
1306;143/2017;2017_143_21;tuli;1
1306;143/2017;2017_143_21;esiin;1
1306;143/2017;2017_143_21;hallintovaliokunnassakin;1
1306;143/2017;2017_143_21;tulli;1
1306;143/2017;2017_143_21;laatikon;1
1306;143/2017;2017_143_21;pohjalta;1
1306;143/2017;2017_143_21;perustella;1
1306;143/2017;2017_143_21;onko;2
1306;143/2017;2017_143_21;välittänyt;1
1306;143/2017;2017_143_21;tuotteen;1
1306;143/2017;2017_143_21;kuljetusyritykselle;1
1306;143/2017;2017_143_21;kuljetusyritys;1
1306;143/2017;2017_143_21;keskustelematta;1
1306;143/2017;2017_143_21;kanssa;1
1306;143/2017;2017_143_21;tullut;1
1306;143/2017;2017_143_21;sinne;1
1306;143/2017;2017_143_21;varastoon;1
1306;143/2017;2017_143_21;nostanut;1
1306;143/2017;2017_143_21;autoonsa;1
1306;143/2017;2017_143_21;näy;1
1306;143/2017;2017_143_21;paketissa;1
1306;143/2017;2017_143_21;millään;1
1306;143/2017;2017_143_21;pystyä;1
1306;143/2017;2017_143_21;valvomaan;1
1306;143/2017;2017_143_21;nämä;1
1306;143/2017;2017_143_21;tällaisia;2
1306;143/2017;2017_143_21;asioita;1
1306;143/2017;2017_143_21;mitä;2
1306;143/2017;2017_143_21;tämän;1
1306;143/2017;2017_143_21;työstämisen;1
1306;143/2017;2017_143_21;tiimoilta;1
1306;143/2017;2017_143_21;selvittää;1
1306;143/2017;2017_143_21;lainsäädännön;1
1306;143/2017;2017_143_21;olla;3
1306;143/2017;2017_143_21;yksiselitteistä;1
1306;143/2017;2017_143_21;seurata;1
1306;143/2017;2017_143_21;sitä;1
1306;143/2017;2017_143_21;saa;1
1306;143/2017;2017_143_21;syntyä;1
1306;143/2017;2017_143_21;hyvin;1
1306;143/2017;2017_143_21;epävarmoja;1
1306;143/2017;2017_143_21;tilanteita;1
1306;143/2017;2017_143_21;tässä;1
1306;143/2017;2017_143_21;syntyy;1
1306;143/2017;2017_143_21;eli;1
1306;143/2017;2017_143_21;jatkotyöskentelyn;1
1306;143/2017;2017_143_21;evästykseksi;1
1306;143/2017;2017_143_21;haluaa;1
1306;143/2017;2017_143_21;etämyyntiä;1
1306;143/2017;2017_143_21;sitten;1
1306;143/2017;2017_143_21;sallia;1
1306;143/2017;2017_143_21;veron;1
1306;143/2017;2017_143_21;maksun;1
1306;143/2017;2017_143_21;yksinkertaista;1
1306;143/2017;2017_143_21;helppoa;1
1306;143/2017;2017_143_21;siinä;1
1306;143/2017;2017_143_21;voidaan;1
1306;143/2017;2017_143_21;varmaan;1
1306;143/2017;2017_143_21;luoda;1
1306;143/2017;2017_143_21;digitaalisia;1
1306;143/2017;2017_143_21;järjestelmiä;1
1306;143/2017;2017_143_21;joilla;1
1306;143/2017;2017_143_21;onnistuu;1
1306;143/2017;2017_143_55;arvoisa;2
1306;143/2017;2017_143_55;puhemies;1
1306;143/2017;2017_143_55;ärade;1
1306;143/2017;2017_143_55;talman;1
1306;143/2017;2017_143_55;koko;2
1306;143/2017;2017_143_55;tälle;1
1306;143/2017;2017_143_55;meri-lappi-paketille;1
1306;143/2017;2017_143_55;sen;2
1306;143/2017;2017_143_55;tarpeelle;1
1306;143/2017;2017_143_55;on;14
1306;143/2017;2017_143_55;olemassa;1
1306;143/2017;2017_143_55;aika;2
1306;143/2017;2017_143_55;selvät;1
1306;143/2017;2017_143_55;syyt;1
1306;143/2017;2017_143_55;toisaalta;2
1306;143/2017;2017_143_55;usko;1
1306;143/2017;2017_143_55;hallituksen;5
1306;143/2017;2017_143_55;sote-uudistukseen;1
1306;143/2017;2017_143_55;selvästi;1
1306;143/2017;2017_143_55;loppumassa;1
1306;143/2017;2017_143_55;paitsi;1
1306;143/2017;2017_143_55;sisällä;1
1306;143/2017;2017_143_55;myöskin;2
1306;143/2017;2017_143_55;ulkopuolella;1
1306;143/2017;2017_143_55;omasta;1
1306;143/2017;2017_143_55;erikoissairaanhoidosta;1
1306;143/2017;2017_143_55;epävarmuutta;1
1306;143/2017;2017_143_55;paikalliset;1
1306;143/2017;2017_143_55;päättäjät;1
1306;143/2017;2017_143_55;haluavat;1
1306;143/2017;2017_143_55;ymmärrettävästi;1
1306;143/2017;2017_143_55;turvata;1
1306;143/2017;2017_143_55;palvelut;1
1306;143/2017;2017_143_55;omalla;1
1306;143/2017;2017_143_55;alueellaan;1
1306;143/2017;2017_143_55;useat;1
1306;143/2017;2017_143_55;asiantuntijatahothan;1
1306;143/2017;2017_143_55;ovat;1
1306;143/2017;2017_143_55;lausuntokierroksella;1
1306;143/2017;2017_143_55;antaneet;1
1306;143/2017;2017_143_55;rajua;1
1306;143/2017;2017_143_55;kritiikkiä;1
1306;143/2017;2017_143_55;uudelle;1
1306;143/2017;2017_143_55;valinnanvapausesitykselle;1
1306;143/2017;2017_143_55;ja;7
1306;143/2017;2017_143_55;eilen;1
1306;143/2017;2017_143_55;julkaistun;1
1306;143/2017;2017_143_55;valtiontalouden;1
1306;143/2017;2017_143_55;tarkastusviraston;1
1306;143/2017;2017_143_55;finanssipolitiikan;1
1306;143/2017;2017_143_55;valvonnan;1
1306;143/2017;2017_143_55;raportissa;1
1306;143/2017;2017_143_55;todetaan;1
1306;143/2017;2017_143_55;että;5
1306;143/2017;2017_143_55;nämä;1
1306;143/2017;2017_143_55;miljardin;1
1306;143/2017;2017_143_55;luvatut;1
1306;143/2017;2017_143_55;säästöt;1
1306;143/2017;2017_143_55;tai;1
1306;143/2017;2017_143_55;kustannusten;1
1306;143/2017;2017_143_55;nousun;1
1306;143/2017;2017_143_55;pienennykset;1
1306;143/2017;2017_143_55;eivät;1
1306;143/2017;2017_143_55;näytä;1
1306;143/2017;2017_143_55;toteutuvan;1
1306;143/2017;2017_143_55;toinen;1
1306;143/2017;2017_143_55;syy;1
1306;143/2017;2017_143_55;kuten;1
1306;143/2017;2017_143_55;hallintovaliokuntakin;1
1306;143/2017;2017_143_55;maltillisin;1
1306;143/2017;2017_143_55;sanankääntein;1
1306;143/2017;2017_143_55;totesi;1
1306;143/2017;2017_143_55;se;2
1306;143/2017;2017_143_55;päivystysasetus;1
1306;143/2017;2017_143_55;jolla;1
1306;143/2017;2017_143_55;maakunnilta;1
1306;143/2017;2017_143_55;viedään;2
1306;143/2017;2017_143_55;viimeisetkin;1
1306;143/2017;2017_143_55;itsenäisyyden;1
1306;143/2017;2017_143_55;rippeet;1
1306;143/2017;2017_143_55;viety;1
1306;143/2017;2017_143_55;läpi;1
1306;143/2017;2017_143_55;ennen;2
1306;143/2017;2017_143_55;varsinaista;1
1306;143/2017;2017_143_55;sote-uudistusta;1
1306;143/2017;2017_143_55;mielenkiintoista;1
1306;143/2017;2017_143_55;etenkin;1
1306;143/2017;2017_143_55;keskusta;1
1306;143/2017;2017_143_55;valmis;1
1306;143/2017;2017_143_55;keskittämään;1
1306;143/2017;2017_143_55;ajamaan;1
1306;143/2017;2017_143_55;sairaalaverkon;1
1306;143/2017;2017_143_55;alas;1
1306;143/2017;2017_143_55;kuin;2
1306;143/2017;2017_143_55;maakuntien;1
1306;143/2017;2017_143_55;sote-uudistuksen;1
1306;143/2017;2017_143_55;kohtalosta;1
1306;143/2017;2017_143_55;vielä;3
1306;143/2017;2017_143_55;minkäänlaista;1
1306;143/2017;2017_143_55;varmuutta;1
1306;143/2017;2017_143_55;tätä;1
1306;143/2017;2017_143_55;epäluuloa;1
1306;143/2017;2017_143_55;sote-valmistelua;1
1306;143/2017;2017_143_55;kohtaan;1
1306;143/2017;2017_143_55;enää;1
1306;143/2017;2017_143_55;vaikea;1
1306;143/2017;2017_143_55;korjata;1
1306;143/2017;2017_143_55;mutta;1
1306;143/2017;2017_143_55;päivystys;1
1306;143/2017;2017_143_55;keskittämislaki;1
1306;143/2017;2017_143_55;olisi;2
1306;143/2017;2017_143_55;pysäytettävissä;1
1306;143/2017;2017_143_55;ilmeisesti;2
1306;143/2017;2017_143_55;hallituksenkin;1
1306;143/2017;2017_143_55;riveissä;1
1306;143/2017;2017_143_55;tähän;2
1306;143/2017;2017_143_55;viime;2
1306;143/2017;2017_143_55;metreillä;2
1306;143/2017;2017_143_55;herätty;1
1306;143/2017;2017_143_55;ylen;1
1306;143/2017;2017_143_55;eilisten;1
1306;143/2017;2017_143_55;tietojen;1
1306;143/2017;2017_143_55;mukaan;1
1306;143/2017;2017_143_55;sosiaali;1
1306;143/2017;2017_143_55;terveysministeri;1
1306;143/2017;2017_143_55;saattaa;1
1306;143/2017;2017_143_55;kajota;1
1306;143/2017;2017_143_55;vuoden;1
1306;143/2017;2017_143_55;vaihteessa;1
1306;143/2017;2017_143_55;voimaan;1
1306;143/2017;2017_143_55;tulevaan;1
1306;143/2017;2017_143_55;erikoissairaanhoidon;1
1306;143/2017;2017_143_55;keskittämisasetukseen;1
1306;143/2017;2017_143_55;ministeri;2
1306;143/2017;2017_143_55;risikon;1
1306;143/2017;2017_143_55;johdolla;1
1306;143/2017;2017_143_55;nyt;3
1306;143/2017;2017_143_55;alettu;1
1306;143/2017;2017_143_55;tarkastelemaan;1
1306;143/2017;2017_143_55;lääkärien;1
1306;143/2017;2017_143_55;esille;1
1306;143/2017;2017_143_55;tuomaa;1
1306;143/2017;2017_143_55;ongelmaa;2
1306;143/2017;2017_143_55;sitä;1
1306;143/2017;2017_143_55;keskussairaalasta;1
1306;143/2017;2017_143_55;häviää;1
1306;143/2017;2017_143_55;laajaan;1
1306;143/2017;2017_143_55;päivystykseen;1
1306;143/2017;2017_143_55;vaadittava;1
1306;143/2017;2017_143_55;osaaminen;1
1306;143/2017;2017_143_55;kun;2
1306;143/2017;2017_143_55;vaativia;1
1306;143/2017;2017_143_55;toimenpiteitä;1
1306;143/2017;2017_143_55;yliopistosairaaloihin;1
1306;143/2017;2017_143_55;tehtäväksi;1
1306;143/2017;2017_143_55;samallahan;1
1306;143/2017;2017_143_55;kuitenkin;2
1306;143/2017;2017_143_55;näitten;1
1306;143/2017;2017_143_55;keskussairaaloiden;1
1306;143/2017;2017_143_55;pitäisi;1
1306;143/2017;2017_143_55;edelleen;1
1306;143/2017;2017_143_55;pystyä;1
1306;143/2017;2017_143_55;tarpeen;1
1306;143/2017;2017_143_55;tullen;1
1306;143/2017;2017_143_55;tekemään;1
1306;143/2017;2017_143_55;samoja;1
1306;143/2017;2017_143_55;hoitoja;1
1306;143/2017;2017_143_55;päivystyksessä;1
1306;143/2017;2017_143_55;tulisi;2
1306;143/2017;2017_143_55;tässä;1
1306;143/2017;2017_143_55;samalla;1
1306;143/2017;2017_143_55;pysäyttää;1
1306;143/2017;2017_143_55;tämä;2
1306;143/2017;2017_143_55;pienten;1
1306;143/2017;2017_143_55;sairaaloiden;4
1306;143/2017;2017_143_55;anestesiaa;1
1306;143/2017;2017_143_55;vaativien;1
1306;143/2017;2017_143_55;leikkausten;1
1306;143/2017;2017_143_55;keskittäminen;2
1306;143/2017;2017_143_55;keskussairaaloihin;1
1306;143/2017;2017_143_55;itse;1
1306;143/2017;2017_143_55;kuulin;1
1306;143/2017;2017_143_55;näistä;1
1306;143/2017;2017_143_55;suunnitelmista;1
1306;143/2017;2017_143_55;niin;1
1306;143/2017;2017_143_55;luulin;1
1306;143/2017;2017_143_55;kyseessä;1
1306;143/2017;2017_143_55;oli;1
1306;143/2017;2017_143_55;vahinko;1
1306;143/2017;2017_143_55;ei;1
1306;143/2017;2017_143_55;kai;1
1306;143/2017;2017_143_55;hallitus;1
1306;143/2017;2017_143_55;jossa;1
1306;143/2017;2017_143_55;kokoomus;1
1306;143/2017;2017_143_55;halua;1
1306;143/2017;2017_143_55;viedä;1
1306;143/2017;2017_143_55;esimerkiksi;1
1306;143/2017;2017_143_55;hyvin;1
1306;143/2017;2017_143_55;toimivilta;1
1306;143/2017;2017_143_55;erikoistuneilta;1
1306;143/2017;2017_143_55;yksityisiltä;1
1306;143/2017;2017_143_55;leikkausyksiköiltä;1
1306;143/2017;2017_143_55;mahdollisuuksia;1
1306;143/2017;2017_143_55;toimia;1
1306;143/2017;2017_143_55;päivystysasetuksen;1
1306;143/2017;2017_143_55;voimaantulon;1
1306;143/2017;2017_143_55;jälkeen;1
1306;143/2017;2017_143_55;näin;1
1306;143/2017;2017_143_55;käymässä;1
1306;143/2017;2017_143_55;ellei;1
1306;143/2017;2017_143_55;sitten;1
1306;143/2017;2017_143_55;puututa;1
1306;143/2017;2017_143_55;päivystysuudistuksen;1
1306;143/2017;2017_143_55;eli;2
1306;143/2017;2017_143_55;alasajon;2
1306;143/2017;2017_143_55;toimeenpano;1
1306;143/2017;2017_143_55;pienempien;1
1306;143/2017;2017_143_55;leikkaustoiminnan;1
1306;143/2017;2017_143_55;keskeyttää;2
1306;143/2017;2017_143_55;kunnes;1
1306;143/2017;2017_143_55;tiedämme;1
1306;143/2017;2017_143_55;mitä;1
1306;143/2017;2017_143_55;sote-uudistuksesta;1
1306;143/2017;2017_143_55;lopulta;1
1306;143/2017;2017_143_55;tulee;2
1306;143/2017;2017_143_55;jos;1
1306;143/2017;2017_143_55;siitä;1
1306;143/2017;2017_143_55;jotain;1
1306;143/2017;2017_143_55;paljon;1
1306;143/2017;2017_143_55;parempi;1
1306;143/2017;2017_143_55;tapa;1
1306;143/2017;2017_143_55;hoitaa;1
1306;143/2017;2017_143_55;tällaista;1
1306;143/2017;2017_143_55;tällaisen;1
1306;143/2017;2017_143_55;pakkolain;1
1306;143/2017;2017_143_55;säätäminen;1
1306;143/2017;2017_143_55;eikö;1
1306;143/2017;2017_143_55;ottaa;1
1306;143/2017;2017_143_55;aikalisä;1
1306;143/2017;2017_143_55;uudistus;1
1306;143/2017;2017_143_55;täytäntöönpano;1
1306;143/2017;2017_143_73;ärade;1
1306;143/2017;2017_143_73;talman;1
1306;143/2017;2017_143_73;kyllähän;1
1306;143/2017;2017_143_73;tämä;2
1306;143/2017;2017_143_73;koko;2
1306;143/2017;2017_143_73;asia;1
1306;143/2017;2017_143_73;lähti;1
1306;143/2017;2017_143_73;raiteiltaan;2
1306;143/2017;2017_143_73;silloin;1
1306;143/2017;2017_143_73;kun;1
1306;143/2017;2017_143_73;kaksi;1
1306;143/2017;2017_143_73;toisiinsa;2
1306;143/2017;2017_143_73;kuulumatonta;1
1306;143/2017;2017_143_73;asiaa;2
1306;143/2017;2017_143_73;valinnanvapaus;1
1306;143/2017;2017_143_73;ja;3
1306;143/2017;2017_143_73;maakuntamalli;1
1306;143/2017;2017_143_73;lähdettiin;1
1306;143/2017;2017_143_73;koplaamaan;1
1306;143/2017;2017_143_73;krista;1
1306;143/2017;2017_143_73;kiuru;1
1306;143/2017;2017_143_73;näin;1
1306;143/2017;2017_143_73;on;3
1306;143/2017;2017_143_73;se;2
1306;143/2017;2017_143_73;ajoi;2
1306;143/2017;2017_143_73;tämän;1
1306;143/2017;2017_143_73;uudistuksen;1
1306;143/2017;2017_143_73;kunnat;1
1306;143/2017;2017_143_73;mahdottomaan;1
1306;143/2017;2017_143_73;tilaan;1
1306;143/2017;2017_143_73;jossa;1
1306;143/2017;2017_143_73;tulevaisuudesta;1
1306;143/2017;2017_143_73;ei;3
1306;143/2017;2017_143_73;voi;1
1306;143/2017;2017_143_73;tietää;1
1306;143/2017;2017_143_73;mitä;1
1306;143/2017;2017_143_73;tuleman;1
1306;143/2017;2017_143_73;pitää;1
1306;143/2017;2017_143_73;päivystysuudistus;1
1306;143/2017;2017_143_73;vielä;1
1306;143/2017;2017_143_73;pahensi;1
1306;143/2017;2017_143_73;tilannetta;1
1306;143/2017;2017_143_73;niin;1
1306;143/2017;2017_143_73;sanotut;1
1306;143/2017;2017_143_73;autonomiset;1
1306;143/2017;2017_143_73;maakunnat;1
1306;143/2017;2017_143_73;eivät;1
1306;143/2017;2017_143_73;saa;1
1306;143/2017;2017_143_73;itse;1
1306;143/2017;2017_143_73;edes;1
1306;143/2017;2017_143_73;päättää;1
1306;143/2017;2017_143_73;sairaalarakenteestaan;1
1306;143/2017;2017_143_73;sitten;1
1306;143/2017;2017_143_73;sitä;2
1306;143/2017;2017_143_73;täällä;1
1306;143/2017;2017_143_73;korjataan;1
1306;143/2017;2017_143_73;ennen;1
1306;143/2017;2017_143_73;joulua;1
1306;143/2017;2017_143_73;jotta;1
1306;143/2017;2017_143_73;mitään;1
1306;143/2017;2017_143_73;pahempaa;1
1306;143/2017;2017_143_73;tapahtuisi;1
1306;143/2017;2017_143_73;sinänsä;1
1306;143/2017;2017_143_73;hienoa;1
1306;143/2017;2017_143_73;solidaarista;1
1306;143/2017;2017_143_73;että;1
1306;143/2017;2017_143_73;näinkin;1
1306;143/2017;2017_143_73;iso;1
1306;143/2017;2017_143_73;osa;1
1306;143/2017;2017_143_73;eduskunnasta;1
1306;143/2017;2017_143_73;valmis;1
1306;143/2017;2017_143_73;korjaamaan;1
1306;143/2017;2017_143_73;hallituksen;2
1306;143/2017;2017_143_73;murheita;1
1306;143/2017;2017_143_73;mokia;1
1306;143/2017;2017_143_73;tässä;1
1306;143/2017;2017_143_73;asiassa;1
1306;143/2017;2017_143_73;mutta;1
1306;143/2017;2017_143_73;pidä;1
1306;143/2017;2017_143_73;kieltää;1
1306;143/2017;2017_143_73;mistä;1
1306;143/2017;2017_143_73;kaikki;1
1306;143/2017;2017_143_73;johtuu;1
1306;3/2018;2018_3_76;ärade;1
1306;3/2018;2018_3_76;talman;1
1306;3/2018;2018_3_76;tämä;1
1306;3/2018;2018_3_76;esityshän;1
1306;3/2018;2018_3_76;juontaa;1
1306;3/2018;2018_3_76;juurensa;1
1306;3/2018;2018_3_76;niin;3
1306;3/2018;2018_3_76;sanottuun;1
1306;3/2018;2018_3_76;strategiseen;1
1306;3/2018;2018_3_76;hallitusohjelmaan;1
1306;3/2018;2018_3_76;jossa;2
1306;3/2018;2018_3_76;on;12
1306;3/2018;2018_3_76;kyllä;1
1306;3/2018;2018_3_76;yllättävästi;1
1306;3/2018;2018_3_76;tällaisia;1
1306;3/2018;2018_3_76;hyvin;3
1306;3/2018;2018_3_76;teknisiä;1
1306;3/2018;2018_3_76;kirjauksia;1
1306;3/2018;2018_3_76;siitä;3
1306;3/2018;2018_3_76;miten;1
1306;3/2018;2018_3_76;asiat;1
1306;3/2018;2018_3_76;tulee;1
1306;3/2018;2018_3_76;suorittaa;1
1306;3/2018;2018_3_76;näkisin;1
1306;3/2018;2018_3_76;että;4
1306;3/2018;2018_3_76;tällainen;1
1306;3/2018;2018_3_76;tavoite;2
1306;3/2018;2018_3_76;puhutaan;2
1306;3/2018;2018_3_76;suoraan;1
1306;3/2018;2018_3_76;vaikka;1
1306;3/2018;2018_3_76;nyt;7
1306;3/2018;2018_3_76;kuntien;1
1306;3/2018;2018_3_76;jätehuollosta;1
1306;3/2018;2018_3_76;ja;6
1306;3/2018;2018_3_76;mitä;1
1306;3/2018;2018_3_76;siihen;1
1306;3/2018;2018_3_76;kuuluu;1
1306;3/2018;2018_3_76;ei;2
1306;3/2018;2018_3_76;kovin;1
1306;3/2018;2018_3_76;strategiselta;1
1306;3/2018;2018_3_76;tavoitteelta;1
1306;3/2018;2018_3_76;tunnu;1
1306;3/2018;2018_3_76;sen;1
1306;3/2018;2018_3_76;sijaan;1
1306;3/2018;2018_3_76;kiertotalouden;1
1306;3/2018;2018_3_76;edistäminen;1
1306;3/2018;2018_3_76;sellaisenaan;1
1306;3/2018;2018_3_76;toki;1
1306;3/2018;2018_3_76;strateginen;1
1306;3/2018;2018_3_76;no;2
1306;3/2018;2018_3_76;sitä;3
1306;3/2018;2018_3_76;rajattu;1
1306;3/2018;2018_3_76;jo;1
1306;3/2018;2018_3_76;hallitusohjelmassa;1
1306;3/2018;2018_3_76;tällä;1
1306;3/2018;2018_3_76;tavalla;2
1306;3/2018;2018_3_76;joka;2
1306;3/2018;2018_3_76;saa;1
1306;3/2018;2018_3_76;seurauksia;3
1306;3/2018;2018_3_76;tässä;3
1306;3/2018;2018_3_76;esityksessä;1
1306;3/2018;2018_3_76;jolla;1
1306;3/2018;2018_3_76;joista;1
1306;3/2018;2018_3_76;monet;1
1306;3/2018;2018_3_76;ovat;5
1306;3/2018;2018_3_76;mieltä;1
1306;3/2018;2018_3_76;ne;2
1306;3/2018;2018_3_76;eivät;2
1306;3/2018;2018_3_76;edistä;2
1306;3/2018;2018_3_76;kiertotaloutta;2
1306;3/2018;2018_3_76;järkevää;1
1306;3/2018;2018_3_76;jätehuoltoa;1
1306;3/2018;2018_3_76;tällaiset;1
1306;3/2018;2018_3_76;jätteenkäsittelylaitoksethan;1
1306;3/2018;2018_3_76;raskasta;1
1306;3/2018;2018_3_76;infraa;1
1306;3/2018;2018_3_76;johon;1
1306;3/2018;2018_3_76;kunnat;1
1306;3/2018;2018_3_76;satsanneet;1
1306;3/2018;2018_3_76;paljon;1
1306;3/2018;2018_3_76;rahaa;1
1306;3/2018;2018_3_76;niitten;1
1306;3/2018;2018_3_76;tulevaisuus;1
1306;3/2018;2018_3_76;osittain;1
1306;3/2018;2018_3_76;epäselvä;1
1306;3/2018;2018_3_76;kun;3
1306;3/2018;2018_3_76;rajataan;2
1306;3/2018;2018_3_76;kunnan;1
1306;3/2018;2018_3_76;markkinaehtoista;2
1306;3/2018;2018_3_76;toimintaa;2
1306;3/2018;2018_3_76;pääsääntöisesti;1
1306;3/2018;2018_3_76;syntynyt;2
1306;3/2018;2018_3_76;tarpeesta;1
1306;3/2018;2018_3_76;eri;1
1306;3/2018;2018_3_76;puolille;1
1306;3/2018;2018_3_76;suomea;1
1306;3/2018;2018_3_76;meillä;1
1306;3/2018;2018_3_76;erilaisia;2
1306;3/2018;2018_3_76;paikkakuntia;1
1306;3/2018;2018_3_76;joilla;1
1306;3/2018;2018_3_76;yksityisiä;1
1306;3/2018;2018_3_76;toimijoita;1
1306;3/2018;2018_3_76;tarjolla;1
1306;3/2018;2018_3_76;määriä;1
1306;3/2018;2018_3_76;pakosta;1
1306;3/2018;2018_3_76;sitten;2
1306;3/2018;2018_3_76;kunnallista;1
1306;3/2018;2018_3_76;koska;1
1306;3/2018;2018_3_76;sille;1
1306;3/2018;2018_3_76;ollut;3
1306;3/2018;2018_3_76;tarvetta;1
1306;3/2018;2018_3_76;prosenttiin;1
1306;3/2018;2018_3_76;ensin;1
1306;3/2018;2018_3_76;een;2
1306;3/2018;2018_3_76;sillä;1
1306;3/2018;2018_3_76;voi;2
1306;3/2018;2018_3_76;olla;2
1306;3/2018;2018_3_76;yllättäviä;1
1306;3/2018;2018_3_76;jotka;2
1306;3/2018;2018_3_76;välttämättä;1
1306;3/2018;2018_3_76;tätä;2
1306;3/2018;2018_3_76;eli;2
1306;3/2018;2018_3_76;toivon;1
1306;3/2018;2018_3_76;arvioidaan;1
1306;3/2018;2018_3_76;tietenkin;1
1306;3/2018;2018_3_76;talousvaliokunnalla;1
1306;3/2018;2018_3_76;ehkä;2
1306;3/2018;2018_3_76;elinkeinonäkökulma;1
1306;3/2018;2018_3_76;ympäristövaliokunnalla;1
1306;3/2018;2018_3_76;toinen;1
1306;3/2018;2018_3_76;näkökulma;1
1306;3/2018;2018_3_76;enemmän;1
1306;3/2018;2018_3_76;keskittynyt;1
1306;3/2018;2018_3_76;ympäristöasioihin;1
1306;3/2018;2018_3_76;elikkä;1
1306;3/2018;2018_3_76;kiertotalouteen;1
1306;3/2018;2018_3_76;näiden;1
1306;3/2018;2018_3_76;pitäisi;1
1306;3/2018;2018_3_76;jollain;1
1306;3/2018;2018_3_76;yhteensovitettavissa;1
1306;3/2018;2018_3_76;puhemies;2
1306;3/2018;2018_3_76;koputtaa;1
1306;3/2018;2018_3_76;ollaanko;1
1306;3/2018;2018_3_76;eturivissä;1
1306;3/2018;2018_3_76;vai;1
1306;3/2018;2018_3_76;todeta;1
1306;3/2018;2018_3_76;suomi;1
1306;3/2018;2018_3_76;puola;1
1306;3/2018;2018_3_76;kaksi;1
1306;3/2018;2018_3_76;maata;1
1306;3/2018;2018_3_76;euroopassa;1
1306;3/2018;2018_3_76;aika;1
1306;3/2018;2018_3_76;poikkeamassa;1
1306;3/2018;2018_3_76;tästä;1
1306;3/2018;2018_3_76;prosentin;1
1306;3/2018;2018_3_76;rajasta;1
1306;3/2018;2018_3_76;siinä;1
1306;3/2018;2018_3_76;eturintamassa;1
1306;3/2018;2018_3_76;ollaan;1
1306;21/2018;2018_21_6;arvoisa;1
1306;21/2018;2018_21_6;puhemies;1
1306;21/2018;2018_21_6;ärade;1
1306;21/2018;2018_21_6;talman;1
1306;21/2018;2018_21_6;ilmastopolitiikka;2
1306;21/2018;2018_21_6;on;28
1306;21/2018;2018_21_6;monimutkaista;1
1306;21/2018;2018_21_6;ja;19
1306;21/2018;2018_21_6;politisoitunutta;1
1306;21/2018;2018_21_6;osaoptimointi;2
1306;21/2018;2018_21_6;ei;10
1306;21/2018;2018_21_6;ole;3
1306;21/2018;2018_21_6;sille;1
1306;21/2018;2018_21_6;vierasta;1
1306;21/2018;2018_21_6;koko;1
1306;21/2018;2018_21_6;rakennelma;1
1306;21/2018;2018_21_6;monimutkainen;1
1306;21/2018;2018_21_6;päästökauppaa;1
1306;21/2018;2018_21_6;taakanjakosektoria;1
1306;21/2018;2018_21_6;lulucfää;1
1306;21/2018;2018_21_6;päästöt;2
1306;21/2018;2018_21_6;ovat;4
1306;21/2018;2018_21_6;kuitenkin;1
1306;21/2018;2018_21_6;yhteiset;1
1306;21/2018;2018_21_6;yhden;1
1306;21/2018;2018_21_6;osan;1
1306;21/2018;2018_21_6;auta;1
1306;21/2018;2018_21_6;jos;7
1306;21/2018;2018_21_6;toinen;1
1306;21/2018;2018_21_6;vuotaa;1
1306;21/2018;2018_21_6;ilmastotoimilla;1
1306;21/2018;2018_21_6;myös;4
1306;21/2018;2018_21_6;taloudellisia;2
1306;21/2018;2018_21_6;seurauksia;1
1306;21/2018;2018_21_6;liikumme;1
1306;21/2018;2018_21_6;alueella;1
1306;21/2018;2018_21_6;jossa;1
1306;21/2018;2018_21_6;alueellisia;1
1306;21/2018;2018_21_6;intressejä;1
1306;21/2018;2018_21_6;suomen;1
1306;21/2018;2018_21_6;nojautuu;1
1306;21/2018;2018_21_6;vahvasti;1
1306;21/2018;2018_21_6;biotalouteen;1
1306;21/2018;2018_21_6;tälle;1
1306;21/2018;2018_21_6;hyvät;1
1306;21/2018;2018_21_6;painavat;1
1306;21/2018;2018_21_6;syyt;1
1306;21/2018;2018_21_6;suomessa;2
1306;21/2018;2018_21_6;paljon;4
1306;21/2018;2018_21_6;metsää;1
1306;21/2018;2018_21_6;meillä;1
1306;21/2018;2018_21_6;alan;1
1306;21/2018;2018_21_6;osaamista;1
1306;21/2018;2018_21_6;biopolttoaineet;1
1306;21/2018;2018_21_6;selkeästi;2
1306;21/2018;2018_21_6;yksi;2
1306;21/2018;2018_21_6;osa;2
1306;21/2018;2018_21_6;tulevaa;1
1306;21/2018;2018_21_6;energiapalettiamme;1
1306;21/2018;2018_21_6;mutta;3
1306;21/2018;2018_21_6;se;9
1306;21/2018;2018_21_6;sektori;1
1306;21/2018;2018_21_6;joka;1
1306;21/2018;2018_21_6;erittäin;1
1306;21/2018;2018_21_6;arka;1
1306;21/2018;2018_21_6;lainsäädännön;1
1306;21/2018;2018_21_6;muutoksille;1
1306;21/2018;2018_21_6;samalla;4
1306;21/2018;2018_21_6;todettava;1
1306;21/2018;2018_21_6;että;10
1306;21/2018;2018_21_6;meidän;5
1306;21/2018;2018_21_6;muistettava;1
1306;21/2018;2018_21_6;missä;1
1306;21/2018;2018_21_6;todelliset;1
1306;21/2018;2018_21_6;haasteemme;1
1306;21/2018;2018_21_6;millä;1
1306;21/2018;2018_21_6;aikavälillä;1
1306;21/2018;2018_21_6;ne;1
1306;21/2018;2018_21_6;kohdattava;1
1306;21/2018;2018_21_6;vuoteen;2
1306;21/2018;2018_21_6;mennessä;2
1306;21/2018;2018_21_6;pitää;1
1306;21/2018;2018_21_6;liki;1
1306;21/2018;2018_21_6;puolittaa;1
1306;21/2018;2018_21_6;kunnianhimoinen;1
1306;21/2018;2018_21_6;tavoite;1
1306;21/2018;2018_21_6;tässä;3
1306;21/2018;2018_21_6;perspektiivissä;1
1306;21/2018;2018_21_6;biopolttoaineiden;1
1306;21/2018;2018_21_6;biotalouden;1
1306;21/2018;2018_21_6;edut;1
1306;21/2018;2018_21_6;sitten;2
1306;21/2018;2018_21_6;jo;1
1306;21/2018;2018_21_6;kyseenalaisemmat;1
1306;21/2018;2018_21_6;siksi;1
1306;21/2018;2018_21_6;oleellista;1
1306;21/2018;2018_21_6;nämä;2
1306;21/2018;2018_21_6;polttoaineet;1
1306;21/2018;2018_21_6;ohjataan;2
1306;21/2018;2018_21_6;oikeisiin;1
1306;21/2018;2018_21_6;kohteisiin;2
1306;21/2018;2018_21_6;raskaaseen;1
1306;21/2018;2018_21_6;liikenteeseen;1
1306;21/2018;2018_21_6;joissa;1
1306;21/2018;2018_21_6;vaikeata;1
1306;21/2018;2018_21_6;löytää;1
1306;21/2018;2018_21_6;korvaavia;1
1306;21/2018;2018_21_6;energialähteitä;1
1306;21/2018;2018_21_6;suomi;1
1306;21/2018;2018_21_6;linjannut;1
1306;21/2018;2018_21_6;tavoittelemme;1
1306;21/2018;2018_21_6;metsienhakkuuvolyymin;1
1306;21/2018;2018_21_6;lisäämistä;1
1306;21/2018;2018_21_6;tällä;1
1306;21/2018;2018_21_6;hetkellä;1
1306;21/2018;2018_21_6;miljoonan;1
1306;21/2018;2018_21_6;kuution;1
1306;21/2018;2018_21_6;vuosiluokkaa;1
1306;21/2018;2018_21_6;miljoonaa;1
1306;21/2018;2018_21_6;kuutiota;1
1306;21/2018;2018_21_6;enemmän;2
1306;21/2018;2018_21_6;kuin;3
1306;21/2018;2018_21_6;vuosikymmen;1
1306;21/2018;2018_21_6;tulevaisuudessa;1
1306;21/2018;2018_21_6;määrä;1
1306;21/2018;2018_21_6;tulee;4
1306;21/2018;2018_21_6;nousemaan;1
1306;21/2018;2018_21_6;miljoonaan;1
1306;21/2018;2018_21_6;kuutioon;1
1306;21/2018;2018_21_6;tarkoittaa;1
1306;21/2018;2018_21_6;hiilinielu;1
1306;21/2018;2018_21_6;pienenee;1
1306;21/2018;2018_21_6;sen;4
1306;21/2018;2018_21_6;arvioidaan;1
1306;21/2018;2018_21_6;puoliutuvan;1
1306;21/2018;2018_21_6;kasvaakseen;1
1306;21/2018;2018_21_6;jälkeen;2
1306;21/2018;2018_21_6;uudestaan;1
1306;21/2018;2018_21_6;pitkällä;1
1306;21/2018;2018_21_6;tähtäimellä;2
1306;21/2018;2018_21_6;välttämättä;1
1306;21/2018;2018_21_6;suuri;2
1306;21/2018;2018_21_6;ongelma;1
1306;21/2018;2018_21_6;kasvu;2
1306;21/2018;2018_21_6;vuoden;1
1306;21/2018;2018_21_6;ripeää;1
1306;21/2018;2018_21_6;lyhyellä;1
1306;21/2018;2018_21_6;ilmastotavoitteidemme;1
1306;21/2018;2018_21_6;mukaista;1
1306;21/2018;2018_21_6;ilmastonmuutoksen;1
1306;21/2018;2018_21_6;torjunnassa;1
1306;21/2018;2018_21_6;kiire;1
1306;21/2018;2018_21_6;siitä;1
1306;21/2018;2018_21_6;olemassa;1
1306;21/2018;2018_21_6;asiantuntijoiden;1
1306;21/2018;2018_21_6;yhteisymmärrys;1
1306;21/2018;2018_21_6;siinä;1
1306;21/2018;2018_21_6;tilanteessa;1
1306;21/2018;2018_21_6;erityisen;1
1306;21/2018;2018_21_6;tärkeää;1
1306;21/2018;2018_21_6;kuutiot;1
1306;21/2018;2018_21_6;pitkäikäisiin;1
1306;21/2018;2018_21_6;puutuotteisiin;1
1306;21/2018;2018_21_6;polttoaineisiin;1
1306;21/2018;2018_21_6;tai;2
1306;21/2018;2018_21_6;paperiin;1
1306;21/2018;2018_21_6;noin;2
1306;21/2018;2018_21_6;prosenttia;2
1306;21/2018;2018_21_6;päästöistämme;1
1306;21/2018;2018_21_6;liittyy;1
1306;21/2018;2018_21_6;suoraan;1
1306;21/2018;2018_21_6;välillisesti;1
1306;21/2018;2018_21_6;rakentamiseen;2
1306;21/2018;2018_21_6;euroopan;1
1306;21/2018;2018_21_6;primääriresursseista;1
1306;21/2018;2018_21_6;käytetään;1
1306;21/2018;2018_21_6;miten;1
1306;21/2018;2018_21_6;rakennamme;2
1306;21/2018;2018_21_6;tämän;1
1306;21/2018;2018_21_6;haasteen;1
1306;21/2018;2018_21_6;ratkaisua;1
1306;21/2018;2018_21_6;kilo;1
1306;21/2018;2018_21_6;puuta;1
1306;21/2018;2018_21_6;sitoo;2
1306;21/2018;2018_21_6;kiloa;1
1306;21/2018;2018_21_6;hiilidioksidia;2
1306;21/2018;2018_21_6;pientalo;1
1306;21/2018;2018_21_6;tonnia;1
1306;21/2018;2018_21_6;puusta;1
1306;21/2018;2018_21_6;hakkuumäärien;1
1306;21/2018;2018_21_6;menee;1
1306;21/2018;2018_21_6;puurakentamiseen;1
1306;21/2018;2018_21_6;ilmastohaasteemme;1
1306;21/2018;2018_21_6;helpommin;1
1306;21/2018;2018_21_6;voitettavissa;1
1306;21/2018;2018_21_6;tähän;1
1306;21/2018;2018_21_6;pääsemme;1
1306;21/2018;2018_21_6;toteamme;1
1306;21/2018;2018_21_6;minkä;1
1306;21/2018;2018_21_6;pitäisi;1
1306;21/2018;2018_21_6;olla;1
1306;21/2018;2018_21_6;itsestäänselvää;1
1306;21/2018;2018_21_6;suomalainen;2
1306;21/2018;2018_21_6;puu;2
1306;21/2018;2018_21_6;pala;2
1306;21/2018;2018_21_6;paremmin;1
1306;21/2018;2018_21_6;ruotsissa;1
1306;21/2018;2018_21_6;ruotsalaiseen;1
1306;21/2018;2018_21_6;puukerrostaloon;2
1306;21/2018;2018_21_6;sijoitettu;2
1306;21/2018;2018_21_6;kakkosnelonen;1
1306;21/2018;2018_21_6;huonommin;1
1306;21/2018;2018_21_6;suomalaiseen;1
1306;21/2018;2018_21_6;lauta;1
1306;21/2018;2018_21_6;todeta;2
1306;21/2018;2018_21_6;tämä;2
1306;21/2018;2018_21_6;rakennusmääräyksissämme;1
1306;21/2018;2018_21_6;suojataan;1
1306;21/2018;2018_21_6;rakenteellisesti;1
1306;21/2018;2018_21_6;sprinklausta;1
1306;21/2018;2018_21_6;tarvita;1
1306;21/2018;2018_21_6;päinvastoin;1
1306;21/2018;2018_21_6;tapahtunut;1
1306;21/2018;2018_21_6;hieman;1
1306;21/2018;2018_21_6;edistystä;1
1306;21/2018;2018_21_6;riittävästi;1
1306;21/2018;2018_21_6;seurata;1
1306;21/2018;2018_21_6;ruotsin;1
1306;21/2018;2018_21_6;esimerkkiä;1
1306;21/2018;2018_21_6;huomata;1
1306;21/2018;2018_21_6;e-lukuun;1
1306;21/2018;2018_21_6;tuijottaminen;1
1306;21/2018;2018_21_6;edistä;1
1306;21/2018;2018_21_6;hyvää;1
1306;21/2018;2018_21_6;tervettä;1
1306;21/2018;2018_21_6;rakentamista;1
1306;21/2018;2018_21_6;helsingin;1
1306;21/2018;2018_21_6;energian;1
1306;21/2018;2018_21_6;tutkimukset;2
1306;21/2018;2018_21_6;osoittavat;2
1306;21/2018;2018_21_6;korrelaatio;1
1306;21/2018;2018_21_6;e-luvun;2
1306;21/2018;2018_21_6;energiatehokkuuden;1
1306;21/2018;2018_21_6;välillä;1
1306;21/2018;2018_21_6;hyvin;1
1306;21/2018;2018_21_6;heikko;1
1306;21/2018;2018_21_6;samaa;1
1306;21/2018;2018_21_6;professori;1
1306;21/2018;2018_21_6;juha;1
1306;21/2018;2018_21_6;vinhan;1
1306;21/2018;2018_21_6;tampereen;1
1306;21/2018;2018_21_6;teknillisessä;1
1306;21/2018;2018_21_6;yliopistossa;1
1306;21/2018;2018_21_6;tiedämme;1
1306;21/2018;2018_21_6;maamme;1
1306;21/2018;2018_21_6;yli;1
1306;21/2018;2018_21_6;pyyhkäisee;1
1306;21/2018;2018_21_6;homerakentamisen;1
1306;21/2018;2018_21_6;epidemia;1
1306;21/2018;2018_21_6;eristekerroksen;1
1306;21/2018;2018_21_6;kasvattaminen;1
1306;21/2018;2018_21_6;lisää;1
1306;21/2018;2018_21_6;virheherkkyyttä;1
1306;21/2018;2018_21_6;korjattavissa;1
1306;21/2018;2018_21_6;siirrymme;1
1306;21/2018;2018_21_6;mittaamisesta;1
1306;21/2018;2018_21_6;hiilijalanjäljen;1
1306;21/2018;2018_21_6;mittaamiseen;1
1306;21/2018;2018_21_6;mittaamme;1
1306;21/2018;2018_21_6;oikeita;1
1306;21/2018;2018_21_6;asioita;1
1306;21/2018;2018_21_6;materiaalin;1
1306;21/2018;2018_21_6;hiilijalanjälkeä;1
1306;21/2018;2018_21_6;rakennuksen;1
1306;21/2018;2018_21_6;pitkäikäisyyttä;1
1306;21/2018;2018_21_6;uudelleenkäytettävyyttä;1
1306;21/2018;2018_21_6;siirtyisimme;1
1306;21/2018;2018_21_6;pois;1
1306;21/2018;2018_21_6;betonista;1
1306;21/2018;2018_21_6;mineraalivillasta;1
1306;21/2018;2018_21_6;muovista;1
1306;21/2018;2018_21_6;hyvään;1
1306;21/2018;2018_21_6;puuhun;1
1306;21/2018;2018_21_6;olisi;1
1306;21/2018;2018_21_6;ilmastoteko;1
1306;21/2018;2018_21_6;kestävän;1
1306;21/2018;2018_21_6;rakentamisen;1
1306;21/2018;2018_21_6;lähtölaukaus;1
1306;22/2018;2018_22_227;arvoisa;1
1306;22/2018;2018_22_227;puhemies;1
1306;22/2018;2018_22_227;tuntuu;1
1306;22/2018;2018_22_227;kuluneen;1
1306;22/2018;2018_22_227;ikuisuus;1
1306;22/2018;2018_22_227;siitä;1
1306;22/2018;2018_22_227;hetkestä;1
1306;22/2018;2018_22_227;jolloin;1
1306;22/2018;2018_22_227;hallitus;1
1306;22/2018;2018_22_227;löi;1
1306;22/2018;2018_22_227;sote-uudistuksen;1
1306;22/2018;2018_22_227;tavoitteet;1
1306;22/2018;2018_22_227;lukkoon;1
1306;22/2018;2018_22_227;ja;4
1306;22/2018;2018_22_227;paalutti;1
1306;22/2018;2018_22_227;sen;1
1306;22/2018;2018_22_227;etenemisen;1
1306;22/2018;2018_22_227;piti;2
1306;22/2018;2018_22_227;kaventaa;1
1306;22/2018;2018_22_227;ihmisten;1
1306;22/2018;2018_22_227;hyvinvointi;1
1306;22/2018;2018_22_227;terveyseroja;1
1306;22/2018;2018_22_227;parantaa;1
1306;22/2018;2018_22_227;palvelujen;1
1306;22/2018;2018_22_227;yhdenvertaisuutta;1
1306;22/2018;2018_22_227;saatavuutta;1
1306;22/2018;2018_22_227;sekä;1
1306;22/2018;2018_22_227;hillitä;1
1306;22/2018;2018_22_227;kustannuksia;1
1306;22/2018;2018_22_227;tähän;1
1306;22/2018;2018_22_227;päästä;1
1306;22/2018;2018_22_227;leventämällä;1
1306;22/2018;2018_22_227;hartioita;1
1306;22/2018;2018_22_227;yhtenäistämällä;1
1306;22/2018;2018_22_227;rahoituspohjaa;1
1306;22/2018;2018_22_227;tuomalla;1
1306;22/2018;2018_22_227;mukaan;1
1306;22/2018;2018_22_227;valinnanvapaus;1
1306;29/2018;2018_29_43;ärade;1
1306;29/2018;2018_29_43;talman;1
1306;29/2018;2018_29_43;edustaja;2
1306;29/2018;2018_29_43;kari;2
1306;29/2018;2018_29_43;nosti;2
1306;29/2018;2018_29_43;esille;2
1306;29/2018;2018_29_43;hyvän;1
1306;29/2018;2018_29_43;näkökulman;1
1306;29/2018;2018_29_43;tähän;1
1306;29/2018;2018_29_43;problematiikkaan;1
1306;29/2018;2018_29_43;kaiken;1
1306;29/2018;2018_29_43;kaikkiaan;1
1306;29/2018;2018_29_43;pitäisi;1
1306;29/2018;2018_29_43;olla;1
1306;29/2018;2018_29_43;varovainen;1
1306;29/2018;2018_29_43;sen;2
1306;29/2018;2018_29_43;kanssa;1
1306;29/2018;2018_29_43;mitä;1
1306;29/2018;2018_29_43;ikään;1
1306;29/2018;2018_29_43;kuin;1
1306;29/2018;2018_29_43;rakennushanketta;1
1306;29/2018;2018_29_43;raskauttavia;1
1306;29/2018;2018_29_43;tekijöitä;1
1306;29/2018;2018_29_43;siihen;1
1306;29/2018;2018_29_43;ympätään;1
1306;29/2018;2018_29_43;mukaan;1
1306;29/2018;2018_29_43;tämän;1
1306;29/2018;2018_29_43;autopaikka-asian;1
1306;29/2018;2018_29_43;tällä;1
1306;29/2018;2018_29_43;hetkellä;1
1306;29/2018;2018_29_43;asuntoja;1
1306;29/2018;2018_29_43;rakentava;1
1306;29/2018;2018_29_43;velvoitetaan;1
1306;29/2018;2018_29_43;rakentamaan;1
1306;29/2018;2018_29_43;autopaikkoja;2
1306;29/2018;2018_29_43;kiinteästi;1
1306;29/2018;2018_29_43;rakennuksen;2
1306;29/2018;2018_29_43;yhteyteen;1
1306;29/2018;2018_29_43;alle;1
1306;29/2018;2018_29_43;ja;2
1306;29/2018;2018_29_43;tiedetään;1
1306;29/2018;2018_29_43;että;4
1306;29/2018;2018_29_43;ne;1
1306;29/2018;2018_29_43;ovat;1
1306;29/2018;2018_29_43;varsinkin;1
1306;29/2018;2018_29_43;alkuvaiheessa;1
1306;29/2018;2018_29_43;usein;1
1306;29/2018;2018_29_43;ylimitoitettuja;1
1306;29/2018;2018_29_43;normeja;1
1306;29/2018;2018_29_43;se;5
1306;29/2018;2018_29_43;tarkoittaa;1
1306;29/2018;2018_29_43;jää;1
1306;29/2018;2018_29_43;käyttämättömiä;1
1306;29/2018;2018_29_43;joista;1
1306;29/2018;2018_29_43;kuitenkin;1
1306;29/2018;2018_29_43;joudutaan;2
1306;29/2018;2018_29_43;maksamaan;1
1306;29/2018;2018_29_43;joita;1
1306;29/2018;2018_29_43;lunastamaan;1
1306;29/2018;2018_29_43;nostaa;1
1306;29/2018;2018_29_43;asunnon;1
1306;29/2018;2018_29_43;hintaa;1
1306;29/2018;2018_29_43;useilla;1
1306;29/2018;2018_29_43;kymmenillätuhansilla;1
1306;29/2018;2018_29_43;tällaisen;1
1306;29/2018;2018_29_43;väestönsuojan;1
1306;29/2018;2018_29_43;kohdalla;1
1306;29/2018;2018_29_43;toimii;1
1306;29/2018;2018_29_43;pitkälti;1
1306;29/2018;2018_29_43;samalla;1
1306;29/2018;2018_29_43;tavalla;1
1306;29/2018;2018_29_43;siitä;1
1306;29/2018;2018_29_43;näkökulmasta;1
1306;29/2018;2018_29_43;tämä;1
1306;29/2018;2018_29_43;muutos;1
1306;29/2018;2018_29_43;on;2
1306;29/2018;2018_29_43;hyvin;1
1306;29/2018;2018_29_43;tervetullut;1
1306;29/2018;2018_29_43;lainsäädäntöön;1
1306;29/2018;2018_29_43;kysyisin;1
1306;29/2018;2018_29_43;vielä;2
1306;29/2018;2018_29_43;olisiko;1
1306;29/2018;2018_29_43;syytä;1
1306;29/2018;2018_29_43;pohtia;1
1306;29/2018;2018_29_43;tätä;1
1306;29/2018;2018_29_43;ehkä;1
1306;29/2018;2018_29_43;vapaammin;1
1306;29/2018;2018_29_43;niin;2
1306;29/2018;2018_29_43;irrottaisi;1
1306;29/2018;2018_29_43;väestönsuojavelvoitteen;1
1306;29/2018;2018_29_43;asuntorakentamisesta;1
1306;29/2018;2018_29_43;kokonaan;1
1306;29/2018;2018_29_43;kaavoituksessa;1
1306;29/2018;2018_29_43;olisi;1
1306;29/2018;2018_29_43;kylläkin;1
1306;29/2018;2018_29_43;mukana;1
1306;29/2018;2018_29_43;julkinen;1
1306;29/2018;2018_29_43;yhteistila;1
1306;29/2018;2018_29_43;jota;1
1306;29/2018;2018_29_43;voidaan;1
1306;29/2018;2018_29_43;käyttää;1
1306;29/2018;2018_29_43;johonkin;1
1306;29/2018;2018_29_43;muuhun;1
1306;29/2018;2018_29_43;mutta;1
1306;29/2018;2018_29_43;sitä;1
1306;29/2018;2018_29_43;ei;1
1306;29/2018;2018_29_43;enää;1
1306;29/2018;2018_29_43;pidettäisi;1
1306;29/2018;2018_29_43;elimellisenä;1
1306;29/2018;2018_29_43;osana;1
1306;29/2018;2018_29_43;asuntorakentamista;1
1306;29/2018;2018_29_43;silloin;1
1306;29/2018;2018_29_43;kustannukset;1
1306;29/2018;2018_29_43;eivät;1
1306;29/2018;2018_29_43;myöskään;1
1306;29/2018;2018_29_43;tulisi;1
1306;29/2018;2018_29_43;suoraan;1
1306;29/2018;2018_29_43;asuntojen;1
1306;29/2018;2018_29_43;kustannuksiksi;1
1306;32/2018;2018_32_22;arvoisa;1
1306;32/2018;2018_32_22;puhemies;1
1306;32/2018;2018_32_22;ärade;1
1306;32/2018;2018_32_22;talman;1
1306;32/2018;2018_32_22;kun;2
1306;32/2018;2018_32_22;puhutaan;1
1306;32/2018;2018_32_22;turhista;1
1306;32/2018;2018_32_22;valituksista;1
1306;32/2018;2018_32_22;niin;5
1306;32/2018;2018_32_22;ihan;3
1306;32/2018;2018_32_22;kuten;1
1306;32/2018;2018_32_22;edustaja;2
1306;32/2018;2018_32_22;meri;1
1306;32/2018;2018_32_22;sanoi;2
1306;32/2018;2018_32_22;sitähän;1
1306;32/2018;2018_32_22;on;8
1306;32/2018;2018_32_22;vaikea;1
1306;32/2018;2018_32_22;arvioida;1
1306;32/2018;2018_32_22;etukäteen;1
1306;32/2018;2018_32_22;mutta;2
1306;32/2018;2018_32_22;jos;4
1306;32/2018;2018_32_22;katsoo;1
1306;32/2018;2018_32_22;niitten;1
1306;32/2018;2018_32_22;läpimenoprosentteja;1
1306;32/2018;2018_32_22;yksittäisten;2
1306;32/2018;2018_32_22;kansalaisten;2
1306;32/2018;2018_32_22;tekemät;2
1306;32/2018;2018_32_22;menevät;2
1306;32/2018;2018_32_22;heikosti;1
1306;32/2018;2018_32_22;läpi;3
1306;32/2018;2018_32_22;viranomaisten;1
1306;32/2018;2018_32_22;voittopuolisesti;1
1306;32/2018;2018_32_22;eli;1
1306;32/2018;2018_32_22;haluaa;2
1306;32/2018;2018_32_22;nyt;3
1306;32/2018;2018_32_22;kritisoida;1
1306;32/2018;2018_32_22;jotain;1
1306;32/2018;2018_32_22;valitusta;1
1306;32/2018;2018_32_22;tietenkin;1
1306;32/2018;2018_32_22;valitukset;1
1306;32/2018;2018_32_22;siinä;1
1306;32/2018;2018_32_22;tapauksessa;1
1306;32/2018;2018_32_22;ovat;4
1306;32/2018;2018_32_22;sitten;1
1306;32/2018;2018_32_22;niitä;2
1306;32/2018;2018_32_22;jotka;3
1306;32/2018;2018_32_22;ikään;2
1306;32/2018;2018_32_22;katsotaan;1
1306;32/2018;2018_32_22;turhiksi;1
1306;32/2018;2018_32_22;se;3
1306;32/2018;2018_32_22;perustavaa;1
1306;32/2018;2018_32_22;laatua;1
1306;32/2018;2018_32_22;oleva;1
1306;32/2018;2018_32_22;oikeus;1
1306;32/2018;2018_32_22;kuin;2
1306;32/2018;2018_32_22;eestilä;1
1306;32/2018;2018_32_22;tuossa;1
1306;32/2018;2018_32_22;tässä;2
1306;32/2018;2018_32_22;luovassa;1
1306;32/2018;2018_32_22;sen;1
1306;32/2018;2018_32_22;sijaan;1
1306;32/2018;2018_32_22;syytä;1
1306;32/2018;2018_32_22;olla;2
1306;32/2018;2018_32_22;huolellinen;1
1306;32/2018;2018_32_22;oikeusturvasta;1
1306;32/2018;2018_32_22;ellei;1
1306;32/2018;2018_32_22;sinne;1
1306;32/2018;2018_32_22;tule;1
1306;32/2018;2018_32_22;yleisen;2
1306;32/2018;2018_32_22;edun;2
1306;32/2018;2018_32_22;valvontaelintä;1
1306;32/2018;2018_32_22;koska;2
1306;32/2018;2018_32_22;silloin;2
1306;32/2018;2018_32_22;nimenomaan;3
1306;32/2018;2018_32_22;poistetaan;1
1306;32/2018;2018_32_22;valistunut;1
1306;32/2018;2018_32_22;asiantuntemukseen;1
1306;32/2018;2018_32_22;perustuva;1
1306;32/2018;2018_32_22;mahdollisuus;1
1306;32/2018;2018_32_22;ohjata;1
1306;32/2018;2018_32_22;päätöksentekoa;1
1306;32/2018;2018_32_22;sitä;3
1306;32/2018;2018_32_22;mieltä;2
1306;32/2018;2018_32_22;että;3
1306;32/2018;2018_32_22;hyvä;1
1306;32/2018;2018_32_22;asia;2
1306;32/2018;2018_32_22;perustella;1
1306;32/2018;2018_32_22;tällä;1
1306;32/2018;2018_32_22;turhan;1
1306;32/2018;2018_32_22;valituksen;1
1306;32/2018;2018_32_22;argumentilla;1
1306;32/2018;2018_32_22;pitää;1
1306;32/2018;2018_32_22;samassa;1
1306;32/2018;2018_32_22;lauseessa;1
1306;32/2018;2018_32_22;myöskin;1
1306;32/2018;2018_32_22;oikeuslaitos;1
1306;32/2018;2018_32_22;suomessa;1
1306;32/2018;2018_32_22;ei;2
1306;32/2018;2018_32_22;toimi;1
1306;32/2018;2018_32_22;tai;1
1306;32/2018;2018_32_22;meillä;1
1306;32/2018;2018_32_22;kenties;1
1306;32/2018;2018_32_22;väärät;1
1306;32/2018;2018_32_22;lait;1
1306;32/2018;2018_32_22;nämä;1
1306;32/2018;2018_32_22;valituksia;1
1306;32/2018;2018_32_22;perustuneet;1
1306;32/2018;2018_32_22;lakiin;1
1306;32/2018;2018_32_22;ja;2
1306;32/2018;2018_32_22;oikeusasteissa;1
1306;32/2018;2018_32_22;menneet;1
1306;32/2018;2018_32_22;luovan;1
1306;32/2018;2018_32_22;yhteydessä;1
1306;32/2018;2018_32_22;korkein;1
1306;32/2018;2018_32_22;hallinto-oikeus;1
1306;32/2018;2018_32_22;äärimmäisen;2
1306;32/2018;2018_32_22;painokkaasti;1
1306;32/2018;2018_32_22;kritisoinut;1
1306;32/2018;2018_32_22;lakiesityksessä;1
1306;32/2018;2018_32_22;tätä;1
1306;32/2018;2018_32_22;valvontaelimen;1
1306;32/2018;2018_32_22;poistamista;1
1306;32/2018;2018_32_22;painokkain;1
1306;32/2018;2018_32_22;sanoin;1
1306;32/2018;2018_32_22;minun;1
1306;32/2018;2018_32_22;mielestäni;1
1306;32/2018;2018_32_22;kyllä;1
1306;32/2018;2018_32_22;joka;1
1306;32/2018;2018_32_22;tulisi;2
1306;32/2018;2018_32_22;ottaa;2
1306;32/2018;2018_32_22;huomioon;1
1306;32/2018;2018_32_22;vakavasti;1
1306;32/2018;2018_32_22;vaikkakaan;1
1306;32/2018;2018_32_22;sinänsä;1
1306;32/2018;2018_32_22;viime;1
1306;32/2018;2018_32_22;aikoina;1
1306;32/2018;2018_32_22;korkeimman;1
1306;32/2018;2018_32_22;hallinto-oikeuden;1
1306;32/2018;2018_32_22;lausunnoille;1
1306;32/2018;2018_32_22;kauheasti;1
1306;32/2018;2018_32_22;ehkä;1
1306;32/2018;2018_32_22;painoarvoa;1
1306;32/2018;2018_32_22;valitettavasti;1
1306;32/2018;2018_32_22;ole;1
1306;32/2018;2018_32_22;annettu;1
1306;53/2018;2018_53_14;ärade;1
1306;53/2018;2018_53_14;talman;1
1306;53/2018;2018_53_14;kaiken;1
1306;53/2018;2018_53_14;kaikkiaanhan;1
1306;53/2018;2018_53_14;tämä;3
1306;53/2018;2018_53_14;on;9
1306;53/2018;2018_53_14;askel;1
1306;53/2018;2018_53_14;eteenpäin;1
1306;53/2018;2018_53_14;suhteessa;1
1306;53/2018;2018_53_14;edelliseen;1
1306;53/2018;2018_53_14;tukijärjestelmään;1
1306;53/2018;2018_53_14;järjestelmä;2
1306;53/2018;2018_53_14;joka;2
1306;53/2018;2018_53_14;reagoi;2
1306;53/2018;2018_53_14;teknologian;2
1306;53/2018;2018_53_14;kehitykseen;1
1306;53/2018;2018_53_14;ja;8
1306;53/2018;2018_53_14;markkinoiden;1
1306;53/2018;2018_53_14;muutokseen;1
1306;53/2018;2018_53_14;sen;3
1306;53/2018;2018_53_14;tehtävä;1
1306;53/2018;2018_53_14;ei;3
1306;53/2018;2018_53_14;voi;1
1306;53/2018;2018_53_14;olla;2
1306;53/2018;2018_53_14;se;2
1306;53/2018;2018_53_14;että;10
1306;53/2018;2018_53_14;varmistetaan;1
1306;53/2018;2018_53_14;edullista;1
1306;53/2018;2018_53_14;sähköä;1
1306;53/2018;2018_53_14;vaan;2
1306;53/2018;2018_53_14;varmistaminen;1
1306;53/2018;2018_53_14;uusiutuvan;1
1306;53/2018;2018_53_14;sähköntuotannon;1
1306;53/2018;2018_53_14;osuus;2
1306;53/2018;2018_53_14;markkinoista;1
1306;53/2018;2018_53_14;kasvaa;1
1306;53/2018;2018_53_14;suomi;2
1306;53/2018;2018_53_14;sillä;3
1306;53/2018;2018_53_14;tavalla;2
1306;53/2018;2018_53_14;varautuu;1
1306;53/2018;2018_53_14;tulevaisuuden;1
1306;53/2018;2018_53_14;haasteisiin;1
1306;53/2018;2018_53_14;edustaja;1
1306;53/2018;2018_53_14;hoskonen;1
1306;53/2018;2018_53_14;nosti;1
1306;53/2018;2018_53_14;esille;1
1306;53/2018;2018_53_14;huolen;1
1306;53/2018;2018_53_14;chp-voimaloiden;1
1306;53/2018;2018_53_14;tulevaisuudesta;1
1306;53/2018;2018_53_14;ihan;1
1306;53/2018;2018_53_14;relevantti;1
1306;53/2018;2018_53_14;huoli;1
1306;53/2018;2018_53_14;sinänsä;1
1306;53/2018;2018_53_14;mutta;1
1306;53/2018;2018_53_14;chp-voimaloita;1
1306;53/2018;2018_53_14;varmisteta;1
1306;53/2018;2018_53_14;luodaan;1
1306;53/2018;2018_53_14;markkina;1
1306;53/2018;2018_53_14;turpeelle;1
1306;53/2018;2018_53_14;polttoaineena;1
1306;53/2018;2018_53_14;keinot;1
1306;53/2018;2018_53_14;pitää;1
1306;53/2018;2018_53_14;muut;1
1306;53/2018;2018_53_14;siksi;1
1306;53/2018;2018_53_14;mielestäni;1
1306;53/2018;2018_53_14;ristiriitaista;2
1306;53/2018;2018_53_14;uusiutuvien;2
1306;53/2018;2018_53_14;sähköntuotantolaitosten;1
1306;53/2018;2018_53_14;joukkoon;1
1306;53/2018;2018_53_14;myöskin;2
1306;53/2018;2018_53_14;hyväksytään;1
1306;53/2018;2018_53_14;nyt;3
1306;53/2018;2018_53_14;sitten;1
1306;53/2018;2018_53_14;puupolttoainetta;1
1306;53/2018;2018_53_14;biokaasuvoimaloita;1
1306;53/2018;2018_53_14;joiden;1
1306;53/2018;2018_53_14;ainoastaan;1
1306;53/2018;2018_53_14;eli;1
1306;53/2018;2018_53_14;sitä;1
1306;53/2018;2018_53_14;pudotettiin;1
1306;53/2018;2018_53_14;siitä;1
1306;53/2018;2018_53_14;luonnoksesta;1
1306;53/2018;2018_53_14;kyllä;1
1306;53/2018;2018_53_14;osin;1
1306;53/2018;2018_53_14;tavoitteiden;1
1306;53/2018;2018_53_14;kanssa;1
1306;53/2018;2018_53_14;sekä;1
1306;53/2018;2018_53_14;uusiutuvuuden;1
1306;53/2018;2018_53_14;osalta;1
1306;53/2018;2018_53_14;ilmastotavoitteiden;1
1306;53/2018;2018_53_14;näkökulmasta;1
1306;53/2018;2018_53_14;kun;1
1306;53/2018;2018_53_14;tässä;1
1306;53/2018;2018_53_14;kannustinpakettia;1
1306;53/2018;2018_53_14;hiilivoimaloiden;1
1306;53/2018;2018_53_14;alasajoon;1
1306;53/2018;2018_53_14;niin;1
1306;53/2018;2018_53_14;oleellista;1
1306;53/2018;2018_53_14;nämä;1
1306;53/2018;2018_53_14;satsaukset;1
1306;53/2018;2018_53_14;menevät;1
1306;53/2018;2018_53_14;kehittämiseen;1
1306;53/2018;2018_53_14;uusien;1
1306;53/2018;2018_53_14;ratkaisujen;1
1306;53/2018;2018_53_14;etsimiseen;1
1306;53/2018;2018_53_14;sijaan;1
1306;53/2018;2018_53_14;ne;1
1306;53/2018;2018_53_14;ohjattaisiin;1
1306;53/2018;2018_53_14;jo;1
1306;53/2018;2018_53_14;olemassa;1
1306;53/2018;2018_53_14;olevaan;1
1306;53/2018;2018_53_14;konventionaaliseen;1
1306;53/2018;2018_53_14;bioteknologiaan;1
1306;53/2018;2018_53_14;yleisellä;1
1306;53/2018;2018_53_14;tasolla;1
1306;53/2018;2018_53_14;päästökauppa;1
1306;53/2018;2018_53_14;toimi;1
1306;53/2018;2018_53_14;optimaalisella;1
1306;53/2018;2018_53_14;olisi;2
1306;53/2018;2018_53_14;hyvä;1
1306;53/2018;2018_53_14;jos;1
1306;53/2018;2018_53_14;pyrkisi;1
1306;53/2018;2018_53_14;siihen;1
1306;53/2018;2018_53_14;saataisiin;1
1306;53/2018;2018_53_14;jonkinlainen;1
1306;53/2018;2018_53_14;pohjahinta;1
1306;53/2018;2018_53_14;päästöoikeuksille;1
1306;53/2018;2018_53_14;hinta;1
1306;53/2018;2018_53_14;pitkällä;1
1306;53/2018;2018_53_14;tähtäimellä;1
1306;53/2018;2018_53_14;nousisi;1
1306;53/2018;2018_53_14;jotta;1
1306;53/2018;2018_53_14;käytännön;1
1306;53/2018;2018_53_14;vaikutusta;1
1306;53/2018;2018_53_14;markkinoihin;1
1306;53/2018;2018_53_35;ärade;1
1306;53/2018;2018_53_35;talman;1
1306;53/2018;2018_53_35;jotenkin;1
1306;53/2018;2018_53_35;sen;2
1306;53/2018;2018_53_35;sijaan;2
1306;53/2018;2018_53_35;että;11
1306;53/2018;2018_53_35;hallituspuolueiden;1
1306;53/2018;2018_53_35;ryhmäpuheenjohtajat;1
1306;53/2018;2018_53_35;ulostuloillaan;1
1306;53/2018;2018_53_35;sanoivat;1
1306;53/2018;2018_53_35;eduskunta;1
1306;53/2018;2018_53_35;ei;8
1306;53/2018;2018_53_35;lähde;1
1306;53/2018;2018_53_35;kesätauolle;1
1306;53/2018;2018_53_35;ennen;3
1306;53/2018;2018_53_35;kuin;4
1306;53/2018;2018_53_35;tästä;2
1306;53/2018;2018_53_35;on;6
1306;53/2018;2018_53_35;tehty;2
1306;53/2018;2018_53_35;päätös;1
1306;53/2018;2018_53_35;se;3
1306;53/2018;2018_53_35;pusketaan;1
1306;53/2018;2018_53_35;nyt;4
1306;53/2018;2018_53_35;väkisin;1
1306;53/2018;2018_53_35;läpi;2
1306;53/2018;2018_53_35;tällaisella;1
1306;53/2018;2018_53_35;lehmänkauppakoplausenemmistöllä;1
1306;53/2018;2018_53_35;toivoisin;1
1306;53/2018;2018_53_35;ehkä;1
1306;53/2018;2018_53_35;sellaista;2
1306;53/2018;2018_53_35;ulostuloa;1
1306;53/2018;2018_53_35;sotesta;1
1306;53/2018;2018_53_35;äänestetä;1
1306;53/2018;2018_53_35;nämä;1
1306;53/2018;2018_53_35;taloudelliset;2
1306;53/2018;2018_53_35;arvioinnit;1
1306;53/2018;2018_53_35;todennettu;1
1306;53/2018;2018_53_35;tavoitteet;2
1306;53/2018;2018_53_35;täyttyvät;2
1306;53/2018;2018_53_35;hoiva;1
1306;53/2018;2018_53_35;paranee;1
1306;53/2018;2018_53_35;mehän;1
1306;53/2018;2018_53_35;saimme;1
1306;53/2018;2018_53_35;jonkinlaisen;1
1306;53/2018;2018_53_35;paperin;1
1306;53/2018;2018_53_35;tosiaan;1
1306;53/2018;2018_53_35;valinnanvapauden;1
1306;53/2018;2018_53_35;säästöpotentiaali;1
1306;53/2018;2018_53_35;oli;2
1306;53/2018;2018_53_35;nolla;2
1306;53/2018;2018_53_35;jos;2
1306;53/2018;2018_53_35;jossain;1
1306;53/2018;2018_53_35;potentiaali;1
1306;53/2018;2018_53_35;niin;2
1306;53/2018;2018_53_35;sehän;1
1306;53/2018;2018_53_35;tarkoittaa;1
1306;53/2018;2018_53_35;automaattisesti;1
1306;53/2018;2018_53_35;kasvattaa;1
1306;53/2018;2018_53_35;kuluja;1
1306;53/2018;2018_53_35;tiedon;2
1306;53/2018;2018_53_35;ja;5
1306;53/2018;2018_53_35;teknologian;2
1306;53/2018;2018_53_35;käytössä;1
1306;53/2018;2018_53_35;säästöpotentiaalia;1
1306;53/2018;2018_53_35;miljardia;1
1306;53/2018;2018_53_35;mutta;1
1306;53/2018;2018_53_35;tässä;5
1306;53/2018;2018_53_35;mallissa;2
1306;53/2018;2018_53_35;ole;3
1306;53/2018;2018_53_35;mitään;1
1306;53/2018;2018_53_35;joka;2
1306;53/2018;2018_53_35;helpottaisi;1
1306;53/2018;2018_53_35;käyttöä;1
1306;53/2018;2018_53_35;verrattuna;1
1306;53/2018;2018_53_35;nykytilanteeseen;1
1306;53/2018;2018_53_35;ministeri;1
1306;53/2018;2018_53_35;sipilä;1
1306;53/2018;2018_53_35;vetosi;1
1306;53/2018;2018_53_35;taas;1
1306;53/2018;2018_53_35;tänään;1
1306;53/2018;2018_53_35;olemassa;1
1306;53/2018;2018_53_35;oleviin;1
1306;53/2018;2018_53_35;sote-malleihin;1
1306;53/2018;2018_53_35;eksoteen;1
1306;53/2018;2018_53_35;näihin;1
1306;53/2018;2018_53_35;nehän;1
1306;53/2018;2018_53_35;ovat;2
1306;53/2018;2018_53_35;itse;1
1306;53/2018;2018_53_35;asiassa;1
1306;53/2018;2018_53_35;suhteessa;1
1306;53/2018;2018_53_35;paljon;1
1306;53/2018;2018_53_35;parempia;1
1306;53/2018;2018_53_35;esitetty;1
1306;53/2018;2018_53_35;tilaaja;1
1306;53/2018;2018_53_35;tuottaja;1
1306;53/2018;2018_53_35;erotellaan;1
1306;53/2018;2018_53_35;tekee;1
1306;53/2018;2018_53_35;mahdottomaksi;1
1306;53/2018;2018_53_35;esimerkiksi;1
1306;53/2018;2018_53_35;apotin;1
1306;53/2018;2018_53_35;käyttöönoton;1
1306;53/2018;2018_53_35;koko;1
1306;53/2018;2018_53_35;uudenmaan;1
1306;53/2018;2018_53_35;laajuudessa;1
1306;53/2018;2018_53_35;apottia;1
1306;53/2018;2018_53_35;johon;1
1306;53/2018;2018_53_35;kuitenkin;1
1306;53/2018;2018_53_35;upotettu;1
1306;53/2018;2018_53_35;joitakin;1
1306;53/2018;2018_53_35;satoja;1
1306;53/2018;2018_53_35;miljoonia;1
1306;53/2018;2018_53_35;olisi;1
1306;53/2018;2018_53_35;suunnattoman;1
1306;53/2018;2018_53_35;hyvä;1
1306;53/2018;2018_53_35;työkalu;1
1306;53/2018;2018_53_35;integraation;1
1306;53/2018;2018_53_35;toteuttamiseen;1
1306;53/2018;2018_53_35;tiedonkulun;1
1306;53/2018;2018_53_35;helpottamiseen;1
1306;53/2018;2018_53_35;sitäkään;1
1306;53/2018;2018_53_35;saada;1
1306;53/2018;2018_53_35;vietyä;1
1306;53/2018;2018_53_35;kokonaisuudessaan;1
1306;53/2018;2018_53_35;professori;1
1306;53/2018;2018_53_35;lavapuro;1
1306;53/2018;2018_53_35;totesi;2
1306;53/2018;2018_53_35;vaaleja;1
1306;53/2018;2018_53_35;voi;2
1306;53/2018;2018_53_35;pitää;2
1306;53/2018;2018_53_35;aikataulussa;2
1306;53/2018;2018_53_35;oikeuskansleri;1
1306;53/2018;2018_53_35;niitä;1
1306;53/2018;2018_53_35;tällaiset;1
1306;53/2018;2018_53_35;auktoriteetit;1
1306;53/2018;2018_53_35;eivät;1
1306;53/2018;2018_53_35;vakuuta;1
1306;53/2018;2018_53_35;ihmettelen;1
1306;53/2018;2018_53_35;tämä;2
1306;53/2018;2018_53_35;hölynpölyä;1
1306;53/2018;2018_53_35;turhaa;1
1306;53/2018;2018_53_35;puhetta;1
1306;53/2018;2018_53_35;ne;1
1306;53/2018;2018_53_35;ihan;1
1306;53/2018;2018_53_35;relevantteja;1
1306;53/2018;2018_53_35;huolia;1
1306;53/2018;2018_53_35;joilla;1
1306;53/2018;2018_53_35;merkitystä;1
1306;53/2018;2018_53_35;silloin;1
1306;53/2018;2018_53_35;kun;1
1306;53/2018;2018_53_35;tehdään;1
1306;53/2018;2018_53_35;suomen;1
1306;53/2018;2018_53_35;historian;1
1306;53/2018;2018_53_35;suurinta;1
1306;53/2018;2018_53_35;uudistusta;1
1306;55/2018;2018_55_50;ärade;1
1306;55/2018;2018_55_50;talman;1
1306;55/2018;2018_55_50;verotusoikeushan;1
1306;55/2018;2018_55_50;korjaisi;1
1306;55/2018;2018_55_50;tämän;1
1306;55/2018;2018_55_50;ongelman;1
1306;55/2018;2018_55_50;vasemmistoliiton;1
1306;55/2018;2018_55_50;ryhmästä;1
1306;55/2018;2018_55_50;nimenomaan;1
1306;55/2018;2018_55_50;mutta;1
1306;55/2018;2018_55_50;me;1
1306;55/2018;2018_55_50;olemme;1
1306;55/2018;2018_55_50;tässä;2
1306;55/2018;2018_55_50;tilanteessa;1
1306;55/2018;2018_55_50;koska;2
1306;55/2018;2018_55_50;uudistuksen;1
1306;55/2018;2018_55_50;kanssa;1
1306;55/2018;2018_55_50;on;3
1306;55/2018;2018_55_50;edetty;1
1306;55/2018;2018_55_50;väärässä;1
1306;55/2018;2018_55_50;järjestyksessä;1
1306;55/2018;2018_55_50;ensimmäisenä;1
1306;55/2018;2018_55_50;luovuttiin;1
1306;55/2018;2018_55_50;etenemistavasta;1
1306;55/2018;2018_55_50;sen;3
1306;55/2018;2018_55_50;jälkeen;2
1306;55/2018;2018_55_50;tavoitteista;1
1306;55/2018;2018_55_50;nyt;2
1306;55/2018;2018_55_50;kohtuuton;1
1306;55/2018;2018_55_50;aikataulu;1
1306;55/2018;2018_55_50;vesittää;1
1306;55/2018;2018_55_50;asian;1
1306;55/2018;2018_55_50;kunnollisen;1
1306;55/2018;2018_55_50;perusteellisen;1
1306;55/2018;2018_55_50;käsittelyn;1
1306;55/2018;2018_55_50;eduskunnassa;1
1306;55/2018;2018_55_50;ei;4
1306;55/2018;2018_55_50;kannata;2
1306;55/2018;2018_55_50;käynnistää;2
1306;55/2018;2018_55_50;maakuntia;2
1306;55/2018;2018_55_50;jotka;1
1306;55/2018;2018_55_50;eivät;1
1306;55/2018;2018_55_50;toimi;1
1306;55/2018;2018_55_50;lehmänkauppakoplaus-enemmistöllä;1
1306;55/2018;2018_55_50;ajaa;1
1306;55/2018;2018_55_50;tällaista;1
1306;55/2018;2018_55_50;uudistusta;1
1306;55/2018;2018_55_50;läpi;1
1306;55/2018;2018_55_50;joka;1
1306;55/2018;2018_55_50;täytä;1
1306;55/2018;2018_55_50;sille;1
1306;55/2018;2018_55_50;asetettuja;1
1306;55/2018;2018_55_50;tavoitteita;1
1306;55/2018;2018_55_50;ja;3
1306;55/2018;2018_55_50;arvoisa;1
1306;55/2018;2018_55_50;ministeri;2
1306;55/2018;2018_55_50;oikeuskanslerin;1
1306;55/2018;2018_55_50;mielipiteellä;1
1306;55/2018;2018_55_50;tulisi;1
1306;55/2018;2018_55_50;olla;1
1306;55/2018;2018_55_50;oikeusvaltiossa;1
1306;55/2018;2018_55_50;merkitystä;1
1306;55/2018;2018_55_50;vaalien;1
1306;55/2018;2018_55_50;päivämäärä;1
1306;55/2018;2018_55_50;kirjattu;1
1306;55/2018;2018_55_50;lakiin;1
1306;55/2018;2018_55_50;eli;1
1306;55/2018;2018_55_50;se;1
1306;55/2018;2018_55_50;tulee;1
1306;55/2018;2018_55_50;korjata;1
1306;55/2018;2018_55_50;valiokunnissa;1
1306;55/2018;2018_55_50;käsitellä;1
1306;55/2018;2018_55_50;lakipakettia;1
1306;55/2018;2018_55_50;kunnollisesti;1
1306;55/2018;2018_55_50;asiantuntijoita;1
1306;55/2018;2018_55_50;kuunnellen;1
1306;55/2018;2018_55_50;niin;1
1306;55/2018;2018_55_50;että;1
1306;55/2018;2018_55_50;rajoitetaan;1
1306;55/2018;2018_55_50;kuulemisten;1
1306;55/2018;2018_55_50;määrää;1
1306;55/2018;2018_55_50;siirretään;1
1306;55/2018;2018_55_50;vaalit;1
1306;55/2018;2018_55_50;eduskuntavaalien;1
1306;55/2018;2018_55_50;yhteyteen;1
1306;55/2018;2018_55_50;vehviläinen;1
1306;55/2018;2018_55_50;huolissaan;1
1306;55/2018;2018_55_50;siitä;1
1306;55/2018;2018_55_50;ettei;1
1306;55/2018;2018_55_50;ole;1
1306;55/2018;2018_55_50;aikaa;1
1306;55/2018;2018_55_50;puhemies;2
1306;55/2018;2018_55_50;koputtaa;1
1306;55/2018;2018_55_50;käynnistetään;1
1306;55/2018;2018_55_50;ne;1
1306;55/2018;2018_55_50;vuotta;1
1306;55/2018;2018_55_50;myöhemmin;1
1306;55/2018;2018_55_50;hidastetaan;1
1306;55/2018;2018_55_50;molokin;1
1306;55/2018;2018_55_50;kidan;1
1306;55/2018;2018_55_50;aukeamista;1
1306;55/2018;2018_55_50;aika;1
1306;55/2018;2018_55_50;silloin;1
1306;55/2018;2018_55_50;saadaan;1
1306;55/2018;2018_55_50;myöskin;1
1306;55/2018;2018_55_50;tietojärjestelmät;1
1306;55/2018;2018_55_50;kuntoon;1
1306;63/2018;2018_63_43;arvoisa;1
1306;63/2018;2018_63_43;puhemies;1
1306;63/2018;2018_63_43;ärade;1
1306;63/2018;2018_63_43;talman;1
1306;63/2018;2018_63_43;ministerit;1
1306;63/2018;2018_63_43;lintilä;1
1306;63/2018;2018_63_43;ja;2
1306;63/2018;2018_63_43;tiilikainen;1
1306;63/2018;2018_63_43;ovat;1
1306;63/2018;2018_63_43;linjanneet;1
1306;63/2018;2018_63_43;että;2
1306;63/2018;2018_63_43;muovin;2
1306;63/2018;2018_63_43;käyttöä;1
1306;63/2018;2018_63_43;tulee;1
1306;63/2018;2018_63_43;rajata;1
1306;63/2018;2018_63_43;suomen;1
1306;63/2018;2018_63_43;tulisi;1
1306;63/2018;2018_63_43;ylittää;1
1306;63/2018;2018_63_43;eun;1
1306;63/2018;2018_63_43;asettama;1
1306;63/2018;2018_63_43;tavoite;1
1306;63/2018;2018_63_43;vähentämisessä;1
1306;66/2018;2018_66_108;arvoisa;2
1306;66/2018;2018_66_108;puhemies;2
1306;66/2018;2018_66_108;ärade;1
1306;66/2018;2018_66_108;talman;1
1306;66/2018;2018_66_108;yhteiskuntaa;1
1306;66/2018;2018_66_108;mitataan;1
1306;66/2018;2018_66_108;sen;4
1306;66/2018;2018_66_108;mukaan;1
1306;66/2018;2018_66_108;miten;2
1306;66/2018;2018_66_108;se;6
1306;66/2018;2018_66_108;kohtelee;1
1306;66/2018;2018_66_108;heikompiaan;1
1306;66/2018;2018_66_108;huomioi;1
1306;66/2018;2018_66_108;heitä;2
1306;66/2018;2018_66_108;joilla;1
1306;66/2018;2018_66_108;on;9
1306;66/2018;2018_66_108;kaikkein;1
1306;66/2018;2018_66_108;vähiten;1
1306;66/2018;2018_66_108;siitä;3
1306;66/2018;2018_66_108;tässäkin;1
1306;66/2018;2018_66_108;lakialoitteessa;1
1306;66/2018;2018_66_108;kysymys;3
1306;66/2018;2018_66_108;mutta;1
1306;66/2018;2018_66_108;kyse;1
1306;66/2018;2018_66_108;myös;2
1306;66/2018;2018_66_108;ihan;1
1306;66/2018;2018_66_108;terveestä;1
1306;66/2018;2018_66_108;itsekkyydestä;1
1306;66/2018;2018_66_108;kuten;3
1306;66/2018;2018_66_108;tässä;2
1306;66/2018;2018_66_108;tullut;1
1306;66/2018;2018_66_108;moneenkin;1
1306;66/2018;2018_66_108;otteeseen;1
1306;66/2018;2018_66_108;esille;2
1306;66/2018;2018_66_108;selvä;1
1306;66/2018;2018_66_108;että;6
1306;66/2018;2018_66_108;me;3
1306;66/2018;2018_66_108;yhteiskuntana;1
1306;66/2018;2018_66_108;suomalaisina;1
1306;66/2018;2018_66_108;voitamme;1
1306;66/2018;2018_66_108;jos;3
1306;66/2018;2018_66_108;teemme;1
1306;66/2018;2018_66_108;työtä;1
1306;66/2018;2018_66_108;eteen;1
1306;66/2018;2018_66_108;kaikki;1
1306;66/2018;2018_66_108;joukossamme;1
1306;66/2018;2018_66_108;ovat;1
1306;66/2018;2018_66_108;osa;1
1306;66/2018;2018_66_108;tätä;2
1306;66/2018;2018_66_108;yhteisöä;1
1306;66/2018;2018_66_108;valtiolla;1
1306;66/2018;2018_66_108;velvollisuus;1
1306;66/2018;2018_66_108;turvata;1
1306;66/2018;2018_66_108;jokaisen;1
1306;66/2018;2018_66_108;alueellaan;1
1306;66/2018;2018_66_108;oleskelevan;1
1306;66/2018;2018_66_108;perusoikeudet;1
1306;66/2018;2018_66_108;edustaja;5
1306;66/2018;2018_66_108;huovinen;2
1306;66/2018;2018_66_108;sanoi;2
1306;66/2018;2018_66_108;tämän;3
1306;66/2018;2018_66_108;pitäisi;1
1306;66/2018;2018_66_108;olla;2
1306;66/2018;2018_66_108;itsestäänselvä;1
1306;66/2018;2018_66_108;asia;3
1306;66/2018;2018_66_108;voimme;1
1306;66/2018;2018_66_108;omalta;1
1306;66/2018;2018_66_108;osaltamme;1
1306;66/2018;2018_66_108;nyt;1
1306;66/2018;2018_66_108;vaikuttaa;1
1306;66/2018;2018_66_108;siihen;1
1306;66/2018;2018_66_108;suomikin;1
1306;66/2018;2018_66_108;olisi;1
1306;66/2018;2018_66_108;askeleen;1
1306;66/2018;2018_66_108;lähempänä;1
1306;66/2018;2018_66_108;tavoitetta;1
1306;66/2018;2018_66_108;otti;1
1306;66/2018;2018_66_108;omassa;1
1306;66/2018;2018_66_108;puheessaan;1
1306;66/2018;2018_66_108;ne;1
1306;66/2018;2018_66_108;järkisyyt;1
1306;66/2018;2018_66_108;jotka;1
1306;66/2018;2018_66_108;puoltavat;1
1306;66/2018;2018_66_108;aloitteen;1
1306;66/2018;2018_66_108;hyväksymistä;1
1306;66/2018;2018_66_108;torsti;1
1306;66/2018;2018_66_108;avasi;1
1306;66/2018;2018_66_108;ansiokkaasti;1
1306;66/2018;2018_66_108;helsingin;1
1306;66/2018;2018_66_108;kokemuksia;1
1306;66/2018;2018_66_108;sairaita;1
1306;66/2018;2018_66_108;kannattaa;4
1306;66/2018;2018_66_108;hoitaa;1
1306;66/2018;2018_66_108;sairauksia;1
1306;66/2018;2018_66_108;ennaltaehkäistä;1
1306;66/2018;2018_66_108;lapsia;1
1306;66/2018;2018_66_108;suojella;1
1306;66/2018;2018_66_108;terveyspalveluja;1
1306;66/2018;2018_66_108;tarjotaan;1
1306;66/2018;2018_66_108;paperittomille;1
1306;66/2018;2018_66_108;ei;4
1306;66/2018;2018_66_108;suojele;2
1306;66/2018;2018_66_108;pelkästään;3
1306;66/2018;2018_66_108;suojelee;1
1306;66/2018;2018_66_108;meitä;2
1306;66/2018;2018_66_108;taudeilta;1
1306;66/2018;2018_66_108;ja;2
1306;66/2018;2018_66_108;sairauksilta;1
1306;66/2018;2018_66_108;arvomaailmamme;1
1306;66/2018;2018_66_108;rapautumiselta;1
1306;66/2018;2018_66_108;vaan;1
1306;66/2018;2018_66_108;korkeammilta;1
1306;66/2018;2018_66_108;kustannuksilta;1
1306;66/2018;2018_66_108;räsänen;1
1306;66/2018;2018_66_108;jokin;2
1306;66/2018;2018_66_108;vie;2
1306;66/2018;2018_66_108;maailmaa;2
1306;66/2018;2018_66_108;eteenpäin;2
1306;66/2018;2018_66_108;ihmisyyttä;1
1306;66/2018;2018_66_108;inhimillisyyttä;1
1306;66/2018;2018_66_108;tehdä;1
1306;66/2018;2018_66_108;ollut;1
1306;66/2018;2018_66_108;kun;1
1306;66/2018;2018_66_108;suomea;1
1306;66/2018;2018_66_108;tähänkin;1
1306;66/2018;2018_66_108;pisteeseen;1
1306;66/2018;2018_66_108;rakennettu;1
1306;66/2018;2018_66_108;olkoonkin;1
1306;66/2018;2018_66_108;sitten;1
1306;66/2018;2018_66_108;parempi;1
1306;66/2018;2018_66_108;maailma;1
1306;66/2018;2018_66_108;saattaa;1
1306;66/2018;2018_66_108;vetovoimatekijä;1
1306;66/2018;2018_66_108;kyynisyys;1
1306;66/2018;2018_66_108;peri;1
1306;66/2018;2018_66_108;hyvät;1
1306;66/2018;2018_66_108;teot;1
1306;66/2018;2018_66_108;tekevät;1
1306;66/2018;2018_66_108;välittäminen;1
1306;66/2018;2018_66_108;tekee;1
1306;66/2018;2018_66_108;tapauksessa;1
1306;66/2018;2018_66_108;jopa;1
1306;66/2018;2018_66_108;itsekkyys;1
1306;66/2018;2018_66_108;haluan;1
1306;66/2018;2018_66_108;kiittää;1
1306;66/2018;2018_66_108;huovista;1
1306;66/2018;2018_66_108;hän;1
1306;66/2018;2018_66_108;lakialoitteen;1
1306;66/2018;2018_66_108;myötä;1
1306;66/2018;2018_66_108;osoittaa;1
1306;66/2018;2018_66_108;meille;1
1306;66/2018;2018_66_108;kaikille;1
1306;66/2018;2018_66_108;mistä;1
1306;66/2018;2018_66_108;kansanedustajan;1
1306;66/2018;2018_66_108;työssä;1
1306;66/2018;2018_66_108;kiitos;1
1306;66/2018;2018_66_108;tiina;1
1306;66/2018;2018_66_108;elovaara;1
1306;66/2018;2018_66_108;hyvä;1
1306;66/2018;2018_66_108;puhe;1
1306;85/2018;2018_85_186;ärade;2
1306;85/2018;2018_85_186;talman;2
1306;85/2018;2018_85_186;när;2
1306;85/2018;2018_85_186;vi;13
1306;85/2018;2018_85_186;talar;2
1306;85/2018;2018_85_186;om;3
1306;85/2018;2018_85_186;nästa;3
1306;85/2018;2018_85_186;års;1
1306;85/2018;2018_85_186;budget;1
1306;85/2018;2018_85_186;samtidigt;2
1306;85/2018;2018_85_186;framtiden;2
1306;85/2018;2018_85_186;fattar;1
1306;85/2018;2018_85_186;beslut;1
1306;85/2018;2018_85_186;hur;2
1306;85/2018;2018_85_186;ska;5
1306;85/2018;2018_85_186;använda;1
1306;85/2018;2018_85_186;våra;2
1306;85/2018;2018_85_186;pengar;1
1306;85/2018;2018_85_186;bestämmer;1
1306;85/2018;2018_85_186;vilken;1
1306;85/2018;2018_85_186;riktning;1
1306;85/2018;2018_85_186;vill;3
1306;85/2018;2018_85_186;styra;1
1306;85/2018;2018_85_186;finland;4
1306;85/2018;2018_85_186;vad;1
1306;85/2018;2018_85_186;väljer;1
1306;85/2018;2018_85_186;att;11
1306;85/2018;2018_85_186;satsa;3
1306;85/2018;2018_85_186;på;4
1306;85/2018;2018_85_186;nu;1
1306;85/2018;2018_85_186;har;1
1306;85/2018;2018_85_186;betydelse;1
1306;85/2018;2018_85_186;för;8
1306;85/2018;2018_85_186;framtidens;2
1306;85/2018;2018_85_186;ser;1
1306;85/2018;2018_85_186;ut;1
1306;85/2018;2018_85_186;är;8
1306;85/2018;2018_85_186;nyckelordet;1
1306;85/2018;2018_85_186;tänka;1
1306;85/2018;2018_85_186;långsiktigt;1
1306;85/2018;2018_85_186;val;1
1306;85/2018;2018_85_186;vem;1
1306;85/2018;2018_85_186;bygger;1
1306;85/2018;2018_85_186;jo;1
1306;85/2018;2018_85_186;kommande;1
1306;85/2018;2018_85_186;generationer;1
1306;85/2018;2018_85_186;därför;2
1306;85/2018;2018_85_186;skola;1
1306;85/2018;2018_85_186;och;5
1306;85/2018;2018_85_186;utbildning;1
1306;85/2018;2018_85_186;anna-maja;1
1306;85/2018;2018_85_186;henriksson;1
1306;85/2018;2018_85_186;tog;1
1306;85/2018;2018_85_186;sitt;1
1306;85/2018;2018_85_186;tal;1
1306;85/2018;2018_85_186;upp;1
1306;85/2018;2018_85_186;riksdagsval;1
1306;85/2018;2018_85_186;kommer;1
1306;85/2018;2018_85_186;vara;1
1306;85/2018;2018_85_186;ett;1
1306;85/2018;2018_85_186;utbildningsval;1
1306;85/2018;2018_85_186;någon;1
1306;85/2018;2018_85_186;kan;1
1306;85/2018;2018_85_186;ju;2
1306;85/2018;2018_85_186;säga;1
1306;85/2018;2018_85_186;det;6
1306;85/2018;2018_85_186;föregående;1
1306;85/2018;2018_85_186;också;2
1306;85/2018;2018_85_186;var;1
1306;85/2018;2018_85_186;men;2
1306;85/2018;2018_85_186;här;1
1306;85/2018;2018_85_186;ändå;1
1306;85/2018;2018_85_186;sfp;3
1306;85/2018;2018_85_186;hela;1
1306;85/2018;2018_85_186;skolstigen;1
1306;85/2018;2018_85_186;från;1
1306;85/2018;2018_85_186;daghemmet;1
1306;85/2018;2018_85_186;till;2
1306;85/2018;2018_85_186;högskolestudierna;1
1306;85/2018;2018_85_186;en;7
1306;85/2018;2018_85_186;av;1
1306;85/2018;2018_85_186;de;2
1306;85/2018;2018_85_186;självklara;1
1306;85/2018;2018_85_186;satsningarna;1
1306;85/2018;2018_85_186;subjektiv;1
1306;85/2018;2018_85_186;rätt;1
1306;85/2018;2018_85_186;dagvård;1
1306;85/2018;2018_85_186;nå;1
1306;85/2018;2018_85_186;faktiskt;1
1306;85/2018;2018_85_186;ingen;1
1306;85/2018;2018_85_186;satsning;1
1306;85/2018;2018_85_186;regeringens;1
1306;85/2018;2018_85_186;inbesparing;1
1306;85/2018;2018_85_186;där;1
1306;85/2018;2018_85_186;avskaffade;1
1306;85/2018;2018_85_186;den;4
1306;85/2018;2018_85_186;subjektiva;1
1306;85/2018;2018_85_186;rätten;1
1306;85/2018;2018_85_186;ja;1
1306;85/2018;2018_85_186;inbesparingen;1
1306;85/2018;2018_85_186;uteblev;1
1306;85/2018;2018_85_186;fortfarande;1
1306;85/2018;2018_85_186;avskaffad;1
1306;85/2018;2018_85_186;se;1
1306;85/2018;2018_85_186;mer;2
1306;85/2018;2018_85_186;jämställd;2
1306;85/2018;2018_85_186;framtid;2
1306;85/2018;2018_85_186;viktigt;1
1306;85/2018;2018_85_186;regering;1
1306;85/2018;2018_85_186;prioriterar;1
1306;85/2018;2018_85_186;genomföra;1
1306;85/2018;2018_85_186;familjeledighetsreform;2
1306;85/2018;2018_85_186;genom;1
1306;85/2018;2018_85_186;reformer;1
1306;85/2018;2018_85_186;som;1
1306;85/2018;2018_85_186;stöder;1
1306;85/2018;2018_85_186;jämställdheten;1
1306;85/2018;2018_85_186;dag;1
1306;85/2018;2018_85_186;sår;1
1306;85/2018;2018_85_186;frön;1
1306;85/2018;2018_85_186;högre;1
1306;85/2018;2018_85_186;sysselsättningsgrad;1
1306;85/2018;2018_85_186;anser;1
1306;85/2018;2018_85_186;få;1
1306;85/2018;2018_85_186;kosta;1
1306;85/2018;2018_85_186;endast;1
1306;85/2018;2018_85_186;då;1
1306;85/2018;2018_85_186;innebär;1
1306;85/2018;2018_85_186;reformen;2
1306;85/2018;2018_85_186;tillräckligt;1
1306;85/2018;2018_85_186;omfattande;1
1306;85/2018;2018_85_186;skapa;1
1306;85/2018;2018_85_186;förändring;1
1306;85/2018;2018_85_186;behöver;1
1306;85/2018;2018_85_186;stöda;1
1306;85/2018;2018_85_186;ansvarsfördelningen;1
1306;85/2018;2018_85_186;familjerna;1
1306;85/2018;2018_85_186;öka;1
1306;85/2018;2018_85_186;flexibiliteten;1
1306;85/2018;2018_85_186;så;1
1306;85/2018;2018_85_186;lättare;1
1306;85/2018;2018_85_186;kombinera;1
1306;85/2018;2018_85_186;familj;1
1306;85/2018;2018_85_186;arbete;1
1306;85/2018;2018_85_186;både;1
1306;85/2018;2018_85_186;mamma;1
1306;85/2018;2018_85_186;pappa;1
1306;102/2018;2018_102_63;ärade;1
1306;102/2018;2018_102_63;talman;1
1306;102/2018;2018_102_63;tämä;2
1306;102/2018;2018_102_63;lakimuutoshan;1
1306;102/2018;2018_102_63;ei;4
1306;102/2018;2018_102_63;ole;2
1306;102/2018;2018_102_63;ilmainen;1
1306;102/2018;2018_102_63;sen;1
1306;102/2018;2018_102_63;hyvin;2
1306;102/2018;2018_102_63;tiedämme;1
1306;102/2018;2018_102_63;poliisitarkastaja;1
1306;102/2018;2018_102_63;simanainen;1
1306;102/2018;2018_102_63;kertoi;1
1306;102/2018;2018_102_63;että;6
1306;102/2018;2018_102_63;edellyttäisi;1
1306;102/2018;2018_102_63;poliisin;3
1306;102/2018;2018_102_63;lisäystä;1
1306;102/2018;2018_102_63;budjettiahan;1
1306;102/2018;2018_102_63;täällä;2
1306;102/2018;2018_102_63;käsitellään;1
1306;102/2018;2018_102_63;parhaillaan;1
1306;102/2018;2018_102_63;ja;3
1306;102/2018;2018_102_63;siinä;1
1306;102/2018;2018_102_63;on;5
1306;102/2018;2018_102_63;käynyt;1
1306;102/2018;2018_102_63;selvästi;1
1306;102/2018;2018_102_63;ilmi;1
1306;102/2018;2018_102_63;miestyövuoden;1
1306;102/2018;2018_102_63;tai;1
1306;102/2018;2018_102_63;naistyövuoden;1
1306;102/2018;2018_102_63;ylläpitäminen;1
1306;102/2018;2018_102_63;kovan;1
1306;102/2018;2018_102_63;työn;1
1306;102/2018;2018_102_63;takana;1
1306;102/2018;2018_102_63;tilannetta;2
1306;102/2018;2018_102_63;helpota;2
1306;102/2018;2018_102_63;se;2
1306;102/2018;2018_102_63;senaatin;1
1306;102/2018;2018_102_63;kiinteistökulut;1
1306;102/2018;2018_102_63;ovat;2
1306;102/2018;2018_102_63;niin;2
1306;102/2018;2018_102_63;kuin;2
1306;102/2018;2018_102_63;automaattinen;1
1306;102/2018;2018_102_63;kustannuksia;1
1306;102/2018;2018_102_63;nostava;1
1306;102/2018;2018_102_63;tekijä;1
1306;102/2018;2018_102_63;poliisilla;1
1306;102/2018;2018_102_63;ict-kulut;1
1306;102/2018;2018_102_63;nousemassa;1
1306;102/2018;2018_102_63;miljoonaa;1
1306;102/2018;2018_102_63;ensi;1
1306;102/2018;2018_102_63;vuonna;1
1306;102/2018;2018_102_63;pelkästään;1
1306;102/2018;2018_102_63;tieliikennelaki;1
1306;102/2018;2018_102_63;aiheuttaa;1
1306;102/2018;2018_102_63;miljoonan;1
1306;102/2018;2018_102_63;investointitarpeen;1
1306;102/2018;2018_102_63;meillä;1
1306;102/2018;2018_102_63;myöskin;1
1306;102/2018;2018_102_63;edessämme;1
1306;102/2018;2018_102_63;eu-puheenjohtajavuosi;1
1306;102/2018;2018_102_63;joka;1
1306;102/2018;2018_102_63;jo;1
1306;102/2018;2018_102_63;sinänsä;1
1306;102/2018;2018_102_63;edellyttää;1
1306;102/2018;2018_102_63;varmaankin;1
1306;102/2018;2018_102_63;toisenlaisia;1
1306;102/2018;2018_102_63;tarpeita;1
1306;102/2018;2018_102_63;mitä;1
1306;102/2018;2018_102_63;normaali;1
1306;102/2018;2018_102_63;toiminta;1
1306;102/2018;2018_102_63;helsingissä;1
1306;102/2018;2018_102_63;eli;1
1306;102/2018;2018_102_63;lisärahan;1
1306;102/2018;2018_102_63;tarve;1
1306;102/2018;2018_102_63;ilmeinen;1
1306;102/2018;2018_102_63;kun;1
1306;102/2018;2018_102_63;nämä;1
1306;102/2018;2018_102_63;monet;1
1306;102/2018;2018_102_63;asiat;1
1306;102/2018;2018_102_63;kumuloituvat;1
1306;102/2018;2018_102_63;voi;1
1306;102/2018;2018_102_63;kuvitella;1
1306;102/2018;2018_102_63;seuraavasta;1
1306;102/2018;2018_102_63;vuodesta;1
1306;102/2018;2018_102_63;tulee;1
1306;102/2018;2018_102_63;varsin;1
1306;102/2018;2018_102_63;haasteellinen;1
1306;102/2018;2018_102_63;ymmärrän;1
1306;102/2018;2018_102_63;toki;1
1306;102/2018;2018_102_63;budjetti;1
1306;102/2018;2018_102_63;teidän;1
1306;102/2018;2018_102_63;pöydällänne;1
1306;102/2018;2018_102_63;mutta;1
1306;102/2018;2018_102_63;oletteko;2
1306;102/2018;2018_102_63;ministeri;1
1306;102/2018;2018_102_63;häkkänen;1
1306;102/2018;2018_102_63;hallituksen;1
1306;102/2018;2018_102_63;sisällä;1
1306;102/2018;2018_102_63;käyneet;1
1306;102/2018;2018_102_63;näitä;1
1306;102/2018;2018_102_63;keskusteluja;1
1306;102/2018;2018_102_63;valmis;1
1306;102/2018;2018_102_63;näiltä;1
1306;102/2018;2018_102_63;osin;1
1306;102/2018;2018_102_63;sitten;1
1306;102/2018;2018_102_63;korjaamaan;1
1306;102/2018;2018_102_63;budjettiesitystä;1
1306;123/2018;2018_123_60;ärade;1
1306;123/2018;2018_123_60;talman;1
1306;123/2018;2018_123_60;slush;2
1306;123/2018;2018_123_60;kör;1
1306;123/2018;2018_123_60;nästa;1
1306;123/2018;2018_123_60;vecka;1
1306;123/2018;2018_123_60;igång;1
1306;123/2018;2018_123_60;helsingfors;2
1306;123/2018;2018_123_60;är;2
1306;123/2018;2018_123_60;en;4
1306;123/2018;2018_123_60;företagandets;1
1306;123/2018;2018_123_60;fest;4
1306;123/2018;2018_123_60;för;3
1306;123/2018;2018_123_60;den;2
1306;123/2018;2018_123_60;som;2
1306;123/2018;2018_123_60;vågar;2
1306;123/2018;2018_123_60;komma;1
1306;123/2018;2018_123_60;till;1
1306;123/2018;2018_123_60;november;1
1306;123/2018;2018_123_60;vara;1
1306;123/2018;2018_123_60;företagare;1
1306;123/2018;2018_123_60;det;2
1306;123/2018;2018_123_60;inte;1
1306;123/2018;2018_123_60;alltid;1
1306;123/2018;2018_123_60;vi;1
1306;123/2018;2018_123_60;vet;1
1306;123/2018;2018_123_60;att;2
1306;123/2018;2018_123_60;finns;1
1306;123/2018;2018_123_60;mycket;1
1306;123/2018;2018_123_60;förbättra;1
1306;123/2018;2018_123_60;just;1
1306;123/2018;2018_123_60;ensamföretagarnas;1
1306;123/2018;2018_123_60;socialskydd;1
1306;129/2018;2018_129_28;arvoisa;1
1306;129/2018;2018_129_28;puhemies;1
1306;129/2018;2018_129_28;kannatan;1
1306;143/2018;2018_143_22;ärade;1
1306;143/2018;2018_143_22;talman;1
1306;143/2018;2018_143_22;rkp;1
1306;143/2018;2018_143_22;on;1
1306;143/2018;2018_143_22;puhunut;1
1306;143/2018;2018_143_22;pitkään;1
1306;143/2018;2018_143_22;näistä;1
1306;143/2018;2018_143_22;seksuaalirikoksista;2
1306;143/2018;2018_143_22;ja;2
1306;143/2018;2018_143_22;niitten;1
1306;143/2018;2018_143_22;ehkäisemisestä;1
1306;143/2018;2018_143_22;mikaela;1
1306;143/2018;2018_143_22;nylander;1
1306;143/2018;2018_143_22;teki;1
1306;143/2018;2018_143_22;jo;1
1306;143/2018;2018_143_22;vuonna;1
1306;143/2018;2018_143_22;lakialoitteen;1
1306;143/2018;2018_143_22;joka;1
1306;143/2018;2018_143_22;keskittyi;1
1306;143/2018;2018_143_22;tähän;1
1306;143/2018;2018_143_22;grooming-ilmiöön;1
1306;143/2018;2018_143_22;tänä;1
1306;143/2018;2018_143_22;päivänä;1
1306;143/2018;2018_143_22;edelleenkin;1
1306;143/2018;2018_143_22;suuri;1
1306;143/2018;2018_143_22;osa;1
1306;143/2018;2018_143_22;jää;1
1306;143/2018;2018_143_22;ilmoittamatta;1
1306;143/2018;2018_143_22;ilmoituskynnyksen;1
1306;143/2018;2018_143_22;täytyy;1
1306;143/2018;2018_143_22;olla;1
1306;143/2018;2018_143_22;matalampi;1
1306;143/2018;2018_143_22;kuin;1
1306;143/2018;2018_143_22;tänään;1
1306;143/2018;2018_143_22;rikoksen;1
1306;143/2018;2018_143_22;uhrit;1
1306;143/2018;2018_143_22;tarvitsevat;1
1306;143/2018;2018_143_22;apua;1
1306;143/2018;2018_143_22;tukea;1
1306;143/2018;2018_143_22;rikosilmoituksen;1
1306;143/2018;2018_143_22;tekemiseen;1
1306;143/2018;2018_143_22;puhumattakaan;1
1306;143/2018;2018_143_22;henkisestä;1
1306;143/2018;2018_143_22;tuesta;1
1306;147/2018;2018_147_73;ärade;1
1306;147/2018;2018_147_73;talman;1
1306;147/2018;2018_147_73;on;7
1306;147/2018;2018_147_73;tietenkin;2
1306;147/2018;2018_147_73;niin;3
1306;147/2018;2018_147_73;että;3
1306;147/2018;2018_147_73;alkoholinkäyttö;1
1306;147/2018;2018_147_73;suomessa;1
1306;147/2018;2018_147_73;ongelma;1
1306;147/2018;2018_147_73;ja;7
1306;147/2018;2018_147_73;meidän;1
1306;147/2018;2018_147_73;alkoholikulttuurissa;1
1306;147/2018;2018_147_73;parantamisen;1
1306;147/2018;2018_147_73;varaa;1
1306;147/2018;2018_147_73;yhtä;1
1306;147/2018;2018_147_73;kiistatonta;1
1306;147/2018;2018_147_73;se;2
1306;147/2018;2018_147_73;ettei;1
1306;147/2018;2018_147_73;suomi;1
1306;147/2018;2018_147_73;maana;1
1306;147/2018;2018_147_73;ole;1
1306;147/2018;2018_147_73;tuomittu;1
1306;147/2018;2018_147_73;olemaan;1
1306;147/2018;2018_147_73;saman;1
1306;147/2018;2018_147_73;ongelman;2
1306;147/2018;2018_147_73;parissa;1
1306;147/2018;2018_147_73;ikuisesti;1
1306;147/2018;2018_147_73;vaan;1
1306;147/2018;2018_147_73;tilannetta;1
1306;147/2018;2018_147_73;voi;1
1306;147/2018;2018_147_73;korjata;1
1306;147/2018;2018_147_73;korjataan;1
1306;147/2018;2018_147_73;sillä;1
1306;147/2018;2018_147_73;viljellään;1
1306;147/2018;2018_147_73;hyvää;3
1306;147/2018;2018_147_73;alkoholikulttuuria;2
1306;147/2018;2018_147_73;pienpanimot;1
1306;147/2018;2018_147_73;ovat;3
1306;147/2018;2018_147_73;osoitus;2
1306;147/2018;2018_147_73;siitä;3
1306;147/2018;2018_147_73;tilaviinit;1
1306;147/2018;2018_147_73;tällaiset;1
1306;147/2018;2018_147_73;pienet;1
1306;147/2018;2018_147_73;liikkeet;1
1306;147/2018;2018_147_73;kuin;1
1306;147/2018;2018_147_73;esimerkkitapaus;1
1306;147/2018;2018_147_73;tässä;1
1306;147/2018;2018_147_73;lakiesityksessä;1
1306;147/2018;2018_147_73;esimerkki;1
1306;147/2018;2018_147_73;hyvääkin;1
1306;147/2018;2018_147_73;silloin;1
1306;147/2018;2018_147_73;kun;1
1306;147/2018;2018_147_73;sitä;4
1306;147/2018;2018_147_73;esiintyy;1
1306;147/2018;2018_147_73;pitää;2
1306;147/2018;2018_147_73;mahdollistaa;1
1306;147/2018;2018_147_73;tukea;1
1306;147/2018;2018_147_73;eikä;1
1306;147/2018;2018_147_73;lainsäädännön;1
1306;147/2018;2018_147_73;kautta;1
1306;147/2018;2018_147_73;pidä;1
1306;147/2018;2018_147_73;tehdä;1
1306;147/2018;2018_147_73;sellaista;1
1306;147/2018;2018_147_73;järkevää;1
1306;147/2018;2018_147_73;toimintaa;1
1306;147/2018;2018_147_73;mahdottomaksi;1
1306;147/2018;2018_147_73;tämä;1
1306;147/2018;2018_147_73;hyvä;1
1306;147/2018;2018_147_73;lakiesitys;1
1306;147/2018;2018_147_73;edustaja;1
1306;147/2018;2018_147_73;wallinheimo;1
1306;147/2018;2018_147_73;tehnyt;1
1306;147/2018;2018_147_73;työtä;1
1306;147/2018;2018_147_73;löytäessään;1
1306;147/2018;2018_147_73;ryhtyessään;1
1306;147/2018;2018_147_73;heti;1
1306;147/2018;2018_147_73;korjaamaan;1
1306;147/2018;2018_147_73;oli;1
1306;147/2018;2018_147_73;ilo;1
1306;147/2018;2018_147_73;olla;1
1306;147/2018;2018_147_73;yksi;1
1306;147/2018;2018_147_73;lakialoitteen;1
1306;147/2018;2018_147_73;allekirjoittajista;1
1306;157/2018;2018_157_84;ärade;1
1306;157/2018;2018_157_84;talman;1
1306;157/2018;2018_157_84;tämän;1
1306;157/2018;2018_157_84;esityksen;1
1306;157/2018;2018_157_84;logiikkahan;1
1306;157/2018;2018_157_84;on;20
1306;157/2018;2018_157_84;varsin;1
1306;157/2018;2018_157_84;selvä;1
1306;157/2018;2018_157_84;ja;7
1306;157/2018;2018_157_84;esitys;1
1306;157/2018;2018_157_84;kaikin;1
1306;157/2018;2018_157_84;puolin;1
1306;157/2018;2018_157_84;kannatettava;1
1306;157/2018;2018_157_84;me;6
1306;157/2018;2018_157_84;tarvitsemme;2
1306;157/2018;2018_157_84;tällaisia;4
1306;157/2018;2018_157_84;mekanismeja;1
1306;157/2018;2018_157_84;lakeja;2
1306;157/2018;2018_157_84;ellei;1
1306;157/2018;2018_157_84;tätä;1
1306;157/2018;2018_157_84;viedä;1
1306;157/2018;2018_157_84;läpi;1
1306;157/2018;2018_157_84;se;16
1306;157/2018;2018_157_84;tarkoittaa;2
1306;157/2018;2018_157_84;että;12
1306;157/2018;2018_157_84;edustaja;2
1306;157/2018;2018_157_84;kankaanniemi;2
1306;157/2018;2018_157_84;joutuu;1
1306;157/2018;2018_157_84;luopumaan;1
1306;157/2018;2018_157_84;vaikka;1
1306;157/2018;2018_157_84;polttomoottoriautostaan;1
1306;157/2018;2018_157_84;vähän;2
1306;157/2018;2018_157_84;aikaisemmin;1
1306;157/2018;2018_157_84;jos;1
1306;157/2018;2018_157_84;epäonnistumme;1
1306;157/2018;2018_157_84;yhdellä;1
1306;157/2018;2018_157_84;saralla;2
1306;157/2018;2018_157_84;joudutaan;1
1306;157/2018;2018_157_84;kuromaan;1
1306;157/2018;2018_157_84;toisella;1
1306;157/2018;2018_157_84;kiinni;1
1306;157/2018;2018_157_84;tämä;2
1306;157/2018;2018_157_84;kokonaisuus;1
1306;157/2018;2018_157_84;jossa;3
1306;157/2018;2018_157_84;kaikilla;1
1306;157/2018;2018_157_84;toimilla;1
1306;157/2018;2018_157_84;merkitystä;1
1306;157/2018;2018_157_84;kivihiilestä;1
1306;157/2018;2018_157_84;luopumiseen;1
1306;157/2018;2018_157_84;tietenkin;2
1306;157/2018;2018_157_84;monta;1
1306;157/2018;2018_157_84;syytä;1
1306;157/2018;2018_157_84;ilmastonäkökulma;1
1306;157/2018;2018_157_84;mutta;3
1306;157/2018;2018_157_84;myöskin;2
1306;157/2018;2018_157_84;kallis;2
1306;157/2018;2018_157_84;tapa;2
1306;157/2018;2018_157_84;tuottaa;2
1306;157/2018;2018_157_84;energiaa;1
1306;157/2018;2018_157_84;sähköä;1
1306;157/2018;2018_157_84;energiamuoto;1
1306;157/2018;2018_157_84;joka;2
1306;157/2018;2018_157_84;tuodaan;1
1306;157/2018;2018_157_84;muista;1
1306;157/2018;2018_157_84;maista;1
1306;157/2018;2018_157_84;sitä;3
1306;157/2018;2018_157_84;tuotetaan;1
1306;157/2018;2018_157_84;kyseenalaisin;1
1306;157/2018;2018_157_84;menetelmin;1
1306;157/2018;2018_157_84;kyllä;1
1306;157/2018;2018_157_84;vaatii;5
1306;157/2018;2018_157_84;muutoksia;1
1306;157/2018;2018_157_84;meiltä;1
1306;157/2018;2018_157_84;kaikilta;1
1306;157/2018;2018_157_84;investointeja;3
1306;157/2018;2018_157_84;lämmön;1
1306;157/2018;2018_157_84;varastointiin;1
1306;157/2018;2018_157_84;helsingin;1
1306;157/2018;2018_157_84;osalta;2
1306;157/2018;2018_157_84;monen;1
1306;157/2018;2018_157_84;muunkin;1
1306;157/2018;2018_157_84;lämpöpumppuihin;1
1306;157/2018;2018_157_84;kaukolämpöverkkoon;1
1306;157/2018;2018_157_84;sähköistämistä;1
1306;157/2018;2018_157_84;yleisellä;2
1306;157/2018;2018_157_84;tasolla;3
1306;157/2018;2018_157_84;yhteiskunnassamme;1
1306;157/2018;2018_157_84;no;1
1306;157/2018;2018_157_84;onko;1
1306;157/2018;2018_157_84;tässä;3
1306;157/2018;2018_157_84;vauhtisokeutta;1
1306;157/2018;2018_157_84;niin;2
1306;157/2018;2018_157_84;kuin;1
1306;157/2018;2018_157_84;sanoi;1
1306;157/2018;2018_157_84;ei;5
1306;157/2018;2018_157_84;meidän;1
1306;157/2018;2018_157_84;ongelmamme;1
1306;157/2018;2018_157_84;ole;2
1306;157/2018;2018_157_84;lähtisimme;1
1306;157/2018;2018_157_84;toimimaan;1
1306;157/2018;2018_157_84;jotenkin;1
1306;157/2018;2018_157_84;liian;1
1306;157/2018;2018_157_84;nopeasti;1
1306;157/2018;2018_157_84;vaan;1
1306;157/2018;2018_157_84;päinvastoin;1
1306;157/2018;2018_157_84;ellemme;1
1306;157/2018;2018_157_84;säädä;1
1306;157/2018;2018_157_84;mikään;1
1306;157/2018;2018_157_84;muutu;1
1306;157/2018;2018_157_84;joitain;1
1306;157/2018;2018_157_84;vuosia;1
1306;157/2018;2018_157_84;sitten;1
1306;157/2018;2018_157_84;uumoiltiin;1
1306;157/2018;2018_157_84;rikkidirektiivi;1
1306;157/2018;2018_157_84;tuhoaisi;1
1306;157/2018;2018_157_84;suomen;1
1306;157/2018;2018_157_84;vientiteollisuuden;1
1306;157/2018;2018_157_84;merenkulun;1
1306;157/2018;2018_157_84;tehnyt;1
1306;157/2018;2018_157_84;ollut;1
1306;157/2018;2018_157_84;yksi;1
1306;157/2018;2018_157_84;askel;1
1306;157/2018;2018_157_84;sen;1
1306;157/2018;2018_157_84;eteen;1
1306;157/2018;2018_157_84;itämeri;1
1306;157/2018;2018_157_84;olisi;2
1306;157/2018;2018_157_84;edes;1
1306;157/2018;2018_157_84;puhtaampi;1
1306;157/2018;2018_157_84;nyt;2
1306;157/2018;2018_157_84;imo;1
1306;157/2018;2018_157_84;lähdössä;1
1306;157/2018;2018_157_84;samoihin;1
1306;157/2018;2018_157_84;toimenpiteisiin;1
1306;157/2018;2018_157_84;mikä;1
1306;157/2018;2018_157_84;suomalainen;1
1306;157/2018;2018_157_84;teollisuus;1
1306;157/2018;2018_157_84;etulyöntiasemassa;1
1306;157/2018;2018_157_84;sillä;2
1306;157/2018;2018_157_84;hyvä;1
1306;157/2018;2018_157_84;kilpailuetu;1
1306;157/2018;2018_157_84;kun;1
1306;157/2018;2018_157_84;muutkin;1
1306;157/2018;2018_157_84;maat;1
1306;157/2018;2018_157_84;joutuvat;1
1306;157/2018;2018_157_84;ottamaan;1
1306;157/2018;2018_157_84;laitteita;1
1306;157/2018;2018_157_84;käyttöön;1
1306;157/2018;2018_157_84;eli;2
1306;157/2018;2018_157_84;olemme;1
1306;157/2018;2018_157_84;kunnianhimoisia;1
1306;157/2018;2018_157_84;luomme;1
1306;157/2018;2018_157_84;omaan;1
1306;157/2018;2018_157_84;maahamme;1
1306;157/2018;2018_157_84;sellaisen;1
1306;157/2018;2018_157_84;ympäristön;1
1306;157/2018;2018_157_84;innovaatioille;1
1306;157/2018;2018_157_84;tarvetta;1
1306;157/2018;2018_157_84;tilausta;1
1306;157/2018;2018_157_84;rakennamme;1
1306;157/2018;2018_157_84;omaa;1
1306;157/2018;2018_157_84;vahvaa;1
1306;157/2018;2018_157_84;teollisuutta;1
1306;157/2018;2018_157_84;väitteisiin;1
1306;157/2018;2018_157_84;siitä;1
1306;157/2018;2018_157_84;hiilivuotoa;1
1306;157/2018;2018_157_84;olemassa;1
1306;157/2018;2018_157_84;tiede;1
1306;157/2018;2018_157_84;tue;1
1306;157/2018;2018_157_84;tällaista;1
1306;157/2018;2018_157_84;väitettä;1
1306;157/2018;2018_157_84;joten;1
1306;157/2018;2018_157_84;toivon;1
1306;157/2018;2018_157_84;perussuomalaiset;1
1306;157/2018;2018_157_84;lopettavat;1
1306;157/2018;2018_157_84;siitäkin;1
1306;157/2018;2018_157_84;puhumisen;1
1306;157/2018;2018_157_84;sitra;1
1306;157/2018;2018_157_84;todennut;1
1306;157/2018;2018_157_84;prosentin;1
1306;157/2018;2018_157_84;päästöjenpudotustavoite;1
1306;157/2018;2018_157_84;vuoteen;2
1306;157/2018;2018_157_84;mennessä;2
1306;157/2018;2018_157_84;kustannusneutraali;1
1306;157/2018;2018_157_84;tai;1
1306;157/2018;2018_157_84;tuo;1
1306;157/2018;2018_157_84;säästöjä;1
1306;157/2018;2018_157_84;eun;1
1306;157/2018;2018_157_84;arvioitu;1
1306;157/2018;2018_157_84;hiilineutraliteetti;1
1306;157/2018;2018_157_84;kasvattaa;1
1306;157/2018;2018_157_84;kansantaloutta;1
1306;157/2018;2018_157_84;valita;1
1306;157/2018;2018_157_84;kurjuutta;1
1306;157/2018;2018_157_84;vaaditaan;1
1306;157/2018;2018_157_84;uusiutumista;1
1306;157/2018;2018_157_84;annetaan;1
1306;157/2018;2018_157_84;uusiutumiselle;1
1306;157/2018;2018_157_84;talouden;1
1306;157/2018;2018_157_84;uudelleen;1
1306;157/2018;2018_157_84;rakentamiselle;1
1306;157/2018;2018_157_84;mahdollisuus;1
1306;157/2018;2018_157_84;haaste;2
1306;157/2018;2018_157_84;tarjoaa;1
1306;157/2018;2018_157_84;meille;1
1306;157/2018;2018_157_84;markkinat;1
1306;157/2018;2018_157_84;jotka;1
1306;157/2018;2018_157_84;ovat;1
1306;157/2018;2018_157_84;taatusti;1
1306;157/2018;2018_157_84;kasvavat;1
1306;157/2018;2018_157_84;siinä;1
1306;157/2018;2018_157_84;kylkiäisenä;1
1306;157/2018;2018_157_84;saatamme;1
1306;157/2018;2018_157_84;pelastaa;1
1306;157/2018;2018_157_84;maailman;1
1306;157/2018;2018_157_92;ärade;1
1306;157/2018;2018_157_92;talman;1
1306;157/2018;2018_157_92;keskustelussa;1
1306;157/2018;2018_157_92;mielellään;1
1306;157/2018;2018_157_92;vertaillaan;1
1306;157/2018;2018_157_92;suomea;1
1306;157/2018;2018_157_92;ja;8
1306;157/2018;2018_157_92;muita;2
1306;157/2018;2018_157_92;maita;1
1306;157/2018;2018_157_92;annetaan;1
1306;157/2018;2018_157_92;ymmärtää;1
1306;157/2018;2018_157_92;että;11
1306;157/2018;2018_157_92;suomi;1
1306;157/2018;2018_157_92;olisi;4
1306;157/2018;2018_157_92;näissä;1
1306;157/2018;2018_157_92;asioissa;1
1306;157/2018;2018_157_92;mallioppilas;1
1306;157/2018;2018_157_92;on;10
1306;157/2018;2018_157_92;totta;1
1306;157/2018;2018_157_92;täällä;1
1306;157/2018;2018_157_92;tehty;1
1306;157/2018;2018_157_92;paljon;2
1306;157/2018;2018_157_92;mutta;3
1306;157/2018;2018_157_92;onhan;1
1306;157/2018;2018_157_92;meillä;1
1306;157/2018;2018_157_92;esimerkiksi;1
1306;157/2018;2018_157_92;liki;1
1306;157/2018;2018_157_92;prosenttia;1
1306;157/2018;2018_157_92;isommat;2
1306;157/2018;2018_157_92;ilmastopäästöt;1
1306;157/2018;2018_157_92;kuin;3
1306;157/2018;2018_157_92;ruotsilla;1
1306;157/2018;2018_157_92;huomattavan;1
1306;157/2018;2018_157_92;intialla;1
1306;157/2018;2018_157_92;tai;1
1306;157/2018;2018_157_92;muilla;1
1306;157/2018;2018_157_92;kehittyvillä;1
1306;157/2018;2018_157_92;mailla;1
1306;157/2018;2018_157_92;sähkön;1
1306;157/2018;2018_157_92;hinta;1
1306;157/2018;2018_157_92;ehdottomasti;2
1306;157/2018;2018_157_92;halvin;2
1306;157/2018;2018_157_92;tapa;2
1306;157/2018;2018_157_92;tuottaa;1
1306;157/2018;2018_157_92;rakentaa;1
1306;157/2018;2018_157_92;uutta;1
1306;157/2018;2018_157_92;tehoa;1
1306;157/2018;2018_157_92;tänään;1
1306;157/2018;2018_157_92;pohjoismaissa;1
1306;157/2018;2018_157_92;tuulivoima;1
1306;157/2018;2018_157_92;siihen;3
1306;157/2018;2018_157_92;liittyy;1
1306;157/2018;2018_157_92;toki;1
1306;157/2018;2018_157_92;haasteita;1
1306;157/2018;2018_157_92;se;4
1306;157/2018;2018_157_92;huomattavasti;2
1306;157/2018;2018_157_92;halvempi;1
1306;157/2018;2018_157_92;hiilivoima;1
1306;157/2018;2018_157_92;jos;3
1306;157/2018;2018_157_92;uskoo;1
1306;157/2018;2018_157_92;markkinatalouteen;1
1306;157/2018;2018_157_92;kannattaa;2
1306;157/2018;2018_157_92;pohtia;1
1306;157/2018;2018_157_92;lähtisikö;1
1306;157/2018;2018_157_92;itse;1
1306;157/2018;2018_157_92;maana;1
1306;157/2018;2018_157_92;investoimaan;2
1306;157/2018;2018_157_92;hiilivoimateknologiaan;1
1306;157/2018;2018_157_92;vai;1
1306;157/2018;2018_157_92;kenties;1
1306;157/2018;2018_157_92;puhtaisiin;2
1306;157/2018;2018_157_92;energiatuotantoratkaisuihin;1
1306;157/2018;2018_157_92;luulen;1
1306;157/2018;2018_157_92;ei;1
1306;157/2018;2018_157_92;taida;1
1306;157/2018;2018_157_92;löytyä;1
1306;157/2018;2018_157_92;sellaista;1
1306;157/2018;2018_157_92;kapitalistia;1
1306;157/2018;2018_157_92;tästä;1
1306;157/2018;2018_157_92;maailmasta;1
1306;157/2018;2018_157_92;joka;1
1306;157/2018;2018_157_92;sitä;2
1306;157/2018;2018_157_92;mieltä;1
1306;157/2018;2018_157_92;tässä;2
1306;157/2018;2018_157_92;tilanteessa;1
1306;157/2018;2018_157_92;kannattaisi;1
1306;157/2018;2018_157_92;lähteä;1
1306;157/2018;2018_157_92;hiilivoimaan;1
1306;157/2018;2018_157_92;vaan;1
1306;157/2018;2018_157_92;nimenomaan;1
1306;157/2018;2018_157_92;näihin;1
1306;157/2018;2018_157_92;ratkaisuihin;1
1306;157/2018;2018_157_92;sitten;1
1306;157/2018;2018_157_92;puhuu;1
1306;157/2018;2018_157_92;yhdenvertaisuudesta;1
1306;157/2018;2018_157_92;reiluudesta;1
1306;157/2018;2018_157_92;isommassa;1
1306;157/2018;2018_157_92;kuvassa;1
1306;157/2018;2018_157_92;siinä;1
1306;157/2018;2018_157_92;perspektiivissä;1
1306;157/2018;2018_157_92;suomen;1
1306;157/2018;2018_157_92;nyt;2
1306;157/2018;2018_157_92;eu-puheenjohtajakautena;1
1306;157/2018;2018_157_92;ajaa;1
1306;157/2018;2018_157_92;päästökauppaa;1
1306;157/2018;2018_157_92;laajennettaisiin;2
1306;157/2018;2018_157_92;eun;1
1306;157/2018;2018_157_92;päästökauppa;1
1306;157/2018;2018_157_92;sidottaisiin;1
1306;157/2018;2018_157_92;jäljellä;1
1306;157/2018;2018_157_92;olevaan;1
1306;157/2018;2018_157_92;päästökiintiöön;1
1306;157/2018;2018_157_92;jotta;1
1306;157/2018;2018_157_92;johtaisi;1
1306;157/2018;2018_157_92;todellisiin;1
1306;157/2018;2018_157_92;päästöleikkauksiin;1
1306;157/2018;2018_157_92;myöskin;1
1306;157/2018;2018_157_92;maantieteellisesti;1
1306;157/2018;2018_157_92;käsittämään;1
1306;157/2018;2018_157_92;euroopan;1
1306;157/2018;2018_157_92;ulkopuolisia;1
1306;157/2018;2018_157_92;alueita;1
1306;157/2018;2018_157_92;mahdollisimman;1
1306;157/2018;2018_157_92;suuressa;1
1306;157/2018;2018_157_92;määrin;1
1306;157/2018;2018_157_92;tässäkin;1
1306;157/2018;2018_157_92;asiassa;1
1306;157/2018;2018_157_92;eu;2
1306;157/2018;2018_157_92;ratkaisu;2
1306;157/2018;2018_157_92;olemassa;1
1306;157/2018;2018_157_92;eulla;2
1306;157/2018;2018_157_92;yhtenäinen;1
1306;157/2018;2018_157_92;tahto;1
1306;157/2018;2018_157_92;ilmastopolitiikka;1
1306;157/2018;2018_157_92;edellytys;1
1306;157/2018;2018_157_92;päästään;1
1306;157/2018;2018_157_92;johonkin;1
1306;157/2018;2018_157_92;pisteeseen;1
1306;157/2018;2018_157_92;ilman;1
1306;157/2018;2018_157_92;euta;1
1306;157/2018;2018_157_92;meitä;1
1306;157/2018;2018_157_92;omaa;1
1306;157/2018;2018_157_92;irrallista;1
1306;157/2018;2018_157_92;maata;1
1306;157/2018;2018_157_92;haaste;1
1306;157/2018;2018_157_92;isompi;1
1306;157/2018;2018_157_92;jonkinlainen;1
1306;157/2018;2018_157_92;näköpiirissä;1
1306;159/2018;2018_159_56;ärade;1
1306;159/2018;2018_159_56;talman;1
1306;159/2018;2018_159_56;arvoisa;1
1306;159/2018;2018_159_56;puhemies;1
1306;159/2018;2018_159_56;möjligheten;1
1306;159/2018;2018_159_56;att;1
1306;159/2018;2018_159_56;studera;1
1306;159/2018;2018_159_56;gymnasiet;1
1306;159/2018;2018_159_56;eller;1
1306;159/2018;2018_159_56;inom;1
1306;159/2018;2018_159_56;yrkesutbildningen;1
1306;159/2018;2018_159_56;får;1
1306;159/2018;2018_159_56;inte;1
1306;159/2018;2018_159_56;vara;2
1306;159/2018;2018_159_56;beroende;1
1306;159/2018;2018_159_56;av;1
1306;159/2018;2018_159_56;hemmets;1
1306;159/2018;2018_159_56;ekonomiska;1
1306;159/2018;2018_159_56;situation;1
1306;159/2018;2018_159_56;andra;1
1306;159/2018;2018_159_56;stadiets;1
1306;159/2018;2018_159_56;utbildning;1
1306;159/2018;2018_159_56;borde;1
1306;159/2018;2018_159_56;avgiftsfri;1
1306;161/2018;2018_161_26;ärade;1
1306;161/2018;2018_161_26;talman;1
1306;161/2018;2018_161_26;tässä;5
1306;161/2018;2018_161_26;esityksessä;3
1306;161/2018;2018_161_26;on;18
1306;161/2018;2018_161_26;joitain;1
1306;161/2018;2018_161_26;hyviä;1
1306;161/2018;2018_161_26;asioita;1
1306;161/2018;2018_161_26;hyvä;2
1306;161/2018;2018_161_26;että;13
1306;161/2018;2018_161_26;tämän;4
1306;161/2018;2018_161_26;kautta;2
1306;161/2018;2018_161_26;saatavuusharkintaa;1
1306;161/2018;2018_161_26;helpotetaan;1
1306;161/2018;2018_161_26;alaikäisenä;1
1306;161/2018;2018_161_26;suomeen;1
1306;161/2018;2018_161_26;tulleen;2
1306;161/2018;2018_161_26;turvapaikanhakijan;1
1306;161/2018;2018_161_26;tilannetta;1
1306;161/2018;2018_161_26;myöskin;2
1306;161/2018;2018_161_26;parannetaan;1
1306;161/2018;2018_161_26;tietenkin;3
1306;161/2018;2018_161_26;ikävää;1
1306;161/2018;2018_161_26;tämä;5
1306;161/2018;2018_161_26;ei;6
1306;161/2018;2018_161_26;tullut;1
1306;161/2018;2018_161_26;hallituksen;1
1306;161/2018;2018_161_26;omasta;1
1306;161/2018;2018_161_26;tahdosta;1
1306;161/2018;2018_161_26;vaan;1
1306;161/2018;2018_161_26;sen;1
1306;161/2018;2018_161_26;eusta;1
1306;161/2018;2018_161_26;tuli;1
1306;161/2018;2018_161_26;noottia;1
1306;161/2018;2018_161_26;asian;1
1306;161/2018;2018_161_26;suhteen;1
1306;161/2018;2018_161_26;mutta;1
1306;161/2018;2018_161_26;huomattavan;2
1306;161/2018;2018_161_26;paljon;1
1306;161/2018;2018_161_26;ongelmia;2
1306;161/2018;2018_161_26;ole;2
1306;161/2018;2018_161_26;arvioitu;1
1306;161/2018;2018_161_26;ihmisoikeusvaikutuksia;1
1306;161/2018;2018_161_26;mitä;2
1306;161/2018;2018_161_26;tulisi;2
1306;161/2018;2018_161_26;tällaisessa;2
1306;161/2018;2018_161_26;asiassa;1
1306;161/2018;2018_161_26;ihmisoikeusvaltiossa;1
1306;161/2018;2018_161_26;tehdä;1
1306;161/2018;2018_161_26;sovelletaan;1
1306;161/2018;2018_161_26;eun;1
1306;161/2018;2018_161_26;menettelydirektiiviä;1
1306;161/2018;2018_161_26;tavalla;1
1306;161/2018;2018_161_26;joka;2
1306;161/2018;2018_161_26;vie;1
1306;161/2018;2018_161_26;suomen;3
1306;161/2018;2018_161_26;standardit;1
1306;161/2018;2018_161_26;niitten;1
1306;161/2018;2018_161_26;minimistandardien;1
1306;161/2018;2018_161_26;tasolle;1
1306;161/2018;2018_161_26;eli;2
1306;161/2018;2018_161_26;enempää;1
1306;161/2018;2018_161_26;vähempää;1
1306;161/2018;2018_161_26;kuin;2
1306;161/2018;2018_161_26;nimenomaan;2
1306;161/2018;2018_161_26;ne;2
1306;161/2018;2018_161_26;minimit;1
1306;161/2018;2018_161_26;ja;3
1306;161/2018;2018_161_26;sopii;1
1306;161/2018;2018_161_26;kysyä;1
1306;161/2018;2018_161_26;onko;1
1306;161/2018;2018_161_26;kannalta;1
1306;161/2018;2018_161_26;oikea;1
1306;161/2018;2018_161_26;linja;1
1306;161/2018;2018_161_26;me;5
1306;161/2018;2018_161_26;tiedämme;2
1306;161/2018;2018_161_26;jo;1
1306;161/2018;2018_161_26;nyt;2
1306;161/2018;2018_161_26;meillä;2
1306;161/2018;2018_161_26;turvapaikkaprosessien;1
1306;161/2018;2018_161_26;käsittelyn;1
1306;161/2018;2018_161_26;kanssa;1
1306;161/2018;2018_161_26;sisäministeriö;1
1306;161/2018;2018_161_26;myöntänyt;2
1306;161/2018;2018_161_26;korkein;1
1306;161/2018;2018_161_26;hallinto-oikeus;1
1306;161/2018;2018_161_26;asianajajien;1
1306;161/2018;2018_161_26;toteama;1
1306;161/2018;2018_161_26;asia;1
1306;161/2018;2018_161_26;tästä;1
1306;161/2018;2018_161_26;tehdään;2
1306;161/2018;2018_161_26;selvitystä;1
1306;161/2018;2018_161_26;parhaillaan;1
1306;161/2018;2018_161_26;vuonna;2
1306;161/2018;2018_161_26;tehdyt;1
1306;161/2018;2018_161_26;heikennykset;1
1306;161/2018;2018_161_26;ovat;2
1306;161/2018;2018_161_26;ihmisoikeustilannetta;1
1306;161/2018;2018_161_26;tasavertaisuutta;1
1306;161/2018;2018_161_26;loukanneet;1
1306;161/2018;2018_161_26;heikentäneet;1
1306;161/2018;2018_161_26;siitä;5
1306;161/2018;2018_161_26;huolimatta;3
1306;161/2018;2018_161_26;muutos;1
1306;161/2018;2018_161_26;asiantuntija-arvioiden;1
1306;161/2018;2018_161_26;mukaan;3
1306;161/2018;2018_161_26;heikentää;1
1306;161/2018;2018_161_26;oikeusturvaa;6
1306;161/2018;2018_161_26;vaarantaa;3
1306;161/2018;2018_161_26;ehdotonta;1
1306;161/2018;2018_161_26;palautuskieltoa;1
1306;161/2018;2018_161_26;kysymys;1
1306;161/2018;2018_161_26;haluammeko;2
1306;161/2018;2018_161_26;tällaista;1
1306;161/2018;2018_161_26;muutosta;1
1306;161/2018;2018_161_26;tilanteessa;1
1306;161/2018;2018_161_26;jossa;1
1306;161/2018;2018_161_26;järjestelmän;1
1306;161/2018;2018_161_26;ongelmat;1
1306;161/2018;2018_161_26;ilmeiset;1
1306;161/2018;2018_161_26;tunnustettu;1
1306;161/2018;2018_161_26;toisin;1
1306;161/2018;2018_161_26;edustaja;1
1306;161/2018;2018_161_26;eerola;1
1306;161/2018;2018_161_26;totesi;1
1306;161/2018;2018_161_26;niin;3
1306;161/2018;2018_161_26;saadun;2
1306;161/2018;2018_161_26;selvityksen;2
1306;161/2018;2018_161_26;suuri;1
1306;161/2018;2018_161_26;määrä;2
1306;161/2018;2018_161_26;uusintahakemuksia;3
1306;161/2018;2018_161_26;johtuu;2
1306;161/2018;2018_161_26;menettelyjä;1
1306;161/2018;2018_161_26;heikennetty;1
1306;161/2018;2018_161_26;kaikilla;1
1306;161/2018;2018_161_26;oikeutta;1
1306;161/2018;2018_161_26;avustajaan;1
1306;161/2018;2018_161_26;prosessin;1
1306;161/2018;2018_161_26;alkuvaiheessa;1
1306;161/2018;2018_161_26;selvityksestä;1
1306;161/2018;2018_161_26;ilmenee;1
1306;161/2018;2018_161_26;se;2
1306;161/2018;2018_161_26;suurimmassa;1
1306;161/2018;2018_161_26;määrin;1
1306;161/2018;2018_161_26;oli;1
1306;161/2018;2018_161_26;kymmeniätuhansia;1
1306;161/2018;2018_161_26;hakemuksia;1
1306;161/2018;2018_161_26;vuosina;1
1306;161/2018;2018_161_26;tänä;1
1306;161/2018;2018_161_26;niitä;1
1306;161/2018;2018_161_26;muutama;1
1306;161/2018;2018_161_26;tuhat;1
1306;161/2018;2018_161_26;selvä;1
1306;161/2018;2018_161_26;uusintahakemusten;1
1306;161/2018;2018_161_26;silloin;2
1306;161/2018;2018_161_26;iso;1
1306;161/2018;2018_161_26;toisia;1
1306;161/2018;2018_161_26;vähän;1
1306;161/2018;2018_161_26;kolmansia;1
1306;161/2018;2018_161_26;vielä;1
1306;161/2018;2018_161_26;vähemmän;1
1306;161/2018;2018_161_26;oleellista;1
1306;161/2018;2018_161_26;jos;3
1306;161/2018;2018_161_26;huomaamme;1
1306;161/2018;2018_161_26;esityksen;1
1306;161/2018;2018_161_26;todetaan;1
1306;161/2018;2018_161_26;vaarantavan;1
1306;161/2018;2018_161_26;reagoimme;1
1306;161/2018;2018_161_26;siihen;1
1306;161/2018;2018_161_26;joku;1
1306;161/2018;2018_161_26;esitys;1
1306;161/2018;2018_161_26;edustajan;1
1306;161/2018;2018_161_26;äidin;1
1306;161/2018;2018_161_26;ystävän;1
1306;161/2018;2018_161_26;veljen;1
1306;161/2018;2018_161_26;siskon;1
1306;161/2018;2018_161_26;emme;1
1306;161/2018;2018_161_26;sellaista;2
1306;161/2018;2018_161_26;halua;1
1306;161/2018;2018_161_26;tänne;1
1306;161/2018;2018_161_26;ulkomaalaisen;1
1306;161/2018;2018_161_26;sellaistakaan;1
1306;161/2018;2018_161_26;esitystä;2
1306;161/2018;2018_161_26;mielestäni;2
1306;161/2018;2018_161_26;oikeusvaltiossa;1
1306;161/2018;2018_161_26;viedä;1
1306;161/2018;2018_161_26;eteenpäin;1
1306;161/2018;2018_161_26;hyväksyttäneen;2
1306;161/2018;2018_161_26;muun;1
1306;161/2018;2018_161_26;muassa;1
1306;161/2018;2018_161_26;demareiden;1
1306;161/2018;2018_161_26;äänillä;1
1306;161/2018;2018_161_26;mikä;1
1306;161/2018;2018_161_26;minun;1
1306;161/2018;2018_161_26;valitettavaa;1
1306;161/2018;2018_161_32;ärade;1
1306;161/2018;2018_161_32;talman;1
1306;161/2018;2018_161_32;siis;2
1306;161/2018;2018_161_32;tässä;1
1306;161/2018;2018_161_32;esityksessä;1
1306;161/2018;2018_161_32;on;7
1306;161/2018;2018_161_32;ongelmallista;1
1306;161/2018;2018_161_32;esimerkiksi;1
1306;161/2018;2018_161_32;se;5
1306;161/2018;2018_161_32;suunnaton;1
1306;161/2018;2018_161_32;epämääräisyys;1
1306;161/2018;2018_161_32;joka;2
1306;161/2018;2018_161_32;liittyy;1
1306;161/2018;2018_161_32;siihen;2
1306;161/2018;2018_161_32;että;7
1306;161/2018;2018_161_32;arvioidaan;2
1306;161/2018;2018_161_32;onko;2
1306;161/2018;2018_161_32;uusintahakemus;1
1306;161/2018;2018_161_32;tehty;1
1306;161/2018;2018_161_32;ilmeisessä;1
1306;161/2018;2018_161_32;tarkoituksessa;1
1306;161/2018;2018_161_32;viivästyttää;1
1306;161/2018;2018_161_32;asiaa;1
1306;161/2018;2018_161_32;kun;1
1306;161/2018;2018_161_32;tästä;2
1306;161/2018;2018_161_32;kysyttiin;1
1306;161/2018;2018_161_32;valiokunnassa;1
1306;161/2018;2018_161_32;niin;6
1306;161/2018;2018_161_32;ei;5
1306;161/2018;2018_161_32;kukaan;1
1306;161/2018;2018_161_32;pystynyt;1
1306;161/2018;2018_161_32;vastaamaan;1
1306;161/2018;2018_161_32;miten;2
1306;161/2018;2018_161_32;tämä;2
1306;161/2018;2018_161_32;todetaan;1
1306;161/2018;2018_161_32;ajallinen;1
1306;161/2018;2018_161_32;asia;2
1306;161/2018;2018_161_32;minkälaisin;1
1306;161/2018;2018_161_32;objektiivisin;1
1306;161/2018;2018_161_32;perustein;1
1306;161/2018;2018_161_32;ja;8
1306;161/2018;2018_161_32;tekee;1
1306;161/2018;2018_161_32;epämääräisen;1
1306;161/2018;2018_161_32;ongelmallisen;1
1306;161/2018;2018_161_32;esityksen;1
1306;161/2018;2018_161_32;edustaja;5
1306;161/2018;2018_161_32;räsänen;3
1306;161/2018;2018_161_32;totesi;2
1306;161/2018;2018_161_32;pitää;4
1306;161/2018;2018_161_32;tietenkin;1
1306;161/2018;2018_161_32;ohjata;1
1306;161/2018;2018_161_32;kaikki;1
1306;161/2018;2018_161_32;sanotaan;1
1306;161/2018;2018_161_32;mahdollisimman;3
1306;161/2018;2018_161_32;aikaisessa;2
1306;161/2018;2018_161_32;vaiheessa;2
1306;161/2018;2018_161_32;näinhän;1
1306;161/2018;2018_161_32;sehän;1
1306;161/2018;2018_161_32;aivan;1
1306;161/2018;2018_161_32;selvä;1
1306;161/2018;2018_161_32;ideaalitilanteessa;1
1306;161/2018;2018_161_32;näin;1
1306;161/2018;2018_161_32;tehtäisiin;1
1306;161/2018;2018_161_32;mutta;2
1306;161/2018;2018_161_32;ihan;1
1306;161/2018;2018_161_32;kuin;1
1306;161/2018;2018_161_32;aikaisemmin;1
1306;161/2018;2018_161_32;vuoden;1
1306;161/2018;2018_161_32;muutokset;2
1306;161/2018;2018_161_32;ovat;4
1306;161/2018;2018_161_32;nimenomaan;1
1306;161/2018;2018_161_32;vaarantaneet;1
1306;161/2018;2018_161_32;tämän;1
1306;161/2018;2018_161_32;asian;1
1306;161/2018;2018_161_32;eli;1
1306;161/2018;2018_161_32;jos;2
1306;161/2018;2018_161_32;me;1
1306;161/2018;2018_161_32;haluamme;1
1306;161/2018;2018_161_32;ajaa;1
1306;161/2018;2018_161_32;sitä;1
1306;161/2018;2018_161_32;mitä;2
1306;161/2018;2018_161_32;kopra;1
1306;161/2018;2018_161_32;totesivat;1
1306;161/2018;2018_161_32;tuodaan;1
1306;161/2018;2018_161_32;täydelliset;2
1306;161/2018;2018_161_32;selvitykset;1
1306;161/2018;2018_161_32;siitä;1
1306;161/2018;2018_161_32;mitkä;1
1306;161/2018;2018_161_32;perusteet;1
1306;161/2018;2018_161_32;silloin;3
1306;161/2018;2018_161_32;ilmiselvää;1
1306;161/2018;2018_161_32;pitäisi;1
1306;161/2018;2018_161_32;taata;1
1306;161/2018;2018_161_32;avustaja;1
1306;161/2018;2018_161_32;jokaiselle;1
1306;161/2018;2018_161_32;jotta;1
1306;161/2018;2018_161_32;varmuudella;1
1306;161/2018;2018_161_32;saataisiin;1
1306;161/2018;2018_161_32;viesti;1
1306;161/2018;2018_161_32;tuotua;1
1306;161/2018;2018_161_32;perille;1
1306;161/2018;2018_161_32;asti;1
1306;161/2018;2018_161_32;minun;1
1306;161/2018;2018_161_32;mielestäni;1
1306;161/2018;2018_161_32;nämä;2
1306;161/2018;2018_161_32;asiat;1
1306;161/2018;2018_161_32;kytkeytyvät;1
1306;161/2018;2018_161_32;toisiinsa;1
1306;161/2018;2018_161_32;meillä;2
1306;161/2018;2018_161_32;hyvät;1
1306;161/2018;2018_161_32;prosessit;2
1306;161/2018;2018_161_32;tällaiset;1
1306;161/2018;2018_161_32;vähemmän;1
1306;161/2018;2018_161_32;ongelmallisia;2
1306;161/2018;2018_161_32;koska;1
1306;161/2018;2018_161_32;osittain;1
1306;161/2018;2018_161_32;heikentyneet;1
1306;161/2018;2018_161_32;laajasti;1
1306;161/2018;2018_161_32;tunnustettu;1
1306;161/2018;2018_161_32;pidä;2
1306;161/2018;2018_161_32;lähteä;1
1306;161/2018;2018_161_32;tekemään;1
1306;161/2018;2018_161_32;muutoksia;1
1306;161/2018;2018_161_32;jotka;1
1306;161/2018;2018_161_32;vaarantavat;1
1306;161/2018;2018_161_32;oikeusturvaa;1
1306;161/2018;2018_161_32;ihmisoikeuksien;1
1306;161/2018;2018_161_32;näkökulmasta;1
1306;161/2018;2018_161_32;asiantuntija-arvioiden;2
1306;161/2018;2018_161_32;mukaan;3
1306;161/2018;2018_161_32;nyt;2
1306;161/2018;2018_161_32;adlercreutzin;1
1306;161/2018;2018_161_32;vaan;1
1306;161/2018;2018_161_32;kyllä;1
1306;161/2018;2018_161_32;yhteydet;1
1306;161/2018;2018_161_32;nähdä;1
1306;161/2018;2018_161_32;ne;1
1306;161/2018;2018_161_32;tunnistaa;1
1306;161/2018;2018_161_32;toimia;1
1306;161/2018;2018_161_32;vastuullisesti;1
1306;161/2018;2018_161_32;niitten;1
1306;161/2018;2018_161_32;johtopäätösten;1
1306;161/2018;2018_161_32;mukaisesti;1
1306;161/2018;2018_161_32;tulee;1
1306;161/2018;2018_161_32;vetovoimatekijöihin;2
1306;161/2018;2018_161_32;sellainen;1
1306;161/2018;2018_161_32;vetovoimatekijä;1
1306;161/2018;2018_161_32;perustellaan;1
1306;161/2018;2018_161_32;sillä;1
1306;161/2018;2018_161_32;suomeen;1
1306;161/2018;2018_161_32;olisi;1
1306;161/2018;2018_161_32;jotenkin;1
1306;161/2018;2018_161_32;houkutteleva;1
1306;161/2018;2018_161_32;tulla;1
1306;161/2018;2018_161_32;värjötellä;1
1306;161/2018;2018_161_32;talvessa;1
1306;161/2018;2018_161_32;jossain;1
1306;161/2018;2018_161_32;suojassa;1
1306;161/2018;2018_161_32;yhteiskunnan;1
1306;161/2018;2018_161_32;ulkopuolella;1
1306;161/2018;2018_161_32;ilman;2
1306;161/2018;2018_161_32;rahaa;1
1306;161/2018;2018_161_32;mitään;1
1306;161/2018;2018_161_32;kauhean;1
1306;161/2018;2018_161_32;vetovoimaiselta;1
1306;161/2018;2018_161_32;tunnu;1
1306;161/2018;2018_161_32;minusta;1
1306;161/2018;2018_161_32;tuntuu;1
1306;161/2018;2018_161_32;näitä;1
1306;161/2018;2018_161_32;asioita;1
1306;161/2018;2018_161_32;sekoittaa;1
1306;161/2018;2018_161_37;ärade;1
1306;161/2018;2018_161_37;talman;1
1306;161/2018;2018_161_37;siis;1
1306;161/2018;2018_161_37;mehän;1
1306;161/2018;2018_161_37;puhumme;1
1306;161/2018;2018_161_37;tässä;5
1306;161/2018;2018_161_37;nyt;3
1306;161/2018;2018_161_37;esityksestä;1
1306;161/2018;2018_161_37;jossa;1
1306;161/2018;2018_161_37;hallitus;2
1306;161/2018;2018_161_37;yrittää;1
1306;161/2018;2018_161_37;korjata;2
1306;161/2018;2018_161_37;ongelman;1
1306;161/2018;2018_161_37;jonka;1
1306;161/2018;2018_161_37;se;4
1306;161/2018;2018_161_37;on;10
1306;161/2018;2018_161_37;itse;2
1306;161/2018;2018_161_37;pitkälti;1
1306;161/2018;2018_161_37;synnyttänyt;1
1306;161/2018;2018_161_37;sen;3
1306;161/2018;2018_161_37;myötä;1
1306;161/2018;2018_161_37;että;3
1306;161/2018;2018_161_37;lähti;1
1306;161/2018;2018_161_37;toteuttamaan;1
1306;161/2018;2018_161_37;järjelle;1
1306;161/2018;2018_161_37;vierasta;1
1306;161/2018;2018_161_37;politiikkaa;1
1306;161/2018;2018_161_37;vuonna;1
1306;161/2018;2018_161_37;erilaisin;1
1306;161/2018;2018_161_37;laastarein;1
1306;161/2018;2018_161_37;kömpelönpuoleisesti;1
1306;161/2018;2018_161_37;asiaa;2
1306;161/2018;2018_161_37;yritetään;1
1306;161/2018;2018_161_37;ja;8
1306;161/2018;2018_161_37;luodaan;1
1306;161/2018;2018_161_37;kautta;1
1306;161/2018;2018_161_37;lisää;1
1306;161/2018;2018_161_37;ongelmia;1
1306;161/2018;2018_161_37;jotka;2
1306;161/2018;2018_161_37;suomen;1
1306;161/2018;2018_161_37;kaltaisessa;1
1306;161/2018;2018_161_37;ihmisoikeuksia;1
1306;161/2018;2018_161_37;oikeusturvaa;1
1306;161/2018;2018_161_37;kunnioittavassa;1
1306;161/2018;2018_161_37;valtiossa;1
1306;161/2018;2018_161_37;pitäisi;2
1306;161/2018;2018_161_37;tunnustaa;1
1306;161/2018;2018_161_37;vetovoimatekijöistä;1
1306;161/2018;2018_161_37;minä;1
1306;161/2018;2018_161_37;asun;1
1306;161/2018;2018_161_37;mielelläni;2
1306;161/2018;2018_161_37;vetovoimaisessa;1
1306;161/2018;2018_161_37;maassa;2
1306;161/2018;2018_161_37;jos;1
1306;161/2018;2018_161_37;joku;2
1306;161/2018;2018_161_37;katsoo;1
1306;161/2018;2018_161_37;toisella;1
1306;161/2018;2018_161_37;tavalla;3
1306;161/2018;2018_161_37;niin;4
1306;161/2018;2018_161_37;tietenkin;4
1306;161/2018;2018_161_37;pitää;1
1306;161/2018;2018_161_37;sitten;3
1306;161/2018;2018_161_37;vain;1
1306;161/2018;2018_161_37;hyväksyä;1
1306;161/2018;2018_161_37;sekin;1
1306;161/2018;2018_161_37;tosiasia;1
1306;161/2018;2018_161_37;mikä;1
1306;161/2018;2018_161_37;maahanmuuton;1
1306;161/2018;2018_161_37;suhteen;1
1306;161/2018;2018_161_37;vetovoimatekijä;2
1306;161/2018;2018_161_37;joutuu;1
1306;161/2018;2018_161_37;kyllä;1
1306;161/2018;2018_161_37;hakemalla;1
1306;161/2018;2018_161_37;hakemaan;1
1306;161/2018;2018_161_37;sellaista;1
1306;161/2018;2018_161_37;tieteellistä;1
1306;161/2018;2018_161_37;tutkimusta;1
1306;161/2018;2018_161_37;joka;2
1306;161/2018;2018_161_37;tunnustaisi;1
1306;161/2018;2018_161_37;esimerkiksi;1
1306;161/2018;2018_161_37;edustaja;1
1306;161/2018;2018_161_37;immosen;1
1306;161/2018;2018_161_37;esille;1
1306;161/2018;2018_161_37;nostaman;1
1306;161/2018;2018_161_37;asian;1
1306;161/2018;2018_161_37;ei;2
1306;161/2018;2018_161_37;asioita;2
1306;161/2018;2018_161_37;siltä;1
1306;161/2018;2018_161_37;pohjalta;1
1306;161/2018;2018_161_37;ajatella;1
1306;161/2018;2018_161_37;asuuko;1
1306;161/2018;2018_161_37;oman;1
1306;161/2018;2018_161_37;taustan;1
1306;161/2018;2018_161_37;omaavia;1
1306;161/2018;2018_161_37;ihmisiä;1
1306;161/2018;2018_161_37;varmaan;1
1306;161/2018;2018_161_37;siksihän;1
1306;161/2018;2018_161_37;suomeen;1
1306;161/2018;2018_161_37;tullut;2
1306;161/2018;2018_161_37;erityisen;1
1306;161/2018;2018_161_37;paljon;1
1306;161/2018;2018_161_37;irakilaisia;1
1306;161/2018;2018_161_37;syyrialaisia;1
1306;161/2018;2018_161_37;enemmän;1
1306;161/2018;2018_161_37;ruotsiin;1
1306;161/2018;2018_161_37;nämä;1
1306;161/2018;2018_161_37;ovat;2
1306;161/2018;2018_161_37;ihan;1
1306;161/2018;2018_161_37;todellisia;1
1306;161/2018;2018_161_37;mutta;1
1306;161/2018;2018_161_37;näitä;1
1306;161/2018;2018_161_37;vastaan;1
1306;161/2018;2018_161_37;oikein;1
1306;161/2018;2018_161_37;voi;1
1306;161/2018;2018_161_37;taistella;1
1306;161/2018;2018_161_37;mitä;1
1306;161/2018;2018_161_37;meidän;1
1306;161/2018;2018_161_37;sijaan;1
1306;161/2018;2018_161_37;tehdä;1
1306;161/2018;2018_161_37;kun;1
1306;161/2018;2018_161_37;tänne;1
1306;161/2018;2018_161_37;tulee;1
1306;161/2018;2018_161_37;katsoa;1
1306;161/2018;2018_161_37;miten;1
1306;161/2018;2018_161_37;kotouttaminen;1
1306;161/2018;2018_161_37;hoidetaan;1
1306;161/2018;2018_161_37;parhaalla;1
1306;161/2018;2018_161_37;mahdollisella;1
1306;161/2018;2018_161_37;siinä;1
1306;161/2018;2018_161_37;asiassa;2
1306;161/2018;2018_161_37;kiitettävästi;1
1306;161/2018;2018_161_37;parantanut;1
1306;161/2018;2018_161_37;tahtiaan;1
1306;161/2018;2018_161_37;loppukautta;1
1306;161/2018;2018_161_37;kohden;1
1306;161/2018;2018_161_37;ne;2
1306;161/2018;2018_161_37;ennakkoasenteet;1
1306;161/2018;2018_161_37;olivat;1
1306;161/2018;2018_161_37;vielä;1
1306;161/2018;2018_161_37;voimassa;1
1306;161/2018;2018_161_37;hallituksen;1
1306;161/2018;2018_161_37;alkutaipaleella;1
1306;161/2018;2018_161_37;onneksi;1
1306;161/2018;2018_161_37;näiltä;1
1306;161/2018;2018_161_37;osin;1
1306;161/2018;2018_161_37;hävinneet;1
1306;161/2018;2018_161_37;hyvä;2
1306;161/2018;2018_161_37;koska;1
1306;161/2018;2018_161_37;hyvästä;1
1306;161/2018;2018_161_37;kotouttamisesta;1
1306;161/2018;2018_161_37;kaikki;1
1306;161/2018;2018_161_37;lähtee;1
1306;161/2018;2018_161_37;tästä;1
1306;161/2018;2018_161_37;huolimatta;1
1306;161/2018;2018_161_37;nostaisin;1
1306;161/2018;2018_161_37;kuitenkin;1
1306;161/2018;2018_161_37;esiin;1
1306;161/2018;2018_161_37;myöskin;1
1306;161/2018;2018_161_37;hyvät;1
1306;161/2018;2018_161_37;asiat;1
1306;161/2018;2018_161_37;joita;1
1306;161/2018;2018_161_37;eittämättä;1
1306;161/2018;2018_161_37;muun;1
1306;161/2018;2018_161_37;muassa;1
1306;161/2018;2018_161_37;saatavuusharkinnan;1
1306;161/2018;2018_161_37;keventäminen;1
1306;161/2018;2018_161_37;ollut;1
1306;161/2018;2018_161_37;pitkä;1
1306;161/2018;2018_161_37;polku;1
1306;161/2018;2018_161_37;hallitukselle;1
1306;161/2018;2018_161_37;siihen;1
1306;161/2018;2018_161_37;uskallettu;1
1306;161/2018;2018_161_37;lähteä;1
1306;161/2018;2018_161_37;tosiaankin;1
1306;161/2018;2018_161_37;alaikäisten;1
1306;161/2018;2018_161_37;asemaa;1
1306;161/2018;2018_161_37;uskalletaan;1
1306;161/2018;2018_161_37;parantaa;1
1306;161/2018;2018_161_37;kansainvälisten;1
1306;161/2018;2018_161_37;ihmisoikeusperiaatteiden;1
1306;161/2018;2018_161_37;mukaista;1
1306;162/2018;2018_162_10;arvoisa;1
1306;162/2018;2018_162_10;puhemies;1
1306;162/2018;2018_162_10;ärade;1
1306;162/2018;2018_162_10;talman;1
1306;162/2018;2018_162_10;kannatan;1
1306;162/2018;2018_162_13;arvoisa;1
1306;162/2018;2018_162_13;puhemies;1
1306;162/2018;2018_162_13;kannatan;1
1306;162/2018;2018_162_16;arvoisa;1
1306;162/2018;2018_162_16;puhemies;1
1306;162/2018;2018_162_16;kannatan;1
1306;162/2018;2018_162_19;arvoisa;1
1306;162/2018;2018_162_19;puhemies;1
1306;162/2018;2018_162_19;kannatan;1
1306;162/2018;2018_162_22;arvoisa;1
1306;162/2018;2018_162_22;puhemies;1
1306;162/2018;2018_162_22;kannatan;1
1306;162/2018;2018_162_25;arvoisa;1
1306;162/2018;2018_162_25;puhemies;1
1306;162/2018;2018_162_25;kannatan;1
1306;162/2018;2018_162_39;ärade;1
1306;162/2018;2018_162_39;talman;1
1306;162/2018;2018_162_39;ajatus;1
1306;162/2018;2018_162_39;markkinapaikasta;1
1306;162/2018;2018_162_39;on;10
1306;162/2018;2018_162_39;hyvä;1
1306;162/2018;2018_162_39;ihan;3
1306;162/2018;2018_162_39;niin;2
1306;162/2018;2018_162_39;kuin;2
1306;162/2018;2018_162_39;edustaja;2
1306;162/2018;2018_162_39;hassi;1
1306;162/2018;2018_162_39;tuossa;1
1306;162/2018;2018_162_39;sanoi;1
1306;162/2018;2018_162_39;mutta;2
1306;162/2018;2018_162_39;tämä;5
1306;162/2018;2018_162_39;toteutus;1
1306;162/2018;2018_162_39;ei;2
1306;162/2018;2018_162_39;nyt;1
1306;162/2018;2018_162_39;valitettavasti;1
1306;162/2018;2018_162_39;vie;1
1306;162/2018;2018_162_39;meitä;1
1306;162/2018;2018_162_39;eteenpäin;1
1306;162/2018;2018_162_39;modig;1
1306;162/2018;2018_162_39;totesi;1
1306;162/2018;2018_162_39;päivän;1
1306;162/2018;2018_162_39;aikaraja;1
1306;162/2018;2018_162_39;ongelmallinen;2
1306;162/2018;2018_162_39;määrällinen;1
1306;162/2018;2018_162_39;mittari;1
1306;162/2018;2018_162_39;tietenkin;2
1306;162/2018;2018_162_39;paljon;1
1306;162/2018;2018_162_39;riippuu;1
1306;162/2018;2018_162_39;siitä;2
1306;162/2018;2018_162_39;miten;4
1306;162/2018;2018_162_39;nämä;1
1306;162/2018;2018_162_39;käytännössä;2
1306;162/2018;2018_162_39;lähtevät;1
1306;162/2018;2018_162_39;toteutumaan;1
1306;162/2018;2018_162_39;se;3
1306;162/2018;2018_162_39;henkilökunta;1
1306;162/2018;2018_162_39;joka;1
1306;162/2018;2018_162_39;siellä;1
1306;162/2018;2018_162_39;asemalla;1
1306;162/2018;2018_162_39;ottamassa;1
1306;162/2018;2018_162_39;näitä;3
1306;162/2018;2018_162_39;vastaan;1
1306;162/2018;2018_162_39;toimii;1
1306;162/2018;2018_162_39;tämän;1
1306;162/2018;2018_162_39;lain;1
1306;162/2018;2018_162_39;puitteissa;1
1306;162/2018;2018_162_39;isossa;1
1306;162/2018;2018_162_39;kuvassa;1
1306;162/2018;2018_162_39;suomen;1
1306;162/2018;2018_162_39;kierrätystavoite;1
1306;162/2018;2018_162_39;ensi;1
1306;162/2018;2018_162_39;vuodelle;2
1306;162/2018;2018_162_39;prosenttia;2
1306;162/2018;2018_162_39;siihen;1
1306;162/2018;2018_162_39;me;1
1306;162/2018;2018_162_39;emme;1
1306;162/2018;2018_162_39;tule;1
1306;162/2018;2018_162_39;pääsemään;1
1306;162/2018;2018_162_39;ja;2
1306;162/2018;2018_162_39;taitaa;1
1306;162/2018;2018_162_39;olla;1
1306;162/2018;2018_162_39;euroopan;1
1306;162/2018;2018_162_39;tasolla;1
1306;162/2018;2018_162_39;komission;1
1306;162/2018;2018_162_39;ehdotuksessa;1
1306;162/2018;2018_162_39;ongelma;1
1306;162/2018;2018_162_39;suomessa;1
1306;162/2018;2018_162_39;tällä;2
1306;162/2018;2018_162_39;hetkellä;2
1306;162/2018;2018_162_39;että;3
1306;162/2018;2018_162_39;pisteitä;1
1306;162/2018;2018_162_39;liian;1
1306;162/2018;2018_162_39;vähän;1
1306;162/2018;2018_162_39;rinki-pisteitä;1
1306;162/2018;2018_162_39;rajattu;1
1306;162/2018;2018_162_39;turhan;1
1306;162/2018;2018_162_39;alas;1
1306;162/2018;2018_162_39;sortti-asemia;1
1306;162/2018;2018_162_39;niukasti;1
1306;162/2018;2018_162_39;osittain;1
1306;162/2018;2018_162_39;kuntien;2
1306;162/2018;2018_162_39;päätäntävallassa;1
1306;162/2018;2018_162_39;kaavoitetaan;1
1306;162/2018;2018_162_39;sijoitetaan;1
1306;162/2018;2018_162_39;tähän;1
1306;162/2018;2018_162_39;tulisi;1
1306;162/2018;2018_162_39;keskittää;1
1306;162/2018;2018_162_39;huomiota;1
1306;162/2018;2018_162_39;kuten;1
1306;162/2018;2018_162_39;siihenkin;1
1306;162/2018;2018_162_39;nimenomaan;1
1306;162/2018;2018_162_39;pitäisi;2
1306;162/2018;2018_162_39;raportoida;1
1306;162/2018;2018_162_39;kierrätysasteesta;1
1306;162/2018;2018_162_39;heidän;1
1306;162/2018;2018_162_39;ottaa;1
1306;162/2018;2018_162_39;vastuuta;1
1306;162/2018;2018_162_39;kierrätysasteen;1
1306;162/2018;2018_162_39;nostamiselle;1
1306;162/2018;2018_162_39;asetetaan;1
1306;162/2018;2018_162_39;tavoitteita;1
1306;162/2018;2018_162_39;ryhdytään;1
1306;162/2018;2018_162_39;toimiin;1
1306;162/2018;2018_162_39;jotta;1
1306;162/2018;2018_162_39;nousisi;1
1306;162/2018;2018_162_39;ole;1
1306;162/2018;2018_162_39;kenenkään;1
1306;162/2018;2018_162_39;vastuulla;1
1306;162/2018;2018_162_77;ärade;1
1306;162/2018;2018_162_77;talman;1
1306;162/2018;2018_162_77;on;9
1306;162/2018;2018_162_77;hyvä;2
1306;162/2018;2018_162_77;asia;1
1306;162/2018;2018_162_77;että;8
1306;162/2018;2018_162_77;tämä;3
1306;162/2018;2018_162_77;laki;1
1306;162/2018;2018_162_77;nyt;3
1306;162/2018;2018_162_77;säädetään;1
1306;162/2018;2018_162_77;osaamme;1
1306;162/2018;2018_162_77;tehdä;1
1306;162/2018;2018_162_77;oikeita;1
1306;162/2018;2018_162_77;päätöksiä;1
1306;162/2018;2018_162_77;oikeaan;1
1306;162/2018;2018_162_77;aikaan;1
1306;162/2018;2018_162_77;suomi;1
1306;162/2018;2018_162_77;uskaltaa;1
1306;162/2018;2018_162_77;olla;2
1306;162/2018;2018_162_77;tässä;1
1306;162/2018;2018_162_77;asiassa;1
1306;162/2018;2018_162_77;edelläkävijä;1
1306;162/2018;2018_162_77;tietenkään;1
1306;162/2018;2018_162_77;koko;2
1306;162/2018;2018_162_77;ilmasto-ongelma;1
1306;162/2018;2018_162_77;ei;1
1306;162/2018;2018_162_77;tällä;1
1306;162/2018;2018_162_77;päätöksellä;1
1306;162/2018;2018_162_77;ratkea;1
1306;162/2018;2018_162_77;vaan;1
1306;162/2018;2018_162_77;paljon;1
1306;162/2018;2018_162_77;muutakin;1
1306;162/2018;2018_162_77;tehtävissä;1
1306;162/2018;2018_162_77;mutta;3
1306;162/2018;2018_162_77;se;4
1306;162/2018;2018_162_77;esimerkiksi;1
1306;162/2018;2018_162_77;kivihiilestä;2
1306;162/2018;2018_162_77;luovutaan;1
1306;162/2018;2018_162_77;tarjoaa;2
1306;162/2018;2018_162_77;suomalaisille;1
1306;162/2018;2018_162_77;yrityksille;1
1306;162/2018;2018_162_77;hyvät;2
1306;162/2018;2018_162_77;sisämarkkinat;2
1306;162/2018;2018_162_77;joilla;2
1306;162/2018;2018_162_77;kehittää;1
1306;162/2018;2018_162_77;puhtaita;1
1306;162/2018;2018_162_77;tuotteita;1
1306;162/2018;2018_162_77;tai;1
1306;162/2018;2018_162_77;cleantech-sektorille;1
1306;162/2018;2018_162_77;kasvaa;1
1306;162/2018;2018_162_77;ja;7
1306;162/2018;2018_162_77;joilta;1
1306;162/2018;2018_162_77;sitten;1
1306;162/2018;2018_162_77;ponnistaa;1
1306;162/2018;2018_162_77;ulkomaille;1
1306;162/2018;2018_162_77;käynnistää;1
1306;162/2018;2018_162_77;vientiä;1
1306;162/2018;2018_162_77;cleantech-sektori;1
1306;162/2018;2018_162_77;puhtaan;1
1306;162/2018;2018_162_77;energian;1
1306;162/2018;2018_162_77;sektori;2
1306;162/2018;2018_162_77;puhtaiden;1
1306;162/2018;2018_162_77;ratkaisujen;1
1306;162/2018;2018_162_77;pomminvarmasti;1
1306;162/2018;2018_162_77;kasvava;1
1306;162/2018;2018_162_77;markkina;1
1306;162/2018;2018_162_77;tulevaisuudessa;1
1306;162/2018;2018_162_77;olisi;4
1306;162/2018;2018_162_77;suorastaan;1
1306;162/2018;2018_162_77;tyhmää;1
1306;162/2018;2018_162_77;rakentamatta;1
1306;162/2018;2018_162_77;sellaisia;1
1306;162/2018;2018_162_77;olosuhteita;1
1306;162/2018;2018_162_77;suomessa;1
1306;162/2018;2018_162_77;näillä;1
1306;162/2018;2018_162_77;parhaat;1
1306;162/2018;2018_162_77;mahdolliset;1
1306;162/2018;2018_162_77;edellytykset;1
1306;162/2018;2018_162_77;toimia;1
1306;162/2018;2018_162_77;no;1
1306;162/2018;2018_162_77;mitä;3
1306;162/2018;2018_162_77;haasteita;1
1306;162/2018;2018_162_77;luo;1
1306;162/2018;2018_162_77;tarkoittaa;1
1306;162/2018;2018_162_77;helsingin;1
1306;162/2018;2018_162_77;pitää;2
1306;162/2018;2018_162_77;tietenkin;2
1306;162/2018;2018_162_77;panostaa;2
1306;162/2018;2018_162_77;lämpöpumppuihin;1
1306;162/2018;2018_162_77;varastointiratkaisuihin;1
1306;162/2018;2018_162_77;näille;1
1306;162/2018;2018_162_77;kaikille;1
1306;162/2018;2018_162_77;toimille;1
1306;162/2018;2018_162_77;tiekartta;1
1306;162/2018;2018_162_77;olemassa;1
1306;162/2018;2018_162_77;ne;1
1306;162/2018;2018_162_77;haasteet;1
1306;162/2018;2018_162_77;varmaan;1
1306;162/2018;2018_162_77;ratkeavat;1
1306;162/2018;2018_162_77;kokonaisuudessaan;1
1306;162/2018;2018_162_77;kun;2
1306;162/2018;2018_162_77;katsoo;1
1306;162/2018;2018_162_77;suomen;1
1306;162/2018;2018_162_77;hiilijalanjälkeä;2
1306;162/2018;2018_162_77;niin;1
1306;162/2018;2018_162_77;iso;1
1306;162/2018;2018_162_77;osa;1
1306;162/2018;2018_162_77;siitä;1
1306;162/2018;2018_162_77;me;3
1306;162/2018;2018_162_77;teemme;1
1306;162/2018;2018_162_77;täällä;1
1306;162/2018;2018_162_77;mikä;1
1306;162/2018;2018_162_77;usein;1
1306;162/2018;2018_162_77;unohtuu;1
1306;162/2018;2018_162_77;vaikutusta;1
1306;162/2018;2018_162_77;myöskin;1
1306;162/2018;2018_162_77;sillä;2
1306;162/2018;2018_162_77;tuomme;1
1306;162/2018;2018_162_77;muualta;1
1306;162/2018;2018_162_77;ruotsi;1
1306;162/2018;2018_162_77;ryhtymässä;1
1306;162/2018;2018_162_77;siihen;2
1306;162/2018;2018_162_77;maahan;1
1306;162/2018;2018_162_77;tuotujenkin;1
1306;162/2018;2018_162_77;tarvikkeiden;1
1306;162/2018;2018_162_77;arvioidaan;1
1306;162/2018;2018_162_77;sitä;1
1306;162/2018;2018_162_77;seurataan;1
1306;162/2018;2018_162_77;kirjataan;1
1306;162/2018;2018_162_77;ylös;1
1306;162/2018;2018_162_77;tähän;1
1306;162/2018;2018_162_77;syytä;2
1306;162/2018;2018_162_77;ryhtyä;1
1306;162/2018;2018_162_77;suomessakin;1
1306;162/2018;2018_162_77;yleisellä;1
1306;162/2018;2018_162_77;tasolla;1
1306;162/2018;2018_162_77;pohjoismaissa;2
1306;162/2018;2018_162_77;luovumme;1
1306;162/2018;2018_162_77;perustaa;1
1306;162/2018;2018_162_77;pohjoismainen;1
1306;162/2018;2018_162_77;ympäristömerkki;1
1306;162/2018;2018_162_77;joka;1
1306;162/2018;2018_162_77;ottaisi;1
1306;162/2018;2018_162_77;tämän;1
1306;162/2018;2018_162_77;huomioon;1
1306;162/2018;2018_162_77;jos;1
1306;162/2018;2018_162_77;valmistat;1
1306;162/2018;2018_162_77;tuotteen;1
1306;162/2018;2018_162_77;jota;1
1306;162/2018;2018_162_77;haluat;1
1306;162/2018;2018_162_77;myydä;1
1306;162/2018;2018_162_77;saat;1
1306;162/2018;2018_162_77;kivihiilivapaan;1
1306;162/2018;2018_162_77;merkin;1
1306;162/2018;2018_162_77;tavalla;1
1306;162/2018;2018_162_77;luodaan;1
1306;162/2018;2018_162_77;kannustimia;1
1306;162/2018;2018_162_77;myös;1
1306;162/2018;2018_162_77;muille;1
1306;162/2018;2018_162_77;maille;1
1306;162/2018;2018_162_77;luopua;1
1306;162/2018;2018_162_77;kivihiilen;1
1306;162/2018;2018_162_77;käytöstä;1
1306;165/2018;2018_165_83;arvoisa;1
1306;165/2018;2018_165_83;puhemies;1
1306;165/2018;2018_165_83;tämä;1
1306;165/2018;2018_165_83;esitys;1
1306;165/2018;2018_165_83;on;1
1306;165/2018;2018_165_83;varsin;1
1306;165/2018;2018_165_83;ongelmallinen;1
1306;165/2018;2018_165_83;sitä;2
1306;165/2018;2018_165_83;eivät;1
1306;165/2018;2018_165_83;tukeneet;1
1306;165/2018;2018_165_83;näiltä;1
1306;165/2018;2018_165_83;ongelmallisilta;1
1306;165/2018;2018_165_83;osiltaan;1
1306;165/2018;2018_165_83;myöskään;1
1306;165/2018;2018_165_83;asiantuntijoiden;1
1306;165/2018;2018_165_83;lausunnot;1
1306;165/2018;2018_165_83;sävyttää;1
1306;165/2018;2018_165_83;populismi;1
1306;165/2018;2018_165_83;enemmänkin;1
1306;165/2018;2018_165_83;kuin;1
1306;165/2018;2018_165_83;realiteetit;1
1306;165/2018;2018_165_83;ja;1
1306;165/2018;2018_165_83;siksi;1
1306;165/2018;2018_165_83;kannatan;1
1306;165/2018;2018_165_83;matti;1
1306;165/2018;2018_165_83;semin;1
1306;165/2018;2018_165_83;hylkäysehdotusta;1
1306;15/2019;2019_15_9;ärade;1
1306;15/2019;2019_15_9;talman;1
1306;15/2019;2019_15_9;arvoisa;3
1306;15/2019;2019_15_9;puhemies;3
1306;15/2019;2019_15_9;panostukset;1
1306;15/2019;2019_15_9;jotka;1
1306;15/2019;2019_15_9;nyt;1
1306;15/2019;2019_15_9;teemme;1
1306;15/2019;2019_15_9;tulevaisuuden;1
1306;15/2019;2019_15_9;kilpailukyvyn;1
1306;15/2019;2019_15_9;rakentamiseksi;1
1306;15/2019;2019_15_9;pohjautuvat;1
1306;15/2019;2019_15_9;prosentin;2
1306;15/2019;2019_15_9;työllisyysasteen;1
1306;15/2019;2019_15_9;saavuttamiseen;1
1306;15/2019;2019_15_9;työllisyystavoite;1
1306;15/2019;2019_15_9;on;9
1306;15/2019;2019_15_9;kunnianhimoinen;1
1306;15/2019;2019_15_9;mutta;4
1306;15/2019;2019_15_9;myös;4
1306;15/2019;2019_15_9;täyttä;1
1306;15/2019;2019_15_9;todellisuutta;1
1306;15/2019;2019_15_9;monissa;1
1306;15/2019;2019_15_9;osissa;1
1306;15/2019;2019_15_9;maata;1
1306;15/2019;2019_15_9;jo;2
1306;15/2019;2019_15_9;tänään;1
1306;15/2019;2019_15_9;sen;2
1306;15/2019;2019_15_9;saavuttaminen;1
1306;15/2019;2019_15_9;vaatii;1
1306;15/2019;2019_15_9;asennetta;1
1306;15/2019;2019_15_9;ja;7
1306;15/2019;2019_15_9;määrätietoista;1
1306;15/2019;2019_15_9;politiikkaa;1
1306;15/2019;2019_15_9;tavoite;2
1306;15/2019;2019_15_9;yhteinen;2
1306;15/2019;2019_15_9;useimmille;1
1306;15/2019;2019_15_9;eduskuntapuolueille;1
1306;15/2019;2019_15_9;toivon;1
1306;15/2019;2019_15_9;että;3
1306;15/2019;2019_15_9;se;4
1306;15/2019;2019_15_9;ei;8
1306;15/2019;2019_15_9;ole;3
1306;15/2019;2019_15_9;pelkästään;1
1306;15/2019;2019_15_9;hallituspuolueiden;1
1306;15/2019;2019_15_9;vaan;2
1306;15/2019;2019_15_9;opposition;1
1306;15/2019;2019_15_9;työllisyystavoitteen;1
1306;15/2019;2019_15_9;saavuttamisen;1
1306;15/2019;2019_15_9;tulisi;1
1306;15/2019;2019_15_9;olla;1
1306;15/2019;2019_15_9;meidän;1
1306;15/2019;2019_15_9;kaikkien;1
1306;15/2019;2019_15_9;haaste;1
1306;15/2019;2019_15_9;tavoitteen;1
1306;15/2019;2019_15_9;saavuttamiseksi;1
1306;15/2019;2019_15_9;vaaditaan;1
1306;15/2019;2019_15_9;monia;1
1306;15/2019;2019_15_9;toimenpiteitä;1
1306;15/2019;2019_15_9;lisäämme;2
1306;15/2019;2019_15_9;työvoiman;1
1306;15/2019;2019_15_9;tarjontaa;1
1306;15/2019;2019_15_9;muun;1
1306;15/2019;2019_15_9;muassa;1
1306;15/2019;2019_15_9;työperäistä;1
1306;15/2019;2019_15_9;maahanmuuttoa;1
1306;15/2019;2019_15_9;helpottamalla;1
1306;15/2019;2019_15_9;parannamme;1
1306;15/2019;2019_15_9;suomalaisten;2
1306;15/2019;2019_15_9;yritysten;1
1306;15/2019;2019_15_9;mahdollisuuksia;2
1306;15/2019;2019_15_9;työllistää;1
1306;15/2019;2019_15_9;kansainvälisiä;1
1306;15/2019;2019_15_9;osaajia;1
1306;15/2019;2019_15_9;parantamalla;1
1306;15/2019;2019_15_9;ulkomaalaisten;1
1306;15/2019;2019_15_9;opiskelijoiden;1
1306;15/2019;2019_15_9;jäädä;1
1306;15/2019;2019_15_9;työskentelemään;1
1306;15/2019;2019_15_9;suomeen;1
1306;15/2019;2019_15_9;ilman;1
1306;15/2019;2019_15_9;panostuksia;1
1306;15/2019;2019_15_9;infraan;1
1306;15/2019;2019_15_9;emme;1
1306;15/2019;2019_15_9;saavuta;1
1306;15/2019;2019_15_9;tavoitetta;1
1306;15/2019;2019_15_9;hallitus;6
1306;15/2019;2019_15_9;korottaa;1
1306;15/2019;2019_15_9;takia;1
1306;15/2019;2019_15_9;pysyvästi;1
1306;15/2019;2019_15_9;määrärahoja;1
1306;15/2019;2019_15_9;perusväylien;1
1306;15/2019;2019_15_9;parantamiseksi;1
1306;15/2019;2019_15_9;kyse;4
1306;15/2019;2019_15_9;turvallisuudesta;1
1306;15/2019;2019_15_9;siitä;2
1306;15/2019;2019_15_9;luodaan;1
1306;15/2019;2019_15_9;edellytyksiä;1
1306;15/2019;2019_15_9;asua;1
1306;15/2019;2019_15_9;koko;1
1306;15/2019;2019_15_9;maassa;1
1306;15/2019;2019_15_9;pidetään;1
1306;15/2019;2019_15_9;vientiväylät;1
1306;15/2019;2019_15_9;kunnossa;1
1306;15/2019;2019_15_9;toteutamme;1
1306;15/2019;2019_15_9;perhevapaauudistuksen;1
1306;15/2019;2019_15_9;joka;1
1306;15/2019;2019_15_9;lisää;2
1306;15/2019;2019_15_9;työelämän;1
1306;15/2019;2019_15_9;tasa-arvoa;2
1306;15/2019;2019_15_9;parantaa;1
1306;15/2019;2019_15_9;työnantajien;1
1306;15/2019;2019_15_9;asemaa;1
1306;15/2019;2019_15_9;naisvaltaisilla;1
1306;15/2019;2019_15_9;aloilla;1
1306;15/2019;2019_15_9;lasten;1
1306;15/2019;2019_15_9;perheiden;1
1306;15/2019;2019_15_9;hyvinvointia;1
1306;15/2019;2019_15_9;kymmenen;1
1306;15/2019;2019_15_9;vuoden;1
1306;15/2019;2019_15_9;ajan;1
1306;15/2019;2019_15_9;olemme;1
1306;15/2019;2019_15_9;peräänkuuluttaneet;1
1306;15/2019;2019_15_9;perhevapaiden;1
1306;15/2019;2019_15_9;uudistamista;1
1306;15/2019;2019_15_9;kutsu;1
1306;15/2019;2019_15_9;malliaan;1
1306;15/2019;2019_15_9;malliksi;1
1306;15/2019;2019_15_9;ottaa;1
1306;15/2019;2019_15_9;merkittäviä;1
1306;15/2019;2019_15_9;askeleita;1
1306;15/2019;2019_15_9;siihen;1
1306;15/2019;2019_15_9;suuntaan;1
1306;15/2019;2019_15_9;tasa-arvosta;1
1306;15/2019;2019_15_9;toimesta;1
1306;15/2019;2019_15_9;jolla;1
1306;15/2019;2019_15_9;pidemmällä;1
1306;15/2019;2019_15_9;tähtäimellä;1
1306;15/2019;2019_15_9;kilpailukykyämme;1
1306;15/2019;2019_15_9;työllisyyttä;1
1306;15/2019;2019_15_9;oppositio;1
1306;15/2019;2019_15_9;analysoinut;1
1306;15/2019;2019_15_9;hallitusohjelmaa;1
1306;15/2019;2019_15_9;laskemalla;1
1306;15/2019;2019_15_9;sanoja;1
1306;15/2019;2019_15_9;sivuja;1
1306;15/2019;2019_15_9;niin;1
1306;15/2019;2019_15_9;voi;1
1306;15/2019;2019_15_9;toki;1
1306;15/2019;2019_15_9;tehdä;1
1306;15/2019;2019_15_9;kovin;2
1306;15/2019;2019_15_9;syvällistä;1
1306;15/2019;2019_15_9;eikä;1
1306;15/2019;2019_15_9;älyllisesti;1
1306;15/2019;2019_15_9;rehellistä;1
1306;15/2019;2019_15_9;katsokaa;1
1306;15/2019;2019_15_9;pikemminkin;1
1306;15/2019;2019_15_9;sitä;1
1306;15/2019;2019_15_9;mitä;1
1306;15/2019;2019_15_9;nostamme;1
1306;15/2019;2019_15_9;esille;1
1306;15/2019;2019_15_9;pidämme;1
1306;15/2019;2019_15_9;tärkeänä;1
1306;15/2019;2019_15_9;edellisen;1
1306;15/2019;2019_15_9;hallituksen;1
1306;15/2019;2019_15_9;ohjelmassa;1
1306;15/2019;2019_15_9;omistettiin;1
1306;15/2019;2019_15_9;tasa-arvolle;1
1306;15/2019;2019_15_9;yksi;2
1306;15/2019;2019_15_9;lause;2
1306;15/2019;2019_15_9;vasemmalta;1
1306;15/2019;2019_15_9;oho;1
1306;15/2019;2019_15_9;paljon;1
1306;15/2019;2019_15_9;tämä;2
1306;15/2019;2019_15_9;ainoastaan;1
1306;15/2019;2019_15_9;toteuta;1
1306;15/2019;2019_15_9;perhevapaauudistusta;1
1306;15/2019;2019_15_9;antaa;1
1306;15/2019;2019_15_9;tasa-arvoasioille;1
1306;15/2019;2019_15_9;oman;1
1306;15/2019;2019_15_9;ministerisalkun;1
1306;15/2019;2019_15_9;koska;1
1306;15/2019;2019_15_9;pidettävä;1
1306;15/2019;2019_15_9;esillä;1
1306;15/2019;2019_15_9;ben;1
1306;15/2019;2019_15_9;zyskowicz;1
1306;15/2019;2019_15_9;sekö;1
1306;15/2019;2019_15_9;syy;1
1306;15/2019;2019_15_9;tähän;1
1306;15/2019;2019_15_9;salkkuun;1
1306;15/2019;2019_15_9;nostaako;2
1306;15/2019;2019_15_9;tuloveroja;1
1306;15/2019;2019_15_9;me;1
1306;15/2019;2019_15_9;laskemme;1
1306;15/2019;2019_15_9;niitä;1
1306;15/2019;2019_15_9;leena;1
1306;15/2019;2019_15_9;meri;1
1306;15/2019;2019_15_9;muita;1
1306;15/2019;2019_15_9;veroja;1
1306;15/2019;2019_15_9;hankaloittaako;1
1306;15/2019;2019_15_9;pienyrittäjien;1
1306;15/2019;2019_15_9;tilannetta;1
1306;15/2019;2019_15_9;perussuomalaisten;1
1306;15/2019;2019_15_9;ryhmästä;1
1306;15/2019;2019_15_9;kyllä;1
1306;15/2019;2019_15_9;heidän;1
1306;15/2019;2019_15_9;tilannettaan;1
1306;15/2019;2019_15_9;helpotetaan;1
1306;15/2019;2019_15_9;omistamisen;1
1306;15/2019;2019_15_9;tai;1
1306;15/2019;2019_15_9;yrittämisen;1
1306;15/2019;2019_15_9;verotusta;1
1306;15/2019;2019_15_9;esimerkiksi;1
1306;15/2019;2019_15_9;kiinteistöveroa;1
1306;15/2019;2019_15_9;tarkistetaan;1
1306;34/2019;2019_34_85;ärade;1
1306;34/2019;2019_34_85;talman;1
1306;34/2019;2019_34_85;det;3
1306;34/2019;2019_34_85;är;4
1306;34/2019;2019_34_85;entydigt;1
1306;34/2019;2019_34_85;och;4
1306;34/2019;2019_34_85;klart;1
1306;34/2019;2019_34_85;att;8
1306;34/2019;2019_34_85;regeringen;1
1306;34/2019;2019_34_85;rinne;1
1306;34/2019;2019_34_85;vill;1
1306;34/2019;2019_34_85;se;1
1306;34/2019;2019_34_85;ett;3
1306;34/2019;2019_34_85;aktivt;1
1306;34/2019;2019_34_85;finland;2
1306;34/2019;2019_34_85;europa;1
1306;34/2019;2019_34_85;internationellt;1
1306;34/2019;2019_34_85;ska;1
1306;34/2019;2019_34_85;synas;1
1306;34/2019;2019_34_85;har;1
1306;34/2019;2019_34_85;förmåga;1
1306;34/2019;2019_34_85;framför;1
1306;34/2019;2019_34_85;allt;1
1306;34/2019;2019_34_85;vilja;1
1306;34/2019;2019_34_85;ta;1
1306;34/2019;2019_34_85;initiativ;1
1306;34/2019;2019_34_85;för;7
1306;34/2019;2019_34_85;lösa;2
1306;34/2019;2019_34_85;konflikter;2
1306;34/2019;2019_34_85;vi;2
1306;34/2019;2019_34_85;inte;3
1306;34/2019;2019_34_85;på;1
1306;34/2019;2019_34_85;den;1
1306;34/2019;2019_34_85;internationella;2
1306;34/2019;2019_34_85;arenan;1
1306;34/2019;2019_34_85;vara;1
1306;34/2019;2019_34_85;passiva;1
1306;34/2019;2019_34_85;åskådare;1
1306;34/2019;2019_34_85;eller;2
1306;34/2019;2019_34_85;blunda;1
1306;34/2019;2019_34_85;de;1
1306;34/2019;2019_34_85;problem;2
1306;34/2019;2019_34_85;som;2
1306;34/2019;2019_34_85;finns;1
1306;34/2019;2019_34_85;våra;1
1306;34/2019;2019_34_85;utmaningar;1
1306;34/2019;2019_34_85;stora;2
1306;34/2019;2019_34_85;behöver;1
1306;34/2019;2019_34_85;en;1
1306;34/2019;2019_34_85;trovärdig;1
1306;34/2019;2019_34_85;klimatpolitik;1
1306;34/2019;2019_34_85;förhindra;1
1306;34/2019;2019_34_85;klimatförändringen;1
1306;34/2019;2019_34_85;sitt;1
1306;34/2019;2019_34_85;kölvatten;1
1306;34/2019;2019_34_85;med;2
1306;34/2019;2019_34_85;sig;1
1306;34/2019;2019_34_85;bara;1
1306;34/2019;2019_34_85;ekologiska;1
1306;34/2019;2019_34_85;utan;2
1306;34/2019;2019_34_85;sociala;1
1306;34/2019;2019_34_85;ekonomiska;1
1306;34/2019;2019_34_85;migrationspolitiska;1
1306;34/2019;2019_34_85;här;1
1306;34/2019;2019_34_85;räcker;1
1306;34/2019;2019_34_85;nationella;1
1306;34/2019;2019_34_85;regionala;1
1306;34/2019;2019_34_85;insatser;2
1306;34/2019;2019_34_85;då;1
1306;34/2019;2019_34_85;problemen;1
1306;34/2019;2019_34_85;globala;1
1306;34/2019;2019_34_85;behövs;1
1306;34/2019;2019_34_85;dem;1
1306;34/2019;2019_34_85;delat;2
1306;34/2019;2019_34_85;hot;1
1306;34/2019;2019_34_85;kräver;1
1306;34/2019;2019_34_85;gemensamt;1
1306;34/2019;2019_34_85;ansvar;1
1306;40/2019;2019_40_163;arvoisa;1
1306;40/2019;2019_40_163;puhemies;1
1306;40/2019;2019_40_163;ja;8
1306;40/2019;2019_40_163;kiitos;1
1306;40/2019;2019_40_163;edustaja;1
1306;40/2019;2019_40_163;kyllönen;1
1306;40/2019;2019_40_163;inspiroivasta;1
1306;40/2019;2019_40_163;puheesta;1
1306;40/2019;2019_40_163;uskon;1
1306;40/2019;2019_40_163;että;1
1306;40/2019;2019_40_163;kaikki;2
1306;40/2019;2019_40_163;täällä;1
1306;40/2019;2019_40_163;salissa;1
1306;40/2019;2019_40_163;välittävät;2
1306;40/2019;2019_40_163;taloudesta;2
1306;40/2019;2019_40_163;työllisyydestä;2
1306;40/2019;2019_40_163;keskustelemme;1
1306;40/2019;2019_40_163;nyt;1
1306;40/2019;2019_40_163;välikysymyksestä;1
1306;40/2019;2019_40_163;joka;2
1306;40/2019;2019_40_163;jätettiin;1
1306;40/2019;2019_40_163;kun;1
1306;40/2019;2019_40_163;hallitus;2
1306;40/2019;2019_40_163;oli;1
1306;40/2019;2019_40_163;toiminut;1
1306;40/2019;2019_40_163;runsaat;1
1306;40/2019;2019_40_163;kolme;1
1306;40/2019;2019_40_163;kuukautta;1
1306;40/2019;2019_40_163;elämme;1
1306;40/2019;2019_40_163;edellisen;1
1306;40/2019;2019_40_163;hallituksen;1
1306;40/2019;2019_40_163;budjettia;1
1306;40/2019;2019_40_163;muuten;1
1306;40/2019;2019_40_163;tehtiin;1
1306;40/2019;2019_40_163;paremmassa;1
1306;40/2019;2019_40_163;suhdanteessa;1
1306;40/2019;2019_40_163;miljardia;1
1306;40/2019;2019_40_163;alijäämäiseksi;1
1306;40/2019;2019_40_163;tämä;1
1306;40/2019;2019_40_163;ei;1
1306;40/2019;2019_40_163;ole;1
1306;40/2019;2019_40_163;vielä;1
1306;40/2019;2019_40_163;jättänyt;1
1306;40/2019;2019_40_163;omaa;1
1306;40/2019;2019_40_163;budjettiesitystään;1
1306;40/2019;2019_40_163;eduskunnalle;1
1306;40/2019;2019_40_163;mutta;1
1306;40/2019;2019_40_163;on;5
1306;40/2019;2019_40_163;hyvä;1
1306;40/2019;2019_40_163;puhua;1
1306;40/2019;2019_40_163;siitä;2
1306;40/2019;2019_40_163;huolimatta;1
1306;40/2019;2019_40_163;saimme;1
1306;40/2019;2019_40_163;eilen;1
1306;40/2019;2019_40_163;kuulla;1
1306;40/2019;2019_40_163;heikkoja;1
1306;40/2019;2019_40_163;uutisia;1
1306;40/2019;2019_40_163;syntyvyydestä;1
1306;40/2019;2019_40_163;suomi;1
1306;40/2019;2019_40_163;demografisten;1
1306;40/2019;2019_40_163;haasteiden;1
1306;40/2019;2019_40_163;edessä;1
1306;40/2019;2019_40_163;meillä;1
1306;40/2019;2019_40_163;vanheneva;1
1306;40/2019;2019_40_163;väestö;1
1306;40/2019;2019_40_163;yhä;1
1306;40/2019;2019_40_163;vähemmän;1
1306;40/2019;2019_40_163;lapsia;1
1306;40/2019;2019_40_163;syrjäytyminen;1
1306;40/2019;2019_40_163;eriarvoistuminen;1
1306;40/2019;2019_40_163;ovat;2
1306;40/2019;2019_40_163;todellisia;1
1306;40/2019;2019_40_163;ongelmia;1
1306;40/2019;2019_40_163;koulutustaso;1
1306;40/2019;2019_40_163;kääntynyt;1
1306;40/2019;2019_40_163;laskuun;1
1306;40/2019;2019_40_163;tiestömme;1
1306;40/2019;2019_40_163;rapautuu;1
1306;40/2019;2019_40_163;iso;1
1306;40/2019;2019_40_163;osa;1
1306;40/2019;2019_40_163;yrityksistämme;1
1306;40/2019;2019_40_163;kärsii;1
1306;40/2019;2019_40_163;työvoimapulasta;1
1306;40/2019;2019_40_163;investointiaste;1
1306;40/2019;2019_40_163;matala;1
1306;40/2019;2019_40_163;nuoret;1
1306;40/2019;2019_40_163;syystäkin;1
1306;40/2019;2019_40_163;huolissaan;1
1306;40/2019;2019_40_163;miltä;1
1306;40/2019;2019_40_163;maapallomme;1
1306;40/2019;2019_40_163;näyttää;1
1306;40/2019;2019_40_163;heidän;1
1306;40/2019;2019_40_163;ollessaan;1
1306;40/2019;2019_40_163;aikuisiässä;1
1306;46/2019;2019_46_11;ärade;1
1306;46/2019;2019_46_11;talman;1
1306;46/2019;2019_46_11;eduskunta;1
1306;46/2019;2019_46_11;päättää;1
1306;46/2019;2019_46_11;ensi;1
1306;46/2019;2019_46_11;vuoden;1
1306;46/2019;2019_46_11;talousarviosta;1
1306;46/2019;2019_46_11;eurooppalaisittain;1
1306;46/2019;2019_46_11;huolestuttavassa;1
1306;46/2019;2019_46_11;tilanteessa;1
1306;46/2019;2019_46_11;täällä;1
1306;46/2019;2019_46_11;suomessa;1
1306;46/2019;2019_46_11;väestö;1
1306;46/2019;2019_46_11;ikääntyy;1
1306;46/2019;2019_46_11;ja;6
1306;46/2019;2019_46_11;lapsia;1
1306;46/2019;2019_46_11;syntyy;1
1306;46/2019;2019_46_11;yhä;1
1306;46/2019;2019_46_11;vähemmän;1
1306;46/2019;2019_46_11;syrjäytyminen;1
1306;46/2019;2019_46_11;epätasa-arvo;1
1306;46/2019;2019_46_11;ovat;5
1306;46/2019;2019_46_11;todellisia;1
1306;46/2019;2019_46_11;ongelmia;1
1306;46/2019;2019_46_11;koulutustasomme;1
1306;46/2019;2019_46_11;on;4
1306;46/2019;2019_46_11;kääntynyt;1
1306;46/2019;2019_46_11;laskuun;1
1306;46/2019;2019_46_11;tiestömme;1
1306;46/2019;2019_46_11;kunto;1
1306;46/2019;2019_46_11;heikentynyt;1
1306;46/2019;2019_46_11;lukuisat;1
1306;46/2019;2019_46_11;suomalaiset;1
1306;46/2019;2019_46_11;yrittäjät;1
1306;46/2019;2019_46_11;huolissaan;2
1306;46/2019;2019_46_11;siitä;2
1306;46/2019;2019_46_11;miten;1
1306;46/2019;2019_46_11;löytäisivät;1
1306;46/2019;2019_46_11;yritykseensä;1
1306;46/2019;2019_46_11;työntekijöitä;1
1306;46/2019;2019_46_11;investointitasomme;1
1306;46/2019;2019_46_11;alhainen;1
1306;46/2019;2019_46_11;lapsemme;1
1306;46/2019;2019_46_11;syystäkin;1
1306;46/2019;2019_46_11;miltä;1
1306;46/2019;2019_46_11;planeettamme;1
1306;46/2019;2019_46_11;näyttää;1
1306;46/2019;2019_46_11;kun;2
1306;46/2019;2019_46_11;he;1
1306;46/2019;2019_46_11;aikuisia;1
1306;46/2019;2019_46_11;samalla;1
1306;46/2019;2019_46_11;poliittinen;1
1306;46/2019;2019_46_11;keskustelu;1
1306;46/2019;2019_46_11;kärjistynyt;1
1306;46/2019;2019_46_11;vastakkainasettelua;1
1306;46/2019;2019_46_11;pahentavia;1
1306;46/2019;2019_46_11;uhkakuvia;1
1306;46/2019;2019_46_11;luodaan;1
1306;46/2019;2019_46_11;ilman;1
1306;46/2019;2019_46_11;faktapohjaa;1
1306;46/2019;2019_46_11;nämä;2
1306;46/2019;2019_46_11;haasteet;1
1306;46/2019;2019_46_11;meille;1
1306;46/2019;2019_46_11;tuttuja;1
1306;46/2019;2019_46_11;ongelmat;1
1306;46/2019;2019_46_11;olivat;1
1306;46/2019;2019_46_11;tiedossamme;1
1306;46/2019;2019_46_11;mielessämme;1
1306;46/2019;2019_46_11;kirjoitimme;1
1306;46/2019;2019_46_11;sitä;1
1306;46/2019;2019_46_11;hallitusohjelmaa;1
1306;46/2019;2019_46_11;johon;1
1306;46/2019;2019_46_11;tämän;1
1306;46/2019;2019_46_11;hallituksen;1
1306;46/2019;2019_46_11;ensimmäinen;1
1306;46/2019;2019_46_11;talousarvio;1
1306;46/2019;2019_46_11;pohjautuu;1
1306;75/2019;2019_75_11;ärade;1
1306;75/2019;2019_75_11;talman;1
1306;75/2019;2019_75_11;arvoisa;1
1306;75/2019;2019_75_11;puhemies;1
1306;75/2019;2019_75_11;jokin;1
1306;75/2019;2019_75_11;aika;1
1306;75/2019;2019_75_11;sitten;1
1306;75/2019;2019_75_11;tapasin;1
1306;75/2019;2019_75_11;rintamaveteraanin;1
1306;75/2019;2019_75_11;joka;1
1306;75/2019;2019_75_11;kertoi;2
1306;75/2019;2019_75_11;miten;1
1306;75/2019;2019_75_11;hän;6
1306;75/2019;2019_75_11;päätyi;1
1306;75/2019;2019_75_11;sotaan;1
1306;75/2019;2019_75_11;oli;7
1306;75/2019;2019_75_11;suruttomana;1
1306;75/2019;2019_75_11;kaverinsa;1
1306;75/2019;2019_75_11;kanssa;1
1306;75/2019;2019_75_11;pyöräillyt;1
1306;75/2019;2019_75_11;helsingistä;1
1306;75/2019;2019_75_11;kirkkonummen;1
1306;75/2019;2019_75_11;meikojärvelle;1
1306;75/2019;2019_75_11;uimaan;1
1306;75/2019;2019_75_11;kesäkuussa;1
1306;75/2019;2019_75_11;paluumatkalla;1
1306;75/2019;2019_75_11;toisen;2
1306;75/2019;2019_75_11;pojan;1
1306;75/2019;2019_75_11;pyörän;1
1306;75/2019;2019_75_11;rengas;1
1306;75/2019;2019_75_11;puhkesi;1
1306;75/2019;2019_75_11;ja;3
1306;75/2019;2019_75_11;kun;3
1306;75/2019;2019_75_11;he;1
1306;75/2019;2019_75_11;paikkasivat;1
1306;75/2019;2019_75_11;sitä;1
1306;75/2019;2019_75_11;auringonpaisteessa;1
1306;75/2019;2019_75_11;ohikulkija;1
1306;75/2019;2019_75_11;että;1
1306;75/2019;2019_75_11;sota;1
1306;75/2019;2019_75_11;alkanut;1
1306;75/2019;2019_75_11;pojat;1
1306;75/2019;2019_75_11;palasivat;2
1306;75/2019;2019_75_11;nopeasti;1
1306;75/2019;2019_75_11;kotiin;1
1306;75/2019;2019_75_11;helsinkiin;1
1306;75/2019;2019_75_11;muutaman;1
1306;75/2019;2019_75_11;päivän;1
1306;75/2019;2019_75_11;päästä;1
1306;75/2019;2019_75_11;tapaamani;1
1306;75/2019;2019_75_11;rintamaveteraani;1
1306;75/2019;2019_75_11;ilmoittautui;1
1306;75/2019;2019_75_11;vapaaehtoiseksi;1
1306;75/2019;2019_75_11;tuusulan;1
1306;75/2019;2019_75_11;varuskunnassa;1
1306;75/2019;2019_75_11;koska;1
1306;75/2019;2019_75_11;alaikäinen;1
1306;75/2019;2019_75_11;väärensi;1
1306;75/2019;2019_75_11;paperinsa;1
1306;75/2019;2019_75_11;jotta;1
1306;75/2019;2019_75_11;hänet;2
1306;75/2019;2019_75_11;varmasti;1
1306;75/2019;2019_75_11;hyväksyttäisiin;1
1306;75/2019;2019_75_11;vieraillessani;1
1306;75/2019;2019_75_11;eräässä;1
1306;75/2019;2019_75_11;vanhainkodissa;1
1306;75/2019;2019_75_11;kristiinankaupungissa;1
1306;75/2019;2019_75_11;sain;1
1306;75/2019;2019_75_11;kuulla;1
1306;75/2019;2019_75_11;tarinan;1
1306;75/2019;2019_75_11;gunnar;1
1306;75/2019;2019_75_11;osallistunut;1
1306;75/2019;2019_75_11;taisteluun;1
1306;75/2019;2019_75_11;suomenlahdella;1
1306;75/2019;2019_75_11;venäläiset;1
1306;75/2019;2019_75_11;sotilaat;1
1306;75/2019;2019_75_11;olivat;1
1306;75/2019;2019_75_11;ottaneet;1
1306;75/2019;2019_75_11;saaren;1
1306;75/2019;2019_75_11;haltuunsa;1
1306;75/2019;2019_75_11;yrittänyt;1
1306;75/2019;2019_75_11;paeta;1
1306;75/2019;2019_75_11;uimalla;1
1306;75/2019;2019_75_11;läheiseen;1
1306;75/2019;2019_75_11;toiseen;1
1306;75/2019;2019_75_11;saareen;1
1306;75/2019;2019_75_11;vangittiin;1
1306;75/2019;2019_75_11;seuraavat;1
1306;75/2019;2019_75_11;vuodet;1
1306;75/2019;2019_75_11;kuluivat;1
1306;75/2019;2019_75_11;siperiassa;1
1306;75/2019;2019_75_11;vuosia;1
1306;75/2019;2019_75_11;myöhemmin;1
1306;75/2019;2019_75_11;palasi;1
1306;75/2019;2019_75_11;hänen;1
1306;75/2019;2019_75_11;oma;1
1306;75/2019;2019_75_11;äitinsä;1
1306;75/2019;2019_75_11;ei;1
1306;75/2019;2019_75_11;enää;1
1306;75/2019;2019_75_11;häntä;1
1306;75/2019;2019_75_11;tunnistanut;1
1306;75/2019;2019_75_11;sodan;1
1306;75/2019;2019_75_11;jälkeen;2
1306;75/2019;2019_75_11;nämä;1
1306;75/2019;2019_75_11;kaksi;1
1306;75/2019;2019_75_11;nuorta;1
1306;75/2019;2019_75_11;arkeen;1
1306;75/2019;2019_75_11;näiden;1
1306;75/2019;2019_75_11;kokemusten;1
1306;75/2019;2019_75_11;heidän;1
1306;75/2019;2019_75_11;yritettävä;1
1306;75/2019;2019_75_11;sopeutua;1
1306;75/2019;2019_75_11;jälleen;1
1306;75/2019;2019_75_11;tavalliseen;1
1306;75/2019;2019_75_11;elämään;1
1306;75/2019;2019_75_11;me;1
1306;75/2019;2019_75_11;emme;1
1306;75/2019;2019_75_11;voi;1
1306;75/2019;2019_75_11;ymmärtää;1
1306;75/2019;2019_75_11;minkälaista;1
1306;75/2019;2019_75_11;se;1
1306;79/2019;2019_79_33;ärade;1
1306;79/2019;2019_79_33;talman;1
1306;79/2019;2019_79_33;edustaja;1
1306;79/2019;2019_79_33;kauma;1
1306;79/2019;2019_79_33;nosti;1
1306;79/2019;2019_79_33;esille;1
1306;79/2019;2019_79_33;kokoomuksen;2
1306;79/2019;2019_79_33;ajatuksen;1
1306;79/2019;2019_79_33;siitä;3
1306;79/2019;2019_79_33;että;6
1306;79/2019;2019_79_33;suunnattaisiin;1
1306;79/2019;2019_79_33;kotitalousvähennystä;1
1306;79/2019;2019_79_33;tiettyyn;1
1306;79/2019;2019_79_33;ikäluokkaan;1
1306;79/2019;2019_79_33;sehän;2
1306;79/2019;2019_79_33;on;9
1306;79/2019;2019_79_33;mielenkiintoinen;2
1306;79/2019;2019_79_33;ajatus;3
1306;79/2019;2019_79_33;niin;3
1306;79/2019;2019_79_33;kuin;3
1306;79/2019;2019_79_33;kauniskin;1
1306;79/2019;2019_79_33;ja;6
1306;79/2019;2019_79_33;olisi;2
1306;79/2019;2019_79_33;varmaan;1
1306;79/2019;2019_79_33;hyvä;3
1306;79/2019;2019_79_33;jos;3
1306;79/2019;2019_79_33;se;10
1306;79/2019;2019_79_33;toteutettavissa;1
1306;79/2019;2019_79_33;sitähän;1
1306;79/2019;2019_79_33;kokeiltiin;1
1306;79/2019;2019_79_33;tai;1
1306;79/2019;2019_79_33;ilmeisesti;2
1306;79/2019;2019_79_33;tutkittiin;1
1306;79/2019;2019_79_33;viime;1
1306;79/2019;2019_79_33;kauden;1
1306;79/2019;2019_79_33;aikana;1
1306;79/2019;2019_79_33;todettiin;1
1306;79/2019;2019_79_33;äärimmäisen;1
1306;79/2019;2019_79_33;vaikeaksi;1
1306;79/2019;2019_79_33;ellei;1
1306;79/2019;2019_79_33;mahdottomaksi;1
1306;79/2019;2019_79_33;toteuttaa;2
1306;79/2019;2019_79_33;tämänhän;1
1306;79/2019;2019_79_33;toki;4
1306;79/2019;2019_79_33;esittäjät;1
1306;79/2019;2019_79_33;myöskin;1
1306;79/2019;2019_79_33;tietävät;1
1306;79/2019;2019_79_33;mutta;2
1306;79/2019;2019_79_33;mielenkiintoisemmanhan;1
1306;79/2019;2019_79_33;tekee;1
1306;79/2019;2019_79_33;sitten;2
1306;79/2019;2019_79_33;vielä;2
1306;79/2019;2019_79_33;oikeasti;1
1306;79/2019;2019_79_33;ajattelee;1
1306;79/2019;2019_79_33;sillä;2
1306;79/2019;2019_79_33;saa;1
1306;79/2019;2019_79_33;sen;2
1306;79/2019;2019_79_33;viisikymmentäkertaisen;1
1306;79/2019;2019_79_33;tuoton;1
1306;79/2019;2019_79_33;varjobudjetissa;1
1306;79/2019;2019_79_33;miljoonan;1
1306;79/2019;2019_79_33;satsauksella;1
1306;79/2019;2019_79_33;miljoonaa;2
1306;79/2019;2019_79_33;kukapa;1
1306;79/2019;2019_79_33;nyt;4
1306;79/2019;2019_79_33;ei;3
1306;79/2019;2019_79_33;sitä;1
1306;79/2019;2019_79_33;jättäisi;1
1306;79/2019;2019_79_33;mainitsematta;1
1306;79/2019;2019_79_33;ainakaan;1
1306;79/2019;2019_79_33;samalla;1
1306;79/2019;2019_79_33;tavalla;1
1306;79/2019;2019_79_33;tietenkin;1
1306;79/2019;2019_79_33;laittaisi;1
1306;79/2019;2019_79_33;siihen;1
1306;79/2019;2019_79_33;reilusti;1
1306;79/2019;2019_79_33;yli;1
1306;79/2019;2019_79_33;vuotiaiden;1
1306;79/2019;2019_79_33;kotitalousvähennyksellä;1
1306;79/2019;2019_79_33;saisimme;1
1306;79/2019;2019_79_33;maksettua;1
1306;79/2019;2019_79_33;meidän;2
1306;79/2019;2019_79_33;hävittäjämme;1
1306;79/2019;2019_79_33;vasta;1
1306;79/2019;2019_79_33;hienoa;1
1306;79/2019;2019_79_33;olisikin;1
1306;79/2019;2019_79_33;käytännössä;1
1306;79/2019;2019_79_33;kuitenkin;1
1306;79/2019;2019_79_33;tämä;2
1306;79/2019;2019_79_33;aika;1
1306;79/2019;2019_79_33;vaikea;1
1306;79/2019;2019_79_33;voi;2
1306;79/2019;2019_79_33;näitä;1
1306;79/2019;2019_79_33;kohdistaa;1
1306;79/2019;2019_79_33;näin;1
1306;79/2019;2019_79_33;ikäryhmien;1
1306;79/2019;2019_79_33;mukaan;1
1306;79/2019;2019_79_33;vaikka;1
1306;79/2019;2019_79_33;hyvältä;1
1306;79/2019;2019_79_33;ajatukselta;1
1306;79/2019;2019_79_33;tuntuukin;1
1306;79/2019;2019_79_33;no;1
1306;79/2019;2019_79_33;muutenhan;1
1306;79/2019;2019_79_33;tässä;2
1306;79/2019;2019_79_33;madalletaan;1
1306;79/2019;2019_79_33;ansiotuloverotusta;1
1306;79/2019;2019_79_33;tietyissä;1
1306;79/2019;2019_79_33;kategorioissa;1
1306;79/2019;2019_79_33;kun;3
1306;79/2019;2019_79_33;työantajamaksuja;1
1306;79/2019;2019_79_33;siirtyy;1
1306;79/2019;2019_79_33;yrittäjältä;1
1306;79/2019;2019_79_33;pois;1
1306;79/2019;2019_79_33;eli;1
1306;79/2019;2019_79_33;kevennetään;1
1306;79/2019;2019_79_33;yrittäjän;1
1306;79/2019;2019_79_33;taakkaa;1
1306;79/2019;2019_79_33;siirretään;1
1306;79/2019;2019_79_33;ne;1
1306;79/2019;2019_79_33;palkansaajille;1
1306;79/2019;2019_79_33;tarkoittaa;1
1306;79/2019;2019_79_33;kyllä;3
1306;79/2019;2019_79_33;joillekin;1
1306;79/2019;2019_79_33;jää;1
1306;79/2019;2019_79_33;vähemmän;1
1306;79/2019;2019_79_33;rahaa;1
1306;79/2019;2019_79_33;käteen;1
1306;79/2019;2019_79_33;tietenkään;1
1306;79/2019;2019_79_33;ikinä;1
1306;79/2019;2019_79_33;ole;1
1306;79/2019;2019_79_33;asia;2
1306;79/2019;2019_79_33;esityksessä;1
1306;79/2019;2019_79_33;tehdään;1
1306;79/2019;2019_79_33;suomesta;1
1306;79/2019;2019_79_33;vähän;2
1306;79/2019;2019_79_33;houkuttelevampi;2
1306;79/2019;2019_79_33;maa;2
1306;79/2019;2019_79_33;investoida;1
1306;79/2019;2019_79_33;ulkomaalaisille;1
1306;79/2019;2019_79_33;yrityksille;1
1306;79/2019;2019_79_33;etabloida;1
1306;79/2019;2019_79_33;toimintaansa;1
1306;79/2019;2019_79_33;täällä;1
1306;79/2019;2019_79_33;tällä;1
1306;79/2019;2019_79_33;lähdeveromuutoksella;1
1306;79/2019;2019_79_33;joka;1
1306;79/2019;2019_79_33;kaikkien;2
1306;79/2019;2019_79_33;intressissä;1
1306;79/2019;2019_79_33;tähän;1
1306;79/2019;2019_79_33;lisää;1
1306;79/2019;2019_79_33;kohta;1
1306;79/2019;2019_79_33;käsiteltävänä;1
1306;79/2019;2019_79_33;olevan;1
1306;79/2019;2019_79_33;asian;1
1306;79/2019;2019_79_33;yritysten;1
1306;79/2019;2019_79_33;investointeihin;1
1306;79/2019;2019_79_33;kannustetaan;1
1306;79/2019;2019_79_33;kaksinkertaisilla;1
1306;79/2019;2019_79_33;poistoilla;1
1306;79/2019;2019_79_33;hyvällä;1
1306;79/2019;2019_79_33;syyllä;1
1306;79/2019;2019_79_33;sanoa;1
1306;79/2019;2019_79_33;suomi;1
1306;79/2019;2019_79_33;jossa;1
1306;79/2019;2019_79_33;hallitusohjelma;1
1306;79/2019;2019_79_33;tällaisena;1
1306;79/2019;2019_79_33;toteutettu;1
1306;79/2019;2019_79_33;vuonna;1
1306;79/2019;2019_79_33;huomattavasti;1
1306;79/2019;2019_79_33;yrittäjäystävällisempi;1
1306;79/2019;2019_79_33;mitä;1
1306;79/2019;2019_79_33;tänään;1
1306;79/2019;2019_79_33;tulee;1
1306;79/2019;2019_79_33;olla;1
1306;79/2019;2019_79_33;iloisia;1
1306;83/2019;2019_83_10;ärade;1
1306;83/2019;2019_83_10;talman;1
1306;83/2019;2019_83_10;när;1
1306;83/2019;2019_83_10;det;4
1306;83/2019;2019_83_10;blev;1
1306;83/2019;2019_83_10;klart;1
1306;83/2019;2019_83_10;att;1
1306;83/2019;2019_83_10;sanna;1
1306;83/2019;2019_83_10;marin;1
1306;83/2019;2019_83_10;skulle;1
1306;83/2019;2019_83_10;bli;1
1306;83/2019;2019_83_10;finlands;1
1306;83/2019;2019_83_10;nästa;1
1306;83/2019;2019_83_10;statsminister;1
1306;83/2019;2019_83_10;spreds;1
1306;83/2019;2019_83_10;över;1
1306;83/2019;2019_83_10;världen;2
1306;83/2019;2019_83_10;på;2
1306;83/2019;2019_83_10;nolltid;1
1306;83/2019;2019_83_10;en;2
1306;83/2019;2019_83_10;bild;1
1306;83/2019;2019_83_10;av;1
1306;83/2019;2019_83_10;finland;1
1306;83/2019;2019_83_10;som;4
1306;83/2019;2019_83_10;föregångsland;1
1306;83/2019;2019_83_10;med;1
1306;83/2019;2019_83_10;kvinnor;1
1306;83/2019;2019_83_10;ledande;1
1306;83/2019;2019_83_10;poster;1
1306;83/2019;2019_83_10;alla;1
1306;83/2019;2019_83_10;fem;1
1306;83/2019;2019_83_10;regeringspartier;1
1306;83/2019;2019_83_10;är;1
1306;83/2019;2019_83_10;unikt;1
1306;83/2019;2019_83_10;och;3
1306;83/2019;2019_83_10;historiskt;1
1306;83/2019;2019_83_10;jag;1
1306;83/2019;2019_83_10;vill;1
1306;83/2019;2019_83_10;också;1
1306;83/2019;2019_83_10;uppfatta;1
1306;83/2019;2019_83_10;positiv;1
1306;83/2019;2019_83_10;signal;1
1306;83/2019;2019_83_10;om;1
1306;83/2019;2019_83_10;nystart;1
1306;83/2019;2019_83_10;för;1
1306;83/2019;2019_83_10;fempartiregeringen;1
1306;83/2019;2019_83_10;har;1
1306;83/2019;2019_83_10;ett;1
1306;83/2019;2019_83_10;regeringsprogram;1
1306;83/2019;2019_83_10;socialt;1
1306;83/2019;2019_83_10;ekonomiskt;1
1306;83/2019;2019_83_10;ekologiskt;1
1306;83/2019;2019_83_10;hör;1
1306;83/2019;2019_83_10;till;1
1306;83/2019;2019_83_10;de;1
1306;83/2019;2019_83_10;mest;1
1306;83/2019;2019_83_10;dynamiska;1
1306;84/2019;2019_84_12;arvoisa;1
1306;84/2019;2019_84_12;puhemies;1
1306;84/2019;2019_84_12;koko;2
1306;84/2019;2019_84_12;talousarvion;1
1306;84/2019;2019_84_12;kuten;1
1306;84/2019;2019_84_12;hallitusohjelman;1
1306;84/2019;2019_84_12;johtotähtenä;1
1306;84/2019;2019_84_12;on;6
1306;84/2019;2019_84_12;työllisyystavoite;1
1306;84/2019;2019_84_12;eli;1
1306;84/2019;2019_84_12;työllisyysasteen;1
1306;84/2019;2019_84_12;nosto;1
1306;84/2019;2019_84_12;vähintään;1
1306;84/2019;2019_84_12;prosenttiin;2
1306;84/2019;2019_84_12;vaalikauden;1
1306;84/2019;2019_84_12;loppuun;1
1306;84/2019;2019_84_12;mennessä;2
1306;84/2019;2019_84_12;olemme;1
1306;84/2019;2019_84_12;oikealla;1
1306;84/2019;2019_84_12;tiellä;1
1306;84/2019;2019_84_12;lokakuussa;1
1306;84/2019;2019_84_12;työllisyysaste;2
1306;84/2019;2019_84_12;oli;1
1306;84/2019;2019_84_12;prosenttia;2
1306;84/2019;2019_84_12;ja;4
1306;84/2019;2019_84_12;työttömyysaste;1
1306;84/2019;2019_84_12;nyt;1
1306;84/2019;2019_84_12;käsiteltävänä;1
1306;84/2019;2019_84_12;olevan;1
1306;84/2019;2019_84_12;talousarvioesityksen;1
1306;84/2019;2019_84_12;mukaan;1
1306;84/2019;2019_84_12;työllisten;1
1306;84/2019;2019_84_12;määrä;1
1306;84/2019;2019_84_12;nousevat;1
1306;84/2019;2019_84_12;vuoteen;1
1306;84/2019;2019_84_12;hallitus;2
1306;84/2019;2019_84_12;tekee;1
1306;84/2019;2019_84_12;kaikkensa;1
1306;84/2019;2019_84_12;saavuttaakseen;1
1306;84/2019;2019_84_12;prosentin;1
1306;84/2019;2019_84_12;tavoitteen;1
1306;84/2019;2019_84_12;siitä;2
1306;84/2019;2019_84_12;kaksi;1
1306;84/2019;2019_84_12;vuotta;1
1306;84/2019;2019_84_12;myöhemmin;1
1306;84/2019;2019_84_12;tämä;1
1306;84/2019;2019_84_12;talousarvio;2
1306;84/2019;2019_84_12;alijäämäinen;1
1306;84/2019;2019_84_12;mikä;1
1306;84/2019;2019_84_12;ei;1
1306;84/2019;2019_84_12;koskaan;1
1306;84/2019;2019_84_12;ole;1
1306;84/2019;2019_84_12;hyvä;1
1306;84/2019;2019_84_12;tänä;1
1306;84/2019;2019_84_12;vuonna;3
1306;84/2019;2019_84_12;alijäämä;1
1306;84/2019;2019_84_12;miljardia;2
1306;84/2019;2019_84_12;ensi;3
1306;84/2019;2019_84_12;alijäämän;1
1306;84/2019;2019_84_12;kasvu;1
1306;84/2019;2019_84_12;johtuu;1
1306;84/2019;2019_84_12;osittain;1
1306;84/2019;2019_84_12;suhdanteiden;1
1306;84/2019;2019_84_12;heikkenemisestä;1
1306;84/2019;2019_84_12;mutta;1
1306;84/2019;2019_84_12;pääosin;1
1306;84/2019;2019_84_12;että;1
1306;84/2019;2019_84_12;luomme;1
1306;84/2019;2019_84_12;edellytyksiä;1
1306;84/2019;2019_84_12;tulevaisuuden;1
1306;84/2019;2019_84_12;kilpailukyvylle;1
1306;84/2019;2019_84_12;panostuksilla;1
1306;84/2019;2019_84_12;tasa-arvoon;1
1306;84/2019;2019_84_12;sosiaalisten;1
1306;84/2019;2019_84_12;erojen;1
1306;84/2019;2019_84_12;kaventamiseen;1
1306;84/2019;2019_84_12;koulutukseen;1
1306;84/2019;2019_84_12;teollisuuden;3
1306;84/2019;2019_84_12;kilpailukykyyn;1
1306;84/2019;2019_84_12;hintansa;1
1306;84/2019;2019_84_12;vuoden;1
1306;84/2019;2019_84_12;parantaa;1
1306;84/2019;2019_84_12;monin;1
1306;84/2019;2019_84_12;tavoin;1
1306;84/2019;2019_84_12;suomen;1
1306;84/2019;2019_84_12;kilpailukykyä;1
1306;84/2019;2019_84_12;kaksinkertaisten;1
1306;84/2019;2019_84_12;poistojen;1
1306;84/2019;2019_84_12;mahdollistaminen;1
1306;84/2019;2019_84_12;auttaa;1
1306;84/2019;2019_84_12;meitä;1
1306;84/2019;2019_84_12;kuromaan;1
1306;84/2019;2019_84_12;umpeen;1
1306;84/2019;2019_84_12;sitä;1
1306;84/2019;2019_84_12;investointivajetta;1
1306;84/2019;2019_84_12;joka;2
1306;84/2019;2019_84_12;meillä;1
1306;84/2019;2019_84_12;kilpailijoihimme;1
1306;84/2019;2019_84_12;verrattuna;1
1306;84/2019;2019_84_12;esittää;1
1306;84/2019;2019_84_12;myös;1
1306;84/2019;2019_84_12;kannustimia;1
1306;84/2019;2019_84_12;aineettomien;1
1306;84/2019;2019_84_12;investointien;1
1306;84/2019;2019_84_12;edistämiseksi;1
1306;84/2019;2019_84_12;energiaverouudistuksen;1
1306;84/2019;2019_84_12;yhteydessä;1
1306;84/2019;2019_84_12;sähköveroa;1
1306;84/2019;2019_84_12;alennetaan;1
1306;84/2019;2019_84_12;kohti;1
1306;84/2019;2019_84_12;eurooppalaista;1
1306;84/2019;2019_84_12;vähimmäistasoa;1
1306;84/2019;2019_84_12;se;1
1306;84/2019;2019_84_12;valtava;1
1306;84/2019;2019_84_12;kädenojennus;1
1306;84/2019;2019_84_12;maamme;1
1306;84/2019;2019_84_12;teollisuudelle;1
1306;84/2019;2019_84_12;tuottaa;1
1306;84/2019;2019_84_12;yhteiskuntamme;1
1306;84/2019;2019_84_12;kannalta;1
1306;84/2019;2019_84_12;elintärkeitä;1
1306;84/2019;2019_84_12;vientituotteita;1
1306;84/2019;2019_84_12;lisäarvoa;1
1306;4/2020;2020_4_10;jukka;1
1306;4/2020;2020_4_10;gustafsson;2
1306;4/2020;2020_4_10;hallitusryhmillä;1
1306;4/2020;2020_4_10;on;9
1306;4/2020;2020_4_10;parhaat;1
1306;4/2020;2020_4_10;puheet;1
1306;4/2020;2020_4_10;luulen;1
1306;4/2020;2020_4_10;että;1
1306;4/2020;2020_4_10;jatkuu;1
1306;4/2020;2020_4_10;kiitos;1
1306;4/2020;2020_4_10;luottamuksesta;1
1306;4/2020;2020_4_10;edustaja;1
1306;4/2020;2020_4_10;arvoisa;1
1306;4/2020;2020_4_10;puhemies;1
1306;4/2020;2020_4_10;tämä;1
1306;4/2020;2020_4_10;hallitus;1
1306;4/2020;2020_4_10;ollut;1
1306;4/2020;2020_4_10;vallassa;1
1306;4/2020;2020_4_10;kahdeksan;1
1306;4/2020;2020_4_10;kuukautta;1
1306;4/2020;2020_4_10;ja;5
1306;4/2020;2020_4_10;monia;1
1306;4/2020;2020_4_10;asioita;2
1306;4/2020;2020_4_10;pantu;1
1306;4/2020;2020_4_10;alulle;1
1306;4/2020;2020_4_10;eu-puheenjohtajuus;1
1306;4/2020;2020_4_10;siirretty;1
1306;4/2020;2020_4_10;kroatialle;1
1306;4/2020;2020_4_10;menestyksekkään;1
1306;4/2020;2020_4_10;puheenjohtajakauden;1
1306;4/2020;2020_4_10;jälkeen;1
1306;4/2020;2020_4_10;suomi;3
1306;4/2020;2020_4_10;taas;2
1306;4/2020;2020_4_10;maa;1
1306;4/2020;2020_4_10;joka;1
1306;4/2020;2020_4_10;tuo;1
1306;4/2020;2020_4_10;eun;2
1306;4/2020;2020_4_10;agendalle;1
1306;4/2020;2020_4_10;ei;1
1306;4/2020;2020_4_10;äänestä;1
1306;4/2020;2020_4_10;tyhjää;1
1306;4/2020;2020_4_10;vaan;1
1306;4/2020;2020_4_10;kertoo;1
1306;4/2020;2020_4_10;linjansa;1
1306;4/2020;2020_4_10;ytimessä;1
1306;4/2020;2020_4_10;se;1
1306;4/2020;2020_4_10;hyvä;1
1306;4/2020;2020_4_10;koska;1
1306;4/2020;2020_4_10;eu;1
1306;4/2020;2020_4_10;nyt;1
1306;4/2020;2020_4_10;enemmän;1
1306;4/2020;2020_4_10;kuin;2
1306;4/2020;2020_4_10;koskaan;1
1306;4/2020;2020_4_10;tarvitsee;1
1306;4/2020;2020_4_10;niitä;1
1306;4/2020;2020_4_10;jotka;2
1306;4/2020;2020_4_10;puolustavat;1
1306;4/2020;2020_4_10;oikeusvaltioperiaatetta;1
1306;4/2020;2020_4_10;demokratiaa;1
1306;4/2020;2020_4_10;ihmisoikeuksia;1
1306;4/2020;2020_4_10;haluavat;1
1306;4/2020;2020_4_10;kehittää;1
1306;4/2020;2020_4_10;euta;1
1306;4/2020;2020_4_10;parantaa;1
1306;4/2020;2020_4_10;sen;1
1306;4/2020;2020_4_10;sisämarkkinoiden;1
1306;4/2020;2020_4_10;toimintaa;1
1306;4/2020;2020_4_10;kilpailukyky;1
1306;4/2020;2020_4_10;elintärkeää;1
1306;4/2020;2020_4_10;suomen;1
1306;4/2020;2020_4_10;kaltaiselle;1
1306;4/2020;2020_4_10;pienelle;1
1306;4/2020;2020_4_10;maalle;1
1306;4/2020;2020_4_10;meidän;2
1306;4/2020;2020_4_10;pyrittävä;1
1306;4/2020;2020_4_10;olemaan;1
1306;4/2020;2020_4_10;vähän;2
1306;4/2020;2020_4_10;nopeampia;1
1306;4/2020;2020_4_10;ketterämpiä;1
1306;4/2020;2020_4_10;avoimempia;1
1306;4/2020;2020_4_10;osaavampia;1
1306;4/2020;2020_4_10;muut;1
1306;4/2020;2020_4_10;tulee;1
1306;4/2020;2020_4_10;pystyä;1
1306;4/2020;2020_4_10;hyödyntämään;1
1306;4/2020;2020_4_10;voimavarojamme;1
1306;4/2020;2020_4_10;muita;1
1306;4/2020;2020_4_10;paremmin;1
1306;18/2020;2020_18_35;ärade;1
1306;18/2020;2020_18_35;talman;1
1306;18/2020;2020_18_35;arvoisa;1
1306;18/2020;2020_18_35;puhemies;1
1306;18/2020;2020_18_35;situationen;1
1306;18/2020;2020_18_35;grekland;1
1306;18/2020;2020_18_35;är;1
1306;18/2020;2020_18_35;akut;1
1306;18/2020;2020_18_35;eus;1
1306;18/2020;2020_18_35;inrikesministrar;1
1306;18/2020;2020_18_35;träffades;1
1306;18/2020;2020_18_35;går;1
1306;18/2020;2020_18_35;bryssel;1
1306;18/2020;2020_18_35;för;2
1306;18/2020;2020_18_35;att;4
1306;18/2020;2020_18_35;diskutera;1
1306;18/2020;2020_18_35;landets;1
1306;18/2020;2020_18_35;situation;1
1306;18/2020;2020_18_35;till;1
1306;18/2020;2020_18_35;följd;1
1306;18/2020;2020_18_35;av;1
1306;18/2020;2020_18_35;turkiets;1
1306;18/2020;2020_18_35;besked;1
1306;18/2020;2020_18_35;öppna;1
1306;18/2020;2020_18_35;gränserna;1
1306;18/2020;2020_18_35;trots;1
1306;18/2020;2020_18_35;vi;1
1306;18/2020;2020_18_35;har;1
1306;18/2020;2020_18_35;ett;2
1306;18/2020;2020_18_35;gränsavtal;1
1306;18/2020;2020_18_35;flyktingkrisen;1
1306;18/2020;2020_18_35;och;1
1306;18/2020;2020_18_35;dess;1
1306;18/2020;2020_18_35;efterverkningar;1
1306;18/2020;2020_18_35;visar;1
1306;18/2020;2020_18_35;det;1
1306;18/2020;2020_18_35;behövs;1
1306;18/2020;2020_18_35;rättvist;1
1306;18/2020;2020_18_35;system;1
1306;18/2020;2020_18_35;också;1
1306;18/2020;2020_18_35;ansvarsfördelning;1
1306;18/2020;2020_18_35;inom;1
1306;18/2020;2020_18_35;eu;1
1306;25/2020;2020_25_11;ärade;1
1306;25/2020;2020_25_11;talman;1
1306;25/2020;2020_25_11;regeringen;1
1306;25/2020;2020_25_11;har;1
1306;25/2020;2020_25_11;går;1
1306;25/2020;2020_25_11;fattat;1
1306;25/2020;2020_25_11;beslut;1
1306;25/2020;2020_25_11;om;3
1306;25/2020;2020_25_11;kraftiga;1
1306;25/2020;2020_25_11;åtgärder;3
1306;25/2020;2020_25_11;exceptionella;1
1306;25/2020;2020_25_11;för;4
1306;25/2020;2020_25_11;att;6
1306;25/2020;2020_25_11;bekämpa;1
1306;25/2020;2020_25_11;coronaviruset;1
1306;25/2020;2020_25_11;finland;2
1306;25/2020;2020_25_11;det;5
1306;25/2020;2020_25_11;är;3
1306;25/2020;2020_25_11;första;1
1306;25/2020;2020_25_11;gången;1
1306;25/2020;2020_25_11;fredstid;1
1306;25/2020;2020_25_11;som;4
1306;25/2020;2020_25_11;beredskapslagen;1
1306;25/2020;2020_25_11;föreslås;1
1306;25/2020;2020_25_11;träda;1
1306;25/2020;2020_25_11;kraft;1
1306;25/2020;2020_25_11;handlar;1
1306;25/2020;2020_25_11;punkter;1
1306;25/2020;2020_25_11;skydda;3
1306;25/2020;2020_25_11;befolkningen;1
1306;25/2020;2020_25_11;våra;3
1306;25/2020;2020_25_11;medmänniskor;2
1306;25/2020;2020_25_11;och;2
1306;25/2020;2020_25_11;trygga;1
1306;25/2020;2020_25_11;samhällets;1
1306;25/2020;2020_25_11;funktion;1
1306;25/2020;2020_25_11;eftersom;1
1306;25/2020;2020_25_11;vi;5
1306;25/2020;2020_25_11;nu;1
1306;25/2020;2020_25_11;befinner;1
1306;25/2020;2020_25_11;oss;1
1306;25/2020;2020_25_11;undantagsförhållanden;1
1306;25/2020;2020_25_11;kommer;1
1306;25/2020;2020_25_11;ta;1
1306;25/2020;2020_25_11;bruk;1
1306;25/2020;2020_25_11;en;1
1306;25/2020;2020_25_11;del;1
1306;25/2020;2020_25_11;verktyg;1
1306;25/2020;2020_25_11;delvis;1
1306;25/2020;2020_25_11;begränsar;1
1306;25/2020;2020_25_11;vardagsliv;1
1306;25/2020;2020_25_11;vana;1
1306;25/2020;2020_25_11;vid;1
1306;25/2020;2020_25_11;svenska;1
1306;25/2020;2020_25_11;riksdagsgruppen;1
1306;25/2020;2020_25_11;vill;1
1306;25/2020;2020_25_11;understryka;1
1306;25/2020;2020_25_11;gör;2
1306;25/2020;2020_25_11;här;1
1306;25/2020;2020_25_11;äldre;1
1306;25/2020;2020_25_11;andra;1
1306;25/2020;2020_25_11;tillhör;1
1306;25/2020;2020_25_11;riskgrupperna;1
1306;25/2020;2020_25_11;nödvändigt;1
1306;25/2020;2020_25_11;på;1
1306;25/2020;2020_25_11;bästa;1
1306;25/2020;2020_25_11;möjliga;1
1306;25/2020;2020_25_11;sätt;1
1306;33/2020;2020_33_23;ärade;1
1306;33/2020;2020_33_23;talman;1
1306;33/2020;2020_33_23;vi;1
1306;33/2020;2020_33_23;har;4
1306;33/2020;2020_33_23;nu;1
1306;33/2020;2020_33_23;en;1
1306;33/2020;2020_33_23;dryg;1
1306;33/2020;2020_33_23;vecka;1
1306;33/2020;2020_33_23;levt;1
1306;33/2020;2020_33_23;exceptionella;3
1306;33/2020;2020_33_23;omständigheter;1
1306;33/2020;2020_33_23;och;3
1306;33/2020;2020_33_23;våra;4
1306;33/2020;2020_33_23;skolor;1
1306;33/2020;2020_33_23;arbetat;1
1306;33/2020;2020_33_23;under;1
1306;33/2020;2020_33_23;förhållanden;1
1306;33/2020;2020_33_23;som;1
1306;33/2020;2020_33_23;satt;1
1306;33/2020;2020_33_23;ganska;1
1306;33/2020;2020_33_23;stor;1
1306;33/2020;2020_33_23;press;1
1306;33/2020;2020_33_23;på;1
1306;33/2020;2020_33_23;både;1
1306;33/2020;2020_33_23;barn;1
1306;33/2020;2020_33_23;lärare;1
1306;33/2020;2020_33_23;det;1
1306;33/2020;2020_33_23;gått;1
1306;33/2020;2020_33_23;bra;1
1306;33/2020;2020_33_23;vågar;1
1306;33/2020;2020_33_23;jag;1
1306;33/2020;2020_33_23;påstå;1
1306;33/2020;2020_33_23;mycket;1
1306;33/2020;2020_33_23;tack;1
1306;33/2020;2020_33_23;vare;1
1306;33/2020;2020_33_23;lärares;1
1306;33/2020;2020_33_23;pedagogiska;1
1306;33/2020;2020_33_23;färdigheter;1
1306;34/2020;2020_34_13;ärade;1
1306;34/2020;2020_34_13;talman;1
1306;34/2020;2020_34_13;haluan;1
1306;34/2020;2020_34_13;myös;1
1306;34/2020;2020_34_13;kiittää;1
1306;34/2020;2020_34_13;talousvaliokuntaa;1
1306;34/2020;2020_34_13;ja;13
1306;34/2020;2020_34_13;perustuslakivaliokuntaa;1
1306;34/2020;2020_34_13;hyvästä;1
1306;34/2020;2020_34_13;työstä;1
1306;34/2020;2020_34_13;tämä;4
1306;34/2020;2020_34_13;on;13
1306;34/2020;2020_34_13;rankka;1
1306;34/2020;2020_34_13;raskas;1
1306;34/2020;2020_34_13;toimenpide;1
1306;34/2020;2020_34_13;jolla;1
1306;34/2020;2020_34_13;tulee;3
1306;34/2020;2020_34_13;olemaan;1
1306;34/2020;2020_34_13;suuria;1
1306;34/2020;2020_34_13;taloudellisia;1
1306;34/2020;2020_34_13;vaikutuksia;1
1306;34/2020;2020_34_13;näihin;1
1306;34/2020;2020_34_13;yksittäisiin;1
1306;34/2020;2020_34_13;yrittäjiin;1
1306;34/2020;2020_34_13;siksi;1
1306;34/2020;2020_34_13;oleellista;4
1306;34/2020;2020_34_13;että;13
1306;34/2020;2020_34_13;me;3
1306;34/2020;2020_34_13;luomme;1
1306;34/2020;2020_34_13;heille;1
1306;34/2020;2020_34_13;näkymän;1
1306;34/2020;2020_34_13;tämän;5
1306;34/2020;2020_34_13;kuopan;3
1306;34/2020;2020_34_13;yli;1
1306;34/2020;2020_34_13;myöskin;7
1306;34/2020;2020_34_13;niille;1
1306;34/2020;2020_34_13;vuokranantajille;1
1306;34/2020;2020_34_13;jotka;1
1306;34/2020;2020_34_13;ovat;2
1306;34/2020;2020_34_13;tässä;4
1306;34/2020;2020_34_13;jossain;1
1306;34/2020;2020_34_13;määrin;1
1306;34/2020;2020_34_13;avainasemassa;1
1306;34/2020;2020_34_13;hekin;1
1306;34/2020;2020_34_13;näkevät;1
1306;34/2020;2020_34_13;näistä;1
1306;34/2020;2020_34_13;vuokralaisista;1
1306;34/2020;2020_34_13;kannattaa;1
1306;34/2020;2020_34_13;pitää;1
1306;34/2020;2020_34_13;kiinni;1
1306;34/2020;2020_34_13;jotta;2
1306;34/2020;2020_34_13;he;1
1306;34/2020;2020_34_13;olisivat;1
1306;34/2020;2020_34_13;olemassa;1
1306;34/2020;2020_34_13;jälkeen;3
1306;34/2020;2020_34_13;koska;1
1306;34/2020;2020_34_13;monella;1
1306;34/2020;2020_34_13;tavalla;2
1306;34/2020;2020_34_13;erilainen;1
1306;34/2020;2020_34_13;kriisi;2
1306;34/2020;2020_34_13;kuin;2
1306;34/2020;2020_34_13;vuoden;1
1306;34/2020;2020_34_13;tai;1
1306;34/2020;2020_34_13;luvun;1
1306;34/2020;2020_34_13;alun;1
1306;34/2020;2020_34_13;kriisit;1
1306;34/2020;2020_34_13;silloin;2
1306;34/2020;2020_34_13;ei;2
1306;34/2020;2020_34_13;osattu;1
1306;34/2020;2020_34_13;aavistaa;1
1306;34/2020;2020_34_13;miten;1
1306;34/2020;2020_34_13;syvä;1
1306;34/2020;2020_34_13;pitkä;1
1306;34/2020;2020_34_13;kuoppa;1
1306;34/2020;2020_34_13;nyt;3
1306;34/2020;2020_34_13;tiedämme;1
1306;34/2020;2020_34_13;tähän;1
1306;34/2020;2020_34_13;liittyy;1
1306;34/2020;2020_34_13;oleellisesti;1
1306;34/2020;2020_34_13;ulkoinen;1
1306;34/2020;2020_34_13;vaikutin;1
1306;34/2020;2020_34_13;jonka;1
1306;34/2020;2020_34_13;pituudesta;1
1306;34/2020;2020_34_13;voi;2
1306;34/2020;2020_34_13;tehdä;1
1306;34/2020;2020_34_13;kuitenkin;1
1306;34/2020;2020_34_13;kohtalaisen;2
1306;34/2020;2020_34_13;valistuneita;1
1306;34/2020;2020_34_13;arvioita;1
1306;34/2020;2020_34_13;olettaa;1
1306;34/2020;2020_34_13;tilanne;2
1306;34/2020;2020_34_13;palautuu;1
1306;34/2020;2020_34_13;ellei;1
1306;34/2020;2020_34_13;normaaliksi;1
1306;34/2020;2020_34_13;niin;4
1306;34/2020;2020_34_13;huomattavan;1
1306;34/2020;2020_34_13;paljon;1
1306;34/2020;2020_34_13;paremmaksi;1
1306;34/2020;2020_34_13;ihan;2
1306;34/2020;2020_34_13;muutaman;2
1306;34/2020;2020_34_13;kuukauden;2
1306;34/2020;2020_34_13;sisällä;1
1306;34/2020;2020_34_13;pidetään;1
1306;34/2020;2020_34_13;nämä;3
1306;34/2020;2020_34_13;yritykset;2
1306;34/2020;2020_34_13;hengissä;2
1306;34/2020;2020_34_13;ne;1
1306;34/2020;2020_34_13;silloinkin;1
1306;34/2020;2020_34_13;voivat;1
1306;34/2020;2020_34_13;toimia;2
1306;34/2020;2020_34_13;työllistäjinä;1
1306;34/2020;2020_34_13;talouden;1
1306;34/2020;2020_34_13;joskin;1
1306;34/2020;2020_34_13;pienehköinä;1
1306;34/2020;2020_34_13;vetureina;2
1306;34/2020;2020_34_13;mutta;5
1306;34/2020;2020_34_13;kumminkin;1
1306;34/2020;2020_34_13;pohdittu;1
1306;34/2020;2020_34_13;kompensointimekanismeja;1
1306;34/2020;2020_34_13;nostettu;2
1306;34/2020;2020_34_13;esille;2
1306;34/2020;2020_34_13;esimerkiksi;1
1306;34/2020;2020_34_13;se;2
1306;34/2020;2020_34_13;yrittäjät;1
1306;34/2020;2020_34_13;saavat;1
1306;34/2020;2020_34_13;työttömyysturvaa;1
1306;34/2020;2020_34_13;asia;2
1306;34/2020;2020_34_13;tietenkin;1
1306;34/2020;2020_34_13;edustaja;2
1306;34/2020;2020_34_13;essayah;1
1306;34/2020;2020_34_13;totesi;2
1306;34/2020;2020_34_13;sillä;2
1306;34/2020;2020_34_13;toki;1
1306;34/2020;2020_34_13;autetaan;1
1306;34/2020;2020_34_13;yksittäisiä;1
1306;34/2020;2020_34_13;yrittäjiä;1
1306;34/2020;2020_34_13;niitä;2
1306;34/2020;2020_34_13;yrityksiä;1
1306;34/2020;2020_34_13;tarvitsemme;2
1306;34/2020;2020_34_13;sitä;2
1306;34/2020;2020_34_13;kriisin;2
1306;34/2020;2020_34_13;toivottavasti;1
1306;34/2020;2020_34_13;lyhyehkön;1
1306;34/2020;2020_34_13;jolloin;2
1306;34/2020;2020_34_13;suoria;1
1306;34/2020;2020_34_13;tukia;1
1306;34/2020;2020_34_13;heidän;1
1306;34/2020;2020_34_13;auttamiseksi;1
1306;34/2020;2020_34_13;lisäbudjetissa;1
1306;34/2020;2020_34_13;jonkun;1
1306;34/2020;2020_34_13;verran;1
1306;34/2020;2020_34_13;kuten;1
1306;34/2020;2020_34_13;marttinenkin;1
1306;34/2020;2020_34_13;tuossa;1
1306;34/2020;2020_34_13;lisää;1
1306;34/2020;2020_34_13;tarvittaneen;1
1306;34/2020;2020_34_13;mitä;1
1306;34/2020;2020_34_13;verotukseen;1
1306;34/2020;2020_34_13;sen;3
1306;34/2020;2020_34_13;suhteenhan;1
1306;34/2020;2020_34_13;tuli;1
1306;34/2020;2020_34_13;jonkinlaisia;1
1306;34/2020;2020_34_13;esityksiä;1
1306;34/2020;2020_34_13;apua;1
1306;34/2020;2020_34_13;jo;1
1306;34/2020;2020_34_13;viime;1
1306;34/2020;2020_34_13;viikon;1
1306;34/2020;2020_34_13;alkupuolella;1
1306;34/2020;2020_34_13;sikäli;1
1306;34/2020;2020_34_13;joitain;1
1306;34/2020;2020_34_13;asioita;1
1306;34/2020;2020_34_13;tehty;1
1306;34/2020;2020_34_13;siihen;1
1306;34/2020;2020_34_13;varmaan;2
1306;34/2020;2020_34_13;joudutaan;1
1306;34/2020;2020_34_13;palaamaan;1
1306;34/2020;2020_34_13;vielä;1
1306;34/2020;2020_34_13;mietinnössä;1
1306;34/2020;2020_34_13;muutama;1
1306;34/2020;2020_34_13;tärkeä;1
1306;34/2020;2020_34_13;yrittäjien;1
1306;34/2020;2020_34_13;tilanteen;1
1306;34/2020;2020_34_13;helpottamiseksi;1
1306;34/2020;2020_34_13;mielestäni;1
1306;34/2020;2020_34_13;olisi;2
1306;34/2020;2020_34_13;hyvä;1
1306;34/2020;2020_34_13;pohtia;1
1306;34/2020;2020_34_13;tätä;1
1306;34/2020;2020_34_13;ulosmyyntiä;1
1306;34/2020;2020_34_13;laajentamista;1
1306;34/2020;2020_34_13;vaikkakin;1
1306;34/2020;2020_34_13;määräaikaisesti;1
1306;34/2020;2020_34_13;saadaan;2
1306;34/2020;2020_34_13;hieman;1
1306;34/2020;2020_34_13;parannettua;1
1306;34/2020;2020_34_13;edellytyksiä;1
1306;34/2020;2020_34_13;aikana;1
1306;34/2020;2020_34_13;toivon;1
1306;34/2020;2020_34_13;pohditaan;1
1306;34/2020;2020_34_13;vaiheistus;1
1306;34/2020;2020_34_13;nytten;1
1306;34/2020;2020_34_13;läpi;1
1306;34/2020;2020_34_13;suomi;1
1306;34/2020;2020_34_13;iso;1
1306;34/2020;2020_34_13;maa;1
1306;34/2020;2020_34_13;etenee;1
1306;34/2020;2020_34_13;eri;3
1306;34/2020;2020_34_13;tahdissa;2
1306;34/2020;2020_34_13;maan;1
1306;34/2020;2020_34_13;puolilla;1
1306;34/2020;2020_34_13;vetäytyy;1
1306;34/2020;2020_34_13;hyvin;1
1306;34/2020;2020_34_13;tärkeää;1
1306;34/2020;2020_34_13;voidaan;1
1306;34/2020;2020_34_13;poistaa;1
1306;34/2020;2020_34_13;rajoitukset;1
1306;34/2020;2020_34_13;heti;1
1306;34/2020;2020_34_13;kun;1
1306;34/2020;2020_34_13;suinkin;1
1306;34/2020;2020_34_13;sallii;1
1306;34/2020;2020_34_13;eli;1
1306;34/2020;2020_34_13;ajallinen;1
1306;34/2020;2020_34_13;alueellinen;1
1306;34/2020;2020_34_13;rajaaminen;1
1306;34/2020;2020_34_13;aivan;1
1306;34/2020;2020_34_13;syytä;1
1306;34/2020;2020_34_13;saada;1
1306;34/2020;2020_34_13;sitten;1
1306;34/2020;2020_34_13;täytäntöön;1
1306;34/2020;2020_34_13;valiokunnan;1
1306;34/2020;2020_34_13;ehdottamalla;1
1306;42/2020;2020_42_28;ärade;1
1306;42/2020;2020_42_28;talman;1
1306;42/2020;2020_42_28;tämä;2
1306;42/2020;2020_42_28;kriisihän;1
1306;42/2020;2020_42_28;on;25
1306;42/2020;2020_42_28;tosiaankin;1
1306;42/2020;2020_42_28;edennyt;1
1306;42/2020;2020_42_28;varsin;3
1306;42/2020;2020_42_28;nopeasti;1
1306;42/2020;2020_42_28;itse;2
1306;42/2020;2020_42_28;nyt;2
1306;42/2020;2020_42_28;ainakin;1
1306;42/2020;2020_42_28;olen;1
1306;42/2020;2020_42_28;ollut;3
1306;42/2020;2020_42_28;iloinen;1
1306;42/2020;2020_42_28;siitä;4
1306;42/2020;2020_42_28;että;12
1306;42/2020;2020_42_28;tässä;8
1306;42/2020;2020_42_28;parlamentaarisesti;1
1306;42/2020;2020_42_28;tätä;3
1306;42/2020;2020_42_28;käsitelty;1
1306;42/2020;2020_42_28;ovat;2
1306;42/2020;2020_42_28;kaikki;3
1306;42/2020;2020_42_28;ryhmät;1
1306;42/2020;2020_42_28;olleet;1
1306;42/2020;2020_42_28;säätytalolla;1
1306;42/2020;2020_42_28;monessa;1
1306;42/2020;2020_42_28;tapaamisessa;1
1306;42/2020;2020_42_28;mukana;1
1306;42/2020;2020_42_28;tilannekuva;1
1306;42/2020;2020_42_28;sama;1
1306;42/2020;2020_42_28;ollaan;3
1306;42/2020;2020_42_28;pohdittu;2
1306;42/2020;2020_42_28;yhteisesti;1
1306;42/2020;2020_42_28;haastetta;2
1306;42/2020;2020_42_28;ja;13
1306;42/2020;2020_42_28;valtiovarainvaliokunnassakin;1
1306;42/2020;2020_42_28;opposition;1
1306;42/2020;2020_42_28;näkemykset;1
1306;42/2020;2020_42_28;näkyivät;1
1306;42/2020;2020_42_28;hyvin;2
1306;42/2020;2020_42_28;lisätalousarvioon;1
1306;42/2020;2020_42_28;tehdyissä;1
1306;42/2020;2020_42_28;muutoksissa;1
1306;42/2020;2020_42_28;kyllä;1
1306;42/2020;2020_42_28;leveällä;1
1306;42/2020;2020_42_28;rintamalla;1
1306;42/2020;2020_42_28;yritetään;1
1306;42/2020;2020_42_28;kohdata;1
1306;42/2020;2020_42_28;mitä;2
1306;42/2020;2020_42_28;tähän;1
1306;42/2020;2020_42_28;asiaan;1
1306;42/2020;2020_42_28;tulee;1
1306;42/2020;2020_42_28;niin;3
1306;42/2020;2020_42_28;tietenkin;4
1306;42/2020;2020_42_28;hyvä;2
1306;42/2020;2020_42_28;työmarkkinajärjestöt;1
1306;42/2020;2020_42_28;pääsivät;1
1306;42/2020;2020_42_28;yhteisymmärrykseen;1
1306;42/2020;2020_42_28;suosituksesta;1
1306;42/2020;2020_42_28;jonka;1
1306;42/2020;2020_42_28;pohjalta;1
1306;42/2020;2020_42_28;nytten;2
1306;42/2020;2020_42_28;täällä;3
1306;42/2020;2020_42_28;päätämme;1
1306;42/2020;2020_42_28;asioista;1
1306;42/2020;2020_42_28;kuitenkin;2
1306;42/2020;2020_42_28;myöskin;4
1306;42/2020;2020_42_28;kun;2
1306;42/2020;2020_42_28;kuoppa;1
1306;42/2020;2020_42_28;ylitetty;1
1306;42/2020;2020_42_28;sitä;1
1306;42/2020;2020_42_28;samaa;2
1306;42/2020;2020_42_28;joustavuutta;1
1306;42/2020;2020_42_28;yhteisymmärrystä;1
1306;42/2020;2020_42_28;tarvitaan;2
1306;42/2020;2020_42_28;sen;4
1306;42/2020;2020_42_28;jälkeenkin;1
1306;42/2020;2020_42_28;tarve;1
1306;42/2020;2020_42_28;ei;5
1306;42/2020;2020_42_28;häviä;1
1306;42/2020;2020_42_28;mihinkään;1
1306;42/2020;2020_42_28;tie;1
1306;42/2020;2020_42_28;ylös;1
1306;42/2020;2020_42_28;tavallaan;1
1306;42/2020;2020_42_28;tästä;1
1306;42/2020;2020_42_28;ulkoisesta;1
1306;42/2020;2020_42_28;okista;1
1306;42/2020;2020_42_28;huolimatta;1
1306;42/2020;2020_42_28;vaikea;1
1306;42/2020;2020_42_28;näiden;1
1306;42/2020;2020_42_28;varsinaisten;1
1306;42/2020;2020_42_28;viruksen;1
1306;42/2020;2020_42_28;aiheuttamien;1
1306;42/2020;2020_42_28;rajoitustoimienkin;1
1306;42/2020;2020_42_28;jälkeen;1
1306;42/2020;2020_42_28;paikallisesta;1
1306;42/2020;2020_42_28;sopimisesta;1
1306;42/2020;2020_42_28;puhuttu;2
1306;42/2020;2020_42_28;se;7
1306;42/2020;2020_42_28;löytyy;1
1306;42/2020;2020_42_28;hallitusohjelmasta;1
1306;42/2020;2020_42_28;kanssa;1
1306;42/2020;2020_42_28;entistä;1
1306;42/2020;2020_42_28;tärkeämpää;1
1306;42/2020;2020_42_28;edetä;1
1306;42/2020;2020_42_28;näistä;1
1306;42/2020;2020_42_28;välittömistä;1
1306;42/2020;2020_42_28;toimista;1
1306;42/2020;2020_42_28;päästään;1
1306;42/2020;2020_42_28;eteenpäin;2
1306;42/2020;2020_42_28;sillä;3
1306;42/2020;2020_42_28;käsittää;1
1306;42/2020;2020_42_28;meillä;3
1306;42/2020;2020_42_28;varmaan;1
1306;42/2020;2020_42_28;salissa;1
1306;42/2020;2020_42_28;aika;1
1306;42/2020;2020_42_28;monta;1
1306;42/2020;2020_42_28;näkemystä;1
1306;42/2020;2020_42_28;uskon;2
1306;42/2020;2020_42_28;paikallisesti;1
1306;42/2020;2020_42_28;työpaikalla;1
1306;42/2020;2020_42_28;voidaan;1
1306;42/2020;2020_42_28;päästä;2
1306;42/2020;2020_42_28;sopuun;1
1306;42/2020;2020_42_28;verrattu;1
1306;42/2020;2020_42_28;suomen;1
1306;42/2020;2020_42_28;ruotsin;2
1306;42/2020;2020_42_28;tilannetta;1
1306;42/2020;2020_42_28;toisiinsa;1
1306;42/2020;2020_42_28;oleellinen;1
1306;42/2020;2020_42_28;asia;1
1306;42/2020;2020_42_28;joka;1
1306;42/2020;2020_42_28;erilainen;1
1306;42/2020;2020_42_28;ruotsissa;1
1306;42/2020;2020_42_28;verrattuna;1
1306;42/2020;2020_42_28;suomeen;1
1306;42/2020;2020_42_28;ehkä;3
1306;42/2020;2020_42_28;käsitys;1
1306;42/2020;2020_42_28;samassa;1
1306;42/2020;2020_42_28;veneessä;1
1306;42/2020;2020_42_28;sekä;1
1306;42/2020;2020_42_28;työnantajat;1
1306;42/2020;2020_42_28;työntekijät;2
1306;42/2020;2020_42_28;tavoittelevat;1
1306;42/2020;2020_42_28;asiaa;1
1306;42/2020;2020_42_28;siellä;1
1306;42/2020;2020_42_28;toki;1
1306;42/2020;2020_42_28;työntekijän;1
1306;42/2020;2020_42_28;asema;1
1306;42/2020;2020_42_28;päätöksenteossa;1
1306;42/2020;2020_42_28;vahvempi;1
1306;42/2020;2020_42_28;tulisi;1
1306;42/2020;2020_42_28;olla;3
1306;42/2020;2020_42_28;osa;2
1306;42/2020;2020_42_28;suomalaistakin;1
1306;42/2020;2020_42_28;ratkaisua;1
1306;42/2020;2020_42_28;ole;2
1306;42/2020;2020_42_28;hedelmällistä;1
1306;42/2020;2020_42_28;pohtia;2
1306;42/2020;2020_42_28;viitaten;1
1306;42/2020;2020_42_28;vanhoihin;1
1306;42/2020;2020_42_28;yrityksiin;1
1306;42/2020;2020_42_28;paikallisessa;1
1306;42/2020;2020_42_28;sopimisessa;1
1306;42/2020;2020_42_28;niitä;2
1306;42/2020;2020_42_28;epäonnistumisia;1
1306;42/2020;2020_42_28;kenen;1
1306;42/2020;2020_42_28;syytä;2
1306;42/2020;2020_42_28;kukin;1
1306;42/2020;2020_42_28;epäonnistuminen;1
1306;42/2020;2020_42_28;aikanaan;1
1306;42/2020;2020_42_28;kriisin;1
1306;42/2020;2020_42_28;myötä;1
1306;42/2020;2020_42_28;joudutaan;1
1306;42/2020;2020_42_28;tekemään;1
1306;42/2020;2020_42_28;vahvoja;1
1306;42/2020;2020_42_28;tukitoimia;1
1306;42/2020;2020_42_28;tarkoituksenmukaista;1
1306;42/2020;2020_42_28;kohdistuvatko;1
1306;42/2020;2020_42_28;ne;3
1306;42/2020;2020_42_28;yrittäjään;1
1306;42/2020;2020_42_28;työntekijään;1
1306;42/2020;2020_42_28;työttömään;1
1306;42/2020;2020_42_28;tai;2
1306;42/2020;2020_42_28;yritykseen;1
1306;42/2020;2020_42_28;tarvitsevat;1
1306;42/2020;2020_42_28;osansa;1
1306;42/2020;2020_42_28;vääjäämättä;1
1306;42/2020;2020_42_28;näin;1
1306;42/2020;2020_42_28;jos;2
1306;42/2020;2020_42_28;tuetaan;1
1306;42/2020;2020_42_28;yrittäjää;1
1306;42/2020;2020_42_28;yritystä;2
1306;42/2020;2020_42_28;olettaa;1
1306;42/2020;2020_42_28;työttömiä;1
1306;42/2020;2020_42_28;vähemmän;1
1306;42/2020;2020_42_28;yhtä;1
1306;42/2020;2020_42_28;lailla;1
1306;42/2020;2020_42_28;suurin;1
1306;42/2020;2020_42_28;yrityksistä;1
1306;42/2020;2020_42_28;kokee;1
1306;42/2020;2020_42_28;työlliset;1
1306;42/2020;2020_42_28;yrityksen;1
1306;42/2020;2020_42_28;tärkeintä;1
1306;42/2020;2020_42_28;pääomaa;1
1306;42/2020;2020_42_28;josta;1
1306;42/2020;2020_42_28;halutaan;1
1306;42/2020;2020_42_28;pitää;3
1306;42/2020;2020_42_28;kiinni;1
1306;42/2020;2020_42_28;kunhan;1
1306;42/2020;2020_42_28;vain;1
1306;42/2020;2020_42_28;pystytään;1
1306;42/2020;2020_42_28;sovittu;1
1306;42/2020;2020_42_28;isosta;1
1306;42/2020;2020_42_28;paketista;1
1306;42/2020;2020_42_28;viime;1
1306;42/2020;2020_42_28;viikolla;1
1306;42/2020;2020_42_28;oleellista;1
1306;42/2020;2020_42_28;kohdistuu;2
1306;42/2020;2020_42_28;oikein;1
1306;42/2020;2020_42_28;kohdistuuko;1
1306;42/2020;2020_42_28;projekteihin;2
1306;42/2020;2020_42_28;vai;1
1306;42/2020;2020_42_28;normaaliin;1
1306;42/2020;2020_42_28;toimintaan;1
1306;42/2020;2020_42_28;kyllähän;1
1306;42/2020;2020_42_28;kohdistua;1
1306;42/2020;2020_42_28;käytännössä;1
1306;42/2020;2020_42_28;molempiin;1
1306;42/2020;2020_42_28;yrityksillä;1
1306;42/2020;2020_42_28;polttava;1
1306;42/2020;2020_42_28;likviditeettikriisi;1
1306;42/2020;2020_42_28;käyttöpääomaa;2
1306;42/2020;2020_42_28;harvaa;1
1306;42/2020;2020_42_28;silloin;1
1306;42/2020;2020_42_28;lämmittää;1
1306;42/2020;2020_42_28;kehittämishankkeisiin;1
1306;42/2020;2020_42_28;saa;2
1306;42/2020;2020_42_28;nopeaa;2
1306;42/2020;2020_42_28;liennytystä;1
1306;42/2020;2020_42_28;tilanteeseen;1
1306;42/2020;2020_42_28;apua;1
1306;42/2020;2020_42_28;sellaisia;1
1306;42/2020;2020_42_28;työkaluja;1
1306;42/2020;2020_42_28;joilla;1
1306;42/2020;2020_42_28;saadaan;1
1306;42/2020;2020_42_28;vahvistettua;1
1306;42/2020;2020_42_28;likviditeettiä;1
1306;42/2020;2020_42_28;parannettua;1
1306;42/2020;2020_42_28;voi;1
1306;42/2020;2020_42_28;tapahtua;1
1306;42/2020;2020_42_28;business;1
1306;42/2020;2020_42_28;finlandin;1
1306;42/2020;2020_42_28;kautta;2
1306;42/2020;2020_42_28;jonkun;1
1306;42/2020;2020_42_28;muun;1
1306;42/2020;2020_42_28;pitäisikö;1
1306;42/2020;2020_42_28;alveja;1
1306;42/2020;2020_42_28;palauttaa;1
1306;42/2020;2020_42_28;mallin;1
1306;42/2020;2020_42_28;mukaisesti;1
1306;42/2020;2020_42_28;saattaisi;1
1306;42/2020;2020_42_28;keino;1
1306;42/2020;2020_42_28;täälläkin;1
1306;42/2020;2020_42_28;näillä;1
1306;42/2020;2020_42_28;päätöksillä;1
1306;42/2020;2020_42_28;kiire;1
1306;42/2020;2020_42_28;monella;1
1306;42/2020;2020_42_28;yrityksellä;1
1306;42/2020;2020_42_28;kassassa;1
1306;42/2020;2020_42_28;rahaa;1
1306;42/2020;2020_42_28;kuin;1
1306;42/2020;2020_42_28;muutamaksi;1
1306;42/2020;2020_42_28;viikoksi;1
1306;42/2020;2020_42_28;vastuu;1
1306;42/2020;2020_42_28;yrittää;1
1306;42/2020;2020_42_28;auttaa;1
1306;42/2020;2020_42_28;heitä;1
1306;42/2020;2020_42_28;tilanteessa;1
1306;42/2020;2020_42_28;eduskunnassa;1
1306;44/2020;2020_44_56;ärade;1
1306;44/2020;2020_44_56;talman;1
1306;44/2020;2020_44_56;arvoisa;1
1306;44/2020;2020_44_56;puhemies;1
1306;44/2020;2020_44_56;krisen;1
1306;44/2020;2020_44_56;är;3
1306;44/2020;2020_44_56;akut;1
1306;44/2020;2020_44_56;nu;1
1306;44/2020;2020_44_56;under;1
1306;44/2020;2020_44_56;de;1
1306;44/2020;2020_44_56;senaste;1
1306;44/2020;2020_44_56;veckorna;1
1306;44/2020;2020_44_56;har;2
1306;44/2020;2020_44_56;vi;2
1306;44/2020;2020_44_56;fattat;1
1306;44/2020;2020_44_56;många;1
1306;44/2020;2020_44_56;beslut;1
1306;44/2020;2020_44_56;för;3
1306;44/2020;2020_44_56;att;4
1306;44/2020;2020_44_56;hindra;1
1306;44/2020;2020_44_56;viruset;1
1306;44/2020;2020_44_56;sprids;1
1306;44/2020;2020_44_56;okontrollerat;1
1306;44/2020;2020_44_56;besluten;1
1306;44/2020;2020_44_56;varit;1
1306;44/2020;2020_44_56;helt;1
1306;44/2020;2020_44_56;otvetydigt;1
1306;44/2020;2020_44_56;nödvändiga;1
1306;44/2020;2020_44_56;skydda;1
1306;44/2020;2020_44_56;människoliv;1
1306;44/2020;2020_44_56;men;2
1306;44/2020;2020_44_56;efter;1
1306;44/2020;2020_44_56;stormen;1
1306;44/2020;2020_44_56;kommer;1
1306;44/2020;2020_44_56;ändå;2
1306;44/2020;2020_44_56;lugnet;1
1306;44/2020;2020_44_56;tiden;1
1306;44/2020;2020_44_56;mogen;1
1306;44/2020;2020_44_56;gå;1
1306;44/2020;2020_44_56;en;1
1306;44/2020;2020_44_56;diskussion;1
1306;44/2020;2020_44_56;om;1
1306;44/2020;2020_44_56;när;1
1306;44/2020;2020_44_56;och;1
1306;44/2020;2020_44_56;hur;1
1306;44/2020;2020_44_56;avskaffar;1
1306;44/2020;2020_44_56;begränsningarna;1
1306;44/2020;2020_44_56;på;1
1306;44/2020;2020_44_56;vilka;1
1306;44/2020;2020_44_56;villkor;1
1306;44/2020;2020_44_56;kan;1
1306;44/2020;2020_44_56;det;1
1306;44/2020;2020_44_56;här;1
1306;44/2020;2020_44_56;ske;1
1306;44/2020;2020_44_56;den;2
1306;44/2020;2020_44_56;diskussionen;1
1306;44/2020;2020_44_56;inte;1
1306;44/2020;2020_44_56;lätt;1
1306;44/2020;2020_44_56;måste;1
1306;44/2020;2020_44_56;föras;1
1306;57/2020;2020_57_71;ärade;1
1306;57/2020;2020_57_71;talman;1
1306;57/2020;2020_57_71;elämme;1
1306;57/2020;2020_57_71;koronakauden;1
1306;57/2020;2020_57_71;toista;1
1306;57/2020;2020_57_71;kuukautta;1
1306;57/2020;2020_57_71;ja;7
1306;57/2020;2020_57_71;moni;2
1306;57/2020;2020_57_71;asia;2
1306;57/2020;2020_57_71;on;14
1306;57/2020;2020_57_71;muuttunut;2
1306;57/2020;2020_57_71;ehkä;2
1306;57/2020;2020_57_71;pysyvästikin;1
1306;57/2020;2020_57_71;olemme;3
1306;57/2020;2020_57_71;saaneet;1
1306;57/2020;2020_57_71;kokea;1
1306;57/2020;2020_57_71;ne;1
1306;57/2020;2020_57_71;negatiiviset;1
1306;57/2020;2020_57_71;vaikutukset;1
1306;57/2020;2020_57_71;taloudelle;1
1306;57/2020;2020_57_71;joita;1
1306;57/2020;2020_57_71;rajojen;1
1306;57/2020;2020_57_71;sulkeminen;1
1306;57/2020;2020_57_71;tarkoittaa;1
1306;57/2020;2020_57_71;myös;3
1306;57/2020;2020_57_71;huomanneet;1
1306;57/2020;2020_57_71;että;5
1306;57/2020;2020_57_71;tietyillä;1
1306;57/2020;2020_57_71;aloilla;1
1306;57/2020;2020_57_71;ollaan;1
1306;57/2020;2020_57_71;ulkomaisen;1
1306;57/2020;2020_57_71;työvoiman;1
1306;57/2020;2020_57_71;varassa;1
1306;57/2020;2020_57_71;käytännön;1
1306;57/2020;2020_57_71;tasolla;1
1306;57/2020;2020_57_71;tehneet;1
1306;57/2020;2020_57_71;pakon;1
1306;57/2020;2020_57_71;edessä;1
1306;57/2020;2020_57_71;isoja;1
1306;57/2020;2020_57_71;muutoksia;1
1306;57/2020;2020_57_71;kouluissa;1
1306;57/2020;2020_57_71;tehty;1
1306;57/2020;2020_57_71;se;1
1306;57/2020;2020_57_71;kauan;1
1306;57/2020;2020_57_71;kaivattu;1
1306;57/2020;2020_57_71;digiloikka;2
1306;57/2020;2020_57_71;yritykset;1
1306;57/2020;2020_57_71;ovat;2
1306;57/2020;2020_57_71;vihdoin;1
1306;57/2020;2020_57_71;oppineet;1
1306;57/2020;2020_57_71;kokoushuoneen;1
1306;57/2020;2020_57_71;ulkopuoleltakin;1
1306;57/2020;2020_57_71;voi;3
1306;57/2020;2020_57_71;osallistua;1
1306;57/2020;2020_57_71;päätöksentekoon;1
1306;57/2020;2020_57_71;meistä;1
1306;57/2020;2020_57_71;poliitikoista;1
1306;57/2020;2020_57_71;nyt;3
1306;57/2020;2020_57_71;puhumattakaan;1
1306;57/2020;2020_57_71;samaan;1
1306;57/2020;2020_57_71;aikaan;2
1306;57/2020;2020_57_71;kun;3
1306;57/2020;2020_57_71;työpaikka;2
1306;57/2020;2020_57_71;saanut;2
1306;57/2020;2020_57_71;uusia;1
1306;57/2020;2020_57_71;merkityksiä;1
1306;57/2020;2020_57_71;työaikakäsite;1
1306;57/2020;2020_57_71;joustaa;4
1306;57/2020;2020_57_71;työtä;1
1306;57/2020;2020_57_71;tehdään;1
1306;57/2020;2020_57_71;poikkeavissa;1
1306;57/2020;2020_57_71;paikoissa;1
1306;57/2020;2020_57_71;poikkeavaan;1
1306;57/2020;2020_57_71;epäilemättä;1
1306;57/2020;2020_57_71;tavalla;1
1306;57/2020;2020_57_71;joka;1
1306;57/2020;2020_57_71;ei;4
1306;57/2020;2020_57_71;aina;1
1306;57/2020;2020_57_71;ole;2
1306;57/2020;2020_57_71;ihan;1
1306;57/2020;2020_57_71;yhteensopiva;1
1306;57/2020;2020_57_71;työaikalainsäädännön;1
1306;57/2020;2020_57_71;kanssa;1
1306;57/2020;2020_57_71;jossain;1
1306;57/2020;2020_57_71;vaiheessa;1
1306;57/2020;2020_57_71;tämäkin;1
1306;57/2020;2020_57_71;koronakurjuus;1
1306;57/2020;2020_57_71;takanapäin;1
1306;57/2020;2020_57_71;aika;1
1306;57/2020;2020_57_71;paaluttaa;1
1306;57/2020;2020_57_71;exit-strategia;1
1306;57/2020;2020_57_71;pohtia;1
1306;57/2020;2020_57_71;kriisin;3
1306;57/2020;2020_57_71;jälkeistä;1
1306;57/2020;2020_57_71;aikaa;1
1306;57/2020;2020_57_71;talouden;1
1306;57/2020;2020_57_71;kuva;1
1306;57/2020;2020_57_71;enää;1
1306;57/2020;2020_57_71;entisellään;1
1306;57/2020;2020_57_71;arvoisa;1
1306;57/2020;2020_57_71;puhemies;1
1306;57/2020;2020_57_71;hallitusohjelmassa;1
1306;57/2020;2020_57_71;paljon;1
1306;57/2020;2020_57_71;hyviä;1
1306;57/2020;2020_57_71;tarpeellisia;1
1306;57/2020;2020_57_71;strategisia;1
1306;57/2020;2020_57_71;tavoitteita;1
1306;57/2020;2020_57_71;jotka;1
1306;57/2020;2020_57_71;täysin;1
1306;57/2020;2020_57_71;kurantteja;1
1306;57/2020;2020_57_71;mutta;1
1306;57/2020;2020_57_71;selvää;1
1306;57/2020;2020_57_71;monia;1
1306;57/2020;2020_57_71;toimenpiteitä;1
1306;57/2020;2020_57_71;näiden;1
1306;57/2020;2020_57_71;tavoitteiden;1
1306;57/2020;2020_57_71;saavuttamiseksi;1
1306;57/2020;2020_57_71;joudutaan;1
1306;57/2020;2020_57_71;arvioimaan;1
1306;57/2020;2020_57_71;uudelleen;1
1306;57/2020;2020_57_71;talous;1
1306;57/2020;2020_57_71;notkahtaa;1
1306;57/2020;2020_57_71;verotulot;1
1306;57/2020;2020_57_71;hupenevat;1
1306;57/2020;2020_57_71;syytä;1
1306;57/2020;2020_57_71;uskoa;1
1306;57/2020;2020_57_71;työttömyys;1
1306;57/2020;2020_57_71;nousee;1
1306;57/2020;2020_57_71;siihen;1
1306;57/2020;2020_57_71;pitää;1
1306;57/2020;2020_57_71;reagoida;1
1306;57/2020;2020_57_71;sillä;1
1306;57/2020;2020_57_71;merkitystä;1
1306;57/2020;2020_57_71;siinä;1
1306;57/2020;2020_57_71;tilanteessa;1
1306;57/2020;2020_57_71;pidettävä;1
1306;57/2020;2020_57_71;muistissa;1
1306;57/2020;2020_57_71;aikana;2
1306;57/2020;2020_57_71;opitut;1
1306;57/2020;2020_57_71;asiat;1
1306;57/2020;2020_57_71;työaika;1
1306;57/2020;2020_57_71;työtavat;1
1306;57/2020;2020_57_71;voivat;1
1306;57/2020;2020_57_71;elämä;1
1306;57/2020;2020_57_71;normalisoituu;1
1306;57/2020;2020_57_71;tärkeää;1
1306;57/2020;2020_57_71;käyttöön;1
1306;57/2020;2020_57_71;otettuja;1
1306;57/2020;2020_57_71;joustoja;2
1306;57/2020;2020_57_71;unohdeta;1
1306;57/2020;2020_57_71;säilytetään;1
1306;57/2020;2020_57_71;erotetaan;1
1306;57/2020;2020_57_71;työn;1
1306;57/2020;2020_57_71;tekeminen;1
1306;57/2020;2020_57_71;paikasta;1
1306;57/2020;2020_57_71;matkustetaan;1
1306;57/2020;2020_57_71;vähemmän;1
1306;57/2020;2020_57_71;kommunikoidaan;1
1306;57/2020;2020_57_71;enemmän;1
1306;57/2020;2020_57_71;hallitusohjelman;1
1306;57/2020;2020_57_71;kirjaus;1
1306;57/2020;2020_57_71;paikallisen;1
1306;57/2020;2020_57_71;sopimisen;1
1306;57/2020;2020_57_71;edistämisestä;1
1306;57/2020;2020_57_71;erityisen;1
1306;57/2020;2020_57_71;tärkeä;1
1306;57/2020;2020_57_71;juuri;1
1306;57/2020;2020_57_71;mahdollistetaan;1
1306;57/2020;2020_57_71;sopiminen;1
1306;57/2020;2020_57_71;yhteisesti;1
1306;57/2020;2020_57_71;yhteistyössä;1
1306;57/2020;2020_57_71;luodaan;1
1306;57/2020;2020_57_71;yhteen;1
1306;57/2020;2020_57_71;hiileen;1
1306;57/2020;2020_57_71;puhaltamisen;1
1306;57/2020;2020_57_71;kulttuuri;1
1306;57/2020;2020_57_71;annetaan;1
1306;57/2020;2020_57_71;työntekijöille;1
1306;57/2020;2020_57_71;paikka;1
1306;57/2020;2020_57_71;yritysten;1
1306;57/2020;2020_57_71;hallituksissa;1
1306;57/2020;2020_57_71;tuodaan;1
1306;57/2020;2020_57_71;työpaikalle;1
1306;57/2020;2020_57_71;silloin;1
1306;57/2020;2020_57_71;niin;2
1306;57/2020;2020_57_71;toivotaan;1
1306;57/2020;2020_57_71;järjestäytyneissä;1
1306;57/2020;2020_57_71;kuin;1
1306;57/2020;2020_57_71;järjestäytymättömissä;1
1306;57/2020;2020_57_71;yrityksissä;1
1306;57/2020;2020_57_71;koska;1
1306;57/2020;2020_57_71;koronakriisin;1
1306;57/2020;2020_57_71;oppeja;1
1306;57/2020;2020_57_71;pidä;1
1306;57/2020;2020_57_71;hukata;1
1306;67/2020;2020_67_87;ärade;1
1306;67/2020;2020_67_87;talman;1
1306;67/2020;2020_67_87;vi;5
1306;67/2020;2020_67_87;har;8
1306;67/2020;2020_67_87;inte;2
1306;67/2020;2020_67_87;facit;1
1306;67/2020;2020_67_87;på;3
1306;67/2020;2020_67_87;hand;1
1306;67/2020;2020_67_87;men;2
1306;67/2020;2020_67_87;kan;4
1306;67/2020;2020_67_87;säga;2
1306;67/2020;2020_67_87;det;4
1306;67/2020;2020_67_87;redan;1
1306;67/2020;2020_67_87;nu;1
1306;67/2020;2020_67_87;många;1
1306;67/2020;2020_67_87;punkter;1
1306;67/2020;2020_67_87;coronakrisen;1
1306;67/2020;2020_67_87;skötts;1
1306;67/2020;2020_67_87;mycket;1
1306;67/2020;2020_67_87;väl;1
1306;67/2020;2020_67_87;här;2
1306;67/2020;2020_67_87;finland;1
1306;67/2020;2020_67_87;för;2
1306;67/2020;2020_67_87;en;2
1306;67/2020;2020_67_87;dryg;1
1306;67/2020;2020_67_87;månad;2
1306;67/2020;2020_67_87;sedan;2
1306;67/2020;2020_67_87;talades;1
1306;67/2020;2020_67_87;om;1
1306;67/2020;2020_67_87;att;5
1306;67/2020;2020_67_87;krisen;2
1306;67/2020;2020_67_87;leda;1
1306;67/2020;2020_67_87;till;2
1306;67/2020;2020_67_87;intensivvården;1
1306;67/2020;2020_67_87;kollapsar;1
1306;67/2020;2020_67_87;och;3
1306;67/2020;2020_67_87;över;2
1306;67/2020;2020_67_87;tusen;1
1306;67/2020;2020_67_87;patienter;1
1306;67/2020;2020_67_87;åt;1
1306;67/2020;2020_67_87;gången;1
1306;67/2020;2020_67_87;behöva;1
1306;67/2020;2020_67_87;vård;1
1306;67/2020;2020_67_87;respirator;1
1306;67/2020;2020_67_87;som;3
1306;67/2020;2020_67_87;ser;1
1306;67/2020;2020_67_87;ut;1
1306;67/2020;2020_67_87;dag;1
1306;67/2020;2020_67_87;farhågorna;1
1306;67/2020;2020_67_87;besannades;1
1306;67/2020;2020_67_87;de;2
1306;67/2020;2020_67_87;beslutsamma;1
1306;67/2020;2020_67_87;åtgärder;1
1306;67/2020;2020_67_87;regeringen;1
1306;67/2020;2020_67_87;riksdagen;1
1306;67/2020;2020_67_87;tog;1
1306;67/2020;2020_67_87;gett;2
1306;67/2020;2020_67_87;oss;2
1306;67/2020;2020_67_87;andrum;1
1306;67/2020;2020_67_87;tid;1
1306;67/2020;2020_67_87;sjukvården;1
1306;67/2020;2020_67_87;kunnat;1
1306;67/2020;2020_67_87;utvecklas;1
1306;67/2020;2020_67_87;åtgärderna;1
1306;67/2020;2020_67_87;bitit;1
1306;67/2020;2020_67_87;så;2
1306;67/2020;2020_67_87;epidemin;1
1306;67/2020;2020_67_87;förhindrats;1
1306;67/2020;2020_67_87;växa;1
1306;67/2020;2020_67_87;okontrollerat;1
1306;67/2020;2020_67_87;inga;1
1306;67/2020;2020_67_87;vårfester;1
1306;67/2020;2020_67_87;denna;1
1306;67/2020;2020_67_87;vår;1
1306;67/2020;2020_67_87;skötseln;1
1306;67/2020;2020_67_87;av;2
1306;67/2020;2020_67_87;långt;1
1306;67/2020;2020_67_87;får;1
1306;67/2020;2020_67_87;trots;1
1306;67/2020;2020_67_87;ett;2
1306;67/2020;2020_67_87;gott;1
1306;67/2020;2020_67_87;betyg;1
1306;67/2020;2020_67_87;ja;1
1306;67/2020;2020_67_87;rentav;1
1306;67/2020;2020_67_87;utmärkt;1
1306;67/2020;2020_67_87;vitsord;1
1306;67/2020;2020_67_87;agerat;1
1306;67/2020;2020_67_87;kraftfullt;1
1306;67/2020;2020_67_87;basen;1
1306;67/2020;2020_67_87;den;1
1306;67/2020;2020_67_87;information;1
1306;67/2020;2020_67_87;varit;1
1306;67/2020;2020_67_87;tillgänglig;1
1306;71/2020;2020_71_18;ärade;1
1306;71/2020;2020_71_18;talman;1
1306;71/2020;2020_71_18;ensinnäkin;1
1306;71/2020;2020_71_18;on;19
1306;71/2020;2020_71_18;hyvä;2
1306;71/2020;2020_71_18;että;11
1306;71/2020;2020_71_18;suomi;1
1306;71/2020;2020_71_18;tukee;1
1306;71/2020;2020_71_18;tässä;6
1306;71/2020;2020_71_18;myöskin;6
1306;71/2020;2020_71_18;whota;1
1306;71/2020;2020_71_18;kun;4
1306;71/2020;2020_71_18;joku;1
1306;71/2020;2020_71_18;pudottaa;1
1306;71/2020;2020_71_18;kapulan;1
1306;71/2020;2020_71_18;niin;4
1306;71/2020;2020_71_18;yhteisvastuuta;1
1306;71/2020;2020_71_18;kantavat;1
1306;71/2020;2020_71_18;maat;1
1306;71/2020;2020_71_18;nostavat;1
1306;71/2020;2020_71_18;sen;2
1306;71/2020;2020_71_18;yhteisen;1
1306;71/2020;2020_71_18;hyvän;1
1306;71/2020;2020_71_18;puolesta;1
1306;71/2020;2020_71_18;ylös;1
1306;71/2020;2020_71_18;ja;9
1306;71/2020;2020_71_18;vievät;1
1306;71/2020;2020_71_18;sitä;1
1306;71/2020;2020_71_18;eteenpäin;1
1306;71/2020;2020_71_18;pienen;2
1306;71/2020;2020_71_18;maan;2
1306;71/2020;2020_71_18;kuten;1
1306;71/2020;2020_71_18;suomen;3
1306;71/2020;2020_71_18;kiistaton;1
1306;71/2020;2020_71_18;etu;1
1306;71/2020;2020_71_18;se;9
1306;71/2020;2020_71_18;meillä;3
1306;71/2020;2020_71_18;sääntöihin;1
1306;71/2020;2020_71_18;pohjautuvaa;1
1306;71/2020;2020_71_18;kansainvälistä;1
1306;71/2020;2020_71_18;yhteistyötä;1
1306;71/2020;2020_71_18;pystytään;1
1306;71/2020;2020_71_18;tekemään;2
1306;71/2020;2020_71_18;työtä;1
1306;71/2020;2020_71_18;yhdessä;1
1306;71/2020;2020_71_18;vaikka;3
1306;71/2020;2020_71_18;tietenkin;1
1306;71/2020;2020_71_18;puutteita;1
1306;71/2020;2020_71_18;niissä;1
1306;71/2020;2020_71_18;kaikissa;1
1306;71/2020;2020_71_18;jossain;1
1306;71/2020;2020_71_18;määrin;1
1306;71/2020;2020_71_18;tämän;1
1306;71/2020;2020_71_18;kevään;1
1306;71/2020;2020_71_18;aikana;2
1306;71/2020;2020_71_18;tuettu;1
1306;71/2020;2020_71_18;yrityksiä;2
1306;71/2020;2020_71_18;ennennäkemättömällä;1
1306;71/2020;2020_71_18;tavalla;1
1306;71/2020;2020_71_18;monin;1
1306;71/2020;2020_71_18;eri;1
1306;71/2020;2020_71_18;tavoin;1
1306;71/2020;2020_71_18;tämä;1
1306;71/2020;2020_71_18;lisäbudjetti;1
1306;71/2020;2020_71_18;taas;2
1306;71/2020;2020_71_18;osoitus;1
1306;71/2020;2020_71_18;siitä;1
1306;71/2020;2020_71_18;halu;1
1306;71/2020;2020_71_18;tukea;2
1306;71/2020;2020_71_18;kova;1
1306;71/2020;2020_71_18;me;1
1306;71/2020;2020_71_18;näemme;1
1306;71/2020;2020_71_18;kaikki;1
1306;71/2020;2020_71_18;nyt;3
1306;71/2020;2020_71_18;suunnaton;2
1306;71/2020;2020_71_18;negatiivinen;1
1306;71/2020;2020_71_18;rahavirta;2
1306;71/2020;2020_71_18;edellytys;1
1306;71/2020;2020_71_18;sille;2
1306;71/2020;2020_71_18;kääntyisi;1
1306;71/2020;2020_71_18;positiiviseksi;1
1306;71/2020;2020_71_18;jotka;1
1306;71/2020;2020_71_18;voivat;1
1306;71/2020;2020_71_18;työllistää;1
1306;71/2020;2020_71_18;siinä;2
1306;71/2020;2020_71_18;vaiheessa;1
1306;71/2020;2020_71_18;talous;2
1306;71/2020;2020_71_18;saadaan;4
1306;71/2020;2020_71_18;liikkeelle;1
1306;71/2020;2020_71_18;ravintolatuki;1
1306;71/2020;2020_71_18;varsinaisena;1
1306;71/2020;2020_71_18;asiana;1
1306;71/2020;2020_71_18;käsitellään;1
1306;71/2020;2020_71_18;myöhemmin;1
1306;71/2020;2020_71_18;hienoa;1
1306;71/2020;2020_71_18;tulee;1
1306;71/2020;2020_71_18;eduskunnan;1
1306;71/2020;2020_71_18;vaatimus;1
1306;71/2020;2020_71_18;vielä;1
1306;71/2020;2020_71_18;keskusteluvaraa;1
1306;71/2020;2020_71_18;voidaan;1
1306;71/2020;2020_71_18;pohtia;4
1306;71/2020;2020_71_18;niitä;3
1306;71/2020;2020_71_18;tiettyjä;1
1306;71/2020;2020_71_18;kohtia;1
1306;71/2020;2020_71_18;joissa;1
1306;71/2020;2020_71_18;detaljeja;1
1306;71/2020;2020_71_18;ehkä;2
1306;71/2020;2020_71_18;syytä;1
1306;71/2020;2020_71_18;justeerata;1
1306;71/2020;2020_71_18;lähinnä;1
1306;71/2020;2020_71_18;liittyen;1
1306;71/2020;2020_71_18;vertailukuukausiin;1
1306;71/2020;2020_71_18;siihen;1
1306;71/2020;2020_71_18;miten;4
1306;71/2020;2020_71_18;muihin;1
1306;71/2020;2020_71_18;erilaisiin;1
1306;71/2020;2020_71_18;tarkoituksiin;1
1306;71/2020;2020_71_18;myönnettyjä;1
1306;71/2020;2020_71_18;tukia;1
1306;71/2020;2020_71_18;otetaan;1
1306;71/2020;2020_71_18;huomioon;1
1306;71/2020;2020_71_18;voi;2
1306;71/2020;2020_71_18;toki;1
1306;71/2020;2020_71_18;ihan;1
1306;71/2020;2020_71_18;ilmaisia;1
1306;71/2020;2020_71_18;keinoja;1
1306;71/2020;2020_71_18;pienpanimotoimintaa;1
1306;71/2020;2020_71_18;tai;1
1306;71/2020;2020_71_18;ravintoloita;1
1306;71/2020;2020_71_18;tilapäisesti;1
1306;71/2020;2020_71_18;tehdä;1
1306;71/2020;2020_71_18;poikkeuksia;1
1306;71/2020;2020_71_18;alkoholilainsäädäntöön;1
1306;71/2020;2020_71_18;ulosmyyntiin;1
1306;71/2020;2020_71_18;liittyviin;1
1306;71/2020;2020_71_18;määräyksiin;1
1306;71/2020;2020_71_18;finnairkin;1
1306;71/2020;2020_71_18;mukana;1
1306;71/2020;2020_71_18;ei;3
1306;71/2020;2020_71_18;aliarvioida;1
1306;71/2020;2020_71_18;euroopan;1
1306;71/2020;2020_71_18;reunavaltion;1
1306;71/2020;2020_71_18;oman;1
1306;71/2020;2020_71_18;lentoyhtiön;1
1306;71/2020;2020_71_18;merkitystä;1
1306;71/2020;2020_71_18;tärkeää;1
1306;71/2020;2020_71_18;pidetään;1
1306;71/2020;2020_71_18;pystyssä;1
1306;71/2020;2020_71_18;ilman;1
1306;71/2020;2020_71_18;finnairia;1
1306;71/2020;2020_71_18;edellytykset;1
1306;71/2020;2020_71_18;pärjätä;1
1306;71/2020;2020_71_18;tulevaisuuden;1
1306;71/2020;2020_71_18;haasteissa;1
1306;71/2020;2020_71_18;olisivat;1
1306;71/2020;2020_71_18;huomattavasti;1
1306;71/2020;2020_71_18;heikommat;1
1306;71/2020;2020_71_18;miljardia;1
1306;71/2020;2020_71_18;vaje;1
1306;71/2020;2020_71_18;pitää;5
1306;71/2020;2020_71_18;nopeasti;1
1306;71/2020;2020_71_18;kuroa;1
1306;71/2020;2020_71_18;umpeen;2
1306;71/2020;2020_71_18;ole;2
1306;71/2020;2020_71_18;leikkauslistojen;1
1306;71/2020;2020_71_18;aika;1
1306;71/2020;2020_71_18;vaikkakin;1
1306;71/2020;2020_71_18;perussuomalaiset;1
1306;71/2020;2020_71_18;ilmeisesti;1
1306;71/2020;2020_71_18;tuossa;1
1306;71/2020;2020_71_18;hieman;1
1306;71/2020;2020_71_18;tivasikin;1
1306;71/2020;2020_71_18;selvä;1
1306;71/2020;2020_71_18;elvytystä;1
1306;71/2020;2020_71_18;lähdetään;1
1306;71/2020;2020_71_18;olla;2
1306;71/2020;2020_71_18;suunnitelma;2
1306;71/2020;2020_71_18;sopeutustoimille;1
1306;71/2020;2020_71_18;tätä;1
1306;71/2020;2020_71_18;aukkoa;1
1306;71/2020;2020_71_18;kurottua;1
1306;71/2020;2020_71_18;oli;1
1306;71/2020;2020_71_18;asiantuntijoiden;1
1306;71/2020;2020_71_18;näkemys;1
1306;71/2020;2020_71_18;tänään;1
1306;71/2020;2020_71_18;asiasta;1
1306;71/2020;2020_71_18;keskusteltiin;1
1306;71/2020;2020_71_18;valtiovarainvaliokunnassa;1
1306;71/2020;2020_71_18;meidän;1
1306;71/2020;2020_71_18;jo;1
1306;71/2020;2020_71_18;syksyllä;1
1306;71/2020;2020_71_18;asioita;1
1306;71/2020;2020_71_18;joilla;1
1306;71/2020;2020_71_18;koko;1
1306;71/2020;2020_71_18;valtiontalous;1
1306;71/2020;2020_71_18;julkinen;1
1306;71/2020;2020_71_18;balanssiin;1
1306;71/2020;2020_71_18;aikaa;1
1306;71/2020;2020_71_18;hukattavaksi;1
1306;71/2020;2020_71_18;asiassa;1
1306;71/2020;2020_71_18;yhtä;1
1306;71/2020;2020_71_18;lailla;1
1306;71/2020;2020_71_18;kriisin;1
1306;71/2020;2020_71_18;käyttöön;1
1306;71/2020;2020_71_18;otettuja;1
1306;71/2020;2020_71_18;joustoja;1
1306;71/2020;2020_71_18;voitaisiin;1
1306;71/2020;2020_71_18;säilyttää;1
1306;71/2020;2020_71_18;työelämää;1
1306;71/2020;2020_71_18;joustavoitettua;1
1306;71/2020;2020_71_18;työvoiman;1
1306;71/2020;2020_71_18;tarjontaa;1
1306;71/2020;2020_71_18;lisättyä;1
1306;71/2020;2020_71_18;puhemies;1
1306;71/2020;2020_71_18;koputtaa;1
1306;71/2020;2020_71_18;nähdä;1
1306;71/2020;2020_71_18;kaltaisen;1
1306;71/2020;2020_71_18;vahvuudet;1
1306;71/2020;2020_71_18;joustavuuden;1
1306;71/2020;2020_71_18;osaamisen;1
1306;71/2020;2020_71_18;merkitys;1
1306;71/2020;2020_71_18;tulevaisuudessa;1
1306;71/2020;2020_71_18;kiitos;1
1306;79/2020;2020_79_21;ärade;1
1306;79/2020;2020_79_21;talman;1
1306;79/2020;2020_79_21;on;16
1306;79/2020;2020_79_21;hienoa;2
1306;79/2020;2020_79_21;että;11
1306;79/2020;2020_79_21;eduskunnassa;1
1306;79/2020;2020_79_21;tehty;1
1306;79/2020;2020_79_21;hyvää;1
1306;79/2020;2020_79_21;työtä;1
1306;79/2020;2020_79_21;tämän;2
1306;79/2020;2020_79_21;tukipaketin;1
1306;79/2020;2020_79_21;jatkokehittämiseksi;1
1306;79/2020;2020_79_21;tässä;9
1306;79/2020;2020_79_21;valiokunta;1
1306;79/2020;2020_79_21;puuttunut;1
1306;79/2020;2020_79_21;moniin;1
1306;79/2020;2020_79_21;niihin;2
1306;79/2020;2020_79_21;asioihin;1
1306;79/2020;2020_79_21;joita;2
1306;79/2020;2020_79_21;hallituksen;1
1306;79/2020;2020_79_21;edustajat;1
1306;79/2020;2020_79_21;lähetekeskustelussa;1
1306;79/2020;2020_79_21;nostivat;1
1306;79/2020;2020_79_21;esille;2
1306;79/2020;2020_79_21;ja;7
1306;79/2020;2020_79_21;toki;3
1306;79/2020;2020_79_21;varmaan;1
1306;79/2020;2020_79_21;muutama;1
1306;79/2020;2020_79_21;oppositionkin;1
1306;79/2020;2020_79_21;edustaja;3
1306;79/2020;2020_79_21;liittyen;1
1306;79/2020;2020_79_21;näihin;1
1306;79/2020;2020_79_21;vertailukuukausiin;1
1306;79/2020;2020_79_21;tuen;2
1306;79/2020;2020_79_21;tasoon;1
1306;79/2020;2020_79_21;myöskin;2
1306;79/2020;2020_79_21;harjanne;1
1306;79/2020;2020_79_21;nosti;1
1306;79/2020;2020_79_21;tason;2
1306;79/2020;2020_79_21;omassa;1
1306;79/2020;2020_79_21;puheenvuorossaan;1
1306;79/2020;2020_79_21;hän;2
1306;79/2020;2020_79_21;sanoi;1
1306;79/2020;2020_79_21;nämä;2
1306;79/2020;2020_79_21;rajoituksethan;1
1306;79/2020;2020_79_21;ovat;2
1306;79/2020;2020_79_21;tietenkin;2
1306;79/2020;2020_79_21;osittain;2
1306;79/2020;2020_79_21;vaikuttaneet;1
1306;79/2020;2020_79_21;mutta;4
1306;79/2020;2020_79_21;maailmantilanne;1
1306;79/2020;2020_79_21;noin;1
1306;79/2020;2020_79_21;yleensä;1
1306;79/2020;2020_79_21;sataprosenttisestihan;1
1306;79/2020;2020_79_21;näitä;1
1306;79/2020;2020_79_21;menetyksiä;1
1306;79/2020;2020_79_21;hankala;1
1306;79/2020;2020_79_21;korvata;1
1306;79/2020;2020_79_21;hyvä;1
1306;79/2020;2020_79_21;nyt;3
1306;79/2020;2020_79_21;saatiin;1
1306;79/2020;2020_79_21;pientä;1
1306;79/2020;2020_79_21;nostoa;1
1306;79/2020;2020_79_21;puhuttu;1
1306;79/2020;2020_79_21;alkoholipolitiikasta;1
1306;79/2020;2020_79_21;zyskowiczin;1
1306;79/2020;2020_79_21;sekä;1
1306;79/2020;2020_79_21;muisti;1
1306;79/2020;2020_79_21;kopiokone;1
1306;79/2020;2020_79_21;pelaavat;1
1306;79/2020;2020_79_21;joskin;1
1306;79/2020;2020_79_21;harmikseni;1
1306;79/2020;2020_79_21;huomasin;1
1306;79/2020;2020_79_21;ei;3
1306;79/2020;2020_79_21;hufvudstadsbladetia;1
1306;79/2020;2020_79_21;ollut;1
1306;79/2020;2020_79_21;katsannossaan;1
1306;79/2020;2020_79_21;lukenut;1
1306;79/2020;2020_79_21;kun;2
1306;79/2020;2020_79_21;ollaan;1
1306;79/2020;2020_79_21;lähdössä;1
1306;79/2020;2020_79_21;purkamaan;1
1306;79/2020;2020_79_21;rajoituksia;1
1306;79/2020;2020_79_21;niin;2
1306;79/2020;2020_79_21;ehkä;1
1306;79/2020;2020_79_21;hieman;1
1306;79/2020;2020_79_21;epäjohdonmukaista;1
1306;79/2020;2020_79_21;kytkeä;1
1306;79/2020;2020_79_21;tällainen;1
1306;79/2020;2020_79_21;alkoholilain;1
1306;79/2020;2020_79_21;muutos;1
1306;79/2020;2020_79_21;rajoitetun;1
1306;79/2020;2020_79_21;tilanteen;1
1306;79/2020;2020_79_21;ongelmiin;1
1306;79/2020;2020_79_21;koska;1
1306;79/2020;2020_79_21;siinä;2
1306;79/2020;2020_79_21;kyse;1
1306;79/2020;2020_79_21;aika;1
1306;79/2020;2020_79_21;monimutkaisesta;1
1306;79/2020;2020_79_21;paketista;1
1306;79/2020;2020_79_21;mikä;1
1306;79/2020;2020_79_21;helposti;1
1306;79/2020;2020_79_21;johtaa;1
1306;79/2020;2020_79_21;siihen;1
1306;79/2020;2020_79_21;esimerkiksi;1
1306;79/2020;2020_79_21;vähittäistavarakaupalla;1
1306;79/2020;2020_79_21;olisi;1
1306;79/2020;2020_79_21;kotiinkuljetusoikeus;1
1306;79/2020;2020_79_21;eli;1
1306;79/2020;2020_79_21;asia;1
1306;79/2020;2020_79_21;parempi;1
1306;79/2020;2020_79_21;katsoa;1
1306;79/2020;2020_79_21;omana;2
1306;79/2020;2020_79_21;kokonaisuutenaan;1
1306;79/2020;2020_79_21;se;1
1306;79/2020;2020_79_21;tee;1
1306;79/2020;2020_79_21;sitä;1
1306;79/2020;2020_79_21;asiaa;1
1306;79/2020;2020_79_21;huonoksi;1
1306;79/2020;2020_79_21;syytä;3
1306;79/2020;2020_79_21;olettaa;1
1306;79/2020;2020_79_21;me;1
1306;79/2020;2020_79_21;suomalaiset;1
1306;79/2020;2020_79_21;emme;1
1306;79/2020;2020_79_21;ole;2
1306;79/2020;2020_79_21;synnynnäisesti;1
1306;79/2020;2020_79_21;kyvyttömiä;1
1306;79/2020;2020_79_21;alkoholin;1
1306;79/2020;2020_79_21;käsittelyyn;1
1306;79/2020;2020_79_21;viime;1
1306;79/2020;2020_79_21;kaudella;1
1306;79/2020;2020_79_21;alkoholilakia;1
1306;79/2020;2020_79_21;uudistettiin;1
1306;79/2020;2020_79_21;senkin;1
1306;79/2020;2020_79_21;seurauksien;1
1306;79/2020;2020_79_21;silloin;1
1306;79/2020;2020_79_21;arvioitiin;1
1306;79/2020;2020_79_21;olevan;1
1306;79/2020;2020_79_21;tuhoisat;1
1306;79/2020;2020_79_21;no;1
1306;79/2020;2020_79_21;toisin;1
1306;79/2020;2020_79_21;kävi;1
1306;79/2020;2020_79_21;seuraukset;1
1306;79/2020;2020_79_21;käsittääkseni;1
1306;79/2020;2020_79_21;eivät;1
1306;79/2020;2020_79_21;olleet;1
1306;79/2020;2020_79_21;negatiivisia;1
1306;79/2020;2020_79_21;ajatella;1
1306;79/2020;2020_79_21;kyllä;1
1306;79/2020;2020_79_21;tätä;1
1306;79/2020;2020_79_21;alkoholipolitiikkaa;1
1306;79/2020;2020_79_21;muutenkin;1
1306;79/2020;2020_79_21;voitaisiin;1
1306;79/2020;2020_79_21;lähteä;1
1306;79/2020;2020_79_21;maassa;1
1306;79/2020;2020_79_21;höllentämään;1
1306;79/2020;2020_79_21;vähittäiskaupan;1
1306;79/2020;2020_79_21;rakenne;1
1306;79/2020;2020_79_21;muuttunut;2
1306;79/2020;2020_79_21;ihmisten;1
1306;79/2020;2020_79_21;alkoholinkäyttö;1
1306;79/2020;2020_79_21;selvästi;1
1306;79/2020;2020_79_21;hankalaa;1
1306;79/2020;2020_79_21;jos;1
1306;79/2020;2020_79_21;suomalainen;2
1306;79/2020;2020_79_21;toimija;1
1306;79/2020;2020_79_21;vaikka;1
1306;79/2020;2020_79_21;pienpanimo;1
1306;79/2020;2020_79_21;heikommassa;1
1306;79/2020;2020_79_21;asemassa;1
1306;79/2020;2020_79_21;kuin;1
1306;79/2020;2020_79_21;ulkomaalainen;1
1306;79/2020;2020_79_21;asioita;1
1306;79/2020;2020_79_21;tutkia;1
1306;79/2020;2020_79_21;niitä;1
1306;79/2020;2020_79_21;kannata;1
1306;79/2020;2020_79_21;sitoa;1
1306;79/2020;2020_79_21;tähän;2
1306;79/2020;2020_79_21;pakettiin;1
1306;79/2020;2020_79_21;vaan;1
1306;79/2020;2020_79_21;ottaa;1
1306;79/2020;2020_79_21;asianaan;1
1306;79/2020;2020_79_21;uskon;1
1306;79/2020;2020_79_21;monet;1
1306;79/2020;2020_79_21;meistä;1
1306;79/2020;2020_79_21;toivovat;1
1306;79/2020;2020_79_21;asiaan;1
1306;79/2020;2020_79_21;vielä;1
1306;79/2020;2020_79_21;pian;1
1306;79/2020;2020_79_21;palataan;1
1306;79/2020;2020_79_21;sari;1
1306;79/2020;2020_79_21;sarkomaan;1
1306;79/2020;2020_79_21;välihuuto;1
1306;79/2020;2020_79_33;ärade;1
1306;79/2020;2020_79_33;talman;1
1306;79/2020;2020_79_33;jotta;1
1306;79/2020;2020_79_33;nyt;4
1306;79/2020;2020_79_33;kaikki;1
1306;79/2020;2020_79_33;puhuisimme;1
1306;79/2020;2020_79_33;oikeista;1
1306;79/2020;2020_79_33;ja;3
1306;79/2020;2020_79_33;samoista;1
1306;79/2020;2020_79_33;asioista;1
1306;79/2020;2020_79_33;niin;3
1306;79/2020;2020_79_33;ehkä;2
1306;79/2020;2020_79_33;on;3
1306;79/2020;2020_79_33;syytä;3
1306;79/2020;2020_79_33;todeta;1
1306;79/2020;2020_79_33;että;5
1306;79/2020;2020_79_33;kun;2
1306;79/2020;2020_79_33;ollaan;2
1306;79/2020;2020_79_33;puhuttu;1
1306;79/2020;2020_79_33;alkoholin;4
1306;79/2020;2020_79_33;myynnistä;1
1306;79/2020;2020_79_33;ulosmyynti;2
1306;79/2020;2020_79_33;ravintoloistahan;1
1306;79/2020;2020_79_33;sallittua;1
1306;79/2020;2020_79_33;tänäänkin;1
1306;79/2020;2020_79_33;viime;1
1306;79/2020;2020_79_33;kauden;1
1306;79/2020;2020_79_33;alkoholiuudistuksen;1
1306;79/2020;2020_79_33;myötä;1
1306;79/2020;2020_79_33;sallittiin;1
1306;79/2020;2020_79_33;tiettyyn;1
1306;79/2020;2020_79_33;kellonaikaan;1
1306;79/2020;2020_79_33;tietyn;2
1306;79/2020;2020_79_33;vahvuisen;2
1306;79/2020;2020_79_33;ravintolasta;1
1306;79/2020;2020_79_33;tämä;1
1306;79/2020;2020_79_33;varmaan;1
1306;79/2020;2020_79_33;tapahtui;1
1306;79/2020;2020_79_33;vahvalla;1
1306;79/2020;2020_79_33;perussuomalaisten;2
1306;79/2020;2020_79_33;kokoomuksen;1
1306;79/2020;2020_79_33;myötävaikutuksella;1
1306;79/2020;2020_79_33;välihuuto;1
1306;79/2020;2020_79_33;ryhmästä;1
1306;79/2020;2020_79_33;jolloin;1
1306;79/2020;2020_79_33;ei;3
1306;79/2020;2020_79_33;ole;2
1306;79/2020;2020_79_33;mitään;1
1306;79/2020;2020_79_33;ajatella;1
1306;79/2020;2020_79_33;ettei;1
1306;79/2020;2020_79_33;se;2
1306;79/2020;2020_79_33;tulos;1
1306;79/2020;2020_79_33;olisi;3
1306;79/2020;2020_79_33;myöskin;2
1306;79/2020;2020_79_33;näiden;1
1306;79/2020;2020_79_33;puolueiden;1
1306;79/2020;2020_79_33;linja;1
1306;79/2020;2020_79_33;kuin;1
1306;79/2020;2020_79_33;sen;1
1306;79/2020;2020_79_33;ymmärrän;1
1306;79/2020;2020_79_33;keskustellaan;1
1306;79/2020;2020_79_33;siitä;3
1306;79/2020;2020_79_33;sallitaanko;1
1306;79/2020;2020_79_33;kotiinkuljetus;1
1306;79/2020;2020_79_33;osana;1
1306;79/2020;2020_79_33;ravintoloiden;3
1306;79/2020;2020_79_33;auttamista;1
1306;79/2020;2020_79_33;tässä;1
1306;79/2020;2020_79_33;tilanteessa;1
1306;79/2020;2020_79_33;no;1
1306;79/2020;2020_79_33;rajoituksia;1
1306;79/2020;2020_79_33;purkamassa;1
1306;79/2020;2020_79_33;olettaa;2
1306;79/2020;2020_79_33;kotiinkuljetusten;1
1306;79/2020;2020_79_33;määrä;1
1306;79/2020;2020_79_33;vähenee;1
1306;79/2020;2020_79_33;huomattavasti;1
1306;79/2020;2020_79_33;ottaen;1
1306;79/2020;2020_79_33;huomioon;1
1306;79/2020;2020_79_33;tällainen;1
1306;79/2020;2020_79_33;vähittäismyyntilupa;1
1306;79/2020;2020_79_33;ollut;1
1306;79/2020;2020_79_33;erityisen;1
1306;79/2020;2020_79_33;suosittu;1
1306;79/2020;2020_79_33;piirissä;1
1306;79/2020;2020_79_33;tähänkään;1
1306;79/2020;2020_79_33;mennessä;1
1306;79/2020;2020_79_33;sopii;1
1306;79/2020;2020_79_33;tällaisen;1
1306;79/2020;2020_79_33;kotiinkuljetuksen;1
1306;79/2020;2020_79_33;rahallinen;1
1306;79/2020;2020_79_33;arvokin;1
1306;79/2020;2020_79_33;huomattavan;1
1306;79/2020;2020_79_33;pieni;1
1306;79/2020;2020_79_33;ellei;1
1306;79/2020;2020_79_33;jopa;1
1306;79/2020;2020_79_33;pienenpieni;1
1306;79/2020;2020_79_33;eli;1
1306;79/2020;2020_79_33;kannata;1
1306;79/2020;2020_79_33;luoda;1
1306;79/2020;2020_79_33;sitä;1
1306;79/2020;2020_79_33;kuvaa;1
1306;79/2020;2020_79_33;tällä;1
1306;79/2020;2020_79_33;suurta;2
1306;79/2020;2020_79_33;taloudellista;1
1306;79/2020;2020_79_33;merkitystä;2
1306;79/2020;2020_79_33;tai;1
1306;79/2020;2020_79_33;selviytymisen;1
1306;79/2020;2020_79_33;kannalta;1
1306;79/2020;2020_79_33;puhutaan;1
1306;79/2020;2020_79_33;hyvin;1
1306;79/2020;2020_79_33;pienestä;1
1306;79/2020;2020_79_33;siivusta;1
1306;79/2020;2020_79_33;toimintaa;1
1306;79/2020;2020_79_33;voi;1
1306;79/2020;2020_79_33;olla;1
1306;79/2020;2020_79_33;hyvä;1
1306;79/2020;2020_79_33;asia;1
1306;79/2020;2020_79_33;huolimatta;1
1306;79/2020;2020_79_33;mutta;1
1306;79/2020;2020_79_33;pitää;1
1306;79/2020;2020_79_33;kuitenkin;1
1306;79/2020;2020_79_33;puhua;1
1306;79/2020;2020_79_33;oikeassa;1
1306;79/2020;2020_79_33;kontekstissa;1
1306;82/2020;2020_82_28;ärade;1
1306;82/2020;2020_82_28;talman;1
1306;82/2020;2020_82_28;arvoisa;1
1306;82/2020;2020_82_28;puhemies;1
1306;82/2020;2020_82_28;diskussionen;1
1306;82/2020;2020_82_28;kring;1
1306;82/2020;2020_82_28;kommissionens;1
1306;82/2020;2020_82_28;förslag;1
1306;82/2020;2020_82_28;går;1
1306;82/2020;2020_82_28;het;1
1306;82/2020;2020_82_28;europa;1
1306;82/2020;2020_82_28;också;2
1306;82/2020;2020_82_28;här;3
1306;82/2020;2020_82_28;salen;1
1306;82/2020;2020_82_28;och;3
1306;82/2020;2020_82_28;av;2
1306;82/2020;2020_82_28;goda;1
1306;82/2020;2020_82_28;skäl;2
1306;82/2020;2020_82_28;coronakrisen;1
1306;82/2020;2020_82_28;har;1
1306;82/2020;2020_82_28;varit;1
1306;82/2020;2020_82_28;en;2
1306;82/2020;2020_82_28;ekonomisk;1
1306;82/2020;2020_82_28;katastrof;1
1306;82/2020;2020_82_28;på;1
1306;82/2020;2020_82_28;flera;1
1306;82/2020;2020_82_28;håll;1
1306;82/2020;2020_82_28;det;3
1306;82/2020;2020_82_28;är;2
1306;82/2020;2020_82_28;viktigt;1
1306;82/2020;2020_82_28;att;1
1306;82/2020;2020_82_28;de;1
1306;82/2020;2020_82_28;krisdrabbade;1
1306;82/2020;2020_82_28;länderna;1
1306;82/2020;2020_82_28;stöds;1
1306;82/2020;2020_82_28;egna;1
1306;82/2020;2020_82_28;själviska;1
1306;82/2020;2020_82_28;helt;1
1306;82/2020;2020_82_28;som;1
1306;82/2020;2020_82_28;minister;1
1306;82/2020;2020_82_28;tuppurainen;1
1306;82/2020;2020_82_28;så;1
1306;82/2020;2020_82_28;väl;1
1306;82/2020;2020_82_28;lade;1
1306;82/2020;2020_82_28;fram;1
1306;82/2020;2020_82_28;men;1
1306;82/2020;2020_82_28;trots;1
1306;82/2020;2020_82_28;måste;1
1306;82/2020;2020_82_28;förslaget;1
1306;82/2020;2020_82_28;filas;1
1306;82/2020;2020_82_28;ännu;1
1306;82/2020;2020_82_28;andelen;2
1306;82/2020;2020_82_28;rena;1
1306;82/2020;2020_82_28;bidrag;1
1306;82/2020;2020_82_28;stor;1
1306;82/2020;2020_82_28;förhållande;1
1306;82/2020;2020_82_28;till;1
1306;82/2020;2020_82_28;lån;1
1306;82/2020;2020_82_28;borde;1
1306;82/2020;2020_82_28;vi;1
1306;82/2020;2020_82_28;hitta;1
1306;82/2020;2020_82_28;bättre;1
1306;82/2020;2020_82_28;balans;1
1306;83/2020;2020_83_48;ärade;1
1306;83/2020;2020_83_48;talman;1
1306;83/2020;2020_83_48;tänään;1
1306;83/2020;2020_83_48;taitaa;1
1306;83/2020;2020_83_48;olla;1
1306;83/2020;2020_83_48;ihmistä;1
1306;83/2020;2020_83_48;tehohoidossa;1
1306;83/2020;2020_83_48;suomessa;1
1306;83/2020;2020_83_48;voidaan;2
1306;83/2020;2020_83_48;sanoa;2
1306;83/2020;2020_83_48;että;11
1306;83/2020;2020_83_48;tämä;1
1306;83/2020;2020_83_48;kriisin;1
1306;83/2020;2020_83_48;hoito;1
1306;83/2020;2020_83_48;on;8
1306;83/2020;2020_83_48;kaikin;1
1306;83/2020;2020_83_48;puolin;1
1306;83/2020;2020_83_48;mennyt;1
1306;83/2020;2020_83_48;kyllä;1
1306;83/2020;2020_83_48;äärimmäisen;1
1306;83/2020;2020_83_48;hyvin;1
1306;83/2020;2020_83_48;ja;5
1306;83/2020;2020_83_48;hyvä;1
1306;83/2020;2020_83_48;nyt;3
1306;83/2020;2020_83_48;lähteä;1
1306;83/2020;2020_83_48;pikkuhiljaa;1
1306;83/2020;2020_83_48;näitä;1
1306;83/2020;2020_83_48;rajoituksia;1
1306;83/2020;2020_83_48;höllentämään;1
1306;83/2020;2020_83_48;mutta;4
1306;83/2020;2020_83_48;nimenomaan;1
1306;83/2020;2020_83_48;varovasti;1
1306;83/2020;2020_83_48;me;2
1306;83/2020;2020_83_48;emme;1
1306;83/2020;2020_83_48;halua;1
1306;83/2020;2020_83_48;sitä;4
1306;83/2020;2020_83_48;tilannetta;1
1306;83/2020;2020_83_48;joudutaan;1
1306;83/2020;2020_83_48;niitä;1
1306;83/2020;2020_83_48;sitten;1
1306;83/2020;2020_83_48;taas;1
1306;83/2020;2020_83_48;kiristämään;1
1306;83/2020;2020_83_48;tuo;1
1306;83/2020;2020_83_48;rajanveto;1
1306;83/2020;2020_83_48;tietenkin;3
1306;83/2020;2020_83_48;hankalaa;1
1306;83/2020;2020_83_48;onko;1
1306;83/2020;2020_83_48;kello;1
1306;83/2020;2020_83_48;se;3
1306;83/2020;2020_83_48;oikea;1
1306;83/2020;2020_83_48;aika;3
1306;83/2020;2020_83_48;tai;3
1306;83/2020;2020_83_48;joku;1
1306;83/2020;2020_83_48;muu;1
1306;83/2020;2020_83_48;miten;1
1306;83/2020;2020_83_48;niihin;1
1306;83/2020;2020_83_48;määriin;1
1306;83/2020;2020_83_48;pitää;1
1306;83/2020;2020_83_48;suhtautua;1
1306;83/2020;2020_83_48;johonkin;1
1306;83/2020;2020_83_48;raja;1
1306;83/2020;2020_83_48;vedettävä;1
1306;83/2020;2020_83_48;mennään;1
1306;83/2020;2020_83_48;näin;3
1306;83/2020;2020_83_48;katsotaan;1
1306;83/2020;2020_83_48;voitaisiinko;1
1306;83/2020;2020_83_48;jossain;1
1306;83/2020;2020_83_48;vaiheessa;1
1306;83/2020;2020_83_48;höllentää;1
1306;83/2020;2020_83_48;kun;2
1306;83/2020;2020_83_48;ilmeisesti;1
1306;83/2020;2020_83_48;tässä;4
1306;83/2020;2020_83_48;puhuttiin;1
1306;83/2020;2020_83_48;vähän;3
1306;83/2020;2020_83_48;alkoholistakin;1
1306;83/2020;2020_83_48;ymmärsin;1
1306;83/2020;2020_83_48;edustaja;3
1306;83/2020;2020_83_48;zyskowiczkin;1
1306;83/2020;2020_83_48;oli;1
1306;83/2020;2020_83_48;nostanut;1
1306;83/2020;2020_83_48;tämän;2
1306;83/2020;2020_83_48;alkuviikon;1
1306;83/2020;2020_83_48;käsittelyn;1
1306;83/2020;2020_83_48;esille;1
1306;83/2020;2020_83_48;niin;2
1306;83/2020;2020_83_48;huomautan;1
1306;83/2020;2020_83_48;meitä;1
1306;83/2020;2020_83_48;salissa;1
1306;83/2020;2020_83_48;jokainen;3
1306;83/2020;2020_83_48;vastaa;1
1306;83/2020;2020_83_48;kolmea;1
1306;83/2020;2020_83_48;muuta;1
1306;83/2020;2020_83_48;edustajaa;1
1306;83/2020;2020_83_48;normaalitilanteessa;2
1306;83/2020;2020_83_48;voi;1
1306;83/2020;2020_83_48;puhuu;1
1306;83/2020;2020_83_48;omasta;1
1306;83/2020;2020_83_48;puolestaan;1
1306;83/2020;2020_83_48;ehkä;3
1306;83/2020;2020_83_48;enemmän;1
1306;83/2020;2020_83_48;kuin;1
1306;83/2020;2020_83_48;yleensä;1
1306;83/2020;2020_83_48;puhutaan;1
1306;83/2020;2020_83_48;myös;2
1306;83/2020;2020_83_48;useamman;1
1306;83/2020;2020_83_48;ihmisen;1
1306;83/2020;2020_83_48;puolesta;1
1306;83/2020;2020_83_48;siitäkään;1
1306;83/2020;2020_83_48;näkökulmasta;1
1306;83/2020;2020_83_48;ei;3
1306;83/2020;2020_83_48;kannata;1
1306;83/2020;2020_83_48;turhaan;1
1306;83/2020;2020_83_48;politisoida;1
1306;83/2020;2020_83_48;yksittäisen;1
1306;83/2020;2020_83_48;ponnen;2
1306;83/2020;2020_83_48;kohtaloa;1
1306;83/2020;2020_83_48;tilanne;1
1306;83/2020;2020_83_48;toinen;1
1306;83/2020;2020_83_48;muistui;1
1306;83/2020;2020_83_48;mieleen;1
1306;83/2020;2020_83_48;mitäköhän;1
1306;83/2020;2020_83_48;ponsia;1
1306;83/2020;2020_83_48;lausumia;1
1306;83/2020;2020_83_48;teimme;1
1306;83/2020;2020_83_48;viime;1
1306;83/2020;2020_83_48;kauden;2
1306;83/2020;2020_83_48;aikana;1
1306;83/2020;2020_83_48;ehdotettiin;1
1306;83/2020;2020_83_48;kautta;1
1306;83/2020;2020_83_48;muun;1
1306;83/2020;2020_83_48;muassa;1
1306;83/2020;2020_83_48;kotitalousvähennyksen;1
1306;83/2020;2020_83_48;nostoa;1
1306;83/2020;2020_83_48;hallitus;1
1306;83/2020;2020_83_48;edistäisi;1
1306;83/2020;2020_83_48;paikallista;1
1306;83/2020;2020_83_48;sopimista;1
1306;83/2020;2020_83_48;tarveharkinnan;1
1306;83/2020;2020_83_48;poistamista;1
1306;83/2020;2020_83_48;lähdettäisiin;1
1306;83/2020;2020_83_48;valmistelemaan;1
1306;83/2020;2020_83_48;siirrettäisiin;1
1306;83/2020;2020_83_48;verotusta;1
1306;83/2020;2020_83_48;työn;1
1306;83/2020;2020_83_48;verotuksesta;1
1306;83/2020;2020_83_48;kuluttamisen;1
1306;83/2020;2020_83_48;verotukseen;1
1306;83/2020;2020_83_48;nämä;1
1306;83/2020;2020_83_48;ovat;2
1306;83/2020;2020_83_48;kaikki;2
1306;83/2020;2020_83_48;asioita;2
1306;83/2020;2020_83_48;joita;1
1306;83/2020;2020_83_48;kokoomus;2
1306;83/2020;2020_83_48;varmaan;1
1306;83/2020;2020_83_48;kannattaa;1
1306;83/2020;2020_83_48;toki;2
1306;83/2020;2020_83_48;jotka;2
1306;83/2020;2020_83_48;yksimielisesti;1
1306;83/2020;2020_83_48;äänesti;1
1306;83/2020;2020_83_48;alas;1
1306;83/2020;2020_83_48;kuten;1
1306;83/2020;2020_83_48;myöskin;1
1306;83/2020;2020_83_48;perussuomalaiset;1
1306;83/2020;2020_83_48;eli;2
1306;83/2020;2020_83_48;vain;2
1306;83/2020;2020_83_48;menee;2
1306;83/2020;2020_83_48;vaikka;2
1306;83/2020;2020_83_48;jokaisella;1
1306;83/2020;2020_83_48;yksi;1
1306;83/2020;2020_83_48;ääni;1
1306;83/2020;2020_83_48;siinäkin;1
1306;83/2020;2020_83_48;tilanteessa;2
1306;83/2020;2020_83_48;joutui;1
1306;83/2020;2020_83_48;taipumaan;1
1306;83/2020;2020_83_48;yhteisesti;1
1306;83/2020;2020_83_48;sovittuun;1
1306;83/2020;2020_83_48;minä;1
1306;83/2020;2020_83_48;ymmärrän;1
1306;83/2020;2020_83_48;olen;1
1306;83/2020;2020_83_48;toisen;1
1306;83/2020;2020_83_48;uskon;1
1306;83/2020;2020_83_48;sellaiset;1
1306;83/2020;2020_83_48;täällä;1
1306;83/2020;2020_83_48;istuneet;1
1306;83/2020;2020_83_48;kauemmin;1
1306;83/2020;2020_83_48;sen;1
1306;83/2020;2020_83_48;ymmärtävät;1
1306;83/2020;2020_83_48;pidä;1
1306;83/2020;2020_83_48;antaa;1
1306;83/2020;2020_83_48;ymmärtää;2
1306;83/2020;2020_83_48;ymmärrä;1
1306;83/2020;2020_83_48;varsinkaan;1
1306;83/2020;2020_83_48;silloin;1
1306;83/2020;2020_83_48;oikeasti;1
1306;83/2020;2020_83_48;kuitenkin;1
1306;83/2020;2020_83_48;naurua;1
1306;83/2020;2020_83_48;sillä;1
1306;83/2020;2020_83_48;ellei;1
1306;83/2020;2020_83_48;toimi;1
1306;83/2020;2020_83_48;työ;1
1306;83/2020;2020_83_48;muutenkin;2
1306;83/2020;2020_83_48;kohtalaisen;1
1306;83/2020;2020_83_48;vaikeaksi;1
1306;83/2020;2020_83_48;joka;1
1306;83/2020;2020_83_48;vaikea;1
1306;90/2020;2020_90_27;ärade;1
1306;90/2020;2020_90_27;talman;1
1306;90/2020;2020_90_27;kun;2
1306;90/2020;2020_90_27;hallitusohjelmaa;1
1306;90/2020;2020_90_27;kirjoitettiin;1
1306;90/2020;2020_90_27;elimme;1
1306;90/2020;2020_90_27;täysin;2
1306;90/2020;2020_90_27;toisenlaisessa;1
1306;90/2020;2020_90_27;tilanteessa;2
1306;90/2020;2020_90_27;meillä;2
1306;90/2020;2020_90_27;oli;2
1306;90/2020;2020_90_27;näkymät;1
1306;90/2020;2020_90_27;talouskasvusta;1
1306;90/2020;2020_90_27;ja;10
1306;90/2020;2020_90_27;prosentin;1
1306;90/2020;2020_90_27;työllisyysaste;1
1306;90/2020;2020_90_27;saavutettavissa;1
1306;90/2020;2020_90_27;oleva;1
1306;90/2020;2020_90_27;tavoite;2
1306;90/2020;2020_90_27;nyt;3
1306;90/2020;2020_90_27;elämme;1
1306;90/2020;2020_90_27;jossa;1
1306;90/2020;2020_90_27;talous;1
1306;90/2020;2020_90_27;tänä;1
1306;90/2020;2020_90_27;vuonna;1
1306;90/2020;2020_90_27;sukeltanee;1
1306;90/2020;2020_90_27;lähemmäs;1
1306;90/2020;2020_90_27;prosenttia;2
1306;90/2020;2020_90_27;sadattuhannet;1
1306;90/2020;2020_90_27;suomalaiset;1
1306;90/2020;2020_90_27;ovat;1
1306;90/2020;2020_90_27;vaarassa;1
1306;90/2020;2020_90_27;menettää;1
1306;90/2020;2020_90_27;työnsä;1
1306;90/2020;2020_90_27;vientiteollisuus;1
1306;90/2020;2020_90_27;on;10
1306;90/2020;2020_90_27;todella;1
1306;90/2020;2020_90_27;vaikeiden;1
1306;90/2020;2020_90_27;haasteiden;1
1306;90/2020;2020_90_27;edessä;1
1306;90/2020;2020_90_27;euroopan;1
1306;90/2020;2020_90_27;veturin;1
1306;90/2020;2020_90_27;saksan;1
1306;90/2020;2020_90_27;vienti;1
1306;90/2020;2020_90_27;putosi;1
1306;90/2020;2020_90_27;huhtikuussa;1
1306;90/2020;2020_90_27;se;7
1306;90/2020;2020_90_27;häkellyttävän;1
1306;90/2020;2020_90_27;iso;1
1306;90/2020;2020_90_27;pudotus;1
1306;90/2020;2020_90_27;tulee;1
1306;90/2020;2020_90_27;näkymään;1
1306;90/2020;2020_90_27;myös;6
1306;90/2020;2020_90_27;meidän;4
1306;90/2020;2020_90_27;vientivetoisessa;1
1306;90/2020;2020_90_27;taloudessamme;1
1306;90/2020;2020_90_27;samaan;2
1306;90/2020;2020_90_27;aikaan;2
1306;90/2020;2020_90_27;oma;1
1306;90/2020;2020_90_27;kustannuskilpailukykymme;1
1306;90/2020;2020_90_27;näyttää;1
1306;90/2020;2020_90_27;suomen;1
1306;90/2020;2020_90_27;pankin;1
1306;90/2020;2020_90_27;äsken;1
1306;90/2020;2020_90_27;julkaistun;1
1306;90/2020;2020_90_27;ennusteen;1
1306;90/2020;2020_90_27;mukaan;1
1306;90/2020;2020_90_27;heikkenevän;1
1306;90/2020;2020_90_27;voidaan;1
1306;90/2020;2020_90_27;sanoa;1
1306;90/2020;2020_90_27;että;7
1306;90/2020;2020_90_27;täydellinen;1
1306;90/2020;2020_90_27;myrsky;1
1306;90/2020;2020_90_27;valmis;1
1306;90/2020;2020_90_27;koronakevään;2
1306;90/2020;2020_90_27;aikana;1
1306;90/2020;2020_90_27;olemme;2
1306;90/2020;2020_90_27;puhuneet;1
1306;90/2020;2020_90_27;paljon;3
1306;90/2020;2020_90_27;palvelualoista;1
1306;90/2020;2020_90_27;ravintoloista;1
1306;90/2020;2020_90_27;ihan;2
1306;90/2020;2020_90_27;hyvällä;1
1306;90/2020;2020_90_27;syyllä;1
1306;90/2020;2020_90_27;koska;2
1306;90/2020;2020_90_27;nämä;1
1306;90/2020;2020_90_27;alat;1
1306;90/2020;2020_90_27;ottivat;1
1306;90/2020;2020_90_27;ensimmäiset;1
1306;90/2020;2020_90_27;iskut;1
1306;90/2020;2020_90_27;vastaan;1
1306;90/2020;2020_90_27;mutta;4
1306;90/2020;2020_90_27;pidemmän;1
1306;90/2020;2020_90_27;aikavälin;1
1306;90/2020;2020_90_27;taloudellisen;1
1306;90/2020;2020_90_27;kehityksemme;1
1306;90/2020;2020_90_27;kannalta;1
1306;90/2020;2020_90_27;olennaisempaa;1
1306;90/2020;2020_90_27;miten;2
1306;90/2020;2020_90_27;käy;1
1306;90/2020;2020_90_27;investointi-intensiiviselle;1
1306;90/2020;2020_90_27;teollisuudellemme;1
1306;90/2020;2020_90_27;mikäli;1
1306;90/2020;2020_90_27;vientiyrityksemme;1
1306;90/2020;2020_90_27;menevät;1
1306;90/2020;2020_90_27;nurin;1
1306;90/2020;2020_90_27;emme;2
1306;90/2020;2020_90_27;ainoastaan;1
1306;90/2020;2020_90_27;menetä;1
1306;90/2020;2020_90_27;työpaikkoja;1
1306;90/2020;2020_90_27;vaan;2
1306;90/2020;2020_90_27;mahdollisuuden;1
1306;90/2020;2020_90_27;edes;1
1306;90/2020;2020_90_27;kohtalaisen;1
1306;90/2020;2020_90_27;nopeasti;1
1306;90/2020;2020_90_27;saada;1
1306;90/2020;2020_90_27;taloutemme;1
1306;90/2020;2020_90_27;taas;1
1306;90/2020;2020_90_27;kasvu-uralle;1
1306;90/2020;2020_90_27;kansainvälisiä;1
1306;90/2020;2020_90_27;arvoketjuja;1
1306;90/2020;2020_90_27;ei;6
1306;90/2020;2020_90_27;noin;1
1306;90/2020;2020_90_27;vain;1
1306;90/2020;2020_90_27;rakenneta;1
1306;90/2020;2020_90_27;uudelleen;2
1306;90/2020;2020_90_27;arvoisa;1
1306;90/2020;2020_90_27;puhemies;3
1306;90/2020;2020_90_27;valtiovarainministeri;1
1306;90/2020;2020_90_27;vanhanen;1
1306;90/2020;2020_90_27;totesi;1
1306;90/2020;2020_90_27;eilen;1
1306;90/2020;2020_90_27;saamme;1
1306;90/2020;2020_90_27;olla;3
1306;90/2020;2020_90_27;kiitollisia;1
1306;90/2020;2020_90_27;siitä;3
1306;90/2020;2020_90_27;saksa;3
1306;90/2020;2020_90_27;elvyttää;1
1306;90/2020;2020_90_27;miljardilla;1
1306;90/2020;2020_90_27;jos;2
1306;90/2020;2020_90_27;onnistuu;1
1306;90/2020;2020_90_27;hyödyttää;2
1306;90/2020;2020_90_27;meitä;2
1306;90/2020;2020_90_27;tavattoman;1
1306;90/2020;2020_90_27;tämä;1
1306;90/2020;2020_90_27;oleellinen;1
1306;90/2020;2020_90_27;havainto;1
1306;90/2020;2020_90_27;mitä;2
1306;90/2020;2020_90_27;ruotsi;1
1306;90/2020;2020_90_27;tai;1
1306;90/2020;2020_90_27;jokin;1
1306;90/2020;2020_90_27;muu;1
1306;90/2020;2020_90_27;tärkeistä;1
1306;90/2020;2020_90_27;vientimaistamme;1
1306;90/2020;2020_90_27;tekee;1
1306;90/2020;2020_90_27;suuresti;1
1306;90/2020;2020_90_27;voi;2
1306;90/2020;2020_90_27;jättää;1
1306;90/2020;2020_90_27;tätä;2
1306;90/2020;2020_90_27;työtä;1
1306;90/2020;2020_90_27;muiden;1
1306;90/2020;2020_90_27;varaan;3
1306;90/2020;2020_90_27;hallitusohjelma;1
1306;90/2020;2020_90_27;rakentuu;2
1306;90/2020;2020_90_27;toisaalta;1
1306;90/2020;2020_90_27;pitkän;2
1306;90/2020;2020_90_27;tähtäimen;2
1306;90/2020;2020_90_27;kilpailukykyä;1
1306;90/2020;2020_90_27;vahvistavien;1
1306;90/2020;2020_90_27;uudistusten;1
1306;90/2020;2020_90_27;lisääntyvän;1
1306;90/2020;2020_90_27;työllisyyden;1
1306;90/2020;2020_90_27;toista;1
1306;90/2020;2020_90_27;jalkaa;1
1306;90/2020;2020_90_27;ohittaa;1
1306;90/2020;2020_90_27;toki;1
1306;90/2020;2020_90_27;ennenaikaista;1
1306;90/2020;2020_90_27;puhua;2
1306;90/2020;2020_90_27;leikkauslistoista;1
1306;90/2020;2020_90_27;sopeuttamisesta;1
1306;90/2020;2020_90_27;pitää;1
1306;90/2020;2020_90_27;voimme;1
1306;90/2020;2020_90_27;jauhaa;1
1306;90/2020;2020_90_27;purukumia;1
1306;90/2020;2020_90_27;kävellä;1
1306;90/2020;2020_90_27;ongelma;1
1306;90/2020;2020_90_27;pienene;1
1306;90/2020;2020_90_27;me;2
1306;90/2020;2020_90_27;työnnämme;1
1306;90/2020;2020_90_27;sitä;1
1306;90/2020;2020_90_27;edessämme;1
1306;90/2020;2020_90_27;lumipallo;1
1306;90/2020;2020_90_27;joka;1
1306;90/2020;2020_90_27;liikkeellä;1
1306;90/2020;2020_90_27;tuppaa;1
1306;90/2020;2020_90_27;kasvamaan;1
1306;90/2020;2020_90_27;siksi;1
1306;90/2020;2020_90_27;työllisyystoimien;1
1306;90/2020;2020_90_27;aika;1
1306;90/2020;2020_90_27;ole;2
1306;90/2020;2020_90_27;myöhemmin;1
1306;90/2020;2020_90_27;kyse;1
1306;90/2020;2020_90_27;siinä;1
1306;90/2020;2020_90_27;oikeudenmukaisuudesta;1
1306;90/2020;2020_90_27;sosiaalisesta;1
1306;90/2020;2020_90_27;vastuusta;1
1306;90/2020;2020_90_27;työ;1
1306;90/2020;2020_90_27;paras;1
1306;90/2020;2020_90_27;sosiaaliturva;1
1306;90/2020;2020_90_27;oikeutta;1
1306;90/2020;2020_90_27;kääntämättä;1
1306;90/2020;2020_90_27;jokaista;1
1306;90/2020;2020_90_27;kiveä;1
1306;90/2020;2020_90_27;työllisyystavoitteen;1
1306;90/2020;2020_90_27;saattamiseksi;1
1306;90/2020;2020_90_27;työelämän;1
1306;90/2020;2020_90_27;professori;1
1306;90/2020;2020_90_27;vesa;1
1306;90/2020;2020_90_27;vihriälä;1
1306;90/2020;2020_90_27;puhui;1
1306;90/2020;2020_90_27;viikko;1
1306;90/2020;2020_90_27;sitten;1
1306;90/2020;2020_90_27;työllisyystavoitetta;1
1306;90/2020;2020_90_27;pitäisi;1
1306;90/2020;2020_90_27;nostaa;1
1306;90/2020;2020_90_27;prosenttiin;1
1306;90/2020;2020_90_27;tähän;1
1306;90/2020;2020_90_27;tavoitteeseen;1
1306;90/2020;2020_90_27;voisi;1
1306;90/2020;2020_90_27;pyrkiä;1
1306;90/2020;2020_90_27;viidessä;1
1306;90/2020;2020_90_27;vuodessa;1
1306;90/2020;2020_90_27;tämän;2
1306;90/2020;2020_90_27;tulisi;2
1306;90/2020;2020_90_27;hallituksen;1
1306;90/2020;2020_90_27;kaikki;1
1306;90/2020;2020_90_27;hyvä;1
1306;90/2020;2020_90_27;tavoittelemme;1
1306;90/2020;2020_90_27;riippuu;1
1306;90/2020;2020_90_27;tästä;1
1306;90/2020;2020_90_27;työllisyystoimia;1
1306;90/2020;2020_90_27;pohtiessamme;1
1306;90/2020;2020_90_27;sikäli;1
1306;90/2020;2020_90_27;onnellisessa;1
1306;90/2020;2020_90_27;asemassa;1
1306;90/2020;2020_90_27;tarvitse;1
1306;90/2020;2020_90_27;keksiä;1
1306;90/2020;2020_90_27;pyörää;1
1306;90/2020;2020_90_27;naapurimaissamme;1
1306;90/2020;2020_90_27;tehty;1
1306;90/2020;2020_90_27;monta;1
1306;90/2020;2020_90_27;niistä;1
1306;90/2020;2020_90_27;uudistuksista;1
1306;90/2020;2020_90_27;joita;1
1306;90/2020;2020_90_27;meidänkin;1
1306;90/2020;2020_90_27;tehdä;1
1306;90/2020;2020_90_27;koputtaa;2
1306;90/2020;2020_90_27;lisäksi;1
1306;90/2020;2020_90_27;toivoisin;1
1306;90/2020;2020_90_27;pohdintaa;1
1306;90/2020;2020_90_27;luomme;1
1306;90/2020;2020_90_27;suomesta;1
1306;90/2020;2020_90_27;entistä;1
1306;90/2020;2020_90_27;ennustettavamman;1
1306;90/2020;2020_90_27;houkuttelevamman;1
1306;90/2020;2020_90_27;investointiympäristön;1
1306;90/2020;2020_90_27;suomeen;1
1306;90/2020;2020_90_27;toimintoja;1
1306;90/2020;2020_90_27;käynnistävä;1
1306;90/2020;2020_90_27;yritys;1
1306;90/2020;2020_90_27;haluaa;1
1306;90/2020;2020_90_27;tietää;1
1306;90/2020;2020_90_27;päivän;1
1306;90/2020;2020_90_27;verotaso;1
1306;90/2020;2020_90_27;pätee;1
1306;90/2020;2020_90_27;huomenna;1
1306;90/2020;2020_90_27;tarvitsemme;1
1306;90/2020;2020_90_27;siis;1
1306;90/2020;2020_90_27;sitoumukset;1
1306;90/2020;2020_90_27;yritysverotuksen;1
1306;90/2020;2020_90_27;tasosta;1
1306;90/2020;2020_90_27;investointikannustimista;1
1306;94/2020;2020_94_15;ärade;1
1306;94/2020;2020_94_15;talman;1
1306;94/2020;2020_94_15;oppositio;1
1306;94/2020;2020_94_15;kysyi;1
1306;94/2020;2020_94_15;tiettyjen;1
1306;94/2020;2020_94_15;asioiden;2
1306;94/2020;2020_94_15;perään;2
1306;94/2020;2020_94_15;joita;2
1306;94/2020;2020_94_15;tässä;3
1306;94/2020;2020_94_15;esityksessä;1
1306;94/2020;2020_94_15;ei;7
1306;94/2020;2020_94_15;ole;7
1306;94/2020;2020_94_15;myöskin;5
1306;94/2020;2020_94_15;sellaisten;1
1306;94/2020;2020_94_15;he;1
1306;94/2020;2020_94_15;eivät;1
1306;94/2020;2020_94_15;itse;1
1306;94/2020;2020_94_15;toivoisi;1
1306;94/2020;2020_94_15;siellä;1
1306;94/2020;2020_94_15;olevan;1
1306;94/2020;2020_94_15;kimmo;1
1306;94/2020;2020_94_15;kiljunen;1
1306;94/2020;2020_94_15;nimenomaan;1
1306;94/2020;2020_94_15;mikä;1
1306;94/2020;2020_94_15;kertoo;1
1306;94/2020;2020_94_15;ehkä;1
1306;94/2020;2020_94_15;erikoisesta;1
1306;94/2020;2020_94_15;mielenlaadusta;1
1306;94/2020;2020_94_15;kriisi;1
1306;94/2020;2020_94_15;pitää;8
1306;94/2020;2020_94_15;hoitaa;1
1306;94/2020;2020_94_15;palasina;1
1306;94/2020;2020_94_15;jokaisella;1
1306;94/2020;2020_94_15;toimella;1
1306;94/2020;2020_94_15;on;9
1306;94/2020;2020_94_15;tietty;1
1306;94/2020;2020_94_15;ajoitus;1
1306;94/2020;2020_94_15;nyt;3
1306;94/2020;2020_94_15;keskitytään;1
1306;94/2020;2020_94_15;siihen;4
1306;94/2020;2020_94_15;että;10
1306;94/2020;2020_94_15;työpaikat;1
1306;94/2020;2020_94_15;pelastetaan;1
1306;94/2020;2020_94_15;talous;1
1306;94/2020;2020_94_15;saadaan;3
1306;94/2020;2020_94_15;pidettyä;1
1306;94/2020;2020_94_15;pystyssä;1
1306;94/2020;2020_94_15;kriisin;1
1306;94/2020;2020_94_15;yli;1
1306;94/2020;2020_94_15;kohta;1
1306;94/2020;2020_94_15;päästään;2
1306;94/2020;2020_94_15;jälleenrakentamiseen;1
1306;94/2020;2020_94_15;kaikki;4
1306;94/2020;2020_94_15;nämä;1
1306;94/2020;2020_94_15;vaiheet;1
1306;94/2020;2020_94_15;ovat;1
1306;94/2020;2020_94_15;tärkeitä;1
1306;94/2020;2020_94_15;paljon;2
1306;94/2020;2020_94_15;puhuttu;1
1306;94/2020;2020_94_15;rakentamisen;2
1306;94/2020;2020_94_15;elvyttävästä;1
1306;94/2020;2020_94_15;vaikutuksesta;1
1306;94/2020;2020_94_15;näin;1
1306;94/2020;2020_94_15;sinänsä;1
1306;94/2020;2020_94_15;mutta;2
1306;94/2020;2020_94_15;siinäkin;1
1306;94/2020;2020_94_15;muistaa;1
1306;94/2020;2020_94_15;jaksotus;2
1306;94/2020;2020_94_15;siinä;1
1306;94/2020;2020_94_15;oleellista;1
1306;94/2020;2020_94_15;tilanne;1
1306;94/2020;2020_94_15;tällä;1
1306;94/2020;2020_94_15;hetkellä;1
1306;94/2020;2020_94_15;vielä;1
1306;94/2020;2020_94_15;heikko;1
1306;94/2020;2020_94_15;ja;4
1306;94/2020;2020_94_15;silloin;1
1306;94/2020;2020_94_15;jos;1
1306;94/2020;2020_94_15;työvoimapulan;1
1306;94/2020;2020_94_15;aikana;1
1306;94/2020;2020_94_15;kauheasti;1
1306;94/2020;2020_94_15;satsataan;1
1306;94/2020;2020_94_15;niin;1
1306;94/2020;2020_94_15;lopputulos;1
1306;94/2020;2020_94_15;välttämättä;2
1306;94/2020;2020_94_15;ihan;3
1306;94/2020;2020_94_15;se;5
1306;94/2020;2020_94_15;toivottu;1
1306;94/2020;2020_94_15;eli;1
1306;94/2020;2020_94_15;varmaan;1
1306;94/2020;2020_94_15;ottaa;3
1306;94/2020;2020_94_15;huomioon;1
1306;94/2020;2020_94_15;miljardia;1
1306;94/2020;2020_94_15;velkaa;1
1306;94/2020;2020_94_15;käsittämättömän;1
1306;94/2020;2020_94_15;iso;1
1306;94/2020;2020_94_15;määrä;1
1306;94/2020;2020_94_15;yhden;1
1306;94/2020;2020_94_15;vuoden;1
1306;94/2020;2020_94_15;osalta;1
1306;94/2020;2020_94_15;tehty;1
1306;94/2020;2020_94_15;ennennäkemättömiä;1
1306;94/2020;2020_94_15;toimia;1
1306;94/2020;2020_94_15;selvä;2
1306;94/2020;2020_94_15;tämä;1
1306;94/2020;2020_94_15;vaikuttaa;1
1306;94/2020;2020_94_15;huomattavasti;1
1306;94/2020;2020_94_15;seuraavien;1
1306;94/2020;2020_94_15;vuosien;1
1306;94/2020;2020_94_15;tilanteeseen;2
1306;94/2020;2020_94_15;asettaa;1
1306;94/2020;2020_94_15;huomattavia;1
1306;94/2020;2020_94_15;vaatimuksia;1
1306;94/2020;2020_94_15;meille;1
1306;94/2020;2020_94_15;talossa;1
1306;94/2020;2020_94_15;miten;1
1306;94/2020;2020_94_15;tätä;1
1306;94/2020;2020_94_15;taloudellista;1
1306;94/2020;2020_94_15;tilannetta;1
1306;94/2020;2020_94_15;sopeutettua;1
1306;94/2020;2020_94_15;sopeuttamisen;1
1306;94/2020;2020_94_15;tiekartta;1
1306;94/2020;2020_94_15;piirtää;1
1306;94/2020;2020_94_15;mahdollisimman;1
1306;94/2020;2020_94_15;pian;1
1306;94/2020;2020_94_15;ylihuomisen;1
1306;94/2020;2020_94_15;asia;2
1306;94/2020;2020_94_15;huomisenkaan;1
1306;94/2020;2020_94_15;vaan;2
1306;94/2020;2020_94_15;ryhtyä;1
1306;94/2020;2020_94_15;heti;1
1306;94/2020;2020_94_15;lisätyöpaikka;1
1306;94/2020;2020_94_15;lisätyöllisyysvaatimus;1
1306;94/2020;2020_94_15;vaihtunut;1
1306;94/2020;2020_94_15;huomattavan;1
1306;94/2020;2020_94_15;isommaksi;1
1306;94/2020;2020_94_15;tarkoittaa;1
1306;94/2020;2020_94_15;sitä;1
1306;94/2020;2020_94_15;varaa;1
1306;94/2020;2020_94_15;valita;2
1306;94/2020;2020_94_15;niistä;1
1306;94/2020;2020_94_15;toimista;1
1306;94/2020;2020_94_15;toimet;1
1306;94/2020;2020_94_15;käyttöön;2
1306;94/2020;2020_94_15;voidaan;2
1306;94/2020;2020_94_15;elvyttämällä;1
1306;94/2020;2020_94_15;luoda;1
1306;94/2020;2020_94_15;työpaikkoja;4
1306;94/2020;2020_94_15;luodaan;3
1306;94/2020;2020_94_15;palkkatuella;1
1306;94/2020;2020_94_15;paremmilla;1
1306;94/2020;2020_94_15;työvoimapalveluilla;1
1306;94/2020;2020_94_15;myös;1
1306;94/2020;2020_94_15;paikallisella;1
1306;94/2020;2020_94_15;sopimisella;1
1306;94/2020;2020_94_15;sen;1
1306;94/2020;2020_94_15;edistämisellä;1
1306;94/2020;2020_94_15;sillä;1
1306;94/2020;2020_94_15;pureudutaan;1
1306;94/2020;2020_94_15;työn;2
1306;94/2020;2020_94_15;tekemisen;1
1306;94/2020;2020_94_15;kannustimiin;1
1306;94/2020;2020_94_15;sekä;1
1306;94/2020;2020_94_15;tarjontaan;1
1306;94/2020;2020_94_15;kysyntään;1
1306;94/2020;2020_94_15;hetki;1
1306;94/2020;2020_94_15;yhtään;1
1306;94/2020;2020_94_15;tointa;1
1306;94/2020;2020_94_15;pois;1
1306;94/2020;2020_94_15;perin;1
1306;94/2020;2020_94_15;pohjin;1
1306;94/2020;2020_94_15;tutkia;1
1306;94/2020;2020_94_15;katsoa;1
1306;94/2020;2020_94_15;minkälaisella;1
1306;94/2020;2020_94_15;paletilla;1
1306;94/2020;2020_94_15;sellaiseen;1
1306;94/2020;2020_94_15;valtiontalous;1
1306;94/2020;2020_94_15;tasapainoon;1
1306;98/2020;2020_98_20;ärade;1
1306;98/2020;2020_98_20;talman;1
1306;98/2020;2020_98_20;on;9
1306;98/2020;2020_98_20;se;12
1306;98/2020;2020_98_20;selvää;1
1306;98/2020;2020_98_20;että;10
1306;98/2020;2020_98_20;jos;2
1306;98/2020;2020_98_20;joku;1
1306;98/2020;2020_98_20;tulee;2
1306;98/2020;2020_98_20;tänne;2
1306;98/2020;2020_98_20;alaikäisenä;1
1306;98/2020;2020_98_20;kaukaa;1
1306;98/2020;2020_98_20;kriisialueelta;1
1306;98/2020;2020_98_20;niin;3
1306;98/2020;2020_98_20;kohtalaisen;2
1306;98/2020;2020_98_20;traumaattinen;1
1306;98/2020;2020_98_20;kokemus;1
1306;98/2020;2020_98_20;hän;4
1306;98/2020;2020_98_20;haavoittuvaisessa;1
1306;98/2020;2020_98_20;asemassa;1
1306;98/2020;2020_98_20;ei;2
1306;98/2020;2020_98_20;kukaan;1
1306;98/2020;2020_98_20;meistä;1
1306;98/2020;2020_98_20;pysty;1
1306;98/2020;2020_98_20;kuvittelemaan;1
1306;98/2020;2020_98_20;mitä;3
1306;98/2020;2020_98_20;eikä;1
1306;98/2020;2020_98_20;sitä;1
1306;98/2020;2020_98_20;keskustelua;1
1306;98/2020;2020_98_20;sitten;1
1306;98/2020;2020_98_20;edistä;1
1306;98/2020;2020_98_20;tässä;2
1306;98/2020;2020_98_20;salissa;1
1306;98/2020;2020_98_20;luodaan;2
1306;98/2020;2020_98_20;vastakkainasettelua;1
1306;98/2020;2020_98_20;siitä;2
1306;98/2020;2020_98_20;mahdollisesti;3
1306;98/2020;2020_98_20;täällä;1
1306;98/2020;2020_98_20;syntynyt;2
1306;98/2020;2020_98_20;saa;4
1306;98/2020;2020_98_20;verrattuna;1
1306;98/2020;2020_98_20;siihen;1
1306;98/2020;2020_98_20;muualla;1
1306;98/2020;2020_98_20;kyllä;3
1306;98/2020;2020_98_20;me;5
1306;98/2020;2020_98_20;kaikkia;1
1306;98/2020;2020_98_20;yritämme;2
1306;98/2020;2020_98_20;auttaa;2
1306;98/2020;2020_98_20;palvella;1
1306;98/2020;2020_98_20;ihan;1
1306;98/2020;2020_98_20;samalla;1
1306;98/2020;2020_98_20;lailla;1
1306;98/2020;2020_98_20;puhuttiin;1
1306;98/2020;2020_98_20;rasismista;1
1306;98/2020;2020_98_20;mikä;1
1306;98/2020;2020_98_20;edistää;2
1306;98/2020;2020_98_20;rasismia;2
1306;98/2020;2020_98_20;tällaisia;1
1306;98/2020;2020_98_20;keinotekoisia;1
1306;98/2020;2020_98_20;vastakkainasettelutilanteita;1
1306;98/2020;2020_98_20;annetaan;1
1306;98/2020;2020_98_20;ymmärtää;1
1306;98/2020;2020_98_20;vaikka;1
1306;98/2020;2020_98_20;häntä;1
1306;98/2020;2020_98_20;joka;2
1306;98/2020;2020_98_20;yksin;1
1306;98/2020;2020_98_20;tullut;2
1306;98/2020;2020_98_20;vuotiaana;1
1306;98/2020;2020_98_20;lähtenyt;1
1306;98/2020;2020_98_20;iranista;1
1306;98/2020;2020_98_20;tai;3
1306;98/2020;2020_98_20;afganistanista;1
1306;98/2020;2020_98_20;kävellyt;1
1306;98/2020;2020_98_20;läpi;1
1306;98/2020;2020_98_20;ison;1
1306;98/2020;2020_98_20;mantereen;1
1306;98/2020;2020_98_20;tavalla;1
1306;98/2020;2020_98_20;toisella;1
1306;98/2020;2020_98_20;eurooppaan;1
1306;98/2020;2020_98_20;pois;1
1306;98/2020;2020_98_20;joltain;1
1306;98/2020;2020_98_20;muulta;1
1306;98/2020;2020_98_20;hänen;1
1306;98/2020;2020_98_20;valintansa;1
1306;98/2020;2020_98_20;olisi;3
1306;98/2020;2020_98_20;ollut;2
1306;98/2020;2020_98_20;erityisen;1
1306;98/2020;2020_98_20;helppo;1
1306;98/2020;2020_98_20;siellä;1
1306;98/2020;2020_98_20;ajatellut;1
1306;98/2020;2020_98_20;suomesta;1
1306;98/2020;2020_98_20;ehkä;3
1306;98/2020;2020_98_20;asunnon;1
1306;98/2020;2020_98_20;koulutuksen;1
1306;98/2020;2020_98_20;työtä;1
1306;98/2020;2020_98_20;ja;1
1306;98/2020;2020_98_20;houkutin;1
1306;98/2020;2020_98_20;ne;1
1306;98/2020;2020_98_20;työntötekijät;1
1306;98/2020;2020_98_20;ovat;1
1306;98/2020;2020_98_20;oleellisesti;1
1306;98/2020;2020_98_20;merkittävämpiä;1
1306;98/2020;2020_98_20;no;1
1306;98/2020;2020_98_20;miten;3
1306;98/2020;2020_98_20;edistetään;1
1306;98/2020;2020_98_20;kotouttamista;2
1306;98/2020;2020_98_20;tutkimusten;1
1306;98/2020;2020_98_20;mukaan;1
1306;98/2020;2020_98_20;tärkeimpiä;1
1306;98/2020;2020_98_20;edesauttavia;1
1306;98/2020;2020_98_20;asioita;1
1306;98/2020;2020_98_20;yhteiskunnan;1
1306;98/2020;2020_98_20;yleinen;1
1306;98/2020;2020_98_20;asenne;1
1306;98/2020;2020_98_20;kohtaamme;1
1306;98/2020;2020_98_20;sen;1
1306;98/2020;2020_98_20;henkilön;1
1306;98/2020;2020_98_20;otamme;1
1306;98/2020;2020_98_20;hänet;1
1306;98/2020;2020_98_20;joukkoomme;1
1306;98/2020;2020_98_20;onko;2
1306;98/2020;2020_98_20;muu;1
1306;98/2020;2020_98_20;vai;1
1306;98/2020;2020_98_20;kenties;1
1306;98/2020;2020_98_20;kuin;1
1306;98/2020;2020_98_20;jolloin;1
1306;98/2020;2020_98_20;hänellä;1
1306;98/2020;2020_98_20;edellytyksiä;1
1306;98/2020;2020_98_20;kotoutua;1
1306;98/2020;2020_98_20;puhuitte;1
1306;98/2020;2020_98_20;kotouttamissatsauksista;1
1306;98/2020;2020_98_20;yleensä;1
1306;98/2020;2020_98_20;teidän;2
1306;98/2020;2020_98_20;vaihtoehtobudjetissanne;1
1306;98/2020;2020_98_20;olette;1
1306;98/2020;2020_98_20;käytännössä;1
1306;98/2020;2020_98_20;leikanneet;1
1306;98/2020;2020_98_20;kaikki;1
1306;98/2020;2020_98_20;kotouttamissatsaukset;1
1306;98/2020;2020_98_20;reseptinne;1
1306;98/2020;2020_98_20;teillä;1
1306;98/2020;2020_98_20;ole;1
1306;98/2020;2020_98_20;myöskään;1
1306;98/2020;2020_98_20;oikeuksia;1
1306;98/2020;2020_98_20;vaatia;1
1306;98/2020;2020_98_20;kotouttamisen;1
1306;98/2020;2020_98_20;pitäisi;1
1306;98/2020;2020_98_20;tapahtua;1
1306;98/2020;2020_98_20;jotenkin;1
1306;98/2020;2020_98_20;itsestään;1
1306;98/2020;2020_98_20;edellyttää;2
1306;98/2020;2020_98_20;panostuksia;1
1306;98/2020;2020_98_20;yhteiskunnalta;1
1306;98/2020;2020_98_20;satsauksia;2
1306;98/2020;2020_98_20;koulutukseen;1
1306;98/2020;2020_98_20;kielten;1
1306;98/2020;2020_98_20;oppimiseen;1
1306;98/2020;2020_98_20;tunnustakaa;1
1306;98/2020;2020_98_20;edes;1
1306;98/2020;2020_98_20;tämä;1
1306;98/2020;2020_98_20;asia;1
1306;98/2020;2020_98_32;ärade;1
1306;98/2020;2020_98_32;talman;1
1306;98/2020;2020_98_32;edustaja;3
1306;98/2020;2020_98_32;vestman;2
1306;98/2020;2020_98_32;puhui;2
1306;98/2020;2020_98_32;hieman;2
1306;98/2020;2020_98_32;epämääräisesti;1
1306;98/2020;2020_98_32;sokeasta;1
1306;98/2020;2020_98_32;pisteestä;1
1306;98/2020;2020_98_32;rkphen;1
1306;98/2020;2020_98_32;viitaten;1
1306;98/2020;2020_98_32;minulle;1
1306;98/2020;2020_98_32;jäi;1
1306;98/2020;2020_98_32;hyvin;2
1306;98/2020;2020_98_32;epäselväksi;1
1306;98/2020;2020_98_32;mitä;1
1306;98/2020;2020_98_32;hän;1
1306;98/2020;2020_98_32;siinä;1
1306;98/2020;2020_98_32;tarkoitti;1
1306;98/2020;2020_98_32;enkä;1
1306;98/2020;2020_98_32;nyt;3
1306;98/2020;2020_98_32;tässä;1
1306;98/2020;2020_98_32;lähde;1
1306;98/2020;2020_98_32;perkaamaan;1
1306;98/2020;2020_98_32;kokoomuksen;1
1306;98/2020;2020_98_32;ristiriitaisia;1
1306;98/2020;2020_98_32;linjanvetoja;1
1306;98/2020;2020_98_32;totean;1
1306;98/2020;2020_98_32;vain;1
1306;98/2020;2020_98_32;että;9
1306;98/2020;2020_98_32;olen;1
1306;98/2020;2020_98_32;iloinen;1
1306;98/2020;2020_98_32;multalan;1
1306;98/2020;2020_98_32;puheenvuoroista;1
1306;98/2020;2020_98_32;näissä;1
1306;98/2020;2020_98_32;kysymyksissä;1
1306;98/2020;2020_98_32;kun;2
1306;98/2020;2020_98_32;puhuttiin;1
1306;98/2020;2020_98_32;siitä;2
1306;98/2020;2020_98_32;miten;1
1306;98/2020;2020_98_32;yhteiskunnan;1
1306;98/2020;2020_98_32;suhtautuminen;1
1306;98/2020;2020_98_32;vaikuttaa;1
1306;98/2020;2020_98_32;kotoutumiseen;1
1306;98/2020;2020_98_32;niin;4
1306;98/2020;2020_98_32;sen;1
1306;98/2020;2020_98_32;vaikutus;1
1306;98/2020;2020_98_32;on;11
1306;98/2020;2020_98_32;ihan;2
1306;98/2020;2020_98_32;kiistaton;1
1306;98/2020;2020_98_32;fakta;1
1306;98/2020;2020_98_32;se;3
1306;98/2020;2020_98_32;yksi;1
1306;98/2020;2020_98_32;syy;1
1306;98/2020;2020_98_32;myöskin;2
1306;98/2020;2020_98_32;siihen;1
1306;98/2020;2020_98_32;miksi;2
1306;98/2020;2020_98_32;kotoutuminen;1
1306;98/2020;2020_98_32;onnistunut;1
1306;98/2020;2020_98_32;paremmin;1
1306;98/2020;2020_98_32;luvulla;2
1306;98/2020;2020_98_32;tulleiden;2
1306;98/2020;2020_98_32;keskuudessa;1
1306;98/2020;2020_98_32;kuin;3
1306;98/2020;2020_98_32;vaikka;3
1306;98/2020;2020_98_32;osalta;3
1306;98/2020;2020_98_32;ja;9
1306;98/2020;2020_98_32;aika;2
1306;98/2020;2020_98_32;yleisesti;1
1306;98/2020;2020_98_32;pidetään;1
1306;98/2020;2020_98_32;suurimpana;1
1306;98/2020;2020_98_32;syynä;1
1306;98/2020;2020_98_32;sitä;3
1306;98/2020;2020_98_32;me;2
1306;98/2020;2020_98_32;yhteiskuntana;1
1306;98/2020;2020_98_32;suhtaudumme;1
1306;98/2020;2020_98_32;tätä;1
1306;98/2020;2020_98_32;nykyä;1
1306;98/2020;2020_98_32;suopeammin;1
1306;98/2020;2020_98_32;muualta;1
1306;98/2020;2020_98_32;tulleisiin;1
1306;98/2020;2020_98_32;muun;1
1306;98/2020;2020_98_32;näköisiin;1
1306;98/2020;2020_98_32;toista;1
1306;98/2020;2020_98_32;taustaa;1
1306;98/2020;2020_98_32;edustaviin;1
1306;98/2020;2020_98_32;sittenhän;1
1306;98/2020;2020_98_32;meillä;1
1306;98/2020;2020_98_32;toisaalta;1
1306;98/2020;2020_98_32;maan;1
1306;98/2020;2020_98_32;sisällä;1
1306;98/2020;2020_98_32;lailla;1
1306;98/2020;2020_98_32;isoja;1
1306;98/2020;2020_98_32;eroja;1
1306;98/2020;2020_98_32;kotoutumistuloksissa;1
1306;98/2020;2020_98_32;siitäkin;1
1306;98/2020;2020_98_32;meidän;1
1306;98/2020;2020_98_32;kannattaa;1
1306;98/2020;2020_98_32;ottaa;1
1306;98/2020;2020_98_32;oppia;1
1306;98/2020;2020_98_32;pohtia;2
1306;98/2020;2020_98_32;tietyillä;2
1306;98/2020;2020_98_32;paikkakunnilla;2
1306;98/2020;2020_98_32;onnistuu;1
1306;98/2020;2020_98_32;heikommin;1
1306;98/2020;2020_98_32;sosiaaliturvasta;1
1306;98/2020;2020_98_32;yleensä;1
1306;98/2020;2020_98_32;siinähän;1
1306;98/2020;2020_98_32;tietenkin;2
1306;98/2020;2020_98_32;samat;1
1306;98/2020;2020_98_32;ongelmat;1
1306;98/2020;2020_98_32;koskevat;1
1306;98/2020;2020_98_32;sosiaaliturvan;1
1306;98/2020;2020_98_32;suomessa;1
1306;98/2020;2020_98_32;syntyneitä;2
1306;98/2020;2020_98_32;muualla;1
1306;98/2020;2020_98_32;säädettävää;1
1306;98/2020;2020_98_32;kannustimien;1
1306;98/2020;2020_98_32;itsestään;1
1306;98/2020;2020_98_32;selvää;1
1306;98/2020;2020_98_32;työn;1
1306;98/2020;2020_98_32;hakuun;1
1306;98/2020;2020_98_32;tulisi;2
1306;98/2020;2020_98_32;kannustaa;1
1306;98/2020;2020_98_32;siksi;1
1306;98/2020;2020_98_32;oleellista;1
1306;98/2020;2020_98_32;jos;1
1306;98/2020;2020_98_32;puhutaan;1
1306;98/2020;2020_98_32;maahanmuuttajista;1
1306;98/2020;2020_98_32;työhön;4
1306;98/2020;2020_98_32;pääsyä;1
1306;98/2020;2020_98_32;ei;3
1306;98/2020;2020_98_32;estetä;1
1306;98/2020;2020_98_32;millään;1
1306;98/2020;2020_98_32;tavoin;1
1306;98/2020;2020_98_32;vaan;1
1306;98/2020;2020_98_32;tehdään;1
1306;98/2020;2020_98_32;mahdollisimman;2
1306;98/2020;2020_98_32;sujuvaa;1
1306;98/2020;2020_98_32;nopeaa;1
1306;98/2020;2020_98_32;poistetaan;1
1306;98/2020;2020_98_32;niitä;2
1306;98/2020;2020_98_32;turhia;1
1306;98/2020;2020_98_32;odotusaikoja;1
1306;98/2020;2020_98_32;itse;1
1306;98/2020;2020_98_32;asiassa;1
1306;98/2020;2020_98_32;tilapäisellä;1
1306;98/2020;2020_98_32;lakimuutoksella;1
1306;98/2020;2020_98_32;tehty;1
1306;98/2020;2020_98_32;tässäkin;1
1306;98/2020;2020_98_32;salissa;1
1306;98/2020;2020_98_32;muukalaispassikäytäntöä;1
1306;98/2020;2020_98_32;tällä;1
1306;98/2020;2020_98_32;hetkellä;1
1306;98/2020;2020_98_32;myönnetä;1
1306;98/2020;2020_98_32;konkreettinen;1
1306;98/2020;2020_98_32;este;1
1306;98/2020;2020_98_32;sille;1
1306;98/2020;2020_98_32;päästä;1
1306;98/2020;2020_98_32;kiinni;3
1306;98/2020;2020_98_32;minusta;1
1306;98/2020;2020_98_32;tämä;1
1306;98/2020;2020_98_32;selkeä;1
1306;98/2020;2020_98_32;yksinkertaisesti;1
1306;98/2020;2020_98_32;korjattavissa;1
1306;98/2020;2020_98_32;oleva;1
1306;98/2020;2020_98_32;asia;1
1306;98/2020;2020_98_32;jolla;1
1306;98/2020;2020_98_32;pienen;1
1306;98/2020;2020_98_32;ryhmän;1
1306;98/2020;2020_98_32;kotoutumista;1
1306;98/2020;2020_98_32;voitaisiin;1
1306;98/2020;2020_98_32;parantaa;1
1306;98/2020;2020_98_32;nimenomaan;1
1306;98/2020;2020_98_32;pääsee;2
1306;98/2020;2020_98_32;minä;1
1306;98/2020;2020_98_32;luulen;1
1306;98/2020;2020_98_32;kaikki;1
1306;98/2020;2020_98_32;olemme;1
1306;98/2020;2020_98_32;mieltä;1
1306;98/2020;2020_98_32;jo;1
1306;98/2020;2020_98_32;hyvinkin;1
1306;98/2020;2020_98_32;pitkällä;1
1306;98/2020;2020_98_32;kotoutumispolulla;1
1306;102/2020;2020_102_30;ärade;1
1306;102/2020;2020_102_30;talman;1
1306;102/2020;2020_102_30;grundlagsutskottet;1
1306;102/2020;2020_102_30;anser;1
1306;102/2020;2020_102_30;att;3
1306;102/2020;2020_102_30;det;2
1306;102/2020;2020_102_30;är;2
1306;102/2020;2020_102_30;skäl;1
1306;102/2020;2020_102_30;häva;1
1306;102/2020;2020_102_30;åtalsimmuniteten;1
1306;102/2020;2020_102_30;fallet;1
1306;102/2020;2020_102_30;som;1
1306;102/2020;2020_102_30;berör;1
1306;102/2020;2020_102_30;sannfinländarnas;1
1306;102/2020;2020_102_30;riksdagsledamot;2
1306;102/2020;2020_102_30;juha;1
1306;102/2020;2020_102_30;mäenpää;1
1306;102/2020;2020_102_30;svenska;1
1306;102/2020;2020_102_30;riksdagsgruppen;1
1306;102/2020;2020_102_30;stöder;1
1306;102/2020;2020_102_30;grundlagsutskottets;1
1306;102/2020;2020_102_30;slutsats;1
1306;102/2020;2020_102_30;inte;2
1306;102/2020;2020_102_30;värdigt;1
1306;102/2020;2020_102_30;för;2
1306;102/2020;2020_102_30;en;1
1306;102/2020;2020_102_30;eller;2
1306;102/2020;2020_102_30;någon;1
1306;102/2020;2020_102_30;annan;1
1306;102/2020;2020_102_30;jämföra;1
1306;102/2020;2020_102_30;asylsökande;1
1306;102/2020;2020_102_30;med;1
1306;102/2020;2020_102_30;invasiva;1
1306;102/2020;2020_102_30;arter;1
1306;102/2020;2020_102_30;sådant;1
1306;102/2020;2020_102_30;språkbruk;1
1306;102/2020;2020_102_30;hör;1
1306;102/2020;2020_102_30;hemma;1
1306;102/2020;2020_102_30;samhället;1
1306;102/2020;2020_102_30;riksdagens;1
1306;102/2020;2020_102_30;plenisal;1
1306;102/2020;2020_102_59;ärade;1
1306;102/2020;2020_102_59;talman;1
1306;102/2020;2020_102_59;tässä;2
1306;102/2020;2020_102_59;on;23
1306;102/2020;2020_102_59;annettu;1
1306;102/2020;2020_102_59;kuva;1
1306;102/2020;2020_102_59;että;9
1306;102/2020;2020_102_59;mielipiteen;1
1306;102/2020;2020_102_59;vapautta;1
1306;102/2020;2020_102_59;tai;2
1306;102/2020;2020_102_59;poliittista;1
1306;102/2020;2020_102_59;puhetta;1
1306;102/2020;2020_102_59;rajoitettaisiin;1
1306;102/2020;2020_102_59;kyllä;3
1306;102/2020;2020_102_59;meillä;1
1306;102/2020;2020_102_59;laaja;1
1306;102/2020;2020_102_59;poliittisen;1
1306;102/2020;2020_102_59;puheen;1
1306;102/2020;2020_102_59;vapaus;1
1306;102/2020;2020_102_59;me;3
1306;102/2020;2020_102_59;voimme;1
1306;102/2020;2020_102_59;puhua;1
1306;102/2020;2020_102_59;taloudesta;1
1306;102/2020;2020_102_59;koulutuksesta;1
1306;102/2020;2020_102_59;sisäpolitiikasta;1
1306;102/2020;2020_102_59;ulkopolitiikasta;1
1306;102/2020;2020_102_59;kulttuurista;1
1306;102/2020;2020_102_59;oikealta;2
1306;102/2020;2020_102_59;entä;1
1306;102/2020;2020_102_59;maahanmuutosta;1
1306;102/2020;2020_102_59;maahanmuutostakin;1
1306;102/2020;2020_102_59;mutta;2
1306;102/2020;2020_102_59;minkä;1
1306;102/2020;2020_102_59;ihmeen;1
1306;102/2020;2020_102_59;mekanismin;1
1306;102/2020;2020_102_59;kautta;1
1306;102/2020;2020_102_59;ajatellaan;1
1306;102/2020;2020_102_59;politiikan;1
1306;102/2020;2020_102_59;jotenkin;1
1306;102/2020;2020_102_59;oleellinen;1
1306;102/2020;2020_102_59;välttämätön;1
1306;102/2020;2020_102_59;osa;1
1306;102/2020;2020_102_59;se;14
1306;102/2020;2020_102_59;käyttää;2
1306;102/2020;2020_102_59;historian;3
1306;102/2020;2020_102_59;romukopasta;1
1306;102/2020;2020_102_59;otettua;1
1306;102/2020;2020_102_59;retoriikkaa;1
1306;102/2020;2020_102_59;jossa;1
1306;102/2020;2020_102_59;verrataan;1
1306;102/2020;2020_102_59;ihmisiä;2
1306;102/2020;2020_102_59;vieraslajeihin;1
1306;102/2020;2020_102_59;hävitettäviin;1
1306;102/2020;2020_102_59;asioihin;1
1306;102/2020;2020_102_59;loisiin;1
1306;102/2020;2020_102_59;tästä;1
1306;102/2020;2020_102_59;tullut;1
1306;102/2020;2020_102_59;esimerkkejä;1
1306;102/2020;2020_102_59;mihin;1
1306;102/2020;2020_102_59;tämä;2
1306;102/2020;2020_102_59;johtanut;1
1306;102/2020;2020_102_59;saatossa;1
1306;102/2020;2020_102_59;ja;5
1306;102/2020;2020_102_59;nämä;2
1306;102/2020;2020_102_59;ovat;1
1306;102/2020;2020_102_59;asioita;1
1306;102/2020;2020_102_59;jotka;2
1306;102/2020;2020_102_59;meidän;1
1306;102/2020;2020_102_59;pitää;1
1306;102/2020;2020_102_59;tiedostaa;1
1306;102/2020;2020_102_59;ottaa;2
1306;102/2020;2020_102_59;vakavasti;1
1306;102/2020;2020_102_59;politiikkaa;1
1306;102/2020;2020_102_59;voi;2
1306;102/2020;2020_102_59;tehdä;2
1306;102/2020;2020_102_59;muulla;1
1306;102/2020;2020_102_59;tavalla;2
1306;102/2020;2020_102_59;ei;10
1306;102/2020;2020_102_59;rajoita;1
1306;102/2020;2020_102_59;enemmistön;1
1306;102/2020;2020_102_59;sananvapautta;1
1306;102/2020;2020_102_59;näitten;1
1306;102/2020;2020_102_59;asioiden;1
1306;102/2020;2020_102_59;kanssa;1
1306;102/2020;2020_102_59;järkeä;1
1306;102/2020;2020_102_59;harkintaa;1
1306;102/2020;2020_102_59;edustaja;1
1306;102/2020;2020_102_59;halla-aho;1
1306;102/2020;2020_102_59;totesi;1
1306;102/2020;2020_102_59;historia;1
1306;102/2020;2020_102_59;ollut;2
1306;102/2020;2020_102_59;totuuksille;1
1306;102/2020;2020_102_59;armoton;1
1306;102/2020;2020_102_59;niinhän;1
1306;102/2020;2020_102_59;tiedostamme;1
1306;102/2020;2020_102_59;asiat;1
1306;102/2020;2020_102_59;paremmin;1
1306;102/2020;2020_102_59;puhuta;1
1306;102/2020;2020_102_59;ihmisyyden;1
1306;102/2020;2020_102_59;spektristä;1
1306;102/2020;2020_102_59;samalla;1
1306;102/2020;2020_102_59;kuin;1
1306;102/2020;2020_102_59;puhuttiin;1
1306;102/2020;2020_102_59;luvulla;3
1306;102/2020;2020_102_59;käytetä;1
1306;102/2020;2020_102_59;samanlaisia;1
1306;102/2020;2020_102_59;rasistisia;1
1306;102/2020;2020_102_59;sananparsia;1
1306;102/2020;2020_102_59;saattoivat;1
1306;102/2020;2020_102_59;olla;1
1306;102/2020;2020_102_59;ihan;1
1306;102/2020;2020_102_59;arkea;1
1306;102/2020;2020_102_59;suomessa;1
1306;102/2020;2020_102_59;koulunpihoilla;1
1306;102/2020;2020_102_59;oikein;1
1306;102/2020;2020_102_59;hyvä;2
1306;102/2020;2020_102_59;kehitys;2
1306;102/2020;2020_102_59;mitä;3
1306;102/2020;2020_102_59;herkistyminen;2
1306;102/2020;2020_102_59;rasismille;2
1306;102/2020;2020_102_59;sitä;2
1306;102/2020;2020_102_59;osoittaa;1
1306;102/2020;2020_102_59;empatiaa;1
1306;102/2020;2020_102_59;osaa;1
1306;102/2020;2020_102_59;asettua;1
1306;102/2020;2020_102_59;toisen;3
1306;102/2020;2020_102_59;kenkiin;1
1306;102/2020;2020_102_59;ymmärtää;3
1306;102/2020;2020_102_59;miltä;1
1306;102/2020;2020_102_59;tällainen;1
1306;102/2020;2020_102_59;puhe;1
1306;102/2020;2020_102_59;näyttää;1
1306;102/2020;2020_102_59;näkökulmasta;1
1306;102/2020;2020_102_59;minulla;2
1306;102/2020;2020_102_59;ole;6
1306;102/2020;2020_102_59;oikeutta;1
1306;102/2020;2020_102_59;sanoa;2
1306;102/2020;2020_102_59;vaikka;2
1306;102/2020;2020_102_59;alkuperäiskansan;1
1306;102/2020;2020_102_59;edustajalle;1
1306;102/2020;2020_102_59;rasismia;1
1306;102/2020;2020_102_59;jos;2
1306;102/2020;2020_102_59;hän;2
1306;102/2020;2020_102_59;kokee;1
1306;102/2020;2020_102_59;sen;4
1306;102/2020;2020_102_59;niin;2
1306;102/2020;2020_102_59;kimmo;1
1306;102/2020;2020_102_59;kiljunen;1
1306;102/2020;2020_102_59;nimenomaan;1
1306;102/2020;2020_102_59;hänen;2
1306;102/2020;2020_102_59;oikeutensa;1
1306;102/2020;2020_102_59;määrittää;1
1306;102/2020;2020_102_59;inuiitin;1
1306;102/2020;2020_102_59;oikeus;1
1306;102/2020;2020_102_59;välihuutoja;1
1306;102/2020;2020_102_59;perussuomalaisten;2
1306;102/2020;2020_102_59;ryhmästä;2
1306;102/2020;2020_102_59;kokeeko;1
1306;102/2020;2020_102_59;rasistisena;1
1306;102/2020;2020_102_59;koska;2
1306;102/2020;2020_102_59;kokemusperustaa;1
1306;102/2020;2020_102_59;minä;1
1306;102/2020;2020_102_59;voisin;1
1306;102/2020;2020_102_59;puolestaan;1
1306;102/2020;2020_102_59;hussein;1
1306;102/2020;2020_102_59;al-taee;1
1306;102/2020;2020_102_59;kiitos;1
1306;102/2020;2020_102_59;anders;1
1306;102/2020;2020_102_59;siksi;1
1306;102/2020;2020_102_59;tärkeä;1
1306;102/2020;2020_102_59;asia;1
1306;102/2020;2020_102_59;myöskin;1
1306;102/2020;2020_102_59;empatiakykyä;1
1306;102/2020;2020_102_59;tuntemista;1
1306;102/2020;2020_102_59;oman;1
1306;102/2020;2020_102_59;asemansa;1
1306;102/2020;2020_102_59;ymmärtämistä;1
1306;102/2020;2020_102_59;isossa;1
1306;102/2020;2020_102_59;kontekstissa;1
1306;102/2020;2020_102_59;nyt;1
1306;102/2020;2020_102_59;tulee;2
1306;102/2020;2020_102_59;pisteitä;1
1306;102/2020;2020_102_59;ai;1
1306;102/2020;2020_102_59;kansanryhmää;1
1306;102/2020;2020_102_59;vastaan;1
1306;102/2020;2020_102_59;kiihottamiseen;1
1306;102/2020;2020_102_59;toki;1
1306;102/2020;2020_102_59;kaikkia;1
1306;102/2020;2020_102_59;pykäliä;1
1306;102/2020;2020_102_59;varmaan;1
1306;102/2020;2020_102_59;pohtia;1
1306;102/2020;2020_102_59;enemmistölle;1
1306;102/2020;2020_102_59;suomalaisista;1
1306;102/2020;2020_102_59;minkäänlainen;1
1306;102/2020;2020_102_59;ongelma;1
1306;102/2020;2020_102_59;näitä;1
1306;102/2020;2020_102_59;tapauksia;2
1306;102/2020;2020_102_59;kovin;1
1306;102/2020;2020_102_59;paljon;3
1306;102/2020;2020_102_59;enemmän;2
1306;102/2020;2020_102_59;toisenlaisia;1
1306;102/2020;2020_102_59;rikoksia;1
1306;102/2020;2020_102_59;poliisi;1
1306;102/2020;2020_102_59;tiedä;1
1306;102/2020;2020_102_59;muilta;1
1306;102/2020;2020_102_59;osin;1
1306;102/2020;2020_102_59;ilmeisesti;1
1306;102/2020;2020_102_59;rikoslainsäädäntö;1
1306;102/2020;2020_102_59;huomattavan;1
1306;102/2020;2020_102_59;epäselvempi;1
1306;102/2020;2020_102_59;niitä;1
1306;102/2020;2020_102_59;kaikki;1
1306;102/2020;2020_102_59;osaamme;1
1306;102/2020;2020_102_59;ihmisen;1
1306;102/2020;2020_102_59;huomioon;1
1306;102/2020;2020_102_59;mikä;2
1306;102/2020;2020_102_59;kiihottamista;2
1306;102/2020;2020_102_59;toimia;1
1306;102/2020;2020_102_59;mukaan;1
1306;108/2020;2020_108_90;ärade;1
1306;108/2020;2020_108_90;talman;1
1306;108/2020;2020_108_90;voidaan;4
1306;108/2020;2020_108_90;jossain;1
1306;108/2020;2020_108_90;toisessa;1
1306;108/2020;2020_108_90;vaiheessa;1
1306;108/2020;2020_108_90;keskustella;1
1306;108/2020;2020_108_90;turpeesta;1
1306;108/2020;2020_108_90;siitäkin;1
1306;108/2020;2020_108_90;riittää;1
1306;108/2020;2020_108_90;sanottavaa;1
1306;108/2020;2020_108_90;toki;1
1306;108/2020;2020_108_90;on;20
1306;108/2020;2020_108_90;niin;5
1306;108/2020;2020_108_90;että;19
1306;108/2020;2020_108_90;meitä;1
1306;108/2020;2020_108_90;kehotettu;1
1306;108/2020;2020_108_90;olemaan;1
1306;108/2020;2020_108_90;työhuoneissamme;1
1306;108/2020;2020_108_90;mutta;6
1306;108/2020;2020_108_90;ehkä;4
1306;108/2020;2020_108_90;sinänsä;1
1306;108/2020;2020_108_90;tämä;6
1306;108/2020;2020_108_90;osanottajamäärä;1
1306;108/2020;2020_108_90;täällä;1
1306;108/2020;2020_108_90;myös;2
1306;108/2020;2020_108_90;kertoo;1
1306;108/2020;2020_108_90;siitä;2
1306;108/2020;2020_108_90;aika;4
1306;108/2020;2020_108_90;epädramaattinen;1
1306;108/2020;2020_108_90;tekninen;1
1306;108/2020;2020_108_90;tiettyihin;1
1306;108/2020;2020_108_90;täsmällisiin;1
1306;108/2020;2020_108_90;tarpeisiin;1
1306;108/2020;2020_108_90;ohjattu;1
1306;108/2020;2020_108_90;lisätalousarvio;1
1306;108/2020;2020_108_90;täältä;1
1306;108/2020;2020_108_90;salin;1
1306;108/2020;2020_108_90;oikealta;1
1306;108/2020;2020_108_90;laidalta;1
1306;108/2020;2020_108_90;tullut;2
1306;108/2020;2020_108_90;kritiikkiä;1
1306;108/2020;2020_108_90;tähän;1
1306;108/2020;2020_108_90;miljoonaan;1
1306;108/2020;2020_108_90;siis;1
1306;108/2020;2020_108_90;siihen;2
1306;108/2020;2020_108_90;perustoimeentulon;1
1306;108/2020;2020_108_90;varassa;1
1306;108/2020;2020_108_90;olevia;1
1306;108/2020;2020_108_90;ihmisiä;1
1306;108/2020;2020_108_90;nyt;3
1306;108/2020;2020_108_90;autetaan;1
1306;108/2020;2020_108_90;kritiikki;1
1306;108/2020;2020_108_90;kohdistuu;1
1306;108/2020;2020_108_90;osa;1
1306;108/2020;2020_108_90;niistä;1
1306;108/2020;2020_108_90;jotka;2
1306;108/2020;2020_108_90;saavat;1
1306;108/2020;2020_108_90;tätä;1
1306;108/2020;2020_108_90;tukea;3
1306;108/2020;2020_108_90;syntynyt;1
1306;108/2020;2020_108_90;ulkomailla;1
1306;108/2020;2020_108_90;ovat;5
1306;108/2020;2020_108_90;erinäköisiä;1
1306;108/2020;2020_108_90;kuin;2
1306;108/2020;2020_108_90;me;1
1306;108/2020;2020_108_90;puhuvat;1
1306;108/2020;2020_108_90;vielä;1
1306;108/2020;2020_108_90;vähän;2
1306;108/2020;2020_108_90;heikosti;1
1306;108/2020;2020_108_90;maan;1
1306;108/2020;2020_108_90;kieliä;1
1306;108/2020;2020_108_90;ja;9
1306;108/2020;2020_108_90;koska;1
1306;108/2020;2020_108_90;heitä;1
1306;108/2020;2020_108_90;tuetaan;3
1306;108/2020;2020_108_90;mitä;3
1306;108/2020;2020_108_90;ilmeisimmin;1
1306;108/2020;2020_108_90;vastenmielinen;1
1306;108/2020;2020_108_90;ajatus;1
1306;108/2020;2020_108_90;katsotaan;2
1306;108/2020;2020_108_90;tuki;1
1306;108/2020;2020_108_90;pitää;2
1306;108/2020;2020_108_90;viedä;1
1306;108/2020;2020_108_90;kaikilta;1
1306;108/2020;2020_108_90;muiltakin;1
1306;108/2020;2020_108_90;erikoinen;1
1306;108/2020;2020_108_90;maailmankuva;2
1306;108/2020;2020_108_90;jota;1
1306;108/2020;2020_108_90;pidän;1
1306;108/2020;2020_108_90;varsin;1
1306;108/2020;2020_108_90;valitettavana;1
1306;108/2020;2020_108_90;edustaja;1
1306;108/2020;2020_108_90;kaumahan;1
1306;108/2020;2020_108_90;nosti;1
1306;108/2020;2020_108_90;esille;1
1306;108/2020;2020_108_90;tässä;2
1306;108/2020;2020_108_90;hyvän;1
1306;108/2020;2020_108_90;ajatuksen;1
1306;108/2020;2020_108_90;ulosoton;1
1306;108/2020;2020_108_90;suojaosasta;1
1306;108/2020;2020_108_90;toivoisin;1
1306;108/2020;2020_108_90;sekin;1
1306;108/2020;2020_108_90;otettaisiin;1
1306;108/2020;2020_108_90;harkintaan;1
1306;108/2020;2020_108_90;kun;5
1306;108/2020;2020_108_90;pohtii;1
1306;108/2020;2020_108_90;miten;1
1306;108/2020;2020_108_90;kriisi;1
1306;108/2020;2020_108_90;mennyt;1
1306;108/2020;2020_108_90;meillä;1
1306;108/2020;2020_108_90;ollut;1
1306;108/2020;2020_108_90;erinäisiä;1
1306;108/2020;2020_108_90;rajoituksia;1
1306;108/2020;2020_108_90;monella;1
1306;108/2020;2020_108_90;tapaa;1
1306;108/2020;2020_108_90;vähemmän;1
1306;108/2020;2020_108_90;monissa;1
1306;108/2020;2020_108_90;muissa;1
1306;108/2020;2020_108_90;maissa;1
1306;108/2020;2020_108_90;tehtaat;1
1306;108/2020;2020_108_90;kuitenkin;2
1306;108/2020;2020_108_90;toimineet;1
1306;108/2020;2020_108_90;ravintolat;1
1306;108/2020;2020_108_90;avattiin;2
1306;108/2020;2020_108_90;pian;1
1306;108/2020;2020_108_90;koulut;1
1306;108/2020;2020_108_90;heti;2
1306;108/2020;2020_108_90;katsottiin;1
1306;108/2020;2020_108_90;pystyttiin;1
1306;108/2020;2020_108_90;täsmällisiä;1
1306;108/2020;2020_108_90;harkittuja;1
1306;108/2020;2020_108_90;rajoitustoimia;1
1306;108/2020;2020_108_90;vaikkakin;1
1306;108/2020;2020_108_90;oppositiosta;1
1306;108/2020;2020_108_90;hyvinkin;1
1306;108/2020;2020_108_90;ristiriitaista;1
1306;108/2020;2020_108_90;viestiä;1
1306;108/2020;2020_108_90;onko;1
1306;108/2020;2020_108_90;niitä;3
1306;108/2020;2020_108_90;liian;2
1306;108/2020;2020_108_90;paljon;2
1306;108/2020;2020_108_90;vai;1
1306;108/2020;2020_108_90;joskus;1
1306;108/2020;2020_108_90;samassa;1
1306;108/2020;2020_108_90;lauseessa;1
1306;108/2020;2020_108_90;vaadittu;1
1306;108/2020;2020_108_90;molempia;1
1306;108/2020;2020_108_90;sanoa;1
1306;108/2020;2020_108_90;sujunut;1
1306;108/2020;2020_108_90;hyvin;2
1306;108/2020;2020_108_90;yritystuet;1
1306;108/2020;2020_108_90;tylppä;1
1306;108/2020;2020_108_90;ase;1
1306;108/2020;2020_108_90;yrityksiä;2
1306;108/2020;2020_108_90;vääjäämättä;1
1306;108/2020;2020_108_90;osittain;1
1306;108/2020;2020_108_90;osutaan;1
1306;108/2020;2020_108_90;pieleen;1
1306;108/2020;2020_108_90;toivottavasti;1
1306;108/2020;2020_108_90;pääosin;1
1306;108/2020;2020_108_90;alkuvuodesta;1
1306;108/2020;2020_108_90;tuettu;2
1306;108/2020;2020_108_90;palvelualaa;1
1306;108/2020;2020_108_90;ravintoloita;1
1306;108/2020;2020_108_90;ihan;1
1306;108/2020;2020_108_90;totta;1
1306;108/2020;2020_108_90;tapahtuma-alan;1
1306;108/2020;2020_108_90;yritykset;2
1306;108/2020;2020_108_90;matkailualan;1
1306;108/2020;2020_108_90;kärsineet;1
1306;108/2020;2020_108_90;huomattavan;1
1306;108/2020;2020_108_90;kärsivät;1
1306;108/2020;2020_108_90;vieläkin;1
1306;108/2020;2020_108_90;siksi;2
1306;108/2020;2020_108_90;oleellista;1
1306;108/2020;2020_108_90;matkustusrajoituksia;1
1306;108/2020;2020_108_90;tarkastellaan;1
1306;108/2020;2020_108_90;koko;1
1306;108/2020;2020_108_90;ajan;1
1306;108/2020;2020_108_90;puretaan;1
1306;108/2020;2020_108_90;se;2
1306;108/2020;2020_108_90;mahdollista;1
1306;108/2020;2020_108_90;huomionarvoista;1
1306;108/2020;2020_108_90;matkustamiseen;1
1306;108/2020;2020_108_90;tulee;3
1306;108/2020;2020_108_90;suomessa;1
1306;108/2020;2020_108_90;taitavat;1
1306;108/2020;2020_108_90;olla;1
1306;108/2020;2020_108_90;euroopan;1
1306;108/2020;2020_108_90;tiukimmat;1
1306;108/2020;2020_108_90;rajoitukset;1
1306;108/2020;2020_108_90;sitä;1
1306;108/2020;2020_108_90;tilannetta;1
1306;108/2020;2020_108_90;seurata;1
1306;108/2020;2020_108_90;teollisuus;1
1306;108/2020;2020_108_90;kärsimään;2
1306;108/2020;2020_108_90;loppuvuodesta;1
1306;108/2020;2020_108_90;ensi;1
1306;108/2020;2020_108_90;vuonna;1
1306;108/2020;2020_108_90;pohditaan;1
1306;108/2020;2020_108_90;teollisuudelle;1
1306;108/2020;2020_108_90;voisi;1
1306;108/2020;2020_108_90;tehdä;1
1306;108/2020;2020_108_90;syytä;1
1306;108/2020;2020_108_90;huomata;1
1306;108/2020;2020_108_90;voi;1
1306;108/2020;2020_108_90;myöskin;3
1306;108/2020;2020_108_90;ilman;2
1306;108/2020;2020_108_90;aiheutuu;1
1306;108/2020;2020_108_90;kuluja;1
1306;108/2020;2020_108_90;tapoja;1
1306;108/2020;2020_108_90;kustannusneutraaleja;1
1306;108/2020;2020_108_90;jos;1
1306;108/2020;2020_108_90;luodaan;1
1306;108/2020;2020_108_90;toisaalta;1
1306;108/2020;2020_108_90;selvä;1
1306;108/2020;2020_108_90;näkymä;1
1306;108/2020;2020_108_90;mahdollisuutta;1
1306;108/2020;2020_108_90;joustoihin;1
1306;108/2020;2020_108_90;sillä;1
1306;108/2020;2020_108_90;teollisuutta;1
1306;108/2020;2020_108_90;olisi;2
1306;108/2020;2020_108_90;budjettimeno;1
1306;108/2020;2020_108_90;valtiolle;1
1306;108/2020;2020_108_90;tärkeätä;1
1306;108/2020;2020_108_90;saataisiin;1
1306;108/2020;2020_108_90;paikallista;1
1306;108/2020;2020_108_90;sopimista;1
1306;108/2020;2020_108_90;eteenpäin;1
1306;108/2020;2020_108_90;tarkisteltaisiin;1
1306;108/2020;2020_108_90;kirjanpidollisia;1
1306;108/2020;2020_108_90;keinoja;1
1306;108/2020;2020_108_90;joita;1
1306;108/2020;2020_108_90;ottaa;1
1306;108/2020;2020_108_90;käyttöön;1
1306;108/2020;2020_108_90;vaikka;1
1306;108/2020;2020_108_90;tilikausien;1
1306;108/2020;2020_108_90;yhdistämistä;1
1306;108/2020;2020_108_90;puhemies;2
1306;108/2020;2020_108_90;koputtaa;2
1306;108/2020;2020_108_90;tai;1
1306;108/2020;2020_108_90;tällaisten;1
1306;108/2020;2020_108_90;carry;1
1306;108/2020;2020_108_90;back;1
1306;108/2020;2020_108_90;mekanismien;1
1306;108/2020;2020_108_90;käyttöönottoa;1
1306;108/2020;2020_108_90;joilla;1
1306;108/2020;2020_108_90;käytännössä;1
1306;108/2020;2020_108_90;verotuksen;1
1306;108/2020;2020_108_90;puhemis;1
1306;108/2020;2020_108_90;jaksotuksilla;1
1306;108/2020;2020_108_90;auttaa;1
1306;108/2020;2020_108_90;hetkessä;1
1306;125/2020;2020_125_17;arvoisa;1
1306;125/2020;2020_125_17;puhemies;1
1306;125/2020;2020_125_17;ärade;1
1306;125/2020;2020_125_17;talman;1
1306;125/2020;2020_125_17;koronakriisin;1
1306;125/2020;2020_125_17;seurauksena;1
1306;125/2020;2020_125_17;liki;1
1306;125/2020;2020_125_17;suomalaista;1
1306;125/2020;2020_125_17;on;9
1306;125/2020;2020_125_17;menettänyt;1
1306;125/2020;2020_125_17;työnsä;1
1306;125/2020;2020_125_17;suomen;1
1306;125/2020;2020_125_17;talouden;1
1306;125/2020;2020_125_17;ennustetaan;1
1306;125/2020;2020_125_17;supistuvan;1
1306;125/2020;2020_125_17;noin;1
1306;125/2020;2020_125_17;viisi;1
1306;125/2020;2020_125_17;prosenttia;1
1306;125/2020;2020_125_17;tänä;1
1306;125/2020;2020_125_17;vuonna;1
1306;125/2020;2020_125_17;ja;6
1306;125/2020;2020_125_17;monet;1
1306;125/2020;2020_125_17;suomalaiset;1
1306;125/2020;2020_125_17;ovat;4
1306;125/2020;2020_125_17;syystäkin;1
1306;125/2020;2020_125_17;huolissaan;1
1306;125/2020;2020_125_17;minäkin;1
1306;125/2020;2020_125_17;olen;1
1306;125/2020;2020_125_17;huolissani;1
1306;125/2020;2020_125_17;nämä;1
1306;125/2020;2020_125_17;vakavia;1
1306;125/2020;2020_125_17;synkkiä;1
1306;125/2020;2020_125_17;lukuja;1
1306;125/2020;2020_125_17;mutta;2
1306;125/2020;2020_125_17;kriisin;1
1306;125/2020;2020_125_17;keskellä;1
1306;125/2020;2020_125_17;olemme;2
1306;125/2020;2020_125_17;saaneet;1
1306;125/2020;2020_125_17;myös;1
1306;125/2020;2020_125_17;täysin;1
1306;125/2020;2020_125_17;toisenlaisen;1
1306;125/2020;2020_125_17;viestin;1
1306;125/2020;2020_125_17;jota;2
1306;125/2020;2020_125_17;meidän;4
1306;125/2020;2020_125_17;syytä;1
1306;125/2020;2020_125_17;kuunnella;1
1306;125/2020;2020_125_17;pohjoismaat;1
1306;125/2020;2020_125_17;selviytyneet;1
1306;125/2020;2020_125_17;koronaviruksesta;1
1306;125/2020;2020_125_17;johtuneista;1
1306;125/2020;2020_125_17;taloudellisista;1
1306;125/2020;2020_125_17;vaikeuksista;1
1306;125/2020;2020_125_17;paremmin;1
1306;125/2020;2020_125_17;kuin;3
1306;125/2020;2020_125_17;useimmat;1
1306;125/2020;2020_125_17;muut;1
1306;125/2020;2020_125_17;maat;1
1306;125/2020;2020_125_17;danske;1
1306;125/2020;2020_125_17;bankin;1
1306;125/2020;2020_125_17;tekemän;1
1306;125/2020;2020_125_17;tutkimuksen;1
1306;125/2020;2020_125_17;mukaan;1
1306;125/2020;2020_125_17;suomi;3
1306;125/2020;2020_125_17;oli;1
1306;125/2020;2020_125_17;pärjännyt;1
1306;125/2020;2020_125_17;kaikista;2
1306;125/2020;2020_125_17;parhaiten;2
1306;125/2020;2020_125_17;arvoisat;1
1306;125/2020;2020_125_17;kollegat;1
1306;125/2020;2020_125_17;ben;1
1306;125/2020;2020_125_17;zyskowicz;1
1306;125/2020;2020_125_17;hyvä;2
1306;125/2020;2020_125_17;tämä;1
1306;125/2020;2020_125_17;erittäin;1
1306;125/2020;2020_125_17;arvosana;1
1306;125/2020;2020_125_17;hallituksen;1
1306;125/2020;2020_125_17;politiikalle;1
1306;125/2020;2020_125_17;vaikeana;1
1306;125/2020;2020_125_17;aikana;1
1306;125/2020;2020_125_17;onnistuneet;1
1306;125/2020;2020_125_17;luomaan;1
1306;125/2020;2020_125_17;uskoa;2
1306;125/2020;2020_125_17;tulevaan;1
1306;125/2020;2020_125_17;budjettikirja;1
1306;125/2020;2020_125_17;nyt;3
1306;125/2020;2020_125_17;käsittelemme;1
1306;125/2020;2020_125_17;sisältää;1
1306;125/2020;2020_125_17;monia;1
1306;125/2020;2020_125_17;toimenpidekokonaisuuksia;1
1306;125/2020;2020_125_17;jotka;1
1306;125/2020;2020_125_17;antavat;1
1306;125/2020;2020_125_17;toivoa;1
1306;125/2020;2020_125_17;lapsille;1
1306;125/2020;2020_125_17;nuorille;1
1306;125/2020;2020_125_17;perheille;1
1306;125/2020;2020_125_17;tavallisille;1
1306;125/2020;2020_125_17;palkansaajille;1
1306;125/2020;2020_125_17;vanhemmille;1
1306;125/2020;2020_125_17;ihmisille;1
1306;125/2020;2020_125_17;naisille;1
1306;125/2020;2020_125_17;miehille;1
1306;125/2020;2020_125_17;tässä;1
1306;125/2020;2020_125_17;tilanteessa;1
1306;125/2020;2020_125_17;laadimme;1
1306;125/2020;2020_125_17;talousarvion;1
1306;125/2020;2020_125_17;jonka;1
1306;125/2020;2020_125_17;miljardin;1
1306;125/2020;2020_125_17;euron;1
1306;125/2020;2020_125_17;suuruinen;1
1306;125/2020;2020_125_17;alijäämä;1
1306;125/2020;2020_125_17;valtava;1
1306;125/2020;2020_125_17;se;1
1306;125/2020;2020_125_17;suuruudeltaan;1
1306;125/2020;2020_125_17;samassa;1
1306;125/2020;2020_125_17;mittakaavassa;1
1306;125/2020;2020_125_17;finanssikriisin;1
1306;125/2020;2020_125_17;jälkeiset;1
1306;125/2020;2020_125_17;alijäämät;1
1306;125/2020;2020_125_17;kuten;2
1306;125/2020;2020_125_17;edustaja;1
1306;125/2020;2020_125_17;lindtmankin;1
1306;125/2020;2020_125_17;nosti;1
1306;125/2020;2020_125_17;esille;1
1306;125/2020;2020_125_17;esimerkiksi;1
1306;125/2020;2020_125_17;pienempi;1
1306;125/2020;2020_125_17;alankomaiden;1
1306;125/2020;2020_125_17;joka;1
1306;125/2020;2020_125_17;tunnetusti;1
1306;125/2020;2020_125_17;fiskaalisesti;1
1306;125/2020;2020_125_17;konservatiivinen;1
1306;125/2020;2020_125_17;maa;1
1306;125/2020;2020_125_17;velkaantuu;1
1306;125/2020;2020_125_17;ei;1
1306;125/2020;2020_125_17;siksi;1
1306;125/2020;2020_125_17;että;2
1306;125/2020;2020_125_17;me;1
1306;125/2020;2020_125_17;haluaisimme;1
1306;125/2020;2020_125_17;vaan;1
1306;125/2020;2020_125_17;koska;2
1306;125/2020;2020_125_17;pakko;1
1306;125/2020;2020_125_17;ekonomistit;1
1306;125/2020;2020_125_17;laajasti;1
1306;125/2020;2020_125_17;todenneet;1
1306;125/2020;2020_125_17;täytyy;1
1306;125/2020;2020_125_17;tehtävämme;1
1306;125/2020;2020_125_17;pitää;1
1306;125/2020;2020_125_17;epidemia;1
1306;125/2020;2020_125_17;kurissa;1
1306;125/2020;2020_125_17;samalla;1
1306;125/2020;2020_125_17;kun;1
1306;125/2020;2020_125_17;huolehdimme;1
1306;125/2020;2020_125_17;siitä;1
1306;125/2020;2020_125_17;mahdollisimman;1
1306;125/2020;2020_125_17;monella;1
1306;125/2020;2020_125_17;suomalaisella;1
1306;125/2020;2020_125_17;huomenna;1
1306;125/2020;2020_125_17;töitä;1
1306;133/2020;2020_133_32;ärade;1
1306;133/2020;2020_133_32;talman;1
1306;133/2020;2020_133_32;aina;1
1306;133/2020;2020_133_32;kun;4
1306;133/2020;2020_133_32;mennään;1
1306;133/2020;2020_133_32;muuttamaan;1
1306;133/2020;2020_133_32;minkä;1
1306;133/2020;2020_133_32;tahansa;1
1306;133/2020;2020_133_32;verotusta;1
1306;133/2020;2020_133_32;nyt;4
1306;133/2020;2020_133_32;tässä;3
1306;133/2020;2020_133_32;tapauksessa;1
1306;133/2020;2020_133_32;polttoaineen;1
1306;133/2020;2020_133_32;niin;6
1306;133/2020;2020_133_32;sillähän;1
1306;133/2020;2020_133_32;on;9
1306;133/2020;2020_133_32;tietenkin;3
1306;133/2020;2020_133_32;vaikutuksia;2
1306;133/2020;2020_133_32;monella;1
1306;133/2020;2020_133_32;tavalla;1
1306;133/2020;2020_133_32;ja;5
1306;133/2020;2020_133_32;tälläkin;1
1306;133/2020;2020_133_32;esityksellä;1
1306;133/2020;2020_133_32;sosiaalisia;1
1306;133/2020;2020_133_32;ihan;2
1306;133/2020;2020_133_32;kuin;3
1306;133/2020;2020_133_32;edustaja;3
1306;133/2020;2020_133_32;laakso;1
1306;133/2020;2020_133_32;saramo;1
1306;133/2020;2020_133_32;nostivat;1
1306;133/2020;2020_133_32;esille;1
1306;133/2020;2020_133_32;sen;2
1306;133/2020;2020_133_32;takia;2
1306;133/2020;2020_133_32;hyvä;1
1306;133/2020;2020_133_32;että;3
1306;133/2020;2020_133_32;ihmisiä;1
1306;133/2020;2020_133_32;myöskin;4
1306;133/2020;2020_133_32;tuetaan;1
1306;133/2020;2020_133_32;muutoksessa;1
1306;133/2020;2020_133_32;ennen;1
1306;133/2020;2020_133_32;kaikkea;1
1306;133/2020;2020_133_32;tällä;2
1306;133/2020;2020_133_32;iso;2
1306;133/2020;2020_133_32;vaikutus;1
1306;133/2020;2020_133_32;meidän;1
1306;133/2020;2020_133_32;yrityksiimme;1
1306;133/2020;2020_133_32;tämä;2
1306;133/2020;2020_133_32;koskee;1
1306;133/2020;2020_133_32;noin;2
1306;133/2020;2020_133_32;ta;2
1306;133/2020;2020_133_32;teollista;1
1306;133/2020;2020_133_32;yritystä;1
1306;133/2020;2020_133_32;maatalousyritystä;1
1306;133/2020;2020_133_32;se;2
1306;133/2020;2020_133_32;heille;1
1306;133/2020;2020_133_32;helpotus;1
1306;133/2020;2020_133_32;varsin;1
1306;133/2020;2020_133_32;haastavassa;1
1306;133/2020;2020_133_32;tilanteessa;1
1306;133/2020;2020_133_32;tästä;1
1306;133/2020;2020_133_32;isommasta;1
1306;133/2020;2020_133_32;muutoksesta;1
1306;133/2020;2020_133_32;tehtiin;1
1306;133/2020;2020_133_32;päätös;1
1306;133/2020;2020_133_32;viime;1
1306;133/2020;2020_133_32;kaudella;1
1306;133/2020;2020_133_32;siitä;2
1306;133/2020;2020_133_32;kivihiilestä;1
1306;133/2020;2020_133_32;luovutaan;1
1306;133/2020;2020_133_32;eihän;1
1306;133/2020;2020_133_32;ollut;1
1306;133/2020;2020_133_32;helppoa;1
1306;133/2020;2020_133_32;sitä;1
1306;133/2020;2020_133_32;vastustettiin;1
1306;133/2020;2020_133_32;kovasti;1
1306;133/2020;2020_133_32;pidettiin;1
1306;133/2020;2020_133_32;jopa;1
1306;133/2020;2020_133_32;mahdottomana;1
1306;133/2020;2020_133_32;aikataululla;1
1306;133/2020;2020_133_32;vähän;1
1306;133/2020;2020_133_32;samaa;1
1306;133/2020;2020_133_32;keskustelua;1
1306;133/2020;2020_133_32;käydään;1
1306;133/2020;2020_133_32;turpeen;2
1306;133/2020;2020_133_32;ympärillä;1
1306;133/2020;2020_133_32;sekin;1
1306;133/2020;2020_133_32;koetaan;1
1306;133/2020;2020_133_32;vaikeaksi;1
1306;133/2020;2020_133_32;puhutaan;1
1306;133/2020;2020_133_32;huoltovarmuudesta;1
1306;133/2020;2020_133_32;omavaraisuudesta;1
1306;133/2020;2020_133_32;molemmissa;1
1306;133/2020;2020_133_32;näissä;1
1306;133/2020;2020_133_32;tapauksissa;1
1306;133/2020;2020_133_32;pitää;1
1306;133/2020;2020_133_32;muistaa;1
1306;133/2020;2020_133_32;millä;1
1306;133/2020;2020_133_32;nämä;2
1306;133/2020;2020_133_32;polttoaineet;1
1306;133/2020;2020_133_32;korvataan;1
1306;133/2020;2020_133_32;kaukolämpöverkosta;1
1306;133/2020;2020_133_32;tehdään;1
1306;133/2020;2020_133_32;hiilivapaa;1
1306;133/2020;2020_133_32;ne;1
1306;133/2020;2020_133_32;korvaavat;1
1306;133/2020;2020_133_32;toimet;1
1306;133/2020;2020_133_32;perustuvat;1
1306;133/2020;2020_133_32;pitkälti;1
1306;133/2020;2020_133_32;sähköön;2
1306;133/2020;2020_133_32;kyse;4
1306;133/2020;2020_133_32;lämpöpumpuista;1
1306;133/2020;2020_133_32;voi;2
1306;133/2020;2020_133_32;olla;3
1306;133/2020;2020_133_32;vastuksista;1
1306;133/2020;2020_133_32;pienydinvoimaloista;1
1306;133/2020;2020_133_32;vestman;1
1306;133/2020;2020_133_32;tuossa;1
1306;133/2020;2020_133_32;sanoi;1
1306;133/2020;2020_133_32;pidemmällä;1
1306;133/2020;2020_133_32;tulevaisuudessa;1
1306;133/2020;2020_133_32;ovat;1
1306;133/2020;2020_133_32;huoltovarmoja;1
1306;133/2020;2020_133_32;energianlähteitä;1
1306;133/2020;2020_133_32;etenkin;1
1306;133/2020;2020_133_32;lämpöpumput;2
1306;133/2020;2020_133_32;vastukset;1
1306;133/2020;2020_133_32;pyörivät;1
1306;133/2020;2020_133_32;hyvinkin;1
1306;133/2020;2020_133_32;suomalaisella;1
1306;133/2020;2020_133_32;energialla;1
1306;133/2020;2020_133_32;eli;1
1306;133/2020;2020_133_32;näkökulmasta;1
1306;133/2020;2020_133_32;en;1
1306;133/2020;2020_133_32;näe;1
1306;133/2020;2020_133_32;alasajossa;1
1306;133/2020;2020_133_32;myöskään;1
1306;133/2020;2020_133_32;huoltovarmuusnäkökulmaa;1
1306;133/2020;2020_133_32;joskin;1
1306;133/2020;2020_133_32;teollisista;1
1306;133/2020;2020_133_32;investoinneista;1
1306;133/2020;2020_133_32;joidenka;1
1306;133/2020;2020_133_32;ikä;1
1306;133/2020;2020_133_32;varmaankin;1
1306;133/2020;2020_133_32;saattaa;1
1306;133/2020;2020_133_32;hieman;1
1306;133/2020;2020_133_32;pidempi;1
1306;133/2020;2020_133_32;mitä;1
1306;133/2020;2020_133_32;olisi;3
1306;133/2020;2020_133_32;tarpeen;1
1306;133/2020;2020_133_32;no;1
1306;133/2020;2020_133_32;miten;1
1306;133/2020;2020_133_32;tätä;2
1306;133/2020;2020_133_32;muutosta;1
1306;133/2020;2020_133_32;sitten;1
1306;133/2020;2020_133_32;saadaan;1
1306;133/2020;2020_133_32;eteenpäin;1
1306;133/2020;2020_133_32;puututaan;1
1306;133/2020;2020_133_32;verotasoon;1
1306;133/2020;2020_133_32;hallitusohjelman;1
1306;133/2020;2020_133_32;mukaisesti;1
1306;133/2020;2020_133_32;pitäisi;2
1306;133/2020;2020_133_32;siirtää;1
1306;133/2020;2020_133_32;teollisen;1
1306;133/2020;2020_133_32;mittaluokan;1
1306;133/2020;2020_133_32;tähän;2
1306;133/2020;2020_133_32;samaan;2
1306;133/2020;2020_133_32;alempaan;1
1306;133/2020;2020_133_32;veroluokkaan;1
1306;133/2020;2020_133_32;syytä;1
1306;133/2020;2020_133_32;lisätä;1
1306;133/2020;2020_133_32;siihen;1
1306;133/2020;2020_133_32;joukkoon;2
1306;133/2020;2020_133_32;sähkövastukset;2
1306;133/2020;2020_133_32;meillä;1
1306;133/2020;2020_133_32;päästötöntä;1
1306;133/2020;2020_133_32;energiaa;1
1306;133/2020;2020_133_32;vaikka;1
1306;133/2020;2020_133_32;tuulivoimaa;1
1306;133/2020;2020_133_32;jossa;1
1306;133/2020;2020_133_32;muuttuva;1
1306;133/2020;2020_133_32;kustannus;1
1306;133/2020;2020_133_32;nolla;1
1306;133/2020;2020_133_32;ei;2
1306;133/2020;2020_133_32;karsastaa;1
1306;133/2020;2020_133_32;ehkä;1
1306;133/2020;2020_133_32;minkäänlaisia;1
1306;133/2020;2020_133_32;kytkettäviä;1
1306;133/2020;2020_133_32;lämmityslähteitä;1
1306;133/2020;2020_133_32;tiedän;1
1306;133/2020;2020_133_32;toki;1
1306;133/2020;2020_133_32;ole;1
1306;133/2020;2020_133_32;valtiovarainministeriön;1
1306;133/2020;2020_133_32;alaa;1
1306;133/2020;2020_133_32;mutta;1
1306;133/2020;2020_133_32;jos;1
1306;133/2020;2020_133_32;ministeri;1
1306;133/2020;2020_133_32;lintilä;1
1306;133/2020;2020_133_32;kysyisin;1
1306;133/2020;2020_133_32;häneltä;1
1306;133/2020;2020_133_32;voitaisiinko;1
1306;133/2020;2020_133_32;pumppujen;1
1306;133/2020;2020_133_32;lisäksi;1
1306;133/2020;2020_133_32;liittää;1
1306;133/2020;2020_133_32;jotta;1
1306;133/2020;2020_133_32;saataisiin;1
1306;133/2020;2020_133_32;helpotettua;1
1306;133/2020;2020_133_32;siirtymistä;1
1306;160/2020;2020_160_9;ärade;1
1306;160/2020;2020_160_9;talman;1
1306;160/2020;2020_160_9;vi;3
1306;160/2020;2020_160_9;diskuterar;1
1306;160/2020;2020_160_9;en;2
1306;160/2020;2020_160_9;proposition;1
1306;160/2020;2020_160_9;som;3
1306;160/2020;2020_160_9;inte;2
1306;160/2020;2020_160_9;ännu;1
1306;160/2020;2020_160_9;har;1
1306;160/2020;2020_160_9;trätt;1
1306;160/2020;2020_160_9;kraft;1
1306;160/2020;2020_160_9;all;1
1306;160/2020;2020_160_9;den;1
1306;160/2020;2020_160_9;förändring;1
1306;160/2020;2020_160_9;ser;1
1306;160/2020;2020_160_9;på;4
1306;160/2020;2020_160_9;marknaden;1
1306;160/2020;2020_160_9;beror;2
1306;160/2020;2020_160_9;dag;2
1306;160/2020;2020_160_9;utsläppshandelns;1
1306;160/2020;2020_160_9;effekt;1
1306;160/2020;2020_160_9;industrin;1
1306;160/2020;2020_160_9;visst;1
1306;160/2020;2020_160_9;kanske;1
1306;160/2020;2020_160_9;man;1
1306;160/2020;2020_160_9;anar;1
1306;160/2020;2020_160_9;vad;1
1306;160/2020;2020_160_9;komma;1
1306;160/2020;2020_160_9;skall;1
1306;160/2020;2020_160_9;men;1
1306;160/2020;2020_160_9;situationen;1
1306;160/2020;2020_160_9;utsläppshandeln;1
1306;160/2020;2020_160_9;det;1
1306;160/2020;2020_160_9;är;1
1306;160/2020;2020_160_9;situation;1
1306;160/2020;2020_160_9;heller;1
1306;160/2020;2020_160_9;till;1
1306;160/2020;2020_160_9;alla;1
1306;160/2020;2020_160_9;delar;1
1306;160/2020;2020_160_9;kan;1
1306;160/2020;2020_160_9;kontrollera;1
1306;160/2020;2020_160_83;ärade;1
1306;160/2020;2020_160_83;talman;1
1306;160/2020;2020_160_83;me;5
1306;160/2020;2020_160_83;tiedämme;4
1306;160/2020;2020_160_83;muutaman;1
1306;160/2020;2020_160_83;asian;1
1306;160/2020;2020_160_83;että;13
1306;160/2020;2020_160_83;työllisyysedellytykset;1
1306;160/2020;2020_160_83;ovat;2
1306;160/2020;2020_160_83;huomattavan;1
1306;160/2020;2020_160_83;paljon;1
1306;160/2020;2020_160_83;isommat;1
1306;160/2020;2020_160_83;niillä;1
1306;160/2020;2020_160_83;nuorilla;1
1306;160/2020;2020_160_83;jotka;1
1306;160/2020;2020_160_83;suorittaneet;1
1306;160/2020;2020_160_83;myös;3
1306;160/2020;2020_160_83;toisen;1
1306;160/2020;2020_160_83;asteen;1
1306;160/2020;2020_160_83;emme;1
1306;160/2020;2020_160_83;halua;1
1306;160/2020;2020_160_83;kenenkään;1
1306;160/2020;2020_160_83;jäävän;1
1306;160/2020;2020_160_83;ainoastaan;1
1306;160/2020;2020_160_83;peruskoulun;1
1306;160/2020;2020_160_83;varaan;1
1306;160/2020;2020_160_83;ja;2
1306;160/2020;2020_160_83;koska;1
1306;160/2020;2020_160_83;tämän;1
1306;160/2020;2020_160_83;niin;2
1306;160/2020;2020_160_83;on;17
1306;160/2020;2020_160_83;vain;2
1306;160/2020;2020_160_83;luonnollista;1
1306;160/2020;2020_160_83;oppivelvollisuus;2
1306;160/2020;2020_160_83;ulotetaan;1
1306;160/2020;2020_160_83;koskemaan;1
1306;160/2020;2020_160_83;kaikkia;1
1306;160/2020;2020_160_83;täysi-ikäisyyteen;1
1306;160/2020;2020_160_83;asti;1
1306;160/2020;2020_160_83;tämä;4
1306;160/2020;2020_160_83;silkkaa;1
1306;160/2020;2020_160_83;logiikkaa;1
1306;160/2020;2020_160_83;mikään;1
1306;160/2020;2020_160_83;ei;5
1306;160/2020;2020_160_83;sano;1
1306;160/2020;2020_160_83;nykyinen;1
1306;160/2020;2020_160_83;raja;4
1306;160/2020;2020_160_83;olisi;1
1306;160/2020;2020_160_83;optimaalinen;1
1306;160/2020;2020_160_83;se;4
1306;160/2020;2020_160_83;keinotekoinen;1
1306;160/2020;2020_160_83;ihan;2
1306;160/2020;2020_160_83;kuten;2
1306;160/2020;2020_160_83;monet;1
1306;160/2020;2020_160_83;muutkin;1
1306;160/2020;2020_160_83;rajat;1
1306;160/2020;2020_160_83;vuotta;1
1306;160/2020;2020_160_83;ole;1
1306;160/2020;2020_160_83;sen;3
1306;160/2020;2020_160_83;parempi;1
1306;160/2020;2020_160_83;kuin;1
1306;160/2020;2020_160_83;tai;1
1306;160/2020;2020_160_83;sijaan;1
1306;160/2020;2020_160_83;perusteltu;2
1306;160/2020;2020_160_83;täysi-ikäisyyden;1
1306;160/2020;2020_160_83;joka;1
1306;160/2020;2020_160_83;mahdollistaa;1
1306;160/2020;2020_160_83;minimivaatimuksen;1
1306;160/2020;2020_160_83;täyttymisen;1
1306;160/2020;2020_160_83;mitä;1
1306;160/2020;2020_160_83;haluamme;1
1306;160/2020;2020_160_83;meidän;1
1306;160/2020;2020_160_83;nuoriltamme;1
1306;160/2020;2020_160_83;loogista;1
1306;160/2020;2020_160_83;toki;1
1306;160/2020;2020_160_83;tätä;1
1306;160/2020;2020_160_83;uudistusta;1
1306;160/2020;2020_160_83;vastustetaan;1
1306;160/2020;2020_160_83;opposition;1
1306;160/2020;2020_160_83;toimesta;1
1306;160/2020;2020_160_83;peruskoulua;1
1306;160/2020;2020_160_83;aikoinaan;1
1306;160/2020;2020_160_83;vastustettiin;1
1306;160/2020;2020_160_83;kokoomus;1
1306;160/2020;2020_160_83;toteaa;1
1306;160/2020;2020_160_83;pitäisi;2
1306;160/2020;2020_160_83;tukea;1
1306;160/2020;2020_160_83;pakottaa;1
1306;160/2020;2020_160_83;pyytää;1
1306;160/2020;2020_160_83;käymään;1
1306;160/2020;2020_160_83;koulua;1
1306;160/2020;2020_160_83;velvoittaa;2
1306;160/2020;2020_160_83;erikoinen;1
1306;160/2020;2020_160_83;ajatus;1
1306;160/2020;2020_160_83;maassa;1
1306;160/2020;2020_160_83;jossa;1
1306;160/2020;2020_160_83;kuitenkin;1
1306;160/2020;2020_160_83;varsin;1
1306;160/2020;2020_160_83;pitkään;1
1306;160/2020;2020_160_83;ollut;1
1306;160/2020;2020_160_83;käytössä;1
1306;160/2020;2020_160_83;pitää;2
1306;160/2020;2020_160_83;vaatia;1
1306;160/2020;2020_160_83;sekin;1
1306;160/2020;2020_160_83;totta;1
1306;160/2020;2020_160_83;valtiontalous;1
1306;160/2020;2020_160_83;tietyllä;1
1306;160/2020;2020_160_83;tasolla;1
1306;160/2020;2020_160_83;nollasummapeliä;1
1306;160/2020;2020_160_83;satsaus;1
1306;160/2020;2020_160_83;yhteen;1
1306;160/2020;2020_160_83;paikkaan;1
1306;160/2020;2020_160_83;pois;1
1306;160/2020;2020_160_83;jostain;1
1306;160/2020;2020_160_83;muualta;1
1306;160/2020;2020_160_83;siksi;1
1306;160/2020;2020_160_83;huoli;1
1306;160/2020;2020_160_83;siitä;1
1306;160/2020;2020_160_83;uudistus;2
1306;160/2020;2020_160_83;johtaisi;1
1306;160/2020;2020_160_83;leikkauksiin;1
1306;160/2020;2020_160_83;muualla;2
1306;160/2020;2020_160_83;koulutoimessa;1
1306;160/2020;2020_160_83;hyvä;1
1306;160/2020;2020_160_83;varmistetaan;1
1306;160/2020;2020_160_83;rahoitus;1
1306;160/2020;2020_160_83;riittää;1
1306;160/2020;2020_160_83;ongelmat;2
1306;160/2020;2020_160_83;eivät;1
1306;160/2020;2020_160_83;nimittäin;1
1306;160/2020;2020_160_83;poistu;1
1306;160/2020;2020_160_83;pelkästään;1
1306;160/2020;2020_160_83;sillä;1
1306;160/2020;2020_160_83;oppivelvollisuudesta;1
1306;160/2020;2020_160_83;säädetään;1
1306;160/2020;2020_160_83;meillä;2
1306;160/2020;2020_160_83;vielä;2
1306;160/2020;2020_160_83;pula;2
1306;160/2020;2020_160_83;koulupsykologeista;1
1306;160/2020;2020_160_83;opinto-ohjaajista;1
1306;160/2020;2020_160_83;vaikka;1
1306;160/2020;2020_160_83;koulunkäynnin;1
1306;160/2020;2020_160_83;horisontin;1
1306;160/2020;2020_160_83;siirtäminen;1
1306;160/2020;2020_160_83;yhdeksännen;1
1306;160/2020;2020_160_83;luokan;1
1306;160/2020;2020_160_83;päättymisestä;1
1306;160/2020;2020_160_83;pidemmälle;1
1306;160/2020;2020_160_83;vuoden;1
1306;160/2020;2020_160_83;ikään;1
1306;160/2020;2020_160_83;itsessään;1
1306;160/2020;2020_160_83;saa;1
1306;160/2020;2020_160_83;aikaan;1
1306;160/2020;2020_160_83;positiivisen;1
1306;160/2020;2020_160_83;muutoksen;1
1306;160/2020;2020_160_83;selvää;1
1306;160/2020;2020_160_83;tarkoita;1
1306;160/2020;2020_160_83;sitä;1
1306;160/2020;2020_160_83;muut;1
1306;160/2020;2020_160_83;poistuisivat;1
1306;166/2020;2020_166_23;arvoisa;2
1306;166/2020;2020_166_23;puhemies;2
1306;166/2020;2020_166_23;oecd;1
1306;166/2020;2020_166_23;julkisti;1
1306;166/2020;2020_166_23;suomea;1
1306;166/2020;2020_166_23;koskevan;1
1306;166/2020;2020_166_23;maaraporttinsa;1
1306;166/2020;2020_166_23;viime;1
1306;166/2020;2020_166_23;torstaina;1
1306;166/2020;2020_166_23;analyysin;1
1306;166/2020;2020_166_23;johtopäätökset;1
1306;166/2020;2020_166_23;eivät;1
1306;166/2020;2020_166_23;ole;4
1306;166/2020;2020_166_23;yllättäviä;1
1306;166/2020;2020_166_23;ja;4
1306;166/2020;2020_166_23;raportissa;1
1306;166/2020;2020_166_23;käsitellään;1
1306;166/2020;2020_166_23;paljon;1
1306;166/2020;2020_166_23;samoja;1
1306;166/2020;2020_166_23;kysymyksiä;1
1306;166/2020;2020_166_23;kuin;2
1306;166/2020;2020_166_23;mitä;2
1306;166/2020;2020_166_23;valtiovarainvaliokuntakin;1
1306;166/2020;2020_166_23;budjettimietinnössään;1
1306;166/2020;2020_166_23;tuo;1
1306;166/2020;2020_166_23;esiin;1
1306;166/2020;2020_166_23;kyse;1
1306;166/2020;2020_166_23;on;12
1306;166/2020;2020_166_23;tutuista;1
1306;166/2020;2020_166_23;kipukohdista;1
1306;166/2020;2020_166_23;valtio;1
1306;166/2020;2020_166_23;velkaantuu;1
1306;166/2020;2020_166_23;työllisyysaste;1
1306;166/2020;2020_166_23;sakkaa;1
1306;166/2020;2020_166_23;tämä;1
1306;166/2020;2020_166_23;viesti;1
1306;166/2020;2020_166_23;otettava;1
1306;166/2020;2020_166_23;vakavasti;1
1306;166/2020;2020_166_23;vaikka;2
1306;166/2020;2020_166_23;tämänhetkisessä;1
1306;166/2020;2020_166_23;koronatilanteessa;1
1306;166/2020;2020_166_23;meillä;1
1306;166/2020;2020_166_23;ei;3
1306;166/2020;2020_166_23;juuri;1
1306;166/2020;2020_166_23;talouspoliittisia;1
1306;166/2020;2020_166_23;vaihtoehtoja;1
1306;166/2020;2020_166_23;meidän;3
1306;166/2020;2020_166_23;kyettävä;1
1306;166/2020;2020_166_23;nopeasti;1
1306;166/2020;2020_166_23;rakentamaan;1
1306;166/2020;2020_166_23;uskottava;1
1306;166/2020;2020_166_23;konkreettinen;1
1306;166/2020;2020_166_23;polku;1
1306;166/2020;2020_166_23;julkisen;1
1306;166/2020;2020_166_23;talouden;1
1306;166/2020;2020_166_23;tasapainottamiseksi;1
1306;166/2020;2020_166_23;ben;1
1306;166/2020;2020_166_23;zyskowicz;1
1306;166/2020;2020_166_23;niin;2
1306;166/2020;2020_166_23;olisi;2
1306;166/2020;2020_166_23;koska;1
1306;166/2020;2020_166_23;siitä;1
1306;166/2020;2020_166_23;nyt;2
1306;166/2020;2020_166_23;vaaditaan;1
1306;166/2020;2020_166_23;vallitsee;1
1306;166/2020;2020_166_23;suuri;1
1306;166/2020;2020_166_23;yksimielisyys;1
1306;166/2020;2020_166_23;pidettävä;1
1306;166/2020;2020_166_23;talous;1
1306;166/2020;2020_166_23;käynnissä;1
1306;166/2020;2020_166_23;noustava;1
1306;166/2020;2020_166_23;aallonpohjalta;1
1306;166/2020;2020_166_23;hyvä;1
1306;166/2020;2020_166_23;huomata;1
1306;166/2020;2020_166_23;että;4
1306;166/2020;2020_166_23;oppositio;1
1306;166/2020;2020_166_23;samaa;1
1306;166/2020;2020_166_23;mieltä;1
1306;166/2020;2020_166_23;tästä;1
1306;166/2020;2020_166_23;asiasta;1
1306;166/2020;2020_166_23;toisenlaisiakin;1
1306;166/2020;2020_166_23;äänenpainoja;1
1306;166/2020;2020_166_23;ollut;1
1306;166/2020;2020_166_23;havaittavissa;1
1306;166/2020;2020_166_23;silloin;1
1306;166/2020;2020_166_23;kun;1
1306;166/2020;2020_166_23;se;1
1306;166/2020;2020_166_23;ilmeisesti;1
1306;166/2020;2020_166_23;tuntunut;1
1306;166/2020;2020_166_23;tarkoituksenmukaiselta;1
1306;166/2020;2020_166_23;mutta;1
1306;166/2020;2020_166_23;yksityiskohdissa;1
1306;166/2020;2020_166_23;hyvät;1
1306;166/2020;2020_166_23;kollegat;1
1306;166/2020;2020_166_23;eroja;1
1306;166/2020;2020_166_23;selvää;1
1306;166/2020;2020_166_23;viisasta;1
1306;166/2020;2020_166_23;tehdä;1
1306;166/2020;2020_166_23;rajuja;1
1306;166/2020;2020_166_23;leikkauksia;1
1306;166/2020;2020_166_23;ikäihmisten;1
1306;166/2020;2020_166_23;hoitoon;1
1306;166/2020;2020_166_23;tai;3
1306;166/2020;2020_166_23;leikata;1
1306;166/2020;2020_166_23;tulevien;1
1306;166/2020;2020_166_23;eläkeläisten;1
1306;166/2020;2020_166_23;toimeentulosta;1
1306;166/2020;2020_166_23;kuten;3
1306;166/2020;2020_166_23;kokoomus;1
1306;166/2020;2020_166_23;esittänyt;1
1306;166/2020;2020_166_23;myöskään;1
1306;166/2020;2020_166_23;järkevää;1
1306;166/2020;2020_166_23;heikentää;1
1306;166/2020;2020_166_23;tuntuvasti;1
1306;166/2020;2020_166_23;maahanmuuttajien;1
1306;166/2020;2020_166_23;mahdollisuuksia;1
1306;166/2020;2020_166_23;kotoutua;1
1306;166/2020;2020_166_23;suomeen;1
1306;166/2020;2020_166_23;perussuomalaiset;1
1306;166/2020;2020_166_23;ovat;1
1306;166/2020;2020_166_23;esittäneet;1
1306;166/2020;2020_166_23;kyseenalaistaa;1
1306;166/2020;2020_166_23;kansainvälisiä;1
1306;166/2020;2020_166_23;velvoitteitamme;1
1306;166/2020;2020_166_23;tilanteessa;1
1306;166/2020;2020_166_23;jossa;1
1306;166/2020;2020_166_23;kansainvälinen;1
1306;166/2020;2020_166_23;yhteistyö;1
1306;166/2020;2020_166_23;ehkä;1
1306;166/2020;2020_166_23;tärkeämpää;1
1306;166/2020;2020_166_23;koskaan;1
1306;166/2020;2020_166_23;aikaisemmin;1
1306;166/2020;2020_166_23;kuvitella;1
1306;166/2020;2020_166_23;voisimme;1
1306;166/2020;2020_166_23;sekä;1
1306;166/2020;2020_166_23;ottaa;1
1306;166/2020;2020_166_23;vastaan;1
1306;166/2020;2020_166_23;eun;1
1306;166/2020;2020_166_23;elpymispanostuksia;1
1306;166/2020;2020_166_23;jättää;1
1306;166/2020;2020_166_23;oman;1
1306;166/2020;2020_166_23;osuutemme;1
1306;166/2020;2020_166_23;maksamatta;1
1306;166/2020;2020_166_23;kristillisdemokraatit;1
1306;166/2020;2020_166_23;näyttävät;1
1306;166/2020;2020_166_23;omassa;1
1306;166/2020;2020_166_23;vaihtoehtobudjetissaan;1
1306;166/2020;2020_166_23;ehdottavan;1
1306;4/2021;2021_4_18;ärade;1
1306;4/2021;2021_4_18;talman;1
1306;4/2021;2021_4_18;siinä;3
1306;4/2021;2021_4_18;puhuttiin;1
1306;4/2021;2021_4_18;turpeen;1
1306;4/2021;2021_4_18;veromuutoksesta;1
1306;4/2021;2021_4_18;asiasta;1
1306;4/2021;2021_4_18;jota;2
1306;4/2021;2021_4_18;toki;4
1306;4/2021;2021_4_18;myöskin;5
1306;4/2021;2021_4_18;kokoomus;1
1306;4/2021;2021_4_18;tässä;5
1306;4/2021;2021_4_18;puolentoista;1
1306;4/2021;2021_4_18;vuoden;2
1306;4/2021;2021_4_18;ajan;1
1306;4/2021;2021_4_18;tiukkaan;1
1306;4/2021;2021_4_18;tivasi;1
1306;4/2021;2021_4_18;hallitukselta;1
1306;4/2021;2021_4_18;eli;1
1306;4/2021;2021_4_18;se;10
1306;4/2021;2021_4_18;siitä;3
1306;4/2021;2021_4_18;julkisen;1
1306;4/2021;2021_4_18;talouden;1
1306;4/2021;2021_4_18;tasapainottaminen;1
1306;4/2021;2021_4_18;on;18
1306;4/2021;2021_4_18;tietenkin;3
1306;4/2021;2021_4_18;oleellinen;1
1306;4/2021;2021_4_18;asia;2
1306;4/2021;2021_4_18;ja;8
1306;4/2021;2021_4_18;ihan;2
1306;4/2021;2021_4_18;oikein;2
1306;4/2021;2021_4_18;että;13
1306;4/2021;2021_4_18;suunnitelma;1
1306;4/2021;2021_4_18;joka;2
1306;4/2021;2021_4_18;meillä;1
1306;4/2021;2021_4_18;nyt;6
1306;4/2021;2021_4_18;konkreettisuusasteeltaan;1
1306;4/2021;2021_4_18;vielä;2
1306;4/2021;2021_4_18;puutteellinen;1
1306;4/2021;2021_4_18;oleellista;1
1306;4/2021;2021_4_18;kevään;1
1306;4/2021;2021_4_18;aikana;1
1306;4/2021;2021_4_18;siihen;3
1306;4/2021;2021_4_18;saadaan;1
1306;4/2021;2021_4_18;konkretiaa;1
1306;4/2021;2021_4_18;ehkä;3
1306;4/2021;2021_4_18;kunnianhimon;2
1306;4/2021;2021_4_18;nostoa;1
1306;4/2021;2021_4_18;sille;2
1306;4/2021;2021_4_18;nostollekin;1
1306;4/2021;2021_4_18;antaa;1
1306;4/2021;2021_4_18;edellytykset;1
1306;4/2021;2021_4_18;me;2
1306;4/2021;2021_4_18;ollaan;2
1306;4/2021;2021_4_18;pärjätty;1
1306;4/2021;2021_4_18;kriisissä;1
1306;4/2021;2021_4_18;poikkeuksellisen;1
1306;4/2021;2021_4_18;hyvin;3
1306;4/2021;2021_4_18;tilanne;1
1306;4/2021;2021_4_18;näyttää;1
1306;4/2021;2021_4_18;sikäli;1
1306;4/2021;2021_4_18;paljon;2
1306;4/2021;2021_4_18;valoisammalta;1
1306;4/2021;2021_4_18;tänään;3
1306;4/2021;2021_4_18;kuin;5
1306;4/2021;2021_4_18;miltä;1
1306;4/2021;2021_4_18;näytti;1
1306;4/2021;2021_4_18;puoli;1
1306;4/2021;2021_4_18;vuotta;1
1306;4/2021;2021_4_18;sitten;1
1306;4/2021;2021_4_18;mutta;3
1306;4/2021;2021_4_18;mitä;2
1306;4/2021;2021_4_18;tehty;3
1306;4/2021;2021_4_18;puhuttu;1
1306;4/2021;2021_4_18;työllisyydestä;1
1306;4/2021;2021_4_18;helsingin;1
1306;4/2021;2021_4_18;sanomissa;1
1306;4/2021;2021_4_18;oli;3
1306;4/2021;2021_4_18;ansiokas;1
1306;4/2021;2021_4_18;artikkeli;1
1306;4/2021;2021_4_18;tosiaankin;2
1306;4/2021;2021_4_18;totesi;2
1306;4/2021;2021_4_18;sen;1
1306;4/2021;2021_4_18;kun;4
1306;4/2021;2021_4_18;verrataan;1
1306;4/2021;2021_4_18;niitä;1
1306;4/2021;2021_4_18;konkreettisia;1
1306;4/2021;2021_4_18;tekoja;1
1306;4/2021;2021_4_18;niin;4
1306;4/2021;2021_4_18;vaiheessa;1
1306;4/2021;2021_4_18;jo;1
1306;4/2021;2021_4_18;samalla;1
1306;4/2021;2021_4_18;viivalla;1
1306;4/2021;2021_4_18;millä;1
1306;4/2021;2021_4_18;edellinen;1
1306;4/2021;2021_4_18;hallitus;1
1306;4/2021;2021_4_18;kautensa;1
1306;4/2021;2021_4_18;päätteeksi;1
1306;4/2021;2021_4_18;timo;1
1306;4/2021;2021_4_18;heinonen;3
1306;4/2021;2021_4_18;ei;2
1306;4/2021;2021_4_18;pidä;1
1306;4/2021;2021_4_18;paikkaansa;1
1306;4/2021;2021_4_18;joskin;1
1306;4/2021;2021_4_18;silloin;1
1306;4/2021;2021_4_18;imua;1
1306;4/2021;2021_4_18;kansainvälisistä;1
1306;4/2021;2021_4_18;suhdanteista;1
1306;4/2021;2021_4_18;tähän;1
1306;4/2021;2021_4_18;emme;1
1306;4/2021;2021_4_18;voi;1
1306;4/2021;2021_4_18;luottaa;1
1306;4/2021;2021_4_18;lisää;2
1306;4/2021;2021_4_18;pitää;2
1306;4/2021;2021_4_18;tehdä;1
1306;4/2021;2021_4_18;edestä;1
1306;4/2021;2021_4_18;saada;1
1306;4/2021;2021_4_18;päätöksiä;2
1306;4/2021;2021_4_18;voitaneen;1
1306;4/2021;2021_4_18;laskea;2
1306;4/2021;2021_4_18;vaikutuksia;2
1306;4/2021;2021_4_18;energiaverouudistukselle;1
1306;4/2021;2021_4_18;negatiivisia;1
1306;4/2021;2021_4_18;olisi;1
1306;4/2021;2021_4_18;voinut;1
1306;4/2021;2021_4_18;viime;2
1306;4/2021;2021_4_18;kaudella;1
1306;4/2021;2021_4_18;eläkeputkea;1
1306;4/2021;2021_4_18;lähinnä;1
1306;4/2021;2021_4_18;vahvistettiin;1
1306;4/2021;2021_4_18;missä;1
1306;4/2021;2021_4_18;poistetaan;1
1306;4/2021;2021_4_18;kokonaan;1
1306;4/2021;2021_4_18;edustaja;2
1306;4/2021;2021_4_18;ole;1
1306;4/2021;2021_4_18;pystytty;1
1306;4/2021;2021_4_18;vastaamaan;1
1306;4/2021;2021_4_18;tilanteeseen;2
1306;4/2021;2021_4_18;kyllä;1
1306;4/2021;2021_4_18;varsin;2
1306;4/2021;2021_4_18;suomessa;1
1306;4/2021;2021_4_18;vastattu;1
1306;4/2021;2021_4_18;suomen;1
1306;4/2021;2021_4_18;talous;1
1306;4/2021;2021_4_18;pakittaa;1
1306;4/2021;2021_4_18;vähiten;1
1306;4/2021;2021_4_18;koko;1
1306;4/2021;2021_4_18;euroopassa;1
1306;4/2021;2021_4_18;tästä;1
1306;4/2021;2021_4_18;kriisistä;1
1306;4/2021;2021_4_18;johtuen;1
1306;4/2021;2021_4_18;tarkoittaa;1
1306;4/2021;2021_4_18;täällä;1
1306;4/2021;2021_4_18;oikeita;1
1306;4/2021;2021_4_18;asioita;1
1306;4/2021;2021_4_18;oikeassa;1
1306;4/2021;2021_4_18;suhteessa;1
1306;4/2021;2021_4_18;oikeaan;1
1306;4/2021;2021_4_18;aikaan;1
1306;4/2021;2021_4_18;johtaa;1
1306;4/2021;2021_4_18;alijäämä;1
1306;4/2021;2021_4_18;tulee;2
1306;4/2021;2021_4_18;olemaan;3
1306;4/2021;2021_4_18;pienempi;1
1306;4/2021;2021_4_18;ennakoitu;2
1306;4/2021;2021_4_18;johtanee;1
1306;4/2021;2021_4_18;tänäkin;1
1306;4/2021;2021_4_18;vuonna;1
1306;4/2021;2021_4_18;tullee;1
1306;4/2021;2021_4_18;menemään;1
1306;4/2021;2021_4_18;paremmin;1
1306;4/2021;2021_4_18;osin;1
1306;4/2021;2021_4_18;tämä;1
1306;4/2021;2021_4_18;johtuu;1
1306;4/2021;2021_4_18;rokotuksissa;2
1306;4/2021;2021_4_18;päästään;2
1306;4/2021;2021_4_18;liikkeelle;1
1306;4/2021;2021_4_18;testikuluja;1
1306;4/2021;2021_4_18;todennäköisesti;1
1306;4/2021;2021_4_18;vähemmän;1
1306;4/2021;2021_4_18;mihin;1
1306;4/2021;2021_4_18;varattu;1
1306;4/2021;2021_4_18;rahaa;1
1306;4/2021;2021_4_18;puhui;1
1306;4/2021;2021_4_18;lapsista;1
1306;4/2021;2021_4_18;nuorista;1
1306;4/2021;2021_4_18;nämä;1
1306;4/2021;2021_4_18;ovat;3
1306;4/2021;2021_4_18;jotka;2
1306;4/2021;2021_4_18;tehdään;1
1306;4/2021;2021_4_18;paikallisella;1
1306;4/2021;2021_4_18;tasolla;1
1306;4/2021;2021_4_18;syytä;3
1306;4/2021;2021_4_18;olla;1
1306;4/2021;2021_4_18;huolissaan;1
1306;4/2021;2021_4_18;tapahtuu;1
1306;4/2021;2021_4_18;joutuu;2
1306;4/2021;2021_4_18;ystävistään;1
1306;4/2021;2021_4_18;erillään;1
1306;4/2021;2021_4_18;etäopetuksessa;2
1306;4/2021;2021_4_18;pitkään;1
1306;4/2021;2021_4_18;ensi;1
1306;4/2021;2021_4_18;syksynä;1
1306;4/2021;2021_4_18;taas;1
1306;4/2021;2021_4_18;kirjoitetaan;1
1306;4/2021;2021_4_18;ylioppilaskirjoituksia;1
1306;4/2021;2021_4_18;iso;1
1306;4/2021;2021_4_18;osa;1
1306;4/2021;2021_4_18;niistä;1
1306;4/2021;2021_4_18;kirjoittajista;1
1306;4/2021;2021_4_18;sellaisia;1
1306;4/2021;2021_4_18;olleet;1
1306;4/2021;2021_4_18;jopa;1
1306;4/2021;2021_4_18;puolet;1
1306;4/2021;2021_4_18;lukioajastaan;1
1306;4/2021;2021_4_18;vakava;1
1306;4/2021;2021_4_18;siksi;1
1306;4/2021;2021_4_18;varmaan;1
1306;4/2021;2021_4_18;pohtia;1
1306;4/2021;2021_4_18;eteenpäin;1
1306;4/2021;2021_4_18;olisiko;1
1306;4/2021;2021_4_18;kenties;1
1306;4/2021;2021_4_18;tätä;1
1306;4/2021;2021_4_18;ryhmää;1
1306;4/2021;2021_4_18;pitäisi;1
1306;4/2021;2021_4_18;priorisoida;1
1306;4/2021;2021_4_18;jotta;1
1306;4/2021;2021_4_18;päästettäisiin;1
1306;4/2021;2021_4_18;lapset;1
1306;4/2021;2021_4_18;mahdollisimman;1
1306;4/2021;2021_4_18;aikaisin;1
1306;4/2021;2021_4_18;takaisin;1
1306;4/2021;2021_4_18;normaaliin;1
1306;4/2021;2021_4_18;kouluelämään;1
1306;4/2021;2021_4_18;kritisoitiin;2
1306;4/2021;2021_4_18;hallituksen;1
1306;4/2021;2021_4_18;uudistuksia;2
1306;4/2021;2021_4_18;aika;1
1306;4/2021;2021_4_18;isoja;1
1306;4/2021;2021_4_18;rakenteellisia;1
1306;4/2021;2021_4_18;oppivelvollisuuden;1
1306;4/2021;2021_4_18;pidentämistä;1
1306;4/2021;2021_4_18;puhemies;1
1306;4/2021;2021_4_18;koputtaa;1
1306;4/2021;2021_4_18;huomata;1
1306;4/2021;2021_4_18;kuitenkin;1
1306;4/2021;2021_4_18;uudistus;1
1306;4/2021;2021_4_18;kansantaloustieteilijät;1
1306;4/2021;2021_4_18;laajasti;1
1306;4/2021;2021_4_18;kannattaneet;1
1306;5/2021;2021_5_15;ärade;1
1306;5/2021;2021_5_15;talman;1
1306;5/2021;2021_5_15;arvoisa;1
1306;5/2021;2021_5_15;puhemies;1
1306;5/2021;2021_5_15;trivialisointi;1
1306;5/2021;2021_5_15;ja;7
1306;5/2021;2021_5_15;karrikointi;1
1306;5/2021;2021_5_15;on;2
1306;5/2021;2021_5_15;helppoa;1
1306;5/2021;2021_5_15;samoin;1
1306;5/2021;2021_5_15;ihmisten;1
1306;5/2021;2021_5_15;ihmisryhmien;1
1306;5/2021;2021_5_15;lokeroiminen;1
1306;5/2021;2021_5_15;ummistamme;1
1306;5/2021;2021_5_15;silmämme;1
1306;5/2021;2021_5_15;vetoamme;1
1306;5/2021;2021_5_15;ennakkoluuloihin;1
1306;5/2021;2021_5_15;ennakkokäsityksiin;1
1306;5/2021;2021_5_15;se;3
1306;5/2021;2021_5_15;tuttua;1
1306;5/2021;2021_5_15;meille;1
1306;5/2021;2021_5_15;kaikille;1
1306;5/2021;2021_5_15;politiikantekijöille;1
1306;5/2021;2021_5_15;vaikka;1
1306;5/2021;2021_5_15;tiedämme;1
1306;5/2021;2021_5_15;liiankin;1
1306;5/2021;2021_5_15;hyvin;1
1306;5/2021;2021_5_15;mihin;1
1306;5/2021;2021_5_15;johtaa;2
1306;5/2021;2021_5_15;emme;1
1306;5/2021;2021_5_15;aina;1
1306;5/2021;2021_5_15;pysty;1
1306;5/2021;2021_5_15;vastustamaan;1
1306;5/2021;2021_5_15;kiusausta;1
1306;5/2021;2021_5_15;mutta;1
1306;5/2021;2021_5_15;silmien;1
1306;5/2021;2021_5_15;ummistaminen;1
1306;5/2021;2021_5_15;tosiasioilta;1
1306;5/2021;2021_5_15;eli;1
1306;5/2021;2021_5_15;todellisuudelta;1
1306;5/2021;2021_5_15;ei;1
1306;5/2021;2021_5_15;vie;1
1306;5/2021;2021_5_15;eteenpäin;1
1306;5/2021;2021_5_15;epäolennaisiin;1
1306;5/2021;2021_5_15;toisarvoisiin;1
1306;5/2021;2021_5_15;toimenpiteisiin;1
1306;5/2021;2021_5_15;todellisten;1
1306;5/2021;2021_5_15;konkreettisten;1
1306;5/2021;2021_5_15;sijaan;1
1306;9/2021;2021_9_182;ärade;1
1306;9/2021;2021_9_182;talman;1
1306;9/2021;2021_9_182;käsittelemme;1
1306;9/2021;2021_9_182;välikysymystä;1
1306;9/2021;2021_9_182;jonka;2
1306;9/2021;2021_9_182;viimeinen;1
1306;9/2021;2021_9_182;lauseke;1
1306;9/2021;2021_9_182;puhuu;1
1306;9/2021;2021_9_182;kansanäänestyksestä;2
1306;9/2021;2021_9_182;eusta;3
1306;9/2021;2021_9_182;jäsenyys;1
1306;9/2021;2021_9_182;tuo;1
1306;9/2021;2021_9_182;kaiken;1
1306;9/2021;2021_9_182;kaikkiaan;1
1306;9/2021;2021_9_182;suomelle;1
1306;9/2021;2021_9_182;huomattavaa;1
1306;9/2021;2021_9_182;taloudellista;1
1306;9/2021;2021_9_182;hyötyä;1
1306;9/2021;2021_9_182;arviolta;1
1306;9/2021;2021_9_182;prosenttia;4
1306;9/2021;2021_9_182;bktsta;1
1306;9/2021;2021_9_182;eli;1
1306;9/2021;2021_9_182;joka;7
1306;9/2021;2021_9_182;vuosi;2
1306;9/2021;2021_9_182;miljardia;1
1306;9/2021;2021_9_182;moni;1
1306;9/2021;2021_9_182;allekirjoittaneiden;1
1306;9/2021;2021_9_182;puolueiden;1
1306;9/2021;2021_9_182;riveistä;1
1306;9/2021;2021_9_182;on;22
1306;9/2021;2021_9_182;tässä;4
1306;9/2021;2021_9_182;vuosien;1
1306;9/2021;2021_9_182;mittaan;1
1306;9/2021;2021_9_182;innokkaasti;1
1306;9/2021;2021_9_182;peukuttanut;1
1306;9/2021;2021_9_182;brexitiä;1
1306;9/2021;2021_9_182;brexit;2
1306;9/2021;2021_9_182;jo;1
1306;9/2021;2021_9_182;ennen;1
1306;9/2021;2021_9_182;astumistaan;1
1306;9/2021;2021_9_182;voimaan;1
1306;9/2021;2021_9_182;oli;2
1306;9/2021;2021_9_182;aiheuttanut;1
1306;9/2021;2021_9_182;ukn;2
1306;9/2021;2021_9_182;taloudelle;1
1306;9/2021;2021_9_182;vuoden;4
1306;9/2021;2021_9_182;jäsenmaksuja;1
1306;9/2021;2021_9_182;vastaavan;1
1306;9/2021;2021_9_182;menetyksen;1
1306;9/2021;2021_9_182;osin;1
1306;9/2021;2021_9_182;aiheutti;1
1306;9/2021;2021_9_182;sen;3
1306;9/2021;2021_9_182;että;17
1306;9/2021;2021_9_182;vienti;1
1306;9/2021;2021_9_182;tippunut;1
1306;9/2021;2021_9_182;viime;2
1306;9/2021;2021_9_182;alkuvuodesta;1
1306;9/2021;2021_9_182;onko;1
1306;9/2021;2021_9_182;meillä;2
1306;9/2021;2021_9_182;siihen;3
1306;9/2021;2021_9_182;varaa;1
1306;9/2021;2021_9_182;lähtisikö;1
1306;9/2021;2021_9_182;suomi;4
1306;9/2021;2021_9_182;silloin;5
1306;9/2021;2021_9_182;nousuun;1
1306;9/2021;2021_9_182;mikä;2
1306;9/2021;2021_9_182;se;17
1306;9/2021;2021_9_182;olisi;4
1306;9/2021;2021_9_182;tulisi;1
1306;9/2021;2021_9_182;takaisin;1
1306;9/2021;2021_9_182;varmaa;1
1306;9/2021;2021_9_182;lienee;1
1306;9/2021;2021_9_182;ei;12
1306;9/2021;2021_9_182;ole;5
1306;9/2021;2021_9_182;johon;1
1306;9/2021;2021_9_182;rakennetaan;1
1306;9/2021;2021_9_182;miljardiluokan;1
1306;9/2021;2021_9_182;biotuotetehtaita;1
1306;9/2021;2021_9_182;arvoisa;6
1306;9/2021;2021_9_182;puhemies;7
1306;9/2021;2021_9_182;eu;2
1306;9/2021;2021_9_182;perustuu;1
1306;9/2021;2021_9_182;tiettyyn;1
1306;9/2021;2021_9_182;solidaarisuuteen;1
1306;9/2021;2021_9_182;uskomme;1
1306;9/2021;2021_9_182;ajatukseen;1
1306;9/2021;2021_9_182;siitä;3
1306;9/2021;2021_9_182;yhdessä;1
1306;9/2021;2021_9_182;olemme;1
1306;9/2021;2021_9_182;enemmän;1
1306;9/2021;2021_9_182;ihan;1
1306;9/2021;2021_9_182;eri;1
1306;9/2021;2021_9_182;asia;2
1306;9/2021;2021_9_182;neuvotella;1
1306;9/2021;2021_9_182;venäjän;1
1306;9/2021;2021_9_182;tai;3
1306;9/2021;2021_9_182;kiinan;1
1306;9/2021;2021_9_182;kanssa;1
1306;9/2021;2021_9_182;maailman;1
1306;9/2021;2021_9_182;isoimpana;1
1306;9/2021;2021_9_182;talousalueena;1
1306;9/2021;2021_9_182;kuin;3
1306;9/2021;2021_9_182;jos;5
1306;9/2021;2021_9_182;connecticutin;1
1306;9/2021;2021_9_182;kokoisena;1
1306;9/2021;2021_9_182;taloutena;1
1306;9/2021;2021_9_182;sitä;4
1306;9/2021;2021_9_182;tekisi;1
1306;9/2021;2021_9_182;me;4
1306;9/2021;2021_9_182;haluamme;1
1306;9/2021;2021_9_182;kokoa;1
1306;9/2021;2021_9_182;ja;6
1306;9/2021;2021_9_182;vaikutusvaltaa;1
1306;9/2021;2021_9_182;pitää;5
1306;9/2021;2021_9_182;välillä;1
1306;9/2021;2021_9_182;myös;3
1306;9/2021;2021_9_182;pistää;1
1306;9/2021;2021_9_182;itsensä;1
1306;9/2021;2021_9_182;likoon;1
1306;9/2021;2021_9_182;kokonaisuuden;1
1306;9/2021;2021_9_182;eteen;1
1306;9/2021;2021_9_182;koska;4
1306;9/2021;2021_9_182;meidän;4
1306;9/2021;2021_9_182;etumme;1
1306;9/2021;2021_9_182;siitäkin;1
1306;9/2021;2021_9_182;kysymys;1
1306;9/2021;2021_9_182;pelkkä;1
1306;9/2021;2021_9_182;kirjanpitoharjoitus;1
1306;9/2021;2021_9_182;elpymisrahasto;1
1306;9/2021;2021_9_182;tarkoittaa;3
1306;9/2021;2021_9_182;suomen;5
1306;9/2021;2021_9_182;vastuut;1
1306;9/2021;2021_9_182;kasvavat;1
1306;9/2021;2021_9_182;tavalla;1
1306;9/2021;2021_9_182;voi;4
1306;9/2021;2021_9_182;jäsenmaksut;1
1306;9/2021;2021_9_182;hieman;1
1306;9/2021;2021_9_182;nousevat;1
1306;9/2021;2021_9_182;olla;2
1306;9/2021;2021_9_182;maksu;1
1306;9/2021;2021_9_182;hoituu;1
1306;9/2021;2021_9_182;pääasiassa;1
1306;9/2021;2021_9_182;hiilitullin;1
1306;9/2021;2021_9_182;digiveron;1
1306;9/2021;2021_9_182;kautta;2
1306;9/2021;2021_9_182;nettotaakka;1
1306;9/2021;2021_9_182;pienenee;1
1306;9/2021;2021_9_182;vaihtoehto;1
1306;9/2021;2021_9_182;usein;2
1306;9/2021;2021_9_182;hankala;1
1306;9/2021;2021_9_182;kysyä;1
1306;9/2021;2021_9_182;oppositiolta;2
1306;9/2021;2021_9_182;turha;1
1306;9/2021;2021_9_182;kuten;2
1306;9/2021;2021_9_182;viikolla;1
1306;9/2021;2021_9_182;opposition;1
1306;9/2021;2021_9_182;suunnasta;1
1306;9/2021;2021_9_182;todettiin;1
1306;9/2021;2021_9_182;tämä;4
1306;9/2021;2021_9_182;politiikkaa;1
1306;9/2021;2021_9_182;mutta;5
1306;9/2021;2021_9_182;kuitenkin;4
1306;9/2021;2021_9_182;tekisimme;1
1306;9/2021;2021_9_182;jättäytyminen;1
1306;9/2021;2021_9_182;yksin;1
1306;9/2021;2021_9_182;pois;1
1306;9/2021;2021_9_182;heikentäisi;3
1306;9/2021;2021_9_182;mahdollisuuksia;1
1306;9/2021;2021_9_182;saada;2
1306;9/2021;2021_9_182;omille;1
1306;9/2021;2021_9_182;näkemyksilleen;1
1306;9/2021;2021_9_182;tukea;1
1306;9/2021;2021_9_182;silläkin;1
1306;9/2021;2021_9_182;odottamattomat;2
1306;9/2021;2021_9_182;seuraukset;1
1306;9/2021;2021_9_182;varma;2
1306;9/2021;2021_9_182;kykyämme;1
1306;9/2021;2021_9_182;vaikuttaa;1
1306;9/2021;2021_9_182;eun;2
1306;9/2021;2021_9_182;kehitykseen;1
1306;9/2021;2021_9_182;todennäköistä;1
1306;9/2021;2021_9_182;todennäköisyyttä;1
1306;9/2021;2021_9_182;apua;1
1306;9/2021;2021_9_182;kun;1
1306;9/2021;2021_9_182;tarvitsemme;1
1306;9/2021;2021_9_182;koko;5
1306;9/2021;2021_9_182;paketti;2
1306;9/2021;2021_9_182;kaatuisi;1
1306;9/2021;2021_9_182;sillä;1
1306;9/2021;2021_9_182;vaikutukset;1
1306;9/2021;2021_9_182;euroopan;1
1306;9/2021;2021_9_182;talouteen;1
1306;9/2021;2021_9_182;tulevaisuuteen;1
1306;9/2021;2021_9_182;joku;2
1306;9/2021;2021_9_182;ehkä;4
1306;9/2021;2021_9_182;saisi;1
1306;9/2021;2021_9_182;pari;1
1306;9/2021;2021_9_182;lisää;2
1306;9/2021;2021_9_182;kunnallisvaalikannatusta;1
1306;9/2021;2021_9_182;riskit;1
1306;9/2021;2021_9_182;olisivat;1
1306;9/2021;2021_9_182;todella;1
1306;9/2021;2021_9_182;isot;1
1306;9/2021;2021_9_182;kokkolassa;1
1306;9/2021;2021_9_182;muutaman;1
1306;9/2021;2021_9_182;paikan;1
1306;9/2021;2021_9_182;kauhavallakin;1
1306;9/2021;2021_9_182;hinta;1
1306;9/2021;2021_9_182;kova;1
1306;9/2021;2021_9_182;rahasto;1
1306;9/2021;2021_9_182;ideaalinen;1
1306;9/2021;2021_9_182;en;1
1306;9/2021;2021_9_182;kuullut;1
1306;9/2021;2021_9_182;kenenkään;1
1306;9/2021;2021_9_182;tämän;1
1306;9/2021;2021_9_182;hallituksen;3
1306;9/2021;2021_9_182;rivistä;1
1306;9/2021;2021_9_182;ylistäneen;1
1306;9/2021;2021_9_182;huomattavasti;2
1306;9/2021;2021_9_182;parempi;2
1306;9/2021;2021_9_182;todennäköiset;1
1306;9/2021;2021_9_182;vaihtoehdot;1
1306;9/2021;2021_9_182;neuvottelutulosta;1
1306;9/2021;2021_9_182;aina;1
1306;9/2021;2021_9_182;helppo;1
1306;9/2021;2021_9_182;kritisoida;1
1306;9/2021;2021_9_182;varsinkin;1
1306;9/2021;2021_9_182;itse;1
1306;9/2021;2021_9_182;ollut;1
1306;9/2021;2021_9_182;paikalla;1
1306;9/2021;2021_9_182;johtaa;1
1306;9/2021;2021_9_182;kantaa;1
1306;9/2021;2021_9_182;vastuuta;1
1306;9/2021;2021_9_182;siksi;3
1306;9/2021;2021_9_182;hallitus;3
1306;9/2021;2021_9_182;toimia;1
1306;9/2021;2021_9_182;oppositio;1
1306;9/2021;2021_9_182;jossa;1
1306;9/2021;2021_9_182;perussuomalaiset;2
1306;9/2021;2021_9_182;istuivat;1
1306;9/2021;2021_9_182;auttoi;1
1306;9/2021;2021_9_182;kreikkaa;1
1306;9/2021;2021_9_182;saksan;1
1306;9/2021;2021_9_182;pankkeja;1
1306;9/2021;2021_9_182;ajatella;1
1306;9/2021;2021_9_182;nenäänsä;1
1306;9/2021;2021_9_182;pidemmälle;1
1306;9/2021;2021_9_182;tulee;2
1306;9/2021;2021_9_182;hyväksyä;1
1306;9/2021;2021_9_182;saanto;2
1306;9/2021;2021_9_182;pienentynyt;2
1306;9/2021;2021_9_182;välikysymyksessä;1
1306;9/2021;2021_9_182;nettomaksuasema;1
1306;9/2021;2021_9_182;kritiikin;1
1306;9/2021;2021_9_182;kohteena;1
1306;9/2021;2021_9_182;eduskunnassa;1
1306;9/2021;2021_9_182;penäsivät;1
1306;9/2021;2021_9_182;muutoksia;1
1306;9/2021;2021_9_182;joiden;1
1306;9/2021;2021_9_182;myötä;1
1306;9/2021;2021_9_182;vielä;3
1306;9/2021;2021_9_182;entisestään;1
1306;9/2021;2021_9_182;pidä;1
1306;9/2021;2021_9_182;vaatia;1
1306;9/2021;2021_9_182;johdonmukaisuutta;1
1306;9/2021;2021_9_182;raja;1
1306;9/2021;2021_9_182;onneksi;1
1306;9/2021;2021_9_182;peliin;1
1306;9/2021;2021_9_182;lähtenyt;1
1306;9/2021;2021_9_182;vaadittu;1
1306;9/2021;2021_9_182;takuita;1
1306;9/2021;2021_9_182;ainutkertainen;1
1306;9/2021;2021_9_182;älyllisesti;1
1306;9/2021;2021_9_182;epärehellinen;1
1306;9/2021;2021_9_182;vaatimus;1
1306;9/2021;2021_9_182;kukaan;2
1306;9/2021;2021_9_182;salissa;1
1306;9/2021;2021_9_182;emme;1
1306;9/2021;2021_9_182;kohtaa;1
1306;9/2021;2021_9_182;toista;1
1306;9/2021;2021_9_182;kriisiä;1
1306;9/2021;2021_9_182;pandemia;1
1306;9/2021;2021_9_182;kymmenen;1
1306;9/2021;2021_9_182;kuluttua;2
1306;9/2021;2021_9_182;luonnonkatastrofi;1
1306;9/2021;2021_9_182;kuka;1
1306;9/2021;2021_9_182;pystyy;1
1306;9/2021;2021_9_182;lupaamaan;1
1306;9/2021;2021_9_182;sellaista;1
1306;9/2021;2021_9_182;tule;2
1306;9/2021;2021_9_182;tarvetta;1
1306;9/2021;2021_9_182;vastaaville;1
1306;9/2021;2021_9_182;toimille;1
1306;9/2021;2021_9_182;tulevaisuudessa;1
1306;9/2021;2021_9_182;sekin;1
1306;9/2021;2021_9_182;rehellistä;1
1306;9/2021;2021_9_182;myöntää;1
1306;9/2021;2021_9_182;saantomme;1
1306;9/2021;2021_9_182;tullee;1
1306;9/2021;2021_9_182;muuttumaan;1
1306;9/2021;2021_9_182;tämänkin;1
1306;9/2021;2021_9_182;talousluvut;1
1306;9/2021;2021_9_182;vaikuttavat;1
1306;9/2021;2021_9_182;saannon;1
1306;9/2021;2021_9_182;suuruuteen;1
1306;9/2021;2021_9_182;jopa;1
1306;9/2021;2021_9_182;toivoa;1
1306;9/2021;2021_9_182;tästä;2
1306;9/2021;2021_9_182;pienenisi;1
1306;9/2021;2021_9_182;menee;1
1306;9/2021;2021_9_182;hyvin;1
1306;9/2021;2021_9_182;oleellista;1
1306;9/2021;2021_9_182;mitä;1
1306;9/2021;2021_9_182;saannollamme;1
1306;9/2021;2021_9_182;teemme;1
1306;9/2021;2021_9_182;käyttää;1
1306;9/2021;2021_9_182;viisaasti;1
1306;9/2021;2021_9_182;hankkeisiin;1
1306;9/2021;2021_9_182;jotka;1
1306;9/2021;2021_9_182;oikeasti;1
1306;9/2021;2021_9_182;parantavat;1
1306;9/2021;2021_9_182;kilpailukykyämme;1
1306;9/2021;2021_9_182;pitkällä;1
1306;9/2021;2021_9_182;tähtäimellä;1
1306;9/2021;2021_9_182;muistaen;1
1306;9/2021;2021_9_182;tehdä;1
1306;9/2021;2021_9_182;harmaata;1
1306;9/2021;2021_9_182;mattoa;1
1306;9/2021;2021_9_182;levitetään;1
1306;9/2021;2021_9_182;maan;2
1306;9/2021;2021_9_182;yli;1
1306;9/2021;2021_9_182;vaan;1
1306;9/2021;2021_9_182;harkiten;1
1306;9/2021;2021_9_182;tehtyjen;1
1306;9/2021;2021_9_182;etua;1
1306;9/2021;2021_9_182;palvelevien;1
1306;9/2021;2021_9_182;hankkeiden;1
1306;9/2021;2021_9_182;vauhdittaja;1
1306;9/2021;2021_9_182;koputtaa;1
1306;9/2021;2021_9_182;kilpailukykyä;1
1306;9/2021;2021_9_182;rakentava;1
1306;9/2021;2021_9_182;pitkän;1
1306;9/2021;2021_9_182;tähtäimen;1
1306;9/2021;2021_9_182;mekanismi;1
1306;20/2021;2021_20_46;ärade;1
1306;20/2021;2021_20_46;talman;1
1306;20/2021;2021_20_46;edustajat;1
1306;20/2021;2021_20_46;niikko;2
1306;20/2021;2021_20_46;ja;5
1306;20/2021;2021_20_46;turtiainen;1
1306;20/2021;2021_20_46;puhuivat;1
1306;20/2021;2021_20_46;tässä;9
1306;20/2021;2021_20_46;sensuurista;1
1306;20/2021;2021_20_46;eihän;2
1306;20/2021;2021_20_46;meillä;1
1306;20/2021;2021_20_46;suomessa;1
1306;20/2021;2021_20_46;ole;3
1306;20/2021;2021_20_46;sensuuria;3
1306;20/2021;2021_20_46;täällä;1
1306;20/2021;2021_20_46;jokainen;2
1306;20/2021;2021_20_46;voi;3
1306;20/2021;2021_20_46;puhua;1
1306;20/2021;2021_20_46;mitä;5
1306;20/2021;2021_20_46;sylki;1
1306;20/2021;2021_20_46;suuhun;1
1306;20/2021;2021_20_46;tuo;1
1306;20/2021;2021_20_46;mutta;4
1306;20/2021;2021_20_46;se;8
1306;20/2021;2021_20_46;että;5
1306;20/2021;2021_20_46;kutsuu;1
1306;20/2021;2021_20_46;hölynpölyä;1
1306;20/2021;2021_20_46;hölynpölyksi;1
1306;20/2021;2021_20_46;on;14
1306;20/2021;2021_20_46;kritiikkiä;1
1306;20/2021;2021_20_46;ei;5
1306;20/2021;2021_20_46;tai;2
1306;20/2021;2021_20_46;jos;3
1306;20/2021;2021_20_46;kritisoi;1
1306;20/2021;2021_20_46;sitä;2
1306;20/2021;2021_20_46;levitetään;1
1306;20/2021;2021_20_46;salaliittoteorioita;1
1306;20/2021;2021_20_46;liittyvät;1
1306;20/2021;2021_20_46;ne;2
1306;20/2021;2021_20_46;sitten;4
1306;20/2021;2021_20_46;lentoliikenteeseen;1
1306;20/2021;2021_20_46;tautiin;1
1306;20/2021;2021_20_46;vaalijärjestelyihin;1
1306;20/2021;2021_20_46;sekään;1
1306;20/2021;2021_20_46;peräänkuuluttaa;1
1306;20/2021;2021_20_46;vastuuta;1
1306;20/2021;2021_20_46;jokaiselta;2
1306;20/2021;2021_20_46;poliitikolta;1
1306;20/2021;2021_20_46;yhteiskunnassamme;1
1306;20/2021;2021_20_46;edustaja;2
1306;20/2021;2021_20_46;lindn;1
1306;20/2021;2021_20_46;totesi;1
1306;20/2021;2021_20_46;ettei;1
1306;20/2021;2021_20_46;asettaa;1
1306;20/2021;2021_20_46;ihmisiä;1
1306;20/2021;2021_20_46;eri;1
1306;20/2021;2021_20_46;asemaan;1
1306;20/2021;2021_20_46;ihan;1
1306;20/2021;2021_20_46;selvä;2
1306;20/2021;2021_20_46;oikeutettu;1
1306;20/2021;2021_20_46;samanlaiseen;1
1306;20/2021;2021_20_46;arviointiin;1
1306;20/2021;2021_20_46;toki;3
1306;20/2021;2021_20_46;pitää;1
1306;20/2021;2021_20_46;huomioida;1
1306;20/2021;2021_20_46;erityisen;1
1306;20/2021;2021_20_46;haavoittuvassa;1
1306;20/2021;2021_20_46;asemassa;1
1306;20/2021;2021_20_46;olevat;1
1306;20/2021;2021_20_46;riskiryhmät;1
1306;20/2021;2021_20_46;näinhän;1
1306;20/2021;2021_20_46;me;1
1306;20/2021;2021_20_46;teemme;1
1306;20/2021;2021_20_46;puhui;1
1306;20/2021;2021_20_46;vaalien;1
1306;20/2021;2021_20_46;siirtämisestä;1
1306;20/2021;2021_20_46;päätöshän;1
1306;20/2021;2021_20_46;joka;1
1306;20/2021;2021_20_46;todennäköisesti;1
1306;20/2021;2021_20_46;tehdään;3
1306;20/2021;2021_20_46;liittynyt;1
1306;20/2021;2021_20_46;pelkästään;1
1306;20/2021;2021_20_46;siihen;1
1306;20/2021;2021_20_46;miten;1
1306;20/2021;2021_20_46;vaalit;1
1306;20/2021;2021_20_46;voidaan;2
1306;20/2021;2021_20_46;järjestää;1
1306;20/2021;2021_20_46;turvallisesti;1
1306;20/2021;2021_20_46;paikan;1
1306;20/2021;2021_20_46;päällä;1
1306;20/2021;2021_20_46;sen;2
1306;20/2021;2021_20_46;suhteenhan;1
1306;20/2021;2021_20_46;jo;2
1306;20/2021;2021_20_46;laajoja;1
1306;20/2021;2021_20_46;ohjeistuksia;1
1306;20/2021;2021_20_46;tehty;1
1306;20/2021;2021_20_46;vaan;1
1306;20/2021;2021_20_46;myöskin;1
1306;20/2021;2021_20_46;yleiseen;1
1306;20/2021;2021_20_46;psykologiseen;1
1306;20/2021;2021_20_46;ilmapiiriin;1
1306;20/2021;2021_20_46;uskaltavatko;1
1306;20/2021;2021_20_46;ihmiset;1
1306;20/2021;2021_20_46;mennä;1
1306;20/2021;2021_20_46;äänestämään;1
1306;20/2021;2021_20_46;vaalivirkailijat;1
1306;20/2021;2021_20_46;ovat;2
1306;20/2021;2021_20_46;karanteenissa;2
1306;20/2021;2021_20_46;eivät;1
1306;20/2021;2021_20_46;pääse;1
1306;20/2021;2021_20_46;paikalle;1
1306;20/2021;2021_20_46;tuhannet;1
1306;20/2021;2021_20_46;kymmenettuhannet;1
1306;20/2021;2021_20_46;suomalaiset;1
1306;20/2021;2021_20_46;heidän;1
1306;20/2021;2021_20_46;äänestämiselleen;1
1306;20/2021;2021_20_46;käytännössä;1
1306;20/2021;2021_20_46;löydy;1
1306;20/2021;2021_20_46;ratkaisuja;1
1306;20/2021;2021_20_46;näitä;3
1306;20/2021;2021_20_46;asioita;1
1306;20/2021;2021_20_46;jouduttu;1
1306;20/2021;2021_20_46;pohtimaan;1
1306;20/2021;2021_20_46;kautta;1
1306;20/2021;2021_20_46;päädyttiin;1
1306;20/2021;2021_20_46;valitettavaan;1
1306;20/2021;2021_20_46;välttämättömään;1
1306;20/2021;2021_20_46;ratkaisuun;1
1306;20/2021;2021_20_46;tulee;1
1306;20/2021;2021_20_46;ravintoloihin;1
1306;20/2021;2021_20_46;niin;1
1306;20/2021;2021_20_46;kukaan;1
1306;20/2021;2021_20_46;halua;1
1306;20/2021;2021_20_46;vahingoittaa;1
1306;20/2021;2021_20_46;yrittäjiä;2
1306;20/2021;2021_20_46;lienee;1
1306;20/2021;2021_20_46;tuettu;1
1306;20/2021;2021_20_46;huomattavasti;1
1306;20/2021;2021_20_46;tämän;2
1306;20/2021;2021_20_46;vuoden;2
1306;20/2021;2021_20_46;aikana;2
1306;20/2021;2021_20_46;edellisenkin;1
1306;20/2021;2021_20_46;varmasti;1
1306;20/2021;2021_20_46;yhteinen;1
1306;20/2021;2021_20_46;tahtotila;1
1306;20/2021;2021_20_46;vääjäämättä;1
1306;20/2021;2021_20_46;tietenkään;1
1306;20/2021;2021_20_46;täydellistä;1
1306;20/2021;2021_20_46;symmetriaa;1
1306;20/2021;2021_20_46;saada;1
1306;20/2021;2021_20_46;aikaiseksi;1
1306;20/2021;2021_20_46;erilaista;1
1306;20/2021;2021_20_46;toimintaa;1
1306;20/2021;2021_20_46;jokin;1
1306;20/2021;2021_20_46;toista;1
1306;20/2021;2021_20_46;sosiaalisempaa;1
1306;20/2021;2021_20_46;johonkin;1
1306;20/2021;2021_20_46;toimintaan;1
1306;20/2021;2021_20_46;liittyy;1
1306;20/2021;2021_20_46;erilainen;1
1306;20/2021;2021_20_46;tartuntariski;1
1306;20/2021;2021_20_46;kuin;1
1306;20/2021;2021_20_46;toiseen;1
1306;20/2021;2021_20_46;tietenkin;1
1306;20/2021;2021_20_46;oleellista;1
1306;20/2021;2021_20_46;arvioidaan;1
1306;20/2021;2021_20_46;tukia;1
1306;20/2021;2021_20_46;mitoitetaan;1
1306;20/2021;2021_20_46;mukaan;1
1306;20/2021;2021_20_46;kohdistetaan;1
1306;20/2021;2021_20_46;oikein;1
1306;20/2021;2021_20_46;saattaa;1
1306;20/2021;2021_20_46;olla;1
1306;20/2021;2021_20_46;vielä;1
1306;20/2021;2021_20_46;vähän;1
1306;20/2021;2021_20_46;työtä;1
1306;20/2021;2021_20_46;tehtävänä;1
1306;20/2021;2021_20_46;oleellistahan;1
1306;20/2021;2021_20_46;kaikessa;1
1306;20/2021;2021_20_46;toiminnassa;1
1306;20/2021;2021_20_46;kommunikointi;1
1306;20/2021;2021_20_46;selkeää;1
1306;20/2021;2021_20_46;selvästi;1
1306;20/2021;2021_20_46;kommunikoidaan;1
1306;20/2021;2021_20_46;nyt;1
1306;20/2021;2021_20_46;siitä;1
1306;20/2021;2021_20_46;tavoitellaan;1
1306;20/2021;2021_20_46;mikä;1
1306;20/2021;2021_20_46;taso;1
1306;20/2021;2021_20_46;johon;1
1306;20/2021;2021_20_46;halutaan;1
1306;20/2021;2021_20_46;päästä;1
1306;20/2021;2021_20_46;minkälaisessa;1
1306;20/2021;2021_20_46;tilanteessa;1
1306;20/2021;2021_20_46;lähteä;1
1306;20/2021;2021_20_46;helpottamaan;1
1306;20/2021;2021_20_46;rajoituksia;1
1306;20/2021;2021_20_46;näitten;1
1306;20/2021;2021_20_46;selkeitten;1
1306;20/2021;2021_20_46;numeraalisten;1
1306;20/2021;2021_20_46;mittareiden;1
1306;20/2021;2021_20_46;viestittäminen;1
1306;20/2021;2021_20_46;varmaan;1
1306;20/2021;2021_20_46;helpottaisi;1
1306;20/2021;2021_20_46;kaikkien;1
1306;20/2021;2021_20_46;rajoitustoimien;1
1306;20/2021;2021_20_46;hyväksyttävyyttä;1
1306;32/2021;2021_32_5;ärade;1
1306;32/2021;2021_32_5;talman;1
1306;32/2021;2021_32_5;arvoisa;4
1306;32/2021;2021_32_5;puhemies;4
1306;32/2021;2021_32_5;politiikassa;1
1306;32/2021;2021_32_5;voi;4
1306;32/2021;2021_32_5;joko;3
1306;32/2021;2021_32_5;rakentaa;2
1306;32/2021;2021_32_5;tai;3
1306;32/2021;2021_32_5;hajottaa;2
1306;32/2021;2021_32_5;luottamusta;2
1306;32/2021;2021_32_5;epäluottamusta;1
1306;32/2021;2021_32_5;olla;1
1306;32/2021;2021_32_5;johdonmukainen;1
1306;32/2021;2021_32_5;kääntyä;1
1306;32/2021;2021_32_5;tuulen;1
1306;32/2021;2021_32_5;mukana;1
1306;32/2021;2021_32_5;perussuomalaisten;16
1306;32/2021;2021_32_5;ryhmästä;15
1306;32/2021;2021_32_5;nimenomaan;2
1306;32/2021;2021_32_5;hyvin;3
1306;32/2021;2021_32_5;sanottu;1
1306;32/2021;2021_32_5;kun;2
1306;32/2021;2021_32_5;päätös;1
1306;32/2021;2021_32_5;vaalien;1
1306;32/2021;2021_32_5;siirtämisestä;1
1306;32/2021;2021_32_5;syntyi;1
1306;32/2021;2021_32_5;kahdeksan;1
1306;32/2021;2021_32_5;puolueen;1
1306;32/2021;2021_32_5;yhteisenä;1
1306;32/2021;2021_32_5;päätöksenä;1
1306;32/2021;2021_32_5;riveistä;1
1306;32/2021;2021_32_5;lähdettiin;1
1306;32/2021;2021_32_5;heti;1
1306;32/2021;2021_32_5;viljelemään;1
1306;32/2021;2021_32_5;salaliittoteorioita;2
1306;32/2021;2021_32_5;oho;2
1306;32/2021;2021_32_5;asiasta;1
1306;32/2021;2021_32_5;oli;8
1306;32/2021;2021_32_5;sovittu;1
1306;32/2021;2021_32_5;vaaleja;1
1306;32/2021;2021_32_5;ei;11
1306;32/2021;2021_32_5;yritettykään;1
1306;32/2021;2021_32_5;pitää;2
1306;32/2021;2021_32_5;kaikki;1
1306;32/2021;2021_32_5;pelkkää;1
1306;32/2021;2021_32_5;peliä;5
1306;32/2021;2021_32_5;suomalaisen;1
1306;32/2021;2021_32_5;yhteiskunnan;1
1306;32/2021;2021_32_5;vahvin;1
1306;32/2021;2021_32_5;pääoma;1
1306;32/2021;2021_32_5;on;13
1306;32/2021;2021_32_5;luottamus;3
1306;32/2021;2021_32_5;ja;7
1306;32/2021;2021_32_5;se;13
1306;32/2021;2021_32_5;perustunut;1
1306;32/2021;2021_32_5;siihen;2
1306;32/2021;2021_32_5;että;19
1306;32/2021;2021_32_5;emme;2
1306;32/2021;2021_32_5;puhu;1
1306;32/2021;2021_32_5;mitä;2
1306;32/2021;2021_32_5;sylki;1
1306;32/2021;2021_32_5;suuhun;1
1306;32/2021;2021_32_5;tuo;1
1306;32/2021;2021_32_5;hyvä;1
1306;32/2021;2021_32_5;pysymme;2
1306;32/2021;2021_32_5;totuudessa;1
1306;32/2021;2021_32_5;levitä;1
1306;32/2021;2021_32_5;vain;1
1306;32/2021;2021_32_5;siksi;1
1306;32/2021;2021_32_5;siitä;4
1306;32/2021;2021_32_5;saa;1
1306;32/2021;2021_32_5;somessa;1
1306;32/2021;2021_32_5;peukkuja;1
1306;32/2021;2021_32_5;välihuutoja;3
1306;32/2021;2021_32_5;tämä;2
1306;32/2021;2021_32_5;nimittäin;1
1306;32/2021;2021_32_5;ole;4
1306;32/2021;2021_32_5;itsestäänselvyys;1
1306;32/2021;2021_32_5;ollut;3
1306;32/2021;2021_32_5;aika;1
1306;32/2021;2021_32_5;jolloin;1
1306;32/2021;2021_32_5;sitä;5
1306;32/2021;2021_32_5;ne;3
1306;32/2021;2021_32_5;ajat;1
1306;32/2021;2021_32_5;eivät;5
1306;32/2021;2021_32_5;olleet;3
1306;32/2021;2021_32_5;helppoja;1
1306;32/2021;2021_32_5;riemukkaita;1
1306;32/2021;2021_32_5;menestyksen;1
1306;32/2021;2021_32_5;aikoja;1
1306;32/2021;2021_32_5;kenellekään;1
1306;32/2021;2021_32_5;vaan;1
1306;32/2021;2021_32_5;vaikeita;1
1306;32/2021;2021_32_5;kaikille;1
1306;32/2021;2021_32_5;syytä;2
1306;32/2021;2021_32_5;palata;1
1306;32/2021;2021_32_5;pidä;1
1306;32/2021;2021_32_5;tom;1
1306;32/2021;2021_32_5;packaln;1
1306;32/2021;2021_32_5;ansaita;1
1306;32/2021;2021_32_5;mikä;2
1306;32/2021;2021_32_5;demokratiassa;1
1306;32/2021;2021_32_5;tärkeää;1
1306;32/2021;2021_32_5;mielipidevapaus;1
1306;32/2021;2021_32_5;onko;2
1306;32/2021;2021_32_5;tiukasti;1
1306;32/2021;2021_32_5;suunnitelmassa;1
1306;32/2021;2021_32_5;silloinkin;1
1306;32/2021;2021_32_5;huoli;1
1306;32/2021;2021_32_5;koitua;1
1306;32/2021;2021_32_5;vahinkoa;1
1306;32/2021;2021_32_5;ihmisille;1
1306;32/2021;2021_32_5;demokratian;2
1306;32/2021;2021_32_5;toteutumiselle;1
1306;32/2021;2021_32_5;vai;1
1306;32/2021;2021_32_5;pyrimme;1
1306;32/2021;2021_32_5;yhteisesti;1
1306;32/2021;2021_32_5;sopimaan;1
1306;32/2021;2021_32_5;tavoista;1
1306;32/2021;2021_32_5;joilla;1
1306;32/2021;2021_32_5;voimme;1
1306;32/2021;2021_32_5;varmistua;1
1306;32/2021;2021_32_5;demokratia;1
1306;32/2021;2021_32_5;toteutuisi;1
1306;32/2021;2021_32_5;mahdollisimman;1
1306;32/2021;2021_32_5;ajattelen;1
1306;32/2021;2021_32_5;jälkimmäinen;1
1306;32/2021;2021_32_5;uskon;1
1306;32/2021;2021_32_5;valtaosa;1
1306;32/2021;2021_32_5;suomalaisista;1
1306;32/2021;2021_32_5;yhtyy;1
1306;32/2021;2021_32_5;tähän;2
1306;32/2021;2021_32_5;vastuulliseen;1
1306;32/2021;2021_32_5;politiikkaan;1
1306;32/2021;2021_32_5;kuuluu;1
1306;32/2021;2021_32_5;johdonmukaisuus;2
1306;32/2021;2021_32_5;poliittiseen;1
1306;32/2021;2021_32_5;peliin;1
1306;32/2021;2021_32_5;välttämättä;1
1306;32/2021;2021_32_5;kuulu;1
1306;32/2021;2021_32_5;missä;1
1306;32/2021;2021_32_5;hallituksen;1
1306;32/2021;2021_32_5;perussuomalaiset;1
1306;32/2021;2021_32_5;olivat;3
1306;32/2021;2021_32_5;mieltä;3
1306;32/2021;2021_32_5;vaalit;3
1306;32/2021;2021_32_5;ovat;1
1306;32/2021;2021_32_5;turvalliset;3
1306;32/2021;2021_32_5;tulisi;1
1306;32/2021;2021_32_5;järjestää;1
1306;32/2021;2021_32_5;vaikka;1
1306;32/2021;2021_32_5;terveysviranomaiset;1
1306;32/2021;2021_32_5;toista;1
1306;32/2021;2021_32_5;muunneltua;1
1306;32/2021;2021_32_5;totuutta;1
1306;32/2021;2021_32_5;sen;1
1306;32/2021;2021_32_5;jälkeen;1
1306;32/2021;2021_32_5;he;4
1306;32/2021;2021_32_5;olivatkin;1
1306;32/2021;2021_32_5;asioita;2
1306;32/2021;2021_32_5;jätetty;2
1306;32/2021;2021_32_5;tekemättä;2
1306;32/2021;2021_32_5;no;1
1306;32/2021;2021_32_5;niin;2
1306;32/2021;2021_32_5;jotta;1
1306;32/2021;2021_32_5;olisivat;1
1306;32/2021;2021_32_5;toki;1
1306;32/2021;2021_32_5;kertomatta;1
1306;32/2021;2021_32_5;olisi;6
1306;32/2021;2021_32_5;pitänyt;1
1306;32/2021;2021_32_5;tehdä;1
1306;32/2021;2021_32_5;samalla;1
1306;32/2021;2021_32_5;myöntäen;1
1306;32/2021;2021_32_5;ensimmäinen;1
1306;32/2021;2021_32_5;kanta;1
1306;32/2021;2021_32_5;poliittista;2
1306;32/2021;2021_32_5;perustuslakivaliokunnassa;1
1306;32/2021;2021_32_5;joka;1
1306;32/2021;2021_32_5;tässä;4
1306;32/2021;2021_32_5;mietintövaliokunta;1
1306;32/2021;2021_32_5;yhtyivät;1
1306;32/2021;2021_32_5;yhteiseen;1
1306;32/2021;2021_32_5;kantaan;1
1306;32/2021;2021_32_5;mutta;1
1306;32/2021;2021_32_5;salissa;1
1306;32/2021;2021_32_5;enää;1
1306;32/2021;2021_32_5;yhdykään;1
1306;32/2021;2021_32_5;tuoden;1
1306;32/2021;2021_32_5;tänne;1
1306;32/2021;2021_32_5;myös;2
1306;32/2021;2021_32_5;esityksen;1
1306;32/2021;2021_32_5;jota;2
1306;32/2021;2021_32_5;esittäneet;1
1306;32/2021;2021_32_5;valiokunnassa;1
1306;32/2021;2021_32_5;koska;1
1306;32/2021;2021_32_5;tietävät;1
1306;32/2021;2021_32_5;leena;2
1306;32/2021;2021_32_5;meren;1
1306;32/2021;2021_32_5;välihuuto;1
1306;32/2021;2021_32_5;suoraan;1
1306;32/2021;2021_32_5;ammuttu;1
1306;32/2021;2021_32_5;asiantuntijoiden;1
1306;32/2021;2021_32_5;suulla;1
1306;32/2021;2021_32_5;alas;1
1306;32/2021;2021_32_5;johdonmukaisuutta;1
1306;32/2021;2021_32_5;lyhyttä;1
1306;32/2021;2021_32_5;pikavoittojen;1
1306;32/2021;2021_32_5;toivossa;1
1306;32/2021;2021_32_5;meri;1
1306;32/2021;2021_32_5;kertoo;1
1306;32/2021;2021_32_5;teistä;1
1306;32/2021;2021_32_5;enemmän;1
1306;32/2021;2021_32_5;te;1
1306;32/2021;2021_32_5;pelaatte;1
1306;32/2021;2021_32_5;tosiasia;1
1306;32/2021;2021_32_5;jos;1
1306;32/2021;2021_32_5;ottaa;1
1306;32/2021;2021_32_5;terveysviranomaisten;1
1306;32/2021;2021_32_5;kannan;1
1306;32/2021;2021_32_5;todesta;1
1306;32/2021;2021_32_5;mikään;1
1306;32/2021;2021_32_5;toimi;2
1306;32/2021;2021_32_5;riittänyt;1
1306;32/2021;2021_32_5;totta;1
1306;32/2021;2021_32_5;paljon;1
1306;32/2021;2021_32_5;tehty;1
1306;32/2021;2021_32_5;ainut;1
1306;32/2021;2021_32_5;työkalupakkiin;1
1306;32/2021;2021_32_5;jäänyt;1
1306;32/2021;2021_32_5;asia;1
1306;32/2021;2021_32_5;ennakkoäänestyksen;1
1306;32/2021;2021_32_5;pidentäminen;1
1306;32/2021;2021_32_5;sillä;1
1306;32/2021;2021_32_5;ainoastaan;1
1306;32/2021;2021_32_5;marginaalinen;1
1306;32/2021;2021_32_5;merkitys;1
1306;32/2021;2021_32_5;missään;2
1306;32/2021;2021_32_5;nimessä;1
1306;32/2021;2021_32_5;vaikuttanut;1
1306;32/2021;2021_32_5;tilanteeseen;1
1306;32/2021;2021_32_5;kankaanniemi;1
1306;32/2021;2021_32_5;paljonkin;1
1306;32/2021;2021_32_5;demokratiaa;1
1306;32/2021;2021_32_5;tulee;3
1306;32/2021;2021_32_5;puolustaa;1
1306;32/2021;2021_32_5;kyllä;1
1306;32/2021;2021_32_5;kannatetaan;1
1306;32/2021;2021_32_5;nyt;1
1306;32/2021;2021_32_5;tehdään;1
1306;32/2021;2021_32_5;kukaan;1
1306;32/2021;2021_32_5;tiedä;1
1306;32/2021;2021_32_5;tilanne;2
1306;32/2021;2021_32_5;olemaan;1
1306;32/2021;2021_32_5;kesäkuun;1
1306;32/2021;2021_32_5;alussa;1
1306;32/2021;2021_32_5;kuitenkin;1
1306;32/2021;2021_32_5;uskoa;1
1306;32/2021;2021_32_5;silloin;1
1306;32/2021;2021_32_5;huomattavasti;1
1306;32/2021;2021_32_5;parempi;1
1306;32/2021;2021_32_5;hyvät;1
1306;32/2021;2021_32_5;kollegat;1
1306;32/2021;2021_32_5;koko;1
1306;32/2021;2021_32_5;eduskunnan;1
1306;32/2021;2021_32_5;tukea;1
1306;32/2021;2021_32_5;oikeusministeri;1
1306;32/2021;2021_32_5;henrikssonia;1
1306;32/2021;2021_32_5;työssä;3
1306;32/2021;2021_32_5;naurua;1
1306;32/2021;2021_32_5;hän;1
1306;32/2021;2021_32_5;hoitanut;1
1306;32/2021;2021_32_5;toteutumisen;1
1306;32/2021;2021_32_5;puolesta;1
1306;32/2021;2021_32_5;jussi;1
1306;32/2021;2021_32_5;halla-aho;2
1306;32/2021;2021_32_5;ylistetty;1
1306;32/2021;2021_32_5;olkoon;1
1306;32/2021;2021_32_5;näinkö;1
1306;32/2021;2021_32_5;edustaja;1
1306;32/2021;2021_32_5;puhujan;1
1306;32/2021;2021_32_5;mikrofoni;1
1306;32/2021;2021_32_5;sulkeutuu;1
1306;49/2021;2021_49_50;ärade;1
1306;49/2021;2021_49_50;talman;1
1306;49/2021;2021_49_50;för;1
1306;49/2021;2021_49_50;finland;1
1306;49/2021;2021_49_50;som;1
1306;49/2021;2021_49_50;ett;1
1306;49/2021;2021_49_50;litet;1
1306;49/2021;2021_49_50;land;1
1306;49/2021;2021_49_50;har;2
1306;49/2021;2021_49_50;den;2
1306;49/2021;2021_49_50;europeiska;1
1306;49/2021;2021_49_50;gemenskapen;1
1306;49/2021;2021_49_50;alltid;2
1306;49/2021;2021_49_50;varit;2
1306;49/2021;2021_49_50;viktig;1
1306;49/2021;2021_49_50;finlands;1
1306;49/2021;2021_49_50;linje;1
1306;49/2021;2021_49_50;att;1
1306;49/2021;2021_49_50;påverka;1
1306;49/2021;2021_49_50;politiken;1
1306;49/2021;2021_49_50;unionens;1
1306;49/2021;2021_49_50;kärna;1
1306;49/2021;2021_49_50;man;4
1306;49/2021;2021_49_50;ska;4
1306;49/2021;2021_49_50;sitta;1
1306;49/2021;2021_49_50;vi;1
1306;49/2021;2021_49_50;de;1
1306;49/2021;2021_49_50;bord;1
1306;49/2021;2021_49_50;där;1
1306;49/2021;2021_49_50;besluten;1
1306;49/2021;2021_49_50;fattas;1
1306;49/2021;2021_49_50;vara;1
1306;49/2021;2021_49_50;aktiv;1
1306;49/2021;2021_49_50;skydda;1
1306;49/2021;2021_49_50;sina;1
1306;49/2021;2021_49_50;intressen;1
1306;49/2021;2021_49_50;och;1
1306;49/2021;2021_49_50;liksom;1
1306;49/2021;2021_49_50;denna;1
1306;49/2021;2021_49_50;vecka;1
1306;49/2021;2021_49_50;samtidigt;1
1306;49/2021;2021_49_50;kunna;1
1306;49/2021;2021_49_50;se;1
1306;49/2021;2021_49_50;stora;1
1306;49/2021;2021_49_50;bilden;1
1306;58/2021;2021_58_21;ärade;1
1306;58/2021;2021_58_21;talman;1
1306;58/2021;2021_58_21;arvoisa;2
1306;58/2021;2021_58_21;puhemies;1
1306;58/2021;2021_58_21;tämän;1
1306;58/2021;2021_58_21;vuoden;1
1306;58/2021;2021_58_21;pääsiäisen;1
1306;58/2021;2021_58_21;jälkeen;1
1306;58/2021;2021_58_21;suomen;1
1306;58/2021;2021_58_21;politiikassa;1
1306;58/2021;2021_58_21;on;4
1306;58/2021;2021_58_21;nähty;1
1306;58/2021;2021_58_21;enemmän;1
1306;58/2021;2021_58_21;dramatiikkaa;1
1306;58/2021;2021_58_21;kuin;1
1306;58/2021;2021_58_21;mitä;1
1306;58/2021;2021_58_21;tavallisesti;1
1306;58/2021;2021_58_21;toivoisi;1
1306;58/2021;2021_58_21;ensin;1
1306;58/2021;2021_58_21;oli;1
1306;58/2021;2021_58_21;hallituksen;1
1306;58/2021;2021_58_21;yli;1
1306;58/2021;2021_58_21;viikon;1
1306;58/2021;2021_58_21;mittaiseksi;1
1306;58/2021;2021_58_21;venynyt;1
1306;58/2021;2021_58_21;puoliväliriihi;1
1306;58/2021;2021_58_21;säätytalolla;1
1306;58/2021;2021_58_21;ja;4
1306;58/2021;2021_58_21;sitten;1
1306;58/2021;2021_58_21;täällä;1
1306;58/2021;2021_58_21;eduskunnassa;1
1306;58/2021;2021_58_21;käyty;1
1306;58/2021;2021_58_21;keskustelu;1
1306;58/2021;2021_58_21;eun;1
1306;58/2021;2021_58_21;elpymispaketista;1
1306;58/2021;2021_58_21;siitä;1
1306;58/2021;2021_58_21;saakka;1
1306;58/2021;2021_58_21;kun;3
1306;58/2021;2021_58_21;äsken;2
1306;58/2021;2021_58_21;hyväksytty;1
1306;58/2021;2021_58_21;eu-paketti;1
1306;58/2021;2021_58_21;viime;1
1306;58/2021;2021_58_21;kesän;1
1306;58/2021;2021_58_21;lopussa;1
1306;58/2021;2021_58_21;saatiin;1
1306;58/2021;2021_58_21;neuvoteltua;1
1306;58/2021;2021_58_21;valmiiksi;1
1306;58/2021;2021_58_21;asiaa;1
1306;58/2021;2021_58_21;käsitelty;1
1306;58/2021;2021_58_21;perusteellisesti;1
1306;58/2021;2021_58_21;täysistunnossa;1
1306;58/2021;2021_58_21;valiokunnissa;1
1306;58/2021;2021_58_21;julkisuudessa;1
1306;58/2021;2021_58_21;puhua;2
1306;58/2021;2021_58_21;saa;1
1306;58/2021;2021_58_21;pitää;1
1306;58/2021;2021_58_21;mutta;1
1306;58/2021;2021_58_21;demokratiaan;1
1306;58/2021;2021_58_21;kuuluu;1
1306;58/2021;2021_58_21;myös;2
1306;58/2021;2021_58_21;se;1
1306;58/2021;2021_58_21;että;1
1306;58/2021;2021_58_21;silloin;1
1306;58/2021;2021_58_21;äänestetään;1
1306;58/2021;2021_58_21;asioista;1
1306;58/2021;2021_58_21;ollaan;1
1306;58/2021;2021_58_21;eri;1
1306;58/2021;2021_58_21;mieltä;1
1306;58/2021;2021_58_21;niin;1
1306;58/2021;2021_58_21;teimme;1
1306;58/2021;2021_58_21;kansanedustajan;1
1306;58/2021;2021_58_21;tulee;1
1306;58/2021;2021_58_21;ajaa;1
1306;58/2021;2021_58_21;asioita;1
1306;58/2021;2021_58_21;ei;3
1306;58/2021;2021_58_21;jarruttaa;1
1306;58/2021;2021_58_21;niitä;2
1306;58/2021;2021_58_21;meidän;1
1306;58/2021;2021_58_21;tehtävämme;1
1306;58/2021;2021_58_21;keskustella;1
1306;58/2021;2021_58_21;työstää;1
1306;58/2021;2021_58_21;tehdä;1
1306;58/2021;2021_58_21;yhteistyötä;1
1306;58/2021;2021_58_21;lukea;1
1306;58/2021;2021_58_21;iltasatuja;1
1306;58/2021;2021_58_21;puhujakorokkeelta;1
1306;58/2021;2021_58_21;tai;1
1306;58/2021;2021_58_21;narsistisesti;1
1306;58/2021;2021_58_21;poseerata;1
1306;58/2021;2021_58_21;omalle;1
1306;58/2021;2021_58_21;someyleisölle;1
1306;58/2021;2021_58_21;oppositio;1
1306;58/2021;2021_58_21;jos;1
1306;58/2021;2021_58_21;tätä;1
1306;58/2021;2021_58_21;ymmärretä;1
1306;58/2021;2021_58_21;oma;1
1306;58/2021;2021_58_21;tehtävä;1
1306;58/2021;2021_58_21;ymmärretty;1
1306;58/2021;2021_58_21;väärin;1
1306;58/2021;2021_58_21;välihuutoja;1
1306;58/2021;2021_58_21;perussuomalaisten;1
1306;58/2021;2021_58_21;ryhmästä;1
1306;58/2021;2021_58_21;tämä;1
1306;58/2021;2021_58_21;instituutio;1
1306;58/2021;2021_58_21;toimii;1
1306;58/2021;2021_58_21;kaikki;1
1306;58/2021;2021_58_21;kunnioittavat;1
1306;58/2021;2021_58_21;sitä;1
1306;58/2021;2021_58_21;kirjoittamattomia;1
1306;58/2021;2021_58_21;sääntöjä;1
1306;68/2021;2021_68_154;arvoisa;5
1306;68/2021;2021_68_154;puhemies;5
1306;68/2021;2021_68_154;ärade;1
1306;68/2021;2021_68_154;talman;1
1306;68/2021;2021_68_154;monta;3
1306;68/2021;2021_68_154;vuotta;1
1306;68/2021;2021_68_154;on;15
1306;68/2021;2021_68_154;yritetty;1
1306;68/2021;2021_68_154;ehdotusta;1
1306;68/2021;2021_68_154;väsätty;1
1306;68/2021;2021_68_154;yhdeksän;1
1306;68/2021;2021_68_154;tuotantokautta;1
1306;68/2021;2021_68_154;kaiken;1
1306;68/2021;2021_68_154;kaikkiaan;1
1306;68/2021;2021_68_154;ja;10
1306;68/2021;2021_68_154;kaikki;2
1306;68/2021;2021_68_154;täällä;1
1306;68/2021;2021_68_154;istuvat;1
1306;68/2021;2021_68_154;puolueet;1
1306;68/2021;2021_68_154;ovat;4
1306;68/2021;2021_68_154;olleet;1
1306;68/2021;2021_68_154;tässä;3
1306;68/2021;2021_68_154;työssä;1
1306;68/2021;2021_68_154;mukana;1
1306;68/2021;2021_68_154;haaste;1
1306;68/2021;2021_68_154;todellinen;1
1306;68/2021;2021_68_154;terveyserot;1
1306;68/2021;2021_68_154;lisääntyvät;1
1306;68/2021;2021_68_154;alueet;1
1306;68/2021;2021_68_154;eriarvoistuvat;1
1306;68/2021;2021_68_154;kustannukset;1
1306;68/2021;2021_68_154;kasvavat;1
1306;68/2021;2021_68_154;me;1
1306;68/2021;2021_68_154;tiedämme;1
1306;68/2021;2021_68_154;sen;4
1306;68/2021;2021_68_154;hyvin;1
1306;68/2021;2021_68_154;ne;1
1306;68/2021;2021_68_154;meistä;1
1306;68/2021;2021_68_154;jotka;1
1306;68/2021;2021_68_154;toimivat;1
1306;68/2021;2021_68_154;kuntatasolla;1
1306;68/2021;2021_68_154;päättäjinä;1
1306;68/2021;2021_68_154;kokeneet;1
1306;68/2021;2021_68_154;itse;1
1306;68/2021;2021_68_154;erikoissairaanhoidon;2
1306;68/2021;2021_68_154;kulut;1
1306;68/2021;2021_68_154;se;18
1306;68/2021;2021_68_154;myrkkypilleri;1
1306;68/2021;2021_68_154;joka;1
1306;68/2021;2021_68_154;perille;1
1306;68/2021;2021_68_154;tullessaan;1
1306;68/2021;2021_68_154;syksyllä;1
1306;68/2021;2021_68_154;saattaa;1
1306;68/2021;2021_68_154;keikauttaa;1
1306;68/2021;2021_68_154;koko;3
1306;68/2021;2021_68_154;kunnan;1
1306;68/2021;2021_68_154;budjetin;1
1306;68/2021;2021_68_154;ei;13
1306;68/2021;2021_68_154;välttämättä;1
1306;68/2021;2021_68_154;ole;5
1306;68/2021;2021_68_154;ongelma;1
1306;68/2021;2021_68_154;isossa;1
1306;68/2021;2021_68_154;kunnassa;2
1306;68/2021;2021_68_154;siellä;1
1306;68/2021;2021_68_154;hartiat;2
1306;68/2021;2021_68_154;leveät;1
1306;68/2021;2021_68_154;jo;1
1306;68/2021;2021_68_154;ennestään;1
1306;68/2021;2021_68_154;mutta;2
1306;68/2021;2021_68_154;pienessä;1
1306;68/2021;2021_68_154;voi;3
1306;68/2021;2021_68_154;helposti;1
1306;68/2021;2021_68_154;olla;3
1306;68/2021;2021_68_154;kuntatalouden;2
1306;68/2021;2021_68_154;kannalta;1
1306;68/2021;2021_68_154;tuhoisaa;1
1306;68/2021;2021_68_154;nyt;4
1306;68/2021;2021_68_154;tähän;1
1306;68/2021;2021_68_154;puututaan;1
1306;68/2021;2021_68_154;terveydenhuolto;1
1306;68/2021;2021_68_154;siirretään;1
1306;68/2021;2021_68_154;leveämmille;1
1306;68/2021;2021_68_154;hartioille;1
1306;68/2021;2021_68_154;näin;2
1306;68/2021;2021_68_154;helpotetaan;1
1306;68/2021;2021_68_154;kuntien;1
1306;68/2021;2021_68_154;taloutta;1
1306;68/2021;2021_68_154;lisätään;1
1306;68/2021;2021_68_154;ennustettavuutta;1
1306;68/2021;2021_68_154;mikä;1
1306;68/2021;2021_68_154;olisi;2
1306;68/2021;2021_68_154;sitten;2
1306;68/2021;2021_68_154;vaihtoehto;4
1306;68/2021;2021_68_154;kunnat;1
1306;68/2021;2021_68_154;eivät;1
1306;68/2021;2021_68_154;jatkaa;1
1306;68/2021;2021_68_154;nykytilanteen;1
1306;68/2021;2021_68_154;jatkuminen;1
1306;68/2021;2021_68_154;vie;4
1306;68/2021;2021_68_154;kuntataloudet;1
1306;68/2021;2021_68_154;entistä;1
1306;68/2021;2021_68_154;syvempään;1
1306;68/2021;2021_68_154;ahdinkoon;1
1306;68/2021;2021_68_154;pakkoliitoksiin;1
1306;68/2021;2021_68_154;palveluiden;1
1306;68/2021;2021_68_154;heikkenemiseen;1
1306;68/2021;2021_68_154;eteenpäin;1
1306;68/2021;2021_68_154;tämä;6
1306;68/2021;2021_68_154;opposition;1
1306;68/2021;2021_68_154;saisi;1
1306;68/2021;2021_68_154;tarvitsemme;1
1306;68/2021;2021_68_154;leveämmät;1
1306;68/2021;2021_68_154;tarkoittaa;3
1306;68/2021;2021_68_154;uutta;1
1306;68/2021;2021_68_154;organisaatiota;1
1306;68/2021;2021_68_154;sitä;1
1306;68/2021;2021_68_154;taas;3
1306;68/2021;2021_68_154;tulee;2
1306;68/2021;2021_68_154;johtaa;1
1306;68/2021;2021_68_154;demokraattisesti;1
1306;68/2021;2021_68_154;vaaleilla;1
1306;68/2021;2021_68_154;valittua;1
1306;68/2021;2021_68_154;valtuustoa;1
1306;68/2021;2021_68_154;hallita;1
1306;68/2021;2021_68_154;hoitoketjua;1
1306;68/2021;2021_68_154;sekä;1
1306;68/2021;2021_68_154;perusterveydenhoidon;1
1306;68/2021;2021_68_154;että;2
1306;68/2021;2021_68_154;integroimista;1
1306;68/2021;2021_68_154;saman;1
1306;68/2021;2021_68_154;katon;1
1306;68/2021;2021_68_154;alle;1
1306;68/2021;2021_68_154;samaan;1
1306;68/2021;2021_68_154;organisaatioon;1
1306;68/2021;2021_68_154;arvon;1
1306;68/2021;2021_68_154;kollegat;1
1306;68/2021;2021_68_154;täysin;2
1306;68/2021;2021_68_154;looginen;1
1306;68/2021;2021_68_154;ratkaisu;2
1306;68/2021;2021_68_154;kuten;1
1306;68/2021;2021_68_154;sanoin;1
1306;68/2021;2021_68_154;tätä;1
1306;68/2021;2021_68_154;yritetä;1
1306;68/2021;2021_68_154;ensimmäistä;1
1306;68/2021;2021_68_154;kertaa;2
1306;68/2021;2021_68_154;aikaisemmin;1
1306;68/2021;2021_68_154;kaatunut;3
1306;68/2021;2021_68_154;poliittisiin;1
1306;68/2021;2021_68_154;erimielisyyksiin;1
1306;68/2021;2021_68_154;perustuslainvastaisuuteen;1
1306;68/2021;2021_68_154;meillä;1
1306;68/2021;2021_68_154;perustuslain;2
1306;68/2021;2021_68_154;mukainen;1
1306;68/2021;2021_68_154;kuitenkaan;1
1306;68/2021;2021_68_154;oppositiolle;1
1306;68/2021;2021_68_154;kelpaa;2
1306;68/2021;2021_68_154;vastaiset;1
1306;68/2021;2021_68_154;kelpasivat;3
1306;68/2021;2021_68_154;integraation;1
1306;68/2021;2021_68_154;pirstaloivat;1
1306;68/2021;2021_68_154;isot;1
1306;68/2021;2021_68_154;maakuntahallinnot;1
1306;68/2021;2021_68_154;kevyempi;1
1306;68/2021;2021_68_154;demokratiavaje;1
1306;68/2021;2021_68_154;kelpasi;2
1306;68/2021;2021_68_154;ongelman;1
1306;68/2021;2021_68_154;korjaava;1
1306;68/2021;2021_68_154;esitys;1
1306;68/2021;2021_68_154;jossa;2
1306;68/2021;2021_68_154;uudenmaan;1
1306;68/2021;2021_68_154;erillisratkaisu;1
1306;68/2021;2021_68_154;helsinkiä;1
1306;68/2021;2021_68_154;raskaasti;1
1306;68/2021;2021_68_154;kurittava;1
1306;68/2021;2021_68_154;helsingin;1
1306;68/2021;2021_68_154;pääkaupunkiseudun;1
1306;68/2021;2021_68_154;rahoitus;1
1306;68/2021;2021_68_154;oleellisesti;1
1306;68/2021;2021_68_154;kokoomuksen;1
1306;68/2021;2021_68_154;viime;1
1306;68/2021;2021_68_154;kauden;1
1306;68/2021;2021_68_154;versiota;1
1306;68/2021;2021_68_154;parempi;1
1306;68/2021;2021_68_154;politiikka;1
1306;68/2021;2021_68_154;tosiaan;1
1306;68/2021;2021_68_154;joskus;1
1306;68/2021;2021_68_154;taidetta;1
1306;68/2021;2021_68_154;surrealistista;1
1306;68/2021;2021_68_154;sellaista;1
1306;68/2021;2021_68_154;kyse;1
1306;68/2021;2021_68_154;myös;1
1306;68/2021;2021_68_154;arvoista;1
1306;68/2021;2021_68_154;joko;1
1306;68/2021;2021_68_154;oppositio;1
1306;68/2021;2021_68_154;kääntänyt;1
1306;68/2021;2021_68_154;kelkkansa;1
1306;68/2021;2021_68_154;tai;1
1306;68/2021;2021_68_154;menettänyt;1
1306;68/2021;2021_68_154;muistinsa;1
1306;68/2021;2021_68_154;tapauksessa;1
1306;68/2021;2021_68_154;sekäettä;1
1306;68/2021;2021_68_154;otetaan;3
1306;68/2021;2021_68_154;huomioon;3
1306;68/2021;2021_68_154;kasvutekijät;1
1306;68/2021;2021_68_154;monikielisyys;1
1306;68/2021;2021_68_154;muuttovoitto;1
1306;68/2021;2021_68_154;hyvinvoinnin;1
1306;68/2021;2021_68_154;edistäminen;1
1306;68/2021;2021_68_154;rahoitusmallia;1
1306;68/2021;2021_68_154;kehitetty;1
1306;68/2021;2021_68_154;merkittävästi;1
1306;68/2021;2021_68_154;rahoitusmalli;1
1306;68/2021;2021_68_154;täydellinen;1
1306;68/2021;2021_68_154;kehittäminen;1
1306;68/2021;2021_68_154;jatkuu;1
1306;68/2021;2021_68_154;edelleen;1
1306;68/2021;2021_68_154;kauhuskenaarioiden;1
1306;68/2021;2021_68_154;rakentaminen;1
1306;68/2021;2021_68_154;vastuullista;1
1306;68/2021;2021_68_154;eikä;1
1306;68/2021;2021_68_154;myöskään;1
1306;68/2021;2021_68_154;rehellistä;1
1306;94/2021;2021_94_94;ärade;1
1306;94/2021;2021_94_94;talman;1
1306;94/2021;2021_94_94;gratulerar;1
1306;94/2021;2021_94_94;på;1
1306;94/2021;2021_94_94;födelsedagen;1
1306;94/2021;2021_94_94;muutakin;1
1306;94/2021;2021_94_94;hyvää;1
1306;94/2021;2021_94_94;on;1
1306;94/2021;2021_94_94;tänään;1
1306;94/2021;2021_94_94;tosiaankin;1
1306;94/2021;2021_94_94;tapahtunut;1
1306;94/2021;2021_94_94;rkpn;1
1306;94/2021;2021_94_94;määrätietoinen;1
1306;94/2021;2021_94_94;työ;1
1306;94/2021;2021_94_94;tuottaa;1
1306;94/2021;2021_94_94;nimittäin;2
1306;94/2021;2021_94_94;tulosta;1
1306;94/2021;2021_94_94;ensi;1
1306;94/2021;2021_94_94;vuonna;1
1306;94/2021;2021_94_94;käynnistetään;1
1306;94/2021;2021_94_94;kaksi;1
1306;94/2021;2021_94_94;vuotta;1
1306;94/2021;2021_94_94;kestävä;1
1306;94/2021;2021_94_94;kokeilu;1
1306;94/2021;2021_94_94;jossa;1
1306;94/2021;2021_94_94;kotitalousvähennyksen;1
1306;94/2021;2021_94_94;enimmäismäärää;1
1306;94/2021;2021_94_94;ja;6
1306;94/2021;2021_94_94;korvausprosenttia;1
1306;94/2021;2021_94_94;korotetaan;1
1306;94/2021;2021_94_94;esimerkiksi;1
1306;94/2021;2021_94_94;kotitaloustyön;1
1306;94/2021;2021_94_94;hoito;1
1306;94/2021;2021_94_94;hoivatyön;1
1306;94/2021;2021_94_94;osalta;1
1306;94/2021;2021_94_94;olemme;1
1306;94/2021;2021_94_94;rkpssä;1
1306;94/2021;2021_94_94;tästä;1
1306;94/2021;2021_94_94;erittäin;1
1306;94/2021;2021_94_94;tyytyväisiä;1
1306;94/2021;2021_94_94;varmaan;1
1306;94/2021;2021_94_94;kokoomuskin;1
1306;94/2021;2021_94_94;vähennys;1
1306;94/2021;2021_94_94;madaltaa;1
1306;94/2021;2021_94_94;kynnystä;1
1306;94/2021;2021_94_94;hankkia;1
1306;94/2021;2021_94_94;palveluita;1
1306;94/2021;2021_94_94;se;1
1306;94/2021;2021_94_94;auttaa;1
1306;94/2021;2021_94_94;varsinkin;1
1306;94/2021;2021_94_94;pieniä;1
1306;94/2021;2021_94_94;naisvaltaisia;1
1306;94/2021;2021_94_94;yrityksiä;1
1306;94/2021;2021_94_94;vähentää;1
1306;94/2021;2021_94_94;harmaata;1
1306;94/2021;2021_94_94;taloutta;1
1306;98/2021;2021_98_131;ärade;1
1306;98/2021;2021_98_131;talman;1
1306;98/2021;2021_98_131;under;1
1306;98/2021;2021_98_131;de;1
1306;98/2021;2021_98_131;senaste;1
1306;98/2021;2021_98_131;tio;1
1306;98/2021;2021_98_131;åren;1
1306;98/2021;2021_98_131;har;5
1306;98/2021;2021_98_131;säkerhetsläget;1
1306;98/2021;2021_98_131;europa;2
1306;98/2021;2021_98_131;norden;1
1306;98/2021;2021_98_131;inkluderad;1
1306;98/2021;2021_98_131;försämrats;1
1306;98/2021;2021_98_131;och;3
1306;98/2021;2021_98_131;förändrats;1
1306;98/2021;2021_98_131;det;2
1306;98/2021;2021_98_131;regelbaserade;1
1306;98/2021;2021_98_131;system;1
1306;98/2021;2021_98_131;som;4
1306;98/2021;2021_98_131;vi;2
1306;98/2021;2021_98_131;tagit;1
1306;98/2021;2021_98_131;för;2
1306;98/2021;2021_98_131;givet;1
1306;98/2021;2021_98_131;kraftigt;1
1306;98/2021;2021_98_131;ifrågasatts;1
1306;98/2021;2021_98_131;krim;1
1306;98/2021;2021_98_131;annekterats;1
1306;98/2021;2021_98_131;flera;1
1306;98/2021;2021_98_131;frysta;1
1306;98/2021;2021_98_131;konflikter;1
1306;98/2021;2021_98_131;östra;1
1306;98/2021;2021_98_131;norra;1
1306;98/2021;2021_98_131;asien;1
1306;98/2021;2021_98_131;man;1
1306;98/2021;2021_98_131;kan;2
1306;98/2021;2021_98_131;med;1
1306;98/2021;2021_98_131;fog;1
1306;98/2021;2021_98_131;säga;1
1306;98/2021;2021_98_131;att;2
1306;98/2021;2021_98_131;tröskeln;1
1306;98/2021;2021_98_131;använda;1
1306;98/2021;2021_98_131;militära;1
1306;98/2021;2021_98_131;medel;1
1306;98/2021;2021_98_131;sänkts;1
1306;98/2021;2021_98_131;samtidigt;1
1306;98/2021;2021_98_131;är;1
1306;98/2021;2021_98_131;inte;1
1306;98/2021;2021_98_131;bara;1
1306;98/2021;2021_98_131;stormaktsspelet;1
1306;98/2021;2021_98_131;avgör;1
1306;98/2021;2021_98_131;var;1
1306;98/2021;2021_98_131;oroshärdar;1
1306;98/2021;2021_98_131;föds;1
1306;98/2021;2021_98_131;fenomen;1
1306;98/2021;2021_98_131;klimatförändringen;1
1306;98/2021;2021_98_131;också;1
1306;98/2021;2021_98_131;leda;1
1306;98/2021;2021_98_131;till;1
1306;98/2021;2021_98_131;oroligheter;1
1306;98/2021;2021_98_131;förlängningen;1
1306;98/2021;2021_98_131;återspeglas;1
1306;98/2021;2021_98_131;vår;1
1306;98/2021;2021_98_131;säkerhetspolitik;1
1306;105/2021;2021_105_15;ärade;1
1306;105/2021;2021_105_15;talman;1
1306;105/2021;2021_105_15;vi;3
1306;105/2021;2021_105_15;lever;1
1306;105/2021;2021_105_15;en;3
1306;105/2021;2021_105_15;tid;1
1306;105/2021;2021_105_15;av;1
1306;105/2021;2021_105_15;snabb;1
1306;105/2021;2021_105_15;ekonomisk;1
1306;105/2021;2021_105_15;tillväxt;1
1306;105/2021;2021_105_15;trots;2
1306;105/2021;2021_105_15;att;4
1306;105/2021;2021_105_15;varit;1
1306;105/2021;2021_105_15;tvungna;1
1306;105/2021;2021_105_15;med;1
1306;105/2021;2021_105_15;hårda;1
1306;105/2021;2021_105_15;restriktioner;1
1306;105/2021;2021_105_15;begränsa;1
1306;105/2021;2021_105_15;många;2
1306;105/2021;2021_105_15;näringars;1
1306;105/2021;2021_105_15;verksamhet;1
1306;105/2021;2021_105_15;för;1
1306;105/2021;2021_105_15;rädda;1
1306;105/2021;2021_105_15;liv;1
1306;105/2021;2021_105_15;verkar;1
1306;105/2021;2021_105_15;de;1
1306;105/2021;2021_105_15;flesta;1
1306;105/2021;2021_105_15;kunnat;1
1306;105/2021;2021_105_15;återgå;1
1306;105/2021;2021_105_15;till;1
1306;105/2021;2021_105_15;relativt;1
1306;105/2021;2021_105_15;normal;1
1306;105/2021;2021_105_15;vardag;1
1306;105/2021;2021_105_15;har;1
1306;105/2021;2021_105_15;lyckats;1
1306;105/2021;2021_105_15;undvika;1
1306;105/2021;2021_105_15;konkursvåg;1
1306;105/2021;2021_105_15;branscher;1
1306;105/2021;2021_105_15;haft;1
1306;105/2021;2021_105_15;det;1
1306;105/2021;2021_105_15;mycket;1
1306;105/2021;2021_105_15;svårt;1
1306;108/2021;2021_108_77;ärade;1
1306;108/2021;2021_108_77;talman;1
1306;108/2021;2021_108_77;edustaja;3
1306;108/2021;2021_108_77;multalalla;1
1306;108/2021;2021_108_77;oli;4
1306;108/2021;2021_108_77;hyviä;1
1306;108/2021;2021_108_77;huomioita;1
1306;108/2021;2021_108_77;siitä;3
1306;108/2021;2021_108_77;miten;1
1306;108/2021;2021_108_77;toisen;1
1306;108/2021;2021_108_77;tarkoitusperiä;1
1306;108/2021;2021_108_77;ei;2
1306;108/2021;2021_108_77;pidä;2
1306;108/2021;2021_108_77;politiikassa;1
1306;108/2021;2021_108_77;kyseenalaistaa;1
1306;108/2021;2021_108_77;se;7
1306;108/2021;2021_108_77;on;7
1306;108/2021;2021_108_77;oleellinen;1
1306;108/2021;2021_108_77;asia;4
1306;108/2021;2021_108_77;yhtä;1
1306;108/2021;2021_108_77;lailla;1
1306;108/2021;2021_108_77;toivotaan;1
1306;108/2021;2021_108_77;että;9
1306;108/2021;2021_108_77;opintotulon;1
1306;108/2021;2021_108_77;tulorajojen;1
1306;108/2021;2021_108_77;korotus;1
1306;108/2021;2021_108_77;voitaisiin;1
1306;108/2021;2021_108_77;tehdä;1
1306;108/2021;2021_108_77;pysyväksi;1
1306;108/2021;2021_108_77;isossa;1
1306;108/2021;2021_108_77;kuvassa;1
1306;108/2021;2021_108_77;tietenkin;1
1306;108/2021;2021_108_77;prosentin;1
1306;108/2021;2021_108_77;työllisyysaste;1
1306;108/2021;2021_108_77;näköpiirissä;1
1306;108/2021;2021_108_77;hyvä;2
1306;108/2021;2021_108_77;vaikkakin;1
1306;108/2021;2021_108_77;hallituksen;1
1306;108/2021;2021_108_77;toimet;1
1306;108/2021;2021_108_77;osin;2
1306;108/2021;2021_108_77;ovat;1
1306;108/2021;2021_108_77;vielä;2
1306;108/2021;2021_108_77;päättämättä;1
1306;108/2021;2021_108_77;eivät;1
1306;108/2021;2021_108_77;ole;1
1306;108/2021;2021_108_77;tulleet;1
1306;108/2021;2021_108_77;saliin;1
1306;108/2021;2021_108_77;mikä;1
1306;108/2021;2021_108_77;tarkoittaa;1
1306;108/2021;2021_108_77;prosenttiakin;1
1306;108/2021;2021_108_77;ihan;1
1306;108/2021;2021_108_77;mahdollinen;1
1306;108/2021;2021_108_77;koska;1
1306;108/2021;2021_108_77;risikko;2
1306;108/2021;2021_108_77;ehkä;1
1306;108/2021;2021_108_77;vahingossa;1
1306;108/2021;2021_108_77;sanoi;1
1306;108/2021;2021_108_77;puhuin;1
1306;108/2021;2021_108_77;muunneltua;2
1306;108/2021;2021_108_77;totuutta;2
1306;108/2021;2021_108_77;minun;1
1306;108/2021;2021_108_77;pakko;1
1306;108/2021;2021_108_77;kuitenkin;1
1306;108/2021;2021_108_77;palata;1
1306;108/2021;2021_108_77;tähän;2
1306;108/2021;2021_108_77;kysymykseen;1
1306;108/2021;2021_108_77;perheenyhdistämisestä;1
1306;108/2021;2021_108_77;lausunto;1
1306;108/2021;2021_108_77;mihin;1
1306;108/2021;2021_108_77;olin;1
1306;108/2021;2021_108_77;tarttunut;1
1306;108/2021;2021_108_77;risikon;1
1306;108/2021;2021_108_77;väite;3
1306;108/2021;2021_108_77;toimeentulovaatimus;1
1306;108/2021;2021_108_77;poistuu;1
1306;108/2021;2021_108_77;kokonaan;2
1306;108/2021;2021_108_77;paikkaansa;1
1306;108/2021;2021_108_77;siihen;2
1306;108/2021;2021_108_77;tulee;2
1306;108/2021;2021_108_77;muutoksia;1
1306;108/2021;2021_108_77;rajauksia;1
1306;108/2021;2021_108_77;joita;1
1306;108/2021;2021_108_77;osittain;1
1306;108/2021;2021_108_77;avasi;1
1306;108/2021;2021_108_77;puhujapöntöstä;1
1306;108/2021;2021_108_77;käsin;1
1306;108/2021;2021_108_77;joskin;1
1306;108/2021;2021_108_77;rajaus;1
1306;108/2021;2021_108_77;käsittääkseni;1
1306;108/2021;2021_108_77;hieman;1
1306;108/2021;2021_108_77;suppeampi;1
1306;108/2021;2021_108_77;oletan;2
1306;108/2021;2021_108_77;tämä;2
1306;108/2021;2021_108_77;poistuisi;1
1306;108/2021;2021_108_77;vahinko;2
1306;108/2021;2021_108_77;kuten;1
1306;108/2021;2021_108_77;olisin;1
1306;108/2021;2021_108_77;puhunut;1
1306;108/2021;2021_108_77;korjattuani;1
1306;108/2021;2021_108_77;tätä;1
1306;108/2021;2021_108_77;väitettä;1
1306;108/2021;2021_108_77;myöskin;1
1306;108/2021;2021_108_77;ja;2
1306;108/2021;2021_108_77;varmaan;1
1306;108/2021;2021_108_77;voi;1
1306;108/2021;2021_108_77;jäädä;1
1306;108/2021;2021_108_77;perheenyhdistämistä;1
1306;108/2021;2021_108_77;tullaan;1
1306;108/2021;2021_108_77;helpottamaan;1
1306;108/2021;2021_108_77;odotan;1
1306;108/2021;2021_108_77;esitys;1
1306;108/2021;2021_108_77;saadaan;1
1306;108/2021;2021_108_77;pikaisesti;1
1306;108/2021;2021_108_77;käsittelyyn;1
1306;108/2021;2021_108_77;tänne;1
1306;108/2021;2021_108_77;eduskuntaan;1
1306;120/2021;2021_120_23;ärade;1
1306;120/2021;2021_120_23;talman;1
1306;120/2021;2021_120_23;vi;2
1306;120/2021;2021_120_23;har;1
1306;120/2021;2021_120_23;länge;1
1306;120/2021;2021_120_23;talat;1
1306;120/2021;2021_120_23;om;6
1306;120/2021;2021_120_23;behovet;1
1306;120/2021;2021_120_23;av;1
1306;120/2021;2021_120_23;sådan;1
1306;120/2021;2021_120_23;här;3
1306;120/2021;2021_120_23;lagstiftning;2
1306;120/2021;2021_120_23;och;2
1306;120/2021;2021_120_23;under;1
1306;120/2021;2021_120_23;den;2
1306;120/2021;2021_120_23;regeringen;1
1306;120/2021;2021_120_23;får;1
1306;120/2021;2021_120_23;gjord;1
1306;120/2021;2021_120_23;det;7
1306;120/2021;2021_120_23;ska;1
1306;120/2021;2021_120_23;ministern;1
1306;120/2021;2021_120_23;ha;1
1306;120/2021;2021_120_23;tack;1
1306;120/2021;2021_120_23;för;1
1306;120/2021;2021_120_23;men;1
1306;120/2021;2021_120_23;liksom;1
1306;120/2021;2021_120_23;de;1
1306;120/2021;2021_120_23;diskussionerna;1
1306;120/2021;2021_120_23;visar;1
1306;120/2021;2021_120_23;är;2
1306;120/2021;2021_120_23;ju;1
1306;120/2021;2021_120_23;aldrig;2
1306;120/2021;2021_120_23;fråga;1
1306;120/2021;2021_120_23;lätta;1
1306;120/2021;2021_120_23;saker;1
1306;120/2021;2021_120_23;handlar;3
1306;120/2021;2021_120_23;barn;1
1306;120/2021;2021_120_23;unga;1
1306;120/2021;2021_120_23;människor;1
1306;120/2021;2021_120_23;äktenskap;1
1306;120/2021;2021_120_23;kan;1
1306;120/2021;2021_120_23;handla;1
1306;120/2021;2021_120_23;våld;1
1306;120/2021;2021_120_23;lätt;1
1306;120/2021;2021_120_23;eller;1
1306;120/2021;2021_120_23;okomplicerad;1
1306;121/2021;2021_121_132;kiitos;1
1306;121/2021;2021_121_132;edustaja;1
1306;121/2021;2021_121_132;said;1
1306;121/2021;2021_121_132;ahmed;1
1306;121/2021;2021_121_132;hyvästä;1
1306;121/2021;2021_121_132;puheenvuorosta;1
1306;131/2021;2021_131_103;tack;1
1306;131/2021;2021_131_103;fru;1
1306;131/2021;2021_131_103;ordförande;1
1306;131/2021;2021_131_103;näinhän;1
1306;131/2021;2021_131_103;se;6
1306;131/2021;2021_131_103;juuri;1
1306;131/2021;2021_131_103;on;13
1306;131/2021;2021_131_103;niin;4
1306;131/2021;2021_131_103;kuin;2
1306;131/2021;2021_131_103;edustaja;2
1306;131/2021;2021_131_103;lindn;1
1306;131/2021;2021_131_103;tuossa;1
1306;131/2021;2021_131_103;totesi;1
1306;131/2021;2021_131_103;könttä;1
1306;131/2021;2021_131_103;nosti;1
1306;131/2021;2021_131_103;esille;1
1306;131/2021;2021_131_103;tänään;2
1306;131/2021;2021_131_103;julkistetun;1
1306;131/2021;2021_131_103;kaupan;1
1306;131/2021;2021_131_103;suomalainen;1
1306;131/2021;2021_131_103;yritys;1
1306;131/2021;2021_131_103;myydään;2
1306;131/2021;2021_131_103;miljardilla;1
1306;131/2021;2021_131_103;eteenpäin;4
1306;131/2021;2021_131_103;hyvä;2
1306;131/2021;2021_131_103;asia;2
1306;131/2021;2021_131_103;sikäli;4
1306;131/2021;2021_131_103;että;12
1306;131/2021;2021_131_103;tuo;1
1306;131/2021;2021_131_103;pääomaa;3
1306;131/2021;2021_131_103;maahan;1
1306;131/2021;2021_131_103;jota;2
1306;131/2021;2021_131_103;voidaan;2
1306;131/2021;2021_131_103;sitten;5
1306;131/2021;2021_131_103;investoida;1
1306;131/2021;2021_131_103;uudelleen;1
1306;131/2021;2021_131_103;ja;11
1306;131/2021;2021_131_103;poikkeuksellista;1
1306;131/2021;2021_131_103;tähän;1
1306;131/2021;2021_131_103;asti;1
1306;131/2021;2021_131_103;suomalaisia;1
1306;131/2021;2021_131_103;yrityksiä;2
1306;131/2021;2021_131_103;myyty;2
1306;131/2021;2021_131_103;huomattavan;1
1306;131/2021;2021_131_103;paljon;2
1306;131/2021;2021_131_103;pienemmän;1
1306;131/2021;2021_131_103;kokoisina;2
1306;131/2021;2021_131_103;ruotsalaiset;1
1306;131/2021;2021_131_103;kasvattavat;1
1306;131/2021;2021_131_103;omia;1
1306;131/2021;2021_131_103;yrityksiään;1
1306;131/2021;2021_131_103;ennen;1
1306;131/2021;2021_131_103;ne;1
1306;131/2021;2021_131_103;mahdollisesti;1
1306;131/2021;2021_131_103;me;2
1306;131/2021;2021_131_103;ollaan;1
1306;131/2021;2021_131_103;niitä;1
1306;131/2021;2021_131_103;muutaman;1
1306;131/2021;2021_131_103;miljoonan;1
1306;131/2021;2021_131_103;muut;1
1306;131/2021;2021_131_103;ovat;3
1306;131/2021;2021_131_103;korjanneet;1
1306;131/2021;2021_131_103;hedelmät;1
1306;131/2021;2021_131_103;eli;1
1306;131/2021;2021_131_103;kehitys;3
1306;131/2021;2021_131_103;mutta;5
1306;131/2021;2021_131_103;tämänkin;1
1306;131/2021;2021_131_103;yksittäistapauksen;1
1306;131/2021;2021_131_103;edessä;1
1306;131/2021;2021_131_103;pitää;3
1306;131/2021;2021_131_103;tietenkin;3
1306;131/2021;2021_131_103;pohtia;1
1306;131/2021;2021_131_103;miten;3
1306;131/2021;2021_131_103;tästä;1
1306;131/2021;2021_131_103;tulisi;1
1306;131/2021;2021_131_103;sääntö;1
1306;131/2021;2021_131_103;eikä;1
1306;131/2021;2021_131_103;poikkeus;1
1306;131/2021;2021_131_103;tukea;1
1306;131/2021;2021_131_103;suomalaista;2
1306;131/2021;2021_131_103;omistamista;1
1306;131/2021;2021_131_103;omaisuuden;1
1306;131/2021;2021_131_103;kasvattamista;1
1306;131/2021;2021_131_103;yritysten;1
1306;131/2021;2021_131_103;kasvumahdollisuuksia;1
1306;131/2021;2021_131_103;täällä;3
1306;131/2021;2021_131_103;kotona;1
1306;131/2021;2021_131_103;varmistetaan;1
1306;131/2021;2021_131_103;sijoittaa;2
1306;131/2021;2021_131_103;sellaiset;1
1306;131/2021;2021_131_103;verotukselliset;1
1306;131/2021;2021_131_103;insentiivit;1
1306;131/2021;2021_131_103;haluaa;2
1306;131/2021;2021_131_103;kotimaahan;1
1306;131/2021;2021_131_103;omaisuutta;1
1306;131/2021;2021_131_103;kehittää;1
1306;131/2021;2021_131_103;liittyy;2
1306;131/2021;2021_131_103;pidemmällä;1
1306;131/2021;2021_131_103;tähtäimellä;1
1306;131/2021;2021_131_103;pääoman;1
1306;131/2021;2021_131_103;verotukseen;2
1306;131/2021;2021_131_103;myöskin;3
1306;131/2021;2021_131_103;esimerkiksi;1
1306;131/2021;2021_131_103;perintöjen;1
1306;131/2021;2021_131_103;jotka;2
1306;131/2021;2021_131_103;molemmat;1
1306;131/2021;2021_131_103;sellaisella;1
1306;131/2021;2021_131_103;tolalla;1
1306;131/2021;2021_131_103;eivät;1
1306;131/2021;2021_131_103;ehkä;1
1306;131/2021;2021_131_103;ihan;1
1306;131/2021;2021_131_103;tällaisiin;1
1306;131/2021;2021_131_103;kasvutarinoihin;1
1306;131/2021;2021_131_103;yllytä;1
1306;131/2021;2021_131_103;työllisyys;1
1306;131/2021;2021_131_103;oli;2
1306;131/2021;2021_131_103;tässä;6
1306;131/2021;2021_131_103;esillä;1
1306;131/2021;2021_131_103;siinä;1
1306;131/2021;2021_131_103;missä;1
1306;131/2021;2021_131_103;vielä;1
1306;131/2021;2021_131_103;vuotta;1
1306;131/2021;2021_131_103;olimme;1
1306;131/2021;2021_131_103;tasapainossa;2
1306;131/2021;2021_131_103;prosentin;1
1306;131/2021;2021_131_103;työllisyysasteella;1
1306;131/2021;2021_131_103;tavoitteena;1
1306;131/2021;2021_131_103;pitkään;1
1306;131/2021;2021_131_103;nyt;3
1306;131/2021;2021_131_103;haarukassa;1
1306;131/2021;2021_131_103;jos;2
1306;131/2021;2021_131_103;soveltaa;1
1306;131/2021;2021_131_103;sitä;1
1306;131/2021;2021_131_103;vanhaa;1
1306;131/2021;2021_131_103;laskutapaa;1
1306;131/2021;2021_131_103;vaaditaan;1
1306;131/2021;2021_131_103;jo;1
1306;131/2021;2021_131_103;jotta;1
1306;131/2021;2021_131_103;julkinen;1
1306;131/2021;2021_131_103;talous;1
1306;131/2021;2021_131_103;olisi;1
1306;131/2021;2021_131_103;kertoo;2
1306;131/2021;2021_131_103;siitä;4
1306;131/2021;2021_131_103;demografinen;1
1306;131/2021;2021_131_103;ollut;2
1306;131/2021;2021_131_103;epäsuotuisa;1
1306;131/2021;2021_131_103;siihen;2
1306;131/2021;2021_131_103;nähden;1
1306;131/2021;2021_131_103;meillä;1
1306;131/2021;2021_131_103;huoltosuhde;1
1306;131/2021;2021_131_103;ei;2
1306;131/2021;2021_131_103;ole;2
1306;131/2021;2021_131_103;optimaalinen;1
1306;131/2021;2021_131_103;mikä;3
1306;131/2021;2021_131_103;taas;2
1306;131/2021;2021_131_103;tarkoittaa;1
1306;131/2021;2021_131_103;meidän;1
1306;131/2021;2021_131_103;kiirehtiä;1
1306;131/2021;2021_131_103;näitten;1
1306;131/2021;2021_131_103;mittareiden;1
1306;131/2021;2021_131_103;kääntämistä;1
1306;131/2021;2021_131_103;toisin;1
1306;131/2021;2021_131_103;päin;1
1306;131/2021;2021_131_103;työperäisen;1
1306;131/2021;2021_131_103;maahanmuuton;1
1306;131/2021;2021_131_103;ilmeiseen;1
1306;131/2021;2021_131_103;tarpeeseen;2
1306;131/2021;2021_131_103;niitten;1
1306;131/2021;2021_131_103;prosessien;1
1306;131/2021;2021_131_103;tarkastamisen;1
1306;131/2021;2021_131_103;toivon;1
1306;131/2021;2021_131_103;todellakin;1
1306;131/2021;2021_131_103;työministeriössä;1
1306;131/2021;2021_131_103;nämä;1
1306;131/2021;2021_131_103;asiat;1
1306;131/2021;2021_131_103;nopeasti;1
1306;131/2021;2021_131_103;pääsisivät;1
1306;131/2021;2021_131_103;poliisien;2
1306;131/2021;2021_131_103;määrärahoista;1
1306;131/2021;2021_131_103;puhuttu;1
1306;131/2021;2021_131_103;budjettikirjassa;1
1306;131/2021;2021_131_103;suomen;1
1306;131/2021;2021_131_103;historian;1
1306;131/2021;2021_131_103;isoimmat;1
1306;131/2021;2021_131_103;satsaukset;1
1306;131/2021;2021_131_103;poliisiin;1
1306;131/2021;2021_131_103;siis;1
1306;131/2021;2021_131_103;missään;1
1306;131/2021;2021_131_103;aikaisemmassa;1
1306;131/2021;2021_131_103;keltaisessa;1
1306;131/2021;2021_131_103;kirjassa;1
1306;131/2021;2021_131_103;näin;1
1306;131/2021;2021_131_103;satsattu;1
1306;131/2021;2021_131_103;huolimatta;1
1306;131/2021;2021_131_103;tulee;1
1306;131/2021;2021_131_103;miljoonaa;1
1306;131/2021;2021_131_103;lisää;1
1306;131/2021;2021_131_103;otetaan;1
1306;131/2021;2021_131_103;sisäinen;1
1306;131/2021;2021_131_103;turvallisuus;1
1306;131/2021;2021_131_103;tilanne;1
1306;131/2021;2021_131_103;vakavasti;1
1306;131/2021;2021_131_103;hyvää;1
1306;131/2021;2021_131_103;oikeuslaitoksesta;1
1306;131/2021;2021_131_103;puhuttiin;1
1306;131/2021;2021_131_103;tuli;1
1306;131/2021;2021_131_103;kritiikkiä;1
1306;131/2021;2021_131_103;satsataan;1
1306;131/2021;2021_131_103;oikeusavustajiin;1
1306;131/2021;2021_131_103;toki;1
1306;131/2021;2021_131_103;yksityisen;1
1306;131/2021;2021_131_103;sektorin;1
1306;131/2021;2021_131_103;tekijöitä;1
1306;131/2021;2021_131_103;itse;1
1306;131/2021;2021_131_103;en;1
1306;131/2021;2021_131_103;haluaisi;1
1306;131/2021;2021_131_103;tehdä;1
1306;131/2021;2021_131_103;sellaista;1
1306;131/2021;2021_131_103;ideologista;1
1306;131/2021;2021_131_103;vääntöä;1
1306;131/2021;2021_131_103;etteikö;1
1306;131/2021;2021_131_103;muka;1
1306;131/2021;2021_131_103;voisi;1
1306;131/2021;2021_131_103;käyttää;1
1306;131/2021;2021_131_103;yksityisiä;1
1306;131/2021;2021_131_103;toimijoita;1
1306;131/2021;2021_131_103;oikeuslaitoksen;1
1306;131/2021;2021_131_103;tilannetta;1
1306;131/2021;2021_131_103;parannettaessa;1
1306;131/2021;2021_131_103;puhemies;1
1306;131/2021;2021_131_103;koputtaa;1
1306;131/2021;2021_131_103;tämä;1
1306;131/2021;2021_131_103;mielestänne;1
1306;131/2021;2021_131_103;huono;1
1306;131/2021;2021_131_103;olen;1
1306;131/2021;2021_131_103;kyllä;1
1306;131/2021;2021_131_103;todella;1
1306;131/2021;2021_131_103;huolestunut;1
1306;139/2021;2021_139_133;ärade;1
1306;139/2021;2021_139_133;talman;1
1306;139/2021;2021_139_133;suomessa;1
1306;139/2021;2021_139_133;ei;16
1306;139/2021;2021_139_133;ole;3
1306;139/2021;2021_139_133;ollut;1
1306;139/2021;2021_139_133;tapana;1
1306;139/2021;2021_139_133;tehdä;1
1306;139/2021;2021_139_133;politiikkaa;1
1306;139/2021;2021_139_133;eikä;3
1306;139/2021;2021_139_133;varsinkaan;1
1306;139/2021;2021_139_133;välikysymyksiä;1
1306;139/2021;2021_139_133;turvallisuuspolitiikkaan;1
1306;139/2021;2021_139_133;liittyvistä;1
1306;139/2021;2021_139_133;kysymyksistä;1
1306;139/2021;2021_139_133;toimi;3
1306;139/2021;2021_139_133;kankaanniemi;3
1306;139/2021;2021_139_133;tehty;1
1306;139/2021;2021_139_133;nytkään;1
1306;139/2021;2021_139_133;tänään;2
1306;139/2021;2021_139_133;se;9
1306;139/2021;2021_139_133;perinne;1
1306;139/2021;2021_139_133;murtuu;1
1306;139/2021;2021_139_133;eduskunnassa;1
1306;139/2021;2021_139_133;keskustelemme;1
1306;139/2021;2021_139_133;perussuomalaisten;1
1306;139/2021;2021_139_133;välikysymyksestä;1
1306;139/2021;2021_139_133;johon;1
1306;139/2021;2021_139_133;liittyy;2
1306;139/2021;2021_139_133;hybridivaikuttaminen;2
1306;139/2021;2021_139_133;ainakin;1
1306;139/2021;2021_139_133;otsikon;2
1306;139/2021;2021_139_133;tasolla;1
1306;139/2021;2021_139_133;kysymykseen;1
1306;139/2021;2021_139_133;ovat;4
1306;139/2021;2021_139_133;liittyneet;1
1306;139/2021;2021_139_133;ano;1
1306;139/2021;2021_139_133;turtiaisen;1
1306;139/2021;2021_139_133;valta;1
1306;139/2021;2021_139_133;kuuluu;1
1306;139/2021;2021_139_133;kansalle;1
1306;139/2021;2021_139_133;puoluetta;1
1306;139/2021;2021_139_133;lukuun;1
1306;139/2021;2021_139_133;ottamatta;1
1306;139/2021;2021_139_133;kaikki;1
1306;139/2021;2021_139_133;oppositiopuolueet;1
1306;139/2021;2021_139_133;mitä;2
1306;139/2021;2021_139_133;kysymys;1
1306;139/2021;2021_139_133;sitten;2
1306;139/2021;2021_139_133;koskee;2
1306;139/2021;2021_139_133;pohjalta;1
1306;139/2021;2021_139_133;voisi;1
1306;139/2021;2021_139_133;kuvitella;1
1306;139/2021;2021_139_133;että;13
1306;139/2021;2021_139_133;hybridivaikuttamiseen;1
1306;139/2021;2021_139_133;mutta;2
1306;139/2021;2021_139_133;teksti;2
1306;139/2021;2021_139_133;paljastaa;4
1306;139/2021;2021_139_133;toisen;1
1306;139/2021;2021_139_133;puolen;1
1306;139/2021;2021_139_133;asiasta;1
1306;139/2021;2021_139_133;itse;2
1306;139/2021;2021_139_133;välikysymystekstissä;2
1306;139/2021;2021_139_133;puhutaan;2
1306;139/2021;2021_139_133;ainoastaan;3
1306;139/2021;2021_139_133;turvapaikkaprosessista;2
1306;139/2021;2021_139_133;ja;13
1306;139/2021;2021_139_133;sen;2
1306;139/2021;2021_139_133;pysäyttämisestä;1
1306;139/2021;2021_139_133;siitä;5
1306;139/2021;2021_139_133;suomi;1
1306;139/2021;2021_139_133;irtautuisi;1
1306;139/2021;2021_139_133;kansainvälisistä;2
1306;139/2021;2021_139_133;sopimuksista;2
1306;139/2021;2021_139_133;muusta;1
1306;139/2021;2021_139_133;kokoomus;2
1306;139/2021;2021_139_133;totesi;1
1306;139/2021;2021_139_133;välikysymyksen;1
1306;139/2021;2021_139_133;julkistamistilaisuudessa;1
1306;139/2021;2021_139_133;kyse;2
1306;139/2021;2021_139_133;maahanmuutosta;1
1306;139/2021;2021_139_133;perussuomalaiset;1
1306;139/2021;2021_139_133;totesivat;1
1306;139/2021;2021_139_133;puolestaan;1
1306;139/2021;2021_139_133;nimenomaan;2
1306;139/2021;2021_139_133;maahanmuuttoa;1
1306;139/2021;2021_139_133;tämä;1
1306;139/2021;2021_139_133;tulkinta;1
1306;139/2021;2021_139_133;oli;1
1306;139/2021;2021_139_133;oikea;1
1306;139/2021;2021_139_133;usein;1
1306;139/2021;2021_139_133;mistä;2
1306;139/2021;2021_139_133;paljon;1
1306;139/2021;2021_139_133;tässä;2
1306;139/2021;2021_139_133;kysymyksessä;1
1306;139/2021;2021_139_133;puhuta;10
1306;139/2021;2021_139_133;enemmän;1
1306;139/2021;2021_139_133;eun;2
1306;139/2021;2021_139_133;yhteisistä;1
1306;139/2021;2021_139_133;toimista;1
1306;139/2021;2021_139_133;siinä;10
1306;139/2021;2021_139_133;tarpeesta;1
1306;139/2021;2021_139_133;yhdenmukaistaa;1
1306;139/2021;2021_139_133;maahanmuuttopolitiikkaa;1
1306;139/2021;2021_139_133;lukaenkasta;1
1306;139/2021;2021_139_133;tai;1
1306;139/2021;2021_139_133;putinista;1
1306;139/2021;2021_139_133;pakotteista;1
1306;139/2021;2021_139_133;hybridivaikuttamisen;4
1306;139/2021;2021_139_133;torjuntakeinona;2
1306;139/2021;2021_139_133;vaan;1
1306;139/2021;2021_139_133;suomen;2
1306;139/2021;2021_139_133;sisäpolitiikasta;1
1306;139/2021;2021_139_133;kansainvälisestä;1
1306;139/2021;2021_139_133;maksujärjestelmästä;1
1306;139/2021;2021_139_133;swiftistä;1
1306;139/2021;2021_139_133;poissulkemisesta;1
1306;139/2021;2021_139_133;äärimmäisenä;1
1306;139/2021;2021_139_133;energiapolitiikasta;1
1306;139/2021;2021_139_133;erityisesti;1
1306;139/2021;2021_139_133;maakaasusta;1
1306;139/2021;2021_139_133;välineenä;1
1306;139/2021;2021_139_133;tehokkaammasta;1
1306;139/2021;2021_139_133;mikä;1
1306;139/2021;2021_139_133;vaikutus;1
1306;139/2021;2021_139_133;poliittisen;1
1306;139/2021;2021_139_133;järjestelmän;1
1306;139/2021;2021_139_133;kestävyydellä;1
1306;139/2021;2021_139_133;on;5
1306;139/2021;2021_139_133;estämisessä;1
1306;139/2021;2021_139_133;mistään;1
1306;139/2021;2021_139_133;relevantista;1
1306;139/2021;2021_139_133;torjuntakeinosta;1
1306;139/2021;2021_139_133;turvapaikanhakujärjestelmän;1
1306;139/2021;2021_139_133;jäädyttämisestä;1
1306;139/2021;2021_139_133;irtautumisesta;1
1306;139/2021;2021_139_133;koska;1
1306;139/2021;2021_139_133;kreikkakin;1
1306;139/2021;2021_139_133;kuten;2
1306;139/2021;2021_139_133;todennut;1
1306;139/2021;2021_139_133;tanska;1
1306;139/2021;2021_139_133;kertoo;1
1306;139/2021;2021_139_133;näkee;1
1306;139/2021;2021_139_133;kansallisen;1
1306;139/2021;2021_139_133;turvallisuuden;1
1306;139/2021;2021_139_133;äärimmäisen;1
1306;139/2021;2021_139_133;kapeasti;1
1306;139/2021;2021_139_133;ongelmallinen;1
1306;139/2021;2021_139_133;lähestymistapa;1
1306;139/2021;2021_139_133;jos;2
1306;139/2021;2021_139_133;joskus;1
1306;139/2021;2021_139_133;olisi;1
1306;139/2021;2021_139_133;tilanteessa;3
1306;139/2021;2021_139_133;vastaisi;1
1306;139/2021;2021_139_133;arvoisa;2
1306;139/2021;2021_139_133;puhemies;3
1306;139/2021;2021_139_133;mihin;1
1306;139/2021;2021_139_133;hybridivaikuttamisella;1
1306;139/2021;2021_139_133;pyritään;9
1306;139/2021;2021_139_133;sillä;4
1306;139/2021;2021_139_133;siihen;2
1306;139/2021;2021_139_133;usko;1
1306;139/2021;2021_139_133;puolustukseen;1
1306;139/2021;2021_139_133;puolustusvoimiin;1
1306;139/2021;2021_139_133;poliisiin;1
1306;139/2021;2021_139_133;rajavartiolaitokseen;1
1306;139/2021;2021_139_133;huojuu;1
1306;139/2021;2021_139_133;vastustaja;2
1306;139/2021;2021_139_133;paljastaisi;1
1306;139/2021;2021_139_133;suunnitelmansa;1
1306;139/2021;2021_139_133;saamaan;3
1306;139/2021;2021_139_133;selville;1
1306;139/2021;2021_139_133;miten;1
1306;139/2021;2021_139_133;reagoisi;1
1306;139/2021;2021_139_133;häntä;1
1306;139/2021;2021_139_133;vastaan;1
1306;139/2021;2021_139_133;hyökättäisiin;1
1306;139/2021;2021_139_133;vastapuoli;1
1306;139/2021;2021_139_133;luopumaan;1
1306;139/2021;2021_139_133;arvoistaan;1
1306;139/2021;2021_139_133;reagoimaan;1
1306;139/2021;2021_139_133;hetkessä;1
1306;139/2021;2021_139_133;unohtamaan;1
1306;139/2021;2021_139_133;pitkä;1
1306;139/2021;2021_139_133;linja;1
1306;139/2021;2021_139_133;yhteiset;1
1306;139/2021;2021_139_133;sitoumukset;1
1306;139/2021;2021_139_133;yhtenäisyys;1
1306;139/2021;2021_139_133;hajalle;1
1306;139/2021;2021_139_133;monenkeskinen;1
1306;139/2021;2021_139_133;yhteistyö;1
1306;139/2021;2021_139_133;murrettua;1
1306;139/2021;2021_139_133;murtamaan;2
1306;139/2021;2021_139_133;niitä;1
1306;139/2021;2021_139_133;rakenteita;1
1306;139/2021;2021_139_133;jotka;2
1306;139/2021;2021_139_133;suojaavat;1
1306;139/2021;2021_139_133;kaltaisia;1
1306;139/2021;2021_139_133;pieniä;1
1306;139/2021;2021_139_133;maita;1
1306;139/2021;2021_139_133;siitäkin;1
1306;139/2021;2021_139_133;politiikan;1
1306;139/2021;2021_139_133;sääntöjä;1
1306;139/2021;2021_139_133;tekemään;1
1306;139/2021;2021_139_133;aiemmin;1
1306;139/2021;2021_139_133;yhteisinä;1
1306;139/2021;2021_139_133;pidetyistä;1
1306;139/2021;2021_139_133;asioista;1
1306;139/2021;2021_139_133;kiistanalaisia;1
1306;139/2021;2021_139_133;politikoinnin;1
1306;139/2021;2021_139_133;kiistan;1
1306;139/2021;2021_139_133;kohteita;1
1306;139/2021;2021_139_133;tähän;1
1306;139/2021;2021_139_133;lukaenka;1
1306;139/2021;2021_139_133;pyrki;1
1306;139/2021;2021_139_133;vaikuttaessaan;1
1306;139/2021;2021_139_133;puolaan;1
1306;139/2021;2021_139_133;vaikutuksen;1
1306;139/2021;2021_139_133;jälkimainingit;1
1306;139/2021;2021_139_133;näkyvät;1
1306;139/2021;2021_139_133;meilläkin;1
1306;139/2021;2021_139_133;huomaamme;1
1306;139/2021;2021_139_133;jotta;1
1306;139/2021;2021_139_133;näin;1
1306;139/2021;2021_139_133;kävisi;1
1306;139/2021;2021_139_133;meidän;1
1306;139/2021;2021_139_133;poliitikkojen;1
1306;139/2021;2021_139_133;pitää;1
1306;139/2021;2021_139_133;jättää;1
1306;139/2021;2021_139_133;politikointi;1
1306;139/2021;2021_139_133;pois;1
1306;139/2021;2021_139_133;suhtautua;1
1306;139/2021;2021_139_133;kansalliseen;1
1306;139/2021;2021_139_133;turvallisuuteen;1
1306;139/2021;2021_139_133;liittyviin;1
1306;139/2021;2021_139_133;kysymyksiin;1
1306;139/2021;2021_139_133;vastuullisesti;1
1306;139/2021;2021_139_133;torjutaan;2
1306;139/2021;2021_139_133;johdonmukaisuudella;1
1306;139/2021;2021_139_133;sitä;3
1306;139/2021;2021_139_133;torjuta;3
1306;139/2021;2021_139_133;toimitaan;1
1306;139/2021;2021_139_133;lukaenkan;2
1306;139/2021;2021_139_133;tavoin;1
1306;139/2021;2021_139_133;lietsotaan;1
1306;139/2021;2021_139_133;paniikkia;1
1306;139/2021;2021_139_133;myöskään;1
1306;139/2021;2021_139_133;aidoin;1
1306;139/2021;2021_139_133;lähettämällä;1
1306;139/2021;2021_139_133;viesti;1
1306;139/2021;2021_139_133;eu;1
1306;139/2021;2021_139_133;pystyy;1
1306;139/2021;2021_139_133;toimimaan;1
1306;139/2021;2021_139_133;arvojensa;1
1306;139/2021;2021_139_133;mukaisesti;1
1306;139/2021;2021_139_133;myös;2
1306;139/2021;2021_139_133;kiperän;1
1306;139/2021;2021_139_133;paikan;1
1306;139/2021;2021_139_133;tullen;1
1306;139/2021;2021_139_133;arvomme;1
1306;139/2021;2021_139_133;eivät;1
1306;139/2021;2021_139_133;myytävänä;1
1306;139/2021;2021_139_133;ne;2
1306;139/2021;2021_139_133;pätevät;1
1306;139/2021;2021_139_133;niin;1
1306;139/2021;2021_139_133;hyvän;1
1306;139/2021;2021_139_133;kuin;1
1306;139/2021;2021_139_133;pahan;1
1306;139/2021;2021_139_133;sään;1
1306;139/2021;2021_139_133;aikana;1
1306;139/2021;2021_139_133;oikeusvaltio;1
1306;139/2021;2021_139_133;demokratia;1
1306;139/2021;2021_139_133;kestäviä;1
1306;139/2021;2021_139_133;arvoja;1
1306;139/2021;2021_139_133;kovia;1
1306;139/2021;2021_139_133;aseita;1
1306;139/2021;2021_139_133;tällaisessa;1
1306;139/2021;2021_139_133;toimimalla;1
1306;139/2021;2021_139_133;käsillä;1
1306;139/2021;2021_139_133;olevassa;1
1306;139/2021;2021_139_133;johdonmukaisesti;1
1306;139/2021;2021_139_133;oikeusval-tioperiaatteita;1
1306;139/2021;2021_139_133;kunnioittaen;1
1306;139/2021;2021_139_133;otamme;1
1306;139/2021;2021_139_133;tehokkaimman;1
1306;139/2021;2021_139_133;aseen;1
1306;139/2021;2021_139_133;kädestä;1
1306;139/2021;2021_139_133;panikoimisessa;1
1306;139/2021;2021_139_133;periaatteistamme;1
1306;139/2021;2021_139_133;luopumisessa;1
1306;139/2021;2021_139_133;suuri;1
1306;139/2021;2021_139_133;riski;1
1306;139/2021;2021_139_133;menetämme;1
1306;139/2021;2021_139_133;sivistykseksi;1
1306;139/2021;2021_139_133;kutsutaan;1
1306;139/2021;2021_139_133;naivismin;1
1306;139/2021;2021_139_133;idiotismin;1
1306;139/2021;2021_139_133;välissä;1
1306;139/2021;2021_139_133;koputtaa;1
1306;139/2021;2021_139_133;asuu;1
1306;139/2021;2021_139_133;tilannetaju;1
1306;139/2021;2021_139_133;harkitsevaisuus;1
1306;139/2021;2021_139_133;kokonaisturvallisuudesta;1
1306;139/2021;2021_139_133;huolehtimisen;1
1306;139/2021;2021_139_133;tärkeimpiä;1
1306;139/2021;2021_139_133;elementtejä;1
1306;3/2022;2022_3_97;arvoisa;1
1306;3/2022;2022_3_97;puhemies;1
1306;3/2022;2022_3_97;ärade;1
1306;3/2022;2022_3_97;talman;1
1306;3/2022;2022_3_97;näitten;1
1306;3/2022;2022_3_97;painostustoimien;1
1306;3/2022;2022_3_97;takana;1
1306;3/2022;2022_3_97;on;2
1306;3/2022;2022_3_97;myöskin;1
1306;3/2022;2022_3_97;pyrkimys;1
1306;3/2022;2022_3_97;lyödä;1
1306;3/2022;2022_3_97;kiiloja;1
1306;3/2022;2022_3_97;kansainväliseen;1
1306;3/2022;2022_3_97;yhteistyöhön;1
1306;3/2022;2022_3_97;ja;1
1306;3/2022;2022_3_97;siksi;1
1306;3/2022;2022_3_97;hyvä;1
1306;3/2022;2022_3_97;että;1
1306;3/2022;2022_3_97;tässä;1
1306;3/2022;2022_3_97;toimitaan;1
1306;3/2022;2022_3_97;yhteisesti;1
1306;5/2022;2022_5_13;arvoisa;1
1306;5/2022;2022_5_13;puhemies;1
1306;5/2022;2022_5_13;ärade;1
1306;5/2022;2022_5_13;talman;1
1306;5/2022;2022_5_13;tulevaisuudessa;1
1306;5/2022;2022_5_13;opettajat;1
1306;5/2022;2022_5_13;kertovat;1
1306;5/2022;2022_5_13;oppilailleen;1
1306;5/2022;2022_5_13;ajasta;1
1306;5/2022;2022_5_13;jolloin;1
1306;5/2022;2022_5_13;koronakriisi;1
1306;5/2022;2022_5_13;yllätti;1
1306;5/2022;2022_5_13;maailman;1
1306;5/2022;2022_5_13;aikanaan;1
1306;5/2022;2022_5_13;ohjaajat;1
1306;5/2022;2022_5_13;tekevät;1
1306;5/2022;2022_5_13;elokuvia;1
1306;5/2022;2022_5_13;siitä;1
1306;5/2022;2022_5_13;miten;2
1306;5/2022;2022_5_13;hyvää;1
1306;5/2022;2022_5_13;elämä;1
1306;5/2022;2022_5_13;oli;1
1306;5/2022;2022_5_13;vuoden;1
1306;5/2022;2022_5_13;alussa;1
1306;5/2022;2022_5_13;ja;3
1306;5/2022;2022_5_13;epävarmuus;1
1306;5/2022;2022_5_13;valtasi;1
1306;5/2022;2022_5_13;arkemme;1
1306;5/2022;2022_5_13;vain;1
1306;5/2022;2022_5_13;muutamaa;1
1306;5/2022;2022_5_13;kuukautta;1
1306;5/2022;2022_5_13;myöhemmin;1
1306;5/2022;2022_5_13;kirjailijat;1
1306;5/2022;2022_5_13;kirjoittavat;1
1306;5/2022;2022_5_13;kirjoja;1
1306;5/2022;2022_5_13;joissa;1
1306;5/2022;2022_5_13;arvioidaan;1
1306;5/2022;2022_5_13;euroopan;1
1306;5/2022;2022_5_13;unionin;1
1306;5/2022;2022_5_13;suomen;1
1306;5/2022;2022_5_13;hallituksen;1
1306;5/2022;2022_5_13;yksittäisten;1
1306;5/2022;2022_5_13;yritysten;1
1306;5/2022;2022_5_13;yksilöiden;1
1306;5/2022;2022_5_13;tekemiä;1
1306;5/2022;2022_5_13;päätöksiä;1
1306;13/2022;2022_13_16;ärade;1
1306;13/2022;2022_13_16;talman;1
1306;13/2022;2022_13_16;ryssland;3
1306;13/2022;2022_13_16;kunde;3
1306;13/2022;2022_13_16;ha;3
1306;13/2022;2022_13_16;gjort;1
1306;13/2022;2022_13_16;mycket;1
1306;13/2022;2022_13_16;bättre;1
1306;13/2022;2022_13_16;val;1
1306;13/2022;2022_13_16;landet;1
1306;13/2022;2022_13_16;dag;1
1306;13/2022;2022_13_16;goda;1
1306;13/2022;2022_13_16;relationer;1
1306;13/2022;2022_13_16;till;1
1306;13/2022;2022_13_16;sina;1
1306;13/2022;2022_13_16;grannar;1
1306;13/2022;2022_13_16;handel;1
1306;13/2022;2022_13_16;ekonomisk;1
1306;13/2022;2022_13_16;tillväxt;1
1306;13/2022;2022_13_16;och;1
1306;13/2022;2022_13_16;välstånd;1
1306;13/2022;2022_13_16;men;1
1306;13/2022;2022_13_16;valde;1
1306;13/2022;2022_13_16;en;1
1306;13/2022;2022_13_16;annan;1
1306;13/2022;2022_13_16;väg;1
1306;13/2022;2022_13_123;ärade;1
1306;13/2022;2022_13_123;talman;1
1306;13/2022;2022_13_123;huoli;1
1306;13/2022;2022_13_123;energian;1
1306;13/2022;2022_13_123;hinnasta;1
1306;13/2022;2022_13_123;on;16
1306;13/2022;2022_13_123;varmasti;1
1306;13/2022;2022_13_123;yhteinen;1
1306;13/2022;2022_13_123;hinnat;1
1306;13/2022;2022_13_123;ovat;6
1306;13/2022;2022_13_123;kiistatta;1
1306;13/2022;2022_13_123;korkeat;1
1306;13/2022;2022_13_123;johtuen;1
1306;13/2022;2022_13_123;monesta;1
1306;13/2022;2022_13_123;asiasta;1
1306;13/2022;2022_13_123;mutta;2
1306;13/2022;2022_13_123;se;11
1306;13/2022;2022_13_123;mihin;1
1306;13/2022;2022_13_123;ongelmaan;1
1306;13/2022;2022_13_123;tartutaan;1
1306;13/2022;2022_13_123;ratkaisevaa;1
1306;13/2022;2022_13_123;pyritäänkö;2
1306;13/2022;2022_13_123;sillä;2
1306;13/2022;2022_13_123;rakentamaan;1
1306;13/2022;2022_13_123;kestävää;1
1306;13/2022;2022_13_123;polkua;1
1306;13/2022;2022_13_123;vai;1
1306;13/2022;2022_13_123;hajottamaan;1
1306;13/2022;2022_13_123;kehitystä;2
1306;13/2022;2022_13_123;ottamaan;1
1306;13/2022;2022_13_123;askelia;1
1306;13/2022;2022_13_123;taaksepäin;2
1306;13/2022;2022_13_123;aiheuttamaan;1
1306;13/2022;2022_13_123;lisää;2
1306;13/2022;2022_13_123;kustannuksia;1
1306;13/2022;2022_13_123;ongelmia;2
1306;13/2022;2022_13_123;tulevaisuudessa;1
1306;13/2022;2022_13_123;pikavoittoja;1
1306;13/2022;2022_13_123;harvoin;1
1306;13/2022;2022_13_123;saatavilla;1
1306;13/2022;2022_13_123;ja;7
1306;13/2022;2022_13_123;näissä;1
1306;13/2022;2022_13_123;kysymyksissä;1
1306;13/2022;2022_13_123;vielä;1
1306;13/2022;2022_13_123;vähemmän;1
1306;13/2022;2022_13_123;kuin;3
1306;13/2022;2022_13_123;monessa;1
1306;13/2022;2022_13_123;muussa;1
1306;13/2022;2022_13_123;asiassa;2
1306;13/2022;2022_13_123;maailmanmarkkinahinnat;1
1306;13/2022;2022_13_123;erittäin;1
1306;13/2022;2022_13_123;korkealla;2
1306;13/2022;2022_13_123;monet;2
1306;13/2022;2022_13_123;arvoketjut;1
1306;13/2022;2022_13_123;maailmalla;1
1306;13/2022;2022_13_123;rikki;1
1306;13/2022;2022_13_123;saatavuusongelmia;1
1306;13/2022;2022_13_123;paljon;1
1306;13/2022;2022_13_123;kysyntää;1
1306;13/2022;2022_13_123;näkyy;1
1306;13/2022;2022_13_123;nyt;5
1306;13/2022;2022_13_123;bensapumpulla;1
1306;13/2022;2022_13_123;mitä;5
1306;13/2022;2022_13_123;sille;1
1306;13/2022;2022_13_123;sitten;3
1306;13/2022;2022_13_123;tehdään;1
1306;13/2022;2022_13_123;toinen;1
1306;13/2022;2022_13_123;asia;1
1306;13/2022;2022_13_123;järkevämpää;1
1306;13/2022;2022_13_123;tilannekohtaisesti;1
1306;13/2022;2022_13_123;verojen;1
1306;13/2022;2022_13_123;kanssa;2
1306;13/2022;2022_13_123;pelaaminen;1
1306;13/2022;2022_13_123;olisi;4
1306;13/2022;2022_13_123;pohtia;1
1306;13/2022;2022_13_123;muita;1
1306;13/2022;2022_13_123;keinoja;1
1306;13/2022;2022_13_123;työmatkavähennys;1
1306;13/2022;2022_13_123;järkevä;2
1306;13/2022;2022_13_123;toimenpide;2
1306;13/2022;2022_13_123;työn;1
1306;13/2022;2022_13_123;verotuksen;1
1306;13/2022;2022_13_123;alentaminen;1
1306;13/2022;2022_13_123;voisi;1
1306;13/2022;2022_13_123;olla;2
1306;13/2022;2022_13_123;jos;6
1306;13/2022;2022_13_123;me;5
1306;13/2022;2022_13_123;lähdetään;2
1306;13/2022;2022_13_123;pelaamaan;2
1306;13/2022;2022_13_123;sähköverolla;1
1306;13/2022;2022_13_123;polttoaineverolla;1
1306;13/2022;2022_13_123;maailmanmarkkinahintojen;1
1306;13/2022;2022_13_123;mukaan;1
1306;13/2022;2022_13_123;ollaan;5
1306;13/2022;2022_13_123;aina;2
1306;13/2022;2022_13_123;myöhässä;1
1306;13/2022;2022_13_123;väärällä;1
1306;13/2022;2022_13_123;hetkellä;1
1306;13/2022;2022_13_123;liikkeellä;1
1306;13/2022;2022_13_123;voidaan;1
1306;13/2022;2022_13_123;itse;3
1306;13/2022;2022_13_123;omilla;1
1306;13/2022;2022_13_123;toimillamme;1
1306;13/2022;2022_13_123;sekoittaa;1
1306;13/2022;2022_13_123;sitä;4
1306;13/2022;2022_13_123;joka;2
1306;13/2022;2022_13_123;kuitenkin;1
1306;13/2022;2022_13_123;väistämätön;1
1306;13/2022;2022_13_123;tässä;3
1306;13/2022;2022_13_123;puhuttu;1
1306;13/2022;2022_13_123;sekoitevelvoitteesta;1
1306;13/2022;2022_13_123;perussuomalaiset;3
1306;13/2022;2022_13_123;pesevät;1
1306;13/2022;2022_13_123;mielellään;1
1306;13/2022;2022_13_123;käsiään;1
1306;13/2022;2022_13_123;omista;1
1306;13/2022;2022_13_123;päätöksistään;1
1306;13/2022;2022_13_123;he;2
1306;13/2022;2022_13_123;eivät;2
1306;13/2022;2022_13_123;ole;2
1306;13/2022;2022_13_123;vastuussa;1
1306;13/2022;2022_13_123;eilisistä;1
1306;13/2022;2022_13_123;päätöksistä;2
1306;13/2022;2022_13_123;saatikka;1
1306;13/2022;2022_13_123;viime;2
1306;13/2022;2022_13_123;vaalikauden;1
1306;13/2022;2022_13_123;tämän;3
1306;13/2022;2022_13_123;päätöksen;1
1306;13/2022;2022_13_123;kohdalla;1
1306;13/2022;2022_13_123;voisitte;2
1306;13/2022;2022_13_123;seisoa;1
1306;13/2022;2022_13_123;ylpeänä;1
1306;13/2022;2022_13_123;sen;1
1306;13/2022;2022_13_123;takana;2
1306;13/2022;2022_13_123;omasta;1
1306;13/2022;2022_13_123;mielestäni;1
1306;13/2022;2022_13_123;oli;2
1306;13/2022;2022_13_123;hyvä;1
1306;13/2022;2022_13_123;päätös;1
1306;13/2022;2022_13_123;uskon;1
1306;13/2022;2022_13_123;että;12
1306;13/2022;2022_13_123;muut;1
1306;13/2022;2022_13_123;puolueetkin;1
1306;13/2022;2022_13_123;tukevat;1
1306;13/2022;2022_13_123;tekin;1
1306;13/2022;2022_13_123;tukea;1
1306;13/2022;2022_13_123;vaikkakin;1
1306;13/2022;2022_13_123;saattaa;1
1306;13/2022;2022_13_123;tuulla;1
1306;13/2022;2022_13_123;jostain;1
1306;13/2022;2022_13_123;toisesta;1
1306;13/2022;2022_13_123;suunnasta;1
1306;13/2022;2022_13_123;vastuullinen;1
1306;13/2022;2022_13_123;linjaus;1
1306;13/2022;2022_13_123;silloin;1
1306;13/2022;2022_13_123;olitte;2
1306;13/2022;2022_13_123;siinä;1
1306;13/2022;2022_13_123;mukana;2
1306;13/2022;2022_13_123;kirjoittamassa;1
1306;13/2022;2022_13_123;kohtalaisen;1
1306;13/2022;2022_13_123;hyvää;1
1306;13/2022;2022_13_123;hallitusohjelmaa;1
1306;13/2022;2022_13_123;tältä;1
1306;13/2022;2022_13_123;osin;3
1306;13/2022;2022_13_123;jossa;3
1306;13/2022;2022_13_123;tavoiteltiin;1
1306;13/2022;2022_13_123;prosentin;1
1306;13/2022;2022_13_123;uusiutuvien;1
1306;13/2022;2022_13_123;polttoaineiden;1
1306;13/2022;2022_13_123;osuutta;1
1306;13/2022;2022_13_123;liikenteessä;1
1306;13/2022;2022_13_123;siihen;3
1306;13/2022;2022_13_123;paperiin;1
1306;13/2022;2022_13_123;laittoi;1
1306;13/2022;2022_13_123;edustaja;1
1306;13/2022;2022_13_123;immonenkin;1
1306;13/2022;2022_13_123;nimensä;1
1306;13/2022;2022_13_123;olkaa;1
1306;13/2022;2022_13_123;ylpeitä;1
1306;13/2022;2022_13_123;siitä;5
1306;13/2022;2022_13_123;sheikki;1
1306;13/2022;2022_13_123;laakso;1
1306;13/2022;2022_13_123;ei;4
1306;13/2022;2022_13_123;tilanteessa;1
1306;13/2022;2022_13_123;sekoitevelvoitteen;1
1306;13/2022;2022_13_123;seuraa;1
1306;13/2022;2022_13_123;moni;2
1306;13/2022;2022_13_123;investointi;2
1306;13/2022;2022_13_123;laskenut;1
1306;13/2022;2022_13_123;varaan;2
1306;13/2022;2022_13_123;teollinen;1
1306;13/2022;2022_13_123;suomessa;1
1306;13/2022;2022_13_123;pysähtyisi;1
1306;13/2022;2022_13_123;hetkeen;1
1306;13/2022;2022_13_123;teollisuus;1
1306;13/2022;2022_13_123;jotain;1
1306;13/2022;2022_13_123;kaipaa;3
1306;13/2022;2022_13_123;asiassahan;1
1306;13/2022;2022_13_123;teollisuushan;1
1306;13/2022;2022_13_123;nimenomaan;2
1306;13/2022;2022_13_123;ilmastokunnianhimoa;1
1306;13/2022;2022_13_123;selkeä;1
1306;13/2022;2022_13_123;viesti;1
1306;13/2022;2022_13_123;teollisuuden;1
1306;13/2022;2022_13_123;suunnalta;1
1306;13/2022;2022_13_123;suunta;1
1306;13/2022;2022_13_123;selvä;1
1306;13/2022;2022_13_123;lainsäädäntö;1
1306;13/2022;2022_13_123;ennustettavissa;1
1306;13/2022;2022_13_123;pystyisimme;1
1306;13/2022;2022_13_123;omissa;1
1306;13/2022;2022_13_123;päätöksissämme;1
1306;13/2022;2022_13_123;halua;1
1306;13/2022;2022_13_123;sellaista;2
1306;13/2022;2022_13_123;politiikkaa;3
1306;13/2022;2022_13_123;heiluu;1
1306;13/2022;2022_13_123;somemyrskyjen;1
1306;13/2022;2022_13_123;pohjalta;1
1306;13/2022;2022_13_123;sinne;1
1306;13/2022;2022_13_123;tänne;1
1306;13/2022;2022_13_123;nämä;2
1306;13/2022;2022_13_123;isoja;2
1306;13/2022;2022_13_123;investointeja;1
1306;13/2022;2022_13_123;rakenteellisia;1
1306;13/2022;2022_13_123;kysymyksiä;1
1306;13/2022;2022_13_123;varassa;1
1306;13/2022;2022_13_123;isot;1
1306;13/2022;2022_13_123;teollisuuslaitokset;1
1306;13/2022;2022_13_123;ne;1
1306;13/2022;2022_13_123;ansaitsevat;1
1306;13/2022;2022_13_123;parempaa;1
1306;13/2022;2022_13_123;myöskin;4
1306;13/2022;2022_13_123;pystytään;1
1306;13/2022;2022_13_123;seisomaan;1
1306;13/2022;2022_13_123;omien;1
1306;13/2022;2022_13_123;päätöksien;1
1306;13/2022;2022_13_123;heikki;1
1306;13/2022;2022_13_123;vestman;1
1306;13/2022;2022_13_123;raaka-aineita;1
1306;13/2022;2022_13_123;sähkön;2
1306;13/2022;2022_13_123;hintaan;1
1306;13/2022;2022_13_123;tulee;1
1306;13/2022;2022_13_123;tavallaan;1
1306;13/2022;2022_13_123;täydellisessä;1
1306;13/2022;2022_13_123;myrskyn;1
1306;13/2022;2022_13_123;silmässä;1
1306;13/2022;2022_13_123;meillä;1
1306;13/2022;2022_13_123;siirtohinnat;1
1306;13/2022;2022_13_123;toki;1
1306;13/2022;2022_13_123;puututtu;1
1306;13/2022;2022_13_123;markkinahinta;1
1306;13/2022;2022_13_123;seurausta;3
1306;13/2022;2022_13_123;pohjoismainen;1
1306;13/2022;2022_13_123;sähkömarkkina;1
1306;13/2022;2022_13_123;toimi;1
1306;13/2022;2022_13_123;ihan;1
1306;13/2022;2022_13_123;niin;1
1306;13/2022;2022_13_123;hyvin;1
1306;13/2022;2022_13_123;sietäisi;1
1306;13/2022;2022_13_123;entistä;1
1306;13/2022;2022_13_123;enemmän;1
1306;13/2022;2022_13_123;riippuvaisia;2
1306;13/2022;2022_13_123;keski-euroopan;1
1306;13/2022;2022_13_123;sähkömarkkinoista;1
1306;13/2022;2022_13_123;keski-euroopassa;1
1306;13/2022;2022_13_123;niistä;1
1306;13/2022;2022_13_123;fossiilisista;1
1306;13/2022;2022_13_123;polttoaineista;1
1306;13/2022;2022_13_123;joiden;1
1306;13/2022;2022_13_123;perään;1
1306;13/2022;2022_13_123;haikailevat;1
1306;13/2022;2022_13_123;euroopassa;1
1306;13/2022;2022_13_123;oltaisiin;3
1306;13/2022;2022_13_123;oltu;1
1306;13/2022;2022_13_123;strategisia;1
1306;13/2022;2022_13_123;ymmärretty;2
1306;13/2022;2022_13_123;fossiilisten;1
1306;13/2022;2022_13_123;kannata;1
1306;13/2022;2022_13_123;hirttäytyä;1
1306;13/2022;2022_13_123;päivien;1
1306;13/2022;2022_13_123;tapahtumat;1
1306;13/2022;2022_13_123;huomioiden;1
1306;13/2022;2022_13_123;fossiiliseen;1
1306;13/2022;2022_13_123;energiariippuvuuteen;1
1306;13/2022;2022_13_123;liittyy;1
1306;13/2022;2022_13_123;turvallisuuspoliittisia;1
1306;13/2022;2022_13_123;tilanne;1
1306;13/2022;2022_13_123;erilainen;1
1306;13/2022;2022_13_123;te;1
1306;13/2022;2022_13_123;esitätte;1
1306;13/2022;2022_13_123;menisimme;1
1306;13/2022;2022_13_123;ajassa;1
1306;13/2022;2022_13_123;käynnistäisimme;1
1306;13/2022;2022_13_123;taas;1
1306;13/2022;2022_13_123;hiilipannut;1
1306;13/2022;2022_13_123;öljypolttimet;1
1306;13/2022;2022_13_123;turvekattilat;1
1306;13/2022;2022_13_123;nostaisi;2
1306;13/2022;2022_13_123;varmuudella;2
1306;13/2022;2022_13_123;hintaa;2
1306;13/2022;2022_13_123;pitkäksi;1
1306;13/2022;2022_13_123;ajaksi;1
1306;13/2022;2022_13_123;eteenpäin;1
1306;13/2022;2022_13_123;vuonna;1
1306;13/2022;2022_13_123;tein;1
1306;13/2022;2022_13_123;kirjallisen;1
1306;13/2022;2022_13_123;kysymyksen;1
1306;13/2022;2022_13_123;nord;1
1306;13/2022;2022_13_123;stream;1
1306;13/2022;2022_13_123;kakkosen;1
1306;13/2022;2022_13_123;turvallisuuspoliittisista;1
1306;13/2022;2022_13_123;ulottuvuuksista;1
1306;13/2022;2022_13_123;silloinen;1
1306;13/2022;2022_13_123;hallitus;1
1306;13/2022;2022_13_123;olivat;1
1306;13/2022;2022_13_123;vastasi;1
1306;13/2022;2022_13_123;minulle;1
1306;13/2022;2022_13_123;elina;1
1306;13/2022;2022_13_123;lepomäelle;1
1306;13/2022;2022_13_123;antero;1
1306;13/2022;2022_13_123;vartialle;1
1306;13/2022;2022_13_123;mikko;1
1306;13/2022;2022_13_123;kärnälle;1
1306;13/2022;2022_13_123;tämä;1
1306;13/2022;2022_13_123;ainoastaan;1
1306;13/2022;2022_13_123;ympäristökysymys;1
1306;13/2022;2022_13_123;näemme;1
1306;13/2022;2022_13_123;asioiden;1
1306;13/2022;2022_13_123;väärin;1
1306;13/2022;2022_13_123;lukeminen;1
1306;13/2022;2022_13_123;voi;1
1306;13/2022;2022_13_123;tarkoittaa;1
1306;13/2022;2022_13_123;puhemies;1
1306;13/2022;2022_13_123;koputtaa;1
1306;13/2022;2022_13_123;turvallisuuspoliittisesti;1
1306;13/2022;2022_13_123;kiitoksia;1
1306;41/2022;2022_41_21;ärade;1
1306;41/2022;2022_41_21;talman;1
1306;41/2022;2022_41_21;arvoisa;1
1306;41/2022;2022_41_21;puhemies;1
1306;41/2022;2022_41_21;helmikuuta;2
1306;41/2022;2022_41_21;heräsimme;1
1306;41/2022;2022_41_21;muuttuneeseen;1
1306;41/2022;2022_41_21;maailmaan;1
1306;41/2022;2022_41_21;maamme;1
1306;41/2022;2022_41_21;ulko;1
1306;41/2022;2022_41_21;ja;5
1306;41/2022;2022_41_21;turvallisuuspoliittiset;1
1306;41/2022;2022_41_21;linjaukset;1
1306;41/2022;2022_41_21;ovat;2
1306;41/2022;2022_41_21;perustuneet;1
1306;41/2022;2022_41_21;ajatukseen;1
1306;41/2022;2022_41_21;siitä;1
1306;41/2022;2022_41_21;että;1
1306;41/2022;2022_41_21;kansakunnat;1
1306;41/2022;2022_41_21;olisivat;1
1306;41/2022;2022_41_21;rationaalisia;1
1306;41/2022;2022_41_21;toimijoita;1
1306;41/2022;2022_41_21;jotka;1
1306;41/2022;2022_41_21;punnitsevat;1
1306;41/2022;2022_41_21;hyötyjä;1
1306;41/2022;2022_41_21;haittoja;1
1306;41/2022;2022_41_21;pitävät;2
1306;41/2022;2022_41_21;huolta;1
1306;41/2022;2022_41_21;maidensa;1
1306;41/2022;2022_41_21;väestöistä;1
1306;41/2022;2022_41_21;jakavat;1
1306;41/2022;2022_41_21;yhteisen;1
1306;41/2022;2022_41_21;todellisuuden;1
1306;41/2022;2022_41_21;sanansa;1
1306;41/2022;2022_41_21;nämä;2
1306;41/2022;2022_41_21;lähtökohdat;1
1306;41/2022;2022_41_21;romahtivat;1
1306;41/2022;2022_41_21;tässä;2
1306;41/2022;2022_41_21;tilanteessa;1
1306;41/2022;2022_41_21;joudumme;1
1306;41/2022;2022_41_21;myös;1
1306;41/2022;2022_41_21;tarkistamaan;1
1306;41/2022;2022_41_21;omaa;1
1306;41/2022;2022_41_21;arviotamme;1
1306;41/2022;2022_41_21;maailmasta;1
1306;41/2022;2022_41_21;mitkä;1
1306;41/2022;2022_41_21;riskit;1
1306;41/2022;2022_41_21;miten;1
1306;41/2022;2022_41_21;voimme;1
1306;41/2022;2022_41_21;taata;1
1306;41/2022;2022_41_21;turvallisuutemme;1
1306;41/2022;2022_41_21;parhaalla;1
1306;41/2022;2022_41_21;mahdollisella;1
1306;41/2022;2022_41_21;tavalla;1
1306;41/2022;2022_41_21;vuotta;1
1306;41/2022;2022_41_21;sitten;1
1306;41/2022;2022_41_21;venäjä;2
1306;41/2022;2022_41_21;oli;1
1306;41/2022;2022_41_21;mahdollisuuksien;1
1306;41/2022;2022_41_21;maa;2
1306;41/2022;2022_41_21;sitä;1
1306;41/2022;2022_41_21;se;2
1306;41/2022;2022_41_21;ei;1
1306;41/2022;2022_41_21;enää;1
1306;41/2022;2022_41_21;ole;1
1306;41/2022;2022_41_21;on;1
1306;41/2022;2022_41_21;valitettavasti;1
1306;41/2022;2022_41_21;taantuva;1
1306;41/2022;2022_41_21;joka;1
1306;41/2022;2022_41_21;kouristuksenomaisesti;1
1306;41/2022;2022_41_21;tarrautuu;1
1306;41/2022;2022_41_21;aseisiinsa;1
1306;41/2022;2022_41_21;kestää;1
1306;41/2022;2022_41_21;taas;2
1306;41/2022;2022_41_21;vähintään;1
1306;41/2022;2022_41_21;yhden;1
1306;41/2022;2022_41_21;sukupolven;1
1306;41/2022;2022_41_21;ennen;1
1306;41/2022;2022_41_21;kuin;1
1306;41/2022;2022_41_21;muistetaan;1
1306;41/2022;2022_41_21;ensisijaisesti;1
1306;41/2022;2022_41_21;taikovskista;1
1306;41/2022;2022_41_21;repinistä;1
1306;41/2022;2022_41_21;tai;1
1306;41/2022;2022_41_21;ahmatovasta;1
1306;41/2022;2022_41_21;nyt;2
1306;41/2022;2022_41_21;muistamme;4
1306;41/2022;2022_41_21;niiden;1
1306;41/2022;2022_41_21;sijaan;1
1306;41/2022;2022_41_21;butan;1
1306;41/2022;2022_41_21;mariupolin;1
1306;41/2022;2022_41_21;harkovan;1
1306;41/2022;2022_41_21;sotarikokset;1
1306;41/2022;2022_41_21;siviileihin;1
1306;41/2022;2022_41_21;kohdistuvat;1
1306;41/2022;2022_41_21;hyökkäykset;1
1306;41/2022;2022_41_21;raiskaukset;1
1306;41/2022;2022_41_21;joukkohaudat;1
1306;41/2022;2022_41_21;mielettömät;1
1306;41/2022;2022_41_21;julmuudet;1
1306;41/2022;2022_41_21;maailmassa;1
1306;41/2022;2022_41_21;asiat;1
1306;41/2022;2022_41_21;mielessämme;1
1306;41/2022;2022_41_21;käsittelemme;1
1306;41/2022;2022_41_21;tätä;1
1306;41/2022;2022_41_21;selontekoa;1
1306;46/2022;2022_46_103;ärade;1
1306;46/2022;2022_46_103;talman;1
1306;46/2022;2022_46_103;valborg;1
1306;46/2022;2022_46_103;är;2
1306;46/2022;2022_46_103;traditionellt;1
1306;46/2022;2022_46_103;de;1
1306;46/2022;2022_46_103;studerandes;1
1306;46/2022;2022_46_103;fest;1
1306;46/2022;2022_46_103;och;1
1306;46/2022;2022_46_103;som;1
1306;46/2022;2022_46_103;bäst;1
1306;46/2022;2022_46_103;pågår;1
1306;46/2022;2022_46_103;ansökningsrundan;1
1306;46/2022;2022_46_103;till;1
1306;46/2022;2022_46_103;tredje;1
1306;46/2022;2022_46_103;stadiets;1
1306;46/2022;2022_46_103;utbildning;1
1306;46/2022;2022_46_103;men;1
1306;46/2022;2022_46_103;antalet;1
1306;46/2022;2022_46_103;sökande;1
1306;46/2022;2022_46_103;tyvärr;1
1306;46/2022;2022_46_103;mycket;1
1306;46/2022;2022_46_103;lägre;1
1306;46/2022;2022_46_103;än;1
1306;46/2022;2022_46_103;förra;1
1306;46/2022;2022_46_103;året;1
1306;56/2022;2022_56_14;ärade;1
1306;56/2022;2022_56_14;talman;1
1306;56/2022;2022_56_14;arvoisa;2
1306;56/2022;2022_56_14;puhemies;2
1306;56/2022;2022_56_14;suomen;2
1306;56/2022;2022_56_14;tulee;1
1306;56/2022;2022_56_14;aina;1
1306;56/2022;2022_56_14;optimoida;1
1306;56/2022;2022_56_14;turvallisuutensa;1
1306;56/2022;2022_56_14;meidän;1
1306;56/2022;2022_56_14;on;5
1306;56/2022;2022_56_14;tehtävä;1
1306;56/2022;2022_56_14;päätöksiä;1
1306;56/2022;2022_56_14;jotka;1
1306;56/2022;2022_56_14;takaavat;1
1306;56/2022;2022_56_14;sen;1
1306;56/2022;2022_56_14;että;3
1306;56/2022;2022_56_14;voimme;1
1306;56/2022;2022_56_14;myös;1
1306;56/2022;2022_56_14;jatkossa;1
1306;56/2022;2022_56_14;ylpeinä;1
1306;56/2022;2022_56_14;kertoa;1
1306;56/2022;2022_56_14;asuvamme;1
1306;56/2022;2022_56_14;maailman;1
1306;56/2022;2022_56_14;onnellisimmassa;1
1306;56/2022;2022_56_14;ja;7
1306;56/2022;2022_56_14;turvallisimmassa;1
1306;56/2022;2022_56_14;maassa;1
1306;56/2022;2022_56_14;korkeatasoinen;1
1306;56/2022;2022_56_14;demokraattinen;1
1306;56/2022;2022_56_14;koulutuksemme;1
1306;56/2022;2022_56_14;antanut;1
1306;56/2022;2022_56_14;meille;1
1306;56/2022;2022_56_14;edellytykset;1
1306;56/2022;2022_56_14;tehdä;1
1306;56/2022;2022_56_14;yhtenä;1
1306;56/2022;2022_56_14;rintamana;1
1306;56/2022;2022_56_14;vaikeitakin;1
1306;56/2022;2022_56_14;valintoja;1
1306;56/2022;2022_56_14;olemme;1
1306;56/2022;2022_56_14;eläneet;1
1306;56/2022;2022_56_14;toisiamme;1
1306;56/2022;2022_56_14;naapurimaitamme;1
1306;56/2022;2022_56_14;kunnioittaen;1
1306;56/2022;2022_56_14;rauhaan;1
1306;56/2022;2022_56_14;pyrkien;1
1306;56/2022;2022_56_14;onnen;1
1306;56/2022;2022_56_14;ainekset;1
1306;56/2022;2022_56_14;ovat;1
1306;56/2022;2022_56_14;olleet;1
1306;56/2022;2022_56_14;yksinkertaiset;1
1306;56/2022;2022_56_14;mutta;1
1306;56/2022;2022_56_14;niistä;1
1306;56/2022;2022_56_14;ei;1
1306;56/2022;2022_56_14;ole;1
1306;56/2022;2022_56_14;tingitty;1
1306;56/2022;2022_56_14;venäjän;1
1306;56/2022;2022_56_14;brutaali;1
1306;56/2022;2022_56_14;tuomittava;1
1306;56/2022;2022_56_14;hyökkäys;1
1306;56/2022;2022_56_14;ukrainaan;1
1306;56/2022;2022_56_14;johtanut;1
1306;56/2022;2022_56_14;siihen;1
1306;56/2022;2022_56_14;merkittävä;1
1306;56/2022;2022_56_14;enemmistö;1
1306;56/2022;2022_56_14;kansastamme;1
1306;56/2022;2022_56_14;haluaa;1
1306;56/2022;2022_56_14;nähdä;1
1306;56/2022;2022_56_14;tulevaisuudessa;1
1306;56/2022;2022_56_14;naton;1
1306;56/2022;2022_56_14;jäsenenä;1
1306;56/2022;2022_56_14;sodan;1
1306;56/2022;2022_56_14;myötä;1
1306;56/2022;2022_56_14;turvallisuuspoliittinen;1
1306;56/2022;2022_56_14;tilanteemme;1
1306;56/2022;2022_56_14;muuttunut;1
1306;56/2022;2022_56_14;rkp;1
1306;56/2022;2022_56_14;ruotsalainen;1
1306;56/2022;2022_56_14;eduskuntaryhmä;1
1306;56/2022;2022_56_14;tukevat;1
1306;56/2022;2022_56_14;päätöstä;1
1306;56/2022;2022_56_14;hakea;1
1306;56/2022;2022_56_14;jäsenyyttä;1
1306;56/2022;2022_56_14;pohjois-atlantin;1
1306;56/2022;2022_56_14;puolustusliitto;1
1306;56/2022;2022_56_14;natossa;1
1306;56/2022;2022_56_14;haluamme;1
1306;56/2022;2022_56_14;varmistaa;1
1306;56/2022;2022_56_14;suomi;1
1306;56/2022;2022_56_14;jatkossakin;1
1306;56/2022;2022_56_14;menestystarina;1
1306;56/2022;2022_56_14;tarina;1
1306;56/2022;2022_56_14;sisukkaasta;1
1306;56/2022;2022_56_14;oikeudenmukaisesta;1
1306;56/2022;2022_56_14;kansasta;1
1306;83/2022;2022_83_28;ärade;1
1306;83/2022;2022_83_28;talman;1
1306;83/2022;2022_83_28;tämä;6
1306;83/2022;2022_83_28;hallitus;1
1306;83/2022;2022_83_28;vie;1
1306;83/2022;2022_83_28;suomen;3
1306;83/2022;2022_83_28;natoon;1
1306;83/2022;2022_83_28;ja;16
1306;83/2022;2022_83_28;uudistaa;1
1306;83/2022;2022_83_28;nyt;2
1306;83/2022;2022_83_28;niin;3
1306;83/2022;2022_83_28;valmiuslain;1
1306;83/2022;2022_83_28;kun;2
1306;83/2022;2022_83_28;rajavartiolain;1
1306;83/2022;2022_83_28;toimi;1
1306;83/2022;2022_83_28;kankaanniemi;1
1306;83/2022;2022_83_28;jos;2
1306;83/2022;2022_83_28;erdoan;1
1306;83/2022;2022_83_28;suostuu;1
1306;83/2022;2022_83_28;vastuullamme;3
1306;83/2022;2022_83_28;on;26
1306;83/2022;2022_83_28;varautua;1
1306;83/2022;2022_83_28;monenlaiseen;1
1306;83/2022;2022_83_28;uhkaan;1
1306;83/2022;2022_83_28;sen;2
1306;83/2022;2022_83_28;teemme;1
1306;83/2022;2022_83_28;tässä;4
1306;83/2022;2022_83_28;mutta;2
1306;83/2022;2022_83_28;myös;4
1306;83/2022;2022_83_28;ymmärtää;2
1306;83/2022;2022_83_28;mitä;2
1306;83/2022;2022_83_28;puolustamme;3
1306;83/2022;2022_83_28;se;10
1306;83/2022;2022_83_28;että;15
1306;83/2022;2022_83_28;puolustautuessamme;2
1306;83/2022;2022_83_28;emme;1
1306;83/2022;2022_83_28;samaan;3
1306;83/2022;2022_83_28;aikaan;2
1306;83/2022;2022_83_28;vesitä;1
1306;83/2022;2022_83_28;sitä;4
1306;83/2022;2022_83_28;minkä;1
1306;83/2022;2022_83_28;eteen;1
1306;83/2022;2022_83_28;olemme;1
1306;83/2022;2022_83_28;tehneet;1
1306;83/2022;2022_83_28;työtä;1
1306;83/2022;2022_83_28;arvoisa;2
1306;83/2022;2022_83_28;puhemies;2
1306;83/2022;2022_83_28;suomeen;1
1306;83/2022;2022_83_28;kohdistuu;1
1306;83/2022;2022_83_28;uhka;1
1306;83/2022;2022_83_28;yhdestä;1
1306;83/2022;2022_83_28;suunnasta;1
1306;83/2022;2022_83_28;meille;1
1306;83/2022;2022_83_28;kaikille;1
1306;83/2022;2022_83_28;selvä;2
1306;83/2022;2022_83_28;venäjän;1
1306;83/2022;2022_83_28;välillä;1
1306;83/2022;2022_83_28;maailman;1
1306;83/2022;2022_83_28;suurimpia;1
1306;83/2022;2022_83_28;ideologisia;1
1306;83/2022;2022_83_28;rajoja;1
1306;83/2022;2022_83_28;toisella;4
1306;83/2022;2022_83_28;puolella;4
1306;83/2022;2022_83_28;monenväliseen;1
1306;83/2022;2022_83_28;yhteistyöhön;1
1306;83/2022;2022_83_28;uskova;3
1306;83/2022;2022_83_28;valtio;2
1306;83/2022;2022_83_28;oikeusvaltioon;1
1306;83/2022;2022_83_28;suomi;2
1306;83/2022;2022_83_28;venäjä;3
1306;83/2022;2022_83_28;joka;2
1306;83/2022;2022_83_28;askel;1
1306;83/2022;2022_83_28;askeleelta;1
1306;83/2022;2022_83_28;hylkäämässä;1
1306;83/2022;2022_83_28;hetki;1
1306;83/2022;2022_83_28;sitten;1
1306;83/2022;2022_83_28;yhteiseksi;1
1306;83/2022;2022_83_28;määritellyt;1
1306;83/2022;2022_83_28;arvomme;1
1306;83/2022;2022_83_28;periaatteemme;1
1306;83/2022;2022_83_28;kansainvälisiin;1
1306;83/2022;2022_83_28;sopimuksiin;1
1306;83/2022;2022_83_28;niitä;1
1306;83/2022;2022_83_28;tietoisesti;1
1306;83/2022;2022_83_28;murtava;1
1306;83/2022;2022_83_28;murtamiseen;1
1306;83/2022;2022_83_28;pyrkivä;1
1306;83/2022;2022_83_28;meidän;3
1306;83/2022;2022_83_28;tiedostettava;1
1306;83/2022;2022_83_28;eli;1
1306;83/2022;2022_83_28;puolustaudumme;1
1306;83/2022;2022_83_28;tulee;2
1306;83/2022;2022_83_28;ei;6
1306;83/2022;2022_83_28;tule;1
1306;83/2022;2022_83_28;edesauttaa;1
1306;83/2022;2022_83_28;hyökkääjän;1
1306;83/2022;2022_83_28;tavoitteita;1
1306;83/2022;2022_83_28;siksi;4
1306;83/2022;2022_83_28;oleellista;1
1306;83/2022;2022_83_28;sisäistää;2
1306;83/2022;2022_83_28;hallituksen;2
1306;83/2022;2022_83_28;lakiesitys;1
1306;83/2022;2022_83_28;tarkoita;1
1306;83/2022;2022_83_28;etteikö;1
1306;83/2022;2022_83_28;tosiasiallinen;1
1306;83/2022;2022_83_28;oikeus;1
1306;83/2022;2022_83_28;hakea;1
1306;83/2022;2022_83_28;turvapaikkaa;2
1306;83/2022;2022_83_28;aina;3
1306;83/2022;2022_83_28;tilanteessa;2
1306;83/2022;2022_83_28;säily;1
1306;83/2022;2022_83_28;lukee;1
1306;83/2022;2022_83_28;selvästi;1
1306;83/2022;2022_83_28;esityksessä;2
1306;83/2022;2022_83_28;kuin;3
1306;83/2022;2022_83_28;perustuslakivaliokunnan;1
1306;83/2022;2022_83_28;lausunnossa;1
1306;83/2022;2022_83_28;ben;3
1306;83/2022;2022_83_28;zyskowicz;2
1306;83/2022;2022_83_28;no;1
1306;83/2022;2022_83_28;miksi;1
1306;83/2022;2022_83_28;piti;1
1306;83/2022;2022_83_28;lähettää;1
1306;83/2022;2022_83_28;peviin;1
1306;83/2022;2022_83_28;kansainväliset;2
1306;83/2022;2022_83_28;sopimukset;1
1306;83/2022;2022_83_28;jotka;1
1306;83/2022;2022_83_28;sitoivat;1
1306;83/2022;2022_83_28;meitä;3
1306;83/2022;2022_83_28;viime;1
1306;83/2022;2022_83_28;hallituskaudella;1
1306;83/2022;2022_83_28;kuten;5
1306;83/2022;2022_83_28;esimerkiksi;1
1306;83/2022;2022_83_28;petteri;1
1306;83/2022;2022_83_28;orpo;1
1306;83/2022;2022_83_28;usein;1
1306;83/2022;2022_83_28;todennut;1
1306;83/2022;2022_83_28;sitovat;1
1306;83/2022;2022_83_28;tänäänkin;1
1306;83/2022;2022_83_28;eu-tuomioistuimen;1
1306;83/2022;2022_83_28;euroopan;1
1306;83/2022;2022_83_28;ihmisoikeustuomioistuimen;1
1306;83/2022;2022_83_28;päätökset;1
1306;83/2022;2022_83_28;jatkossakin;1
1306;83/2022;2022_83_28;ohjaavat;2
1306;83/2022;2022_83_28;ihan;1
1306;83/2022;2022_83_28;edustaja;1
1306;83/2022;2022_83_28;zyskowiczkin;1
1306;83/2022;2022_83_28;äsken;1
1306;83/2022;2022_83_28;totesi;1
1306;83/2022;2022_83_28;ken;1
1306;83/2022;2022_83_28;hakee;1
1306;83/2022;2022_83_28;saa;1
1306;83/2022;2022_83_28;hakemukselleen;1
1306;83/2022;2022_83_28;asianmukaisen;1
1306;83/2022;2022_83_28;käsittelyn;1
1306;83/2022;2022_83_28;voi;4
1306;83/2022;2022_83_28;kieltäytyä;1
1306;83/2022;2022_83_28;vastaanottamasta;1
1306;83/2022;2022_83_28;turvapaikkahakemusta;1
1306;83/2022;2022_83_28;ole;3
1306;83/2022;2022_83_28;turvallisuusuhka;1
1306;83/2022;2022_83_28;ihmisoikeudet;1
1306;83/2022;2022_83_28;turvallisuus;1
1306;83/2022;2022_83_28;eivät;3
1306;83/2022;2022_83_28;vastakkaisia;1
1306;83/2022;2022_83_28;asioita;1
1306;83/2022;2022_83_28;turvallinen;1
1306;83/2022;2022_83_28;eri;1
1306;83/2022;2022_83_28;asia;1
1306;83/2022;2022_83_28;turvallisuusvaltio;1
1306;83/2022;2022_83_28;huomio;1
1306;83/2022;2022_83_28;keskustelussa;1
1306;83/2022;2022_83_28;rajavartiolaista;1
1306;83/2022;2022_83_28;yllättävästi;1
1306;83/2022;2022_83_28;keskittynyt;1
1306;83/2022;2022_83_28;auki;5
1306;83/2022;2022_83_28;olevien;3
1306;83/2022;2022_83_28;rajapisteiden;3
1306;83/2022;2022_83_28;määrään;1
1306;83/2022;2022_83_28;sikäli;1
1306;83/2022;2022_83_28;erikoista;1
1306;83/2022;2022_83_28;asiantuntijat;1
1306;83/2022;2022_83_28;nostaneet;1
1306;83/2022;2022_83_28;niiden;4
1306;83/2022;2022_83_28;sulkemista;2
1306;83/2022;2022_83_28;varsinkaan;1
1306;83/2022;2022_83_28;kokonaan;1
1306;83/2022;2022_83_28;esille;1
1306;83/2022;2022_83_28;minkäänlaisena;1
1306;83/2022;2022_83_28;ratkaisuna;1
1306;83/2022;2022_83_28;zyskowiczin;1
1306;83/2022;2022_83_28;välihuuto;1
1306;83/2022;2022_83_28;paljon;1
1306;83/2022;2022_83_28;tehokkaampaa;1
1306;83/2022;2022_83_28;pohtia;1
1306;83/2022;2022_83_28;hallintaa;1
1306;83/2022;2022_83_28;hillintää;1
1306;83/2022;2022_83_28;koska;1
1306;83/2022;2022_83_28;hyökkääjä;3
1306;83/2022;2022_83_28;toivo;1
1306;83/2022;2022_83_28;haluaa;1
1306;83/2022;2022_83_28;paniikkia;1
1306;83/2022;2022_83_28;rationaalista;1
1306;83/2022;2022_83_28;pragmatiikkaa;1
1306;83/2022;2022_83_28;epäloogista;1
1306;83/2022;2022_83_28;suorastaan;1
1306;83/2022;2022_83_28;naiivia;1
1306;83/2022;2022_83_28;ajatella;1
1306;83/2022;2022_83_28;määrä;1
1306;83/2022;2022_83_28;olisi;1
1306;83/2022;2022_83_28;ratkaisevaa;1
1306;83/2022;2022_83_28;toisaalta;1
1306;83/2022;2022_83_28;puhutaan;1
1306;83/2022;2022_83_28;siitä;1
1306;83/2022;2022_83_28;vyöryttää;1
1306;83/2022;2022_83_28;satojatuhansia;1
1306;83/2022;2022_83_28;ihmisiä;1
1306;83/2022;2022_83_28;kohti;1
1306;83/2022;2022_83_28;rajaa;1
1306;83/2022;2022_83_28;samalla;1
1306;83/2022;2022_83_28;oletetaan;1
1306;83/2022;2022_83_28;menisi;1
1306;83/2022;2022_83_28;rajavartiolaitoksen;1
1306;83/2022;2022_83_28;verkkosivuille;1
1306;83/2022;2022_83_28;katsoisi;1
1306;83/2022;2022_83_28;mitkä;2
1306;83/2022;2022_83_28;rajapisteet;1
1306;83/2022;2022_83_28;ovat;3
1306;83/2022;2022_83_28;toimistoajat;1
1306;83/2022;2022_83_28;ketkäköhän;1
1306;83/2022;2022_83_28;olettaa;1
1306;83/2022;2022_83_28;näin;5
1306;83/2022;2022_83_28;nämä;1
1306;83/2022;2022_83_28;kaksi;1
1306;83/2022;2022_83_28;skenaariota;1
1306;83/2022;2022_83_28;mahdu;1
1306;83/2022;2022_83_28;todellisuuteen;1
1306;83/2022;2022_83_28;mielestäni;1
1306;83/2022;2022_83_28;jopa;1
1306;83/2022;2022_83_28;sanoa;1
1306;83/2022;2022_83_28;ellei;1
1306;83/2022;2022_83_28;mitään;1
1306;83/2022;2022_83_28;fyysisiä;1
1306;83/2022;2022_83_28;rajapisteitä;1
1306;83/2022;2022_83_28;pidetä;1
1306;83/2022;2022_83_28;varmistetaan;1
1306;83/2022;2022_83_28;rajalle;1
1306;83/2022;2022_83_28;pakotetut;1
1306;83/2022;2022_83_28;suuremmalla;1
1306;83/2022;2022_83_28;todennäköisyydellä;1
1306;83/2022;2022_83_28;pyrkivät;1
1306;83/2022;2022_83_28;puolelle;1
1306;83/2022;2022_83_28;sieltä;1
1306;83/2022;2022_83_28;mistä;1
1306;83/2022;2022_83_28;pääsevät;1
1306;83/2022;2022_83_28;vaikuttaminen;1
1306;83/2022;2022_83_28;keskittyy;1
1306;83/2022;2022_83_28;laajemmalle;1
1306;83/2022;2022_83_28;vyöhykkeelle;1
1306;83/2022;2022_83_28;vaikeampi;1
1306;83/2022;2022_83_28;torjua;1
1306;83/2022;2022_83_28;vaikuttamista;1
1306;83/2022;2022_83_28;tulisi;1
1306;83/2022;2022_83_28;asiantuntijakuulemisessa;1
1306;83/2022;2022_83_28;kävi;1
1306;83/2022;2022_83_28;ilmi;1
1306;83/2022;2022_83_28;saada;1
1306;83/2022;2022_83_28;jonoon;1
1306;83/2022;2022_83_28;eikä;1
1306;83/2022;2022_83_28;riviin;1
1306;83/2022;2022_83_28;määrää;1
1306;83/2022;2022_83_28;esityksen;2
1306;83/2022;2022_83_28;mukaan;1
1306;83/2022;2022_83_28;vähentää;1
1306;83/2022;2022_83_28;jotta;1
1306;83/2022;2022_83_28;prosessin;1
1306;83/2022;2022_83_28;sujuvuus;1
1306;83/2022;2022_83_28;voidaan;1
1306;83/2022;2022_83_28;varmistaa;1
1306;83/2022;2022_83_28;siihen;1
1306;83/2022;2022_83_28;esitys;1
1306;83/2022;2022_83_28;auttaa;1
1306;83/2022;2022_83_28;annetaan;1
1306;83/2022;2022_83_28;lisävaltuuksia;1
1306;83/2022;2022_83_28;rajavartiolaitokselle;1
1306;83/2022;2022_83_28;toimia;1
1306;83/2022;2022_83_28;hallintovaliokunnan;1
1306;83/2022;2022_83_28;tekemä;1
1306;83/2022;2022_83_28;pykälämuutos;1
1306;83/2022;2022_83_28;asettaa;1
1306;83/2022;2022_83_28;osin;1
1306;83/2022;2022_83_28;rajavartiohenkilön;1
1306;83/2022;2022_83_28;hyvin;1
1306;83/2022;2022_83_28;vaikeaan;1
1306;83/2022;2022_83_28;asemaan;1
1306;83/2022;2022_83_28;mahdotonta;1
1306;83/2022;2022_83_28;maastossa;1
1306;83/2022;2022_83_28;hetkessä;1
1306;83/2022;2022_83_28;arvioida;1
1306;83/2022;2022_83_28;kuka;1
1306;83/2022;2022_83_28;haavoittuvaisessa;1
1306;83/2022;2022_83_28;asemassa;1
1306;83/2022;2022_83_28;tarkoittaa;1
1306;83/2022;2022_83_28;loppuosa;1
1306;83/2022;2022_83_28;vallitseva;1
1306;83/2022;2022_83_28;oikeuskäytäntökin;1
1306;83/2022;2022_83_28;äskeiset;1
1306;83/2022;2022_83_28;tuomioistuinpäätökset;1
1306;83/2022;2022_83_28;hakemus;1
1306;83/2022;2022_83_28;käsiteltävä;1
1306;83/2022;2022_83_28;esityskokonaisuus;1
1306;83/2022;2022_83_28;johon;1
1306;83/2022;2022_83_28;sisältyy;1
1306;83/2022;2022_83_28;valmiuslaki;2
1306;83/2022;2022_83_28;antaa;1
1306;83/2022;2022_83_28;enemmän;1
1306;83/2022;2022_83_28;valtaa;1
1306;83/2022;2022_83_28;hallitukselle;1
1306;83/2022;2022_83_28;tärkeää;1
1306;83/2022;2022_83_28;kaikki;2
1306;83/2022;2022_83_28;ymmärrämme;1
1306;83/2022;2022_83_28;valtuutemme;1
1306;83/2022;2022_83_28;rajoituksetkin;1
1306;83/2022;2022_83_28;sisäistämme;1
1306;83/2022;2022_83_28;oikeusvaltiota;1
1306;83/2022;2022_83_28;sekä;1
1306;83/2022;2022_83_28;rajavartiolaki;1
1306;83/2022;2022_83_28;tarpeellisia;1
1306;83/2022;2022_83_28;kokonaisuuksia;1
1306;83/2022;2022_83_28;joiden;1
1306;83/2022;2022_83_28;soveltamista;1
1306;83/2022;2022_83_28;sitoumuksemme;1
1306;83/2022;2022_83_28;oli;1
1306;83/2022;2022_83_28;eilen;1
1306;83/2022;2022_83_28;tänään;1
1306;83/2022;2022_83_28;huomennakin;1
1306;95/2022;2022_95_123;ärade;1
1306;95/2022;2022_95_123;talman;1
1306;95/2022;2022_95_123;maahanmuutto;2
1306;95/2022;2022_95_123;suurin;5
1306;95/2022;2022_95_123;osa;6
1306;95/2022;2022_95_123;maahanmuutosta;1
1306;95/2022;2022_95_123;on;20
1306;95/2022;2022_95_123;työperäistä;2
1306;95/2022;2022_95_123;maahanmuuttoa;3
1306;95/2022;2022_95_123;naurua;1
1306;95/2022;2022_95_123;perussuomalaisten;2
1306;95/2022;2022_95_123;ryhmästä;2
1306;95/2022;2022_95_123;jota;1
1306;95/2022;2022_95_123;me;3
1306;95/2022;2022_95_123;tarvitsemme;1
1306;95/2022;2022_95_123;humanitäärinen;1
1306;95/2022;2022_95_123;ollut;1
1306;95/2022;2022_95_123;itse;1
1306;95/2022;2022_95_123;asiassa;1
1306;95/2022;2022_95_123;pienenemään;1
1306;95/2022;2022_95_123;päin;1
1306;95/2022;2022_95_123;tähän;2
1306;95/2022;2022_95_123;vuoteen;1
1306;95/2022;2022_95_123;asti;1
1306;95/2022;2022_95_123;ja;2
1306;95/2022;2022_95_123;silloin;1
1306;95/2022;2022_95_123;onkin;1
1306;95/2022;2022_95_123;kysymys;1
1306;95/2022;2022_95_123;se;12
1306;95/2022;2022_95_123;onko;1
1306;95/2022;2022_95_123;niin;4
1306;95/2022;2022_95_123;että;15
1306;95/2022;2022_95_123;perussuomalaiset;1
1306;95/2022;2022_95_123;vastustavat;1
1306;95/2022;2022_95_123;sitä;6
1306;95/2022;2022_95_123;otamme;1
1306;95/2022;2022_95_123;vastaan;1
1306;95/2022;2022_95_123;ukrainalaisia;1
1306;95/2022;2022_95_123;pakolaisia;1
1306;95/2022;2022_95_123;välihuutoja;1
1306;95/2022;2022_95_123;mauri;1
1306;95/2022;2022_95_123;peltokangas;1
1306;95/2022;2022_95_123;tämä;7
1306;95/2022;2022_95_123;törkeää;1
1306;95/2022;2022_95_123;sitäkö;1
1306;95/2022;2022_95_123;te;1
1306;95/2022;2022_95_123;vastustatte;1
1306;95/2022;2022_95_123;koska;1
1306;95/2022;2022_95_123;lisäys;2
1306;95/2022;2022_95_123;hälinää;1
1306;95/2022;2022_95_123;puhemies;1
1306;95/2022;2022_95_123;koputtaa;1
1306;95/2022;2022_95_123;leena;1
1306;95/2022;2022_95_123;meri;1
1306;95/2022;2022_95_123;ovatko;1
1306;95/2022;2022_95_123;ne;1
1306;95/2022;2022_95_123;laittomasti;1
1306;95/2022;2022_95_123;maassa;1
1306;95/2022;2022_95_123;toinen;1
1306;95/2022;2022_95_123;varapuhemies;1
1306;95/2022;2022_95_123;juho;1
1306;95/2022;2022_95_123;eerola;1
1306;95/2022;2022_95_123;edustaja;2
1306;95/2022;2022_95_123;adlercreutzilla;1
1306;95/2022;2022_95_123;puheenvuoro;1
1306;95/2022;2022_95_123;kun;3
1306;95/2022;2022_95_123;puhutaan;1
1306;95/2022;2022_95_123;hoiva-alasta;1
1306;95/2022;2022_95_123;totta;2
1306;95/2022;2022_95_123;alan;1
1306;95/2022;2022_95_123;houkuttelevuus;1
1306;95/2022;2022_95_123;heikko;1
1306;95/2022;2022_95_123;liittyy;5
1306;95/2022;2022_95_123;johtamiseen;1
1306;95/2022;2022_95_123;resurssipulaan;1
1306;95/2022;2022_95_123;työn;1
1306;95/2022;2022_95_123;luonteeseen;1
1306;95/2022;2022_95_123;ihan;1
1306;95/2022;2022_95_123;kuin;1
1306;95/2022;2022_95_123;rantanen;1
1306;95/2022;2022_95_123;tuossa;1
1306;95/2022;2022_95_123;otti;1
1306;95/2022;2022_95_123;esille;1
1306;95/2022;2022_95_123;myöskin;4
1306;95/2022;2022_95_123;palkkatasoon;1
1306;95/2022;2022_95_123;voi;2
1306;95/2022;2022_95_123;perustellusti;1
1306;95/2022;2022_95_123;kysyä;1
1306;95/2022;2022_95_123;auttaako;2
1306;95/2022;2022_95_123;laki;1
1306;95/2022;2022_95_123;sen;2
1306;95/2022;2022_95_123;houkuttelevuutta;2
1306;95/2022;2022_95_123;keskustelu;1
1306;95/2022;2022_95_123;tuskin;1
1306;95/2022;2022_95_123;auttaa;1
1306;95/2022;2022_95_123;mutta;3
1306;95/2022;2022_95_123;meillä;1
1306;95/2022;2022_95_123;ei;3
1306;95/2022;2022_95_123;tässä;3
1306;95/2022;2022_95_123;tilanteessa;2
1306;95/2022;2022_95_123;ole;1
1306;95/2022;2022_95_123;vaihtoehtoja;1
1306;95/2022;2022_95_123;sekin;1
1306;95/2022;2022_95_123;tosiasia;1
1306;95/2022;2022_95_123;meistä;2
1306;95/2022;2022_95_123;varmaan;2
1306;95/2022;2022_95_123;kokee;2
1306;95/2022;2022_95_123;hoitajat;1
1306;95/2022;2022_95_123;ansaitsevat;2
1306;95/2022;2022_95_123;lisää;1
1306;95/2022;2022_95_123;palkkaa;1
1306;95/2022;2022_95_123;ala-asteen;1
1306;95/2022;2022_95_123;opettajat;1
1306;95/2022;2022_95_123;varhaiskasvatuksen;1
1306;95/2022;2022_95_123;henkilökunta;1
1306;95/2022;2022_95_123;ansaitsee;1
1306;95/2022;2022_95_123;varmasti;1
1306;95/2022;2022_95_123;mieltä;1
1306;95/2022;2022_95_123;iso;1
1306;95/2022;2022_95_123;naisvaltaisista;1
1306;95/2022;2022_95_123;aloista;1
1306;95/2022;2022_95_123;tietynlaisessa;1
1306;95/2022;2022_95_123;palkkakuopassa;1
1306;95/2022;2022_95_123;tiedämme;2
1306;95/2022;2022_95_123;emme;2
1306;95/2022;2022_95_123;niistä;2
1306;95/2022;2022_95_123;asioista;1
1306;95/2022;2022_95_123;palkoista;1
1306;95/2022;2022_95_123;päätä;1
1306;95/2022;2022_95_123;täällä;1
1306;95/2022;2022_95_123;vaan;1
1306;95/2022;2022_95_123;päätetään;1
1306;95/2022;2022_95_123;työmarkkinapöydissä;1
1306;95/2022;2022_95_123;viimeisellä;1
1306;95/2022;2022_95_123;kerralla;1
1306;95/2022;2022_95_123;tästä;1
1306;95/2022;2022_95_123;tuli;1
1306;95/2022;2022_95_123;vaalikeskustelu;1
1306;95/2022;2022_95_123;tulokset;1
1306;95/2022;2022_95_123;eivät;1
1306;95/2022;2022_95_123;olleet;1
1306;95/2022;2022_95_123;kovin;1
1306;95/2022;2022_95_123;onnistuneet;1
1306;95/2022;2022_95_123;nyt;2
1306;95/2022;2022_95_123;punnitaan;1
1306;95/2022;2022_95_123;tai;1
1306;95/2022;2022_95_123;sanotaan;1
1306;95/2022;2022_95_123;meidän;2
1306;95/2022;2022_95_123;ensisijainen;1
1306;95/2022;2022_95_123;vastuu;3
1306;95/2022;2022_95_123;vaikka;1
1306;95/2022;2022_95_123;kaikki;1
1306;95/2022;2022_95_123;ymmärrämme;1
1306;95/2022;2022_95_123;lakiesitykseen;1
1306;95/2022;2022_95_123;ongelmallisuuksia;1
1306;95/2022;2022_95_123;potilasturvallisuus;1
1306;95/2022;2022_95_123;joka;3
1306;95/2022;2022_95_123;kuuluu;1
1306;95/2022;2022_95_123;eduskunnalle;1
1306;95/2022;2022_95_123;vie;1
1306;95/2022;2022_95_123;meidät;1
1306;95/2022;2022_95_123;siihen;1
1306;95/2022;2022_95_123;tämäkin;1
1306;95/2022;2022_95_123;lakiesitys;2
1306;95/2022;2022_95_123;hyväksyttävä;2
1306;95/2022;2022_95_123;sitten;1
1306;95/2022;2022_95_123;pitää;2
1306;95/2022;2022_95_123;tunnistaa;1
1306;95/2022;2022_95_123;ratkaise;1
1306;95/2022;2022_95_123;hoiva-alan;1
1306;95/2022;2022_95_123;ongelmia;1
1306;95/2022;2022_95_123;niiltä;1
1306;95/2022;2022_95_123;ummistaa;1
1306;95/2022;2022_95_123;silmiämme;1
1306;95/2022;2022_95_123;niihin;1
1306;95/2022;2022_95_123;tartuttava;1
1306;95/2022;2022_95_123;isot;1
1306;95/2022;2022_95_123;asiat;1
1306;95/2022;2022_95_123;kyseessä;1
1306;95/2022;2022_95_123;siinä;1
1306;95/2022;2022_95_123;terveydenhoitosektori;1
1306;95/2022;2022_95_123;kestä;1
1306;95/2022;2022_95_123;rasitusta;1
1306;95/2022;2022_95_123;sille;1
1306;95/2022;2022_95_123;asetetaan;1
1306;95/2022;2022_95_123;moni;1
1306;95/2022;2022_95_123;muukin;1
1306;95/2022;2022_95_123;asia;1
1306;95/2022;2022_95_123;heikoissa;1
1306;95/2022;2022_95_123;kantimissa;1
1306;95/2022;2022_95_123;siihenkin;1
1306;95/2022;2022_95_123;keskusteluun;1
1306;95/2022;2022_95_123;päästä;1
1306;95/2022;2022_95_123;ensin;1
1306;95/2022;2022_95_123;kiitos;1
1306;96/2022;2022_96_14;ärade;1
1306;96/2022;2022_96_14;talman;1
1306;96/2022;2022_96_14;för;2
1306;96/2022;2022_96_14;ett;1
1306;96/2022;2022_96_14;år;1
1306;96/2022;2022_96_14;sedan;1
1306;96/2022;2022_96_14;stod;1
1306;96/2022;2022_96_14;jag;1
1306;96/2022;2022_96_14;denna;1
1306;96/2022;2022_96_14;talarstol;1
1306;96/2022;2022_96_14;och;1
1306;96/2022;2022_96_14;började;1
1306;96/2022;2022_96_14;mitt;1
1306;96/2022;2022_96_14;tal;1
1306;96/2022;2022_96_14;så;1
1306;96/2022;2022_96_14;här;1
1306;96/2022;2022_96_14;vi;2
1306;96/2022;2022_96_14;lever;1
1306;96/2022;2022_96_14;en;2
1306;96/2022;2022_96_14;tid;1
1306;96/2022;2022_96_14;av;1
1306;96/2022;2022_96_14;snabb;1
1306;96/2022;2022_96_14;ekonomisk;1
1306;96/2022;2022_96_14;tillväxt;1
1306;96/2022;2022_96_14;trots;1
1306;96/2022;2022_96_14;att;3
1306;96/2022;2022_96_14;varit;1
1306;96/2022;2022_96_14;tvungna;1
1306;96/2022;2022_96_14;med;1
1306;96/2022;2022_96_14;hårda;1
1306;96/2022;2022_96_14;restriktioner;1
1306;96/2022;2022_96_14;begränsa;1
1306;96/2022;2022_96_14;många;1
1306;96/2022;2022_96_14;näringars;1
1306;96/2022;2022_96_14;verksamhet;1
1306;96/2022;2022_96_14;rädda;1
1306;96/2022;2022_96_14;liv;1
1306;96/2022;2022_96_14;verkar;1
1306;96/2022;2022_96_14;de;1
1306;96/2022;2022_96_14;flesta;1
1306;96/2022;2022_96_14;kunnat;1
1306;96/2022;2022_96_14;återgå;1
1306;96/2022;2022_96_14;till;1
1306;96/2022;2022_96_14;relativt;1
1306;96/2022;2022_96_14;normal;1
1306;96/2022;2022_96_14;vardag;1
1306;104/2022;2022_104_122;ärade;1
1306;104/2022;2022_104_122;talman;1
1306;104/2022;2022_104_122;arvoisa;8
1306;104/2022;2022_104_122;puhemies;10
1306;104/2022;2022_104_122;hälinää;1
1306;104/2022;2022_104_122;koputtaa;2
1306;104/2022;2022_104_122;kun;1
1306;104/2022;2022_104_122;venäjä;4
1306;104/2022;2022_104_122;laittoman;1
1306;104/2022;2022_104_122;kansanäänestyksen;1
1306;104/2022;2022_104_122;ja;15
1306;104/2022;2022_104_122;hyökkäyssodan;1
1306;104/2022;2022_104_122;seurauksena;1
1306;104/2022;2022_104_122;viime;1
1306;104/2022;2022_104_122;viikolla;1
1306;104/2022;2022_104_122;liitti;1
1306;104/2022;2022_104_122;itseensä;1
1306;104/2022;2022_104_122;neljä;1
1306;104/2022;2022_104_122;ukrainalaista;1
1306;104/2022;2022_104_122;aluetta;1
1306;104/2022;2022_104_122;putinin;7
1306;104/2022;2022_104_122;puheeseen;1
1306;104/2022;2022_104_122;kuului;1
1306;104/2022;2022_104_122;tavan;1
1306;104/2022;2022_104_122;mukaisesti;1
1306;104/2022;2022_104_122;iso;1
1306;104/2022;2022_104_122;osa;1
1306;104/2022;2022_104_122;perinteistä;1
1306;104/2022;2022_104_122;venäläistä;1
1306;104/2022;2022_104_122;disinformaatiota;1
1306;104/2022;2022_104_122;nato;1
1306;104/2022;2022_104_122;on;21
1306;104/2022;2022_104_122;sodassa;1
1306;104/2022;2022_104_122;venäjän;3
1306;104/2022;2022_104_122;kanssa;5
1306;104/2022;2022_104_122;eurooppalaiset;1
1306;104/2022;2022_104_122;haluavat;1
1306;104/2022;2022_104_122;muuttaa;1
1306;104/2022;2022_104_122;lapsiemme;1
1306;104/2022;2022_104_122;sukupuolet;1
1306;104/2022;2022_104_122;perinteiset;1
1306;104/2022;2022_104_122;perhearvot;1
1306;104/2022;2022_104_122;ovat;1
1306;104/2022;2022_104_122;uhattuina;1
1306;104/2022;2022_104_122;niin;2
1306;104/2022;2022_104_122;edelleen;1
1306;104/2022;2022_104_122;tämä;2
1306;104/2022;2022_104_122;tuttua;1
1306;104/2022;2022_104_122;tarinaa;1
1306;104/2022;2022_104_122;käyttää;2
1306;104/2022;2022_104_122;näitä;3
1306;104/2022;2022_104_122;tarinoita;1
1306;104/2022;2022_104_122;euroopan;2
1306;104/2022;2022_104_122;yhtenäisyyden;2
1306;104/2022;2022_104_122;länsimaiden;1
1306;104/2022;2022_104_122;hajottamiseksi;1
1306;104/2022;2022_104_122;samasta;1
1306;104/2022;2022_104_122;syystä;1
1306;104/2022;2022_104_122;energiaa;2
1306;104/2022;2022_104_122;aseenaan;2
1306;104/2022;2022_104_122;putin;2
1306;104/2022;2022_104_122;huomannut;1
1306;104/2022;2022_104_122;että;9
1306;104/2022;2022_104_122;energia;3
1306;104/2022;2022_104_122;jakaa;1
1306;104/2022;2022_104_122;eurooppaa;1
1306;104/2022;2022_104_122;hän;1
1306;104/2022;2022_104_122;toistaa;3
1306;104/2022;2022_104_122;mielellään;1
1306;104/2022;2022_104_122;samaa;2
1306;104/2022;2022_104_122;narratiivia;1
1306;104/2022;2022_104_122;samalla;1
1306;104/2022;2022_104_122;vääristäen;1
1306;104/2022;2022_104_122;todellisuutta;1
1306;104/2022;2022_104_122;mukaan;4
1306;104/2022;2022_104_122;ei;16
1306;104/2022;2022_104_122;käytä;1
1306;104/2022;2022_104_122;ukraina;2
1306;104/2022;2022_104_122;vastuussa;1
1306;104/2022;2022_104_122;butan;1
1306;104/2022;2022_104_122;joukkomurhasta;1
1306;104/2022;2022_104_122;ampuu;1
1306;104/2022;2022_104_122;omia;1
1306;104/2022;2022_104_122;voimaloitaan;1
1306;104/2022;2022_104_122;energiakriisin;1
1306;104/2022;2022_104_122;syynä;1
1306;104/2022;2022_104_122;eivät;2
1306;104/2022;2022_104_122;suinkaan;1
1306;104/2022;2022_104_122;ole;4
1306;104/2022;2022_104_122;toimet;1
1306;104/2022;2022_104_122;niiden;1
1306;104/2022;2022_104_122;seuraukset;1
1306;104/2022;2022_104_122;vaan;3
1306;104/2022;2022_104_122;halu;1
1306;104/2022;2022_104_122;siirtyä;1
1306;104/2022;2022_104_122;pois;1
1306;104/2022;2022_104_122;niistä;2
1306;104/2022;2022_104_122;polttoaineista;1
1306;104/2022;2022_104_122;joiden;2
1306;104/2022;2022_104_122;varassa;1
1306;104/2022;2022_104_122;talous;1
1306;104/2022;2022_104_122;sodan;1
1306;104/2022;2022_104_122;rahoitus;1
1306;104/2022;2022_104_122;makaavat;1
1306;104/2022;2022_104_122;vika;1
1306;104/2022;2022_104_122;vihreässä;2
1306;104/2022;2022_104_122;siirtymässä;2
1306;104/2022;2022_104_122;tähän;1
1306;104/2022;2022_104_122;lankaan;1
1306;104/2022;2022_104_122;pidä;5
1306;104/2022;2022_104_122;mennä;1
1306;104/2022;2022_104_122;meidän;2
1306;104/2022;2022_104_122;satuja;1
1306;104/2022;2022_104_122;toimia;1
1306;104/2022;2022_104_122;itse;1
1306;104/2022;2022_104_122;johdonmukaisesti;1
1306;104/2022;2022_104_122;itsenäisesti;1
1306;104/2022;2022_104_122;pitää;1
1306;104/2022;2022_104_122;kuten;1
1306;104/2022;2022_104_122;edustaja;1
1306;104/2022;2022_104_122;halla-ahokin;1
1306;104/2022;2022_104_122;ihan;1
1306;104/2022;2022_104_122;oikein;1
1306;104/2022;2022_104_122;todennut;1
1306;104/2022;2022_104_122;vauhdittaa;1
1306;104/2022;2022_104_122;vihreää;1
1306;104/2022;2022_104_122;siirtymää;1
1306;104/2022;2022_104_122;koska;1
1306;104/2022;2022_104_122;syy;3
1306;104/2022;2022_104_122;energiakriisiin;2
1306;104/2022;2022_104_122;sen;1
1306;104/2022;2022_104_122;puutteessa;1
1306;104/2022;2022_104_122;se;7
1306;104/2022;2022_104_122;riippuvuutta;1
1306;104/2022;2022_104_122;fossiilisista;1
1306;104/2022;2022_104_122;energianlähteistä;2
1306;104/2022;2022_104_122;vähennetty;1
1306;104/2022;2022_104_122;kuin;1
1306;104/2022;2022_104_122;tulisi;2
1306;104/2022;2022_104_122;siinä;2
1306;104/2022;2022_104_122;ydinvoima;1
1306;104/2022;2022_104_122;ajettu;1
1306;104/2022;2022_104_122;alas;1
1306;104/2022;2022_104_122;saksassa;1
1306;104/2022;2022_104_122;vihreän;1
1306;104/2022;2022_104_122;siirtymän;1
1306;104/2022;2022_104_122;perusajatuksen;1
1306;104/2022;2022_104_122;vastaisesti;1
1306;104/2022;2022_104_122;isossa;1
1306;104/2022;2022_104_122;kuvassa;1
1306;104/2022;2022_104_122;ongelman;1
1306;104/2022;2022_104_122;ydin;1
1306;104/2022;2022_104_122;kysyntä;1
1306;104/2022;2022_104_122;tarjonta;1
1306;104/2022;2022_104_122;kohtaa;1
1306;104/2022;2022_104_122;meillä;2
1306;104/2022;2022_104_122;kysyntään;1
1306;104/2022;2022_104_122;nähden;1
1306;104/2022;2022_104_122;tarpeeksi;1
1306;104/2022;2022_104_122;edullista;1
1306;104/2022;2022_104_122;tuotantokapasiteettia;1
1306;104/2022;2022_104_122;ratkaisu;1
1306;104/2022;2022_104_122;löydy;1
1306;104/2022;2022_104_122;joita;1
1306;104/2022;2022_104_122;kutsuu;1
1306;104/2022;2022_104_122;oikeiksi;1
1306;104/2022;2022_104_122;suomessa;1
1306;104/2022;2022_104_122;olkiluoto;1
1306;104/2022;2022_104_122;kolmonen;1
1306;104/2022;2022_104_122;tekee;1
1306;104/2022;2022_104_122;jo;2
1306;104/2022;2022_104_122;sähköä;1
1306;104/2022;2022_104_122;täydellä;1
1306;104/2022;2022_104_122;teholla;1
1306;104/2022;2022_104_122;mutta;2
1306;104/2022;2022_104_122;me;1
1306;104/2022;2022_104_122;tarvitsemme;7
1306;104/2022;2022_104_122;lisää;3
1306;104/2022;2022_104_122;loviisan;1
1306;104/2022;2022_104_122;voimaloiden;1
1306;104/2022;2022_104_122;lupaa;2
1306;104/2022;2022_104_122;tulee;2
1306;104/2022;2022_104_122;jatkaa;1
1306;104/2022;2022_104_122;toivon;1
1306;104/2022;2022_104_122;fortum;2
1306;104/2022;2022_104_122;hakisi;1
1306;104/2022;2022_104_122;voimalan;1
1306;104/2022;2022_104_122;laajentamiseen;1
1306;104/2022;2022_104_122;ydinvoiman;1
1306;104/2022;2022_104_122;tuotanto;1
1306;104/2022;2022_104_122;järkevää;1
1306;104/2022;2022_104_122;keskittää;1
1306;104/2022;2022_104_122;olemassa;1
1306;104/2022;2022_104_122;oleviin;1
1306;104/2022;2022_104_122;paikkoihin;1
1306;104/2022;2022_104_122;tuulivoimaa;1
1306;104/2022;2022_104_122;myös;5
1306;104/2022;2022_104_122;energian;1
1306;104/2022;2022_104_122;varastointiratkaisuja;1
1306;104/2022;2022_104_122;hallitus;1
1306;104/2022;2022_104_122;lainsäädännön;1
1306;104/2022;2022_104_122;kautta;1
1306;104/2022;2022_104_122;monin;1
1306;104/2022;2022_104_122;eri;1
1306;104/2022;2022_104_122;keinoin;1
1306;104/2022;2022_104_122;edistänyt;1
1306;104/2022;2022_104_122;pyrkimyksiä;1
1306;104/2022;2022_104_122;vetytuotantoa;1
1306;104/2022;2022_104_122;sähkön;2
1306;104/2022;2022_104_122;varastoimiseksi;1
1306;104/2022;2022_104_122;pumppuvoimaloita;1
1306;104/2022;2022_104_122;lämpövarastoja;1
1306;104/2022;2022_104_122;parempia;1
1306;104/2022;2022_104_122;siirtoyhteyksiä;1
1306;104/2022;2022_104_122;pohjanlahden;1
1306;104/2022;2022_104_122;yli;1
1306;104/2022;2022_104_122;ruotsiin;1
1306;104/2022;2022_104_122;vähemmän;1
1306;104/2022;2022_104_122;siirron;1
1306;104/2022;2022_104_122;esteitä;2
1306;104/2022;2022_104_122;markkina;1
1306;104/2022;2022_104_122;jossa;1
1306;104/2022;2022_104_122;liikkuu;1
1306;104/2022;2022_104_122;vapaasti;1
1306;104/2022;2022_104_122;toimii;1
1306;104/2022;2022_104_122;tehokkaasti;1
1306;104/2022;2022_104_122;tehokkaalla;1
1306;104/2022;2022_104_122;markkinalla;1
1306;104/2022;2022_104_122;hinnanmuodostus;1
1306;104/2022;2022_104_122;kuluttajan;1
1306;104/2022;2022_104_122;näkökulmasta;1
1306;104/2022;2022_104_122;paras;1
1306;104/2022;2022_104_122;mahdollinen;1
1306;104/2022;2022_104_122;siksi;4
1306;104/2022;2022_104_122;suhtauduttava;1
1306;104/2022;2022_104_122;suurella;1
1306;104/2022;2022_104_122;varovaisuudella;1
1306;104/2022;2022_104_122;keinotekoisiin;1
1306;104/2022;2022_104_122;rajoituksiin;1
1306;104/2022;2022_104_122;rajoittaa;1
1306;104/2022;2022_104_122;vientiä;1
1306;104/2022;2022_104_122;maasta;1
1306;104/2022;2022_104_122;toiseen;1
1306;104/2022;2022_104_122;erilaiset;1
1306;104/2022;2022_104_122;hintakattomekanismit;1
1306;104/2022;2022_104_122;helposti;2
1306;104/2022;2022_104_122;osuvat;1
1306;104/2022;2022_104_122;omaan;2
1306;104/2022;2022_104_122;nilkkaan;2
1306;104/2022;2022_104_122;jos;1
1306;104/2022;2022_104_122;suomen;1
1306;104/2022;2022_104_122;sähkömarkkinoilla;1
1306;104/2022;2022_104_122;olisi;2
1306;104/2022;2022_104_122;ollut;1
1306;104/2022;2022_104_122;uniperin;2
1306;104/2022;2022_104_122;jälleenmyyntihintaan;1
1306;104/2022;2022_104_122;kohdistuvien;1
1306;104/2022;2022_104_122;rajoitusten;1
1306;104/2022;2022_104_122;tapaisia;1
1306;104/2022;2022_104_122;mekanismeja;2
1306;104/2022;2022_104_122;tällä;1
1306;104/2022;2022_104_122;hetkellä;1
1306;104/2022;2022_104_122;kymmeniä;1
1306;104/2022;2022_104_122;pieniä;1
1306;104/2022;2022_104_122;konkurssiin;1
1306;104/2022;2022_104_122;menneitä;1
1306;104/2022;2022_104_122;sähköyhtiöitä;1
1306;104/2022;2022_104_122;tarkoita;1
1306;104/2022;2022_104_122;etteikö;1
1306;104/2022;2022_104_122;markkinoiden;1
1306;104/2022;2022_104_122;kehittää;1
1306;104/2022;2022_104_122;kaasu;1
1306;104/2022;2022_104_122;tässä;1
1306;104/2022;2022_104_122;häirikkö;1
1306;104/2022;2022_104_122;hyvä;1
1306;104/2022;2022_104_122;kaasun;1
1306;104/2022;2022_104_122;irrottamista;1
1306;104/2022;2022_104_122;hintaa;1
1306;104/2022;2022_104_122;muodostavasta;1
1306;104/2022;2022_104_122;mekanismista;1
1306;104/2022;2022_104_122;nyt;1
1306;104/2022;2022_104_122;pohditaan;1
1306;104/2022;2022_104_122;oleellista;2
1306;104/2022;2022_104_122;luodaan;1
1306;104/2022;2022_104_122;edellytyksiä;1
1306;104/2022;2022_104_122;investoinneille;1
1306;104/2022;2022_104_122;edellyttää;1
1306;104/2022;2022_104_122;johdonmukaisuutta;1
1306;104/2022;2022_104_122;ennakoitavaa;1
1306;104/2022;2022_104_122;investointiympäristöä;1
1306;104/2022;2022_104_122;siihen;1
1306;104/2022;2022_104_122;sovi;1
1306;104/2022;2022_104_122;pelaaminen;1
1306;104/2022;2022_104_122;päästökaupan;1
1306;104/2022;2022_104_122;peli;1
1306;104/2022;2022_104_122;osuu;1
1306;104/2022;2022_104_122;eikä;1
1306;104/2022;2022_104_122;elinkeinoelämäkään;1
1306;104/2022;2022_104_122;sitä;4
1306;104/2022;2022_104_122;halua;1
1306;104/2022;2022_104_122;puhdas;1
1306;104/2022;2022_104_122;tulevaisuuden;1
1306;104/2022;2022_104_122;ala;1
1306;104/2022;2022_104_122;harvoja;1
1306;104/2022;2022_104_122;aloja;1
1306;104/2022;2022_104_122;jonka;1
1306;104/2022;2022_104_122;kasvusta;1
1306;104/2022;2022_104_122;voi;1
1306;104/2022;2022_104_122;olla;1
1306;104/2022;2022_104_122;varma;1
1306;104/2022;2022_104_122;sillä;1
1306;104/2022;2022_104_122;alalla;1
1306;104/2022;2022_104_122;kannattaa;1
1306;104/2022;2022_104_122;edetä;1
1306;104/2022;2022_104_122;perääntyä;1
1306;104/2022;2022_104_122;huomata;1
1306;104/2022;2022_104_122;energiapolitiikka;1
1306;104/2022;2022_104_122;turvallisuuspolitiikkaa;1
1306;104/2022;2022_104_122;vuonna;2
1306;104/2022;2022_104_122;vaadimme;1
1306;104/2022;2022_104_122;edustajien;1
1306;104/2022;2022_104_122;valtonen;1
1306;104/2022;2022_104_122;kärnä;1
1306;104/2022;2022_104_122;vartia;1
1306;104/2022;2022_104_122;nord;1
1306;104/2022;2022_104_122;stream;1
1306;104/2022;2022_104_122;putkesta;1
1306;104/2022;2022_104_122;tehtäisiin;1
1306;104/2022;2022_104_122;turvallisuuspoliittinen;1
1306;104/2022;2022_104_122;arvio;1
1306;104/2022;2022_104_122;tehty;1
1306;104/2022;2022_104_122;osti;1
1306;104/2022;2022_104_122;vaikka;1
1306;104/2022;2022_104_122;riskit;1
1306;104/2022;2022_104_122;olivat;1
1306;104/2022;2022_104_122;ilmeiset;1
1306;104/2022;2022_104_122;virheitä;1
1306;104/2022;2022_104_122;energiapolitiikan;1
1306;104/2022;2022_104_122;turvallisuuspoliittisia;2
1306;104/2022;2022_104_122;ulottuvuuksia;1
1306;104/2022;2022_104_122;sivuuttaa;1
1306;104/2022;2022_104_122;erityisesti;1
1306;104/2022;2022_104_122;demokratia-vaje;1
1306;104/2022;2022_104_122;tuo;1
1306;104/2022;2022_104_122;aina;1
1306;104/2022;2022_104_122;mukanaan;1
1306;104/2022;2022_104_122;riskejä;1
1306;104/2022;2022_104_122;energiapolitiikassa;1
1306;104/2022;2022_104_122;syntyy;1
1306;104/2022;2022_104_122;vääjäämättä;1
1306;104/2022;2022_104_122;riippuvuuksia;1
1306;104/2022;2022_104_122;niitä;1
1306;104/2022;2022_104_122;rakentaa;3
1306;104/2022;2022_104_122;sellaisten;1
1306;104/2022;2022_104_122;maiden;1
1306;104/2022;2022_104_122;pystyy;1
1306;104/2022;2022_104_122;sopimaan;1
1306;104/2022;2022_104_122;jotka;2
1306;104/2022;2022_104_122;noudattavat;1
1306;104/2022;2022_104_122;arvopohjaa;1
1306;104/2022;2022_104_122;jakavat;1
1306;104/2022;2022_104_122;turvallisuuspoliittisen;1
1306;104/2022;2022_104_122;käsityksemme;1
1306;104/2022;2022_104_122;vielä;1
1306;104/2022;2022_104_122;lopuksi;1
1306;104/2022;2022_104_122;narratiivin;1
1306;104/2022;2022_104_122;varaan;1
1306;104/2022;2022_104_122;energiapolitiikkaa;1
1306;104/2022;2022_104_122;tule;1
1306;104/2022;2022_104_122;leena;1
1306;104/2022;2022_104_122;meri;1
1306;104/2022;2022_104_122;kuka;1
1306;104/2022;2022_104_122;täällä;1
1306;116/2022;2022_116_60;ärade;1
1306;116/2022;2022_116_60;talman;1
1306;116/2022;2022_116_60;arvoisa;1
1306;116/2022;2022_116_60;puhemies;1
1306;116/2022;2022_116_60;det;1
1306;116/2022;2022_116_60;är;2
1306;116/2022;2022_116_60;bra;1
1306;116/2022;2022_116_60;att;3
1306;116/2022;2022_116_60;regeringen;1
1306;116/2022;2022_116_60;aktivt;1
1306;116/2022;2022_116_60;har;1
1306;116/2022;2022_116_60;tagit;1
1306;116/2022;2022_116_60;fram;1
1306;116/2022;2022_116_60;olika;1
1306;116/2022;2022_116_60;åtgärder;1
1306;116/2022;2022_116_60;för;3
1306;116/2022;2022_116_60;bekämpa;1
1306;116/2022;2022_116_60;överskuldsättning;1
1306;116/2022;2022_116_60;ett;1
1306;116/2022;2022_116_60;problem;1
1306;116/2022;2022_116_60;som;1
1306;116/2022;2022_116_60;vi;1
1306;116/2022;2022_116_60;sannerligen;1
1306;116/2022;2022_116_60;inte;1
1306;116/2022;2022_116_60;kan;1
1306;116/2022;2022_116_60;blunda;1
1306;116/2022;2022_116_60;den;1
1306;116/2022;2022_116_60;föreslagna;1
1306;116/2022;2022_116_60;ändringen;1
1306;116/2022;2022_116_60;sänka;1
1306;116/2022;2022_116_60;räntetaket;1
1306;116/2022;2022_116_60;konsumentkrediter;1
1306;116/2022;2022_116_60;från;1
1306;116/2022;2022_116_60;nuvarande;1
1306;116/2022;2022_116_60;procent;2
1306;116/2022;2022_116_60;till;1
1306;116/2022;2022_116_60;plus;1
1306;116/2022;2022_116_60;referensränta;1
1306;116/2022;2022_116_60;en;1
1306;116/2022;2022_116_60;viktig;1
1306;116/2022;2022_116_60;och;1
1306;116/2022;2022_116_60;balanserad;1
1306;116/2022;2022_116_60;åtgärd;1
1306;120/2022;2022_120_154;arvoisa;2
1306;120/2022;2022_120_154;puhemies;2
1306;120/2022;2022_120_154;tämän;3
1306;120/2022;2022_120_154;me;3
1306;120/2022;2022_120_154;tiedämme;2
1306;120/2022;2022_120_154;että;16
1306;120/2022;2022_120_154;luontokato;1
1306;120/2022;2022_120_154;on;18
1306;120/2022;2022_120_154;todellinen;1
1306;120/2022;2022_120_154;asia;1
1306;120/2022;2022_120_154;joka;1
1306;120/2022;2022_120_154;päivä;1
1306;120/2022;2022_120_154;eläin;1
1306;120/2022;2022_120_154;ja;10
1306;120/2022;2022_120_154;kasvilajeja;1
1306;120/2022;2022_120_154;kuolee;1
1306;120/2022;2022_120_154;sukupuuttoon;1
1306;120/2022;2022_120_154;kairon;1
1306;120/2022;2022_120_154;ilmastokokouksessa;1
1306;120/2022;2022_120_154;pyritään;1
1306;120/2022;2022_120_154;taas;1
1306;120/2022;2022_120_154;saamaan;1
1306;120/2022;2022_120_154;yhteisymmärrys;1
1306;120/2022;2022_120_154;siitä;2
1306;120/2022;2022_120_154;miten;2
1306;120/2022;2022_120_154;pääsisimme;1
1306;120/2022;2022_120_154;yhteisen;1
1306;120/2022;2022_120_154;tavoitteemme;1
1306;120/2022;2022_120_154;mukaisesti;1
1306;120/2022;2022_120_154;siihen;3
1306;120/2022;2022_120_154;ilmaston;1
1306;120/2022;2022_120_154;lämpeneminen;1
1306;120/2022;2022_120_154;saataisiin;1
1306;120/2022;2022_120_154;pysäytettyä;1
1306;120/2022;2022_120_154;puoleentoista;1
1306;120/2022;2022_120_154;asteeseen;1
1306;120/2022;2022_120_154;nämä;1
1306;120/2022;2022_120_154;ovat;3
1306;120/2022;2022_120_154;faktoja;1
1306;120/2022;2022_120_154;tosiasioita;1
1306;120/2022;2022_120_154;sellaisina;1
1306;120/2022;2022_120_154;ne;1
1306;120/2022;2022_120_154;tulee;5
1306;120/2022;2022_120_154;ottaa;1
1306;120/2022;2022_120_154;vakavasti;2
1306;120/2022;2022_120_154;niiden;1
1306;120/2022;2022_120_154;ottaminen;1
1306;120/2022;2022_120_154;tarkoittaa;3
1306;120/2022;2022_120_154;myös;4
1306;120/2022;2022_120_154;tekoja;1
1306;120/2022;2022_120_154;fakta;2
1306;120/2022;2022_120_154;myöskin;1
1306;120/2022;2022_120_154;se;13
1306;120/2022;2022_120_154;suomi;1
1306;120/2022;2022_120_154;metsäinen;1
1306;120/2022;2022_120_154;maa;1
1306;120/2022;2022_120_154;yli;1
1306;120/2022;2022_120_154;kaksi;1
1306;120/2022;2022_120_154;kolmasosaa;1
1306;120/2022;2022_120_154;euroopan;1
1306;120/2022;2022_120_154;suojelluista;1
1306;120/2022;2022_120_154;metsistä;1
1306;120/2022;2022_120_154;sijaitsee;1
1306;120/2022;2022_120_154;suomessa;2
1306;120/2022;2022_120_154;luonto;1
1306;120/2022;2022_120_154;muuttunut;1
1306;120/2022;2022_120_154;huomattavan;1
1306;120/2022;2022_120_154;paljon;2
1306;120/2022;2022_120_154;sitten;1
1306;120/2022;2022_120_154;toisen;1
1306;120/2022;2022_120_154;maailmansodan;1
1306;120/2022;2022_120_154;iso;1
1306;120/2022;2022_120_154;osa;1
1306;120/2022;2022_120_154;meidän;2
1306;120/2022;2022_120_154;metsistämme;1
1306;120/2022;2022_120_154;yksityisessä;1
1306;120/2022;2022_120_154;omistuksessa;1
1306;120/2022;2022_120_154;niitä;1
1306;120/2022;2022_120_154;suojaa;1
1306;120/2022;2022_120_154;siis;1
1306;120/2022;2022_120_154;omistusoikeus;1
1306;120/2022;2022_120_154;tästä;1
1306;120/2022;2022_120_154;syntyy;1
1306;120/2022;2022_120_154;ristiriita;1
1306;120/2022;2022_120_154;jonka;1
1306;120/2022;2022_120_154;takia;1
1306;120/2022;2022_120_154;eun;1
1306;120/2022;2022_120_154;ennallistamisasetus;1
1306;120/2022;2022_120_154;aiheuttanut;1
1306;120/2022;2022_120_154;keskustelua;1
1306;120/2022;2022_120_154;meillä;1
1306;120/2022;2022_120_154;komission;1
1306;120/2022;2022_120_154;kanssa;1
1306;120/2022;2022_120_154;yhteinen;1
1306;120/2022;2022_120_154;tavoite;1
1306;120/2022;2022_120_154;mutta;7
1306;120/2022;2022_120_154;eriävä;1
1306;120/2022;2022_120_154;näkemys;1
1306;120/2022;2022_120_154;parhaiten;2
1306;120/2022;2022_120_154;päästään;1
1306;120/2022;2022_120_154;hallitus;4
1306;120/2022;2022_120_154;todennut;2
1306;120/2022;2022_120_154;omassa;1
1306;120/2022;2022_120_154;kannanotossaan;1
1306;120/2022;2022_120_154;sama;1
1306;120/2022;2022_120_154;todettu;1
1306;120/2022;2022_120_154;lukuisissa;1
1306;120/2022;2022_120_154;valiokuntien;1
1306;120/2022;2022_120_154;lausunnoissa;1
1306;120/2022;2022_120_154;oppositio;5
1306;120/2022;2022_120_154;ajattelee;1
1306;120/2022;2022_120_154;kuitenkin;1
1306;120/2022;2022_120_154;toisin;2
1306;120/2022;2022_120_154;kokoomus;1
1306;120/2022;2022_120_154;perussuomalaiset;1
1306;120/2022;2022_120_154;kd;1
1306;120/2022;2022_120_154;sanovat;1
1306;120/2022;2022_120_154;kantamme;1
1306;120/2022;2022_120_154;tulisi;2
1306;120/2022;2022_120_154;olla;1
1306;120/2022;2022_120_154;jyrkän;1
1306;120/2022;2022_120_154;kielteinen;1
1306;120/2022;2022_120_154;puhuivat;1
1306;120/2022;2022_120_154;hylkäämisestä;1
1306;120/2022;2022_120_154;valinnut;1
1306;120/2022;2022_120_154;taktiikakseen;1
1306;120/2022;2022_120_154;neliraajajarrutuksen;1
1306;120/2022;2022_120_154;tietäen;2
1306;120/2022;2022_120_154;mitä;1
1306;120/2022;2022_120_154;suomen;2
1306;120/2022;2022_120_154;metsäpolitiikasta;1
1306;120/2022;2022_120_154;silloin;1
1306;120/2022;2022_120_154;päättävät;1
1306;120/2022;2022_120_154;bulgaria;1
1306;120/2022;2022_120_154;kreikka;1
1306;120/2022;2022_120_154;italia;1
1306;120/2022;2022_120_154;espanja;1
1306;120/2022;2022_120_154;ei;7
1306;120/2022;2022_120_154;ole;2
1306;120/2022;2022_120_154;vaikuttamista;1
1306;120/2022;2022_120_154;vaan;2
1306;120/2022;2022_120_154;hanskojen;1
1306;120/2022;2022_120_154;tiskiin;1
1306;120/2022;2022_120_154;lyömistä;1
1306;120/2022;2022_120_154;äärimmäisen;1
1306;120/2022;2022_120_154;vastuuton;2
1306;120/2022;2022_120_154;kanta;1
1306;120/2022;2022_120_154;vaikka;1
1306;120/2022;2022_120_154;toki;1
1306;120/2022;2022_120_154;ymmärrän;2
1306;120/2022;2022_120_154;sisäpolitiikkaa;1
1306;120/2022;2022_120_154;sillä;1
1306;120/2022;2022_120_154;saa;1
1306;120/2022;2022_120_154;peukkuja;1
1306;120/2022;2022_120_154;somessa;1
1306;120/2022;2022_120_154;muuta;1
1306;120/2022;2022_120_154;sitä;3
1306;120/2022;2022_120_154;tosiasiaa;1
1306;120/2022;2022_120_154;linjaus;1
1306;120/2022;2022_120_154;asetus;1
1306;120/2022;2022_120_154;vaikuttaa;3
1306;120/2022;2022_120_154;niin;2
1306;120/2022;2022_120_154;joutuu;1
1306;120/2022;2022_120_154;muuten;1
1306;120/2022;2022_120_154;seuraavakin;1
1306;120/2022;2022_120_154;tekemään;1
1306;120/2022;2022_120_154;osaamiseen;1
1306;120/2022;2022_120_154;luotetaan;1
1306;120/2022;2022_120_154;näissä;1
1306;120/2022;2022_120_154;kysymyksissä;1
1306;120/2022;2022_120_154;suomea;1
1306;120/2022;2022_120_154;kuullaan;2
1306;120/2022;2022_120_154;meitä;1
1306;120/2022;2022_120_154;vain;3
1306;120/2022;2022_120_154;jos;3
1306;120/2022;2022_120_154;olemme;3
1306;120/2022;2022_120_154;pelissä;1
1306;120/2022;2022_120_154;mukana;3
1306;120/2022;2022_120_154;kertomassa;2
1306;120/2022;2022_120_154;kustannukset;1
1306;120/2022;2022_120_154;meille;2
1306;120/2022;2022_120_154;kohtuuttomat;1
1306;120/2022;2022_120_154;vertailuvuosi;1
1306;120/2022;2022_120_154;kohtuuton;1
1306;120/2022;2022_120_154;ruotsi;2
1306;120/2022;2022_120_154;sanoo;1
1306;120/2022;2022_120_154;ruotsin;1
1306;120/2022;2022_120_154;eduskunta;1
1306;120/2022;2022_120_154;teki;2
1306;120/2022;2022_120_154;toissijaisuusilmoituksen;1
1306;120/2022;2022_120_154;tehnyt;2
1306;120/2022;2022_120_154;hallituksen;1
1306;120/2022;2022_120_154;kannan;1
1306;120/2022;2022_120_154;pohjalta;1
1306;120/2022;2022_120_154;koska;4
1306;120/2022;2022_120_154;sellaista;1
1306;120/2022;2022_120_154;ruotsissa;1
1306;120/2022;2022_120_154;vielä;1
1306;120/2022;2022_120_154;kuin;1
1306;120/2022;2022_120_154;antanut;1
1306;120/2022;2022_120_154;ymmärtää;1
1306;120/2022;2022_120_154;sen;6
1306;120/2022;2022_120_154;omasta;1
1306;120/2022;2022_120_154;aloitteestaan;1
1306;120/2022;2022_120_154;itsenäisesti;1
1306;120/2022;2022_120_154;mekin;1
1306;120/2022;2022_120_154;täällä;1
1306;120/2022;2022_120_154;eduskunnassa;1
1306;120/2022;2022_120_154;olisimme;2
1306;120/2022;2022_120_154;voineet;3
1306;120/2022;2022_120_154;tehdä;2
1306;120/2022;2022_120_154;olisi;1
1306;120/2022;2022_120_154;käytännön;2
1306;120/2022;2022_120_154;tasolla;2
1306;120/2022;2022_120_154;muuttanut;1
1306;120/2022;2022_120_154;mitään;1
1306;120/2022;2022_120_154;olisivat;1
1306;120/2022;2022_120_154;laittaa;1
1306;120/2022;2022_120_154;alulle;1
1306;120/2022;2022_120_154;välikysymyksen;1
1306;120/2022;2022_120_154;allekirjoittajat;1
1306;120/2022;2022_120_154;he;1
1306;120/2022;2022_120_154;tai;1
1306;120/2022;2022_120_154;kukaan;1
1306;120/2022;2022_120_154;muu;1
1306;120/2022;2022_120_154;haluamme;3
1306;120/2022;2022_120_154;tähän;1
1306;120/2022;2022_120_154;asetukseen;3
1306;120/2022;2022_120_154;muutoksia;2
1306;120/2022;2022_120_154;tavoitteet;2
1306;120/2022;2022_120_154;täyttyvät;1
1306;120/2022;2022_120_154;kestävästi;1
1306;120/2022;2022_120_154;tärkeät;1
1306;120/2022;2022_120_154;luonnosta;1
1306;120/2022;2022_120_154;ympäristöstä;1
1306;120/2022;2022_120_154;pitää;1
1306;120/2022;2022_120_154;huolta;1
1306;120/2022;2022_120_154;tekojen;1
1306;120/2022;2022_120_154;huolen;1
1306;120/2022;2022_120_154;ulottua;1
1306;120/2022;2022_120_154;tavoiteohjelmien;1
1306;120/2022;2022_120_154;sivujen;1
1306;120/2022;2022_120_154;ulkopuolelle;1
1306;120/2022;2022_120_154;varmistaa;1
1306;120/2022;2022_120_154;metsäpolitiikka;1
1306;120/2022;2022_120_154;jatkossakin;1
1306;120/2022;2022_120_154;omissa;1
1306;120/2022;2022_120_154;käsissämme;1
1306;120/2022;2022_120_154;uskomme;1
1306;120/2022;2022_120_154;pystymme;1
1306;120/2022;2022_120_154;pääsemään;1
1306;120/2022;2022_120_154;tavoitteeseen;1
1306;120/2022;2022_120_154;kuten;1
1306;120/2022;2022_120_154;suuri;1
1306;120/2022;2022_120_154;valiokuntakin;1
1306;120/2022;2022_120_154;vaikuttamalla;1
1306;120/2022;2022_120_154;neuvottelujen;1
1306;120/2022;2022_120_154;kautta;1
1306;120/2022;2022_120_154;puhuu;1
1306;120/2022;2022_120_154;epäonnistuneesta;1
1306;120/2022;2022_120_154;vaikuttamisesta;1
1306;120/2022;2022_120_154;ehdottaa;1
1306;120/2022;2022_120_154;käytännössä;1
1306;120/2022;2022_120_154;ettemme;1
1306;120/2022;2022_120_154;pyrkisi;1
1306;120/2022;2022_120_154;vaikuttamaan;2
1306;120/2022;2022_120_154;ollenkaan;1
1306;120/2022;2022_120_154;sijaan;1
1306;120/2022;2022_120_154;itkupotkuraivarein;1
1306;120/2022;2022_120_154;olemalla;1
1306;120/2022;2022_120_154;rakentavasti;1
1306;120/2022;2022_120_154;omaa;1
1306;120/2022;2022_120_154;asiantuntemustamme;1
1306;120/2022;2022_120_154;esille;1
1306;120/2022;2022_120_154;tuoden;1
1306;120/2022;2022_120_154;toivon;1
1306;120/2022;2022_120_154;oppositiokin;1
1306;120/2022;2022_120_154;tälle;1
1306;120/2022;2022_120_154;linjalle;1
1306;120/2022;2022_120_154;mukaan;1
1306;125/2022;2022_125_63;ärade;1
1306;125/2022;2022_125_63;talman;1
1306;125/2022;2022_125_63;överdirektör;1
1306;125/2022;2022_125_63;spolander;1
1306;125/2022;2022_125_63;på;1
1306;125/2022;2022_125_63;finansministeriet;1
1306;125/2022;2022_125_63;lyfte;1
1306;125/2022;2022_125_63;upp;2
1306;125/2022;2022_125_63;vikten;1
1306;125/2022;2022_125_63;av;1
1306;125/2022;2022_125_63;investeringar;1
1306;125/2022;2022_125_63;forskning;1
1306;125/2022;2022_125_63;och;2
1306;125/2022;2022_125_63;utveckling;1
1306;125/2022;2022_125_63;häromveckan;1
1306;125/2022;2022_125_63;målade;1
1306;125/2022;2022_125_63;ganska;1
1306;125/2022;2022_125_63;skrämmande;1
1306;125/2022;2022_125_63;scenarier;1
1306;125/2022;2022_125_63;som;1
1306;125/2022;2022_125_63;kan;2
1306;125/2022;2022_125_63;bli;1
1306;125/2022;2022_125_63;verklighet;1
1306;125/2022;2022_125_63;ifall;1
1306;125/2022;2022_125_63;vi;1
1306;125/2022;2022_125_63;inte;1
1306;125/2022;2022_125_63;korrigera;1
1306;125/2022;2022_125_63;investeringskurvan;1
1306;127/2022;2022_127_84;ärade;1
1306;127/2022;2022_127_84;talman;1
1306;127/2022;2022_127_84;näistä;1
1306;127/2022;2022_127_84;asioista;1
1306;127/2022;2022_127_84;on;10
1306;127/2022;2022_127_84;tosiaankin;1
1306;127/2022;2022_127_84;vaikea;1
1306;127/2022;2022_127_84;keskustella;1
1306;127/2022;2022_127_84;jos;4
1306;127/2022;2022_127_84;tilastojen;1
1306;127/2022;2022_127_84;lukeminen;1
1306;127/2022;2022_127_84;aiheuttaa;1
1306;127/2022;2022_127_84;haasteita;2
1306;127/2022;2022_127_84;minusta;1
1306;127/2022;2022_127_84;valitettavaa;1
1306;127/2022;2022_127_84;että;7
1306;127/2022;2022_127_84;hallintovaliokunnan;1
1306;127/2022;2022_127_84;puheenjohtaja;1
1306;127/2022;2022_127_84;tulkitsee;2
1306;127/2022;2022_127_84;niitä;3
1306;127/2022;2022_127_84;nyt;2
1306;127/2022;2022_127_84;eri;1
1306;127/2022;2022_127_84;tavalla;1
1306;127/2022;2022_127_84;kuin;1
1306;127/2022;2022_127_84;mitä;1
1306;127/2022;2022_127_84;migri;1
1306;127/2022;2022_127_84;itse;2
1306;127/2022;2022_127_84;vuosiraporteissaan;1
1306;127/2022;2022_127_84;tuomas;1
1306;127/2022;2022_127_84;kettunen;1
1306;127/2022;2022_127_84;juuri;1
1306;127/2022;2022_127_84;näin;1
1306;127/2022;2022_127_84;suomessa;1
1306;127/2022;2022_127_84;ei;4
1306;127/2022;2022_127_84;suinkaan;1
1306;127/2022;2022_127_84;ole;3
1306;127/2022;2022_127_84;myönnetty;1
1306;127/2022;2022_127_84;ta;1
1306;127/2022;2022_127_84;ensimmäistä;1
1306;127/2022;2022_127_84;oleskelulupaa;1
1306;127/2022;2022_127_84;tämän;1
1306;127/2022;2022_127_84;hallituskauden;1
1306;127/2022;2022_127_84;aikana;1
1306;127/2022;2022_127_84;suomen;1
1306;127/2022;2022_127_84;nettomaahanmuutto;1
1306;127/2022;2022_127_84;vuositasolla;2
1306;127/2022;2022_127_84;ensimmäisiä;1
1306;127/2022;2022_127_84;lupia;1
1306;127/2022;2022_127_84;vuonna;5
1306;127/2022;2022_127_84;haettiin;3
1306;127/2022;2022_127_84;myönnettiin;2
1306;127/2022;2022_127_84;joista;1
1306;127/2022;2022_127_84;noin;1
1306;127/2022;2022_127_84;oli;2
1306;127/2022;2022_127_84;eu-maihin;1
1306;127/2022;2022_127_84;suurin;1
1306;127/2022;2022_127_84;yksittäinen;1
1306;127/2022;2022_127_84;ryhmä;1
1306;127/2022;2022_127_84;näinä;1
1306;127/2022;2022_127_84;vuosina;1
1306;127/2022;2022_127_84;ollut;1
1306;127/2022;2022_127_84;työperäinen;1
1306;127/2022;2022_127_84;maahanmuutto;1
1306;127/2022;2022_127_84;mutta;3
1306;127/2022;2022_127_84;tuntuu;1
1306;127/2022;2022_127_84;siltä;1
1306;127/2022;2022_127_84;kun;1
1306;127/2022;2022_127_84;puhutaan;1
1306;127/2022;2022_127_84;maahanmuutosta;1
1306;127/2022;2022_127_84;niin;2
1306;127/2022;2022_127_84;jotenkin;1
1306;127/2022;2022_127_84;joidenkin;1
1306;127/2022;2022_127_84;mielissä;1
1306;127/2022;2022_127_84;ajatellaan;1
1306;127/2022;2022_127_84;se;4
1306;127/2022;2022_127_84;turvapaikkahakua;1
1306;127/2022;2022_127_84;ja;6
1306;127/2022;2022_127_84;kansainvälistä;2
1306;127/2022;2022_127_84;suojelua;1
1306;127/2022;2022_127_84;no;2
1306;127/2022;2022_127_84;montako;1
1306;127/2022;2022_127_84;suojeluhakemusta;1
1306;127/2022;2022_127_84;viime;1
1306;127/2022;2022_127_84;hyvin;2
1306;127/2022;2022_127_84;pieni;2
1306;127/2022;2022_127_84;osa;1
1306;127/2022;2022_127_84;tästä;2
1306;127/2022;2022_127_84;isosta;1
1306;127/2022;2022_127_84;määrästä;1
1306;127/2022;2022_127_84;ongelma;1
1306;127/2022;2022_127_84;meidän;1
1306;127/2022;2022_127_84;yhteiskunnalle;1
1306;127/2022;2022_127_84;me;5
1306;127/2022;2022_127_84;pystymme;1
1306;127/2022;2022_127_84;sen;2
1306;127/2022;2022_127_84;hoitamaan;1
1306;127/2022;2022_127_84;tarvitsemme;1
1306;127/2022;2022_127_84;tänne;1
1306;127/2022;2022_127_84;lisää;1
1306;127/2022;2022_127_84;maahanmuuttoa;2
1306;127/2022;2022_127_84;tapasimme;1
1306;127/2022;2022_127_84;teknologiateollisuutta;1
1306;127/2022;2022_127_84;tänään;1
1306;127/2022;2022_127_84;heidän;1
1306;127/2022;2022_127_84;laskelmiensa;1
1306;127/2022;2022_127_84;mukaan;1
1306;127/2022;2022_127_84;tämä;3
1306;127/2022;2022_127_84;netto;1
1306;127/2022;2022_127_84;joka;1
1306;127/2022;2022_127_84;pitäisi;1
1306;127/2022;2022_127_84;saada;1
1306;127/2022;2022_127_84;suunnilleen;1
1306;127/2022;2022_127_84;een;1
1306;127/2022;2022_127_84;jotta;1
1306;127/2022;2022_127_84;tilanne;1
1306;127/2022;2022_127_84;saadaan;1
1306;127/2022;2022_127_84;hoidettua;1
1306;127/2022;2022_127_84;leena;2
1306;127/2022;2022_127_84;meren;2
1306;127/2022;2022_127_84;välihuuto;3
1306;127/2022;2022_127_84;samaan;1
1306;127/2022;2022_127_84;aikaan;1
1306;127/2022;2022_127_84;tarvitaan;3
1306;127/2022;2022_127_84;asiassa;1
1306;127/2022;2022_127_84;sekä;1
1306;127/2022;2022_127_84;ammatillista;1
1306;127/2022;2022_127_84;osaamista;2
1306;127/2022;2022_127_84;perustason;1
1306;127/2022;2022_127_84;korkeakoulutettuja;1
1306;127/2022;2022_127_84;tekijöitä;1
1306;127/2022;2022_127_84;koska;2
1306;127/2022;2022_127_84;meillä;1
1306;127/2022;2022_127_84;suunnattomia;1
1306;127/2022;2022_127_84;demografisia;1
1306;127/2022;2022_127_84;sehän;1
1306;127/2022;2022_127_84;kaikkia;1
1306;127/2022;2022_127_84;ongelmia;1
1306;127/2022;2022_127_84;ratkaise;1
1306;127/2022;2022_127_84;pitää;1
1306;127/2022;2022_127_84;tehdä;1
1306;127/2022;2022_127_84;myöskin;4
1306;127/2022;2022_127_84;paljon;1
1306;127/2022;2022_127_84;muuta;1
1306;127/2022;2022_127_84;luitte;1
1306;127/2022;2022_127_84;lauantaivieraan;1
1306;127/2022;2022_127_84;haastattelun;1
1306;127/2022;2022_127_84;toissa;1
1306;127/2022;2022_127_84;viikolla;1
1306;127/2022;2022_127_84;hän;1
1306;127/2022;2022_127_84;nosti;1
1306;127/2022;2022_127_84;esille;1
1306;127/2022;2022_127_84;työperäisen;1
1306;127/2022;2022_127_84;maahanmuuton;1
1306;127/2022;2022_127_84;haasteet;1
1306;127/2022;2022_127_84;jotka;1
1306;127/2022;2022_127_84;ovat;1
1306;127/2022;2022_127_84;asenteet;1
1306;127/2022;2022_127_84;yhteiskuntana;1
1306;127/2022;2022_127_84;emme;2
1306;127/2022;2022_127_84;osaa;2
1306;127/2022;2022_127_84;ottaa;1
1306;127/2022;2022_127_84;näitä;1
1306;127/2022;2022_127_84;ihmisiä;1
1306;127/2022;2022_127_84;vastaan;1
1306;127/2022;2022_127_84;heitä;1
1306;127/2022;2022_127_84;integroida;1
1306;127/2022;2022_127_84;artikkeli;1
1306;127/2022;2022_127_84;jota;1
1306;127/2022;2022_127_84;te;1
1306;127/2022;2022_127_84;kyllä;1
1306;127/2022;2022_127_84;hyvinkin;1
1306;127/2022;2022_127_84;jaoitte;1
1306;127/2022;2022_127_84;monta;1
1306;127/2022;2022_127_84;kertaa;1
1306;127/2022;2022_127_84;ilmeisesti;1
1306;127/2022;2022_127_84;ette;1
1306;127/2022;2022_127_84;lukeneet;1
1306;127/2022;2022_127_84;sitä;1
1306;127/2022;2022_127_84;vastauspuheenvuoropyyntöjä;1
1306;127/2022;2022_127_84;puhuttiin;1
1306;127/2022;2022_127_84;haasteena;1
1306;127/2022;2022_127_84;nimenomaan;1
1306;127/2022;2022_127_84;asenteista;1
1306;127/2022;2022_127_84;siitä;3
1306;127/2022;2022_127_84;imua;1
1306;127/2022;2022_127_84;ihmiset;1
1306;127/2022;2022_127_84;eivät;1
1306;127/2022;2022_127_84;halua;1
1306;127/2022;2022_127_84;tulla;1
1306;127/2022;2022_127_84;suomeen;1
1306;127/2022;2022_127_84;joten;1
1306;127/2022;2022_127_84;humanitäärinen;1
1306;127/2022;2022_127_84;mitättömän;1
1306;127/2022;2022_127_84;osuus;1
1306;127/2022;2022_127_84;kokonaisuudesta;1
1306;127/2022;2022_127_84;voimme;1
1306;127/2022;2022_127_84;kaikki;1
1306;127/2022;2022_127_84;puhumalla;2
1306;127/2022;2022_127_84;järkevästi;1
1306;127/2022;2022_127_84;faktapohjaisesti;1
1306;127/2022;2022_127_84;avautua;1
1306;127/2022;2022_127_84;toisenlaisille;1
1306;127/2022;2022_127_84;vaikutteille;1
1306;127/2022;2022_127_84;nähdä;1
1306;127/2022;2022_127_84;suomi;2
1306;127/2022;2022_127_84;voittaa;1
1306;127/2022;2022_127_84;kansainvälisempi;1
1306;127/2022;2022_127_84;uskallamme;1
1306;127/2022;2022_127_84;astua;1
1306;127/2022;2022_127_84;oman;1
1306;127/2022;2022_127_84;kotimme;1
1306;127/2022;2022_127_84;ulkopuolelle;1
1306;127/2022;2022_127_84;kohdata;1
1306;127/2022;2022_127_84;mikä;2
1306;127/2022;2022_127_84;saattaa;2
1306;127/2022;2022_127_84;joskus;1
1306;127/2022;2022_127_84;tuntua;1
1306;127/2022;2022_127_84;hieman;1
1306;127/2022;2022_127_84;ihmeelliseltä;1
1306;127/2022;2022_127_84;tarjota;1
1306;127/2022;2022_127_84;meille;1
1306;127/2022;2022_127_84;opetusta;1
1306;128/2022;2022_128_66;tack;1
1306;128/2022;2022_128_66;herr;1
1306;128/2022;2022_128_66;talman;1
1306;128/2022;2022_128_66;nu;1
1306;128/2022;2022_128_66;vet;1
1306;128/2022;2022_128_66;jag;2
1306;128/2022;2022_128_66;ju;1
1306;128/2022;2022_128_66;inte;1
1306;128/2022;2022_128_66;riktigt;1
1306;128/2022;2022_128_66;vad;2
1306;128/2022;2022_128_66;som;2
1306;128/2022;2022_128_66;har;2
1306;128/2022;2022_128_66;diskuterats;2
1306;128/2022;2022_128_66;här;1
1306;128/2022;2022_128_66;tidigare;1
1306;128/2022;2022_128_66;men;1
1306;128/2022;2022_128_66;på;1
1306;128/2022;2022_128_66;något;1
1306;128/2022;2022_128_66;sätt;1
1306;128/2022;2022_128_66;kan;1
1306;128/2022;2022_128_66;ana;1
1306;132/2022;2022_132_152;ärade;1
1306;132/2022;2022_132_152;talman;1
1306;132/2022;2022_132_152;perussuomalaisten;2
1306;132/2022;2022_132_152;talouspolitiikassa;1
1306;132/2022;2022_132_152;johtosävelenä;1
1306;132/2022;2022_132_152;näyttää;2
1306;132/2022;2022_132_152;olevan;1
1306;132/2022;2022_132_152;pikemminkin;1
1306;132/2022;2022_132_152;pikavippien;1
1306;132/2022;2022_132_152;hakeminen;1
1306;132/2022;2022_132_152;jos;1
1306;132/2022;2022_132_152;yksityishenkilö;1
1306;132/2022;2022_132_152;toimisi;1
1306;132/2022;2022_132_152;samoin;1
1306;132/2022;2022_132_152;niin;3
1306;132/2022;2022_132_152;se;12
1306;132/2022;2022_132_152;vastaisi;1
1306;132/2022;2022_132_152;sitä;7
1306;132/2022;2022_132_152;että;8
1306;132/2022;2022_132_152;talon;2
1306;132/2022;2022_132_152;nurkasta;1
1306;132/2022;2022_132_152;nakerretaan;1
1306;132/2022;2022_132_152;polttopuuta;1
1306;132/2022;2022_132_152;jonka;2
1306;132/2022;2022_132_152;myyntitulolla;1
1306;132/2022;2022_132_152;sitten;1
1306;132/2022;2022_132_152;maksetaan;1
1306;132/2022;2022_132_152;sähkölaskua;1
1306;132/2022;2022_132_152;tämän;1
1306;132/2022;2022_132_152;budjetin;1
1306;132/2022;2022_132_152;lämmittävä;1
1306;132/2022;2022_132_152;osa;1
1306;132/2022;2022_132_152;teidän;1
1306;132/2022;2022_132_152;osaltanne;1
1306;132/2022;2022_132_152;on;25
1306;132/2022;2022_132_152;kertaluontoiset;1
1306;132/2022;2022_132_152;taseen;1
1306;132/2022;2022_132_152;vahvistamiset;1
1306;132/2022;2022_132_152;ja;9
1306;132/2022;2022_132_152;nurkkaa;1
1306;132/2022;2022_132_152;nakertavat;1
1306;132/2022;2022_132_152;tulevaisuuden;1
1306;132/2022;2022_132_152;pohjan;1
1306;132/2022;2022_132_152;heikentämiseen;1
1306;132/2022;2022_132_152;tähtäävät;1
1306;132/2022;2022_132_152;toimet;1
1306;132/2022;2022_132_152;tavio;1
1306;132/2022;2022_132_152;puhui;1
1306;132/2022;2022_132_152;siitä;3
1306;132/2022;2022_132_152;perussuomalaiset;2
1306;132/2022;2022_132_152;leikkaisi;1
1306;132/2022;2022_132_152;joka;2
1306;132/2022;2022_132_152;vuosi;1
1306;132/2022;2022_132_152;miljardilla;1
1306;132/2022;2022_132_152;taseita;1
1306;132/2022;2022_132_152;vahvistetaan;1
1306;132/2022;2022_132_152;siis;1
1306;132/2022;2022_132_152;kertaluontoisilla;1
1306;132/2022;2022_132_152;siirroilla;1
1306;132/2022;2022_132_152;tasapainoa;1
1306;132/2022;2022_132_152;parannetaan;1
1306;132/2022;2022_132_152;säästöillä;1
1306;132/2022;2022_132_152;jotka;1
1306;132/2022;2022_132_152;eivät;2
1306;132/2022;2022_132_152;vmn;1
1306;132/2022;2022_132_152;mukaan;1
1306;132/2022;2022_132_152;toteudu;1
1306;132/2022;2022_132_152;edustaja;1
1306;132/2022;2022_132_152;purra;1
1306;132/2022;2022_132_152;totesi;1
1306;132/2022;2022_132_152;autetaan;2
1306;132/2022;2022_132_152;paikallisesti;2
1306;132/2022;2022_132_152;liittyen;1
1306;132/2022;2022_132_152;tähän;1
1306;132/2022;2022_132_152;pakolaiskiintiöasiaan;1
1306;132/2022;2022_132_152;muttei;1
1306;132/2022;2022_132_152;sitäkään;1
1306;132/2022;2022_132_152;ole;12
1306;132/2022;2022_132_152;esitetty;1
1306;132/2022;2022_132_152;sen;5
1306;132/2022;2022_132_152;vastauksen;1
1306;132/2022;2022_132_152;perään;1
1306;132/2022;2022_132_152;kysyminen;1
1306;132/2022;2022_132_152;ei;23
1306;132/2022;2022_132_152;kiusaamista;1
1306;132/2022;2022_132_152;johdonmukaisuuden;1
1306;132/2022;2022_132_152;peräänkuuluttamista;1
1306;132/2022;2022_132_152;tämä;3
1306;132/2022;2022_132_152;politiikan;1
1306;132/2022;2022_132_152;ikuisia;1
1306;132/2022;2022_132_152;lentäviä;1
1306;132/2022;2022_132_152;tyhjiä;1
1306;132/2022;2022_132_152;lauseita;2
1306;132/2022;2022_132_152;joihin;1
1306;132/2022;2022_132_152;ikinä;1
1306;132/2022;2022_132_152;saa;1
1306;132/2022;2022_132_152;vastausta;1
1306;132/2022;2022_132_152;nytkään;1
1306;132/2022;2022_132_152;vaihtoehtobudjetin;1
1306;132/2022;2022_132_152;rakenne;1
1306;132/2022;2022_132_152;oikeastaan;1
1306;132/2022;2022_132_152;mahdollista;1
1306;132/2022;2022_132_152;juuri;1
1306;132/2022;2022_132_152;mitään;5
1306;132/2022;2022_132_152;maahanmuutosta;1
1306;132/2022;2022_132_152;leikataan;4
1306;132/2022;2022_132_152;taas;1
1306;132/2022;2022_132_152;miljoonaa;1
1306;132/2022;2022_132_152;vuodessa;1
1306;132/2022;2022_132_152;mutta;12
1306;132/2022;2022_132_152;miten;1
1306;132/2022;2022_132_152;tehdään;1
1306;132/2022;2022_132_152;mistä;2
1306;132/2022;2022_132_152;koostuu;1
1306;132/2022;2022_132_152;käy;3
1306;132/2022;2022_132_152;tästä;2
1306;132/2022;2022_132_152;ilmi;1
1306;132/2022;2022_132_152;laskelmia;1
1306;132/2022;2022_132_152;vaikutusarvioita;1
1306;132/2022;2022_132_152;tehty;2
1306;132/2022;2022_132_152;eduskunnan;1
1306;132/2022;2022_132_152;laskentapalvelua;1
1306;132/2022;2022_132_152;ilmeisesti;2
1306;132/2022;2022_132_152;käytetty;1
1306;132/2022;2022_132_152;pitäisi;1
1306;132/2022;2022_132_152;olla;2
1306;132/2022;2022_132_152;minimivaatimus;1
1306;132/2022;2022_132_152;tällaisissa;1
1306;132/2022;2022_132_152;harjoituksissa;1
1306;132/2022;2022_132_152;vaihtoehtobudjetti;3
1306;132/2022;2022_132_152;pelkästään;1
1306;132/2022;2022_132_152;ilmaan;1
1306;132/2022;2022_132_152;heitettyjä;1
1306;132/2022;2022_132_152;sanoja;1
1306;132/2022;2022_132_152;ilman;2
1306;132/2022;2022_132_152;villoja;1
1306;132/2022;2022_132_152;täällä;1
1306;132/2022;2022_132_152;kohta;1
1306;132/2022;2022_132_152;käsitellään;1
1306;132/2022;2022_132_152;välikysymystä;1
1306;132/2022;2022_132_152;liittyy;1
1306;132/2022;2022_132_152;maatalouteen;1
1306;132/2022;2022_132_152;mitä;1
1306;132/2022;2022_132_152;tässä;5
1306;132/2022;2022_132_152;vaihtoehtobudjetissa;2
1306;132/2022;2022_132_152;suhteen;1
1306;132/2022;2022_132_152;sari;1
1306;132/2022;2022_132_152;essayahin;1
1306;132/2022;2022_132_152;välihuuto;2
1306;132/2022;2022_132_152;anteeksi;1
1306;132/2022;2022_132_152;kdn;3
1306;132/2022;2022_132_152;alulle;1
1306;132/2022;2022_132_152;panema;1
1306;132/2022;2022_132_152;jossa;1
1306;132/2022;2022_132_152;mukana;2
1306;132/2022;2022_132_152;siihenkään;1
1306;132/2022;2022_132_152;liity;1
1306;132/2022;2022_132_152;sijaan;2
1306;132/2022;2022_132_152;toimia;1
1306;132/2022;2022_132_152;maatalouden;2
1306;132/2022;2022_132_152;tukemiseksi;1
1306;132/2022;2022_132_152;kyse;1
1306;132/2022;2022_132_152;etteikö;1
1306;132/2022;2022_132_152;perussuomalaisilla;1
1306;132/2022;2022_132_152;olisi;2
1306;132/2022;2022_132_152;resursseja;2
1306;132/2022;2022_132_152;puoluetukea;1
1306;132/2022;2022_132_152;tulee;1
1306;132/2022;2022_132_152;ovista;1
1306;132/2022;2022_132_152;ikkunoista;1
1306;132/2022;2022_132_152;selvästikään;1
1306;132/2022;2022_132_152;halua;1
1306;132/2022;2022_132_152;tehdä;1
1306;132/2022;2022_132_152;vaadittavia;2
1306;132/2022;2022_132_152;laskutoimituksia;1
1306;132/2022;2022_132_152;toinen;1
1306;132/2022;2022_132_152;havainto;1
1306;132/2022;2022_132_152;millään;1
1306;132/2022;2022_132_152;tavalla;1
1306;132/2022;2022_132_152;heijasta;1
1306;132/2022;2022_132_152;niitä;1
1306;132/2022;2022_132_152;puheita;1
1306;132/2022;2022_132_152;joita;1
1306;132/2022;2022_132_152;salissa;1
1306;132/2022;2022_132_152;pidetty;1
1306;132/2022;2022_132_152;vaatimuksia;3
1306;132/2022;2022_132_152;terveydenhoidon;1
1306;132/2022;2022_132_152;budjettilisäyksistä;1
1306;132/2022;2022_132_152;veronalennuksista;1
1306;132/2022;2022_132_152;tukemisesta;1
1306;132/2022;2022_132_152;kaikki;1
1306;132/2022;2022_132_152;puuttuvat;1
1306;132/2022;2022_132_152;peter;1
1306;132/2022;2022_132_152;östman;1
1306;132/2022;2022_132_152;meidän;1
1306;132/2022;2022_132_152;täynnä;1
1306;132/2022;2022_132_152;kuten;1
1306;132/2022;2022_132_152;energian;1
1306;132/2022;2022_132_152;oltava;1
1306;132/2022;2022_132_152;kohtuuhintaista;1
1306;132/2022;2022_132_152;maatalous;1
1306;132/2022;2022_132_152;turvattava;2
1306;132/2022;2022_132_152;koulu;1
1306;132/2022;2022_132_152;tutkimus;1
1306;132/2022;2022_132_152;laskuja;1
1306;132/2022;2022_132_152;numeroita;1
1306;132/2022;2022_132_152;ritva;1
1306;132/2022;2022_132_152;elomaa;1
1306;132/2022;2022_132_152;me;1
1306;132/2022;2022_132_152;kannateta;1
1306;132/2022;2022_132_152;ennallistamista;1
1306;132/2022;2022_132_152;no;1
1306;132/2022;2022_132_152;entäs;1
1306;132/2022;2022_132_152;kokoomuksen;2
1306;132/2022;2022_132_152;varsin;2
1306;132/2022;2022_132_152;hyvin;1
1306;132/2022;2022_132_152;siellä;1
1306;132/2022;2022_132_152;edellisvuosien;1
1306;132/2022;2022_132_152;tapaan;1
1306;132/2022;2022_132_152;yhtä;2
1306;132/2022;2022_132_152;lailla;1
1306;132/2022;2022_132_152;vippaskonsteja;1
1306;132/2022;2022_132_152;superkotitalousvähennys;1
1306;132/2022;2022_132_152;enää;1
1306;132/2022;2022_132_152;syyksi;1
1306;132/2022;2022_132_152;miljoonan;1
1306;132/2022;2022_132_152;leikkauksiin;1
1306;132/2022;2022_132_152;vanhusten;1
1306;132/2022;2022_132_152;hoitoon;1
1306;132/2022;2022_132_152;kiitos;1
1306;132/2022;2022_132_152;kokoomukselle;1
1306;132/2022;2022_132_152;asuntorahaston;1
1306;132/2022;2022_132_152;kimppuun;1
1306;132/2022;2022_132_152;käydään;1
1306;132/2022;2022_132_152;mikä;1
1306;132/2022;2022_132_152;lisää;1
1306;132/2022;2022_132_152;velanoton;1
1306;132/2022;2022_132_152;tarvetta;2
1306;132/2022;2022_132_152;jota;3
1306;132/2022;2022_132_152;laskelmissa;1
1306;132/2022;2022_132_152;lisätään;1
1306;132/2022;2022_132_152;jopa;1
1306;132/2022;2022_132_152;kymmenien;1
1306;132/2022;2022_132_152;miljoonien;2
1306;132/2022;2022_132_152;edestä;1
1306;132/2022;2022_132_152;hyvinvointialueiden;1
1306;132/2022;2022_132_152;velvollisuuksia;1
1306;132/2022;2022_132_152;kustannuksia;1
1306;132/2022;2022_132_152;siihen;1
1306;132/2022;2022_132_152;osoitetaan;1
1306;132/2022;2022_132_152;rahaa;1
1306;132/2022;2022_132_152;energiatukea;1
1306;132/2022;2022_132_152;vähään;1
1306;132/2022;2022_132_152;aikaan;1
1306;132/2022;2022_132_152;myönnetty;1
1306;132/2022;2022_132_152;sehän;1
1306;132/2022;2022_132_152;helppoa;1
1306;132/2022;2022_132_152;heikosti;1
1306;132/2022;2022_132_152;työllistyvien;1
1306;132/2022;2022_132_152;tukea;3
1306;132/2022;2022_132_152;ottamatta;1
1306;132/2022;2022_132_152;huomioon;1
1306;132/2022;2022_132_152;todennäköisesti;1
1306;132/2022;2022_132_152;kasvattaa;2
1306;132/2022;2022_132_152;muiden;1
1306;132/2022;2022_132_152;tukien;1
1306;132/2022;2022_132_152;heikennetään;1
1306;132/2022;2022_132_152;mahdollisesti;1
1306;132/2022;2022_132_152;ratkaisevasti;1
1306;132/2022;2022_132_152;suomen;1
1306;132/2022;2022_132_152;vienti-infraa;1
1306;132/2022;2022_132_152;miehistötuella;1
1306;132/2022;2022_132_152;todellisia;1
1306;132/2022;2022_132_152;merkityksiä;1
1306;132/2022;2022_132_152;siksi;1
1306;132/2022;2022_132_152;poistettu;1
1306;132/2022;2022_132_152;silloin;1
1306;132/2022;2022_132_152;kun;1
1306;132/2022;2022_132_152;kokoomus;5
1306;132/2022;2022_132_152;oli;1
1306;132/2022;2022_132_152;hallituksessa;2
1306;132/2022;2022_132_152;oppositiossa;2
1306;132/2022;2022_132_152;tietenkin;1
1306;132/2022;2022_132_152;hyvä;1
1306;132/2022;2022_132_152;käyttää;1
1306;132/2022;2022_132_152;varjobudjetin;1
1306;132/2022;2022_132_152;höysteeksi;1
1306;132/2022;2022_132_152;joskin;1
1306;132/2022;2022_132_152;aika;1
1306;132/2022;2022_132_152;maltillisesti;1
1306;132/2022;2022_132_152;ilmastorahastoon;1
1306;132/2022;2022_132_152;kiinni;1
1306;132/2022;2022_132_152;vie;1
1306;132/2022;2022_132_152;autojen;1
1306;132/2022;2022_132_152;ostajilta;1
1306;132/2022;2022_132_152;kannustimet;1
1306;132/2022;2022_132_152;ostaa;1
1306;132/2022;2022_132_152;vähäpäästöinen;1
1306;132/2022;2022_132_152;auto;1
1306;132/2022;2022_132_152;toimi;2
1306;132/2022;2022_132_152;erityisesti;1
1306;132/2022;2022_132_152;valitettavasti;1
1306;132/2022;2022_132_152;silkkaa;1
1306;132/2022;2022_132_152;populismia;1
1306;132/2022;2022_132_152;kukaan;1
1306;132/2022;2022_132_152;asiantuntija;1
1306;132/2022;2022_132_152;taida;1
1306;132/2022;2022_132_152;kompensoidakseen;1
1306;132/2022;2022_132_152;roimasti;1
1306;132/2022;2022_132_152;ajoneuvoveroa;1
1306;132/2022;2022_132_152;väliaikaiseksi;1
1306;132/2022;2022_132_152;kaavailtua;1
1306;132/2022;2022_132_152;veroa;1
1306;132/2022;2022_132_152;varaan;1
1306;132/2022;2022_132_152;nyt;1
1306;132/2022;2022_132_152;rakentavan;1
1306;132/2022;2022_132_152;liikennepolitiikkaansa;1
1306;132/2022;2022_132_152;kai;2
1306;132/2022;2022_132_152;mykkänen;1
1306;132/2022;2022_132_152;väliaikainen;1
1306;132/2022;2022_132_152;taisi;1
1306;132/2022;2022_132_152;senkin;1
1306;132/2022;2022_132_152;osalta;2
1306;132/2022;2022_132_152;myös;1
1306;132/2022;2022_132_152;paljon;2
1306;132/2022;2022_132_152;hyvää;1
1306;132/2022;2022_132_152;numerot;1
1306;132/2022;2022_132_152;pitävät;1
1306;132/2022;2022_132_152;pitkälti;1
1306;132/2022;2022_132_152;paikkansa;1
1306;132/2022;2022_132_152;verolin-jaukset;1
1306;132/2022;2022_132_152;ovat;1
1306;132/2022;2022_132_152;epärealistiset;1
1306;132/2022;2022_132_152;rakenteellisesti;1
1306;132/2022;2022_132_152;oikeansuuntaiset;1
1306;132/2022;2022_132_152;ansiosidonnaisen;2
1306;132/2022;2022_132_152;katkaisu;1
1306;132/2022;2022_132_152;vyötärön;1
1306;132/2022;2022_132_152;kohdalla;1
1306;132/2022;2022_132_152;kova;1
1306;132/2022;2022_132_152;maltillisempi;1
1306;132/2022;2022_132_152;lyhennys;1
1306;132/2022;2022_132_152;mielestäni;1
1306;132/2022;2022_132_152;perustellumpi;1
1306;132/2022;2022_132_152;porrastus;1
1306;132/2022;2022_132_152;paikallaan;1
1306;132/2022;2022_132_152;ulottaminen;1
1306;132/2022;2022_132_152;kaikille;1
1306;132/2022;2022_132_152;oikea;1
1306;132/2022;2022_132_152;tapa;1
1306;132/2022;2022_132_152;edetä;1
1306;132/2022;2022_132_152;iso;1
1306;132/2022;2022_132_152;kysymys;1
1306;132/2022;2022_132_152;miksi;3
1306;132/2022;2022_132_152;puheet;1
1306;132/2022;2022_132_152;eroavat;2
1306;132/2022;2022_132_152;teoista;1
1306;132/2022;2022_132_152;tee;1
1306;132/2022;2022_132_152;puhuu;1
1306;132/2022;2022_132_152;äänestykset;1
1306;132/2022;2022_132_152;eduskunnassakin;1
1306;132/2022;2022_132_152;näistä;1
1306;132/2022;2022_132_152;linjauksista;1
1306;132/2022;2022_132_152;mykkäsen;1
1306;132/2022;2022_132_152;odotan;1
1306;132/2022;2022_132_152;joulun;1
1306;132/2022;2022_132_152;alla;1
1306;132/2022;2022_132_152;tapahtuvissa;1
1306;132/2022;2022_132_152;äänestyksissä;1
1306;132/2022;2022_132_152;emme;1
1306;132/2022;2022_132_152;tänä;1
1306;132/2022;2022_132_152;vuonna;1
1306;132/2022;2022_132_152;näe;1
1306;132/2022;2022_132_152;satojen;1
1306;132/2022;2022_132_152;tiehanke-esityksiä;1
1306;132/2022;2022_132_152;yksittäisiltä;1
1306;132/2022;2022_132_152;lopelta;1
1306;132/2022;2022_132_152;tulevilta;1
1306;132/2022;2022_132_152;kansanedustajilta;1
1306;132/2022;2022_132_152;puhemies;1
1306;132/2022;2022_132_152;koputtaa;1
1306;132/2022;2022_132_152;toki;1
1306;132/2022;2022_132_152;suppeampi;1
1306;132/2022;2022_132_152;esitys;1
1306;132/2022;2022_132_152;hyviä;1
1306;132/2022;2022_132_152;ajatuksia;1
1306;132/2022;2022_132_152;maataloudesta;1
1306;132/2022;2022_132_152;energiasta;1
1306;132/2022;2022_132_152;kotikuntoutuksesta;1
1306;132/2022;2022_132_152;aina;1
1306;132/2022;2022_132_152;realistisia;1
1306;132/2022;2022_132_152;johdonmukaisia;1
1306;133/2022;2022_133_93;ärade;1
1306;133/2022;2022_133_93;talman;1
1306;133/2022;2022_133_93;siirrymme;1
1306;133/2022;2022_133_93;tästä;1
1306;133/2022;2022_133_93;ministeri;1
1306;133/2022;2022_133_93;kurvisen;1
1306;133/2022;2022_133_93;mainitsemasta;1
1306;133/2022;2022_133_93;tärkeästä;1
1306;133/2022;2022_133_93;asiasta;1
1306;133/2022;2022_133_93;ehkä;1
1306;133/2022;2022_133_93;vielä;1
1306;133/2022;2022_133_93;tärkeämpään;1
1306;133/2022;2022_133_93;asiaan;1
1306;139/2022;2022_139_140;ärade;1
1306;139/2022;2022_139_140;talman;1
1306;139/2022;2022_139_140;kun;1
1306;139/2022;2022_139_140;vuosi;1
1306;139/2022;2022_139_140;sitten;1
1306;139/2022;2022_139_140;peräänkuulutin;1
1306;139/2022;2022_139_140;sitä;1
1306;139/2022;2022_139_140;että;8
1306;139/2022;2022_139_140;aloittaisimme;1
1306;139/2022;2022_139_140;nato-jäsenyyteen;1
1306;139/2022;2022_139_140;tähtäävän;1
1306;139/2022;2022_139_140;prosessin;1
1306;139/2022;2022_139_140;en;3
1306;139/2022;2022_139_140;ajatellut;1
1306;139/2022;2022_139_140;olisimme;1
1306;139/2022;2022_139_140;täällä;1
1306;139/2022;2022_139_140;ja;4
1306;139/2022;2022_139_140;tässä;2
1306;139/2022;2022_139_140;keskustelussa;1
1306;139/2022;2022_139_140;tänään;1
1306;139/2022;2022_139_140;silloin;2
1306;139/2022;2022_139_140;jäsenyyttä;1
1306;139/2022;2022_139_140;kannatti;1
1306;139/2022;2022_139_140;noin;1
1306;139/2022;2022_139_140;prosenttia;1
1306;139/2022;2022_139_140;suomen;1
1306;139/2022;2022_139_140;kansalaisista;1
1306;139/2022;2022_139_140;mitä;1
1306;139/2022;2022_139_140;ilmeisimmin;1
1306;139/2022;2022_139_140;vähemmistö;1
1306;139/2022;2022_139_140;kansanedustajista;1
1306;139/2022;2022_139_140;mutta;1
1306;139/2022;2022_139_140;arvannut;2
1306;139/2022;2022_139_140;tuskin;1
1306;139/2022;2022_139_140;kukaan;1
1306;139/2022;2022_139_140;muukaan;1
1306;139/2022;2022_139_140;euroopassa;2
1306;139/2022;2022_139_140;käytäisiin;1
1306;139/2022;2022_139_140;laajamittaista;1
1306;139/2022;2022_139_140;sotaa;1
1306;139/2022;2022_139_140;muutama;1
1306;139/2022;2022_139_140;kuukausi;1
1306;139/2022;2022_139_140;myöhemmin;1
1306;139/2022;2022_139_140;venäjä;1
1306;139/2022;2022_139_140;ryhtyisi;1
1306;139/2022;2022_139_140;järjettömään;1
1306;139/2022;2022_139_140;sotaan;1
1306;139/2022;2022_139_140;jolla;1
1306;139/2022;2022_139_140;se;1
1306;139/2022;2022_139_140;tuhoaa;1
1306;139/2022;2022_139_140;paitsi;1
1306;139/2022;2022_139_140;oman;2
1306;139/2022;2022_139_140;tulevaisuutensa;1
1306;139/2022;2022_139_140;myös;1
1306;139/2022;2022_139_140;kymmenientuhansien;1
1306;139/2022;2022_139_140;ukrainalaisten;1
1306;139/2022;2022_139_140;tulevaisuuden;1
1306;139/2022;2022_139_140;luulimme;1
1306;139/2022;2022_139_140;vielä;1
1306;139/2022;2022_139_140;järki;1
1306;139/2022;2022_139_140;voittaa;1
1306;139/2022;2022_139_140;putin;1
1306;139/2022;2022_139_140;kykenee;1
1306;139/2022;2022_139_140;ajattelemaan;1
1306;139/2022;2022_139_140;maansa;1
1306;139/2022;2022_139_140;etua;1
1306;139/2022;2022_139_140;kuitenkin;1
1306;139/2022;2022_139_140;olemme;1
1306;139/2022;2022_139_140;tyytyväisinä;1
1306;139/2022;2022_139_140;siitä;2
1306;139/2022;2022_139_140;tämä;1
1306;139/2022;2022_139_140;prosessi;1
1306;139/2022;2022_139_140;menee;1
1306;139/2022;2022_139_140;eteenpäin;1
1306;139/2022;2022_139_140;järkyttyneinä;1
1306;139/2022;2022_139_140;käydään;1
1306;139/2022;2022_139_140;brutaalia;1
1306;139/2022;2022_139_140;keskiaikaista;1
1306;139/2022;2022_139_140;valloitussotaa;1
1306;140/2022;2022_140_113;ärade;1
1306;140/2022;2022_140_113;talman;1
1306;140/2022;2022_140_113;edustaja;2
1306;140/2022;2022_140_113;rydman;1
1306;140/2022;2022_140_113;piti;1
1306;140/2022;2022_140_113;varsin;2
1306;140/2022;2022_140_113;tasapainoisen;1
1306;140/2022;2022_140_113;puheen;1
1306;140/2022;2022_140_113;opposition;1
1306;140/2022;2022_140_113;suusta;1
1306;140/2022;2022_140_113;kuulluksi;1
1306;140/2022;2022_140_113;puheeksi;1
1306;140/2022;2022_140_113;ja;14
1306;140/2022;2022_140_113;tokihan;1
1306;140/2022;2022_140_113;se;8
1306;140/2022;2022_140_113;on;30
1306;140/2022;2022_140_113;näin;1
1306;140/2022;2022_140_113;että;18
1306;140/2022;2022_140_113;tämän;1
1306;140/2022;2022_140_113;hallituskauden;1
1306;140/2022;2022_140_113;aikana;2
1306;140/2022;2022_140_113;olemme;2
1306;140/2022;2022_140_113;tehneet;1
1306;140/2022;2022_140_113;päätöksiä;1
1306;140/2022;2022_140_113;jotka;3
1306;140/2022;2022_140_113;lisäävät;1
1306;140/2022;2022_140_113;menoja;1
1306;140/2022;2022_140_113;myöskin;3
1306;140/2022;2022_140_113;tulevina;2
1306;140/2022;2022_140_113;vuosina;1
1306;140/2022;2022_140_113;tai;1
1306;140/2022;2022_140_113;aiheuttavat;1
1306;140/2022;2022_140_113;menopainetta;1
1306;140/2022;2022_140_113;toisaalta;1
1306;140/2022;2022_140_113;sote-uudistus;1
1306;140/2022;2022_140_113;toivottavasti;1
1306;140/2022;2022_140_113;johtaa;1
1306;140/2022;2022_140_113;siihen;6
1306;140/2022;2022_140_113;oletettu;1
1306;140/2022;2022_140_113;käyrä;1
1306;140/2022;2022_140_113;muuttuu;1
1306;140/2022;2022_140_113;hieman;1
1306;140/2022;2022_140_113;loivemmaksi;1
1306;140/2022;2022_140_113;toki;1
1306;140/2022;2022_140_113;senkin;1
1306;140/2022;2022_140_113;komponentteja;1
1306;140/2022;2022_140_113;voidaan;1
1306;140/2022;2022_140_113;kausina;1
1306;140/2022;2022_140_113;vielä;2
1306;140/2022;2022_140_113;säätää;1
1306;140/2022;2022_140_113;oppivelvollisuus;1
1306;140/2022;2022_140_113;toinen;1
1306;140/2022;2022_140_113;tällainen;1
1306;140/2022;2022_140_113;uudistus;1
1306;140/2022;2022_140_113;joka;2
1306;140/2022;2022_140_113;mielellään;1
1306;140/2022;2022_140_113;nostetaan;1
1306;140/2022;2022_140_113;keskusteluun;1
1306;140/2022;2022_140_113;itse;3
1306;140/2022;2022_140_113;olen;1
1306;140/2022;2022_140_113;kyllä;3
1306;140/2022;2022_140_113;valmis;1
1306;140/2022;2022_140_113;tarjoamaan;1
1306;140/2022;2022_140_113;kaljan;1
1306;140/2022;2022_140_113;sille;2
1306;140/2022;2022_140_113;kansanedustajalle;1
1306;140/2022;2022_140_113;ennen;1
1306;140/2022;2022_140_113;seuraavia;1
1306;140/2022;2022_140_113;vaaleja;1
1306;140/2022;2022_140_113;väittää;1
1306;140/2022;2022_140_113;haluaisi;1
1306;140/2022;2022_140_113;sen;8
1306;140/2022;2022_140_113;poistettavan;1
1306;140/2022;2022_140_113;laittakaa;1
1306;140/2022;2022_140_113;tämä;2
1306;140/2022;2022_140_113;korvan;1
1306;140/2022;2022_140_113;taakse;1
1306;140/2022;2022_140_113;muuten;1
1306;140/2022;2022_140_113;finanssipoliittisen;1
1306;140/2022;2022_140_113;balanssin;1
1306;140/2022;2022_140_113;suhteen;3
1306;140/2022;2022_140_113;ainakin;1
1306;140/2022;2022_140_113;varjobudjettien;1
1306;140/2022;2022_140_113;perusteella;1
1306;140/2022;2022_140_113;näyttää;1
1306;140/2022;2022_140_113;siltä;1
1306;140/2022;2022_140_113;ollaan;2
1306;140/2022;2022_140_113;kaikki;2
1306;140/2022;2022_140_113;oltu;1
1306;140/2022;2022_140_113;aika;2
1306;140/2022;2022_140_113;lailla;2
1306;140/2022;2022_140_113;samoilla;1
1306;140/2022;2022_140_113;linjoilla;1
1306;140/2022;2022_140_113;ei;7
1306;140/2022;2022_140_113;ole;3
1306;140/2022;2022_140_113;monen;1
1306;140/2022;2022_140_113;prosentin;1
1306;140/2022;2022_140_113;heitto;1
1306;140/2022;2022_140_113;eri;1
1306;140/2022;2022_140_113;vaihtoehtojen;1
1306;140/2022;2022_140_113;välillä;1
1306;140/2022;2022_140_113;sehän;1
1306;140/2022;2022_140_113;hyvä;1
1306;140/2022;2022_140_113;lähtökohta;1
1306;140/2022;2022_140_113;lähteä;1
1306;140/2022;2022_140_113;kriisitilanteessa;1
1306;140/2022;2022_140_113;kehittämään;1
1306;140/2022;2022_140_113;maata;1
1306;140/2022;2022_140_113;meillä;5
1306;140/2022;2022_140_113;tosiaankin;2
1306;140/2022;2022_140_113;ennätyksellinen;1
1306;140/2022;2022_140_113;työllisyysaste;1
1306;140/2022;2022_140_113;mutta;4
1306;140/2022;2022_140_113;myös;2
1306;140/2022;2022_140_113;ennätykselliset;1
1306;140/2022;2022_140_113;energian;1
1306;140/2022;2022_140_113;hinnat;2
1306;140/2022;2022_140_113;siitä;2
1306;140/2022;2022_140_113;tänäänkin;1
1306;140/2022;2022_140_113;tässä;3
1306;140/2022;2022_140_113;puhuttu;1
1306;140/2022;2022_140_113;ehkä;1
1306;140/2022;2022_140_113;syytä;1
1306;140/2022;2022_140_113;oikoa;1
1306;140/2022;2022_140_113;muutamat;1
1306;140/2022;2022_140_113;keskustelussa;1
1306;140/2022;2022_140_113;esiintyneet;1
1306;140/2022;2022_140_113;virheet;1
1306;140/2022;2022_140_113;turpeesta;1
1306;140/2022;2022_140_113;puhutaan;1
1306;140/2022;2022_140_113;usein;2
1306;140/2022;2022_140_113;turpeen;3
1306;140/2022;2022_140_113;rooli;2
1306;140/2022;2022_140_113;sähköntuotannossa;1
1306;140/2022;2022_140_113;äärimmäisen;2
1306;140/2022;2022_140_113;vähäinen;1
1306;140/2022;2022_140_113;sijaan;1
1306;140/2022;2022_140_113;päästöjen;1
1306;140/2022;2022_140_113;huomattava;1
1306;140/2022;2022_140_113;siksi;1
1306;140/2022;2022_140_113;näitä;1
1306;140/2022;2022_140_113;matalalla;1
1306;140/2022;2022_140_113;roikkuvia;1
1306;140/2022;2022_140_113;hedelmiäkin;1
1306;140/2022;2022_140_113;kannattaa;2
1306;140/2022;2022_140_113;poimia;1
1306;140/2022;2022_140_113;no;3
1306;140/2022;2022_140_113;mitä;2
1306;140/2022;2022_140_113;faktisesti;1
1306;140/2022;2022_140_113;tehty;2
1306;140/2022;2022_140_113;verotus;1
1306;140/2022;2022_140_113;tänään;1
1306;140/2022;2022_140_113;käytännössä;2
1306;140/2022;2022_140_113;samalla;1
1306;140/2022;2022_140_113;tasolla;2
1306;140/2022;2022_140_113;kuin;3
1306;140/2022;2022_140_113;oli;1
1306;140/2022;2022_140_113;kataisen;1
1306;140/2022;2022_140_113;hallituksen;1
1306;140/2022;2022_140_113;siinä;1
1306;140/2022;2022_140_113;mitään;1
1306;140/2022;2022_140_113;okkikorotuksia;1
1306;140/2022;2022_140_113;euroa;2
1306;140/2022;2022_140_113;per;2
1306;140/2022;2022_140_113;megawattitunti;2
1306;140/2022;2022_140_113;tilanteessa;1
1306;140/2022;2022_140_113;jossa;2
1306;140/2022;2022_140_113;sähkö;2
1306;140/2022;2022_140_113;maksaa;1
1306;140/2022;2022_140_113;väitän;1
1306;140/2022;2022_140_113;syy;2
1306;140/2022;2022_140_113;polton;1
1306;140/2022;2022_140_113;lopettamiseen;1
1306;140/2022;2022_140_113;vaan;2
1306;140/2022;2022_140_113;syyt;1
1306;140/2022;2022_140_113;ovat;2
1306;140/2022;2022_140_113;ihan;1
1306;140/2022;2022_140_113;muualla;1
1306;140/2022;2022_140_113;päästökaupan;1
1306;140/2022;2022_140_113;seurauksenakin;1
1306;140/2022;2022_140_113;huomattavan;1
1306;140/2022;2022_140_113;kallis;2
1306;140/2022;2022_140_113;polttoaine;1
1306;140/2022;2022_140_113;tuulivoima;1
1306;140/2022;2022_140_113;sitten;2
1306;140/2022;2022_140_113;hoskonen;1
1306;140/2022;2022_140_113;sanoi;1
1306;140/2022;2022_140_113;talvella;1
1306;140/2022;2022_140_113;tuule;1
1306;140/2022;2022_140_113;tilanne;1
1306;140/2022;2022_140_113;asiassa;1
1306;140/2022;2022_140_113;juuri;2
1306;140/2022;2022_140_113;päinvastainen;1
1306;140/2022;2022_140_113;tuulivoimalla;1
1306;140/2022;2022_140_113;tuotetaan;1
1306;140/2022;2022_140_113;talvikuukausina;1
1306;140/2022;2022_140_113;suuremmalla;1
1306;140/2022;2022_140_113;teholla;1
1306;140/2022;2022_140_113;sähköä;1
1306;140/2022;2022_140_113;kesäkuukausina;1
1306;140/2022;2022_140_113;ongelma;2
1306;140/2022;2022_140_113;tietenkin;1
1306;140/2022;2022_140_113;silloin;3
1306;140/2022;2022_140_113;kun;5
1306;140/2022;2022_140_113;aivan;1
1306;140/2022;2022_140_113;paukkupakkaset;1
1306;140/2022;2022_140_113;tuulta;1
1306;140/2022;2022_140_113;vähemmän;1
1306;140/2022;2022_140_113;miten;1
1306;140/2022;2022_140_113;tätä;1
1306;140/2022;2022_140_113;energiakriisiä;1
1306;140/2022;2022_140_113;lähdettäisiin;2
1306;140/2022;2022_140_113;hoitamaan;1
1306;140/2022;2022_140_113;kuten;1
1306;140/2022;2022_140_113;aikaisemmin;1
1306;140/2022;2022_140_113;mainitsin;1
1306;140/2022;2022_140_113;niin;4
1306;140/2022;2022_140_113;ollut;2
1306;140/2022;2022_140_113;edullinen;1
1306;140/2022;2022_140_113;päässä;1
1306;140/2022;2022_140_113;eurooppaa;1
1306;140/2022;2022_140_113;johtunut;1
1306;140/2022;2022_140_113;markkinat;1
1306;140/2022;2022_140_113;toimineet;1
1306;140/2022;2022_140_113;hyvin;1
1306;140/2022;2022_140_113;käytössä;1
1306;140/2022;2022_140_113;säätövoimaa;2
1306;140/2022;2022_140_113;ruotsista;1
1306;140/2022;2022_140_113;norjasta;1
1306;140/2022;2022_140_113;venäjältä;2
1306;140/2022;2022_140_113;nyt;2
1306;140/2022;2022_140_113;hinnan;1
1306;140/2022;2022_140_113;määräävä;1
1306;140/2022;2022_140_113;rajapolttoaine;1
1306;140/2022;2022_140_113;nykyinen;1
1306;140/2022;2022_140_113;hinnanmuodostusmekanismi;1
1306;140/2022;2022_140_113;enää;2
1306;140/2022;2022_140_113;tuota;1
1306;140/2022;2022_140_113;vastaavaa;1
1306;140/2022;2022_140_113;tulosta;1
1306;140/2022;2022_140_113;takia;1
1306;140/2022;2022_140_113;korkeat;1
1306;140/2022;2022_140_113;lisäksi;1
1306;140/2022;2022_140_113;useassa;1
1306;140/2022;2022_140_113;maassa;1
1306;140/2022;2022_140_113;tällä;1
1306;140/2022;2022_140_113;hetkellä;1
1306;140/2022;2022_140_113;ydinvoimaloiden;1
1306;140/2022;2022_140_113;kanssa;1
1306;140/2022;2022_140_113;ongelmia;1
1306;140/2022;2022_140_113;suomi;1
1306;140/2022;2022_140_113;yksi;1
1306;140/2022;2022_140_113;niistä;1
1306;140/2022;2022_140_113;saada;1
1306;140/2022;2022_140_113;rajan;1
1306;140/2022;2022_140_113;takaa;1
1306;140/2022;2022_140_113;aiheuttanut;1
1306;140/2022;2022_140_113;omat;1
1306;140/2022;2022_140_113;paineensa;1
1306;140/2022;2022_140_113;nämä;1
1306;140/2022;2022_140_113;yhdessä;1
1306;140/2022;2022_140_113;johtavat;1
1306;140/2022;2022_140_113;hinta;3
1306;140/2022;2022_140_113;ennätyksellisen;1
1306;140/2022;2022_140_113;korkea;2
1306;140/2022;2022_140_113;salissa;1
1306;140/2022;2022_140_113;esitetty;1
1306;140/2022;2022_140_113;kaikenlaisia;1
1306;140/2022;2022_140_113;markkinamekanismien;1
1306;140/2022;2022_140_113;säätötoimia;1
1306;140/2022;2022_140_113;pitäisin;1
1306;140/2022;2022_140_113;järkevämpänä;1
1306;140/2022;2022_140_113;sitä;3
1306;140/2022;2022_140_113;euroopan;1
1306;140/2022;2022_140_113;irrotettaisiin;1
1306;140/2022;2022_140_113;kallein;1
1306;140/2022;2022_140_113;komponentti;1
1306;140/2022;2022_140_113;ne;1
1306;140/2022;2022_140_113;viimeiset;1
1306;140/2022;2022_140_113;kymmenen;1
1306;140/2022;2022_140_113;prosenttia;1
1306;140/2022;2022_140_113;määriteltäisiin;1
1306;140/2022;2022_140_113;erikseen;1
1306;140/2022;2022_140_113;allokoitaisiin;1
1306;140/2022;2022_140_113;perushintaan;1
1306;140/2022;2022_140_113;maakohtaisesti;1
1306;140/2022;2022_140_113;säätämään;1
1306;140/2022;2022_140_113;hintakattoa;1
1306;140/2022;2022_140_113;varmaan;1
1306;140/2022;2022_140_113;lähdetään;2
1306;140/2022;2022_140_113;pohtimaan;1
1306;140/2022;2022_140_113;jos;1
1306;140/2022;2022_140_113;löytyy;1
1306;140/2022;2022_140_113;hyvät;1
1306;140/2022;2022_140_113;perusteet;1
1306;140/2022;2022_140_113;mikäs;1
1306;140/2022;2022_140_113;ettei;1
1306;140/2022;2022_140_113;me;2
1306;140/2022;2022_140_113;maana;1
1306;140/2022;2022_140_113;rajat;1
1306;140/2022;2022_140_113;ylittävän;1
1306;140/2022;2022_140_113;säätövoiman;1
1306;140/2022;2022_140_113;tarpeen;1
1306;140/2022;2022_140_113;varassa;1
1306;140/2022;2022_140_113;näkisin;1
1306;140/2022;2022_140_113;vaarana;1
1306;140/2022;2022_140_113;rajaliikenne;1
1306;140/2022;2022_140_113;heikkenisi;1
1306;140/2022;2022_140_113;tällaisen;1
1306;140/2022;2022_140_113;mekanismin;1
1306;140/2022;2022_140_113;kautta;1
1306;140/2022;2022_140_113;puolestaan;1
1306;140/2022;2022_140_113;entisestään;1
1306;140/2022;2022_140_113;nostaisi;1
1306;140/2022;2022_140_113;hintoja;1
1306;140/2022;2022_140_113;eli;1
1306;140/2022;2022_140_113;markkinoihin;1
1306;140/2022;2022_140_113;puuttumaan;1
1306;140/2022;2022_140_113;olla;1
1306;140/2022;2022_140_113;varovainen;1
1306;140/2022;2022_140_113;kotitalouksien;1
1306;140/2022;2022_140_113;osaltahan;1
1306;140/2022;2022_140_113;osalla;3
1306;140/2022;2022_140_113;kiinteät;1
1306;140/2022;2022_140_113;sopimukset;1
1306;140/2022;2022_140_113;pörssisähkösopimukset;1
1306;140/2022;2022_140_113;vain;1
1306;140/2022;2022_140_113;insentiivit;1
1306;140/2022;2022_140_113;tiputtaa;1
1306;140/2022;2022_140_113;kulutusta;2
1306;140/2022;2022_140_113;veikkaanpa;1
1306;140/2022;2022_140_113;muutaman;1
1306;140/2022;2022_140_113;vuoden;1
1306;140/2022;2022_140_113;kuluttua;1
1306;140/2022;2022_140_113;kiinteitä;1
1306;140/2022;2022_140_113;sopimuksia;1
1306;140/2022;2022_140_113;esiinny;1
1306;140/2022;2022_140_113;pörssisopimukset;1
1306;140/2022;2022_140_113;voimassa;1
1306;140/2022;2022_140_113;laitteistot;1
1306;140/2022;2022_140_113;ohjaavat;1
1306;140/2022;2022_140_113;sillä;1
1306;140/2022;2022_140_113;tavalla;1
1306;140/2022;2022_140_113;saadaan;1
1306;140/2022;2022_140_113;piikit;1
1306;140/2022;2022_140_113;katkaistua;1
1306;140/2022;2022_140_113;kulutus;1
1306;140/2022;2022_140_113;sovitettua;1
1306;140/2022;2022_140_113;tilanteeseen;1
1306;140/2022;2022_140_113;tuotantotilanteeseen;1
1306;140/2022;2022_140_113;mikä;1
1306;140/2022;2022_140_113;tarkoittaa;1
1306;140/2022;2022_140_113;tuotanto;1
1306;140/2022;2022_140_113;vaihtelee;1
1306;140/2022;2022_140_113;sään;1
1306;140/2022;2022_140_113;mukaan;1
1306;160/2022;2022_160_116;ärade;1
1306;160/2022;2022_160_116;talman;1
1306;160/2022;2022_160_116;det;11
1306;160/2022;2022_160_116;var;3
1306;160/2022;2022_160_116;en;7
1306;160/2022;2022_160_116;utmärkt;1
1306;160/2022;2022_160_116;fråga;1
1306;160/2022;2022_160_116;av;6
1306;160/2022;2022_160_116;ledamot;2
1306;160/2022;2022_160_116;rehn-kivi;1
1306;160/2022;2022_160_116;under;1
1306;160/2022;2022_160_116;pandemin;1
1306;160/2022;2022_160_116;märkte;1
1306;160/2022;2022_160_116;vi;7
1306;160/2022;2022_160_116;verkligen;1
1306;160/2022;2022_160_116;hur;1
1306;160/2022;2022_160_116;man;4
1306;160/2022;2022_160_116;synnerhet;2
1306;160/2022;2022_160_116;de;3
1306;160/2022;2022_160_116;norra;1
1306;160/2022;2022_160_116;delarna;1
1306;160/2022;2022_160_116;finland;6
1306;160/2022;2022_160_116;och;8
1306;160/2022;2022_160_116;sverige;4
1306;160/2022;2022_160_116;hemskt;1
1306;160/2022;2022_160_116;beroende;1
1306;160/2022;2022_160_116;trafiken;1
1306;160/2022;2022_160_116;över;1
1306;160/2022;2022_160_116;gränserna;1
1306;160/2022;2022_160_116;också;5
1306;160/2022;2022_160_116;med;4
1306;160/2022;2022_160_116;tanke;2
1306;160/2022;2022_160_116;på;6
1306;160/2022;2022_160_116;sjukvården;1
1306;160/2022;2022_160_116;kinnunen;1
1306;160/2022;2022_160_116;tog;1
1306;160/2022;2022_160_116;upp;1
1306;160/2022;2022_160_116;studerande;3
1306;160/2022;2022_160_116;olika;1
1306;160/2022;2022_160_116;länderna;2
1306;160/2022;2022_160_116;här;6
1306;160/2022;2022_160_116;är;6
1306;160/2022;2022_160_116;outnyttjad;1
1306;160/2022;2022_160_116;resurs;1
1306;160/2022;2022_160_116;många;1
1306;160/2022;2022_160_116;sätt;1
1306;160/2022;2022_160_116;kanske;2
1306;160/2022;2022_160_116;har;3
1306;160/2022;2022_160_116;inte;3
1306;160/2022;2022_160_116;förstått;1
1306;160/2022;2022_160_116;att;11
1306;160/2022;2022_160_116;locka;1
1306;160/2022;2022_160_116;nordiska;2
1306;160/2022;2022_160_116;hit;2
1306;160/2022;2022_160_116;finländska;1
1306;160/2022;2022_160_116;som;5
1306;160/2022;2022_160_116;studerar;2
1306;160/2022;2022_160_116;norge;2
1306;160/2022;2022_160_116;danmark;1
1306;160/2022;2022_160_116;men;2
1306;160/2022;2022_160_116;få;2
1306;160/2022;2022_160_116;söker;1
1306;160/2022;2022_160_116;sig;3
1306;160/2022;2022_160_116;handlar;1
1306;160/2022;2022_160_116;förstås;3
1306;160/2022;2022_160_116;till;3
1306;160/2022;2022_160_116;del;2
1306;160/2022;2022_160_116;om;5
1306;160/2022;2022_160_116;språkkunskaper;1
1306;160/2022;2022_160_116;helhet;1
1306;160/2022;2022_160_116;norden;1
1306;160/2022;2022_160_116;helt;1
1306;160/2022;2022_160_116;klart;1
1306;160/2022;2022_160_116;skulle;2
1306;160/2022;2022_160_116;ha;1
1306;160/2022;2022_160_116;ekvivalenta;1
1306;160/2022;2022_160_116;examina;1
1306;160/2022;2022_160_116;vara;1
1306;160/2022;2022_160_116;ett;1
1306;160/2022;2022_160_116;steg;1
1306;160/2022;2022_160_116;rätt;1
1306;160/2022;2022_160_116;riktning;1
1306;160/2022;2022_160_116;ska;1
1306;160/2022;2022_160_116;behöva;1
1306;160/2022;2022_160_116;tvivla;1
1306;160/2022;2022_160_116;studierna;1
1306;160/2022;2022_160_116;gäller;1
1306;160/2022;2022_160_116;vice;1
1306;160/2022;2022_160_116;versa;1
1306;160/2022;2022_160_116;orsaker;1
1306;160/2022;2022_160_116;glädje;1
1306;160/2022;2022_160_116;förra;1
1306;160/2022;2022_160_116;året;1
1306;160/2022;2022_160_116;följd;1
1306;160/2022;2022_160_116;fruktansvärda;1
1306;160/2022;2022_160_116;kriget;1
1306;160/2022;2022_160_116;ukraina;1
1306;160/2022;2022_160_116;närmade;1
1306;160/2022;2022_160_116;varandra;1
1306;160/2022;2022_160_116;ännu;1
1306;160/2022;2022_160_116;mer;1
1306;160/2022;2022_160_116;än;1
1306;160/2022;2022_160_116;tidigare;1
1306;160/2022;2022_160_116;primärt;1
1306;160/2022;2022_160_116;militärt;1
1306;160/2022;2022_160_116;gemensamma;1
1306;160/2022;2022_160_116;natoprocesser;1
1306;160/2022;2022_160_116;viktigt;3
1306;160/2022;2022_160_116;går;1
1306;160/2022;2022_160_116;tillsammans;1
1306;160/2022;2022_160_116;ända;1
1306;160/2022;2022_160_116;mål;1
1306;160/2022;2022_160_116;tiderna;1
1306;160/2022;2022_160_116;när;1
1306;160/2022;2022_160_116;talet;1
1306;160/2022;2022_160_116;beslöt;1
1306;160/2022;2022_160_116;för;2
1306;160/2022;2022_160_116;bli;1
1306;160/2022;2022_160_116;utanför;2
1306;160/2022;2022_160_116;nato;1
1306;160/2022;2022_160_116;så;1
1306;160/2022;2022_160_116;skriver;1
1306;160/2022;2022_160_116;tage;1
1306;160/2022;2022_160_116;erlander;1
1306;160/2022;2022_160_116;sina;1
1306;160/2022;2022_160_116;memoarer;1
1306;160/2022;2022_160_116;stor;1
1306;160/2022;2022_160_116;handlade;1
1306;160/2022;2022_160_116;solidaritet;1
1306;160/2022;2022_160_116;han;1
1306;160/2022;2022_160_116;såg;1
1306;160/2022;2022_160_116;finlands;1
1306;160/2022;2022_160_116;sveriges;1
1306;160/2022;2022_160_116;öde;1
1306;160/2022;2022_160_116;gemensamt;1
1306;160/2022;2022_160_116;ville;1
1306;160/2022;2022_160_116;lämna;1
1306;160/2022;2022_160_116;försvarsförmågorna;1
1306;160/2022;2022_160_116;natos;1
1306;160/2022;2022_160_116;försvarsplanering;1
1306;160/2022;2022_160_116;logistiken;1
1306;160/2022;2022_160_116;stund;1
1306;160/2022;2022_160_116;kris;1
1306;160/2022;2022_160_116;enormt;1
1306;160/2022;2022_160_116;båda;1
1306;160/2022;2022_160_116;alla;1
1306;160/2022;2022_160_116;händelser;1
1306;160/2022;2022_160_116;samma;1
1306;160/2022;2022_160_116;sida;1
1306;160/2022;2022_160_116;natogränsen;1
1306;160/2022;2022_160_116;därför;1
1306;160/2022;2022_160_116;nu;1
1306;160/2022;2022_160_116;dessa;2
1306;160/2022;2022_160_116;tider;1
1306;160/2022;2022_160_116;tar;1
1306;160/2022;2022_160_116;den;1
1306;160/2022;2022_160_116;situationen;1
1306;160/2022;2022_160_116;fattning;1
1306;160/2022;2022_160_116;väntar;1
1306;160/2022;2022_160_116;ut;1
1306;160/2022;2022_160_116;erdoan;1
1306;160/2022;2022_160_116;ifall;1
1306;160/2022;2022_160_116;behövs;1
1306;160/2022;2022_160_116;jag;1
1306;160/2022;2022_160_116;hoppas;1
1306;160/2022;2022_160_116;ni;1
1306;160/2022;2022_160_116;samarbetsministrar;1
1306;160/2022;2022_160_116;aktiv;1
1306;160/2022;2022_160_116;dialog;1
1306;160/2022;2022_160_116;frågor;1
1306;160/2022;2022_160_116;toinen;1
1306;160/2022;2022_160_116;varapuhemies;1
1306;160/2022;2022_160_116;juho;1
1306;160/2022;2022_160_116;eerola;1
1306;160/2022;2022_160_116;tack;1
1306;160/2022;2022_160_116;översättning;1
1306;160/2022;2022_160_116;igen;1
1306;160/2022;2022_160_116;tulkki;1
1306;160/2022;2022_160_116;esittää;1
1306;160/2022;2022_160_116;puheenvuorosta;1
1306;160/2022;2022_160_116;suomenkielisen;1
1306;160/2022;2022_160_116;yhteenvedon;1
1306;165/2022;2022_165_102;ärade;1
1306;165/2022;2022_165_102;talman;1
1306;165/2022;2022_165_102;dag;2
1306;165/2022;2022_165_102;har;2
1306;165/2022;2022_165_102;vi;1
1306;165/2022;2022_165_102;fått;1
1306;165/2022;2022_165_102;följa;2
1306;165/2022;2022_165_102;med;2
1306;165/2022;2022_165_102;de;1
1306;165/2022;2022_165_102;tusentals;1
1306;165/2022;2022_165_102;abiturienter;2
1306;165/2022;2022_165_102;som;1
1306;165/2022;2022_165_102;firar;1
1306;165/2022;2022_165_102;den;1
1306;165/2022;2022_165_102;traditionella;1
1306;165/2022;2022_165_102;bänkskuddardagen;1
1306;165/2022;2022_165_102;speciellt;1
1306;165/2022;2022_165_102;roligt;1
1306;165/2022;2022_165_102;är;1
1306;165/2022;2022_165_102;det;1
1306;165/2022;2022_165_102;att;2
1306;165/2022;2022_165_102;abiturienternas;1
1306;165/2022;2022_165_102;och;1
1306;165/2022;2022_165_102;familjernas;1
1306;165/2022;2022_165_102;glädje;1
1306;165/2022;2022_165_102;jag;1
1306;165/2022;2022_165_102;önskar;1
1306;165/2022;2022_165_102;alla;1
1306;165/2022;2022_165_102;en;1
1306;165/2022;2022_165_102;oförglömlig;1
1306;168/2022;2022_168_22;ärade;1
1306;168/2022;2022_168_22;talman;1
1306;168/2022;2022_168_22;erinomainen;1
1306;168/2022;2022_168_22;puheenvuoro;1
1306;168/2022;2022_168_22;edustaja;3
1306;168/2022;2022_168_22;kopralta;1
1306;168/2022;2022_168_22;kuten;1
1306;168/2022;2022_168_22;mäkelältäkin;1
1306;168/2022;2022_168_22;sitä;4
1306;168/2022;2022_168_22;ennen;1
1306;168/2022;2022_168_22;ja;6
1306;168/2022;2022_168_22;zyskowiczilta;1
1306;168/2022;2022_168_22;hyvä;4
1306;168/2022;2022_168_22;huomio;1
1306;168/2022;2022_168_22;siitä;2
1306;168/2022;2022_168_22;että;15
1306;168/2022;2022_168_22;on;5
1306;168/2022;2022_168_22;hämmentävää;1
1306;168/2022;2022_168_22;huomata;1
1306;168/2022;2022_168_22;miten;3
1306;168/2022;2022_168_22;meidän;5
1306;168/2022;2022_168_22;oikeusvaltiokäsitys;1
1306;168/2022;2022_168_22;käsitys;1
1306;168/2022;2022_168_22;kanssakäyntiä;1
1306;168/2022;2022_168_22;harjoitetaan;1
1306;168/2022;2022_168_22;kansainvälisillä;1
1306;168/2022;2022_168_22;areenoilla;1
1306;168/2022;2022_168_22;kuitenkin;2
1306;168/2022;2022_168_22;näyttää;1
1306;168/2022;2022_168_22;olevan;1
1306;168/2022;2022_168_22;ainakin;1
1306;168/2022;2022_168_22;tietyillä;1
1306;168/2022;2022_168_22;mantereilla;1
1306;168/2022;2022_168_22;vähemmistössä;1
1306;168/2022;2022_168_22;toivoisin;1
1306;168/2022;2022_168_22;myöskin;3
1306;168/2022;2022_168_22;afrikan;1
1306;168/2022;2022_168_22;maat;1
1306;168/2022;2022_168_22;näkisivät;1
1306;168/2022;2022_168_22;venäjä;2
1306;168/2022;2022_168_22;tässä;3
1306;168/2022;2022_168_22;harjoittaa;1
1306;168/2022;2022_168_22;nimenomaan;2
1306;168/2022;2022_168_22;kolonialismia;1
1306;168/2022;2022_168_22;josta;1
1306;168/2022;2022_168_22;he;1
1306;168/2022;2022_168_22;itse;1
1306;168/2022;2022_168_22;ovat;1
1306;168/2022;2022_168_22;aikoinaan;1
1306;168/2022;2022_168_22;kärsineet;1
1306;168/2022;2022_168_22;ukrainaa;1
1306;168/2022;2022_168_22;autetaan;1
1306;168/2022;2022_168_22;monella;1
1306;168/2022;2022_168_22;tavoin;1
1306;168/2022;2022_168_22;osallistutaan;1
1306;168/2022;2022_168_22;koulutusoperaatioihin;1
1306;168/2022;2022_168_22;mutta;1
1306;168/2022;2022_168_22;tuntuu;1
1306;168/2022;2022_168_22;me;2
1306;168/2022;2022_168_22;isossa;1
1306;168/2022;2022_168_22;kuvassa;1
1306;168/2022;2022_168_22;koko;1
1306;168/2022;2022_168_22;ajan;1
1306;168/2022;2022_168_22;ollaan;1
1306;168/2022;2022_168_22;jälkijättöisesti;1
1306;168/2022;2022_168_22;liikkeellä;1
1306;168/2022;2022_168_22;pohditaan;1
1306;168/2022;2022_168_22;yksittäisiä;2
1306;168/2022;2022_168_22;toimia;2
1306;168/2022;2022_168_22;apulähetyksiä;1
1306;168/2022;2022_168_22;siis;1
1306;168/2022;2022_168_22;ei;3
1306;168/2022;2022_168_22;pelkästään;1
1306;168/2022;2022_168_22;suomessa;1
1306;168/2022;2022_168_22;vaan;1
1306;168/2022;2022_168_22;länsimaat;1
1306;168/2022;2022_168_22;yhdessä;1
1306;168/2022;2022_168_22;kieltäydytään;1
1306;168/2022;2022_168_22;jostain;1
1306;168/2022;2022_168_22;kunnes;1
1306;168/2022;2022_168_22;tilanne;1
1306;168/2022;2022_168_22;muuttuu;1
1306;168/2022;2022_168_22;sellaiseksi;1
1306;168/2022;2022_168_22;siihen;2
1306;168/2022;2022_168_22;suostutaan;1
1306;168/2022;2022_168_22;jos;1
1306;168/2022;2022_168_22;oltaisiin;1
1306;168/2022;2022_168_22;hieman;1
1306;168/2022;2022_168_22;ennakoivampia;1
1306;168/2022;2022_168_22;pohtisimme;1
1306;168/2022;2022_168_22;mikä;1
1306;168/2022;2022_168_22;se;11
1306;168/2022;2022_168_22;strateginen;2
1306;168/2022;2022_168_22;tavoite;3
1306;168/2022;2022_168_22;voi;1
1306;168/2022;2022_168_22;olla;2
1306;168/2022;2022_168_22;mikään;1
1306;168/2022;2022_168_22;muu;1
1306;168/2022;2022_168_22;kuin;1
1306;168/2022;2022_168_22;ukraina;1
1306;168/2022;2022_168_22;säilyy;1
1306;168/2022;2022_168_22;poistuu;1
1306;168/2022;2022_168_22;sen;1
1306;168/2022;2022_168_22;miehittämiltä;1
1306;168/2022;2022_168_22;alueilta;1
1306;168/2022;2022_168_22;saadaan;1
1306;168/2022;2022_168_22;palautettua;1
1306;168/2022;2022_168_22;eurooppaan;1
1306;168/2022;2022_168_22;yhteiskuntajärjestys;1
1306;168/2022;2022_168_22;tapa;1
1306;168/2022;2022_168_22;joka;2
1306;168/2022;2022_168_22;perustunut;1
1306;168/2022;2022_168_22;kansainvälisiin;1
1306;168/2022;2022_168_22;sopimuksiin;1
1306;168/2022;2022_168_22;toisten;1
1306;168/2022;2022_168_22;rajojen;1
1306;168/2022;2022_168_22;kunnioittamiseen;1
1306;168/2022;2022_168_22;tämänhän;1
1306;168/2022;2022_168_22;pitää;3
1306;168/2022;2022_168_22;silloin;1
1306;168/2022;2022_168_22;länsimaitten;1
1306;168/2022;2022_168_22;yhteisesti;1
1306;168/2022;2022_168_22;pohtia;1
1306;168/2022;2022_168_22;varmistetaan;1
1306;168/2022;2022_168_22;ukrainalla;1
1306;168/2022;2022_168_22;mahdollisimman;1
1306;168/2022;2022_168_22;kyky;1
1306;168/2022;2022_168_22;saavuttaa;1
1306;168/2022;2022_168_22;tämä;2
1306;168/2022;2022_168_22;tarkoittaa;3
1306;168/2022;2022_168_22;kaikki;1
1306;168/2022;2022_168_22;joudumme;3
1306;168/2022;2022_168_22;osallistumaan;1
1306;168/2022;2022_168_22;apuun;1
1306;168/2022;2022_168_22;euroopan;1
1306;168/2022;2022_168_22;tasolla;1
1306;168/2022;2022_168_22;koordinoimaan;1
1306;168/2022;2022_168_22;teollista;1
1306;168/2022;2022_168_22;yhteistyötä;1
1306;168/2022;2022_168_22;nostaa;1
1306;168/2022;2022_168_22;valmiuksia;1
1306;168/2022;2022_168_22;antamaan;1
1306;168/2022;2022_168_22;uusia;1
1306;168/2022;2022_168_22;kyvykkyyksiä;3
1306;168/2022;2022_168_22;ukrainalle;1
1306;168/2022;2022_168_22;ehkä;1
1306;168/2022;2022_168_22;tavalla;1
1306;168/2022;2022_168_22;väliaikaisesti;1
1306;168/2022;2022_168_22;heikentää;1
1306;168/2022;2022_168_22;joita;1
1306;168/2022;2022_168_22;tällä;1
1306;168/2022;2022_168_22;hetkellä;1
1306;168/2022;2022_168_22;tarvitaan;1
1306;168/2022;2022_168_22;ukrainassa;1
1306;168/2022;2022_168_22;jotta;1
1306;168/2022;2022_168_22;niitä;1
1306;168/2022;2022_168_22;tarvittaisi;1
1306;168/2022;2022_168_22;täällä;1
1306;168/2022;2022_168_22;suomen;1
1306;168/2022;2022_168_22;rajalla;1
1306;168/2022;2022_168_22;näkökulma;1
1306;168/2022;2022_168_22;jonka;1
1306;168/2022;2022_168_22;tulisi;1
1306;168/2022;2022_168_22;ohjata;1
1306;168/2022;2022_168_22;toimintaa;1
1306;168/2022;2022_168_22;toivon;1
1306;168/2022;2022_168_22;kaikilta;1
1306;168/2022;2022_168_22;osin;1
1306;168/2022;2022_168_22;ohjaisi;1
1306;172/2022;2022_172_96;ärade;1
1306;172/2022;2022_172_96;talman;1
1306;172/2022;2022_172_96;det;1
1306;172/2022;2022_172_96;senaste;1
1306;172/2022;2022_172_96;årets;1
1306;172/2022;2022_172_96;händelser;1
1306;172/2022;2022_172_96;visar;1
1306;172/2022;2022_172_96;klart;1
1306;172/2022;2022_172_96;varför;2
1306;172/2022;2022_172_96;säkerhet;2
1306;172/2022;2022_172_96;inte;2
1306;172/2022;2022_172_96;kan;2
1306;172/2022;2022_172_96;byggas;2
1306;172/2022;2022_172_96;utan;2
1306;172/2022;2022_172_96;gemenskap;1
1306;172/2022;2022_172_96;och;1
1306;172/2022;2022_172_96;samarbete;1
1306;172/2022;2022_172_96;men;1
1306;172/2022;2022_172_96;också;1
1306;172/2022;2022_172_96;demokrati;1
1306;177/2022;2022_177_46;ärade;1
1306;177/2022;2022_177_46;talman;1
1306;177/2022;2022_177_46;yhdyn;1
1306;177/2022;2022_177_46;täysin;1
1306;177/2022;2022_177_46;tähän;2
1306;177/2022;2022_177_46;edustaja;2
1306;177/2022;2022_177_46;hännisen;1
1306;177/2022;2022_177_46;loppukaneettiin;1
1306;177/2022;2022_177_46;on;24
1306;177/2022;2022_177_46;mielestäni;1
1306;177/2022;2022_177_46;itsestäänselvää;1
1306;177/2022;2022_177_46;ja;17
1306;177/2022;2022_177_46;hyvä;4
1306;177/2022;2022_177_46;asia;3
1306;177/2022;2022_177_46;että;12
1306;177/2022;2022_177_46;tästäkin;1
1306;177/2022;2022_177_46;asiasta;2
1306;177/2022;2022_177_46;voi;2
1306;177/2022;2022_177_46;olla;2
1306;177/2022;2022_177_46;eri;2
1306;177/2022;2022_177_46;mieltä;2
1306;177/2022;2022_177_46;sallitaan;1
1306;177/2022;2022_177_46;erilaisia;1
1306;177/2022;2022_177_46;mielipiteitä;1
1306;177/2022;2022_177_46;kannattaa;1
1306;177/2022;2022_177_46;muistaa;1
1306;177/2022;2022_177_46;miten;2
1306;177/2022;2022_177_46;nopeasti;1
1306;177/2022;2022_177_46;mielipiteet;1
1306;177/2022;2022_177_46;tässäkin;2
1306;177/2022;2022_177_46;asiassa;1
1306;177/2022;2022_177_46;vaihtuivat;1
1306;177/2022;2022_177_46;presidentinvaaleissa;1
1306;177/2022;2022_177_46;vuonna;1
1306;177/2022;2022_177_46;ainoastaan;1
1306;177/2022;2022_177_46;rkpn;1
1306;177/2022;2022_177_46;oli;1
1306;177/2022;2022_177_46;natoon;4
1306;177/2022;2022_177_46;liittymisen;3
1306;177/2022;2022_177_46;kannalla;1
1306;177/2022;2022_177_46;nyt;4
1306;177/2022;2022_177_46;tätä;1
1306;177/2022;2022_177_46;asiaa;1
1306;177/2022;2022_177_46;tukee;1
1306;177/2022;2022_177_46;iso;1
1306;177/2022;2022_177_46;enemmistö;1
1306;177/2022;2022_177_46;siitä;1
1306;177/2022;2022_177_46;huolimatta;3
1306;177/2022;2022_177_46;monta;1
1306;177/2022;2022_177_46;kaikilla;2
1306;177/2022;2022_177_46;oikeus;1
1306;177/2022;2022_177_46;omaan;1
1306;177/2022;2022_177_46;näkemykseensä;1
1306;177/2022;2022_177_46;tässä;2
1306;177/2022;2022_177_46;no;4
1306;177/2022;2022_177_46;mikä;2
1306;177/2022;2022_177_46;tilanne;1
1306;177/2022;2022_177_46;tällä;2
1306;177/2022;2022_177_46;hetkellä;2
1306;177/2022;2022_177_46;odotamme;1
1306;177/2022;2022_177_46;unkarin;1
1306;177/2022;2022_177_46;turkin;1
1306;177/2022;2022_177_46;ratifiointeja;1
1306;177/2022;2022_177_46;toivomme;2
1306;177/2022;2022_177_46;ne;4
1306;177/2022;2022_177_46;tapahtuvat;1
1306;177/2022;2022_177_46;suomen;4
1306;177/2022;2022_177_46;ruotsin;2
1306;177/2022;2022_177_46;osalta;1
1306;177/2022;2022_177_46;samaan;3
1306;177/2022;2022_177_46;aikaan;4
1306;177/2022;2022_177_46;koska;1
1306;177/2022;2022_177_46;se;13
1306;177/2022;2022_177_46;helpottaisi;1
1306;177/2022;2022_177_46;liittymistä;1
1306;177/2022;2022_177_46;naton;6
1306;177/2022;2022_177_46;toiminnan;1
1306;177/2022;2022_177_46;turvallisuuspolitiikan;1
1306;177/2022;2022_177_46;puolustussuunnittelun;1
1306;177/2022;2022_177_46;näkökulmasta;3
1306;177/2022;2022_177_46;huomattavasti;1
1306;177/2022;2022_177_46;parempi;1
1306;177/2022;2022_177_46;kuin;2
1306;177/2022;2022_177_46;tapahtuisi;1
1306;177/2022;2022_177_46;yhtä;1
1306;177/2022;2022_177_46;kaikki;1
1306;177/2022;2022_177_46;meidän;2
1306;177/2022;2022_177_46;omat;2
1306;177/2022;2022_177_46;mahdollisuudet;1
1306;177/2022;2022_177_46;vaikuttaa;1
1306;177/2022;2022_177_46;eivät;1
1306;177/2022;2022_177_46;ole;2
1306;177/2022;2022_177_46;olemattomat;1
1306;177/2022;2022_177_46;mutta;3
1306;177/2022;2022_177_46;kuitenkin;2
1306;177/2022;2022_177_46;rajalliset;1
1306;177/2022;2022_177_46;selvää;1
1306;177/2022;2022_177_46;liittyessämme;1
1306;177/2022;2022_177_46;me;2
1306;177/2022;2022_177_46;emme;1
1306;177/2022;2022_177_46;luovu;1
1306;177/2022;2022_177_46;oikeusvaltioperiaatteestamme;1
1306;177/2022;2022_177_46;nimenomaan;2
1306;177/2022;2022_177_46;haluamme;2
1306;177/2022;2022_177_46;siksi;4
1306;177/2022;2022_177_46;pidämme;2
1306;177/2022;2022_177_46;sitä;5
1306;177/2022;2022_177_46;arvokkaana;1
1306;177/2022;2022_177_46;puolustamisen;1
1306;177/2022;2022_177_46;arvoisena;1
1306;177/2022;2022_177_46;vahvistaa;2
1306;177/2022;2022_177_46;puolustustamme;1
1306;177/2022;2022_177_46;koalition;1
1306;177/2022;2022_177_46;kautta;1
1306;177/2022;2022_177_46;jotta;1
1306;177/2022;2022_177_46;voisimme;1
1306;177/2022;2022_177_46;säilyttää;1
1306;177/2022;2022_177_46;oikeusvaltion;1
1306;177/2022;2022_177_46;täällä;1
1306;177/2022;2022_177_46;jatkossakin;1
1306;177/2022;2022_177_46;siinä;2
1306;177/2022;2022_177_46;mielessä;2
1306;177/2022;2022_177_46;en;1
1306;177/2022;2022_177_46;ajattele;1
1306;177/2022;2022_177_46;tämä;1
1306;177/2022;2022_177_46;kaventaisi;1
1306;177/2022;2022_177_46;ulkopoliittista;1
1306;177/2022;2022_177_46;liikkumavaraa;1
1306;177/2022;2022_177_46;vaan;2
1306;177/2022;2022_177_46;pikemminkin;1
1306;177/2022;2022_177_46;laajentaa;1
1306;177/2022;2022_177_46;kun;6
1306;177/2022;2022_177_46;olemme;3
1306;177/2022;2022_177_46;jäseniä;1
1306;177/2022;2022_177_46;niin;2
1306;177/2022;2022_177_46;yksi;1
1306;177/2022;2022_177_46;uhkatekijä;1
1306;177/2022;2022_177_46;poissa;1
1306;177/2022;2022_177_46;antaa;1
1306;177/2022;2022_177_46;luonnollisesti;1
1306;177/2022;2022_177_46;myöskin;2
1306;177/2022;2022_177_46;enemmän;1
1306;177/2022;2022_177_46;liikkumatilaa;1
1306;177/2022;2022_177_46;mitä;3
1306;177/2022;2022_177_46;tapahtuu;1
1306;177/2022;2022_177_46;jälkeen;2
1306;177/2022;2022_177_46;minkälainen;1
1306;177/2022;2022_177_46;suomi;1
1306;177/2022;2022_177_46;nato-suomi;1
1306;177/2022;2022_177_46;ollut;1
1306;177/2022;2022_177_46;keskustelua;1
1306;177/2022;2022_177_46;pysyvistä;1
1306;177/2022;2022_177_46;nato-tukikohdista;1
1306;177/2022;2022_177_46;jokainen;1
1306;177/2022;2022_177_46;varuskunta;1
1306;177/2022;2022_177_46;pysyvä;1
1306;177/2022;2022_177_46;nato-tukikohta;1
1306;177/2022;2022_177_46;ovat;3
1306;177/2022;2022_177_46;osa;2
1306;177/2022;2022_177_46;natoa;1
1306;177/2022;2022_177_46;suomalaiset;1
1306;177/2022;2022_177_46;varusmiehet;1
1306;177/2022;2022_177_46;käytännössä;1
1306;177/2022;2022_177_46;joukkoja;2
1306;177/2022;2022_177_46;keskustelu;1
1306;177/2022;2022_177_46;ehkä;3
1306;177/2022;2022_177_46;hieman;1
1306;177/2022;2022_177_46;erikoinen;1
1306;177/2022;2022_177_46;tuleeko;1
1306;177/2022;2022_177_46;tänne;1
1306;177/2022;2022_177_46;ulkomaalaisia;1
1306;177/2022;2022_177_46;ikään;1
1306;177/2022;2022_177_46;pysyviä;1
1306;177/2022;2022_177_46;sitten;2
1306;177/2022;2022_177_46;toinen;2
1306;177/2022;2022_177_46;kysymys;1
1306;177/2022;2022_177_46;historian;1
1306;177/2022;2022_177_46;merkit;1
1306;177/2022;2022_177_46;viittaavat;1
1306;177/2022;2022_177_46;siihen;1
1306;177/2022;2022_177_46;tuskinpa;1
1306;177/2022;2022_177_46;näin;2
1306;177/2022;2022_177_46;ei;4
1306;177/2022;2022_177_46;tapahtunut;1
1306;177/2022;2022_177_46;uusissa;1
1306;177/2022;2022_177_46;nato-maissa;1
1306;177/2022;2022_177_46;useaan;1
1306;177/2022;2022_177_46;vuosikymmeneen;1
1306;177/2022;2022_177_46;tuskin;1
1306;177/2022;2022_177_46;natonkaan;1
1306;177/2022;2022_177_46;mielestä;1
1306;177/2022;2022_177_46;mielekästä;1
1306;177/2022;2022_177_46;etenkin;2
1306;177/2022;2022_177_46;houkuttelevuus;1
1306;177/2022;2022_177_46;meillä;1
1306;177/2022;2022_177_46;kyvykkyytemme;1
1306;177/2022;2022_177_46;meitä;1
1306;177/2022;2022_177_46;tarvitse;1
1306;177/2022;2022_177_46;normaalitiloissa;1
1306;177/2022;2022_177_46;tukea;1
1306;177/2022;2022_177_46;tietenkin;3
1306;177/2022;2022_177_46;kriisin;1
1306;177/2022;2022_177_46;sattuessa;1
1306;177/2022;2022_177_46;tulemme;1
1306;177/2022;2022_177_46;saamaan;1
1306;177/2022;2022_177_46;suhtaudumme;1
1306;177/2022;2022_177_46;puhuja;1
1306;177/2022;2022_177_46;siirtyy;1
1306;177/2022;2022_177_46;puhujakorokkeelle;1
1306;177/2022;2022_177_46;jukka;1
1306;177/2022;2022_177_46;gustafsson;1
1306;177/2022;2022_177_46;reippaat;1
1306;177/2022;2022_177_46;askeleet;1
1306;177/2022;2022_177_46;kyllä;2
1306;177/2022;2022_177_46;puolustusmenojen;1
1306;177/2022;2022_177_46;tasoon;1
1306;177/2022;2022_177_46;reippaasti;1
1306;177/2022;2022_177_46;kahden;2
1306;177/2022;2022_177_46;prosentin;2
1306;177/2022;2022_177_46;yläpuolella;2
1306;177/2022;2022_177_46;muutamassa;1
1306;177/2022;2022_177_46;vuodessa;1
1306;177/2022;2022_177_46;uhkaa;1
1306;177/2022;2022_177_46;kääntyä;1
1306;177/2022;2022_177_46;alaspäin;1
1306;177/2022;2022_177_46;julkisen;1
1306;177/2022;2022_177_46;talouden;1
1306;177/2022;2022_177_46;tilanteessa;1
1306;177/2022;2022_177_46;puolueilla;1
1306;177/2022;2022_177_46;syytä;1
1306;177/2022;2022_177_46;ottaa;1
1306;177/2022;2022_177_46;vakavasti;1
1306;177/2022;2022_177_46;puheet;1
1306;177/2022;2022_177_46;joita;1
1306;177/2022;2022_177_46;salissa;1
1306;177/2022;2022_177_46;viime;1
1306;177/2022;2022_177_46;vuoden;2
1306;177/2022;2022_177_46;aikana;2
1306;177/2022;2022_177_46;tehty;1
1306;177/2022;2022_177_46;eli;1
1306;177/2022;2022_177_46;pidetään;1
1306;177/2022;2022_177_46;taso;1
1306;177/2022;2022_177_46;sen;1
1306;177/2022;2022_177_46;suositus;1
1306;177/2022;2022_177_46;näemme;2
1306;177/2022;2022_177_46;ihan;1
1306;177/2022;2022_177_46;toisella;1
1306;177/2022;2022_177_46;tavalla;1
1306;177/2022;2022_177_46;tarkoittaa;2
1306;177/2022;2022_177_46;aseellisen;1
1306;177/2022;2022_177_46;hyökkäyksen;1
1306;177/2022;2022_177_46;kohteena;1
1306;177/2022;2022_177_46;kyvykkyyksistä;1
1306;177/2022;2022_177_46;pitää;2
1306;177/2022;2022_177_46;kiinni;1
1306;177/2022;2022_177_46;olemmeko;1
1306;177/2022;2022_177_46;olleet;2
1306;177/2022;2022_177_46;naiiveja;2
1306;177/2022;2022_177_46;tämän;2
1306;177/2022;2022_177_46;edessä;1
1306;177/2022;2022_177_46;varmaankin;1
1306;177/2022;2022_177_46;turvallisuuspoliittisesta;1
1306;177/2022;2022_177_46;de-mokratiavajeeseen;1
1306;177/2022;2022_177_46;reagoida;1
1306;177/2022;2022_177_46;sysätään;1
1306;177/2022;2022_177_46;demokratia-analyysit;1
1306;177/2022;2022_177_46;sivummalle;1
1306;177/2022;2022_177_46;ajatellaan;1
1306;177/2022;2022_177_46;yhteydenpitoa;1
1306;177/2022;2022_177_46;kauppaa;1
1306;177/2022;2022_177_46;käydä;1
1306;177/2022;2022_177_46;keskinäisiä;1
1306;177/2022;2022_177_46;vuorovaikutussuhteita;1
1306;177/2022;2022_177_46;riippuvuussuhteita;1
1306;177/2022;2022_177_46;järkevää;1
1306;177/2022;2022_177_46;rakentaa;2
1306;177/2022;2022_177_46;ilmeisestä;1
1306;177/2022;2022_177_46;demokratiavajeesta;2
1306;177/2022;2022_177_46;näitä;2
1306;177/2022;2022_177_46;yhteyksiä;1
1306;177/2022;2022_177_46;siteitä;1
1306;177/2022;2022_177_46;tulee;1
1306;177/2022;2022_177_46;luoneeksi;1
1306;177/2022;2022_177_46;itselleen;1
1306;177/2022;2022_177_46;turvallisuuspoliittisia;1
1306;177/2022;2022_177_46;haasteita;1
1306;177/2022;2022_177_46;haasteet;1
1306;177/2022;2022_177_46;lauenneet;1
1306;177/2022;2022_177_46;euroopassa;1
1306;40/2023;2023_40_315;ärade;1
1306;40/2023;2023_40_315;talman;1
1306;40/2023;2023_40_315;arvoisa;1
1306;40/2023;2023_40_315;puhemies;1
1306;40/2023;2023_40_315;valtion;6
1306;40/2023;2023_40_315;omistajapolitiikan;2
1306;40/2023;2023_40_315;lähtökohtana;1
1306;40/2023;2023_40_315;on;5
1306;40/2023;2023_40_315;yhtiöomistusten;1
1306;40/2023;2023_40_315;hallinnointi;1
1306;40/2023;2023_40_315;vastuullisesti;2
1306;40/2023;2023_40_315;ammattimaisesti;1
1306;40/2023;2023_40_315;omistusintressin;1
1306;40/2023;2023_40_315;kannalta;1
1306;40/2023;2023_40_315;tarkoituksenmukaisesti;1
1306;40/2023;2023_40_315;ja;4
1306;40/2023;2023_40_315;omistaja-arvoa;1
1306;40/2023;2023_40_315;pitkäjänteisesti;1
1306;40/2023;2023_40_315;kasvattavasti;1
1306;40/2023;2023_40_315;näin;1
1306;40/2023;2023_40_315;linjaamme;1
1306;40/2023;2023_40_315;hallitusohjelmassa;1
1306;40/2023;2023_40_315;omistajapolitiikkamme;1
1306;40/2023;2023_40_315;kulmakivistä;1
1306;40/2023;2023_40_315;hallitusohjelma;1
1306;40/2023;2023_40_315;luo;1
1306;40/2023;2023_40_315;hyvät;1
1306;40/2023;2023_40_315;toimintaedellytykset;1
1306;40/2023;2023_40_315;sekä;1
1306;40/2023;2023_40_315;valtio-omistajalle;1
1306;40/2023;2023_40_315;että;3
1306;40/2023;2023_40_315;valtio-omisteisille;1
1306;40/2023;2023_40_315;yhtiöille;1
1306;40/2023;2023_40_315;omistajaohjauksen;2
1306;40/2023;2023_40_315;perusperiaatteisiin;1
1306;40/2023;2023_40_315;kuuluu;1
1306;40/2023;2023_40_315;myös;1
1306;40/2023;2023_40_315;yhtiön;4
1306;40/2023;2023_40_315;toiminnan;1
1306;40/2023;2023_40_315;säätelyvastuun;1
1306;40/2023;2023_40_315;eriyttäminen;1
1306;40/2023;2023_40_315;tämä;1
1306;40/2023;2023_40_315;tarkoittaa;1
1306;40/2023;2023_40_315;sitä;1
1306;40/2023;2023_40_315;se;1
1306;40/2023;2023_40_315;joka;1
1306;40/2023;2023_40_315;vastaa;2
1306;40/2023;2023_40_315;sektorisääntelystä;1
1306;40/2023;2023_40_315;ei;2
1306;40/2023;2023_40_315;saman;1
1306;40/2023;2023_40_315;omistajaohjauksesta;1
1306;40/2023;2023_40_315;tällä;2
1306;40/2023;2023_40_315;voidaan;1
1306;40/2023;2023_40_315;varmistaa;1
1306;40/2023;2023_40_315;kilpailuneutraliteetti;1
1306;40/2023;2023_40_315;vaarannu;1
1306;40/2023;2023_40_315;salkun;1
1306;40/2023;2023_40_315;arvo;1
1306;40/2023;2023_40_315;hetkellä;1
1306;40/2023;2023_40_315;noin;2
1306;40/2023;2023_40_315;miljardia;3
1306;40/2023;2023_40_315;euroa;2
1306;40/2023;2023_40_315;tästä;1
1306;40/2023;2023_40_315;pörssiomistuksia;1
1306;40/2023;2023_40_315;reilu;1
1306;40/2023;2023_40_315;kaikkien;1
1306;40/2023;2023_40_315;näiden;1
1306;40/2023;2023_40_315;yhtiöiden;1
1306;40/2023;2023_40_315;verojalanjälki;1
1306;40/2023;2023_40_315;oli;1
1306;40/2023;2023_40_315;viime;1
1306;40/2023;2023_40_315;vuonna;1
1306;40/2023;2023_40_315;kyse;1
1306;40/2023;2023_40_315;siis;1
1306;40/2023;2023_40_315;arvokkaasta;1
1306;40/2023;2023_40_315;yhteisestä;1
1306;40/2023;2023_40_315;omaisuudesta;1
1306;40/2023;2023_40_315;jota;1
1306;40/2023;2023_40_315;meidän;1
1306;40/2023;2023_40_315;hallinnoitava;1
1306;40/2023;2023_40_315;vakaasti;1
1306;40/2023;2023_40_315;hallitusohjelman;1
1306;40/2023;2023_40_315;mukaan;1
1306;40/2023;2023_40_315;tämän;1
1306;40/2023;2023_40_315;syksyn;1
1306;40/2023;2023_40_315;aikana;1
1306;40/2023;2023_40_315;valmistellaan;1
1306;40/2023;2023_40_315;omistajapoliittinen;1
1306;40/2023;2023_40_315;periaatepäätös;1
1306;40/2023;2023_40_315;siinä;1
1306;40/2023;2023_40_315;tullaan;1
1306;40/2023;2023_40_315;määrittelemään;1
1306;40/2023;2023_40_315;pitkän;1
1306;40/2023;2023_40_315;aikavälin;1
1306;40/2023;2023_40_315;tavoite;1
1306;40/2023;2023_40_315;omaisuuden;1
1306;40/2023;2023_40_315;hoitamisesta;1
1306;40/2023;2023_40_350;kiitos;1
1306;40/2023;2023_40_350;arvoisa;1
1306;40/2023;2023_40_350;puhemies;1
1306;40/2023;2023_40_350;ärade;1
1306;40/2023;2023_40_350;talman;1
1306;40/2023;2023_40_350;edustaja;7
1306;40/2023;2023_40_350;räsänen;1
1306;40/2023;2023_40_350;aloitti;1
1306;40/2023;2023_40_350;kyselykierrokseen;1
1306;40/2023;2023_40_350;ja;14
1306;40/2023;2023_40_350;kysyi;5
1306;40/2023;2023_40_350;missä;1
1306;40/2023;2023_40_350;vaiheessa;1
1306;40/2023;2023_40_350;periaatepäätös;1
1306;40/2023;2023_40_350;on;22
1306;40/2023;2023_40_350;hallitusohjelman;1
1306;40/2023;2023_40_350;mukaisesti;2
1306;40/2023;2023_40_350;se;10
1306;40/2023;2023_40_350;tarkoitus;1
1306;40/2023;2023_40_350;antaa;1
1306;40/2023;2023_40_350;tämän;4
1306;40/2023;2023_40_350;vuoden;3
1306;40/2023;2023_40_350;aikana;1
1306;40/2023;2023_40_350;sitä;5
1306;40/2023;2023_40_350;valmistellaan;1
1306;40/2023;2023_40_350;parhaillaan;1
1306;40/2023;2023_40_350;toivon;1
1306;40/2023;2023_40_350;mukaan;1
1306;40/2023;2023_40_350;päästään;2
1306;40/2023;2023_40_350;asiasta;1
1306;40/2023;2023_40_350;päätökseen;1
1306;40/2023;2023_40_350;vielä;4
1306;40/2023;2023_40_350;puolella;2
1306;40/2023;2023_40_350;viime;1
1306;40/2023;2023_40_350;kaudellahan;1
1306;40/2023;2023_40_350;keskustelutti;1
1306;40/2023;2023_40_350;aika;1
1306;40/2023;2023_40_350;paljon;1
1306;40/2023;2023_40_350;hallitusta;1
1306;40/2023;2023_40_350;päätös;1
1306;40/2023;2023_40_350;tuli;1
1306;40/2023;2023_40_350;sitten;4
1306;40/2023;2023_40_350;vasta;1
1306;40/2023;2023_40_350;keväällä;1
1306;40/2023;2023_40_350;mutta;8
1306;40/2023;2023_40_350;uskoisin;1
1306;40/2023;2023_40_350;että;5
1306;40/2023;2023_40_350;tässä;4
1306;40/2023;2023_40_350;ehkä;6
1306;40/2023;2023_40_350;nopeasti;1
1306;40/2023;2023_40_350;maaliin;1
1306;40/2023;2023_40_350;miten;1
1306;40/2023;2023_40_350;muuttuu;1
1306;40/2023;2023_40_350;no;1
1306;40/2023;2023_40_350;ennenaikaista;1
1306;40/2023;2023_40_350;katsoa;1
1306;40/2023;2023_40_350;puolta;1
1306;40/2023;2023_40_350;kyllähän;1
1306;40/2023;2023_40_350;omistajaohjauksessa;1
1306;40/2023;2023_40_350;yleensä;1
1306;40/2023;2023_40_350;voidaan;1
1306;40/2023;2023_40_350;pitää;2
1306;40/2023;2023_40_350;hyvänä;1
1306;40/2023;2023_40_350;johdonmukaista;1
1306;40/2023;2023_40_350;pitkäjänteistä;1
1306;40/2023;2023_40_350;muutokset;1
1306;40/2023;2023_40_350;eivät;1
1306;40/2023;2023_40_350;ole;2
1306;40/2023;2023_40_350;kovinkaan;1
1306;40/2023;2023_40_350;isoja;1
1306;40/2023;2023_40_350;uusi;1
1306;40/2023;2023_40_350;huomio;1
1306;40/2023;2023_40_350;varmaan;3
1306;40/2023;2023_40_350;lienee;1
1306;40/2023;2023_40_350;sodan;1
1306;40/2023;2023_40_350;seurauksena;1
1306;40/2023;2023_40_350;katsotaan;1
1306;40/2023;2023_40_350;tiettyjä;2
1306;40/2023;2023_40_350;asioita;1
1306;40/2023;2023_40_350;vähän;1
1306;40/2023;2023_40_350;uudella;1
1306;40/2023;2023_40_350;silmällä;1
1306;40/2023;2023_40_350;suuria;1
1306;40/2023;2023_40_350;liikkeitä;1
1306;40/2023;2023_40_350;tuskin;2
1306;40/2023;2023_40_350;tapahtuu;1
1306;40/2023;2023_40_350;kaunisto;1
1306;40/2023;2023_40_350;valtion;2
1306;40/2023;2023_40_350;tuista;1
1306;40/2023;2023_40_350;sisämarkkinoiden;1
1306;40/2023;2023_40_350;toiminnasta;1
1306;40/2023;2023_40_350;käytännössä;1
1306;40/2023;2023_40_350;tämä;4
1306;40/2023;2023_40_350;relevantti;1
1306;40/2023;2023_40_350;huoli;1
1306;40/2023;2023_40_350;ira;1
1306;40/2023;2023_40_350;avasi;1
1306;40/2023;2023_40_350;rahahanat;1
1306;40/2023;2023_40_350;usassa;1
1306;40/2023;2023_40_350;euroopan;1
1306;40/2023;2023_40_350;hyvä;2
1306;40/2023;2023_40_350;huomioida;1
1306;40/2023;2023_40_350;tapa;1
1306;40/2023;2023_40_350;millä;1
1306;40/2023;2023_40_350;tehdään;1
1306;40/2023;2023_40_350;tietenkin;3
1306;40/2023;2023_40_350;vakavan;1
1306;40/2023;2023_40_350;keskustelun;1
1306;40/2023;2023_40_350;paikka;1
1306;40/2023;2023_40_350;jos;5
1306;40/2023;2023_40_350;katsoo;1
1306;40/2023;2023_40_350;vaikka;3
1306;40/2023;2023_40_350;vihreän;3
1306;40/2023;2023_40_350;siirtymän;3
1306;40/2023;2023_40_350;investointeja;1
1306;40/2023;2023_40_350;suomessa;2
1306;40/2023;2023_40_350;niitä;1
1306;40/2023;2023_40_350;putkessa;1
1306;40/2023;2023_40_350;reilu;1
1306;40/2023;2023_40_350;miljardia;1
1306;40/2023;2023_40_350;oikein;1
1306;40/2023;2023_40_350;muistan;1
1306;40/2023;2023_40_350;meidän;1
1306;40/2023;2023_40_350;kilpailuetu;1
1306;40/2023;2023_40_350;suhteessa;1
1306;40/2023;2023_40_350;edullinen;1
1306;40/2023;2023_40_350;sähkö;1
1306;40/2023;2023_40_350;hyvät;1
1306;40/2023;2023_40_350;siirtoyhteydet;1
1306;40/2023;2023_40_350;osaavat;1
1306;40/2023;2023_40_350;työntekijät;1
1306;40/2023;2023_40_350;näitä;1
1306;40/2023;2023_40_350;kilpailukykytekijöitä;1
1306;40/2023;2023_40_350;vahvempi;1
1306;40/2023;2023_40_350;muuttuja;1
1306;40/2023;2023_40_350;ovat;1
1306;40/2023;2023_40_350;saksan;1
1306;40/2023;2023_40_350;tai;2
1306;40/2023;2023_40_350;ranskan;1
1306;40/2023;2023_40_350;valtiontuet;1
1306;40/2023;2023_40_350;niin;5
1306;40/2023;2023_40_350;silloin;3
1306;40/2023;2023_40_350;häviää;1
1306;40/2023;2023_40_350;suomi;1
1306;40/2023;2023_40_350;pidemmällä;1
1306;40/2023;2023_40_350;tähtäimellä;1
1306;40/2023;2023_40_350;myöskin;1
1306;40/2023;2023_40_350;eurooppa;2
1306;40/2023;2023_40_350;kokonaisuutena;1
1306;40/2023;2023_40_350;ei;3
1306;40/2023;2023_40_350;kilpailukykyinen;1
1306;40/2023;2023_40_350;kuin;3
1306;40/2023;2023_40_350;mitä;1
1306;40/2023;2023_40_350;voisi;1
1306;40/2023;2023_40_350;olla;3
1306;40/2023;2023_40_350;siksi;1
1306;40/2023;2023_40_350;asia;3
1306;40/2023;2023_40_350;kyllä;2
1306;40/2023;2023_40_350;nostettu;1
1306;40/2023;2023_40_350;esille;1
1306;40/2023;2023_40_350;pääministerin;1
1306;40/2023;2023_40_350;toimesta;2
1306;40/2023;2023_40_350;minun;1
1306;40/2023;2023_40_350;toimestani;1
1306;40/2023;2023_40_350;monen;1
1306;40/2023;2023_40_350;muun;1
1306;40/2023;2023_40_350;ministerin;1
1306;40/2023;2023_40_350;näissä;1
1306;40/2023;2023_40_350;alkukauden;1
1306;40/2023;2023_40_350;eu-kokouksissa;1
1306;40/2023;2023_40_350;pidän;1
1306;40/2023;2023_40_350;äärimmäisen;3
1306;40/2023;2023_40_350;tärkeänä;1
1306;40/2023;2023_40_350;kysymyksenä;1
1306;40/2023;2023_40_350;kettunen;1
1306;40/2023;2023_40_350;puhui;1
1306;40/2023;2023_40_350;siitä;1
1306;40/2023;2023_40_350;onko;1
1306;40/2023;2023_40_350;järkeä;1
1306;40/2023;2023_40_350;myydä;1
1306;40/2023;2023_40_350;yhtä;1
1306;40/2023;2023_40_350;omaisuutta;2
1306;40/2023;2023_40_350;rahoittaa;1
1306;40/2023;2023_40_350;infraa;1
1306;40/2023;2023_40_350;me;1
1306;40/2023;2023_40_350;ajattelemme;1
1306;40/2023;2023_40_350;järkevää;1
1306;40/2023;2023_40_350;halutaan;1
1306;40/2023;2023_40_350;parantaa;1
1306;40/2023;2023_40_350;yhteyksiä;1
1306;40/2023;2023_40_350;koko;1
1306;40/2023;2023_40_350;tässähän;1
1306;40/2023;2023_40_350;yksi;1
1306;40/2023;2023_40_350;omaisuus;1
1306;40/2023;2023_40_350;vaihtuu;1
1306;40/2023;2023_40_350;toiseen;2
1306;40/2023;2023_40_350;kun;1
1306;40/2023;2023_40_350;myydään;1
1306;40/2023;2023_40_350;suinkaan;1
1306;40/2023;2023_40_350;rahoiteta;1
1306;40/2023;2023_40_350;sillä;1
1306;40/2023;2023_40_350;juoksevia;1
1306;40/2023;2023_40_350;menoja;1
1306;40/2023;2023_40_350;joskus;1
1306;40/2023;2023_40_350;tehty;1
1306;40/2023;2023_40_350;vaan;2
1306;40/2023;2023_40_350;pyritään;1
1306;40/2023;2023_40_350;varmistamaan;1
1306;40/2023;2023_40_350;yhteiskuntahyöty;1
1306;40/2023;2023_40_350;yhteiskunnallinen;1
1306;40/2023;2023_40_350;hyöty;1
1306;40/2023;2023_40_350;operaation;1
1306;40/2023;2023_40_350;jälkeen;1
1306;40/2023;2023_40_350;isompi;1
1306;40/2023;2023_40_350;sakari;1
1306;40/2023;2023_40_350;puisto;1
1306;40/2023;2023_40_350;hallitusjäsenyyksistä;1
1306;40/2023;2023_40_350;joka;2
1306;40/2023;2023_40_350;keskusteluttanut;1
1306;40/2023;2023_40_350;hyvällä;1
1306;40/2023;2023_40_350;syyllä;1
1306;40/2023;2023_40_350;valtiohan;1
1306;40/2023;2023_40_350;omistaa;1
1306;40/2023;2023_40_350;sataprosenttisesti;1
1306;40/2023;2023_40_350;erityistehtäväyhtiöitä;1
1306;40/2023;2023_40_350;meillä;2
1306;40/2023;2023_40_350;listaamattomia;1
1306;40/2023;2023_40_350;yhtiöitä;1
1306;40/2023;2023_40_350;jotka;1
1306;40/2023;2023_40_350;toimivat;1
1306;40/2023;2023_40_350;kilpailuilla;1
1306;40/2023;2023_40_350;markkinoilla;1
1306;40/2023;2023_40_350;enemmistö;1
1306;40/2023;2023_40_350;vähemmistöosuuksia;1
1306;40/2023;2023_40_350;pörssilistatuissa;1
1306;40/2023;2023_40_350;yhtiöissä;1
1306;40/2023;2023_40_350;erityisesti;1
1306;40/2023;2023_40_350;jälkimmäisissä;1
1306;40/2023;2023_40_350;syytä;2
1306;40/2023;2023_40_350;hyvinkin;1
1306;40/2023;2023_40_350;tarkka;1
1306;40/2023;2023_40_350;kaikissa;1
1306;40/2023;2023_40_350;tilanteissa;1
1306;40/2023;2023_40_350;toki;1
1306;40/2023;2023_40_350;toimia;1
1306;40/2023;2023_40_350;lain;1
1306;40/2023;2023_40_350;määräysten;1
1306;40/2023;2023_40_350;pörssilistattua;1
1306;40/2023;2023_40_350;yhtiötä;1
1306;40/2023;2023_40_350;koskevat;1
1306;40/2023;2023_40_350;erityiset;1
1306;40/2023;2023_40_350;velvoitteet;1
1306;40/2023;2023_40_350;siinä;1
1306;40/2023;2023_40_350;hallituksen;1
1306;40/2023;2023_40_350;jäsen;1
1306;40/2023;2023_40_350;ainoastaan;1
1306;40/2023;2023_40_350;kaikkien;1
1306;40/2023;2023_40_350;osakkeenomistajien;1
1306;40/2023;2023_40_350;tarkastella;1
1306;40/2023;2023_40_350;hieman;1
1306;40/2023;2023_40_350;erilaisten;1
1306;40/2023;2023_40_350;silmälasien;1
1306;40/2023;2023_40_350;läpi;1
1306;40/2023;2023_40_350;tähän;1
1306;40/2023;2023_40_350;palataan;1
1306;40/2023;2023_40_350;ohisalo;1
1306;40/2023;2023_40_350;ennakkovaikuttamisesta;2
1306;40/2023;2023_40_350;tärkeä;2
1306;40/2023;2023_40_350;siihen;1
1306;40/2023;2023_40_350;tullaan;2
1306;40/2023;2023_40_350;panostamaan;1
1306;40/2023;2023_40_350;tekemään;1
1306;40/2023;2023_40_350;linjaukset;1
1306;40/2023;2023_40_350;tästä;1
1306;40/2023;2023_40_350;toisaalta;2
1306;40/2023;2023_40_350;komission;2
1306;40/2023;2023_40_350;jäljellä;1
1306;40/2023;2023_40_350;olevaan;1
1306;40/2023;2023_40_350;aikaan;1
1306;40/2023;2023_40_350;uuden;1
1306;40/2023;2023_40_350;ohjelmaan;1
1306;40/2023;2023_40_350;esimerkiksi;1
1306;40/2023;2023_40_350;näkökulmasta;1
1306;40/2023;2023_40_350;tulee;1
1306;40/2023;2023_40_350;olemaan;1
1306;40/2023;2023_40_350;seuraava;1
1306;40/2023;2023_40_350;komissio;1
1306;40/2023;2023_40_350;näyttää;1
1306;40/2023;2023_40_350;samalta;1
1306;40/2023;2023_40_350;nykyinen;1
1306;40/2023;2023_40_350;suomen;1
1306;40/2023;2023_40_350;kannalta;1
1306;40/2023;2023_40_350;taas;1
1306;40/2023;2023_40_350;siinäkin;1
1306;40/2023;2023_40_350;ohjelman;1
1306;40/2023;2023_40_350;keskiössä;1
1306;40/2023;2023_40_350;johdonmukaisuudesta;1
1306;40/2023;2023_40_350;puhuin;1
1306;40/2023;2023_40_350;tuossa;1
1306;40/2023;2023_40_350;aikaisemmin;1
1306;40/2023;2023_40_350;ajattelee;1
1306;40/2023;2023_40_350;nyt;1
1306;40/2023;2023_40_350;vaasan;1
1306;40/2023;2023_40_350;energiaklusteria;1
1306;40/2023;2023_40_350;sen;1
1306;40/2023;2023_40_350;tapaisille;1
1306;40/2023;2023_40_350;yrityskeskittymille;1
1306;40/2023;2023_40_350;teollisille;1
1306;40/2023;2023_40_350;keskittymille;1
1306;40/2023;2023_40_350;olisi;1
1306;40/2023;2023_40_350;suorastaan;1
1306;40/2023;2023_40_350;myrkkyä;1
1306;40/2023;2023_40_350;laiva;1
1306;40/2023;2023_40_350;yhtäkkiä;1
1306;40/2023;2023_40_350;kääntyisi;1
1306;40/2023;2023_40_350;suuntaan;1
1306;40/2023;2023_40_350;urapoluista;1
1306;40/2023;2023_40_350;andersson;1
1306;40/2023;2023_40_373;kiitos;2
1306;40/2023;2023_40_373;edustaja;10
1306;40/2023;2023_40_373;wallinheimo;1
1306;40/2023;2023_40_373;kysyi;7
1306;40/2023;2023_40_373;veikkauksesta;1
1306;40/2023;2023_40_373;ja;30
1306;40/2023;2023_40_373;on;33
1306;40/2023;2023_40_373;tosiaankin;2
1306;40/2023;2023_40_373;näin;2
1306;40/2023;2023_40_373;että;22
1306;40/2023;2023_40_373;kytköstä;1
1306;40/2023;2023_40_373;ei;6
1306;40/2023;2023_40_373;enää;1
1306;40/2023;2023_40_373;ole;3
1306;40/2023;2023_40_373;kyllä;3
1306;40/2023;2023_40_373;minä;1
1306;40/2023;2023_40_373;ajattelen;2
1306;40/2023;2023_40_373;looginen;1
1306;40/2023;2023_40_373;seuraus;1
1306;40/2023;2023_40_373;siitä;2
1306;40/2023;2023_40_373;myöskin;11
1306;40/2023;2023_40_373;se;17
1306;40/2023;2023_40_373;edunsaajien;1
1306;40/2023;2023_40_373;paikka;1
1306;40/2023;2023_40_373;sitten;5
1306;40/2023;2023_40_373;välttämättä;1
1306;40/2023;2023_40_373;hallintoneuvostossa;1
1306;40/2023;2023_40_373;etujen;1
1306;40/2023;2023_40_373;jakamisesta;2
1306;40/2023;2023_40_373;rahan;1
1306;40/2023;2023_40_373;päätetään;1
1306;40/2023;2023_40_373;muissa;1
1306;40/2023;2023_40_373;instansseissa;1
1306;40/2023;2023_40_373;ehkä;5
1306;40/2023;2023_40_373;siellä;2
1306;40/2023;2023_40_373;tällaista;1
1306;40/2023;2023_40_373;asiantuntijuutta;1
1306;40/2023;2023_40_373;tarvitaan;1
1306;40/2023;2023_40_373;sehän;1
1306;40/2023;2023_40_373;valtion;1
1306;40/2023;2023_40_373;sataprosenttisesti;1
1306;40/2023;2023_40_373;omistama;1
1306;40/2023;2023_40_373;yhtiö;1
1306;40/2023;2023_40_373;sillä;2
1306;40/2023;2023_40_373;tavalla;2
1306;40/2023;2023_40_373;meillä;4
1306;40/2023;2023_40_373;päätettävä;1
1306;40/2023;2023_40_373;asia;3
1306;40/2023;2023_40_373;kokko;1
1306;40/2023;2023_40_373;kyseli;1
1306;40/2023;2023_40_373;laajentumisesta;1
1306;40/2023;2023_40_373;integraatiosta;2
1306;40/2023;2023_40_373;jäätyneistä;1
1306;40/2023;2023_40_373;konflikteista;1
1306;40/2023;2023_40_373;kun;3
1306;40/2023;2023_40_373;puhutaan;3
1306;40/2023;2023_40_373;tietenkin;4
1306;40/2023;2023_40_373;no;1
1306;40/2023;2023_40_373;ensin;1
1306;40/2023;2023_40_373;oleellista;2
1306;40/2023;2023_40_373;meidän;3
1306;40/2023;2023_40_373;oma;1
1306;40/2023;2023_40_373;talo;1
1306;40/2023;2023_40_373;kunnossa;1
1306;40/2023;2023_40_373;liittyy;2
1306;40/2023;2023_40_373;tähän;2
1306;40/2023;2023_40_373;oikeusvaltioprosessiin;1
1306;40/2023;2023_40_373;josta;1
1306;40/2023;2023_40_373;moni;1
1306;40/2023;2023_40_373;tässä;4
1306;40/2023;2023_40_373;viimeksi;1
1306;40/2023;2023_40_373;peltonen;1
1306;40/2023;2023_40_373;muutama;1
1306;40/2023;2023_40_373;maa;1
1306;40/2023;2023_40_373;jotka;1
1306;40/2023;2023_40_373;eivät;2
1306;40/2023;2023_40_373;ihan;5
1306;40/2023;2023_40_373;pysty;1
1306;40/2023;2023_40_373;näitä;5
1306;40/2023;2023_40_373;periaatteita;1
1306;40/2023;2023_40_373;noudattamaan;1
1306;40/2023;2023_40_373;pohjimmiltaan;1
1306;40/2023;2023_40_373;eun;7
1306;40/2023;2023_40_373;toimintakyky;1
1306;40/2023;2023_40_373;uskottavuuskysymys;1
1306;40/2023;2023_40_373;me;1
1306;40/2023;2023_40_373;voida;1
1306;40/2023;2023_40_373;väittää;1
1306;40/2023;2023_40_373;edustavamme;1
1306;40/2023;2023_40_373;jotain;1
1306;40/2023;2023_40_373;jos;4
1306;40/2023;2023_40_373;kaikki;1
1306;40/2023;2023_40_373;jäsenet;1
1306;40/2023;2023_40_373;sitä;1
1306;40/2023;2023_40_373;tee;1
1306;40/2023;2023_40_373;siksi;1
1306;40/2023;2023_40_373;viedä;2
1306;40/2023;2023_40_373;sitäkin;1
1306;40/2023;2023_40_373;työtä;1
1306;40/2023;2023_40_373;eteenpäin;2
1306;40/2023;2023_40_373;puhuttu;1
1306;40/2023;2023_40_373;asteittaisista;1
1306;40/2023;2023_40_373;integraatioista;1
1306;40/2023;2023_40_373;voitaisiinko;1
1306;40/2023;2023_40_373;maita;2
1306;40/2023;2023_40_373;ottaa;2
1306;40/2023;2023_40_373;vähitellen;1
1306;40/2023;2023_40_373;sisään;1
1306;40/2023;2023_40_373;voi;3
1306;40/2023;2023_40_373;olla;6
1306;40/2023;2023_40_373;hyvä;1
1306;40/2023;2023_40_373;ajatus;1
1306;40/2023;2023_40_373;mutta;6
1306;40/2023;2023_40_373;pitää;3
1306;40/2023;2023_40_373;varoa;1
1306;40/2023;2023_40_373;ettei;1
1306;40/2023;2023_40_373;luoda;2
1306;40/2023;2023_40_373;kahden;1
1306;40/2023;2023_40_373;tai;1
1306;40/2023;2023_40_373;kolmen;1
1306;40/2023;2023_40_373;tason;1
1306;40/2023;2023_40_373;jäseniä;1
1306;40/2023;2023_40_373;asteittaista;1
1306;40/2023;2023_40_373;integraatiota;1
1306;40/2023;2023_40_373;sen;2
1306;40/2023;2023_40_373;tapa;2
1306;40/2023;2023_40_373;ikään;1
1306;40/2023;2023_40_373;kuin;3
1306;40/2023;2023_40_373;nopeuttaa;1
1306;40/2023;2023_40_373;jäsenyyttä;1
1306;40/2023;2023_40_373;eikä;1
1306;40/2023;2023_40_373;niin;8
1306;40/2023;2023_40_373;iänikuinen;1
1306;40/2023;2023_40_373;odotushuone;1
1306;40/2023;2023_40_373;odotustila;1
1306;40/2023;2023_40_373;eli;1
1306;40/2023;2023_40_373;näitten;1
1306;40/2023;2023_40_373;kanssa;1
1306;40/2023;2023_40_373;syytä;3
1306;40/2023;2023_40_373;tarkka;2
1306;40/2023;2023_40_373;strandman;1
1306;40/2023;2023_40_373;riskeistä;1
1306;40/2023;2023_40_373;huoltovarmuudesta;1
1306;40/2023;2023_40_373;toki;2
1306;40/2023;2023_40_373;huoltovarmuus;1
1306;40/2023;2023_40_373;uudessa;1
1306;40/2023;2023_40_373;syynissä;1
1306;40/2023;2023_40_373;nytten;2
1306;40/2023;2023_40_373;venäjän;1
1306;40/2023;2023_40_373;hyökkäyssodan;1
1306;40/2023;2023_40_373;jälkeen;1
1306;40/2023;2023_40_373;selvä;3
1306;40/2023;2023_40_373;pohditaan;1
1306;40/2023;2023_40_373;strategisia;1
1306;40/2023;2023_40_373;intressejä;1
1306;40/2023;2023_40_373;omistusten;1
1306;40/2023;2023_40_373;suhteen;2
1306;40/2023;2023_40_373;asioita;3
1306;40/2023;2023_40_373;otetaan;2
1306;40/2023;2023_40_373;huomioon;2
1306;40/2023;2023_40_373;ohisalo;1
1306;40/2023;2023_40_373;puhui;1
1306;40/2023;2023_40_373;ilmastorahastosta;1
1306;40/2023;2023_40_373;ministeri;2
1306;40/2023;2023_40_373;rydman;1
1306;40/2023;2023_40_373;jonka;1
1306;40/2023;2023_40_373;tontille;1
1306;40/2023;2023_40_373;pikemminkin;1
1306;40/2023;2023_40_373;kuuluu;1
1306;40/2023;2023_40_373;hänelle;1
1306;40/2023;2023_40_373;kannattaa;1
1306;40/2023;2023_40_373;niitä;1
1306;40/2023;2023_40_373;kysymyksiä;1
1306;40/2023;2023_40_373;esittää;1
1306;40/2023;2023_40_373;vastuullisuudesta;1
1306;40/2023;2023_40_373;yleensä;1
1306;40/2023;2023_40_373;todeta;2
1306;40/2023;2023_40_373;osana;1
1306;40/2023;2023_40_373;periaatepäätöstä;1
1306;40/2023;2023_40_373;ensimmäistä;1
1306;40/2023;2023_40_373;kertaa;1
1306;40/2023;2023_40_373;vastuullisuusohjelma;1
1306;40/2023;2023_40_373;toivottavasti;1
1306;40/2023;2023_40_373;antaa;1
1306;40/2023;2023_40_373;työkaluja;1
1306;40/2023;2023_40_373;luonnon;1
1306;40/2023;2023_40_373;monimuotoisuuskin;1
1306;40/2023;2023_40_373;joka;3
1306;40/2023;2023_40_373;valtio-omisteisten;1
1306;40/2023;2023_40_373;yhtiöiden;1
1306;40/2023;2023_40_373;tulee;2
1306;40/2023;2023_40_373;kysyitte;1
1306;40/2023;2023_40_373;laajentamisesta;1
1306;40/2023;2023_40_373;ne;1
1306;40/2023;2023_40_373;kysymykset;1
1306;40/2023;2023_40_373;jo;1
1306;40/2023;2023_40_373;tulivat;1
1306;40/2023;2023_40_373;tuossa;1
1306;40/2023;2023_40_373;onhan;1
1306;40/2023;2023_40_373;eu;1
1306;40/2023;2023_40_373;laajenee;1
1306;40/2023;2023_40_373;mukaan;1
1306;40/2023;2023_40_373;joltain;1
1306;40/2023;2023_40_373;osin;2
1306;40/2023;2023_40_373;hyvinkin;2
1306;40/2023;2023_40_373;eri;1
1306;40/2023;2023_40_373;tilanteissa;1
1306;40/2023;2023_40_373;olevia;1
1306;40/2023;2023_40_373;kyllähän;1
1306;40/2023;2023_40_373;näkyy;1
1306;40/2023;2023_40_373;varmaan;2
1306;40/2023;2023_40_373;monella;1
1306;40/2023;2023_40_373;tasolla;1
1306;40/2023;2023_40_373;olettaa;1
1306;40/2023;2023_40_373;koheesiopolitiikka;1
1306;40/2023;2023_40_373;muuttuu;1
1306;40/2023;2023_40_373;isosti;2
1306;40/2023;2023_40_373;maatalouspolitiikasta;1
1306;40/2023;2023_40_373;puhumattakaan;1
1306;40/2023;2023_40_373;päätöksenteosta;1
1306;40/2023;2023_40_373;eussa;1
1306;40/2023;2023_40_373;suomen;2
1306;40/2023;2023_40_373;kantahan;1
1306;40/2023;2023_40_373;pitkään;1
1306;40/2023;2023_40_373;ollut;1
1306;40/2023;2023_40_373;vaikkapa;1
1306;40/2023;2023_40_373;ulko;1
1306;40/2023;2023_40_373;turvallisuuspolitiikassa;1
1306;40/2023;2023_40_373;ainakin;1
1306;40/2023;2023_40_373;tietyltä;1
1306;40/2023;2023_40_373;olisi;1
1306;40/2023;2023_40_373;siirtyä;1
1306;40/2023;2023_40_373;vaikka;1
1306;40/2023;2023_40_373;määräenemmistöpäätöksiin;1
1306;40/2023;2023_40_373;materialisoituu;1
1306;40/2023;2023_40_373;tämän;2
1306;40/2023;2023_40_373;myötä;2
1306;40/2023;2023_40_373;sarkkinen;1
1306;40/2023;2023_40_373;oikeusvaltioperiaatteesta;2
1306;40/2023;2023_40_373;olen;2
1306;40/2023;2023_40_373;nyt;2
1306;40/2023;2023_40_373;muutaman;1
1306;40/2023;2023_40_373;kerran;1
1306;40/2023;2023_40_373;vastannut;1
1306;40/2023;2023_40_373;siis;1
1306;40/2023;2023_40_373;oli;1
1306;40/2023;2023_40_373;edellisen;1
1306;40/2023;2023_40_373;hallituksen;1
1306;40/2023;2023_40_373;agendalla;1
1306;40/2023;2023_40_373;tuppurainen;1
1306;40/2023;2023_40_373;tunnetaan;1
1306;40/2023;2023_40_373;brysselin;1
1306;40/2023;2023_40_373;käytävillä;1
1306;40/2023;2023_40_373;mrs;1
1306;40/2023;2023_40_373;rule;1
1306;40/2023;2023_40_373;of;1
1306;40/2023;2023_40_373;lawna;1
1306;40/2023;2023_40_373;pyrkinyt;1
1306;40/2023;2023_40_373;yhtä;1
1306;40/2023;2023_40_373;lailla;2
1306;40/2023;2023_40_373;pitämään;1
1306;40/2023;2023_40_373;esillä;2
1306;40/2023;2023_40_373;eu-politiikassa;1
1306;40/2023;2023_40_373;aivan;1
1306;40/2023;2023_40_373;keskeinen;1
1306;40/2023;2023_40_373;kysymys;1
1306;40/2023;2023_40_373;eskelinen;1
1306;40/2023;2023_40_373;koheesiopolitiikasta;1
1306;40/2023;2023_40_373;liikennerahoista;1
1306;40/2023;2023_40_373;minun;1
1306;40/2023;2023_40_373;pöydälläni;1
1306;40/2023;2023_40_373;yleisenä;1
1306;40/2023;2023_40_373;havaintona;1
1306;40/2023;2023_40_373;olemme;2
1306;40/2023;2023_40_373;olleet;1
1306;40/2023;2023_40_373;hieman;1
1306;40/2023;2023_40_373;huonoja;1
1306;40/2023;2023_40_373;moniin;1
1306;40/2023;2023_40_373;maihin;1
1306;40/2023;2023_40_373;verrattuna;1
1306;40/2023;2023_40_373;näiden;1
1306;40/2023;2023_40_373;tällaisten;1
1306;40/2023;2023_40_373;hankerahojen;1
1306;40/2023;2023_40_373;suomeen;1
1306;40/2023;2023_40_373;imuroimisessa;1
1306;40/2023;2023_40_373;eestilä;1
1306;40/2023;2023_40_373;taas;1
1306;40/2023;2023_40_373;tästä;2
1306;40/2023;2023_40_373;neljästä;2
1306;40/2023;2023_40_373;miljardista;2
1306;40/2023;2023_40_373;tällä;1
1306;40/2023;2023_40_373;hetkellä;1
1306;40/2023;2023_40_373;pörssikurssit;1
1306;40/2023;2023_40_373;ovat;3
1306;40/2023;2023_40_373;alhaalla;1
1306;40/2023;2023_40_373;kursseja;1
1306;40/2023;2023_40_373;seurata;1
1306;40/2023;2023_40_373;kannata;1
1306;40/2023;2023_40_373;alihintaan;1
1306;40/2023;2023_40_373;myydä;1
1306;40/2023;2023_40_373;yhtään;1
1306;40/2023;2023_40_373;mitään;1
1306;40/2023;2023_40_373;onneksi;2
1306;40/2023;2023_40_373;muitakin;1
1306;40/2023;2023_40_373;pelimerkkejä;1
1306;40/2023;2023_40_373;aika;1
1306;40/2023;2023_40_373;olemassa;1
1306;40/2023;2023_40_373;puhuttiin;1
1306;40/2023;2023_40_373;asuntorahastosta;1
1306;40/2023;2023_40_373;osinkotuloista;1
1306;40/2023;2023_40_373;pääomitusten;1
1306;40/2023;2023_40_373;purusta;1
1306;40/2023;2023_40_373;edelleen;1
1306;40/2023;2023_40_373;mahdolliset;1
1306;40/2023;2023_40_373;pörssiosakkeiden;1
1306;40/2023;2023_40_373;myynnit;1
1306;40/2023;2023_40_373;vain;1
1306;40/2023;2023_40_373;osa;1
1306;40/2023;2023_40_373;tätä;2
1306;40/2023;2023_40_373;kokonaisuutta;1
1306;40/2023;2023_40_373;bergbom;1
1306;40/2023;2023_40_373;puolustusteollisuus;1
1306;40/2023;2023_40_373;puolustusulottuvuudesta;1
1306;40/2023;2023_40_373;nythän;1
1306;40/2023;2023_40_373;nato;1
1306;40/2023;2023_40_373;tällaisena;1
1306;40/2023;2023_40_373;sotilaallisena;1
1306;40/2023;2023_40_373;ratkaisuna;1
1306;40/2023;2023_40_373;tehtävä;1
1306;40/2023;2023_40_373;voisi;1
1306;40/2023;2023_40_373;tuleekin;1
1306;40/2023;2023_40_373;koordinoidaan;1
1306;40/2023;2023_40_373;puolustusteollisuutta;1
1306;40/2023;2023_40_373;katsotaan;1
1306;40/2023;2023_40_373;hankinnat;1
1306;40/2023;2023_40_373;sisällä;2
1306;40/2023;2023_40_373;sellaiset;1
1306;40/2023;2023_40_373;saamme;1
1306;40/2023;2023_40_373;mahdollisimman;3
1306;40/2023;2023_40_373;hyvää;1
1306;40/2023;2023_40_373;edullisesti;1
1306;40/2023;2023_40_373;tämä;1
1306;40/2023;2023_40_373;sisämarkkinoiden;1
1306;40/2023;2023_40_373;toimintaan;1
1306;40/2023;2023_40_373;kilpailu;1
1306;40/2023;2023_40_373;oikeasti;2
1306;40/2023;2023_40_373;avointa;1
1306;40/2023;2023_40_373;kyvykkyyksiä;1
1306;40/2023;2023_40_373;mehän;1
1306;40/2023;2023_40_373;havaittiin;1
1306;40/2023;2023_40_373;sodan;2
1306;40/2023;2023_40_373;alettua;1
1306;40/2023;2023_40_373;esimerkiksi;1
1306;40/2023;2023_40_373;ammuksia;1
1306;40/2023;2023_40_373;euroopassa;1
1306;40/2023;2023_40_373;tuoteta;1
1306;40/2023;2023_40_373;likimainkaan;1
1306;40/2023;2023_40_373;paljon;1
1306;40/2023;2023_40_373;tarvetta;1
1306;40/2023;2023_40_373;suomessa;1
1306;40/2023;2023_40_373;ollaan;1
1306;40/2023;2023_40_373;tahtia;1
1306;40/2023;2023_40_373;parannettu;1
1306;40/2023;2023_40_373;toivon;1
1306;40/2023;2023_40_373;muuallakin;1
1306;40/2023;2023_40_373;tehtäisiin;1
1306;40/2023;2023_40_373;ymmärtänyt;1
1306;40/2023;2023_40_373;häkkänenkin;1
1306;40/2023;2023_40_373;asiaa;1
1306;40/2023;2023_40_373;toistuvasti;1
1306;40/2023;2023_40_373;pitänyt;1
1306;40/2023;2023_40_373;skinnari;1
1306;40/2023;2023_40_373;strateginen;1
1306;40/2023;2023_40_373;autonomia;1
1306;40/2023;2023_40_373;sana;1
1306;40/2023;2023_40_373;ilmestynyt;1
1306;40/2023;2023_40_373;agendalle;1
1306;40/2023;2023_40_373;mikä;1
1306;40/2023;2023_40_373;strategisen;1
1306;40/2023;2023_40_373;autonomian;1
1306;40/2023;2023_40_373;protektionismin;1
1306;40/2023;2023_40_373;rajapinta;1
1306;40/2023;2023_40_373;pidämme;1
1306;40/2023;2023_40_373;huolta;1
1306;40/2023;2023_40_373;riippumattomia;1
1306;40/2023;2023_40_373;vääristä;1
1306;40/2023;2023_40_373;riippuvuuksista;1
1306;40/2023;2023_40_373;samaan;1
1306;40/2023;2023_40_373;aikaan;1
1306;40/2023;2023_40_373;ylläpidetään;1
1306;40/2023;2023_40_373;vapaata;1
1306;40/2023;2023_40_373;kauppaa;1
1306;40/2023;2023_40_373;hyviä;1
1306;40/2023;2023_40_373;kauppasuhteita;1
1306;40/2023;2023_40_373;taloudellista;1
1306;40/2023;2023_40_373;kasvua;1
1306;40/2023;2023_40_373;kaunisto;1
1306;40/2023;2023_40_373;siihen;1
1306;40/2023;2023_40_373;taisi;1
1306;40/2023;2023_40_373;tulla;1
1306;40/2023;2023_40_373;vastaus;1
1306;40/2023;2023_40_373;kuten;1
1306;40/2023;2023_40_373;peltosen;1
1306;40/2023;2023_40_373;kysymykseen;1
1306;61/2023;2023_61_167;arvoisa;1
1306;61/2023;2023_61_167;puhemies;1
1306;61/2023;2023_61_167;haluan;1
1306;61/2023;2023_61_167;myös;1
1306;61/2023;2023_61_167;kiittää;1
1306;61/2023;2023_61_167;tästä;2
1306;61/2023;2023_61_167;rakentavasta;1
1306;61/2023;2023_61_167;pragmaattisesta;1
1306;61/2023;2023_61_167;ja;8
1306;61/2023;2023_61_167;rauhallisesta;1
1306;61/2023;2023_61_167;keskustelusta;1
1306;61/2023;2023_61_167;se;5
1306;61/2023;2023_61_167;ei;3
1306;61/2023;2023_61_167;välttämättä;1
1306;61/2023;2023_61_167;ole;3
1306;61/2023;2023_61_167;ihan;1
1306;61/2023;2023_61_167;sitä;1
1306;61/2023;2023_61_167;mitä;2
1306;61/2023;2023_61_167;siellä;2
1306;61/2023;2023_61_167;idässä;1
1306;61/2023;2023_61_167;toivottiin;1
1306;61/2023;2023_61_167;mutta;1
1306;61/2023;2023_61_167;on;4
1306;61/2023;2023_61_167;tapa;1
1306;61/2023;2023_61_167;millä;1
1306;61/2023;2023_61_167;me;2
1306;61/2023;2023_61_167;käsittelemme;1
1306;61/2023;2023_61_167;näitä;1
1306;61/2023;2023_61_167;asioita;1
1306;61/2023;2023_61_167;edustaja;1
1306;61/2023;2023_61_167;honkonen;1
1306;61/2023;2023_61_167;kysyi;1
1306;61/2023;2023_61_167;eu-vaikuttamisesta;1
1306;61/2023;2023_61_167;olin;1
1306;61/2023;2023_61_167;eilen;1
1306;61/2023;2023_61_167;toissa;2
1306;61/2023;2023_61_167;päivänä;2
1306;61/2023;2023_61_167;strasbourgissa;1
1306;61/2023;2023_61_167;vaikuttamassa;1
1306;61/2023;2023_61_167;suomen;1
1306;61/2023;2023_61_167;kannalta;2
1306;61/2023;2023_61_167;keskeisiin;1
1306;61/2023;2023_61_167;eu-kysymyksiin;1
1306;61/2023;2023_61_167;tapasin;3
1306;61/2023;2023_61_167;komissaareja;1
1306;61/2023;2023_61_167;kaikkien;1
1306;61/2023;2023_61_167;suurimpien;1
1306;61/2023;2023_61_167;parlamenttiryhmien;1
1306;61/2023;2023_61_167;johtoa;1
1306;61/2023;2023_61_167;puhemiehen;1
1306;61/2023;2023_61_167;muutaman;1
1306;61/2023;2023_61_167;meille;1
1306;61/2023;2023_61_167;läheisen;1
1306;61/2023;2023_61_167;maan;1
1306;61/2023;2023_61_167;eu-ministerinkin;1
1306;61/2023;2023_61_167;kaikille;1
1306;61/2023;2023_61_167;vein;1
1306;61/2023;2023_61_167;tämän;1
1306;61/2023;2023_61_167;saman;1
1306;61/2023;2023_61_167;viestin;1
1306;61/2023;2023_61_167;kerroin;3
1306;61/2023;2023_61_167;tilanteesta;1
1306;61/2023;2023_61_167;kaikki;1
1306;61/2023;2023_61_167;olivat;1
1306;61/2023;2023_61_167;siitä;4
1306;61/2023;2023_61_167;tietoisia;1
1306;61/2023;2023_61_167;toimista;1
1306;61/2023;2023_61_167;olemme;2
1306;61/2023;2023_61_167;tehneet;2
1306;61/2023;2023_61_167;miksi;1
1306;61/2023;2023_61_167;ne;1
1306;61/2023;2023_61_167;venäjän;1
1306;61/2023;2023_61_167;toiminnasta;1
1306;61/2023;2023_61_167;että;5
1306;61/2023;2023_61_167;tässä;1
1306;61/2023;2023_61_167;kysymys;1
1306;61/2023;2023_61_167;spontaanista;1
1306;61/2023;2023_61_167;tapahtumasta;1
1306;61/2023;2023_61_167;vaan;1
1306;61/2023;2023_61_167;valtiollisesta;1
1306;61/2023;2023_61_167;toimijuudesta;1
1306;61/2023;2023_61_167;sen;1
1306;61/2023;2023_61_167;takana;1
1306;61/2023;2023_61_167;tuki;2
1306;61/2023;2023_61_167;oli;3
1306;61/2023;2023_61_167;kauttaaltaan;1
1306;61/2023;2023_61_167;vahvaa;1
1306;61/2023;2023_61_167;sama;1
1306;61/2023;2023_61_167;heijastui;1
1306;61/2023;2023_61_167;myöskin;3
1306;61/2023;2023_61_167;parlamenttisalissa;1
1306;61/2023;2023_61_167;käytyyn;1
1306;61/2023;2023_61_167;keskusteluun;1
1306;61/2023;2023_61_167;jos;1
1306;61/2023;2023_61_167;olen;1
1306;61/2023;2023_61_167;ymmärtänyt;1
1306;61/2023;2023_61_167;oikein;1
1306;61/2023;2023_61_167;eero;1
1306;61/2023;2023_61_167;heinäluoma;1
1306;61/2023;2023_61_167;ainakin;1
1306;61/2023;2023_61_167;jossain;1
1306;61/2023;2023_61_167;määrin;1
1306;61/2023;2023_61_167;osasyyllinen;1
1306;61/2023;2023_61_167;siihen;1
1306;61/2023;2023_61_167;hyvä;1
1306;61/2023;2023_61_167;keskustelu;1
1306;61/2023;2023_61_167;syntyi;1
1306;61/2023;2023_61_167;sekin;1
1306;61/2023;2023_61_167;käytiin;1
1306;61/2023;2023_61_167;hyvässä;1
1306;61/2023;2023_61_167;hengessä;1
1306;61/2023;2023_61_167;ymmärrys;1
1306;61/2023;2023_61_167;laajaa;1
1306;61/2023;2023_61_167;suomi;1
1306;61/2023;2023_61_167;sai;1
1306;61/2023;2023_61_167;jokaisesta;1
1306;61/2023;2023_61_167;ryhmästä;1
1306;61/2023;2023_61_167;tukea;1
1306;61/2023;2023_61_167;nähtiin;1
1306;61/2023;2023_61_167;tilanteen;1
1306;61/2023;2023_61_167;vakavuus;1
1306;61/2023;2023_61_167;tuettiin;1
1306;61/2023;2023_61_167;meitä;1
1306;61/2023;2023_61_167;toimissamme;1
1306;61/2023;2023_61_167;puhuin;1
1306;61/2023;2023_61_167;komissaarien;1
1306;61/2023;2023_61_167;kanssa;1
1306;61/2023;2023_61_167;tulevaisuudesta;1
1306;61/2023;2023_61_167;meidän;1
1306;61/2023;2023_61_167;rajamme;1
1306;61/2023;2023_61_167;missä;1
1306;61/2023;2023_61_167;venäjä;1
1306;61/2023;2023_61_167;rajan;1
1306;61/2023;2023_61_167;toisella;1
1306;61/2023;2023_61_167;puolella;1
1306;61/2023;2023_61_167;esitin;1
1306;61/2023;2023_61_167;ajatuksia;1
1306;61/2023;2023_61_167;erityisesti;1
1306;61/2023;2023_61_167;koheesiorahaa;1
1306;61/2023;2023_61_167;jaettaessa;1
1306;61/2023;2023_61_167;nämä;2
1306;61/2023;2023_61_167;raja-alueet;1
1306;61/2023;2023_61_167;tulisi;1
1306;61/2023;2023_61_167;ottaa;1
1306;61/2023;2023_61_167;kriteerinä;1
1306;61/2023;2023_61_167;mukaan;1
1306;61/2023;2023_61_167;euroopankaan;1
1306;61/2023;2023_61_167;turvallisuuden;1
1306;61/2023;2023_61_167;tarkoituksenmukaista;1
1306;61/2023;2023_61_167;rajalla;1
1306;61/2023;2023_61_167;olevat;1
1306;61/2023;2023_61_167;alueet;1
1306;61/2023;2023_61_167;tyhjentyvät;1
1306;61/2023;2023_61_167;ihmisistä;1
1306;61/2023;2023_61_167;tulee;1
1306;61/2023;2023_61_167;jatkuessaan;1
1306;61/2023;2023_61_167;eurooppaa;1
1306;61/2023;2023_61_167;koskevaa;1
1306;61/2023;2023_61_167;turvallisuuskysymys;1
1306;61/2023;2023_61_167;sanna;2
1306;61/2023;2023_61_167;antikainen;2
1306;61/2023;2023_61_167;kiitos;2
1306;61/2023;2023_61_167;tuntui;1
1306;61/2023;2023_61_167;siltä;1
1306;61/2023;2023_61_167;ajatukset;1
1306;61/2023;2023_61_167;uusien;1
1306;61/2023;2023_61_167;kriteerien;1
1306;61/2023;2023_61_167;harkitsemisesta;1
1306;61/2023;2023_61_167;otettiin;1
1306;61/2023;2023_61_167;varsin;1
1306;61/2023;2023_61_167;positiivisesti;1
1306;61/2023;2023_61_167;vastaan;1
1306;75/2023;2023_75_459;ärade;1
1306;75/2023;2023_75_459;talman;1
1306;75/2023;2023_75_459;arvoisa;1
1306;75/2023;2023_75_459;puhemies;1
1306;75/2023;2023_75_459;kiitän;1
1306;75/2023;2023_75_459;urheita;1
1306;75/2023;2023_75_459;paikalla;1
1306;75/2023;2023_75_459;olevia;1
1306;75/2023;2023_75_459;globaali;1
1306;75/2023;2023_75_459;toimintaympäristö;3
1306;75/2023;2023_75_459;on;16
1306;75/2023;2023_75_459;muuttunut;1
1306;75/2023;2023_75_459;merkittävällä;1
1306;75/2023;2023_75_459;tavalla;1
1306;75/2023;2023_75_459;viime;1
1306;75/2023;2023_75_459;vuosien;2
1306;75/2023;2023_75_459;aikana;1
1306;75/2023;2023_75_459;erinäiset;1
1306;75/2023;2023_75_459;kriisit;1
1306;75/2023;2023_75_459;koronapandemiasta;1
1306;75/2023;2023_75_459;venäjän;1
1306;75/2023;2023_75_459;brutaaliin;1
1306;75/2023;2023_75_459;hyökkäyssotaan;1
1306;75/2023;2023_75_459;ja;20
1306;75/2023;2023_75_459;siitä;1
1306;75/2023;2023_75_459;seuranneeseen;1
1306;75/2023;2023_75_459;energiakriisiin;1
1306;75/2023;2023_75_459;ovat;2
1306;75/2023;2023_75_459;ravisuttaneet;1
1306;75/2023;2023_75_459;niin;1
1306;75/2023;2023_75_459;suomea;1
1306;75/2023;2023_75_459;euroopan;1
1306;75/2023;2023_75_459;unionia;1
1306;75/2023;2023_75_459;kuin;1
1306;75/2023;2023_75_459;koko;1
1306;75/2023;2023_75_459;maailmaa;1
1306;75/2023;2023_75_459;uskottavuuden;1
1306;75/2023;2023_75_459;luotettavuuden;1
1306;75/2023;2023_75_459;luominen;1
1306;75/2023;2023_75_459;ylläpitäminen;1
1306;75/2023;2023_75_459;kaikkien;1
1306;75/2023;2023_75_459;kumppaneiden;1
1306;75/2023;2023_75_459;sidosryhmien;1
1306;75/2023;2023_75_459;keskuudessa;1
1306;75/2023;2023_75_459;korostuvat;1
1306;75/2023;2023_75_459;tällaisina;1
1306;75/2023;2023_75_459;aikoina;1
1306;75/2023;2023_75_459;tärkeää;4
1306;75/2023;2023_75_459;että;6
1306;75/2023;2023_75_459;suomi;1
1306;75/2023;2023_75_459;näyttäytyy;1
1306;75/2023;2023_75_459;stabiilina;1
1306;75/2023;2023_75_459;kumppanina;1
1306;75/2023;2023_75_459;yrityksillä;1
1306;75/2023;2023_75_459;maassamme;1
1306;75/2023;2023_75_459;ennustettava;1
1306;75/2023;2023_75_459;valtion;9
1306;75/2023;2023_75_459;omistajaohjauksessa;2
1306;75/2023;2023_75_459;omistajapolitiikassa;1
1306;75/2023;2023_75_459;pidetty;1
1306;75/2023;2023_75_459;kiinni;2
1306;75/2023;2023_75_459;tietyistä;1
1306;75/2023;2023_75_459;yli;1
1306;75/2023;2023_75_459;hallituskausien;1
1306;75/2023;2023_75_459;kantavista;1
1306;75/2023;2023_75_459;linjauksista;2
1306;75/2023;2023_75_459;edellisten;1
1306;75/2023;2023_75_459;tapahtumiin;1
1306;75/2023;2023_75_459;peilaten;1
1306;75/2023;2023_75_459;näistä;1
1306;75/2023;2023_75_459;keskeisistä;1
1306;75/2023;2023_75_459;pitäminen;1
1306;75/2023;2023_75_459;olemme;1
1306;75/2023;2023_75_459;hallitusohjelmassa;1
1306;75/2023;2023_75_459;linjanneet;1
1306;75/2023;2023_75_459;omistajapolitiikan;1
1306;75/2023;2023_75_459;lähtökohtana;1
1306;75/2023;2023_75_459;yhtiöomistusten;1
1306;75/2023;2023_75_459;hallinnointi;1
1306;75/2023;2023_75_459;vastuullisesti;1
1306;75/2023;2023_75_459;ammattimaisesti;1
1306;75/2023;2023_75_459;omistusintressin;1
1306;75/2023;2023_75_459;kannalta;1
1306;75/2023;2023_75_459;tarkoituksenmukaisesti;1
1306;75/2023;2023_75_459;omistaja-arvoa;1
1306;75/2023;2023_75_459;pitkäjänteisesti;1
1306;75/2023;2023_75_459;kasvattavasti;1
1306;75/2023;2023_75_459;tämän;1
1306;75/2023;2023_75_459;kirjauksen;1
1306;75/2023;2023_75_459;toteuttaminen;1
1306;75/2023;2023_75_459;vaatii;1
1306;75/2023;2023_75_459;sen;2
1306;75/2023;2023_75_459;omistajaohjaus;1
1306;75/2023;2023_75_459;ennakoitavaa;1
1306;75/2023;2023_75_459;stabiilia;1
1306;75/2023;2023_75_459;suomen;1
1306;75/2023;2023_75_459;tulee;2
1306;75/2023;2023_75_459;jatkossakin;1
1306;75/2023;2023_75_459;tarjota;1
1306;75/2023;2023_75_459;kansainvälisten;1
1306;75/2023;2023_75_459;sijoittajien;1
1306;75/2023;2023_75_459;rahoittajien;1
1306;75/2023;2023_75_459;näkökulmasta;1
1306;75/2023;2023_75_459;luotettava;1
1306;75/2023;2023_75_459;kilpailuneutraliteetin;1
1306;75/2023;2023_75_459;varmistaminen;1
1306;75/2023;2023_75_459;tässä;1
1306;75/2023;2023_75_459;keskiössä;1
1306;75/2023;2023_75_459;kunnioittaa;1
1306;75/2023;2023_75_459;reilun;1
1306;75/2023;2023_75_459;kilpailun;1
1306;75/2023;2023_75_459;vaatimuksia;1
1306;75/2023;2023_75_459;eikä;1
1306;75/2023;2023_75_459;se;1
1306;75/2023;2023_75_459;saa;1
1306;75/2023;2023_75_459;omilla;2
1306;75/2023;2023_75_459;toimillaan;1
1306;75/2023;2023_75_459;vääristää;1
1306;75/2023;2023_75_459;markkinoita;1
1306;75/2023;2023_75_459;ei;1
1306;75/2023;2023_75_459;toiminnallaan;1
1306;75/2023;2023_75_459;tule;1
1306;75/2023;2023_75_459;myöskään;1
1306;75/2023;2023_75_459;syrjäyttää;1
1306;75/2023;2023_75_459;yksityistä;1
1306;75/2023;2023_75_459;omistajuutta;1
1306;75/2023;2023_75_459;samasta;1
1306;75/2023;2023_75_459;syystä;1
1306;75/2023;2023_75_459;olla;1
1306;75/2023;2023_75_459;valikoiva;1
1306;75/2023;2023_75_459;kun;2
1306;75/2023;2023_75_459;pohtii;1
1306;75/2023;2023_75_459;millä;1
1306;75/2023;2023_75_459;markkinoilla;2
1306;75/2023;2023_75_459;valtio;2
1306;75/2023;2023_75_459;toimii;2
1306;75/2023;2023_75_459;ohjaus;1
1306;75/2023;2023_75_459;regulaatio;1
1306;75/2023;2023_75_459;tiukasti;1
1306;75/2023;2023_75_459;erotettuja;1
1306;75/2023;2023_75_459;toisistaan;1
1306;75/2023;2023_75_459;yhtiöomaisuuden;1
1306;75/2023;2023_75_459;hoidossa;1
1306;75/2023;2023_75_459;myös;2
1306;75/2023;2023_75_459;tavoiteltava;1
1306;75/2023;2023_75_459;mahdollisimman;1
1306;75/2023;2023_75_459;hyvää;1
1306;75/2023;2023_75_459;yhteiskunnallista;1
1306;75/2023;2023_75_459;taloudellista;1
1306;75/2023;2023_75_459;kokonaistulosta;1
1306;75/2023;2023_75_459;tämä;1
1306;75/2023;2023_75_459;tarkoittaa;1
1306;75/2023;2023_75_459;omaisuustuloja;1
1306;75/2023;2023_75_459;vaatimusta;1
1306;75/2023;2023_75_459;vastuullisesta;1
1306;75/2023;2023_75_459;toiminnasta;1
1306;75/2023;2023_75_459;käsittelemme;1
1306;75/2023;2023_75_459;parhaillaan;1
1306;75/2023;2023_75_459;hallituksen;2
1306;75/2023;2023_75_459;esitystä;1
1306;75/2023;2023_75_459;ensi;1
1306;75/2023;2023_75_459;vuoden;1
1306;75/2023;2023_75_459;talousarvioksi;1
1306;75/2023;2023_75_459;omistajaohjauksella;1
1306;75/2023;2023_75_459;roolinsa;1
1306;75/2023;2023_75_459;päättämän;1
1306;75/2023;2023_75_459;neljän;1
1306;75/2023;2023_75_459;miljardin;1
1306;75/2023;2023_75_459;investointiohjelman;1
1306;75/2023;2023_75_459;rahoittamisessa;1
1306;75/2023;2023_75_459;sillä;1
1306;75/2023;2023_75_459;kokonaisuus;1
1306;75/2023;2023_75_459;rahoitetaan;1
1306;75/2023;2023_75_459;myymällä;1
1306;75/2023;2023_75_459;omaisuutta;1
1306;75/2023;2023_75_459;purkamalla;1
1306;75/2023;2023_75_459;valtio-omisteisten;1
1306;75/2023;2023_75_459;listaamattomien;1
1306;75/2023;2023_75_459;yhtiöiden;1
1306;75/2023;2023_75_459;ylipääomitukset;1
1306;75/2023;2023_75_459;sekä;2
1306;75/2023;2023_75_459;tekemällä;1
1306;75/2023;2023_75_459;tuloutuksia;1
1306;75/2023;2023_75_459;asuntorahastosta;1
1306;75/2023;2023_75_459;omaisuustuloihin;1
1306;75/2023;2023_75_459;liittyvää;1
1306;75/2023;2023_75_459;arviointia;1
1306;75/2023;2023_75_459;tehdään;1
1306;75/2023;2023_75_459;yhteistyössä;1
1306;75/2023;2023_75_459;muiden;1
1306;75/2023;2023_75_459;ministeriöiden;1
1306;75/2023;2023_75_459;kanssa;1
1306;75/2023;2023_75_459;vastuullinen;2
1306;75/2023;2023_75_459;toiminta;1
1306;75/2023;2023_75_459;puolestaan;1
1306;75/2023;2023_75_459;pitää;1
1306;75/2023;2023_75_459;sisällään;1
1306;75/2023;2023_75_459;valtio-omisteiset;2
1306;75/2023;2023_75_459;yhtiöt;2
1306;75/2023;2023_75_459;toimialoillaan;1
1306;75/2023;2023_75_459;kantavat;1
1306;75/2023;2023_75_459;vastuuta;1
1306;75/2023;2023_75_459;ympäristöstä;1
1306;75/2023;2023_75_459;ilmastosta;1
1306;75/2023;2023_75_459;esimerkiksi;2
1306;75/2023;2023_75_459;ihmisoikeuksien;1
1306;75/2023;2023_75_459;toteutumisesta;1
1306;75/2023;2023_75_459;tätä;2
1306;75/2023;2023_75_459;peräänkuulutetaan;1
1306;75/2023;2023_75_459;rahoituslaitosten;1
1306;75/2023;2023_75_459;toimesta;1
1306;75/2023;2023_75_459;omistajaohjausosasto;1
1306;75/2023;2023_75_459;perustettiin;1
1306;75/2023;2023_75_459;vuonna;1
1306;75/2023;2023_75_459;vaikka;1
1306;75/2023;2023_75_459;omistajaohjauksen;1
1306;75/2023;2023_75_459;perusta;1
1306;75/2023;2023_75_459;vahva;1
1306;75/2023;2023_75_459;asioita;1
1306;75/2023;2023_75_459;tehty;1
1306;75/2023;2023_75_459;hyvin;1
1306;75/2023;2023_75_459;täytyy;1
1306;75/2023;2023_75_459;sitä;1
1306;75/2023;2023_75_459;edelleen;1
1306;75/2023;2023_75_459;kehittää;1
1306;75/2023;2023_75_459;kuten;1
1306;75/2023;2023_75_459;kaikkia;1
1306;75/2023;2023_75_459;hallinnonaloja;1
1306;75/2023;2023_75_459;katsottava;1
1306;75/2023;2023_75_459;eteenpäin;1
1306;75/2023;2023_75_459;analysoitava;1
1306;75/2023;2023_75_459;miten;1
1306;75/2023;2023_75_459;voivat;1
1306;75/2023;2023_75_459;valmistautua;1
1306;75/2023;2023_75_459;vastata;1
1306;75/2023;2023_75_459;tuleviin;1
1306;75/2023;2023_75_459;haasteisiin;1
1306;75/2023;2023_75_459;toimintaympäristön;1
1306;75/2023;2023_75_459;muutoksiin;1
1306;75/2023;2023_75_459;omistaminen;1
1306;75/2023;2023_75_471;arvoisa;1
1306;75/2023;2023_75_471;puhemies;1
1306;75/2023;2023_75_471;ärade;1
1306;75/2023;2023_75_471;talman;1
1306;75/2023;2023_75_471;kiitos;1
1306;75/2023;2023_75_471;hyvistä;1
1306;75/2023;2023_75_471;kysymyksistä;1
1306;75/2023;2023_75_471;edustaja;5
1306;75/2023;2023_75_471;mikkonen;2
1306;75/2023;2023_75_471;kysyi;4
1306;75/2023;2023_75_471;vn;1
1306;75/2023;2023_75_471;teasista;1
1306;75/2023;2023_75_471;ja;25
1306;75/2023;2023_75_471;se;8
1306;75/2023;2023_75_471;on;32
1306;75/2023;2023_75_471;tosiaankin;3
1306;75/2023;2023_75_471;asia;4
1306;75/2023;2023_75_471;josta;2
1306;75/2023;2023_75_471;päätetty;1
1306;75/2023;2023_75_471;hallitusneuvotteluissa;2
1306;75/2023;2023_75_471;että;27
1306;75/2023;2023_75_471;siitä;4
1306;75/2023;2023_75_471;potista;1
1306;75/2023;2023_75_471;joka;4
1306;75/2023;2023_75_471;taisi;1
1306;75/2023;2023_75_471;olla;2
1306;75/2023;2023_75_471;noin;2
1306;75/2023;2023_75_471;yhdeksän;1
1306;75/2023;2023_75_471;miljoonaa;1
1306;75/2023;2023_75_471;luovutaan;1
1306;75/2023;2023_75_471;kannattaa;2
1306;75/2023;2023_75_471;tietenkin;7
1306;75/2023;2023_75_471;muistaa;1
1306;75/2023;2023_75_471;toki;2
1306;75/2023;2023_75_471;tällaisia;1
1306;75/2023;2023_75_471;rahoja;1
1306;75/2023;2023_75_471;ymmärtääkseni;1
1306;75/2023;2023_75_471;myöskin;9
1306;75/2023;2023_75_471;ministeriöissä;1
1306;75/2023;2023_75_471;nyt;3
1306;75/2023;2023_75_471;jos;3
1306;75/2023;2023_75_471;vaikka;1
1306;75/2023;2023_75_471;puhutaan;1
1306;75/2023;2023_75_471;tutkimuksesta;1
1306;75/2023;2023_75_471;niin;7
1306;75/2023;2023_75_471;kokonaisuudessaan;1
1306;75/2023;2023_75_471;hallitus;2
1306;75/2023;2023_75_471;tekee;1
1306;75/2023;2023_75_471;merkittäviä;1
1306;75/2023;2023_75_471;panoksia;1
1306;75/2023;2023_75_471;koko;1
1306;75/2023;2023_75_471;tki-sarakkeeseen;1
1306;75/2023;2023_75_471;mutta;7
1306;75/2023;2023_75_471;varsinainen;1
1306;75/2023;2023_75_471;tämä;3
1306;75/2023;2023_75_471;osa;4
1306;75/2023;2023_75_471;kyllä;2
1306;75/2023;2023_75_471;näillä;1
1306;75/2023;2023_75_471;näkymin;1
1306;75/2023;2023_75_471;häviämässä;1
1306;75/2023;2023_75_471;omistajaohjauksesta;1
1306;75/2023;2023_75_471;luonnollisesti;2
1306;75/2023;2023_75_471;selvää;2
1306;75/2023;2023_75_471;kuten;1
1306;75/2023;2023_75_471;puheessanikin;1
1306;75/2023;2023_75_471;nostin;1
1306;75/2023;2023_75_471;esille;1
1306;75/2023;2023_75_471;yksi;2
1306;75/2023;2023_75_471;tärkeä;1
1306;75/2023;2023_75_471;osio;1
1306;75/2023;2023_75_471;vastuullisuuden;1
1306;75/2023;2023_75_471;peräänkuuluttaminen;1
1306;75/2023;2023_75_471;sehän;1
1306;75/2023;2023_75_471;ei;5
1306;75/2023;2023_75_471;tietenkään;1
1306;75/2023;2023_75_471;ole;2
1306;75/2023;2023_75_471;jota;1
1306;75/2023;2023_75_471;ajamme;1
1306;75/2023;2023_75_471;vain;1
1306;75/2023;2023_75_471;poliittisista;1
1306;75/2023;2023_75_471;syistä;1
1306;75/2023;2023_75_471;vaan;1
1306;75/2023;2023_75_471;sillä;2
1306;75/2023;2023_75_471;taloudellistakin;1
1306;75/2023;2023_75_471;merkitystä;1
1306;75/2023;2023_75_471;kun;3
1306;75/2023;2023_75_471;olin;1
1306;75/2023;2023_75_471;dubain;1
1306;75/2023;2023_75_471;ilmastokokouksessa;1
1306;75/2023;2023_75_471;puhuin;1
1306;75/2023;2023_75_471;rahoittajienkin;1
1306;75/2023;2023_75_471;kanssa;2
1306;75/2023;2023_75_471;he;2
1306;75/2023;2023_75_471;totesivat;1
1306;75/2023;2023_75_471;ihan;4
1306;75/2023;2023_75_471;spontaanisti;1
1306;75/2023;2023_75_471;kokevat;1
1306;75/2023;2023_75_471;rahoitettava;1
1306;75/2023;2023_75_471;taho;1
1306;75/2023;2023_75_471;yritys;1
1306;75/2023;2023_75_471;toimi;1
1306;75/2023;2023_75_471;vastuullisesti;1
1306;75/2023;2023_75_471;näkyy;1
1306;75/2023;2023_75_471;luoton;1
1306;75/2023;2023_75_471;hinnassakin;1
1306;75/2023;2023_75_471;eli;2
1306;75/2023;2023_75_471;itsekkäistä;1
1306;75/2023;2023_75_471;omistajan;1
1306;75/2023;2023_75_471;arvon;1
1306;75/2023;2023_75_471;puolustamisen;1
1306;75/2023;2023_75_471;lähtökohdista;1
1306;75/2023;2023_75_471;tulevista;1
1306;75/2023;2023_75_471;intresseistäkin;1
1306;75/2023;2023_75_471;meidän;3
1306;75/2023;2023_75_471;tätä;1
1306;75/2023;2023_75_471;painottaa;1
1306;75/2023;2023_75_471;sitten;6
1306;75/2023;2023_75_471;vaikutusmahdollisuudet;1
1306;75/2023;2023_75_471;yrityksiin;1
1306;75/2023;2023_75_471;omistajaohjauksen;1
1306;75/2023;2023_75_471;näkökulmasta;2
1306;75/2023;2023_75_471;tulevat;1
1306;75/2023;2023_75_471;sen;4
1306;75/2023;2023_75_471;kautta;2
1306;75/2023;2023_75_471;yhtiökokouksessa;1
1306;75/2023;2023_75_471;valitaan;1
1306;75/2023;2023_75_471;hallitushan;1
1306;75/2023;2023_75_471;oma;1
1306;75/2023;2023_75_471;yksikkönsä;1
1306;75/2023;2023_75_471;ohjaa;1
1306;75/2023;2023_75_471;yritystä;1
1306;75/2023;2023_75_471;poliittisin;1
1306;75/2023;2023_75_471;päätöksin;1
1306;75/2023;2023_75_471;emme;1
1306;75/2023;2023_75_471;voi;1
1306;75/2023;2023_75_471;mennä;1
1306;75/2023;2023_75_471;ohjaamaan;1
1306;75/2023;2023_75_471;hallituksen;3
1306;75/2023;2023_75_471;toimintaa;2
1306;75/2023;2023_75_471;valitsemalla;1
1306;75/2023;2023_75_471;hyviä;1
1306;75/2023;2023_75_471;jäseniä;1
1306;75/2023;2023_75_471;yhtiökokouksen;1
1306;75/2023;2023_75_471;asettamalla;1
1306;75/2023;2023_75_471;tavoitteita;1
1306;75/2023;2023_75_471;strand;1
1306;75/2023;2023_75_471;kilpailusta;1
1306;75/2023;2023_75_471;sisämarkkinoista;1
1306;75/2023;2023_75_471;marttila;1
1306;75/2023;2023_75_471;samasta;1
1306;75/2023;2023_75_471;kysymyksestä;1
1306;75/2023;2023_75_471;keskeinen;2
1306;75/2023;2023_75_471;kysymys;1
1306;75/2023;2023_75_471;suomen;1
1306;75/2023;2023_75_471;kilpailukyvylle;2
1306;75/2023;2023_75_471;euroopan;2
1306;75/2023;2023_75_471;me;5
1306;75/2023;2023_75_471;tiedämme;2
1306;75/2023;2023_75_471;pelkästään;1
1306;75/2023;2023_75_471;suomessa;2
1306;75/2023;2023_75_471;meillä;5
1306;75/2023;2023_75_471;miljardin;2
1306;75/2023;2023_75_471;potentiaalisten;1
1306;75/2023;2023_75_471;investointien;2
1306;75/2023;2023_75_471;putki;1
1306;75/2023;2023_75_471;edessämme;1
1306;75/2023;2023_75_471;saamme;1
1306;75/2023;2023_75_471;edes;1
1306;75/2023;2023_75_471;osan;2
1306;75/2023;2023_75_471;tästä;1
1306;75/2023;2023_75_471;pienenkin;1
1306;75/2023;2023_75_471;suuri;1
1306;75/2023;2023_75_471;merkitys;1
1306;75/2023;2023_75_471;työllisyyteen;1
1306;75/2023;2023_75_471;taloudelliseen;1
1306;75/2023;2023_75_471;hyvinvointiin;1
1306;75/2023;2023_75_471;ellei;1
1306;75/2023;2023_75_471;halvin;2
1306;75/2023;2023_75_471;viime;1
1306;75/2023;2023_75_471;vuoden;1
1306;75/2023;2023_75_471;lukujen;1
1306;75/2023;2023_75_471;perusteella;1
1306;75/2023;2023_75_471;toiseksi;1
1306;75/2023;2023_75_471;sähkö;1
1306;75/2023;2023_75_471;ehkä;3
1306;75/2023;2023_75_471;maailman;1
1306;75/2023;2023_75_471;paras;1
1306;75/2023;2023_75_471;siirtoverkko;1
1306;75/2023;2023_75_471;ennustettava;1
1306;75/2023;2023_75_471;turvallinen;1
1306;75/2023;2023_75_471;yhteiskunta;1
1306;75/2023;2023_75_471;saadaan;2
1306;75/2023;2023_75_471;tämän;4
1306;75/2023;2023_75_471;työn;1
1306;75/2023;2023_75_471;myötä;2
1306;75/2023;2023_75_471;toivottavasti;1
1306;75/2023;2023_75_471;lupaprosessit;1
1306;75/2023;2023_75_471;parempaan;1
1306;75/2023;2023_75_471;asentoon;1
1306;75/2023;2023_75_471;olemassa;1
1306;75/2023;2023_75_471;kovinkaan;1
1306;75/2023;2023_75_471;monta;1
1306;75/2023;2023_75_471;todellista;1
1306;75/2023;2023_75_471;syytä;1
1306;75/2023;2023_75_471;miksi;1
1306;75/2023;2023_75_471;suomeen;1
1306;75/2023;2023_75_471;haluaisi;1
1306;75/2023;2023_75_471;tulla;1
1306;75/2023;2023_75_471;investoimaan;1
1306;75/2023;2023_75_471;nimenomaan;1
1306;75/2023;2023_75_471;tähän;1
1306;75/2023;2023_75_471;sektoriin;1
1306;75/2023;2023_75_471;euroopankin;1
1306;75/2023;2023_75_471;oleellista;2
1306;75/2023;2023_75_471;investointipäätökset;1
1306;75/2023;2023_75_471;tehdään;3
1306;75/2023;2023_75_471;markkinapohjaisesti;1
1306;75/2023;2023_75_471;todellisten;1
1306;75/2023;2023_75_471;kilpailukykytekijöiden;1
1306;75/2023;2023_75_471;pohjalta;2
1306;75/2023;2023_75_471;eikä;1
1306;75/2023;2023_75_471;hetkessä;1
1306;75/2023;2023_75_471;kiinni;1
1306;75/2023;2023_75_471;olevien;1
1306;75/2023;2023_75_471;poliittisten;1
1306;75/2023;2023_75_471;tukipäätösten;1
1306;75/2023;2023_75_471;koska;1
1306;75/2023;2023_75_471;silloinhan;1
1306;75/2023;2023_75_471;näitten;1
1306;75/2023;2023_75_471;pitkän;1
1306;75/2023;2023_75_471;tähtäimen;1
1306;75/2023;2023_75_471;kilpailukyky;1
1306;75/2023;2023_75_471;hyvinkin;1
1306;75/2023;2023_75_471;kyseenalainen;1
1306;75/2023;2023_75_471;toivomme;2
1306;75/2023;2023_75_471;yrityksetkin;1
1306;75/2023;2023_75_471;näkevät;1
1306;75/2023;2023_75_471;tällä;2
1306;75/2023;2023_75_471;tavalla;1
1306;75/2023;2023_75_471;huolimatta;1
1306;75/2023;2023_75_471;eu-tasolla;1
1306;75/2023;2023_75_471;teemme;1
1306;75/2023;2023_75_471;kovasti;1
1306;75/2023;2023_75_471;vaikuttamistyötä;2
1306;75/2023;2023_75_471;asian;1
1306;75/2023;2023_75_471;eteen;1
1306;75/2023;2023_75_471;ollut;1
1306;75/2023;2023_75_471;vaikuttamistavoitteemme;1
1306;75/2023;2023_75_471;syksyn;1
1306;75/2023;2023_75_471;ajan;1
1306;75/2023;2023_75_471;uskon;1
1306;75/2023;2023_75_471;monet;1
1306;75/2023;2023_75_471;muutkin;1
1306;75/2023;2023_75_471;verrokkimaat;1
1306;75/2023;2023_75_471;ovat;2
1306;75/2023;2023_75_471;samoilla;1
1306;75/2023;2023_75_471;linjoilla;1
1306;75/2023;2023_75_471;pohjoismaat;1
1306;75/2023;2023_75_471;aivan;1
1306;75/2023;2023_75_471;erityisesti;1
1306;75/2023;2023_75_471;hollannin;1
1306;75/2023;2023_75_471;puolan;1
1306;75/2023;2023_75_471;tapaiset;1
1306;75/2023;2023_75_471;maat;1
1306;75/2023;2023_75_471;no;1
1306;75/2023;2023_75_471;vastahankaan;1
1306;75/2023;2023_75_471;saksa;1
1306;75/2023;2023_75_471;ranska;1
1306;75/2023;2023_75_471;saksassa;1
1306;75/2023;2023_75_471;pohdittu;1
1306;75/2023;2023_75_471;sähkön;1
1306;75/2023;2023_75_471;hinnan;1
1306;75/2023;2023_75_471;tukemista;1
1306;75/2023;2023_75_471;olisi;2
1306;75/2023;2023_75_471;paitsi;1
1306;75/2023;2023_75_471;heille;1
1306;75/2023;2023_75_471;äärimmäisen;1
1306;75/2023;2023_75_471;kallis;1
1306;75/2023;2023_75_471;näkemyksen;1
1306;75/2023;2023_75_471;mukaan;1
1306;75/2023;2023_75_471;ongelmallinen;1
1306;75/2023;2023_75_471;jatkuvaa;1
1306;75/2023;2023_75_471;tuli;1
1306;75/2023;2023_75_471;pieni;1
1306;75/2023;2023_75_471;erätappio;1
1306;75/2023;2023_75_471;komissio;1
1306;75/2023;2023_75_471;jatkoi;1
1306;75/2023;2023_75_471;tiettyjä;1
1306;75/2023;2023_75_471;tukia;1
1306;75/2023;2023_75_471;kuudella;1
1306;75/2023;2023_75_471;kuukaudella;1
1306;75/2023;2023_75_471;ne;1
1306;75/2023;2023_75_471;loppuvat;1
1306;75/2023;2023_75_471;siihen;1
1306;75/2023;2023_75_471;jälkeen;1
1306;75/2023;2023_75_471;päästäisiin;1
1306;75/2023;2023_75_471;normaaliin;1
1306;75/2023;2023_75_471;muuten;1
1306;75/2023;2023_75_471;eurooppa;1
1306;75/2023;2023_75_471;pärjää;1
1306;75/2023;2023_75_471;kilpailussa;1
1306;75/2023;2023_75_471;usan;1
1306;75/2023;2023_75_471;kiinan;1
1306;75/2023;2023_75_471;sarkkinen;1
1306;75/2023;2023_75_471;omaisuustuloista;1
1306;75/2023;2023_75_471;neljän;1
1306;75/2023;2023_75_471;potti;1
1306;75/2023;2023_75_471;tulee;3
1306;75/2023;2023_75_471;asuntorahastosta;1
1306;75/2023;2023_75_471;kirjaus;1
1306;75/2023;2023_75_471;tuloutetaan;1
1306;75/2023;2023_75_471;nykyistä;1
1306;75/2023;2023_75_471;vaarantamatta;1
1306;75/2023;2023_75_471;kriteeri;1
1306;75/2023;2023_75_471;osinkotuloista;1
1306;75/2023;2023_75_471;tietyistä;1
1306;75/2023;2023_75_471;omaisuusmyynneistä;1
1306;75/2023;2023_75_471;silloin;1
1306;75/2023;2023_75_471;ajoituksen;1
1306;75/2023;2023_75_471;kannalta;1
1306;75/2023;2023_75_471;tärkeää;1
1306;75/2023;2023_75_471;tarpeeksi;1
1306;75/2023;2023_75_471;liikkumavaraa;1
1306;75/2023;2023_75_471;voimme;1
1306;75/2023;2023_75_471;tehdä;1
1306;75/2023;2023_75_471;mahdolliset;1
1306;75/2023;2023_75_471;myyntipäätökset;1
1306;75/2023;2023_75_471;sellaisessa;1
1306;75/2023;2023_75_471;markkinatilanteessa;1
1306;75/2023;2023_75_471;varmistetaan;1
1306;75/2023;2023_75_471;hyvä;2
1306;75/2023;2023_75_471;hinta;1
1306;75/2023;2023_75_471;investoinnitkin;1
1306;75/2023;2023_75_471;sellaisiin;1
1306;75/2023;2023_75_471;kohteisiin;1
1306;75/2023;2023_75_471;jotka;1
1306;75/2023;2023_75_471;kasvattavat;1
1306;75/2023;2023_75_471;valtion;1
1306;75/2023;2023_75_471;tasetta;1
1306;75/2023;2023_75_471;näitä;1
1306;75/2023;2023_75_471;päätöksiä;1
1306;75/2023;2023_75_471;harkiten;1
1306;75/2023;2023_75_471;pitkällä;1
1306;75/2023;2023_75_471;tähtäimellä;1
1306;75/2023;2023_75_471;asioita;1
1306;75/2023;2023_75_471;tarkasti;1
1306;75/2023;2023_75_471;arvioiden;1
1306;75/2023;2023_75_471;reijonen;1
1306;75/2023;2023_75_471;puoluetuista;1
1306;75/2023;2023_75_471;niistä;1
1306;75/2023;2023_75_471;tehtiin;1
1306;75/2023;2023_75_471;päätös;1
1306;75/2023;2023_75_471;pientä;1
1306;75/2023;2023_75_471;reivausta;1
1306;75/2023;2023_75_471;niissä;1
1306;75/2023;2023_75_471;oli;1
1306;75/2023;2023_75_471;avustajien;1
1306;75/2023;2023_75_471;lukumäärä;1
1306;75/2023;2023_75_471;pienempi;1
1306;75/2023;2023_75_471;hallituskaudella;1
1306;75/2023;2023_75_471;voin;1
1306;75/2023;2023_75_471;ministerinä;1
1306;75/2023;2023_75_471;sanoa;1
1306;75/2023;2023_75_471;varmaan;2
1306;75/2023;2023_75_471;moni;1
1306;75/2023;2023_75_471;sitä;1
1306;75/2023;2023_75_471;mieltä;1
1306;75/2023;2023_75_471;tai;1
1306;75/2023;2023_75_471;kaksi;1
1306;75/2023;2023_75_471;avustajaa;1
1306;75/2023;2023_75_471;enemmän;1
1306;75/2023;2023_75_471;tarpeen;1
1306;75/2023;2023_75_471;tässä;3
1306;75/2023;2023_75_471;tilanteessa;1
1306;75/2023;2023_75_471;mekin;1
1306;75/2023;2023_75_471;näytämme;1
1306;75/2023;2023_75_471;esimerkkiä;1
1306;75/2023;2023_75_471;pyrimme;1
1306;75/2023;2023_75_471;toimimaan;1
1306;75/2023;2023_75_471;hieman;1
1306;75/2023;2023_75_471;pienemmillä;1
1306;75/2023;2023_75_471;resursseilla;1
1306;75/2023;2023_75_471;agendasta;1
1306;75/2023;2023_75_471;kaikessa;1
1306;75/2023;2023_75_471;ilmastotyössä;1
1306;75/2023;2023_75_471;seuraamme;1
1306;75/2023;2023_75_471;tilannetta;1
1306;75/2023;2023_75_471;oikeita;1
1306;75/2023;2023_75_471;mittareita;1
1306;75/2023;2023_75_471;käytettävissä;1
1306;75/2023;2023_75_471;vaatii;1
1306;75/2023;2023_75_471;tutkimustyötä;1
1306;75/2023;2023_75_471;kvantifioitua;1
1306;75/2023;2023_75_471;sekä;1
1306;75/2023;2023_75_471;toimien;2
1306;75/2023;2023_75_471;kustannukset;2
1306;75/2023;2023_75_471;vaihtoehtoisten;1
1306;75/2023;2023_75_471;seurauksista;1
1306;75/2023;2023_75_471;puhumattakaan;1
1306;75/2023;2023_75_471;auttaisi;1
1306;75/2023;2023_75_471;politiikkatoimien;1
1306;75/2023;2023_75_471;edistämisessä;1
1306;75/2023;2023_75_471;taisivat;1
1306;75/2023;2023_75_471;suunnilleen;1
1306;75/2023;2023_75_471;kaikki;1
1306;75/2023;2023_75_471;kysymykset;1
1306;75/2023;2023_75_471;kiitoksia;1
1306;75/2023;2023_75_478;kiitos;1
1306;75/2023;2023_75_478;ärade;1
1306;75/2023;2023_75_478;talman;1
1306;75/2023;2023_75_478;arvoisa;1
1306;75/2023;2023_75_478;puhemies;1
1306;75/2023;2023_75_478;edustaja;3
1306;75/2023;2023_75_478;mikkonen;1
1306;75/2023;2023_75_478;kysyi;2
1306;75/2023;2023_75_478;näitten;1
1306;75/2023;2023_75_478;ministeriöiden;1
1306;75/2023;2023_75_478;resurssien;1
1306;75/2023;2023_75_478;koordinoimisesta;1
1306;75/2023;2023_75_478;en;2
1306;75/2023;2023_75_478;tiedä;1
1306;75/2023;2023_75_478;miksikö;1
1306;75/2023;2023_75_478;se;10
1306;75/2023;2023_75_478;ei;6
1306;75/2023;2023_75_478;olisi;4
1306;75/2023;2023_75_478;mahdollista;1
1306;75/2023;2023_75_478;varmaan;3
1306;75/2023;2023_75_478;kaiken;2
1306;75/2023;2023_75_478;kaikkiaan;1
1306;75/2023;2023_75_478;kun;5
1306;75/2023;2023_75_478;tutkimustyötä;1
1306;75/2023;2023_75_478;tehdään;3
1306;75/2023;2023_75_478;kehitetään;1
1306;75/2023;2023_75_478;asioita;1
1306;75/2023;2023_75_478;laaja-alainen;1
1306;75/2023;2023_75_478;lähestymistapa;1
1306;75/2023;2023_75_478;on;19
1306;75/2023;2023_75_478;hyväksi;1
1306;75/2023;2023_75_478;oli;4
1306;75/2023;2023_75_478;puhetta;1
1306;75/2023;2023_75_478;itä-suomesta;2
1306;75/2023;2023_75_478;ja;16
1306;75/2023;2023_75_478;itä-suomen;2
1306;75/2023;2023_75_478;tilanteesta;1
1306;75/2023;2023_75_478;fingrid;1
1306;75/2023;2023_75_478;sinänsä;1
1306;75/2023;2023_75_478;kuuluu;1
1306;75/2023;2023_75_478;vmn;1
1306;75/2023;2023_75_478;alaisuuteen;1
1306;75/2023;2023_75_478;joten;1
1306;75/2023;2023_75_478;kommentoi;1
1306;75/2023;2023_75_478;sitä;2
1306;75/2023;2023_75_478;mutta;6
1306;75/2023;2023_75_478;voin;1
1306;75/2023;2023_75_478;sen;2
1306;75/2023;2023_75_478;verran;1
1306;75/2023;2023_75_478;kertoa;1
1306;75/2023;2023_75_478;noin;1
1306;75/2023;2023_75_478;yleisellä;1
1306;75/2023;2023_75_478;tasolla;1
1306;75/2023;2023_75_478;eu-politiikan;1
1306;75/2023;2023_75_478;näkökulmasta;3
1306;75/2023;2023_75_478;että;12
1306;75/2023;2023_75_478;useassa;1
1306;75/2023;2023_75_478;kokouksessa;2
1306;75/2023;2023_75_478;olen;1
1306;75/2023;2023_75_478;tuonut;1
1306;75/2023;2023_75_478;esille;2
1306;75/2023;2023_75_478;tulevaisuuden;1
1306;75/2023;2023_75_478;koheesiopolitiikkaa;1
1306;75/2023;2023_75_478;pohdittaessa;1
1306;75/2023;2023_75_478;tulisi;1
1306;75/2023;2023_75_478;ottaa;2
1306;75/2023;2023_75_478;huomioon;1
1306;75/2023;2023_75_478;meidän;4
1306;75/2023;2023_75_478;raja-alueemme;1
1306;75/2023;2023_75_478;muuttunut;2
1306;75/2023;2023_75_478;tilanne;2
1306;75/2023;2023_75_478;aikaisemmin;1
1306;75/2023;2023_75_478;portti;1
1306;75/2023;2023_75_478;itään;1
1306;75/2023;2023_75_478;nyt;4
1306;75/2023;2023_75_478;käytännössä;1
1306;75/2023;2023_75_478;pussinperä;1
1306;75/2023;2023_75_478;kyljessä;1
1306;75/2023;2023_75_478;kova;1
1306;75/2023;2023_75_478;raja;1
1306;75/2023;2023_75_478;joka;1
1306;75/2023;2023_75_478;pehmene;1
1306;75/2023;2023_75_478;vähään;1
1306;75/2023;2023_75_478;aikaan;1
1306;75/2023;2023_75_478;eli;3
1306;75/2023;2023_75_478;ihan;2
1306;75/2023;2023_75_478;täysin;1
1306;75/2023;2023_75_478;tulevassa;1
1306;75/2023;2023_75_478;koheesiopolitiikassa;1
1306;75/2023;2023_75_478;kriteerinä;1
1306;75/2023;2023_75_478;pitäisi;2
1306;75/2023;2023_75_478;mukaan;1
1306;75/2023;2023_75_478;tällaiset;1
1306;75/2023;2023_75_478;tilanteet;1
1306;75/2023;2023_75_478;vastaanotto;1
1306;75/2023;2023_75_478;ollut;2
1306;75/2023;2023_75_478;positiivista;1
1306;75/2023;2023_75_478;marraskuussa;1
1306;75/2023;2023_75_478;yleisten;1
1306;75/2023;2023_75_478;asioiden;1
1306;75/2023;2023_75_478;neuvoston;1
1306;75/2023;2023_75_478;koheesiokysymyksistä;1
1306;75/2023;2023_75_478;vastaava;1
1306;75/2023;2023_75_478;komissaari;1
1306;75/2023;2023_75_478;elisa;1
1306;75/2023;2023_75_478;ferreira;1
1306;75/2023;2023_75_478;portugalista;1
1306;75/2023;2023_75_478;nosti;1
1306;75/2023;2023_75_478;tämän;2
1306;75/2023;2023_75_478;itse;2
1306;75/2023;2023_75_478;siis;1
1306;75/2023;2023_75_478;avoimesti;1
1306;75/2023;2023_75_478;spontaanisti;1
1306;75/2023;2023_75_478;muutamia;1
1306;75/2023;2023_75_478;kertoja;1
1306;75/2023;2023_75_478;viestimme;1
1306;75/2023;2023_75_478;selvästi;1
1306;75/2023;2023_75_478;häneen;1
1306;75/2023;2023_75_478;uponnut;1
1306;75/2023;2023_75_478;hyvin;5
1306;75/2023;2023_75_478;luo;1
1306;75/2023;2023_75_478;toivoa;1
1306;75/2023;2023_75_478;tulevasta;1
1306;75/2023;2023_75_478;sittenhän;1
1306;75/2023;2023_75_478;meillä;3
1306;75/2023;2023_75_478;ovat;4
1306;75/2023;2023_75_478;tietenkin;6
1306;75/2023;2023_75_478;nämä;1
1306;75/2023;2023_75_478;lähinnä;1
1306;75/2023;2023_75_478;puolustusministeriöön;1
1306;75/2023;2023_75_478;liittyvät;1
1306;75/2023;2023_75_478;kysymykset;1
1306;75/2023;2023_75_478;tutkista;1
1306;75/2023;2023_75_478;muista;1
1306;75/2023;2023_75_478;jotka;1
1306;75/2023;2023_75_478;tavallaan;1
1306;75/2023;2023_75_478;esteenä;1
1306;75/2023;2023_75_478;toki;3
1306;75/2023;2023_75_478;siellä;3
1306;75/2023;2023_75_478;itä-suomessakin;1
1306;75/2023;2023_75_478;aika;1
1306;75/2023;2023_75_478;paljon;1
1306;75/2023;2023_75_478;hankkeita;1
1306;75/2023;2023_75_478;sellaisessa;1
1306;75/2023;2023_75_478;vaiheessa;1
1306;75/2023;2023_75_478;kuokkaa;1
1306;75/2023;2023_75_478;voisi;1
1306;75/2023;2023_75_478;jo;1
1306;75/2023;2023_75_478;iskeä;1
1306;75/2023;2023_75_478;maahan;1
1306;75/2023;2023_75_478;kunhan;1
1306;75/2023;2023_75_478;sitten;4
1306;75/2023;2023_75_478;löytyisi;1
1306;75/2023;2023_75_478;kulutustarvetta;1
1306;75/2023;2023_75_478;jos;2
1306;75/2023;2023_75_478;tuulivoimasta;1
1306;75/2023;2023_75_478;puhutaan;3
1306;75/2023;2023_75_478;strand;1
1306;75/2023;2023_75_478;puhui;1
1306;75/2023;2023_75_478;investoinneista;1
1306;75/2023;2023_75_478;yhdyn;1
1306;75/2023;2023_75_478;kyllä;1
1306;75/2023;2023_75_478;siihen;1
1306;75/2023;2023_75_478;näkemykseen;1
1306;75/2023;2023_75_478;erityisesti;2
1306;75/2023;2023_75_478;energiasta;1
1306;75/2023;2023_75_478;pohtia;1
1306;75/2023;2023_75_478;paikallista;1
1306;75/2023;2023_75_478;mittakaavaa;2
1306;75/2023;2023_75_478;myöskin;4
1306;75/2023;2023_75_478;pohjoismaista;1
1306;75/2023;2023_75_478;vielä;1
1306;75/2023;2023_75_478;pullonkauloja;1
1306;75/2023;2023_75_478;siirtoyhteyksien;1
1306;75/2023;2023_75_478;osalta;4
1306;75/2023;2023_75_478;ollaan;1
1306;75/2023;2023_75_478;yhä;2
1306;75/2023;2023_75_478;enenevässä;1
1306;75/2023;2023_75_478;määrin;1
1306;75/2023;2023_75_478;tai;2
1306;75/2023;2023_75_478;sanotaan;1
1306;75/2023;2023_75_478;näin;1
1306;75/2023;2023_75_478;säätövoimasta;1
1306;75/2023;2023_75_478;tulee;1
1306;75/2023;2023_75_478;tärkeämpi;1
1306;75/2023;2023_75_478;osa;1
1306;75/2023;2023_75_478;sähköverkkoamme;1
1306;75/2023;2023_75_478;siirtoyhteydet;1
1306;75/2023;2023_75_478;tärkeässä;1
1306;75/2023;2023_75_478;asemassa;1
1306;75/2023;2023_75_478;ruotsin;2
1306;75/2023;2023_75_478;norjan;1
1306;75/2023;2023_75_478;vesivoimassa;1
1306;75/2023;2023_75_478;pohjois-euroopan;1
1306;75/2023;2023_75_478;parasta;1
1306;75/2023;2023_75_478;säätövoimaa;1
1306;75/2023;2023_75_478;isot;1
1306;75/2023;2023_75_478;sähkövarannot;1
1306;75/2023;2023_75_478;paremmilla;1
1306;75/2023;2023_75_478;siirtoyhteyksillä;1
1306;75/2023;2023_75_478;nekin;1
1306;75/2023;2023_75_478;palvelisivat;1
1306;75/2023;2023_75_478;ehkä;2
1306;75/2023;2023_75_478;tehokkaammin;1
1306;75/2023;2023_75_478;meidänkin;1
1306;75/2023;2023_75_478;tarpeitamme;1
1306;75/2023;2023_75_478;zyskowicz;1
1306;75/2023;2023_75_478;unkarista;1
1306;75/2023;2023_75_478;tällä;1
1306;75/2023;2023_75_478;hetkellä;1
1306;75/2023;2023_75_478;unkari;4
1306;75/2023;2023_75_478;ole;2
1306;75/2023;2023_75_478;ratifioinut;1
1306;75/2023;2023_75_478;nato-jäsenyyttä;1
1306;75/2023;2023_75_478;suhtautuu;2
1306;75/2023;2023_75_478;kielteisesti;1
1306;75/2023;2023_75_478;neuvottelujen;1
1306;75/2023;2023_75_478;aloittamiseen;1
1306;75/2023;2023_75_478;ukrainan;3
1306;75/2023;2023_75_478;kanssa;1
1306;75/2023;2023_75_478;mitä;2
1306;75/2023;2023_75_478;vaikea;1
1306;75/2023;2023_75_478;ymmärtää;1
1306;75/2023;2023_75_478;negatiivisesti;1
1306;75/2023;2023_75_478;rahalliseen;1
1306;75/2023;2023_75_478;tukemiseen;1
1306;75/2023;2023_75_478;sekä;1
1306;75/2023;2023_75_478;jälleenrakennuksen;1
1306;75/2023;2023_75_478;aseellisen;1
1306;75/2023;2023_75_478;tuen;1
1306;75/2023;2023_75_478;tilanteessa;1
1306;75/2023;2023_75_478;jossa;2
1306;75/2023;2023_75_478;ukraina;1
1306;75/2023;2023_75_478;konkreettisella;1
1306;75/2023;2023_75_478;tavalla;1
1306;75/2023;2023_75_478;puolustaa;1
1306;75/2023;2023_75_478;eurooppaa;1
1306;75/2023;2023_75_478;yhteisiä;1
1306;75/2023;2023_75_478;arvojamme;1
1306;75/2023;2023_75_478;mahdoton;1
1306;75/2023;2023_75_478;hyväksyä;1
1306;75/2023;2023_75_478;kantana;1
1306;75/2023;2023_75_478;viikonlopun;1
1306;75/2023;2023_75_478;aikana;1
1306;75/2023;2023_75_478;ilmoitti;1
1306;75/2023;2023_75_478;he;1
1306;75/2023;2023_75_478;tulevat;1
1306;75/2023;2023_75_478;käyttämään;1
1306;75/2023;2023_75_478;veto-oikeuttaan;1
1306;75/2023;2023_75_478;kysymyksessä;2
1306;75/2023;2023_75_478;bulgarian;1
1306;75/2023;2023_75_478;schengen-jäsenyydestä;1
1306;75/2023;2023_75_478;lista;1
1306;75/2023;2023_75_478;tällaisista;1
1306;75/2023;2023_75_478;vaikeasti;1
1306;75/2023;2023_75_478;ymmärrettävistä;1
1306;75/2023;2023_75_478;vastustuksista;1
1306;75/2023;2023_75_478;pitkä;1
1306;75/2023;2023_75_478;komissio;2
1306;75/2023;2023_75_478;päätti;1
1306;75/2023;2023_75_478;alkuviikosta;1
1306;75/2023;2023_75_478;vapauttaa;1
1306;75/2023;2023_75_478;kymmenen;1
1306;75/2023;2023_75_478;miljardia;1
1306;75/2023;2023_75_478;unkarilta;1
1306;75/2023;2023_75_478;pidätettyä;1
1306;75/2023;2023_75_478;rahaa;1
1306;75/2023;2023_75_478;toteaa;1
1306;75/2023;2023_75_478;vaihtoehtoa;1
1306;75/2023;2023_75_478;sopii;1
1306;75/2023;2023_75_478;kysyä;1
1306;75/2023;2023_75_478;oliko;1
1306;75/2023;2023_75_478;ajoitus;1
1306;75/2023;2023_75_478;tässä;3
1306;75/2023;2023_75_478;suhteessa;1
1306;75/2023;2023_75_478;optimaalinen;1
1306;75/2023;2023_75_478;taustalla;1
1306;75/2023;2023_75_478;oikeusvaltiokysymykset;1
1306;75/2023;2023_75_478;suomi;1
1306;75/2023;2023_75_478;pitänyt;1
1306;75/2023;2023_75_478;oikeusvaltiokysymystä;1
1306;75/2023;2023_75_478;perustellusti;1
1306;75/2023;2023_75_478;eun;1
1306;75/2023;2023_75_478;hyvinkin;2
1306;75/2023;2023_75_478;tärkeänä;1
1306;75/2023;2023_75_478;peruspulttina;1
1306;75/2023;2023_75_478;ellei;1
1306;75/2023;2023_75_478;oikeusvaltioperiaatetta;1
1306;75/2023;2023_75_478;noudateta;1
1306;75/2023;2023_75_478;unionissa;1
1306;75/2023;2023_75_478;kuitenkin;1
1306;75/2023;2023_75_478;aina;1
1306;75/2023;2023_75_478;keskinäisestä;1
1306;75/2023;2023_75_478;vastuusta;1
1306;75/2023;2023_75_478;tulonsiirroista;1
1306;75/2023;2023_75_478;osittain;1
1306;75/2023;2023_75_478;niin;1
1306;75/2023;2023_75_478;selvää;1
1306;75/2023;2023_75_478;kokonaisuus;1
1306;75/2023;2023_75_478;uskottava;1
1306;75/2023;2023_75_478;oleellinen;1
1306;75/2023;2023_75_478;huomio;1
1306;75/2023;2023_75_478;nykyisten;1
1306;75/2023;2023_75_478;jäsenten;1
1306;75/2023;2023_75_478;laajentumista;1
1306;75/2023;2023_75_478;lähdetään;1
1306;75/2023;2023_75_478;pohtimaan;1
1306;75/2023;2023_75_478;siksi;1
1306;75/2023;2023_75_478;keskeinen;1
1306;75/2023;2023_75_478;kysymys;1
1306;75/2023;2023_75_478;niissä;1
1306;75/2023;2023_75_478;neuvotteluissa;1
1306;75/2023;2023_75_478;no;1
1306;75/2023;2023_75_478;tästä;2
1306;75/2023;2023_75_478;eteenpäin;1
1306;75/2023;2023_75_478;eurooppa-neuvosto;1
1306;75/2023;2023_75_478;kokoontuu;1
1306;75/2023;2023_75_478;tammikuussa;1
1306;75/2023;2023_75_478;uudelleen;1
1306;75/2023;2023_75_478;petteri;1
1306;75/2023;2023_75_478;orpo;1
1306;75/2023;2023_75_478;totesi;1
1306;75/2023;2023_75_478;päätös;1
1306;75/2023;2023_75_478;joko;1
1306;75/2023;2023_75_478;maan;2
1306;75/2023;2023_75_478;pohjalta;1
1306;75/2023;2023_75_478;jättää;1
1306;75/2023;2023_75_478;avoimeksi;1
1306;75/2023;2023_75_478;ne;1
1306;75/2023;2023_75_478;mekanismit;1
1306;75/2023;2023_75_478;joita;1
1306;75/2023;2023_75_478;erinäisiä;1
1306;75/2023;2023_75_478;eri;1
1306;75/2023;2023_75_478;tapoja;1
1306;75/2023;2023_75_478;kiertää;1
1306;75/2023;2023_75_478;yhden;1
1306;75/2023;2023_75_478;vastustus;1
1306;75/2023;2023_75_478;paras;1
1306;75/2023;2023_75_478;tapa;1
1306;75/2023;2023_75_478;kaikki;2
1306;75/2023;2023_75_478;yhdessä;1
1306;75/2023;2023_75_478;ymmärtäisimme;1
1306;75/2023;2023_75_478;oman;1
1306;75/2023;2023_75_478;vastuumme;2
1306;75/2023;2023_75_478;euroopan;4
1306;75/2023;2023_75_478;turvallisuudesta;1
1306;75/2023;2023_75_478;vakaudesta;1
1306;75/2023;2023_75_478;kilpailukyvystä;1
1306;75/2023;2023_75_478;ymmärtävät;1
1306;75/2023;2023_75_478;yhtä;1
1306;75/2023;2023_75_478;lailla;1
1306;75/2023;2023_75_478;kääntyy;1
1306;75/2023;2023_75_478;enemmistön;1
1306;75/2023;2023_75_478;puolelle;1
1306;75/2023;2023_75_478;huomioitavahan;1
1306;75/2023;2023_75_478;tämä;1
1306;75/2023;2023_75_478;kerro;1
1306;75/2023;2023_75_478;epäyhtenäisyydestä;1
1306;75/2023;2023_75_478;maata;1
1306;75/2023;2023_75_478;samoilla;1
1306;75/2023;2023_75_478;linjoilla;1
1306;75/2023;2023_75_478;vaikeassa;1
1306;75/2023;2023_75_478;yksi;1
1306;75/2023;2023_75_478;maa;1
1306;75/2023;2023_75_478;vastarannan;1
1306;75/2023;2023_75_478;kiiski;1
1306;75/2023;2023_75_478;aiheuttaen;1
1306;75/2023;2023_75_478;euroopalle;1
1306;75/2023;2023_75_478;etenkin;1
1306;75/2023;2023_75_478;ukrainalle;1
1306;75/2023;2023_75_478;vaikean;1
1306;75/2023;2023_75_478;tilanteen;1
1306;75/2023;2023_75_478;hetkenä;1
1306;75/2023;2023_75_478;jolloin;1
1306;75/2023;2023_75_478;apu;1
1306;75/2023;2023_75_478;tarpeen;1
1306;75/2023;2023_75_478;yhtenäinen;1
1306;75/2023;2023_75_478;eurooppa;1
1306;75/2023;2023_75_478;taistelun;1
1306;75/2023;2023_75_478;keskeisen;1
1306;75/2023;2023_75_478;tärkeää;1
1306;75/2023;2023_75_486;ärade;1
1306;75/2023;2023_75_486;talman;1
1306;75/2023;2023_75_486;arvoisa;1
1306;75/2023;2023_75_486;puhemies;1
1306;75/2023;2023_75_486;kiitos;1
1306;75/2023;2023_75_486;hyvistä;1
1306;75/2023;2023_75_486;kysymyksistä;1
1306;75/2023;2023_75_486;ukrainan;1
1306;75/2023;2023_75_486;tukemisesta;1
1306;75/2023;2023_75_486;ehkä;8
1306;75/2023;2023_75_486;kysymys;1
1306;75/2023;2023_75_486;joka;3
1306;75/2023;2023_75_486;lähinnä;1
1306;75/2023;2023_75_486;kuului;1
1306;75/2023;2023_75_486;edelliseen;1
1306;75/2023;2023_75_486;osioon;1
1306;75/2023;2023_75_486;edustaja;2
1306;75/2023;2023_75_486;zyskowicz;1
1306;75/2023;2023_75_486;kysyi;1
1306;75/2023;2023_75_486;siitä;7
1306;75/2023;2023_75_486;ja;20
1306;75/2023;2023_75_486;unohdin;1
1306;75/2023;2023_75_486;mainita;1
1306;75/2023;2023_75_486;tämän;1
1306;75/2023;2023_75_486;näkökulman;2
1306;75/2023;2023_75_486;siinä;5
1306;75/2023;2023_75_486;siis;1
1306;75/2023;2023_75_486;päätös;2
1306;75/2023;2023_75_486;tuesta;1
1306;75/2023;2023_75_486;olisi;4
1306;75/2023;2023_75_486;ollut;3
1306;75/2023;2023_75_486;poliittisesti;1
1306;75/2023;2023_75_486;äärimmäisen;1
1306;75/2023;2023_75_486;tärkeä;1
1306;75/2023;2023_75_486;viime;4
1306;75/2023;2023_75_486;viikolla;1
1306;75/2023;2023_75_486;mutta;14
1306;75/2023;2023_75_486;tulipalokiirettä;1
1306;75/2023;2023_75_486;ei;7
1306;75/2023;2023_75_486;ole;4
1306;75/2023;2023_75_486;mielessä;2
1306;75/2023;2023_75_486;että;19
1306;75/2023;2023_75_486;meillä;3
1306;75/2023;2023_75_486;on;27
1306;75/2023;2023_75_486;toki;4
1306;75/2023;2023_75_486;vielä;3
1306;75/2023;2023_75_486;olemassa;1
1306;75/2023;2023_75_486;olevia;1
1306;75/2023;2023_75_486;tuki-instrumentteja;1
1306;75/2023;2023_75_486;mitä;2
1306;75/2023;2023_75_486;me;5
1306;75/2023;2023_75_486;voidaan;1
1306;75/2023;2023_75_486;käyttää;1
1306;75/2023;2023_75_486;oleellista;2
1306;75/2023;2023_75_486;tammikuussa;1
1306;75/2023;2023_75_486;saadaan;2
1306;75/2023;2023_75_486;aikaiseksi;1
1306;75/2023;2023_75_486;esimerkiksi;1
1306;75/2023;2023_75_486;makrotaloudellista;1
1306;75/2023;2023_75_486;tukea;1
1306;75/2023;2023_75_486;käyttämättä;1
1306;75/2023;2023_75_486;sen;4
1306;75/2023;2023_75_486;ongelma;1
1306;75/2023;2023_75_486;tietenkin;1
1306;75/2023;2023_75_486;se;17
1306;75/2023;2023_75_486;lainaperusteista;1
1306;75/2023;2023_75_486;suomen;4
1306;75/2023;2023_75_486;kanta;1
1306;75/2023;2023_75_486;näissä;1
1306;75/2023;2023_75_486;kaikissa;1
1306;75/2023;2023_75_486;neuvotteluissa;3
1306;75/2023;2023_75_486;tällaisen;1
1306;75/2023;2023_75_486;ikään;1
1306;75/2023;2023_75_486;kuin;4
1306;75/2023;2023_75_486;lahjamuotoisen;1
1306;75/2023;2023_75_486;tuen;1
1306;75/2023;2023_75_486;osuuden;1
1306;75/2023;2023_75_486;pitäisi;1
1306;75/2023;2023_75_486;olla;3
1306;75/2023;2023_75_486;mahdollisimman;1
1306;75/2023;2023_75_486;iso;1
1306;75/2023;2023_75_486;löytyy;1
1306;75/2023;2023_75_486;muita;1
1306;75/2023;2023_75_486;ratkaisuja;2
1306;75/2023;2023_75_486;hengenhätä;1
1306;75/2023;2023_75_486;kun;3
1306;75/2023;2023_75_486;samalla;1
1306;75/2023;2023_75_486;lähetämme;1
1306;75/2023;2023_75_486;viestiä;1
1306;75/2023;2023_75_486;pelkästään;1
1306;75/2023;2023_75_486;kiovaan;1
1306;75/2023;2023_75_486;vaan;2
1306;75/2023;2023_75_486;myöskin;4
1306;75/2023;2023_75_486;washingtoniin;1
1306;75/2023;2023_75_486;beijingiin;1
1306;75/2023;2023_75_486;etenkin;2
1306;75/2023;2023_75_486;moskovaan;1
1306;75/2023;2023_75_486;niin;4
1306;75/2023;2023_75_486;viikon;2
1306;75/2023;2023_75_486;lopputulema;2
1306;75/2023;2023_75_486;oli;3
1306;75/2023;2023_75_486;näkökulmasta;2
1306;75/2023;2023_75_486;kyllä;3
1306;75/2023;2023_75_486;pettymys;1
1306;75/2023;2023_75_486;määräenemmistöpäätöksistä;1
1306;75/2023;2023_75_486;hallitusohjelmassa;1
1306;75/2023;2023_75_486;kirjaus;1
1306;75/2023;2023_75_486;ulko;1
1306;75/2023;2023_75_486;turvallisuuspolitiikan;1
1306;75/2023;2023_75_486;sektorilla;1
1306;75/2023;2023_75_486;tiettyjen;1
1306;75/2023;2023_75_486;asioiden;1
1306;75/2023;2023_75_486;osalta;2
1306;75/2023;2023_75_486;toivomme;1
1306;75/2023;2023_75_486;siirtymistä;1
1306;75/2023;2023_75_486;määräenemmistöpäätökseen;1
1306;75/2023;2023_75_486;pakotteiden;1
1306;75/2023;2023_75_486;aseavun;1
1306;75/2023;2023_75_486;ajattelisin;1
1306;75/2023;2023_75_486;tyypillisesti;1
1306;75/2023;2023_75_486;olevan;1
1306;75/2023;2023_75_486;tällaisia;1
1306;75/2023;2023_75_486;kysymyksiä;1
1306;75/2023;2023_75_486;siihen;3
1306;75/2023;2023_75_486;liittyy;1
1306;75/2023;2023_75_486;muitakin;1
1306;75/2023;2023_75_486;alueita;1
1306;75/2023;2023_75_486;missä;1
1306;75/2023;2023_75_486;tätä;3
1306;75/2023;2023_75_486;hyvä;3
1306;75/2023;2023_75_486;soveltaa;1
1306;75/2023;2023_75_486;varmaan;1
1306;75/2023;2023_75_486;huomata;1
1306;75/2023;2023_75_486;kaikki;1
1306;75/2023;2023_75_486;maat;2
1306;75/2023;2023_75_486;eivät;1
1306;75/2023;2023_75_486;mieltä;1
1306;75/2023;2023_75_486;jotkut;1
1306;75/2023;2023_75_486;suhtautuvat;1
1306;75/2023;2023_75_486;tähän;2
1306;75/2023;2023_75_486;skeptisesti;1
1306;75/2023;2023_75_486;pelkäävät;1
1306;75/2023;2023_75_486;tällainen;1
1306;75/2023;2023_75_486;realistinen;1
1306;75/2023;2023_75_486;suhtautuminen;1
1306;75/2023;2023_75_486;venäjään;1
1306;75/2023;2023_75_486;mikä;2
1306;75/2023;2023_75_486;nyt;4
1306;75/2023;2023_75_486;valloillaan;1
1306;75/2023;2023_75_486;euroopassa;2
1306;75/2023;2023_75_486;häviävä;1
1306;75/2023;2023_75_486;luonnonvara;1
1306;75/2023;2023_75_486;jossain;2
1306;75/2023;2023_75_486;vaiheessa;1
1306;75/2023;2023_75_486;päädytään;1
1306;75/2023;2023_75_486;taas;2
1306;75/2023;2023_75_486;takaisin;1
1306;75/2023;2023_75_486;tilanteeseen;1
1306;75/2023;2023_75_486;jossa;1
1306;75/2023;2023_75_486;ollaan;1
1306;75/2023;2023_75_486;naiivin;1
1306;75/2023;2023_75_486;positiivisia;1
1306;75/2023;2023_75_486;venäjä-suhteen;1
1306;75/2023;2023_75_486;uskomme;1
1306;75/2023;2023_75_486;tässä;2
1306;75/2023;2023_75_486;tilanteessa;1
1306;75/2023;2023_75_486;tarpeellinen;1
1306;75/2023;2023_75_486;muutos;1
1306;75/2023;2023_75_486;uskon;1
1306;75/2023;2023_75_486;eun;5
1306;75/2023;2023_75_486;laajentuessa;1
1306;75/2023;2023_75_486;varmaankin;1
1306;75/2023;2023_75_486;tulee;4
1306;75/2023;2023_75_486;ajankohtaiseksi;1
1306;75/2023;2023_75_486;työkaluista;1
1306;75/2023;2023_75_486;noin;2
1306;75/2023;2023_75_486;yleisellä;1
1306;75/2023;2023_75_486;tasolla;3
1306;75/2023;2023_75_486;eu;3
1306;75/2023;2023_75_486;teki;1
1306;75/2023;2023_75_486;borrellin;1
1306;75/2023;2023_75_486;suulla;1
1306;75/2023;2023_75_486;vuonna;2
1306;75/2023;2023_75_486;lupauksen;1
1306;75/2023;2023_75_486;tänä;1
1306;75/2023;2023_75_486;toimitettaisiin;1
1306;75/2023;2023_75_486;miljardi;1
1306;75/2023;2023_75_486;tykistökranaattia;1
1306;75/2023;2023_75_486;ukrainaan;3
1306;75/2023;2023_75_486;päästään;1
1306;75/2023;2023_75_486;kolmasosaan;1
1306;75/2023;2023_75_486;kertoo;1
1306;75/2023;2023_75_486;yli;1
1306;75/2023;2023_75_486;kymmenen;1
1306;75/2023;2023_75_486;kertaa;1
1306;75/2023;2023_75_486;isompi;1
1306;75/2023;2023_75_486;talous;1
1306;75/2023;2023_75_486;venäjä;1
1306;75/2023;2023_75_486;joiltain;1
1306;75/2023;2023_75_486;osin;2
1306;75/2023;2023_75_486;valitettavasti;1
1306;75/2023;2023_75_486;huomattavan;1
1306;75/2023;2023_75_486;paljon;2
1306;75/2023;2023_75_486;jäljessä;1
1306;75/2023;2023_75_486;saataisiin;1
1306;75/2023;2023_75_486;skaalautumaan;1
1306;75/2023;2023_75_486;kansallisten;1
1306;75/2023;2023_75_486;päätösten;1
1306;75/2023;2023_75_486;varassa;1
1306;75/2023;2023_75_486;oleva;1
1306;75/2023;2023_75_486;asia;5
1306;75/2023;2023_75_486;sitä;2
1306;75/2023;2023_75_486;koordinoida;1
1306;75/2023;2023_75_486;puhutaan;1
1306;75/2023;2023_75_486;kansallisista;1
1306;75/2023;2023_75_486;tuista;1
1306;75/2023;2023_75_486;verrataan;1
1306;75/2023;2023_75_486;pohjoismaiden;1
1306;75/2023;2023_75_486;baltian;1
1306;75/2023;2023_75_486;maiden;1
1306;75/2023;2023_75_486;aseapua;2
1306;75/2023;2023_75_486;osuutena;2
1306;75/2023;2023_75_486;niitten;2
1306;75/2023;2023_75_486;bktsta;2
1306;75/2023;2023_75_486;muun;1
1306;75/2023;2023_75_486;euroopan;2
1306;75/2023;2023_75_486;tukeen;1
1306;75/2023;2023_75_486;jos;3
1306;75/2023;2023_75_486;muu;1
1306;75/2023;2023_75_486;eurooppa;1
1306;75/2023;2023_75_486;tukisi;1
1306;75/2023;2023_75_486;kuten;1
1306;75/2023;2023_75_486;pohjoismaat;1
1306;75/2023;2023_75_486;baltia;1
1306;75/2023;2023_75_486;ukraina;1
1306;75/2023;2023_75_486;saanut;2
1306;75/2023;2023_75_486;miljardia;1
1306;75/2023;2023_75_486;enemmän;1
1306;75/2023;2023_75_486;eli;1
1306;75/2023;2023_75_486;tämä;3
1306;75/2023;2023_75_486;eu-kysymys;1
1306;75/2023;2023_75_486;kansallisvaltioidenkin;1
1306;75/2023;2023_75_486;jäsenmaidenkin;1
1306;75/2023;2023_75_486;pitää;1
1306;75/2023;2023_75_486;nostaa;1
1306;75/2023;2023_75_486;tasoaan;1
1306;75/2023;2023_75_486;itä-suomesta;1
1306;75/2023;2023_75_486;määrin;1
1306;75/2023;2023_75_486;munakana-ongelma;1
1306;75/2023;2023_75_486;lupauksia;1
1306;75/2023;2023_75_486;sekä;1
1306;75/2023;2023_75_486;sähköä;1
1306;75/2023;2023_75_486;tarvitsevista;1
1306;75/2023;2023_75_486;investoinneista;1
1306;75/2023;2023_75_486;sähköntuotannosta;1
1306;75/2023;2023_75_486;toinen;2
1306;75/2023;2023_75_486;odottaa;1
1306;75/2023;2023_75_486;toista;1
1306;75/2023;2023_75_486;voi;1
1306;75/2023;2023_75_486;hyvinkin;2
1306;75/2023;2023_75_486;sähköverkko;1
1306;75/2023;2023_75_486;voisi;1
1306;75/2023;2023_75_486;laukaiseva;1
1306;75/2023;2023_75_486;fingrid;1
1306;75/2023;2023_75_486;tosiaankaan;1
1306;75/2023;2023_75_486;kuulu;1
1306;75/2023;2023_75_486;vnkn;1
1306;75/2023;2023_75_486;omistajaohjaukseen;1
1306;75/2023;2023_75_486;virtavesistä;1
1306;75/2023;2023_75_486;hallitus;1
1306;75/2023;2023_75_486;päättänyt;1
1306;75/2023;2023_75_486;purkaa;1
1306;75/2023;2023_75_486;palokin;1
1306;75/2023;2023_75_486;padon;1
1306;75/2023;2023_75_486;pitkälti;2
1306;75/2023;2023_75_486;sirnin;1
1306;75/2023;2023_75_486;tekemän;1
1306;75/2023;2023_75_486;työn;1
1306;75/2023;2023_75_486;ansiosta;1
1306;75/2023;2023_75_486;etenemässä;1
1306;75/2023;2023_75_486;asiaa;1
1306;75/2023;2023_75_486;selvitellään;1
1306;75/2023;2023_75_486;käytännön;1
1306;75/2023;2023_75_486;hieman;2
1306;75/2023;2023_75_486;hankalampi;1
1306;75/2023;2023_75_486;kuvittelimme;1
1306;75/2023;2023_75_486;tärkeänä;1
1306;75/2023;2023_75_486;pitämämme;1
1306;75/2023;2023_75_486;ministeri;1
1306;75/2023;2023_75_486;mykkänen;1
1306;75/2023;2023_75_486;tekee;1
1306;75/2023;2023_75_486;edistämiseksi;1
1306;75/2023;2023_75_486;työtä;1
1306;75/2023;2023_75_486;tällä;3
1306;75/2023;2023_75_486;hetkellä;2
1306;75/2023;2023_75_486;ennakkovaikuttamisesta;1
1306;75/2023;2023_75_486;suomi;1
1306;75/2023;2023_75_486;varsin;1
1306;75/2023;2023_75_486;pieni;1
1306;75/2023;2023_75_486;maa;1
1306;75/2023;2023_75_486;uskallan;1
1306;75/2023;2023_75_486;väittää;1
1306;75/2023;2023_75_486;jo;1
1306;75/2023;2023_75_486;nykyisellään;1
1306;75/2023;2023_75_486;meidän;1
1306;75/2023;2023_75_486;ääni;1
1306;75/2023;2023_75_486;kuuluu;1
1306;75/2023;2023_75_486;hyvin;3
1306;75/2023;2023_75_486;katsoo;1
1306;75/2023;2023_75_486;vaikka;1
1306;75/2023;2023_75_486;osuutta;1
1306;75/2023;2023_75_486;neuvotteluista;1
1306;75/2023;2023_75_486;monivuotisen;1
1306;75/2023;2023_75_486;rahoituskehyksen;1
1306;75/2023;2023_75_486;väliaikatarkastelu;1
1306;75/2023;2023_75_486;tavoitteiden;1
1306;75/2023;2023_75_486;mukainen;1
1306;75/2023;2023_75_486;lopputulos;1
1306;75/2023;2023_75_486;syntyi;1
1306;75/2023;2023_75_486;kautta;2
1306;75/2023;2023_75_486;virkamiehet;1
1306;75/2023;2023_75_486;loivat;1
1306;75/2023;2023_75_486;niitä;1
1306;75/2023;2023_75_486;esitettiin;1
1306;75/2023;2023_75_486;muille;1
1306;75/2023;2023_75_486;keskustelu;1
1306;75/2023;2023_75_486;pyöri;1
1306;75/2023;2023_75_486;pitkään;1
1306;75/2023;2023_75_486;esittämien;1
1306;75/2023;2023_75_486;ratkaisujen;1
1306;75/2023;2023_75_486;ympärillä;1
1306;75/2023;2023_75_486;sitten;3
1306;75/2023;2023_75_486;lopputuloskin;1
1306;75/2023;2023_75_486;muodostui;1
1306;75/2023;2023_75_486;sellaiseksi;1
1306;75/2023;2023_75_486;vaikuttamistahan;1
1306;75/2023;2023_75_486;tehdä;1
1306;75/2023;2023_75_486;ainoastaan;1
1306;75/2023;2023_75_486;niissä;1
1306;75/2023;2023_75_486;kokouksissa;1
1306;75/2023;2023_75_486;etukäteen;1
1306;75/2023;2023_75_486;yksi;1
1306;75/2023;2023_75_486;painopiste;1
1306;75/2023;2023_75_486;kaudella;1
1306;75/2023;2023_75_486;olemaan;2
1306;75/2023;2023_75_486;vaikuttaminen;1
1306;75/2023;2023_75_486;parlamentin;2
1306;75/2023;2023_75_486;päätöksiin;1
1306;75/2023;2023_75_486;vähemmässä;1
1306;75/2023;2023_75_486;roolissa;1
1306;75/2023;2023_75_486;aikaisemmin;1
1306;75/2023;2023_75_486;tullaan;1
1306;75/2023;2023_75_486;panostamaan;1
1306;75/2023;2023_75_486;osoituksena;1
1306;75/2023;2023_75_486;vietin;1
1306;75/2023;2023_75_486;tuossa;1
1306;75/2023;2023_75_486;muutaman;2
1306;75/2023;2023_75_486;päivän;1
1306;75/2023;2023_75_486;strasbourgissa;1
1306;75/2023;2023_75_486;ollessa;1
1306;75/2023;2023_75_486;siellä;1
1306;75/2023;2023_75_486;istunnossa;1
1306;75/2023;2023_75_486;muutama;1
1306;75/2023;2023_75_486;viikko;1
1306;75/2023;2023_75_486;puoli;1
1306;75/2023;2023_75_486;eu-urien;1
1306;75/2023;2023_75_486;edistäminen;1
1306;75/2023;2023_75_486;edustus;1
1306;75/2023;2023_75_486;elimien;1
1306;75/2023;2023_75_486;johtopaikoilla;1
1306;75/2023;2023_75_486;vuoden;1
1306;75/2023;2023_75_486;kuluttua;1
1306;75/2023;2023_75_486;tilanne;1
1306;75/2023;2023_75_486;erilainen;1
1306;75/2023;2023_75_486;siksi;1
1306;75/2023;2023_75_486;vauhtia;1
1306;75/2023;2023_75_486;näihin;1
1306;75/2023;2023_75_486;rekrytointeihin;1
1306;75/2023;2023_75_486;nostettua;1
1306;75/2023;2023_75_486;kiinnostusta;1
1306;75/2023;2023_75_486;eu-uriin;1
1306;75/2023;2023_75_486;koulutettua;1
1306;75/2023;2023_75_486;nuoria;1
1306;75/2023;2023_75_486;niihin;1
1306;75/2023;2023_75_486;autetaan;1
1306;75/2023;2023_75_486;heitä;1
1306;75/2023;2023_75_486;hakuprosesseissa;1
1306;75/2023;2023_75_486;sillä;1
1306;75/2023;2023_75_486;tavalla;1
1306;75/2023;2023_75_486;lisätään;1
1306;75/2023;2023_75_486;virtaa;1
1306;75/2023;2023_75_486;niille;1
1306;75/2023;2023_75_486;paikoille;1
1306;75/2023;2023_75_486;joilta;1
1306;75/2023;2023_75_486;vuosien;1
1306;75/2023;2023_75_486;myötä;1
1306;75/2023;2023_75_486;noustaan;1
1306;75/2023;2023_75_486;johtovirkoihin;1
1306;75/2023;2023_75_486;eu-virkamies;2
1306;75/2023;2023_75_486;tietenkään;1
1306;75/2023;2023_75_486;aja;1
1306;75/2023;2023_75_486;maan;1
1306;75/2023;2023_75_486;etua;1
1306;75/2023;2023_75_486;haitaksikaan;1
1306;75/2023;2023_75_486;ymmärtää;1
1306;75/2023;2023_75_486;kokemusperäistä;1
1306;75/2023;2023_75_486;tietoa;1
1306;75/2023;2023_75_486;miten;1
1306;75/2023;2023_75_486;asiat;1
1306;75/2023;2023_75_486;maailmankolkkaan;1
1306;75/2023;2023_75_486;vaikuttavat;1
1306;29/2024;2024_29_77;arvoisa;1
1306;29/2024;2024_29_77;puhemies;1
1306;29/2024;2024_29_77;ärade;1
1306;29/2024;2024_29_77;talman;1
1306;29/2024;2024_29_77;kun;4
1306;29/2024;2024_29_77;katsotaan;1
1306;29/2024;2024_29_77;niitä;2
1306;29/2024;2024_29_77;isoja;1
1306;29/2024;2024_29_77;globaaleja;1
1306;29/2024;2024_29_77;uhkia;1
1306;29/2024;2024_29_77;uhkaa;1
1306;29/2024;2024_29_77;demokratiaa;1
1306;29/2024;2024_29_77;vastaan;3
1306;29/2024;2024_29_77;oikeusvaltiota;1
1306;29/2024;2024_29_77;turvallisuutta;1
1306;29/2024;2024_29_77;taloutta;1
1306;29/2024;2024_29_77;ilmastonmuutosta;1
1306;29/2024;2024_29_77;niin;5
1306;29/2024;2024_29_77;mikään;1
1306;29/2024;2024_29_77;näistä;1
1306;29/2024;2024_29_77;ei;1
1306;29/2024;2024_29_77;ratkea;1
1306;29/2024;2024_29_77;ilman;1
1306;29/2024;2024_29_77;vahvaa;1
1306;29/2024;2024_29_77;ja;10
1306;29/2024;2024_29_77;toimintakykyistä;1
1306;29/2024;2024_29_77;euta;1
1306;29/2024;2024_29_77;siksi;1
1306;29/2024;2024_29_77;suomi;2
1306;29/2024;2024_29_77;pyrkii;1
1306;29/2024;2024_29_77;eu-politiikassa;1
1306;29/2024;2024_29_77;nimenomaan;2
1306;29/2024;2024_29_77;vahvistamaan;1
1306;29/2024;2024_29_77;eun;2
1306;29/2024;2024_29_77;toimintakykyä;1
1306;29/2024;2024_29_77;se;6
1306;29/2024;2024_29_77;tarkoittaa;1
1306;29/2024;2024_29_77;että;7
1306;29/2024;2024_29_77;keskitymme;1
1306;29/2024;2024_29_77;oikeusvaltiokysymyksiin;1
1306;29/2024;2024_29_77;sisämarkkinoiden;2
1306;29/2024;2024_29_77;vahvistamiseen;1
1306;29/2024;2024_29_77;nämä;2
1306;29/2024;2024_29_77;ovat;3
1306;29/2024;2024_29_77;keskeisiä;1
1306;29/2024;2024_29_77;toimintakykyisen;1
1306;29/2024;2024_29_77;rakennuspalikoita;1
1306;29/2024;2024_29_77;tässä;2
1306;29/2024;2024_29_77;on;11
1306;29/2024;2024_29_77;puhuttu;1
1306;29/2024;2024_29_77;ennakkovaikuttamisesta;1
1306;29/2024;2024_29_77;siihen;2
1306;29/2024;2024_29_77;keskitytty;1
1306;29/2024;2024_29_77;nyt;3
1306;29/2024;2024_29_77;tämän;2
1306;29/2024;2024_29_77;ensimmäisen;1
1306;29/2024;2024_29_77;vuoden;1
1306;29/2024;2024_29_77;aikana;2
1306;29/2024;2024_29_77;tulokset;1
1306;29/2024;2024_29_77;hyviä;1
1306;29/2024;2024_29_77;katsoo;1
1306;29/2024;2024_29_77;mff-välitarkastelua;1
1306;29/2024;2024_29_77;lopputulos;1
1306;29/2024;2024_29_77;joka;3
1306;29/2024;2024_29_77;saatiin;1
1306;29/2024;2024_29_77;siitä;5
1306;29/2024;2024_29_77;vastaa;1
1306;29/2024;2024_29_77;hyvin;2
1306;29/2024;2024_29_77;pitkälle;1
1306;29/2024;2024_29_77;excel-taulukoita;1
1306;29/2024;2024_29_77;joita;1
1306;29/2024;2024_29_77;suomen;2
1306;29/2024;2024_29_77;virkamiehet;1
1306;29/2024;2024_29_77;siellä;1
1306;29/2024;2024_29_77;brysselissä;1
1306;29/2024;2024_29_77;tekivät;1
1306;29/2024;2024_29_77;oli;2
1306;29/2024;2024_29_77;hyvä;2
1306;29/2024;2024_29_77;esimerkki;1
1306;29/2024;2024_29_77;ennakkovaikuttaminen;2
1306;29/2024;2024_29_77;tehokasta;1
1306;29/2024;2024_29_77;puhutaan;1
1306;29/2024;2024_29_77;koheesiopolitiikasta;1
1306;29/2024;2024_29_77;aloitteesta;1
1306;29/2024;2024_29_77;euroopan;2
1306;29/2024;2024_29_77;itärajan;1
1306;29/2024;2024_29_77;alueet;1
1306;29/2024;2024_29_77;olisivat;1
1306;29/2024;2024_29_77;painopiste;1
1306;29/2024;2024_29_77;koheesiopolitiikassa;1
1306;29/2024;2024_29_77;maininnat;1
1306;29/2024;2024_29_77;jo;1
1306;29/2024;2024_29_77;löytyvät;1
1306;29/2024;2024_29_77;koheesiokomissaarin;1
1306;29/2024;2024_29_77;puheista;1
1306;29/2024;2024_29_77;voidaan;1
1306;29/2024;2024_29_77;todeta;1
1306;29/2024;2024_29_77;onnistunut;1
1306;29/2024;2024_29_77;no;1
1306;29/2024;2024_29_77;entäs;1
1306;29/2024;2024_29_77;kilpailukysymys;1
1306;29/2024;2024_29_77;josta;1
1306;29/2024;2024_29_77;edustaja;1
1306;29/2024;2024_29_77;lintilä;1
1306;29/2024;2024_29_77;puhui;1
1306;29/2024;2024_29_77;toki;1
1306;29/2024;2024_29_77;eurooppa;2
1306;29/2024;2024_29_77;kilpailee;1
1306;29/2024;2024_29_77;jotta;1
1306;29/2024;2024_29_77;pystyisi;1
1306;29/2024;2024_29_77;kilpailemaan;1
1306;29/2024;2024_29_77;toimittava;1
1306;29/2024;2024_29_77;liittyy;1
1306;29/2024;2024_29_77;valtiontukikysymyksiin;1
1306;29/2024;2024_29_77;joissa;1
1306;29/2024;2024_29_77;järkevää;2
1306;29/2024;2024_29_77;pitää;2
1306;29/2024;2024_29_77;hyvinkin;1
1306;29/2024;2024_29_77;maltillista;1
1306;29/2024;2024_29_77;linjaa;1
1306;29/2024;2024_29_77;jos;1
1306;29/2024;2024_29_77;luodaan;1
1306;29/2024;2024_29_77;yhteisiä;2
1306;29/2024;2024_29_77;eurooppalaisia;1
1306;29/2024;2024_29_77;malleja;1
1306;29/2024;2024_29_77;olla;1
1306;29/2024;2024_29_77;äärimmäisen;2
1306;29/2024;2024_29_77;tarkka;1
1306;29/2024;2024_29_77;ettei;1
1306;29/2024;2024_29_77;tule;1
1306;29/2024;2024_29_77;koheesiopolitiikan;1
1306;29/2024;2024_29_77;uusi;1
1306;29/2024;2024_29_77;kerros;1
1306;29/2024;2024_29_77;antti;2
1306;29/2024;2024_29_77;lindtman;2
1306;29/2024;2024_29_77;samaa;1
1306;29/2024;2024_29_77;mieltä;1
1306;29/2024;2024_29_77;alustavat;1
1306;29/2024;2024_29_77;keskustelut;1
1306;29/2024;2024_29_77;viittaavat;1
1306;29/2024;2024_29_77;monet;1
1306;29/2024;2024_29_77;maat;1
1306;29/2024;2024_29_77;siten;1
1306;29/2024;2024_29_77;toimivat;1
1306;29/2024;2024_29_77;te;1
1306;29/2024;2024_29_77;seuraatte;1
1306;29/2024;2024_29_77;sivusta;1
1306;29/2024;2024_29_77;jolloin;1
1306;29/2024;2024_29_77;maa;1
1306;29/2024;2024_29_77;puhuu;1
1306;29/2024;2024_29_77;neutraalista;1
1306;29/2024;2024_29_77;toimintaympäristöstä;1
1306;29/2024;2024_29_77;oikeiden;1
1306;29/2024;2024_29_77;kilpailukykytekijöiden;1
1306;29/2024;2024_29_77;vahvistamisesta;1
1306;29/2024;2024_29_77;tki-politiikasta;1
1306;29/2024;2024_29_77;excellence-periaatteista;1
1306;29/2024;2024_29_77;myöskin;1
1306;29/2024;2024_29_77;valtiontukien;1
1306;29/2024;2024_29_77;osalta;1
1306;29/2024;2024_29_77;siinä;1
1306;29/2024;2024_29_77;linjassa;1
1306;29/2024;2024_29_77;pysyttävä;1
1306;29/2024;2024_29_77;kiinni;1
1306;29/2024;2024_29_77;timo;2
1306;29/2024;2024_29_77;harakan;1
1306;29/2024;2024_29_77;välihuuto;1
1306;29/2024;2024_29_77;eurooppausa;1
1306;29/2024;2024_29_77;transatlanttinen;1
1306;29/2024;2024_29_77;suhde;1
1306;29/2024;2024_29_77;tärkeä;1
1306;29/2024;2024_29_77;erityisesti;1
1306;29/2024;2024_29_77;digitaalisissa;1
1306;29/2024;2024_29_77;ratkaisuissa;1
1306;29/2024;2024_29_77;olisi;2
1306;29/2024;2024_29_77;oleellista;1
1306;29/2024;2024_29_77;eulla;1
1306;29/2024;2024_29_77;usalla;1
1306;29/2024;2024_29_77;sama;1
1306;29/2024;2024_29_77;linja;1
1306;29/2024;2024_29_77;jottei;1
1306;29/2024;2024_29_77;kiinan;1
1306;29/2024;2024_29_77;ratkaisu;1
1306;29/2024;2024_29_77;ole;1
1306;29/2024;2024_29_77;vie;1
1306;29/2024;2024_29_77;voiton;1
1306;29/2024;2024_29_77;kansainvälisessä;1
1306;29/2024;2024_29_77;kilpailussa;1
1306;29/2024;2024_29_77;kyllä;1
1306;29/2024;2024_29_77;ruotsi-yhteistyö;1
1306;29/2024;2024_29_77;noussut;1
1306;29/2024;2024_29_77;uudelle;1
1306;29/2024;2024_29_77;tasolle;1
1306;29/2024;2024_29_77;hallituksen;1
1306;29/2024;2024_29_77;pääministeri;2
1306;29/2024;2024_29_77;orpo;1
1306;29/2024;2024_29_77;kristersson;1
1306;29/2024;2024_29_77;tehneet;1
1306;29/2024;2024_29_77;hyvää;1
1306;29/2024;2024_29_77;yhteistyötä;1
1306;29/2024;2024_29_77;kuin;1
1306;29/2024;2024_29_77;minä;1
1306;29/2024;2024_29_77;oman;1
1306;29/2024;2024_29_77;vastinparini;1
1306;29/2024;2024_29_77;kanssa;1
1306;29/2024;2024_29_77;ollut;1
1306;29/2024;2024_29_77;hienoa;1
1306;29/2024;2024_29_77;nähdä;1
1306;29/2024;2024_29_77;miten;1
1306;29/2024;2024_29_77;me;1
1306;29/2024;2024_29_77;olemme;1
1306;29/2024;2024_29_77;tehokkaasti;1
1306;29/2024;2024_29_77;yhdessä;2
1306;29/2024;2024_29_77;pystyneet;1
1306;29/2024;2024_29_77;toimimaan;1
1306;29/2024;2024_29_77;ajamaan;1
1306;29/2024;2024_29_77;etuja;1
1306;29/2024;2024_29_77;kentillä;1
1306;29/2024;2024_29_77;harakka;1
1306;29/2024;2024_29_77;viimeksi;1
1306;29/2024;2024_29_77;ajettiin;1
1306;29/2024;2024_29_77;natoon;1
1306;71/2024;2024_71_90;ärade;1
1306;71/2024;2024_71_90;talman;1
1306;71/2024;2024_71_90;kiitos;2
1306;71/2024;2024_71_90;tästä;1
1306;71/2024;2024_71_90;keskustelusta;1
1306;71/2024;2024_71_90;tämä;2
1306;71/2024;2024_71_90;on;12
1306;71/2024;2024_71_90;tarpeellinen;1
1306;71/2024;2024_71_90;keskustelu;2
1306;71/2024;2024_71_90;johon;1
1306;71/2024;2024_71_90;varmaan;1
1306;71/2024;2024_71_90;aika;1
1306;71/2024;2024_71_90;ajoin;1
1306;71/2024;2024_71_90;syytä;1
1306;71/2024;2024_71_90;palata;1
1306;71/2024;2024_71_90;suomi;3
1306;71/2024;2024_71_90;turvallinen;1
1306;71/2024;2024_71_90;maa;1
1306;71/2024;2024_71_90;mutta;2
1306;71/2024;2024_71_90;turvaton;2
1306;71/2024;2024_71_90;etenkin;2
1306;71/2024;2024_71_90;naisille;1
1306;71/2024;2024_71_90;ja;3
1306;71/2024;2024_71_90;maahanmuuttajille;2
1306;71/2024;2024_71_90;siksi;3
1306;71/2024;2024_71_90;että;2
1306;71/2024;2024_71_90;suomessa;1
1306;71/2024;2024_71_90;esiintyy;1
1306;71/2024;2024_71_90;rasismia;1
1306;71/2024;2024_71_90;kimmo;2
1306;71/2024;2024_71_90;kiljunen;2
1306;71/2024;2024_71_90;kyllä;1
1306;71/2024;2024_71_90;vihreiden;1
1306;71/2024;2024_71_90;ryhmästä;1
1306;71/2024;2024_71_90;siitä;3
1306;71/2024;2024_71_90;saimme;1
1306;71/2024;2024_71_90;taas;1
1306;71/2024;2024_71_90;näyttöä;1
1306;71/2024;2024_71_90;viime;1
1306;71/2024;2024_71_90;viikkojen;1
1306;71/2024;2024_71_90;aikana;1
1306;71/2024;2024_71_90;erittäin;1
1306;71/2024;2024_71_90;hyvä;2
1306;71/2024;2024_71_90;tuo;1
1306;71/2024;2024_71_90;rehellistä;1
1306;71/2024;2024_71_90;mihin;1
1306;71/2024;2024_71_90;rasismi;2
1306;71/2024;2024_71_90;perustuu;3
1306;71/2024;2024_71_90;usein;2
1306;71/2024;2024_71_90;pelkoon;1
1306;71/2024;2024_71_90;ajatukseen;1
1306;71/2024;2024_71_90;joku;1
1306;71/2024;2024_71_90;ryhmä;1
1306;71/2024;2024_71_90;ei;3
1306;71/2024;2024_71_90;ole;1
1306;71/2024;2024_71_90;niin;3
1306;71/2024;2024_71_90;kuin;1
1306;71/2024;2024_71_90;minä;1
1306;71/2024;2024_71_90;se;1
1306;71/2024;2024_71_90;puheeseen;1
1306;71/2024;2024_71_90;joka;1
1306;71/2024;2024_71_90;epäinhimillistävää;1
1306;71/2024;2024_71_90;puheet;2
1306;71/2024;2024_71_90;johtavat;1
1306;71/2024;2024_71_90;myös;1
1306;71/2024;2024_71_90;tekoihin;1
1306;71/2024;2024_71_90;sanoilla;1
1306;71/2024;2024_71_90;rakennamme;1
1306;71/2024;2024_71_90;todellisuutta;1
1306;71/2024;2024_71_90;käsite;1
1306;71/2024;2024_71_90;vieraslaji;1
1306;71/2024;2024_71_90;sovi;1
1306;71/2024;2024_71_90;ihmiseen;1
1306;71/2024;2024_71_90;vaikka;1
1306;71/2024;2024_71_90;sen;1
1306;71/2024;2024_71_90;miten;1
1306;71/2024;2024_71_90;pukisi;1
1306;71/2024;2024_71_90;nokkeluuteen;1
1306;71/2024;2024_71_90;pelkoa;1
1306;71/2024;2024_71_90;synnyttävät;1
1306;71/2024;2024_71_90;myöskin;1
1306;71/2024;2024_71_90;väestönvaihdoksesta;1
1306;71/2024;2024_71_90;väestönmuutoksesta;1
1306;71/2024;2024_71_90;supo;1
1306;71/2024;2024_71_90;niistä;1
1306;71/2024;2024_71_90;varoittaa;1
1306;71/2024;2024_71_90;puhemies;2
1306;71/2024;2024_71_90;koputtaa;2
1306;71/2024;2024_71_90;jani;1
1306;71/2024;2024_71_90;mäkelä;1
1306;71/2024;2024_71_90;eikä;1
1306;71/2024;2024_71_90;varoita;1
1306;71/2024;2024_71_90;pidä;1
1306;71/2024;2024_71_90;paikkaansa;1
1306;71/2024;2024_71_90;välihuutoja;1
1306;71/2024;2024_71_90;antti;1
1306;71/2024;2024_71_90;kurvinen;1
1306;71/2024;2024_71_90;yhtenäinen;1
1306;71/2024;2024_71_90;hallitus;1
1306;71/2024;2024_71_90;poliisilla;1
1306;71/2024;2024_71_90;toki;1
1306;71/2024;2024_71_90;tehtävänsä;1
1306;71/2024;2024_71_90;koululla;1
1306;71/2024;2024_71_90;kodilla;1
1306;71/2024;2024_71_90;meillä;1
1306;71/2024;2024_71_90;poliitikoilla;1
1306;71/2024;2024_71_90;aivan;1
1306;71/2024;2024_71_90;erityinen;1
1306;71/2024;2024_71_90;vastuu;1
1306;71/2024;2024_71_90;minkälaista;1
1306;71/2024;2024_71_90;maailmankuvaa;1
1306;71/2024;2024_71_90;me;1
1306;71/2024;2024_71_90;sanoillamme;1
1306;71/2024;2024_71_90;muodostamme;1
1306;91/2024;2024_91_398;arvoisa;1
1306;91/2024;2024_91_398;puhemies;1
1306;91/2024;2024_91_398;ärade;1
1306;91/2024;2024_91_398;talman;1
1306;91/2024;2024_91_398;koulutus;1
1306;91/2024;2024_91_398;ja;3
1306;91/2024;2024_91_398;osaaminen;1
1306;91/2024;2024_91_398;ovat;1
1306;91/2024;2024_91_398;avainasemassa;1
1306;91/2024;2024_91_398;kun;1
1306;91/2024;2024_91_398;rakennamme;1
1306;91/2024;2024_91_398;menestyvää;1
1306;91/2024;2024_91_398;kilpailukykyistä;1
1306;91/2024;2024_91_398;suomea;1
1306;91/2024;2024_91_398;vuoden;1
1306;91/2024;2024_91_398;talousarviossa;1
1306;91/2024;2024_91_398;esitämme;1
1306;91/2024;2024_91_398;merkittäviä;1
1306;91/2024;2024_91_398;panostuksia;1
1306;91/2024;2024_91_398;varhaiskasvatukseen;1
1306;91/2024;2024_91_398;esi;1
1306;91/2024;2024_91_398;perusopetukseen;1
1306;91/2024;2024_91_398;sekä;1
1306;91/2024;2024_91_398;vapaaseen;1
1306;91/2024;2024_91_398;sivistystyöhön;1
1306;91/2024;2024_91_465;arvoisa;1
1306;91/2024;2024_91_465;puhemies;1
1306;91/2024;2024_91_465;ärade;1
1306;91/2024;2024_91_465;talman;1
1306;91/2024;2024_91_465;kiitos;1
1306;91/2024;2024_91_465;hyvistä;1
1306;91/2024;2024_91_465;kysymyksistä;1
1306;91/2024;2024_91_465;ja;3
1306;91/2024;2024_91_465;keskustelusta;1
1306;91/2024;2024_91_465;tähän;5
1306;91/2024;2024_91_465;asti;2
1306;91/2024;2024_91_465;tuli;2
1306;91/2024;2024_91_465;kysymyksiä;1
1306;91/2024;2024_91_465;ammattikoulusta;1
1306;91/2024;2024_91_465;peruskoulusta;1
1306;91/2024;2024_91_465;oppimisen;3
1306;91/2024;2024_91_465;tuesta;1
1306;91/2024;2024_91_465;lukemisesta;1
1306;91/2024;2024_91_465;mobiililaitteista;1
1306;91/2024;2024_91_465;ammattikoulujen;1
1306;91/2024;2024_91_465;leikkaukset;1
1306;91/2024;2024_91_465;luonnollisesti;2
1306;91/2024;2024_91_465;puhuttavat;1
1306;91/2024;2024_91_465;miljoonaa;2
1306;91/2024;2024_91_465;ei;5
1306;91/2024;2024_91_465;ole;2
1306;91/2024;2024_91_465;mitätön;1
1306;91/2024;2024_91_465;asia;1
1306;91/2024;2024_91_465;se;13
1306;91/2024;2024_91_465;on;20
1306;91/2024;2024_91_465;leikkaus;1
1306;91/2024;2024_91_465;siitä;4
1306;91/2024;2024_91_465;pääse;1
1306;91/2024;2024_91_465;mihinkään;1
1306;91/2024;2024_91_465;nyt;3
1306;91/2024;2024_91_465;oleellista;1
1306;91/2024;2024_91_465;sitten;2
1306;91/2024;2024_91_465;tietenkin;5
1306;91/2024;2024_91_465;että;9
1306;91/2024;2024_91_465;toteutetaan;1
1306;91/2024;2024_91_465;nimenomaan;5
1306;91/2024;2024_91_465;niin;4
1306;91/2024;2024_91_465;kohdistu;1
1306;91/2024;2024_91_465;ensimmäistä;2
1306;91/2024;2024_91_465;tutkintoa;2
1306;91/2024;2024_91_465;opiskeleviin;1
1306;91/2024;2024_91_465;löytyy;1
1306;91/2024;2024_91_465;hyvin;2
1306;91/2024;2024_91_465;keinoja;1
1306;91/2024;2024_91_465;meillä;2
1306;91/2024;2024_91_465;toisaalta;3
1306;91/2024;2024_91_465;yhteishaku;1
1306;91/2024;2024_91_465;joka;3
1306;91/2024;2024_91_465;kohdistuu;1
1306;91/2024;2024_91_465;pääasiassa;1
1306;91/2024;2024_91_465;tekeviin;1
1306;91/2024;2024_91_465;jatkuva;1
1306;91/2024;2024_91_465;haku;1
1306;91/2024;2024_91_465;jossa;4
1306;91/2024;2024_91_465;suurin;1
1306;91/2024;2024_91_465;osa;2
1306;91/2024;2024_91_465;jo;2
1306;91/2024;2024_91_465;tutkinnon;1
1306;91/2024;2024_91_465;omaavia;1
1306;91/2024;2024_91_465;tai;1
1306;91/2024;2024_91_465;aikuisia;1
1306;91/2024;2024_91_465;tilastotietoa;1
1306;91/2024;2024_91_465;mikä;5
1306;91/2024;2024_91_465;tämä;3
1306;91/2024;2024_91_465;osuus;1
1306;91/2024;2024_91_465;eri;1
1306;91/2024;2024_91_465;kouluissa;1
1306;91/2024;2024_91_465;sen;3
1306;91/2024;2024_91_465;kautta;1
1306;91/2024;2024_91_465;pystymme;1
1306;91/2024;2024_91_465;varsin;1
1306;91/2024;2024_91_465;tehokkaasti;1
1306;91/2024;2024_91_465;kohdistamaan;1
1306;91/2024;2024_91_465;rahoitusta;2
1306;91/2024;2024_91_465;selvää;1
1306;91/2024;2024_91_465;samat;2
1306;91/2024;2024_91_465;opettajat;1
1306;91/2024;2024_91_465;välineet;1
1306;91/2024;2024_91_465;ovat;1
1306;91/2024;2024_91_465;onneksi;1
1306;91/2024;2024_91_465;käytössä;1
1306;91/2024;2024_91_465;molemmilla;1
1306;91/2024;2024_91_465;ryhmillä;1
1306;91/2024;2024_91_465;kaikki;1
1306;91/2024;2024_91_465;muuhan;1
1306;91/2024;2024_91_465;olisi;1
1306;91/2024;2024_91_465;suunnatonta;1
1306;91/2024;2024_91_465;tehottomuutta;1
1306;91/2024;2024_91_465;selvä;2
1306;91/2024;2024_91_465;varmaan;1
1306;91/2024;2024_91_465;täydellistä;1
1306;91/2024;2024_91_465;kohdentamista;1
1306;91/2024;2024_91_465;pystytä;1
1306;91/2024;2024_91_465;tekemään;1
1306;91/2024;2024_91_465;mutta;3
1306;91/2024;2024_91_465;pitkälti;1
1306;91/2024;2024_91_465;koulujen;1
1306;91/2024;2024_91_465;operatiivista;1
1306;91/2024;2024_91_465;toimintaa;1
1306;91/2024;2024_91_465;no;2
1306;91/2024;2024_91_465;suuruusluokka;1
1306;91/2024;2024_91_465;ensi;1
1306;91/2024;2024_91_465;vuonna;2
1306;91/2024;2024_91_465;ammatillisen;2
1306;91/2024;2024_91_465;koulutuksen;3
1306;91/2024;2024_91_465;rahoitus;3
1306;91/2024;2024_91_465;tulee;5
1306;91/2024;2024_91_465;olemaan;1
1306;91/2024;2024_91_465;suunnilleen;1
1306;91/2024;2024_91_465;samalla;1
1306;91/2024;2024_91_465;tasolla;1
1306;91/2024;2024_91_465;kuin;3
1306;91/2024;2024_91_465;viime;2
1306;91/2024;2024_91_465;kasvanut;1
1306;91/2024;2024_91_465;huomattavasti;1
1306;91/2024;2024_91_465;vuosien;1
1306;91/2024;2024_91_465;aikana;1
1306;91/2024;2024_91_465;kun;4
1306;91/2024;2024_91_465;kysymys;2
1306;91/2024;2024_91_465;mitä;1
1306;91/2024;2024_91_465;tarkoittaa;2
1306;91/2024;2024_91_465;lähiopetukselle;1
1306;91/2024;2024_91_465;voi;2
1306;91/2024;2024_91_465;senkin;1
1306;91/2024;2024_91_465;todeta;1
1306;91/2024;2024_91_465;lähiopetuksen;2
1306;91/2024;2024_91_465;väheneminen;1
1306;91/2024;2024_91_465;tapahtui;1
1306;91/2024;2024_91_465;ennen;1
1306;91/2024;2024_91_465;näitä;1
1306;91/2024;2024_91_465;rahoitustasoja;1
1306;91/2024;2024_91_465;lähdettiin;1
1306;91/2024;2024_91_465;nostamaan;1
1306;91/2024;2024_91_465;eli;1
1306;91/2024;2024_91_465;korreloinut;1
1306;91/2024;2024_91_465;määrän;1
1306;91/2024;2024_91_465;kanssa;1
1306;91/2024;2024_91_465;paikallistasolla;1
1306;91/2024;2024_91_465;tiettyjä;2
1306;91/2024;2024_91_465;haasteita;1
1306;91/2024;2024_91_465;ollut;5
1306;91/2024;2024_91_465;suuri;1
1306;91/2024;2024_91_465;haaste;2
1306;91/2024;2024_91_465;osalta;1
1306;91/2024;2024_91_465;työllistyminen;2
1306;91/2024;2024_91_465;tietyillä;1
1306;91/2024;2024_91_465;aloilla;1
1306;91/2024;2024_91_465;heikkoa;1
1306;91/2024;2024_91_465;tarjonta;1
1306;91/2024;2024_91_465;usein;1
1306;91/2024;2024_91_465;heikosti;1
1306;91/2024;2024_91_465;vastannut;1
1306;91/2024;2024_91_465;sitä;3
1306;91/2024;2024_91_465;paikallista;2
1306;91/2024;2024_91_465;tarvetta;2
1306;91/2024;2024_91_465;siksi;1
1306;91/2024;2024_91_465;käynnistämme;1
1306;91/2024;2024_91_465;tämän;1
1306;91/2024;2024_91_465;toiminnanohjauksen;1
1306;91/2024;2024_91_465;kokeilun;1
1306;91/2024;2024_91_465;antaa;1
1306;91/2024;2024_91_465;järjestäjälle;1
1306;91/2024;2024_91_465;vapautta;1
1306;91/2024;2024_91_465;järjestää;1
1306;91/2024;2024_91_465;koulutuksia;1
1306;91/2024;2024_91_465;paremmin;1
1306;91/2024;2024_91_465;vastaisi;1
1306;91/2024;2024_91_465;vielä;2
1306;91/2024;2024_91_465;kytketään;1
1306;91/2024;2024_91_465;rahoitusmallin;1
1306;91/2024;2024_91_465;muutos;1
1306;91/2024;2024_91_465;työllistymisestä;1
1306;91/2024;2024_91_465;vahvempi;1
1306;91/2024;2024_91_465;komponentti;1
1306;91/2024;2024_91_465;määritellään;1
1306;91/2024;2024_91_465;tämähän;1
1306;91/2024;2024_91_465;äärimmäisen;1
1306;91/2024;2024_91_465;hyvä;1
1306;91/2024;2024_91_465;ratkaisu;1
1306;91/2024;2024_91_465;monellekin;1
1306;91/2024;2024_91_465;toimijalle;1
1306;91/2024;2024_91_465;peruskoulua;1
1306;91/2024;2024_91_465;toki;1
1306;91/2024;2024_91_465;rahoitetaan;1
1306;91/2024;2024_91_465;lisää;1
1306;91/2024;2024_91_465;miljoonan;2
1306;91/2024;2024_91_465;edestä;1
1306;91/2024;2024_91_465;keskeinen;1
1306;91/2024;2024_91_465;tuki;1
1306;91/2024;2024_91_465;uudistetaan;1
1306;91/2024;2024_91_465;perin;1
1306;91/2024;2024_91_465;pohjin;1
1306;91/2024;2024_91_465;korvataan;1
1306;91/2024;2024_91_465;kunnille;1
1306;91/2024;2024_91_465;isoin;1
1306;91/2024;2024_91_465;tästä;1
1306;91/2024;2024_91_465;panostuksesta;1
1306;91/2024;2024_91_465;mitoituksesta;1
1306;91/2024;2024_91_465;viikkotuntia;1
1306;91/2024;2024_91_465;per;1
1306;91/2024;2024_91_465;oppilas;1
1306;91/2024;2024_91_465;yhteensä;1
1306;91/2024;2024_91_465;noin;1
1306;91/2024;2024_91_465;tä;1
1306;91/2024;2024_91_465;euroa;1
1306;91/2024;2024_91_465;samaan;2
1306;91/2024;2024_91_465;aikaan;2
1306;91/2024;2024_91_465;siinä;1
1306;91/2024;2024_91_465;tukea;1
1306;91/2024;2024_91_465;tarvitsevia;1
1306;91/2024;2024_91_465;oppilaita;1
1306;91/2024;2024_91_465;tietyissä;1
1306;91/2024;2024_91_465;luokissa;1
1306;91/2024;2024_91_465;liikaa;1
1306;91/2024;2024_91_465;raja;1
1306;91/2024;2024_91_465;sille;1
1306;91/2024;2024_91_465;yhtä;1
1306;91/2024;2024_91_465;opettajaa;1
1306;91/2024;2024_91_465;kohti;1
1306;91/2024;2024_91_465;kohden;1
1306;91/2024;2024_91_465;niitä;2
1306;91/2024;2024_91_465;olla;1
1306;91/2024;2024_91_465;enintään;1
1306;91/2024;2024_91_465;viisi;1
1306;91/2024;2024_91_465;tällä;1
1306;91/2024;2024_91_465;tavalla;1
1306;91/2024;2024_91_465;normeja;1
1306;91/2024;2024_91_465;käytännössä;1
1306;91/2024;2024_91_465;lisäämällä;1
1306;91/2024;2024_91_465;tilanteessa;1
1306;91/2024;2024_91_465;periaatteessa;1
1306;91/2024;2024_91_465;halutaan;1
1306;91/2024;2024_91_465;purkaa;1
1306;91/2024;2024_91_465;ollaan;2
1306;91/2024;2024_91_465;kuitenkin;1
1306;91/2024;2024_91_465;pyritty;1
1306;91/2024;2024_91_465;varmistamaan;1
1306;91/2024;2024_91_465;laatua;1
1306;91/2024;2024_91_465;keventäen;1
1306;91/2024;2024_91_465;opettajan;1
1306;91/2024;2024_91_465;taakkaa;1
1306;91/2024;2024_91_465;siis;1
1306;91/2024;2024_91_465;paperityötä;1
1306;91/2024;2024_91_465;liittyy;1
1306;91/2024;2024_91_465;tuen;1
1306;91/2024;2024_91_465;tarjontaan;1
1306;91/2024;2024_91_465;kevennetty;1
1306;91/2024;2024_91_465;jotta;1
1306;91/2024;2024_91_465;huomio;1
1306;91/2024;2024_91_465;voisi;1
1306;91/2024;2024_91_465;keskittyä;1
1306;91/2024;2024_91_465;avun;1
1306;91/2024;2024_91_465;antamiseen;1
1306;91/2024;2024_91_465;muihin;1
1306;91/2024;2024_91_465;kysymyksiin;1
1306;91/2024;2024_91_465;ehditään;1
1306;91/2024;2024_91_465;tässä;1
1306;91/2024;2024_91_465;palata;1
1306;91/2024;2024_91_465;sikäli;1
1306;91/2024;2024_91_465;aika;1
1306;91/2024;2024_91_465;loppui;1
1306;91/2024;2024_91_520;arvoisa;1
1306;91/2024;2024_91_520;puhemies;1
1306;91/2024;2024_91_520;ärade;1
1306;91/2024;2024_91_520;talman;1
1306;91/2024;2024_91_520;olen;4
1306;91/2024;2024_91_520;kirjoittanut;1
1306;91/2024;2024_91_520;tänne;1
1306;91/2024;2024_91_520;että;29
1306;91/2024;2024_91_520;lukeminen;1
1306;91/2024;2024_91_520;luovuus;1
1306;91/2024;2024_91_520;kännykät;2
1306;91/2024;2024_91_520;ja;15
1306;91/2024;2024_91_520;kirjat;1
1306;91/2024;2024_91_520;mutta;6
1306;91/2024;2024_91_520;on;38
1306;91/2024;2024_91_520;ehkä;3
1306;91/2024;2024_91_520;syytä;2
1306;91/2024;2024_91_520;ennen;2
1306;91/2024;2024_91_520;sitä;5
1306;91/2024;2024_91_520;kuitenkin;2
1306;91/2024;2024_91_520;palata;1
1306;91/2024;2024_91_520;tähän;2
1306;91/2024;2024_91_520;ammattikoulukysymykseen;1
1306;91/2024;2024_91_520;ammatillisen;2
1306;91/2024;2024_91_520;opetuksen;1
1306;91/2024;2024_91_520;kysymykseen;1
1306;91/2024;2024_91_520;kun;5
1306;91/2024;2024_91_520;pohditaan;1
1306;91/2024;2024_91_520;rahoitusta;2
1306;91/2024;2024_91_520;niin;6
1306;91/2024;2024_91_520;iso;1
1306;91/2024;2024_91_520;kuvahan;1
1306;91/2024;2024_91_520;se;16
1306;91/2024;2024_91_520;tämän;5
1306;91/2024;2024_91_520;kauden;2
1306;91/2024;2024_91_520;alussa;1
1306;91/2024;2024_91_520;oltiin;1
1306;91/2024;2024_91_520;tilanteen;1
1306;91/2024;2024_91_520;edessä;1
1306;91/2024;2024_91_520;jossa;3
1306;91/2024;2024_91_520;miljardia;2
1306;91/2024;2024_91_520;piti;1
1306;91/2024;2024_91_520;sopeuttaa;1
1306;91/2024;2024_91_520;sopeutustyö;1
1306;91/2024;2024_91_520;tehtiin;1
1306;91/2024;2024_91_520;vuoden;1
1306;91/2024;2024_91_520;jälkeen;3
1306;91/2024;2024_91_520;havahduimme;1
1306;91/2024;2024_91_520;siihen;5
1306;91/2024;2024_91_520;tarvetta;1
1306;91/2024;2024_91_520;lle;1
1306;91/2024;2024_91_520;miljardille;1
1306;91/2024;2024_91_520;lisää;1
1306;91/2024;2024_91_520;me;4
1306;91/2024;2024_91_520;siinä;2
1306;91/2024;2024_91_520;tilanteessa;4
1306;91/2024;2024_91_520;näin;1
1306;91/2024;2024_91_520;hyvin;2
1306;91/2024;2024_91_520;olemme;2
1306;91/2024;2024_91_520;pystyneet;2
1306;91/2024;2024_91_520;suojelemaan;1
1306;91/2024;2024_91_520;koulutuksen;2
1306;91/2024;2024_91_520;mielestäni;1
1306;91/2024;2024_91_520;varsin;2
1306;91/2024;2024_91_520;kova;1
1306;91/2024;2024_91_520;teko;1
1306;91/2024;2024_91_520;siitä;8
1306;91/2024;2024_91_520;olla;4
1306;91/2024;2024_91_520;tyytyväinen;1
1306;91/2024;2024_91_520;timo;1
1306;91/2024;2024_91_520;heinonen;1
1306;91/2024;2024_91_520;ehdottomasti;1
1306;91/2024;2024_91_520;ammatillisesta;1
1306;91/2024;2024_91_520;koulutuksesta;1
1306;91/2024;2024_91_520;selvää;3
1306;91/2024;2024_91_520;koulun;2
1306;91/2024;2024_91_520;käytävillä;1
1306;91/2024;2024_91_520;kulkee;1
1306;91/2024;2024_91_520;nuoria;1
1306;91/2024;2024_91_520;aikuisia;1
1306;91/2024;2024_91_520;jotka;1
1306;91/2024;2024_91_520;ovat;10
1306;91/2024;2024_91_520;tulleet;1
1306;91/2024;2024_91_520;kouluun;1
1306;91/2024;2024_91_520;eri;1
1306;91/2024;2024_91_520;polkujen;1
1306;91/2024;2024_91_520;kautta;1
1306;91/2024;2024_91_520;heillä;2
1306;91/2024;2024_91_520;taustallaan;1
1306;91/2024;2024_91_520;joko;1
1306;91/2024;2024_91_520;tutkinto;1
1306;91/2024;2024_91_520;tai;2
1306;91/2024;2024_91_520;ei;4
1306;91/2024;2024_91_520;pystymme;1
1306;91/2024;2024_91_520;jakauman;1
1306;91/2024;2024_91_520;pohjalta;1
1306;91/2024;2024_91_520;hyvinkin;1
1306;91/2024;2024_91_520;tarkasti;1
1306;91/2024;2024_91_520;varmistamaan;2
1306;91/2024;2024_91_520;sen;5
1306;91/2024;2024_91_520;ensimmäistä;1
1306;91/2024;2024_91_520;tutkintoa;1
1306;91/2024;2024_91_520;tekeviin;1
1306;91/2024;2024_91_520;kohdistu;1
1306;91/2024;2024_91_520;resurssien;2
1306;91/2024;2024_91_520;niukkuutta;1
1306;91/2024;2024_91_520;tietenkin;2
1306;91/2024;2024_91_520;operatiivinen;1
1306;91/2024;2024_91_520;työ;1
1306;91/2024;2024_91_520;operatiivista;1
1306;91/2024;2024_91_520;työtä;1
1306;91/2024;2024_91_520;koulussa;4
1306;91/2024;2024_91_520;joissain;4
1306;91/2024;2024_91_520;tilanteissa;4
1306;91/2024;2024_91_520;voi;3
1306;91/2024;2024_91_520;haastetta;1
1306;91/2024;2024_91_520;tilat;1
1306;91/2024;2024_91_520;samat;2
1306;91/2024;2024_91_520;opettajat;1
1306;91/2024;2024_91_520;kaikki;3
1306;91/2024;2024_91_520;muuhan;1
1306;91/2024;2024_91_520;olisi;2
1306;91/2024;2024_91_520;suunnatonta;1
1306;91/2024;2024_91_520;väärinkäyttöä;1
1306;91/2024;2024_91_520;toivottavasti;1
1306;91/2024;2024_91_520;koeta;1
1306;91/2024;2024_91_520;tämä;1
1306;91/2024;2024_91_520;asia;3
1306;91/2024;2024_91_520;johon;1
1306;91/2024;2024_91_520;pitäisi;1
1306;91/2024;2024_91_520;puuttua;1
1306;91/2024;2024_91_520;yhtä;2
1306;91/2024;2024_91_520;luodaan;2
1306;91/2024;2024_91_520;nytten;1
1306;91/2024;2024_91_520;kannustimia;1
1306;91/2024;2024_91_520;panostetaan;2
1306;91/2024;2024_91_520;niihin;1
1306;91/2024;2024_91_520;aloihin;1
1306;91/2024;2024_91_520;joilta;1
1306;91/2024;2024_91_520;työllistyy;1
1306;91/2024;2024_91_520;paremmin;1
1306;91/2024;2024_91_520;niitä;2
1306;91/2024;2024_91_520;joustavia;1
1306;91/2024;2024_91_520;toimintatapoja;1
1306;91/2024;2024_91_520;oppimisen;2
1306;91/2024;2024_91_520;tukeen;1
1306;91/2024;2024_91_520;ammatillisessa;1
1306;91/2024;2024_91_520;koulutuksessa;1
1306;91/2024;2024_91_520;edelleen;1
1306;91/2024;2024_91_520;jos;2
1306;91/2024;2024_91_520;haluaa;1
1306;91/2024;2024_91_520;vielä;2
1306;91/2024;2024_91_520;vähän;1
1306;91/2024;2024_91_520;perspektiiviä;1
1306;91/2024;2024_91_520;voin;1
1306;91/2024;2024_91_520;todeta;2
1306;91/2024;2024_91_520;luvulta;2
1306;91/2024;2024_91_520;lähtien;1
1306;91/2024;2024_91_520;verrataan;2
1306;91/2024;2024_91_520;rahoituksen;2
1306;91/2024;2024_91_520;tasoon;1
1306;91/2024;2024_91_520;silloin;3
1306;91/2024;2024_91_520;rahoitus;1
1306;91/2024;2024_91_520;kolminkertaistunut;1
1306;91/2024;2024_91_520;suhteessa;2
1306;91/2024;2024_91_520;bkthen;1
1306;91/2024;2024_91_520;muutos;1
1306;91/2024;2024_91_520;joka;4
1306;91/2024;2024_91_520;tapahtunut;1
1306;91/2024;2024_91_520;päivään;1
1306;91/2024;2024_91_520;eli;2
1306;91/2024;2024_91_520;verrokkimaihin;1
1306;91/2024;2024_91_520;oecd-maihin;1
1306;91/2024;2024_91_520;eu-maihin;1
1306;91/2024;2024_91_520;hyvällä;1
1306;91/2024;2024_91_520;tasolla;1
1306;91/2024;2024_91_520;suomessa;1
1306;91/2024;2024_91_520;tässä;7
1306;91/2024;2024_91_520;tason;1
1306;91/2024;2024_91_520;moni;1
1306;91/2024;2024_91_520;nosti;1
1306;91/2024;2024_91_520;esille;2
1306;91/2024;2024_91_520;lukemisen;1
1306;91/2024;2024_91_520;koululla;1
1306;91/2024;2024_91_520;oma;4
1306;91/2024;2024_91_520;roolinsa;2
1306;91/2024;2024_91_520;puhuin;1
1306;91/2024;2024_91_520;tunteja;1
1306;91/2024;2024_91_520;lisätään;1
1306;91/2024;2024_91_520;ala-asteella;1
1306;91/2024;2024_91_520;kyllä;1
1306;91/2024;2024_91_520;myöskin;5
1306;91/2024;2024_91_520;meillä;8
1306;91/2024;2024_91_520;vanhemmilla;2
1306;91/2024;2024_91_520;minkälaista;1
1306;91/2024;2024_91_520;esimerkkiä;2
1306;91/2024;2024_91_520;näytämme;1
1306;91/2024;2024_91_520;kuinka;2
1306;91/2024;2024_91_520;usein;3
1306;91/2024;2024_91_520;kirja;2
1306;91/2024;2024_91_520;kädessä;2
1306;91/2024;2024_91_520;kotona;1
1306;91/2024;2024_91_520;puhelin;1
1306;91/2024;2024_91_520;sallitte;1
1306;91/2024;2024_91_520;omakohtaisen;1
1306;91/2024;2024_91_520;kokemuksen;1
1306;91/2024;2024_91_520;omassa;1
1306;91/2024;2024_91_520;lapsuudessani;1
1306;91/2024;2024_91_520;koin;1
1306;91/2024;2024_91_520;oli;4
1306;91/2024;2024_91_520;erityisen;1
1306;91/2024;2024_91_520;hyvä;2
1306;91/2024;2024_91_520;olo;1
1306;91/2024;2024_91_520;kädessään;1
1306;91/2024;2024_91_520;he;1
1306;91/2024;2024_91_520;istuivat;1
1306;91/2024;2024_91_520;tuolissa;1
1306;91/2024;2024_91_520;joivat;1
1306;91/2024;2024_91_520;kupin;1
1306;91/2024;2024_91_520;teetä;1
1306;91/2024;2024_91_520;esimerkki;1
1306;91/2024;2024_91_520;ikään;2
1306;91/2024;2024_91_520;kuin;4
1306;91/2024;2024_91_520;tavoiteltavasta;1
1306;91/2024;2024_91_520;olotilasta;1
1306;91/2024;2024_91_520;minulle;1
1306;91/2024;2024_91_520;annettiin;1
1306;91/2024;2024_91_520;tänään;1
1306;91/2024;2024_91_520;valitettavasti;1
1306;91/2024;2024_91_520;huonompi;1
1306;91/2024;2024_91_520;vanhempi;1
1306;91/2024;2024_91_520;minulla;1
1306;91/2024;2024_91_520;aivan;1
1306;91/2024;2024_91_520;liian;1
1306;91/2024;2024_91_520;pädi;1
1306;91/2024;2024_91_520;kädessäni;1
1306;91/2024;2024_91_520;eivätkä;1
1306;91/2024;2024_91_520;minun;1
1306;91/2024;2024_91_520;lapseni;1
1306;91/2024;2024_91_520;tiedä;1
1306;91/2024;2024_91_520;pelaanko;1
1306;91/2024;2024_91_520;siellä;1
1306;91/2024;2024_91_520;jotain;1
1306;91/2024;2024_91_520;vai;1
1306;91/2024;2024_91_520;luenko;1
1306;91/2024;2024_91_520;kenties;1
1306;91/2024;2024_91_520;kirjaa;1
1306;91/2024;2024_91_520;jokainen;2
1306;91/2024;2024_91_520;meistä;1
1306;91/2024;2024_91_520;voisi;1
1306;91/2024;2024_91_520;näyttää;1
1306;91/2024;2024_91_520;parempaa;1
1306;91/2024;2024_91_520;puhuttiin;1
1306;91/2024;2024_91_520;kirjoista;1
1306;91/2024;2024_91_520;kertakäyttöinen;1
1306;91/2024;2024_91_520;lisenssi;1
1306;91/2024;2024_91_520;joudutaan;1
1306;91/2024;2024_91_520;ostamaan;1
1306;91/2024;2024_91_520;uudelleen;2
1306;91/2024;2024_91_520;vuodesta;1
1306;91/2024;2024_91_520;toiseen;1
1306;91/2024;2024_91_520;nämä;1
1306;91/2024;2024_91_520;digitaaliset;2
1306;91/2024;2024_91_520;oppimisympäristöt;1
1306;91/2024;2024_91_520;ne;3
1306;91/2024;2024_91_520;kalliita;1
1306;91/2024;2024_91_520;ratkaisuja;1
1306;91/2024;2024_91_520;monessa;2
1306;91/2024;2024_91_520;pyritty;1
1306;91/2024;2024_91_520;tuotu;1
1306;91/2024;2024_91_520;näitä;1
1306;91/2024;2024_91_520;oppikirjoja;1
1306;91/2024;2024_91_520;kirjastoon;1
1306;91/2024;2024_91_520;jotta;1
1306;91/2024;2024_91_520;voitaisiin;1
1306;91/2024;2024_91_520;käyttää;1
1306;91/2024;2024_91_520;sillä;1
1306;91/2024;2024_91_520;koulu;3
1306;91/2024;2024_91_520;säästää;1
1306;91/2024;2024_91_520;rahaa;1
1306;91/2024;2024_91_520;lapset;1
1306;91/2024;2024_91_520;saavat;1
1306;91/2024;2024_91_520;fyysisen;1
1306;91/2024;2024_91_520;kirjan;1
1306;91/2024;2024_91_520;käyttöönsä;1
1306;91/2024;2024_91_520;digitaalisilla;2
1306;91/2024;2024_91_520;välineillä;2
1306;91/2024;2024_91_520;paikkansa;4
1306;91/2024;2024_91_520;ratkaisut;1
1306;91/2024;2024_91_520;hyviä;1
1306;91/2024;2024_91_520;laadukkaita;1
1306;91/2024;2024_91_520;tarkoituksenmukaisia;1
1306;91/2024;2024_91_520;oivia;1
1306;91/2024;2024_91_520;välineitä;1
1306;91/2024;2024_91_520;harjoitusten;1
1306;91/2024;2024_91_520;tekemiseen;1
1306;91/2024;2024_91_520;vauhdittamiseen;1
1306;91/2024;2024_91_520;tasapaino;1
1306;91/2024;2024_91_520;pitää;2
1306;91/2024;2024_91_520;löytää;1
1306;91/2024;2024_91_520;minusta;1
1306;91/2024;2024_91_520;tuntuu;1
1306;91/2024;2024_91_520;emme;1
1306;91/2024;2024_91_520;aina;1
1306;91/2024;2024_91_520;ole;2
1306;91/2024;2024_91_520;löytäneet;1
1306;91/2024;2024_91_520;olivat;1
1306;91/2024;2024_91_520;esillä;1
1306;91/2024;2024_91_520;iloinen;2
1306;91/2024;2024_91_520;demaritkin;1
1306;91/2024;2024_91_520;täällä;1
1306;91/2024;2024_91_520;nyt;2
1306;91/2024;2024_91_520;päätyneet;1
1306;91/2024;2024_91_520;tätä;2
1306;91/2024;2024_91_520;tulisi;1
1306;91/2024;2024_91_520;rajoittaa;1
1306;91/2024;2024_91_520;tullaan;1
1306;91/2024;2024_91_520;rajoittamaan;1
1306;91/2024;2024_91_520;mikä;1
1306;91/2024;2024_91_520;ratkaisu;2
1306;91/2024;2024_91_520;käydään;1
1306;91/2024;2024_91_520;keskustelua;1
1306;91/2024;2024_91_520;hallituksen;3
1306;91/2024;2024_91_520;sisällä;1
1306;91/2024;2024_91_520;toivon;2
1306;91/2024;2024_91_520;saadaan;1
1306;91/2024;2024_91_520;mahdollisimman;1
1306;91/2024;2024_91_520;yksiselitteinen;1
1306;91/2024;2024_91_520;tälläkin;1
1306;91/2024;2024_91_520;hetkellä;1
1306;91/2024;2024_91_520;kännykkäparkit;1
1306;91/2024;2024_91_520;käytössä;1
1306;91/2024;2024_91_520;lakihan;1
1306;91/2024;2024_91_520;velvoittanut;1
1306;91/2024;2024_91_520;käytännöt;1
1306;91/2024;2024_91_520;vaihdelleet;1
1306;91/2024;2024_91_520;oppilaat;1
1306;91/2024;2024_91_520;vanhemmat;1
1306;91/2024;2024_91_520;haastaneet;1
1306;91/2024;2024_91_520;käytäntöä;1
1306;91/2024;2024_91_520;pääsisimme;1
1306;91/2024;2024_91_520;yksiselitteiseen;1
1306;91/2024;2024_91_520;tilanteeseen;1
1306;91/2024;2024_91_520;samaan;1
1306;91/2024;2024_91_520;aikaan;1
1306;91/2024;2024_91_520;tunnistetaan;1
1306;91/2024;2024_91_520;niistä;1
1306;91/2024;2024_91_520;etua;1
1306;91/2024;2024_91_520;opettaja;1
1306;91/2024;2024_91_520;voidaan;1
1306;91/2024;2024_91_520;ottaa;1
1306;91/2024;2024_91_520;siinäkin;1
1306;91/2024;2024_91_520;opetuksessa;1
1306;91/2024;2024_91_520;edustaja;1
1306;91/2024;2024_91_520;rasinkangas;1
1306;91/2024;2024_91_520;mainitsi;1
1306;91/2024;2024_91_520;luovuuden;1
1306;91/2024;2024_91_520;yksi;1
1306;91/2024;2024_91_520;suomalaisen;2
1306;91/2024;2024_91_520;hienouksia;1
1306;91/2024;2024_91_520;luovuudellakin;2
1306;91/2024;2024_91_520;taideaineita;1
1306;91/2024;2024_91_520;musiikkia;1
1306;91/2024;2024_91_520;käsitöitä;1
1306;91/2024;2024_91_520;teknisiä;1
1306;91/2024;2024_91_520;töitä;1
1306;91/2024;2024_91_520;maailmassa;1
1306;91/2024;2024_91_520;puhutaan;1
1306;91/2024;2024_91_520;paljon;1
1306;91/2024;2024_91_520;keinoälystä;1
1306;91/2024;2024_91_520;digitaalisista;1
1306;91/2024;2024_91_520;ratkaisuista;1
1306;91/2024;2024_91_520;matematiikasta;1
1306;91/2024;2024_91_520;tiedon;1
1306;91/2024;2024_91_520;kartuttamisesta;1
1306;91/2024;2024_91_520;muistamme;1
1306;91/2024;2024_91_520;meidän;3
1306;91/2024;2024_91_520;opettaa;1
1306;91/2024;2024_91_520;lapsillemme;1
1306;91/2024;2024_91_520;luovuutta;1
1306;91/2024;2024_91_520;nähdä;1
1306;91/2024;2024_91_520;luovien;1
1306;91/2024;2024_91_520;aineiden;1
1306;91/2024;2024_91_520;itseisarvo;1
1306;91/2024;2024_91_520;koulujärjestelmässä;1
1306;91/2024;2024_91_520;itse;1
1306;91/2024;2024_91_520;pidän;1
1306;91/2024;2024_91_520;koulujärjestelmän;1
1306;91/2024;2024_91_520;yhtenä;1
1306;91/2024;2024_91_520;keskeisenä;1
1306;91/2024;2024_91_520;vahvuutena;1
1306;91/2024;2024_91_520;kiitos;1
1306;91/2024;2024_91_520;tästä;1
1306;91/2024;2024_91_520;keskustelusta;1
1306;91/2024;2024_91_520;eduskunnassa;1
1306;91/2024;2024_91_520;vallitsee;1
1306;91/2024;2024_91_520;positiivinen;1
1306;91/2024;2024_91_520;yhteisymmärrys;1
1306;91/2024;2024_91_520;jota;2
1306;91/2024;2024_91_520;tulee;2
1306;91/2024;2024_91_520;vaalia;1
1306;91/2024;2024_91_520;yhdessä;1
1306;91/2024;2024_91_520;kehitämme;1
1306;91/2024;2024_91_520;puolue;1
1306;91/2024;2024_91_520;sitten;1
1306;91/2024;2024_91_520;hallituksessa;1
1306;91/2024;2024_91_520;oppositiossa;1
1306;91/2024;2024_91_520;näkee;1
1306;91/2024;2024_91_520;tärkeänä;1
1306;91/2024;2024_91_520;poliittisena;1
1306;91/2024;2024_91_520;kysymyksenä;1
1306;91/2024;2024_91_520;mitä;1
1306;91/2024;2024_91_520;työhön;1
1306;91/2024;2024_91_520;voitte;1
1306;91/2024;2024_91_520;varmoja;1
1306;91/2024;2024_91_520;erityissuojeluksessa;1
1306;91/2024;2024_91_520;tulemme;1
1306;91/2024;2024_91_520;kehittämään;1
1306;91/2024;2024_91_520;suomalainen;1
1306;91/2024;2024_91_520;paremmassa;1
1306;91/2024;2024_91_520;kunnossa;1
1306;91/2024;2024_91_520;epäilemättä;1
1306;91/2024;2024_91_520;kehitys;1
1306;91/2024;2024_91_520;jatkuu;1
1306;91/2024;2024_91_520;seuraavan;1
1306;91/2024;2024_91_520;toimesta;1
1306;91/2024;2024_91_520;yhteistuumin;1
1306;91/2024;2024_91_520;kiitoksia;1
1306;104/2024;2024_104_132;ärade;1
1306;104/2024;2024_104_132;talman;1
1306;104/2024;2024_104_132;arvoisa;1
1306;104/2024;2024_104_132;puhemies;1
1306;104/2024;2024_104_132;hallituksen;1
1306;104/2024;2024_104_132;esityksessä;1
1306;104/2024;2024_104_132;laiksi;1
1306;104/2024;2024_104_132;lukiolain;1
1306;104/2024;2024_104_132;muuttamisesta;1
1306;104/2024;2024_104_132;ja;2
1306;104/2024;2024_104_132;siihen;1
1306;104/2024;2024_104_132;liittyviksi;1
1306;104/2024;2024_104_132;laeiksi;1
1306;104/2024;2024_104_132;esitetään;1
1306;104/2024;2024_104_132;muutettavaksi;1
1306;104/2024;2024_104_132;lakia;3
1306;104/2024;2024_104_132;lukiolaista;1
1306;104/2024;2024_104_132;ylioppilastutkinnosta;1
1306;104/2024;2024_104_132;annettua;2
1306;104/2024;2024_104_132;sekä;1
1306;104/2024;2024_104_132;opetus;1
1306;104/2024;2024_104_132;kulttuuritoimen;1
1306;104/2024;2024_104_132;rahoituksesta;1
1306;104/2024;2024_104_154;ärade;1
1306;104/2024;2024_104_154;talman;1
1306;104/2024;2024_104_154;arvoisa;1
1306;104/2024;2024_104_154;puhemies;1
1306;104/2024;2024_104_154;kiitos;2
1306;104/2024;2024_104_154;kommenteista;1
1306;104/2024;2024_104_154;ja;7
1306;104/2024;2024_104_154;keskustelusta;1
1306;104/2024;2024_104_154;muutama;1
1306;104/2024;2024_104_154;asia;2
1306;104/2024;2024_104_154;on;14
1306;104/2024;2024_104_154;tässä;5
1306;104/2024;2024_104_154;noussut;1
1306;104/2024;2024_104_154;esille;1
1306;104/2024;2024_104_154;edustaja;2
1306;104/2024;2024_104_154;kallio;1
1306;104/2024;2024_104_154;oli;1
1306;104/2024;2024_104_154;huolissaan;1
1306;104/2024;2024_104_154;alueellisesta;1
1306;104/2024;2024_104_154;yhdenvertaisuudesta;1
1306;104/2024;2024_104_154;lukion;1
1306;104/2024;2024_104_154;rahoituksen;1
1306;104/2024;2024_104_154;osalta;1
1306;104/2024;2024_104_154;katsoisin;1
1306;104/2024;2024_104_154;kyllä;2
1306;104/2024;2024_104_154;että;11
1306;104/2024;2024_104_154;nimenomaan;2
1306;104/2024;2024_104_154;syrjäisyyttä;1
1306;104/2024;2024_104_154;tuetaan;2
1306;104/2024;2024_104_154;pieniä;1
1306;104/2024;2024_104_154;yksiköitä;1
1306;104/2024;2024_104_154;poistetaan;1
1306;104/2024;2024_104_154;muun;2
1306;104/2024;2024_104_154;muassa;2
1306;104/2024;2024_104_154;se;14
1306;104/2024;2024_104_154;oppilaan;2
1306;104/2024;2024_104_154;raja;1
1306;104/2024;2024_104_154;ajattelen;3
1306;104/2024;2024_104_154;näiden;1
1306;104/2024;2024_104_154;alueellisten;1
1306;104/2024;2024_104_154;haasteiden;1
1306;104/2024;2024_104_154;jotka;1
1306;104/2024;2024_104_154;ovat;1
1306;104/2024;2024_104_154;todelliset;1
1306;104/2024;2024_104_154;monella;1
1306;104/2024;2024_104_154;paikkakunnalla;1
1306;104/2024;2024_104_154;lapsimäärä;1
1306;104/2024;2024_104_154;vähenemään;1
1306;104/2024;2024_104_154;päin;1
1306;104/2024;2024_104_154;mutta;7
1306;104/2024;2024_104_154;kuitenkin;3
1306;104/2024;2024_104_154;lukio;1
1306;104/2024;2024_104_154;tärkeä;2
1306;104/2024;2024_104_154;palanen;1
1306;104/2024;2024_104_154;paikallisyhteiskuntaa;1
1306;104/2024;2024_104_154;tilanne;1
1306;104/2024;2024_104_154;tämän;1
1306;104/2024;2024_104_154;myötä;1
1306;104/2024;2024_104_154;paranee;1
1306;104/2024;2024_104_154;valituskelpoisesta;1
1306;104/2024;2024_104_154;hallintopäätöksestä;1
1306;104/2024;2024_104_154;tuen;2
1306;104/2024;2024_104_154;suhteen;1
1306;104/2024;2024_104_154;ollut;1
1306;104/2024;2024_104_154;pelkoja;1
1306;104/2024;2024_104_154;siitä;4
1306;104/2024;2024_104_154;lisääkö;1
1306;104/2024;2024_104_154;byrokraattista;1
1306;104/2024;2024_104_154;taakkaa;1
1306;104/2024;2024_104_154;tietenkin;2
1306;104/2024;2024_104_154;pyritty;1
1306;104/2024;2024_104_154;tekemään;1
1306;104/2024;2024_104_154;hyvinkin;1
1306;104/2024;2024_104_154;yksinkertaiseksi;1
1306;104/2024;2024_104_154;pääasiassa;1
1306;104/2024;2024_104_154;oikeusturvakysymys;1
1306;104/2024;2024_104_154;syntyy;1
1306;104/2024;2024_104_154;valituskelpoinen;1
1306;104/2024;2024_104_154;päätös;2
1306;104/2024;2024_104_154;tarvitsee;1
1306;104/2024;2024_104_154;erityisopetusta;1
1306;104/2024;2024_104_154;sen;4
1306;104/2024;2024_104_154;kautta;2
1306;104/2024;2024_104_154;asema;1
1306;104/2024;2024_104_154;vahvistuisi;1
1306;104/2024;2024_104_154;tehdään;1
1306;104/2024;2024_104_154;erityisopettajan;1
1306;104/2024;2024_104_154;esityksestä;1
1306;104/2024;2024_104_154;rehtorin;1
1306;104/2024;2024_104_154;päätöksellä;1
1306;104/2024;2024_104_154;oleellista;1
1306;104/2024;2024_104_154;ei;5
1306;104/2024;2024_104_154;synny;1
1306;104/2024;2024_104_154;estettä;1
1306;104/2024;2024_104_154;saamiseksi;1
1306;104/2024;2024_104_154;vaan;1
1306;104/2024;2024_104_154;tuki;1
1306;104/2024;2024_104_154;voidaan;1
1306;104/2024;2024_104_154;käynnistää;1
1306;104/2024;2024_104_154;heti;1
1306;104/2024;2024_104_154;tämä;2
1306;104/2024;2024_104_154;tulee;6
1306;104/2024;2024_104_154;tehdä;2
1306;104/2024;2024_104_154;ilman;1
1306;104/2024;2024_104_154;suurempia;1
1306;104/2024;2024_104_154;viivästyksiä;1
1306;104/2024;2024_104_154;olen;1
1306;104/2024;2024_104_154;iloinen;1
1306;104/2024;2024_104_154;positiivista;1
1306;104/2024;2024_104_154;palautteesta;1
1306;104/2024;2024_104_154;jota;1
1306;104/2024;2024_104_154;taide;1
1306;104/2024;2024_104_154;taitoaineiden;1
1306;104/2024;2024_104_154;ottaminen;1
1306;104/2024;2024_104_154;mukaan;1
1306;104/2024;2024_104_154;ylioppilastutkintoon;1
1306;104/2024;2024_104_154;saanut;1
1306;104/2024;2024_104_154;osa;1
1306;104/2024;2024_104_154;sivistystä;1
1306;104/2024;2024_104_154;suomalaista;1
1306;104/2024;2024_104_154;koulua;1
1306;104/2024;2024_104_154;opimme;1
1306;104/2024;2024_104_154;lukemalla;1
1306;104/2024;2024_104_154;myöskin;2
1306;104/2024;2024_104_154;tekemällä;1
1306;104/2024;2024_104_154;oppi;1
1306;104/2024;2024_104_154;arvokasta;1
1306;104/2024;2024_104_154;sekin;1
1306;104/2024;2024_104_154;nyt;1
1306;104/2024;2024_104_154;sillä;1
1306;104/2024;2024_104_154;paikkansa;1
1306;104/2024;2024_104_154;ylioppilastutkinnossa;1
1306;104/2024;2024_104_154;hyvä;1
1306;104/2024;2024_104_154;esitetty;1
1306;104/2024;2024_104_154;huolta;1
1306;104/2024;2024_104_154;englanninkielisestä;1
1306;104/2024;2024_104_154;tutkinnosta;1
1306;104/2024;2024_104_154;ensinnäkin;1
1306;104/2024;2024_104_154;ehkä;1
1306;104/2024;2024_104_154;keskisarjalle;1
1306;104/2024;2024_104_154;totean;1
1306;104/2024;2024_104_154;väestönvaihtoa;1
1306;104/2024;2024_104_154;ole;2
1306;104/2024;2024_104_154;todellisessa;1
1306;104/2024;2024_104_154;elämässä;1
1306;104/2024;2024_104_154;ymmärrän;1
1306;104/2024;2024_104_154;sinänsä;1
1306;104/2024;2024_104_154;huolen;1
1306;104/2024;2024_104_154;kielen;3
1306;104/2024;2024_104_154;asemasta;1
1306;104/2024;2024_104_154;suomen;2
1306;104/2024;2024_104_154;kieltä;2
1306;104/2024;2024_104_154;ruotsin;2
1306;104/2024;2024_104_154;suomessa;1
1306;104/2024;2024_104_154;suojella;1
1306;104/2024;2024_104_154;oppimiseen;1
1306;104/2024;2024_104_154;kotimaisten;1
1306;104/2024;2024_104_154;kielten;1
1306;104/2024;2024_104_154;osaamiseen;1
1306;104/2024;2024_104_154;panostaa;1
1306;104/2024;2024_104_154;kirjallisuuteen;1
1306;104/2024;2024_104_154;kirjoihin;1
1306;104/2024;2024_104_154;kirjastoihin;1
1306;104/2024;2024_104_154;lukemiseen;1
1306;104/2024;2024_104_154;yleensä;1
1306;104/2024;2024_104_154;ylioppilastutkinnon;1
1306;104/2024;2024_104_154;voi;1
1306;104/2024;2024_104_154;myös;1
1306;104/2024;2024_104_154;englannin;1
1306;104/2024;2024_104_154;kielellä;1
1306;104/2024;2024_104_154;tästä;1
1306;104/2024;2024_104_154;suojelutarpeesta;1
1306;104/2024;2024_104_154;pois;1
1306;104/2024;2024_104_154;heikennä;1
1306;104/2024;2024_104_154;tai;1
1306;104/2024;2024_104_154;asemaa;1
1306;104/2024;2024_104_154;tiettyyn;1
1306;104/2024;2024_104_154;tarpeeseen;3
1306;104/2024;2024_104_154;paluumuuttajien;1
1306;104/2024;2024_104_154;vaikka;2
1306;104/2024;2024_104_154;perheen;1
1306;104/2024;2024_104_154;joka;1
1306;104/2024;2024_104_154;muuttaa;1
1306;104/2024;2024_104_154;suomeen;1
1306;104/2024;2024_104_154;lyhytaikaisestikin;1
1306;104/2024;2024_104_154;työn;1
1306;104/2024;2024_104_154;perään;1
1306;104/2024;2024_104_154;varsinkin;1
1306;104/2024;2024_104_154;kasvukeskuksissa;1
1306;104/2024;2024_104_154;kauan;1
1306;104/2024;2024_104_154;kaivattu;1
1306;104/2024;2024_104_154;uudistus;1
1306;104/2024;2024_104_154;tuo;1
1306;104/2024;2024_104_154;lisän;1
1306;104/2024;2024_104_154;suomalaiseen;1
1306;104/2024;2024_104_154;tarjontaan;1
1306;104/2024;2024_104_154;syrjäytä;1
1306;104/2024;2024_104_154;olemassa;1
1306;104/2024;2024_104_154;olevaa;1
1306;104/2024;2024_104_154;siinä;1
1306;104/2024;2024_104_154;ne;1
1306;104/2024;2024_104_154;keskeiset;1
1306;104/2024;2024_104_154;huomiot;1
1306;104/2024;2024_104_154;taisivat;1
1306;104/2024;2024_104_154;olla;1
1306;104/2024;2024_104_154;tukea;1
1306;104/2024;2024_104_154;parannetaan;1
1306;104/2024;2024_104_154;tutkinnon;1
1306;104/2024;2024_104_154;spektriä;1
1306;104/2024;2024_104_154;laajennetaan;1
1306;104/2024;2024_104_154;sitä;1
1306;104/2024;2024_104_154;olennaisesti;1
1306;104/2024;2024_104_154;vahvistetaan;1
1306;104/2024;2024_104_154;tätä;1
1306;104/2024;2024_104_154;toista;1
1306;104/2024;2024_104_154;astetta;1
1306;104/2024;2024_104_170;ärade;1
1306;104/2024;2024_104_170;talman;1
1306;104/2024;2024_104_170;arvoisa;1
1306;104/2024;2024_104_170;puhemies;1
1306;104/2024;2024_104_170;ammatillisen;1
1306;104/2024;2024_104_170;koulutuksen;1
1306;104/2024;2024_104_170;toiminnanohjaukseen;1
1306;104/2024;2024_104_170;rahoitusjärjestelmään;1
1306;104/2024;2024_104_170;ja;3
1306;104/2024;2024_104_170;oppimisen;1
1306;104/2024;2024_104_170;tukeen;1
1306;104/2024;2024_104_170;ehdotetaan;1
1306;104/2024;2024_104_170;pääministeri;1
1306;104/2024;2024_104_170;orpon;1
1306;104/2024;2024_104_170;hallitusohjelman;1
1306;104/2024;2024_104_170;mukaisesti;1
1306;104/2024;2024_104_170;muutoksia;1
1306;104/2024;2024_104_170;joilla;3
1306;104/2024;2024_104_170;vastataan;2
1306;104/2024;2024_104_170;osaavan;1
1306;104/2024;2024_104_170;työvoiman;1
1306;104/2024;2024_104_170;kysyntään;1
1306;104/2024;2024_104_170;kannustetaan;1
1306;104/2024;2024_104_170;järjestämään;1
1306;104/2024;2024_104_170;ammatillista;1
1306;104/2024;2024_104_170;koulutusta;1
1306;104/2024;2024_104_170;tuloksellisella;1
1306;104/2024;2024_104_170;laadukkaalla;1
1306;104/2024;2024_104_170;tavalla;1
1306;104/2024;2024_104_170;opiskelijoiden;1
1306;104/2024;2024_104_170;lisääntyvään;1
1306;104/2024;2024_104_170;tuen;1
1306;104/2024;2024_104_170;tarpeeseen;1
1306;104/2024;2024_104_185;arvoisa;1
1306;104/2024;2024_104_185;puhemies;1
1306;104/2024;2024_104_185;ärade;1
1306;104/2024;2024_104_185;talman;1
1306;104/2024;2024_104_185;kiitos;2
1306;104/2024;2024_104_185;kommenteistanne;1
1306;104/2024;2024_104_185;ja;8
1306;104/2024;2024_104_185;huomioistanne;1
1306;104/2024;2024_104_185;paljon;3
1306;104/2024;2024_104_185;on;15
1306;104/2024;2024_104_185;ollut;1
1306;104/2024;2024_104_185;keskustelua;1
1306;104/2024;2024_104_185;rahoituksen;2
1306;104/2024;2024_104_185;ympärillä;1
1306;104/2024;2024_104_185;se;14
1306;104/2024;2024_104_185;ihan;1
1306;104/2024;2024_104_185;totta;1
1306;104/2024;2024_104_185;että;13
1306;104/2024;2024_104_185;miljoonan;3
1306;104/2024;2024_104_185;leikkaus;2
1306;104/2024;2024_104_185;kohdistuu;2
1306;104/2024;2024_104_185;ammatilliseen;1
1306;104/2024;2024_104_185;koulutukseen;1
1306;104/2024;2024_104_185;kuitenkin;1
1306;104/2024;2024_104_185;tarkoittaa;4
1306;104/2024;2024_104_185;ensi;1
1306;104/2024;2024_104_185;vuonna;2
1306;104/2024;2024_104_185;rahoitus;2
1306;104/2024;2024_104_185;kutakuinkin;1
1306;104/2024;2024_104_185;samalla;1
1306;104/2024;2024_104_185;tasolla;1
1306;104/2024;2024_104_185;euromääräisesti;2
1306;104/2024;2024_104_185;kuin;5
1306;104/2024;2024_104_185;viime;1
1306;104/2024;2024_104_185;noin;5
1306;104/2024;2024_104_185;mikä;3
1306;104/2024;2024_104_185;toki;3
1306;104/2024;2024_104_185;mutta;3
1306;104/2024;2024_104_185;päälle;1
1306;104/2024;2024_104_185;tosiaankin;1
1306;104/2024;2024_104_185;tulevat;1
1306;104/2024;2024_104_185;nämä;2
1306;104/2024;2024_104_185;indeksikorotukset;1
1306;104/2024;2024_104_185;vaikka;1
1306;104/2024;2024_104_185;tämä;3
1306;104/2024;2024_104_185;kymmenen;1
1306;104/2024;2024_104_185;panostus;1
1306;104/2024;2024_104_185;oppimisen;2
1306;104/2024;2024_104_185;tukeen;1
1306;104/2024;2024_104_185;eli;2
1306;104/2024;2024_104_185;nettovaikutus;1
1306;104/2024;2024_104_185;hieman;1
1306;104/2024;2024_104_185;pienempi;2
1306;104/2024;2024_104_185;vaikutusta;1
1306;104/2024;2024_104_185;pyritään;1
1306;104/2024;2024_104_185;ohjaamaan;1
1306;104/2024;2024_104_185;niin;6
1306;104/2024;2024_104_185;toista;1
1306;104/2024;2024_104_185;tai;1
1306;104/2024;2024_104_185;kolmatta;1
1306;104/2024;2024_104_185;tutkintoa;1
1306;104/2024;2024_104_185;tekeviin;1
1306;104/2024;2024_104_185;sellaisia;1
1306;104/2024;2024_104_185;opiskelijoita;1
1306;104/2024;2024_104_185;määrällisesti;1
1306;104/2024;2024_104_185;opiskelijavuosina;1
1306;104/2024;2024_104_185;leikkausta;1
1306;104/2024;2024_104_185;siihen;2
1306;104/2024;2024_104_185;määrään;1
1306;104/2024;2024_104_185;senkin;1
1306;104/2024;2024_104_185;jälkeen;2
1306;104/2024;2024_104_185;opiskelijavuosia;1
1306;104/2024;2024_104_185;jatkuvan;1
1306;104/2024;2024_104_185;jos;1
1306;104/2024;2024_104_185;nyt;1
1306;104/2024;2024_104_185;sen;4
1306;104/2024;2024_104_185;rahoitusta;3
1306;104/2024;2024_104_185;pohtii;1
1306;104/2024;2024_104_185;osuus;1
1306;104/2024;2024_104_185;tästä;1
1306;104/2024;2024_104_185;kokonaisuudesta;1
1306;104/2024;2024_104_185;puoli;1
1306;104/2024;2024_104_185;miljardia;1
1306;104/2024;2024_104_185;tietenkään;1
1306;104/2024;2024_104_185;tätä;2
1306;104/2024;2024_104_185;ei;3
1306;104/2024;2024_104_185;voi;3
1306;104/2024;2024_104_185;sataprosenttisesti;1
1306;104/2024;2024_104_185;rajata;1
1306;104/2024;2024_104_185;rajaus;1
1306;104/2024;2024_104_185;tapahtuu;1
1306;104/2024;2024_104_185;käytännössä;1
1306;104/2024;2024_104_185;opetuksen;2
1306;104/2024;2024_104_185;järjestäjien;1
1306;104/2024;2024_104_185;toimesta;1
1306;104/2024;2024_104_185;he;1
1306;104/2024;2024_104_185;määrittelevät;1
1306;104/2024;2024_104_185;sitä;2
1306;104/2024;2024_104_185;omaa;1
1306;104/2024;2024_104_185;kapasiteettiaan;1
1306;104/2024;2024_104_185;tämän;2
1306;104/2024;2024_104_185;puitteissa;1
1306;104/2024;2024_104_185;laskentamalli;1
1306;104/2024;2024_104_185;kokonaisuudessaan;1
1306;104/2024;2024_104_185;kokeilua;1
1306;104/2024;2024_104_185;joka;1
1306;104/2024;2024_104_185;mahdollistaa;1
1306;104/2024;2024_104_185;itse;1
1306;104/2024;2024_104_185;pystyy;1
1306;104/2024;2024_104_185;vapaammin;1
1306;104/2024;2024_104_185;määrittelemään;1
1306;104/2024;2024_104_185;tarjonta;1
1306;104/2024;2024_104_185;ohjata;1
1306;104/2024;2024_104_185;enää;1
1306;104/2024;2024_104_185;ylhäältä;1
1306;104/2024;2024_104_185;aikaisemmin;1
1306;104/2024;2024_104_185;kun;4
1306;104/2024;2024_104_185;vielä;1
1306;104/2024;2024_104_185;yhdistää;1
1306;104/2024;2024_104_185;perusrahoitus;1
1306;104/2024;2024_104_185;vaikuttavuudella;1
1306;104/2024;2024_104_185;isompi;1
1306;104/2024;2024_104_185;painoarvo;1
1306;104/2024;2024_104_185;kohdistaa;1
1306;104/2024;2024_104_185;tarjontaa;1
1306;104/2024;2024_104_185;aloille;1
1306;104/2024;2024_104_185;joilla;1
1306;104/2024;2024_104_185;oikeasti;2
1306;104/2024;2024_104_185;kysyntää;1
1306;104/2024;2024_104_185;näkyy;2
1306;104/2024;2024_104_185;myöskin;1
1306;104/2024;2024_104_185;rahoituksessa;1
1306;104/2024;2024_104_185;silloin;1
1306;104/2024;2024_104_185;paikallinen;1
1306;104/2024;2024_104_185;yrityselämä;1
1306;104/2024;2024_104_185;kiittää;3
1306;104/2024;2024_104_185;kansantalous;1
1306;104/2024;2024_104_185;tuottavuus;1
1306;104/2024;2024_104_185;järjestäjäkin;1
1306;104/2024;2024_104_185;saa;1
1306;104/2024;2024_104_185;enemmän;1
1306;104/2024;2024_104_185;tässä;3
1306;104/2024;2024_104_185;kyllä;1
1306;104/2024;2024_104_185;jonkinlainen;1
1306;104/2024;2024_104_185;win-win-win-win-tilanne;1
1306;104/2024;2024_104_185;jota;1
1306;104/2024;2024_104_185;en;2
1306;104/2024;2024_104_185;pitää;1
1306;104/2024;2024_104_185;muuta;1
1306;104/2024;2024_104_185;varsin;1
1306;104/2024;2024_104_185;hyvänä;1
1306;104/2024;2024_104_185;asiana;1
1306;104/2024;2024_104_185;pääsee;1
1306;104/2024;2024_104_185;tähän;1
1306;104/2024;2024_104_185;kokeiluun;1
1306;104/2024;2024_104_185;mukaan;1
1306;104/2024;2024_104_185;heidän;1
1306;104/2024;2024_104_185;kanssaan;1
1306;104/2024;2024_104_185;käydään;1
1306;104/2024;2024_104_185;neuvottelut;1
1306;104/2024;2024_104_185;muidenkin;1
1306;104/2024;2024_104_185;kanssa;1
1306;104/2024;2024_104_185;enkä;1
1306;104/2024;2024_104_185;näkisi;1
1306;104/2024;2024_104_185;olisi;1
1306;104/2024;2024_104_185;sinänsä;1
1306;104/2024;2024_104_185;laaturiskiä;1
1306;104/2024;2024_104_185;olemassa;1
1306;104/2024;2024_104_185;pikemminkin;1
1306;104/2024;2024_104_185;ajattelen;1
1306;104/2024;2024_104_185;laatua;1
1306;104/2024;2024_104_185;parannetaan;1
1306;104/2024;2024_104_185;mitä;1
1306;104/2024;2024_104_185;tulee;1
1306;104/2024;2024_104_185;mmmn;1
1306;104/2024;2024_104_185;huoleen;1
1306;104/2024;2024_104_185;siitä;1
1306;104/2024;2024_104_185;miten;1
1306;104/2024;2024_104_185;osaavan;2
1306;104/2024;2024_104_185;työvoiman;2
1306;104/2024;2024_104_185;saatavuudessa;1
1306;104/2024;2024_104_185;nimenomaan;2
1306;104/2024;2024_104_185;pystytään;1
1306;104/2024;2024_104_185;paremmin;2
1306;104/2024;2024_104_185;tarjoamaan;1
1306;104/2024;2024_104_185;opetusta;1
1306;104/2024;2024_104_185;koulutusta;1
1306;104/2024;2024_104_185;työvoimatarpeeseen;1
1306;104/2024;2024_104_185;päätyä;1
1306;104/2024;2024_104_185;toiseen;1
1306;104/2024;2024_104_185;johtopäätökseen;1
1306;104/2024;2024_104_185;takaisi;1
1306;104/2024;2024_104_185;saatavuuden;1
1306;104/2024;2024_104_185;nykyinen;1
1306;104/2024;2024_104_185;malli;1
1306;104/2024;2024_104_185;luonnonvara-alat;1
1306;104/2024;2024_104_185;ovat;1
1306;104/2024;2024_104_185;keskusteluttaneet;1
1306;104/2024;2024_104_185;lausuntokierroksen;1
1306;104/2024;2024_104_185;lisättiin;1
1306;104/2024;2024_104_185;korien;1
1306;104/2024;2024_104_185;määrää;1
1306;104/2024;2024_104_185;saattaa;2
1306;104/2024;2024_104_185;olla;3
1306;104/2024;2024_104_185;kaikkia;1
1306;104/2024;2024_104_185;ongelmia;1
1306;104/2024;2024_104_185;poistanut;1
1306;104/2024;2024_104_185;takia;1
1306;104/2024;2024_104_185;tulemme;1
1306;104/2024;2024_104_185;käyttämään;1
1306;104/2024;2024_104_185;harkinnanvaraista;1
1306;104/2024;2024_104_185;ylimenokaudella;1
1306;104/2024;2024_104_185;kunnes;1
1306;104/2024;2024_104_185;saadaan;1
1306;104/2024;2024_104_185;taustatiedot;1
1306;104/2024;2024_104_185;päivitettyä;1
1306;104/2024;2024_104_185;voidaan;1
1306;104/2024;2024_104_185;varmistaa;1
1306;104/2024;2024_104_185;vastaa;1
1306;104/2024;2024_104_185;todellista;1
1306;104/2024;2024_104_185;tarvetta;1
1306;104/2024;2024_104_185;siis;1
1306;104/2024;2024_104_185;pieni;1
1306;104/2024;2024_104_185;haaste;1
1306;104/2024;2024_104_185;jonka;1
1306;104/2024;2024_104_185;hoidamme;1
1306;104/2024;2024_104_185;harkinnanvaraisella;1
1306;104/2024;2024_104_185;rahoituksella;1
1306;104/2024;2024_104_185;sikäli;1
1306;104/2024;2024_104_185;materialisoituu;1
1306;104/2024;2024_104_185;siinä;1
1306;104/2024;2024_104_185;suurin;1
1306;104/2024;2024_104_185;kysymyspatteri;1
1306;104/2024;2024_104_185;taisi;1
1306;104/2024;2024_104_185;keskustelusta;1
1306;107/2024;2024_107_6;arvoisa;1
1306;107/2024;2024_107_6;puhemies;1
1306;107/2024;2024_107_6;äräde;1
1306;107/2024;2024_107_6;talman;1
1306;107/2024;2024_107_6;tuon;1
1306;107/2024;2024_107_6;eduskunnan;1
1306;107/2024;2024_107_6;käsittelyyn;1
1306;107/2024;2024_107_6;hallituksen;1
1306;107/2024;2024_107_6;esityksen;2
1306;107/2024;2024_107_6;jolla;1
1306;107/2024;2024_107_6;yksityisten;1
1306;107/2024;2024_107_6;perusopetuksen;2
1306;107/2024;2024_107_6;järjestäjien;3
1306;107/2024;2024_107_6;kotikuntakorvausta;1
1306;107/2024;2024_107_6;korotetaan;1
1306;107/2024;2024_107_6;ja;1
1306;107/2024;2024_107_6;velvoitteet;1
1306;107/2024;2024_107_6;järjestää;1
1306;107/2024;2024_107_6;erityistä;1
1306;107/2024;2024_107_6;tukea;1
1306;107/2024;2024_107_6;yhdenmukaistetaan;1
1306;107/2024;2024_107_6;kuntien;1
1306;107/2024;2024_107_6;kanssa;1
1306;107/2024;2024_107_6;taustalla;1
1306;107/2024;2024_107_6;ovat;1
1306;107/2024;2024_107_6;pitkään;1
1306;107/2024;2024_107_6;jatkunut;1
1306;107/2024;2024_107_6;keskustelu;1
1306;107/2024;2024_107_6;rahoituksesta;1
1306;107/2024;2024_107_6;sekä;1
1306;107/2024;2024_107_6;erityisopetuksen;1
1306;107/2024;2024_107_6;saatavuus;1
1306;107/2024;2024_107_6;eri;1
1306;107/2024;2024_107_6;opetuksessa;1
1306;107/2024;2024_107_6;tämä;1
1306;107/2024;2024_107_6;on;1
1306;107/2024;2024_107_6;tärkeä;1
1306;107/2024;2024_107_6;muutos;1
1306;107/2024;2024_107_6;joka;1
1306;107/2024;2024_107_6;vähentää;1
1306;107/2024;2024_107_6;eriarvoisuutta;1
1306;107/2024;2024_107_25;arvoisa;1
1306;107/2024;2024_107_25;puhemies;1
1306;107/2024;2024_107_25;ärade;1
1306;107/2024;2024_107_25;talman;1
1306;107/2024;2024_107_25;kiitos;2
1306;107/2024;2024_107_25;keskustelusta;1
1306;107/2024;2024_107_25;ja;7
1306;107/2024;2024_107_25;esityksen;1
1306;107/2024;2024_107_25;saamasta;1
1306;107/2024;2024_107_25;positiivisesta;1
1306;107/2024;2024_107_25;vastaanotosta;1
1306;107/2024;2024_107_25;kyse;2
1306;107/2024;2024_107_25;on;9
1306;107/2024;2024_107_25;tosiaankin;1
1306;107/2024;2024_107_25;siitä;1
1306;107/2024;2024_107_25;että;4
1306;107/2024;2024_107_25;pyritään;1
1306;107/2024;2024_107_25;yhdenmukaistamaan;1
1306;107/2024;2024_107_25;koulutusjärjestelmää;1
1306;107/2024;2024_107_25;poistetaan;1
1306;107/2024;2024_107_25;niitä;1
1306;107/2024;2024_107_25;keinotekoisia;1
1306;107/2024;2024_107_25;eroja;1
1306;107/2024;2024_107_25;joita;1
1306;107/2024;2024_107_25;ollut;2
1306;107/2024;2024_107_25;eri;2
1306;107/2024;2024_107_25;koulumuotojen;1
1306;107/2024;2024_107_25;välillä;1
1306;107/2024;2024_107_25;yksityinen;1
1306;107/2024;2024_107_25;kouluhan;1
1306;107/2024;2024_107_25;usein;1
1306;107/2024;2024_107_25;ihan;2
1306;107/2024;2024_107_25;samanlainen;1
1306;107/2024;2024_107_25;lähikoulu;1
1306;107/2024;2024_107_25;kuin;3
1306;107/2024;2024_107_25;muutkin;1
1306;107/2024;2024_107_25;yksityisyydellä;1
1306;107/2024;2024_107_25;tässä;7
1306;107/2024;2024_107_25;enemmänkin;1
1306;107/2024;2024_107_25;historialliset;1
1306;107/2024;2024_107_25;taustat;1
1306;107/2024;2024_107_25;mitään;1
1306;107/2024;2024_107_25;muuta;2
1306;107/2024;2024_107_25;nyt;4
1306;107/2024;2024_107_25;sitten;2
1306;107/2024;2024_107_25;tuodaan;1
1306;107/2024;2024_107_25;lapset;1
1306;107/2024;2024_107_25;samalle;1
1306;107/2024;2024_107_25;viivalle;1
1306;107/2024;2024_107_25;myöskin;2
1306;107/2024;2024_107_25;saatavilla;1
1306;107/2024;2024_107_25;olevan;1
1306;107/2024;2024_107_25;tuen;2
1306;107/2024;2024_107_25;suhteen;1
1306;107/2024;2024_107_25;edustaja;3
1306;107/2024;2024_107_25;mäkynen;1
1306;107/2024;2024_107_25;oli;2
1306;107/2024;2024_107_25;huolestunut;1
1306;107/2024;2024_107_25;yksityistämisestä;1
1306;107/2024;2024_107_25;noin;2
1306;107/2024;2024_107_25;yleensä;1
1306;107/2024;2024_107_25;koulujärjestelmän;1
1306;107/2024;2024_107_25;osalta;1
1306;107/2024;2024_107_25;siitähän;1
1306;107/2024;2024_107_25;ei;4
1306;107/2024;2024_107_25;luonnollisestikaan;1
1306;107/2024;2024_107_25;ole;4
1306;107/2024;2024_107_25;pia;1
1306;107/2024;2024_107_25;lohikoski;1
1306;107/2024;2024_107_25;hyvä;2
1306;107/2024;2024_107_25;niin;4
1306;107/2024;2024_107_25;vaikkakin;2
1306;107/2024;2024_107_25;yritetään;1
1306;107/2024;2024_107_25;parantaa;1
1306;107/2024;2024_107_25;tiettyjen;1
1306;107/2024;2024_107_25;oppilaiden;1
1306;107/2024;2024_107_25;koulujen;1
1306;107/2024;2024_107_25;asemaa;1
1306;107/2024;2024_107_25;suomalaisen;2
1306;107/2024;2024_107_25;koulun;1
1306;107/2024;2024_107_25;peruskoulun;1
1306;107/2024;2024_107_25;keskeinen;1
1306;107/2024;2024_107_25;rakenne;1
1306;107/2024;2024_107_25;pysyy;1
1306;107/2024;2024_107_25;ennallaan;1
1306;107/2024;2024_107_25;se;6
1306;107/2024;2024_107_25;meidän;1
1306;107/2024;2024_107_25;koulutusjärjestelmän;1
1306;107/2024;2024_107_25;kiistaton;1
1306;107/2024;2024_107_25;vahvuus;1
1306;107/2024;2024_107_25;sitä;3
1306;107/2024;2024_107_25;samaa;1
1306;107/2024;2024_107_25;tasavertaista;1
1306;107/2024;2024_107_25;yhdenvertaista;1
1306;107/2024;2024_107_25;koulua;1
1306;107/2024;2024_107_25;voi;2
1306;107/2024;2024_107_25;järjestää;1
1306;107/2024;2024_107_25;hieman;1
1306;107/2024;2024_107_25;pohjalta;1
1306;107/2024;2024_107_25;kyseenalaistettu;1
1306;107/2024;2024_107_25;valtion;3
1306;107/2024;2024_107_25;koulut;2
1306;107/2024;2024_107_25;harjoittelukoulut;1
1306;107/2024;2024_107_25;ovat;1
1306;107/2024;2024_107_25;tämän;4
1306;107/2024;2024_107_25;järjestelmän;1
1306;107/2024;2024_107_25;ulkopuolella;1
1306;107/2024;2024_107_25;ymmärrän;1
1306;107/2024;2024_107_25;kyseenalaistamisen;1
1306;107/2024;2024_107_25;taustalla;1
1306;107/2024;2024_107_25;muun;1
1306;107/2024;2024_107_25;muassa;1
1306;107/2024;2024_107_25;nämä;1
1306;107/2024;2024_107_25;saavat;1
1306;107/2024;2024_107_25;rahoitusta;1
1306;107/2024;2024_107_25;ne;1
1306;107/2024;2024_107_25;eivät;1
1306;107/2024;2024_107_25;täysin;1
1306;107/2024;2024_107_25;kuntakorvauksen;1
1306;107/2024;2024_107_25;varassa;1
1306;107/2024;2024_107_25;kun;1
1306;107/2024;2024_107_25;pohditaan;1
1306;107/2024;2024_107_25;mitä;1
1306;107/2024;2024_107_25;maksaisi;1
1306;107/2024;2024_107_25;jos;1
1306;107/2024;2024_107_25;tältäkin;1
1306;107/2024;2024_107_25;osin;1
1306;107/2024;2024_107_25;yhdenmukaistettaisiin;1
1306;107/2024;2024_107_25;arvion;1
1306;107/2024;2024_107_25;mukaan;1
1306;107/2024;2024_107_25;olisi;1
1306;107/2024;2024_107_25;viisi;1
1306;107/2024;2024_107_25;miljoonaa;1
1306;107/2024;2024_107_25;euroa;1
1306;107/2024;2024_107_25;eli;1
1306;107/2024;2024_107_25;toki;1
1306;107/2024;2024_107_25;mikään;1
1306;107/2024;2024_107_25;mitätön;1
1306;107/2024;2024_107_25;summa;1
1306;107/2024;2024_107_25;sekään;1
1306;107/2024;2024_107_25;mutta;2
1306;107/2024;2024_107_25;tämä;2
1306;107/2024;2024_107_25;ensimmäinen;1
1306;107/2024;2024_107_25;askel;2
1306;107/2024;2024_107_25;loogisempaan;1
1306;107/2024;2024_107_25;parempaan;1
1306;107/2024;2024_107_25;rakenteeseen;1
1306;107/2024;2024_107_25;tunnistan;1
1306;107/2024;2024_107_25;kyllä;1
1306;107/2024;2024_107_25;keskustelun;1
1306;107/2024;2024_107_25;tarpeen;1
1306;107/2024;2024_107_25;ehkä;1
1306;107/2024;2024_107_25;tämänkin;1
1306;107/2024;2024_107_25;kysymyksen;1
1306;107/2024;2024_107_25;ympärillä;1
1306;107/2024;2024_107_25;joskin;1
1306;107/2024;2024_107_25;katson;1
1306;107/2024;2024_107_25;tilanteessa;2
1306;107/2024;2024_107_25;tehty;1
1306;107/2024;2024_107_25;ratkaisu;1
1306;107/2024;2024_107_25;varsin;1
1306;107/2024;2024_107_25;perusteltu;1
1306;107/2024;2024_107_25;erityistä;1
1306;107/2024;2024_107_25;tukea;1
1306;107/2024;2024_107_25;sinänsä;1
1306;107/2024;2024_107_25;saada;1
1306;107/2024;2024_107_25;kouluissa;1
1306;107/2024;2024_107_25;näissä;1
1306;107/2024;2024_107_25;harjoittelukouluissa;1
1306;107/2024;2024_107_25;suinkaan;1
1306;107/2024;2024_107_25;rajattu;1
1306;107/2024;2024_107_25;pois;1
1306;107/2024;2024_107_25;velvollisuushan;1
1306;107/2024;2024_107_25;ulottuu;1
1306;107/2024;2024_107_25;sataprosenttisen;1
1306;107/2024;2024_107_25;myötä;1
1306;107/2024;2024_107_25;näihin;1
1306;107/2024;2024_107_25;yksityisiin;1
1306;107/2024;2024_107_25;pieni;1
1306;107/2024;2024_107_25;eteenpäin;1
1306;107/2024;2024_107_25;hallitusohjelmaan;1
1306;107/2024;2024_107_25;kuuluu;1
1306;107/2024;2024_107_25;monta;1
1306;107/2024;2024_107_25;hyvää;1
1306;107/2024;2024_107_25;uudistusta;1
1306;107/2024;2024_107_25;parannusta;1
1306;107/2024;2024_107_25;opetusjärjestelmään;1
1306;107/2024;2024_107_25;tehdään;1
1306;107/2024;2024_107_25;koponenkin;1
1306;107/2024;2024_107_25;taisi;1
1306;107/2024;2024_107_25;sanoa;1
1306;107/2024;2024_107_25;koulutuksen;1
1306;107/2024;2024_107_25;kunnianpalautusta;1
1306;107/2024;2024_107_25;juvosen;1
1306;107/2024;2024_107_25;kysymykseen;1
1306;107/2024;2024_107_25;mielenkiintoinen;1
1306;107/2024;2024_107_25;selvittelen;1
1306;107/2024;2024_107_25;asiaa;1
1306;107/2024;2024_107_25;minulla;1
1306;107/2024;2024_107_25;antaa;1
1306;107/2024;2024_107_25;suoraan;1
1306;107/2024;2024_107_25;teille;1
1306;107/2024;2024_107_25;vastausta;1
1306;123/2024;2024_123_60;arvoisa;1
1306;123/2024;2024_123_60;puhemies;2
1306;123/2024;2024_123_60;kiitos;1
1306;123/2024;2024_123_60;tästä;2
1306;123/2024;2024_123_60;keskustelusta;1
1306;123/2024;2024_123_60;tähän;1
1306;123/2024;2024_123_60;asti;1
1306;123/2024;2024_123_60;oli;3
1306;123/2024;2024_123_60;niin;5
1306;123/2024;2024_123_60;kuin;2
1306;123/2024;2024_123_60;ehkä;4
1306;123/2024;2024_123_60;tapana;1
1306;123/2024;2024_123_60;on;12
1306;123/2024;2024_123_60;jossain;1
1306;123/2024;2024_123_60;määrin;1
1306;123/2024;2024_123_60;epäuskottavia;1
1306;123/2024;2024_123_60;vaihtoehtobudjetteja;1
1306;123/2024;2024_123_60;mutta;4
1306;123/2024;2024_123_60;olihan;1
1306;123/2024;2024_123_60;siinä;3
1306;123/2024;2024_123_60;hyviäkin;1
1306;123/2024;2024_123_60;asioita;2
1306;123/2024;2024_123_60;osittain;1
1306;123/2024;2024_123_60;palaan;1
1306;123/2024;2024_123_60;pääministerin;1
1306;123/2024;2024_123_60;poissaoloon;1
1306;123/2024;2024_123_60;hän;1
1306;123/2024;2024_123_60;tosiaankin;1
1306;123/2024;2024_123_60;ruotsissa;1
1306;123/2024;2024_123_60;pohjoismaiden;1
1306;123/2024;2024_123_60;ja;2
1306;123/2024;2024_123_60;baltian;1
1306;123/2024;2024_123_60;maiden;1
1306;123/2024;2024_123_60;päämiesten;1
1306;123/2024;2024_123_60;kokouksessa;1
1306;123/2024;2024_123_60;paikalla;1
1306;123/2024;2024_123_60;myöskin;3
1306;123/2024;2024_123_60;puola;1
1306;123/2024;2024_123_60;siellä;1
1306;123/2024;2024_123_60;keskustellaan;1
1306;123/2024;2024_123_60;tärkeistä;1
1306;123/2024;2024_123_60;yhteisistä;1
1306;123/2024;2024_123_60;asioista;1
1306;123/2024;2024_123_60;tilanteessa;1
1306;123/2024;2024_123_60;jossa;1
1306;123/2024;2024_123_60;syytä;1
1306;123/2024;2024_123_60;olla;1
1306;123/2024;2024_123_60;aika;1
1306;123/2024;2024_123_60;lailla;1
1306;123/2024;2024_123_60;huolissaan;1
1306;123/2024;2024_123_60;euroopan;1
1306;123/2024;2024_123_60;tilanteesta;1
1306;123/2024;2024_123_60;turvallisuusmielessä;1
1306;123/2024;2024_123_60;eduskunnasta;1
1306;123/2024;2024_123_60;se;4
1306;123/2024;2024_123_60;ihan;1
1306;123/2024;2024_123_60;oikein;1
1306;123/2024;2024_123_60;jos;2
1306;123/2024;2024_123_60;palataan;1
1306;123/2024;2024_123_60;näihin;1
1306;123/2024;2024_123_60;vaihtoehtobudjetteihin;1
1306;123/2024;2024_123_60;kyllä;2
1306;123/2024;2024_123_60;ajattelen;1
1306;123/2024;2024_123_60;että;9
1306;123/2024;2024_123_60;eduskuntatyö;1
1306;123/2024;2024_123_60;vakavaa;2
1306;123/2024;2024_123_60;työtä;2
1306;123/2024;2024_123_60;puoluetyö;1
1306;123/2024;2024_123_60;puolueiden;1
1306;123/2024;2024_123_60;tulisi;1
1306;123/2024;2024_123_60;pystyä;1
1306;123/2024;2024_123_60;tarjoamaan;1
1306;123/2024;2024_123_60;uskottavia;1
1306;123/2024;2024_123_60;vaihtoehtoja;1
1306;123/2024;2024_123_60;silloin;6
1306;123/2024;2024_123_60;sopii;1
1306;123/2024;2024_123_60;edellyttää;1
1306;123/2024;2024_123_60;sitä;2
1306;123/2024;2024_123_60;politiikka;1
1306;123/2024;2024_123_60;jota;1
1306;123/2024;2024_123_60;ääneen;1
1306;123/2024;2024_123_60;salissa;1
1306;123/2024;2024_123_60;lausuu;1
1306;123/2024;2024_123_60;ne;3
1306;123/2024;2024_123_60;asiat;2
1306;123/2024;2024_123_60;joita;2
1306;123/2024;2024_123_60;voimakkaasti;1
1306;123/2024;2024_123_60;vastustaa;1
1306;123/2024;2024_123_60;joiden;1
1306;123/2024;2024_123_60;kautta;1
1306;123/2024;2024_123_60;agitoinut;1
1306;123/2024;2024_123_60;kohtalaista;1
1306;123/2024;2024_123_60;vastustusta;1
1306;123/2024;2024_123_60;yhteiskunnassamme;1
1306;123/2024;2024_123_60;muutenkin;1
1306;123/2024;2024_123_60;sitten;1
1306;123/2024;2024_123_60;näkyisivät;1
1306;123/2024;2024_123_60;konkreettisesti;1
1306;123/2024;2024_123_60;niistä;2
1306;123/2024;2024_123_60;esityksistä;1
1306;123/2024;2024_123_60;tänne;1
1306;123/2024;2024_123_60;tuo;1
1306;123/2024;2024_123_60;koska;2
1306;123/2024;2024_123_60;elleivät;1
1306;123/2024;2024_123_60;näy;1
1306;123/2024;2024_123_60;kyllähän;1
1306;123/2024;2024_123_60;jokainen;1
1306;123/2024;2024_123_60;ymmärtää;1
1306;123/2024;2024_123_60;siltä;1
1306;123/2024;2024_123_60;kokonaisvaihtoehdon;1
1306;123/2024;2024_123_60;uskottavuudelta;1
1306;123/2024;2024_123_60;putoaa;1
1306;123/2024;2024_123_60;pohja;1
1306;123/2024;2024_123_60;ei;2
1306;123/2024;2024_123_60;enää;1
1306;123/2024;2024_123_60;voi;2
1306;123/2024;2024_123_60;puhua;1
1306;123/2024;2024_123_60;ratkaisuista;1
1306;123/2024;2024_123_60;puhuu;1
1306;123/2024;2024_123_60;politiikasta;1
1306;123/2024;2024_123_60;positiivisessa;1
1306;123/2024;2024_123_60;mielessä;2
1306;123/2024;2024_123_60;positiivisiakin;1
1306;123/2024;2024_123_60;siihen;2
1306;123/2024;2024_123_60;liittyy;1
1306;123/2024;2024_123_60;vaan;1
1306;123/2024;2024_123_60;pikemminkin;1
1306;123/2024;2024_123_60;negatiivisessa;1
1306;123/2024;2024_123_60;eli;2
1306;123/2024;2024_123_60;toivon;1
1306;123/2024;2024_123_60;tässä;1
1306;123/2024;2024_123_60;puolueet;1
1306;123/2024;2024_123_60;näkisivät;1
1306;123/2024;2024_123_60;vastuunsa;1
1306;123/2024;2024_123_60;toki;1
1306;123/2024;2024_123_60;ilmaa;1
1306;123/2024;2024_123_60;muuallakin;1
1306;123/2024;2024_123_60;sinänsä;1
1306;123/2024;2024_123_60;yhdyn;1
1306;123/2024;2024_123_60;näkökulmaan;1
1306;123/2024;2024_123_60;siitä;1
1306;123/2024;2024_123_60;vihreiden;1
1306;123/2024;2024_123_60;vasemmistoliiton;1
1306;123/2024;2024_123_60;budjeteissa;1
1306;123/2024;2024_123_60;eniten;1
1306;123/2024;2024_123_60;realismia;1
1306;123/2024;2024_123_60;joskaan;1
1306;123/2024;2024_123_60;minäkään;1
1306;123/2024;2024_123_60;en;1
1306;123/2024;2024_123_60;usko;1
1306;123/2024;2024_123_60;miljoonan;2
1306;123/2024;2024_123_60;panostuksella;1
1306;123/2024;2024_123_60;harmaaseen;1
1306;123/2024;2024_123_60;talouteen;1
1306;123/2024;2024_123_60;saadaan;1
1306;123/2024;2024_123_60;voitot;1
1306;123/2024;2024_123_60;edustaja;1
1306;123/2024;2024_123_60;kymäläinen;1
1306;123/2024;2024_123_60;puhui;1
1306;123/2024;2024_123_60;ammatillisesta;1
1306;123/2024;2024_123_60;koulutuksesta;1
1306;123/2024;2024_123_60;malli;1
1306;123/2024;2024_123_60;perustuu;1
1306;123/2024;2024_123_60;mitä;1
1306;123/2024;2024_123_60;enemmän;2
1306;123/2024;2024_123_60;aikuiskoulutettavia;1
1306;123/2024;2024_123_60;toista;1
1306;123/2024;2024_123_60;tai;1
1306;123/2024;2024_123_60;kolmatta;1
1306;123/2024;2024_123_60;tutkintoa;1
1306;123/2024;2024_123_60;suorittavia;1
1306;123/2024;2024_123_60;rahoitus;1
1306;123/2024;2024_123_60;vähenee;1
1306;123/2024;2024_123_60;niitä;1
1306;123/2024;2024_123_60;vuosia;1
1306;123/2024;2024_123_60;suomessa;1
1306;123/2024;2024_123_60;vähennetään;1
1306;123/2024;2024_123_60;tämän;1
1306;123/2024;2024_123_60;eteläkarjalaisen;1
1306;123/2024;2024_123_60;ammattioppilaitoksen;1
1306;123/2024;2024_123_60;opiskelijajakauma;1
1306;123/2024;2024_123_60;tällainen;1
1306;123/2024;2024_123_60;vaikutus;1
1306;123/2024;2024_123_60;valitettavasti;1
1306;123/2024;2024_123_60;isompi;1
1306;123/2024;2024_123_60;muuten;1
1306;123/2024;2024_123_60;koputtaa;1
1306;123/2024;2024_123_60;ymmärrän;1
1306;123/2024;2024_123_60;tämä;1
1306;123/2024;2024_123_60;tuoda;1
1306;123/2024;2024_123_60;haastetta;1
1306;123/2024;2024_123_60;johtuu;1
1306;123/2024;2024_123_60;nimenomaan;1
1306;123/2024;2024_123_60;opiskelijajakaumasta;1
1306;137/2024;2024_137_24;arvoisa;1
1306;137/2024;2024_137_24;puhemies;1
1306;137/2024;2024_137_24;ärade;1
1306;137/2024;2024_137_24;talman;1
1306;137/2024;2024_137_24;haluan;1
1306;137/2024;2024_137_24;aluksi;1
1306;137/2024;2024_137_24;kiittää;1
1306;137/2024;2024_137_24;valiokuntia;1
1306;137/2024;2024_137_24;siitä;1
1306;137/2024;2024_137_24;työstä;1
1306;137/2024;2024_137_24;jonka;1
1306;137/2024;2024_137_24;olette;1
1306;137/2024;2024_137_24;tehneet;1
1306;137/2024;2024_137_24;ensi;1
1306;137/2024;2024_137_24;vuoden;1
1306;137/2024;2024_137_24;talousarvioesitykseen;1
1306;137/2024;2024_137_24;liittyen;1
1306;137/2024;2024_137_24;opetus;1
1306;137/2024;2024_137_24;ja;3
1306;137/2024;2024_137_24;kulttuuriministeriön;1
1306;137/2024;2024_137_24;tärkeimmät;1
1306;137/2024;2024_137_24;uudistukset;2
1306;137/2024;2024_137_24;panostukset;1
1306;137/2024;2024_137_24;tämän;1
1306;137/2024;2024_137_24;hallituskauden;1
1306;137/2024;2024_137_24;aikana;1
1306;137/2024;2024_137_24;ovat;1
1306;137/2024;2024_137_24;olleet;1
1306;137/2024;2024_137_24;valiokunnassa;1
1306;137/2024;2024_137_24;käsiteltävänä;1
1306;137/2024;2024_137_24;tänä;1
1306;137/2024;2024_137_24;syksynä;1
1306;137/2024;2024_137_24;on;1
1306;137/2024;2024_137_24;hienoa;1
1306;137/2024;2024_137_24;että;1
1306;137/2024;2024_137_24;nämä;1
1306;137/2024;2024_137_24;nyt;1
1306;137/2024;2024_137_24;etenevät;1
1306;137/2024;2024_137_24;osa;1
1306;137/2024;2024_137_24;niistä;1
1306;137/2024;2024_137_24;jopa;1
1306;137/2024;2024_137_24;yksimielisesti;1
1306;137/2024;2024_137_81;arvoisa;1
1306;137/2024;2024_137_81;puhemies;2
1306;137/2024;2024_137_81;kiitos;1
1306;137/2024;2024_137_81;kysymyksistä;1
1306;137/2024;2024_137_81;tässä;3
1306;137/2024;2024_137_81;on;13
1306;137/2024;2024_137_81;muutama;1
1306;137/2024;2024_137_81;kokonaisuus;2
1306;137/2024;2024_137_81;noussut;1
1306;137/2024;2024_137_81;esille;1
1306;137/2024;2024_137_81;toisaalta;2
1306;137/2024;2024_137_81;ammatillinen;2
1306;137/2024;2024_137_81;koulutus;2
1306;137/2024;2024_137_81;oppimisen;1
1306;137/2024;2024_137_81;tuki;1
1306;137/2024;2024_137_81;työrauha;1
1306;137/2024;2024_137_81;koulussa;1
1306;137/2024;2024_137_81;rahoitus;2
1306;137/2024;2024_137_81;noin;1
1306;137/2024;2024_137_81;yleisellä;1
1306;137/2024;2024_137_81;tasolla;2
1306;137/2024;2024_137_81;ensin;1
1306;137/2024;2024_137_81;ammatillisesta;1
1306;137/2024;2024_137_81;koulutuksesta;2
1306;137/2024;2024_137_81;josta;1
1306;137/2024;2024_137_81;moni;4
1306;137/2024;2024_137_81;edustaja;1
1306;137/2024;2024_137_81;kysyi;1
1306;137/2024;2024_137_81;eloranta;1
1306;137/2024;2024_137_81;razmyar;1
1306;137/2024;2024_137_81;kettunen;1
1306;137/2024;2024_137_81;oinas-panuma;1
1306;137/2024;2024_137_81;ja;7
1306;137/2024;2024_137_81;muu;1
1306;137/2024;2024_137_81;te;1
1306;137/2024;2024_137_81;tiedätte;1
1306;137/2024;2024_137_81;miten;4
1306;137/2024;2024_137_81;tämä;3
1306;137/2024;2024_137_81;säästötoimi;1
1306;137/2024;2024_137_81;rakennettu;1
1306;137/2024;2024_137_81;se;16
1306;137/2024;2024_137_81;miljoonan;2
1306;137/2024;2024_137_81;kokonaisrahoitus;1
1306;137/2024;2024_137_81;sen;4
1306;137/2024;2024_137_81;jälkeen;3
1306;137/2024;2024_137_81;ensi;1
1306;137/2024;2024_137_81;vuonna;2
1306;137/2024;2024_137_81;kutakuinkin;1
1306;137/2024;2024_137_81;samalla;1
1306;137/2024;2024_137_81;kuin;1
1306;137/2024;2024_137_81;viime;1
1306;137/2024;2024_137_81;mutta;5
1306;137/2024;2024_137_81;selvää;1
1306;137/2024;2024_137_81;että;10
1306;137/2024;2024_137_81;näkyy;3
1306;137/2024;2024_137_81;arjessa;1
1306;137/2024;2024_137_81;pitkälti;1
1306;137/2024;2024_137_81;koulutuksen;2
1306;137/2024;2024_137_81;järjestäjän;1
1306;137/2024;2024_137_81;järjestelyiden;1
1306;137/2024;2024_137_81;varassa;1
1306;137/2024;2024_137_81;laskennallisestihan;1
1306;137/2024;2024_137_81;tapahtuu;1
1306;137/2024;2024_137_81;niin;4
1306;137/2024;2024_137_81;vähennetään;2
1306;137/2024;2024_137_81;opiskelijavuosia;1
1306;137/2024;2024_137_81;siitä;1
1306;137/2024;2024_137_81;osuudesta;1
1306;137/2024;2024_137_81;joka;1
1306;137/2024;2024_137_81;kohdistuu;1
1306;137/2024;2024_137_81;toista;1
1306;137/2024;2024_137_81;tai;2
1306;137/2024;2024_137_81;kolmatta;1
1306;137/2024;2024_137_81;tutkintoa;1
1306;137/2024;2024_137_81;tekeviin;1
1306;137/2024;2024_137_81;eli;3
1306;137/2024;2024_137_81;laskennallisesti;1
1306;137/2024;2024_137_81;suojataan;1
1306;137/2024;2024_137_81;oppivelvollisuuden;2
1306;137/2024;2024_137_81;parissa;1
1306;137/2024;2024_137_81;olevat;1
1306;137/2024;2024_137_81;sisäänottomääriä;1
1306;137/2024;2024_137_81;käytännössä;1
1306;137/2024;2024_137_81;kautta;2
1306;137/2024;2024_137_81;saadaan;1
1306;137/2024;2024_137_81;resurssit;1
1306;137/2024;2024_137_81;kohdennettua;1
1306;137/2024;2024_137_81;tarkoittaa;2
1306;137/2024;2024_137_81;tietenkin;2
1306;137/2024;2024_137_81;vaikuttaa;1
1306;137/2024;2024_137_81;eri;2
1306;137/2024;2024_137_81;opetuksen;1
1306;137/2024;2024_137_81;järjestäjiin;1
1306;137/2024;2024_137_81;hieman;1
1306;137/2024;2024_137_81;tavalla;1
1306;137/2024;2024_137_81;jos;1
1306;137/2024;2024_137_81;toimi;1
1306;137/2024;2024_137_81;osuu;2
1306;137/2024;2024_137_81;kohdalle;1
1306;137/2024;2024_137_81;sitten;4
1306;137/2024;2024_137_81;vaikutus;1
1306;137/2024;2024_137_81;voi;3
1306;137/2024;2024_137_81;olla;3
1306;137/2024;2024_137_81;aika;1
1306;137/2024;2024_137_81;iso;2
1306;137/2024;2024_137_81;etelä-karjalan;1
1306;137/2024;2024_137_81;ammattioppilaitos;1
1306;137/2024;2024_137_81;ollut;1
1306;137/2024;2024_137_81;yhtenä;1
1306;137/2024;2024_137_81;esimerkkinä;1
1306;137/2024;2024_137_81;siihen;4
1306;137/2024;2024_137_81;nyt;2
1306;137/2024;2024_137_81;sekä;2
1306;137/2024;2024_137_81;vähennys;1
1306;137/2024;2024_137_81;ulkopuolella;1
1306;137/2024;2024_137_81;oleviin;1
1306;137/2024;2024_137_81;määräaikainen;1
1306;137/2024;2024_137_81;perushoitajakoulutuksen;1
1306;137/2024;2024_137_81;loppuminen;1
1306;137/2024;2024_137_81;siellä;1
1306;137/2024;2024_137_81;toteutuma;1
1306;137/2024;2024_137_81;oli;1
1306;137/2024;2024_137_81;selvästi;1
1306;137/2024;2024_137_81;alle;1
1306;137/2024;2024_137_81;tavoitteen;1
1306;137/2024;2024_137_81;oppivuosien;1
1306;137/2024;2024_137_81;määrässä;1
1306;137/2024;2024_137_81;mikä;1
1306;137/2024;2024_137_81;sitä;2
1306;137/2024;2024_137_81;vastaavasti;2
1306;137/2024;2024_137_81;supistuu;1
1306;137/2024;2024_137_81;kun;3
1306;137/2024;2024_137_81;nämä;3
1306;137/2024;2024_137_81;kolme;1
1306;137/2024;2024_137_81;asiaa;1
1306;137/2024;2024_137_81;samanaikaisesti;1
1306;137/2024;2024_137_81;kohdistuvat;1
1306;137/2024;2024_137_81;yhteen;1
1306;137/2024;2024_137_81;muutos;1
1306;137/2024;2024_137_81;valitettavasti;1
1306;137/2024;2024_137_81;varsin;1
1306;137/2024;2024_137_81;isossa;1
1306;137/2024;2024_137_81;kuvassa;1
1306;137/2024;2024_137_81;ammatillisen;1
1306;137/2024;2024_137_81;haaste;1
1306;137/2024;2024_137_81;ei;2
1306;137/2024;2024_137_81;niinkään;1
1306;137/2024;2024_137_81;ole;3
1306;137/2024;2024_137_81;etteikö;1
1306;137/2024;2024_137_81;opiskelijoita;1
1306;137/2024;2024_137_81;tarpeeksi;2
1306;137/2024;2024_137_81;etteivät;1
1306;137/2024;2024_137_81;volyymit;1
1306;137/2024;2024_137_81;olisi;1
1306;137/2024;2024_137_81;isoja;1
1306;137/2024;2024_137_81;vaan;1
1306;137/2024;2024_137_81;kouluttaudutaan;1
1306;137/2024;2024_137_81;aloille;2
1306;137/2024;2024_137_81;joissa;2
1306;137/2024;2024_137_81;työllisyys;1
1306;137/2024;2024_137_81;prosenttia;2
1306;137/2024;2024_137_81;lähemmäs;1
1306;137/2024;2024_137_81;kohtaanto-ongelma;1
1306;137/2024;2024_137_81;no;1
1306;137/2024;2024_137_81;tähän;2
1306;137/2024;2024_137_81;pyritään;2
1306;137/2024;2024_137_81;puuttumaan;2
1306;137/2024;2024_137_81;tämän;1
1306;137/2024;2024_137_81;toiminnanohjauskokeilun;1
1306;137/2024;2024_137_81;jolla;2
1306;137/2024;2024_137_81;annetaan;1
1306;137/2024;2024_137_81;vapauksia;1
1306;137/2024;2024_137_81;paremmin;1
1306;137/2024;2024_137_81;vastata;1
1306;137/2024;2024_137_81;alueelliseen;1
1306;137/2024;2024_137_81;tarpeeseen;1
1306;137/2024;2024_137_81;kehotetaan;1
1306;137/2024;2024_137_81;yritysyhteistyöhön;1
1306;137/2024;2024_137_81;rahoituksessa;2
1306;137/2024;2024_137_81;suoriutuu;1
1306;137/2024;2024_137_81;työllistyy;1
1306;137/2024;2024_137_81;kaikki;1
1306;137/2024;2024_137_81;antavat;1
1306;137/2024;2024_137_81;avaimia;1
1306;137/2024;2024_137_81;näitten;2
1306;137/2024;2024_137_81;opetusta;1
1306;137/2024;2024_137_81;järjestävien;1
1306;137/2024;2024_137_81;käsiin;1
1306;137/2024;2024_137_81;jolloin;1
1306;137/2024;2024_137_81;ne;1
1306;137/2024;2024_137_81;voivat;1
1306;137/2024;2024_137_81;parantaa;3
1306;137/2024;2024_137_81;omaa;1
1306;137/2024;2024_137_81;tilannettaan;1
1306;137/2024;2024_137_81;myöskin;5
1306;137/2024;2024_137_81;rahoituksen;1
1306;137/2024;2024_137_81;muodossa;1
1306;137/2024;2024_137_81;ajattelen;2
1306;137/2024;2024_137_81;opiskelijoiden;1
1306;137/2024;2024_137_81;motivaatiota;1
1306;137/2024;2024_137_81;suoriutumista;1
1306;137/2024;2024_137_81;kouluissa;1
1306;137/2024;2024_137_81;työllisyysnäkymät;1
1306;137/2024;2024_137_81;ovat;1
1306;137/2024;2024_137_81;paremmat;1
1306;137/2024;2024_137_81;vielä;1
1306;137/2024;2024_137_81;lisätään;1
1306;137/2024;2024_137_81;tuen;1
1306;137/2024;2024_137_81;lisääminen;1
1306;137/2024;2024_137_81;panostus;1
1306;137/2024;2024_137_81;kyllä;1
1306;137/2024;2024_137_81;monella;1
1306;137/2024;2024_137_81;tapaa;1
1306;137/2024;2024_137_81;voittajana;1
1306;137/2024;2024_137_81;uudistusten;1
1306;137/2024;2024_137_81;luonnonvara-koulutus;1
1306;137/2024;2024_137_81;me;1
1306;137/2024;2024_137_81;ollaan;1
1306;137/2024;2024_137_81;tunnistettu;2
1306;137/2024;2024_137_81;ongelmat;1
1306;137/2024;2024_137_81;jotka;1
1306;137/2024;2024_137_81;osin;1
1306;137/2024;2024_137_81;liittyvät;1
1306;137/2024;2024_137_81;meillä;2
1306;137/2024;2024_137_81;tällä;1
1306;137/2024;2024_137_81;hetkellä;1
1306;137/2024;2024_137_81;ihan;1
1306;137/2024;2024_137_81;optimaalista;1
1306;137/2024;2024_137_81;dataa;2
1306;137/2024;2024_137_81;tätä;2
1306;137/2024;2024_137_81;rahoitusta;1
1306;137/2024;2024_137_81;voidaan;1
1306;137/2024;2024_137_81;jakaa;1
1306;137/2024;2024_137_81;korien;1
1306;137/2024;2024_137_81;määrää;1
1306;137/2024;2024_137_81;lisättiin;1
1306;137/2024;2024_137_81;koputtaa;1
1306;137/2024;2024_137_81;osaltaan;1
1306;137/2024;2024_137_81;tilannetta;1
1306;137/2024;2024_137_81;ilmeinen;1
1306;137/2024;2024_137_81;tarve;1
1306;137/2024;2024_137_81;katsoa;1
1306;137/2024;2024_137_81;mahdollisesti;1
1306;137/2024;2024_137_81;harkinnanvaraisin;1
1306;137/2024;2024_137_81;lisäyksin;1
1306;137/2024;2024_137_81;kunnes;1
1306;137/2024;2024_137_81;parempaa;1
1306;137/2024;2024_137_81;tarjolla;1
1306;137/2024;2024_137_81;muutaman;1
1306;137/2024;2024_137_81;vuoden;1
1306;137/2024;2024_137_81;kuluttua;1
1306;137/2024;2024_137_81;ongelma;1
1306;137/2024;2024_137_81;loput;1
1306;137/2024;2024_137_81;kysymykset;1
1306;137/2024;2024_137_81;jäävät;1
1306;137/2024;2024_137_81;ehkä;1
1306;137/2024;2024_137_81;seuraavalle;1
1306;137/2024;2024_137_81;kerralle;1
1306;137/2024;2024_137_81;pia;1
1306;137/2024;2024_137_81;lohikoski;1
1306;137/2024;2024_137_81;lähiopetuksen;1
1306;137/2024;2024_137_81;määrä;1
1306;137/2024;2024_137_143;arvoisa;1
1306;137/2024;2024_137_143;puhemies;2
1306;137/2024;2024_137_143;ärade;1
1306;137/2024;2024_137_143;talman;1
1306;137/2024;2024_137_143;kiitos;1
1306;137/2024;2024_137_143;kysymyksestä;1
1306;137/2024;2024_137_143;ja;15
1306;137/2024;2024_137_143;keskustelusta;2
1306;137/2024;2024_137_143;palaan;1
1306;137/2024;2024_137_143;myöskin;10
1306;137/2024;2024_137_143;viime;1
1306;137/2024;2024_137_143;kierroksella;1
1306;137/2024;2024_137_143;esitettyihin;1
1306;137/2024;2024_137_143;keskusteluihin;1
1306;137/2024;2024_137_143;puhuttiin;1
1306;137/2024;2024_137_143;koulussa;1
1306;137/2024;2024_137_143;viihtymisestä;1
1306;137/2024;2024_137_143;kiusaamisesta;1
1306;137/2024;2024_137_143;tähänkin;1
1306;137/2024;2024_137_143;liittyen;1
1306;137/2024;2024_137_143;on;22
1306;137/2024;2024_137_143;käynnistynyt;1
1306;137/2024;2024_137_143;työ;1
1306;137/2024;2024_137_143;yhdenvertaisuuden;1
1306;137/2024;2024_137_143;tasa-arvon;1
1306;137/2024;2024_137_143;kehittämisohjelmasta;1
1306;137/2024;2024_137_143;koko;1
1306;137/2024;2024_137_143;koulupolulla;1
1306;137/2024;2024_137_143;piidin;1
1306;137/2024;2024_137_143;siitä;7
1306;137/2024;2024_137_143;laajan;1
1306;137/2024;2024_137_143;pyöreän;1
1306;137/2024;2024_137_143;pöydän;1
1306;137/2024;2024_137_143;keskustelun;1
1306;137/2024;2024_137_143;tässä;6
1306;137/2024;2024_137_143;jokunen;1
1306;137/2024;2024_137_143;viikko;1
1306;137/2024;2024_137_143;siten;1
1306;137/2024;2024_137_143;jossa;1
1306;137/2024;2024_137_143;oli;3
1306;137/2024;2024_137_143;laajasti;1
1306;137/2024;2024_137_143;kansalaisjärjestöjä;2
1306;137/2024;2024_137_143;mukana;1
1306;137/2024;2024_137_143;eri;1
1306;137/2024;2024_137_143;vähemmistöryhmiä;1
1306;137/2024;2024_137_143;edustavia;1
1306;137/2024;2024_137_143;tarkoitus;3
1306;137/2024;2024_137_143;saada;1
1306;137/2024;2024_137_143;kohtapuolin;1
1306;137/2024;2024_137_143;valmiiksi;1
1306;137/2024;2024_137_143;ohjelma;1
1306;137/2024;2024_137_143;jolla;1
1306;137/2024;2024_137_143;pyritään;2
1306;137/2024;2024_137_143;tuomaan;1
1306;137/2024;2024_137_143;keinoja;2
1306;137/2024;2024_137_143;kouluun;1
1306;137/2024;2024_137_143;jotta;1
1306;137/2024;2024_137_143;yhdenvertaisuutta;1
1306;137/2024;2024_137_143;tasa-arvotyötä;1
1306;137/2024;2024_137_143;voitaisiin;1
1306;137/2024;2024_137_143;edistää;2
1306;137/2024;2024_137_143;kännykästä;1
1306;137/2024;2024_137_143;keskustelua;4
1306;137/2024;2024_137_143;yhdyn;1
1306;137/2024;2024_137_143;täysin;2
1306;137/2024;2024_137_143;salissa;1
1306;137/2024;2024_137_143;oleviin;1
1306;137/2024;2024_137_143;näkemyksiin;1
1306;137/2024;2024_137_143;että;16
1306;137/2024;2024_137_143;tämä;2
1306;137/2024;2024_137_143;tarpeellinen;1
1306;137/2024;2024_137_143;sitä;4
1306;137/2024;2024_137_143;tulee;1
1306;137/2024;2024_137_143;nopeasti;1
1306;137/2024;2024_137_143;edustaja;5
1306;137/2024;2024_137_143;zyskowicz;1
1306;137/2024;2024_137_143;pohti;1
1306;137/2024;2024_137_143;onko;1
1306;137/2024;2024_137_143;vielä;1
1306;137/2024;2024_137_143;lainsäädännöllisiä;1
1306;137/2024;2024_137_143;esteitä;1
1306;137/2024;2024_137_143;nähdäkseni;1
1306;137/2024;2024_137_143;ei;1
1306;137/2024;2024_137_143;ole;1
1306;137/2024;2024_137_143;se;11
1306;137/2024;2024_137_143;tosiaankin;2
1306;137/2024;2024_137_143;lausuntokierroksella;1
1306;137/2024;2024_137_143;antaa;1
1306;137/2024;2024_137_143;ennen;1
1306;137/2024;2024_137_143;vuodenvaihdetta;1
1306;137/2024;2024_137_143;eduskunnalle;1
1306;137/2024;2024_137_143;jos;1
1306;137/2024;2024_137_143;kaikki;2
1306;137/2024;2024_137_143;hallituksen;1
1306;137/2024;2024_137_143;sisällä;1
1306;137/2024;2024_137_143;sen;6
1306;137/2024;2024_137_143;prosessoinnin;1
1306;137/2024;2024_137_143;osalta;2
1306;137/2024;2024_137_143;menee;1
1306;137/2024;2024_137_143;suunnitellusti;1
1306;137/2024;2024_137_143;siinä;3
1306;137/2024;2024_137_143;mahdollisuus;1
1306;137/2024;2024_137_143;kieltää;1
1306;137/2024;2024_137_143;kännykät;1
1306;137/2024;2024_137_143;välitunneilla;1
1306;137/2024;2024_137_143;eli;5
1306;137/2024;2024_137_143;määrätään;1
1306;137/2024;2024_137_143;koulua;1
1306;137/2024;2024_137_143;järjestyssäännöissä;1
1306;137/2024;2024_137_143;ottamaan;1
1306;137/2024;2024_137_143;kantaa;1
1306;137/2024;2024_137_143;tähän;1
1306;137/2024;2024_137_143;asiaan;1
1306;137/2024;2024_137_143;mahdollista;1
1306;137/2024;2024_137_143;seppänen;1
1306;137/2024;2024_137_143;toi;1
1306;137/2024;2024_137_143;esille;1
1306;137/2024;2024_137_143;tämän;1
1306;137/2024;2024_137_143;sosiaalisen;1
1306;137/2024;2024_137_143;ulottuvuuden;1
1306;137/2024;2024_137_143;itse;1
1306;137/2024;2024_137_143;pidän;1
1306;137/2024;2024_137_143;henkilökohtaisesti;1
1306;137/2024;2024_137_143;hyvin;1
1306;137/2024;2024_137_143;tärkeänä;1
1306;137/2024;2024_137_143;tärkeätä;1
1306;137/2024;2024_137_143;käydään;1
1306;137/2024;2024_137_143;kasvotusten;1
1306;137/2024;2024_137_143;ettei;1
1306;137/2024;2024_137_143;synny;1
1306;137/2024;2024_137_143;tilannetta;1
1306;137/2024;2024_137_143;kokee;1
1306;137/2024;2024_137_143;voivansa;1
1306;137/2024;2024_137_143;lähettää;1
1306;137/2024;2024_137_143;viestin;1
1306;137/2024;2024_137_143;joka;2
1306;137/2024;2024_137_143;potentiaalisesti;1
1306;137/2024;2024_137_143;loukkaa;1
1306;137/2024;2024_137_143;toista;2
1306;137/2024;2024_137_143;puolta;1
1306;137/2024;2024_137_143;sitten;3
1306;137/2024;2024_137_143;vain;1
1306;137/2024;2024_137_143;poistua;1
1306;137/2024;2024_137_143;sulkemalla;1
1306;137/2024;2024_137_143;puhelin;1
1306;137/2024;2024_137_143;seuraukset;1
1306;137/2024;2024_137_143;omista;1
1306;137/2024;2024_137_143;sanoistaan;1
1306;137/2024;2024_137_143;pitää;2
1306;137/2024;2024_137_143;pystyä;1
1306;137/2024;2024_137_143;kantamaan;1
1306;137/2024;2024_137_143;sillä;1
1306;137/2024;2024_137_143;tavalla;1
1306;137/2024;2024_137_143;kehitetään;1
1306;137/2024;2024_137_143;niitä;2
1306;137/2024;2024_137_143;sosiaalisia;1
1306;137/2024;2024_137_143;vuorovaikutustaitoja;1
1306;137/2024;2024_137_143;mikä;2
1306;137/2024;2024_137_143;myös;1
1306;137/2024;2024_137_143;koulun;2
1306;137/2024;2024_137_143;keskeinen;1
1306;137/2024;2024_137_143;tehtävä;1
1306;137/2024;2024_137_143;näkökulmasta;2
1306;137/2024;2024_137_143;toivon;2
1306;137/2024;2024_137_143;tietenkin;5
1306;137/2024;2024_137_143;koulut;1
1306;137/2024;2024_137_143;ottavat;1
1306;137/2024;2024_137_143;käyttöön;2
1306;137/2024;2024_137_143;mahdollisuuden;2
1306;137/2024;2024_137_143;rahoittaa;1
1306;137/2024;2024_137_143;välituntien;1
1306;137/2024;2024_137_143;aikana;2
1306;137/2024;2024_137_143;ollut;2
1306;137/2024;2024_137_143;ammattikoulusta;1
1306;137/2024;2024_137_143;ovaska;2
1306;137/2024;2024_137_143;puhui;1
1306;137/2024;2024_137_143;kohdistuksesta;2
1306;137/2024;2024_137_143;jouni;1
1306;137/2024;2024_137_143;kysyin;1
1306;137/2024;2024_137_143;kysyitte;1
1306;137/2024;2024_137_143;rahoitus;2
1306;137/2024;2024_137_143;kohdistuu;1
1306;137/2024;2024_137_143;nimenomaan;2
1306;137/2024;2024_137_143;näihin;2
1306;137/2024;2024_137_143;meillä;3
1306;137/2024;2024_137_143;nyt;1
1306;137/2024;2024_137_143;opiskelijavuotta;1
1306;137/2024;2024_137_143;tällä;1
1306;137/2024;2024_137_143;hetkellä;1
1306;137/2024;2024_137_143;jotka;1
1306;137/2024;2024_137_143;kohdistuvat;1
1306;137/2024;2024_137_143;tai;1
1306;137/2024;2024_137_143;kolmatta;1
1306;137/2024;2024_137_143;tutkintoaan;1
1306;137/2024;2024_137_143;tekeviin;1
1306;137/2024;2024_137_143;niistä;2
1306;137/2024;2024_137_143;vähennetään;1
1306;137/2024;2024_137_143;noin;2
1306;137/2024;2024_137_143;vajaat;1
1306;137/2024;2024_137_143;jää;1
1306;137/2024;2024_137_143;jäljelle;1
1306;137/2024;2024_137_143;merkittävä;1
1306;137/2024;2024_137_143;määrä;3
1306;137/2024;2024_137_143;mutta;2
1306;137/2024;2024_137_143;niin;3
1306;137/2024;2024_137_143;tilat;1
1306;137/2024;2024_137_143;resurssit;1
1306;137/2024;2024_137_143;ovat;1
1306;137/2024;2024_137_143;jaetut;1
1306;137/2024;2024_137_143;muu;1
1306;137/2024;2024_137_143;olisi;2
1306;137/2024;2024_137_143;tehokkuuden;1
1306;137/2024;2024_137_143;hyvinkin;1
1306;137/2024;2024_137_143;epätarkoituksenmukaista;1
1306;137/2024;2024_137_143;tarkoittaa;2
1306;137/2024;2024_137_143;omilla;1
1306;137/2024;2024_137_143;päätöksillä;1
1306;137/2024;2024_137_143;kohdistus;1
1306;137/2024;2024_137_143;hoidetaan;1
1306;137/2024;2024_137_143;voi;1
1306;137/2024;2024_137_143;onnistua;1
1306;137/2024;2024_137_143;optimaalisesti;2
1306;137/2024;2024_137_143;ehkä;1
1306;137/2024;2024_137_143;jossain;1
1306;137/2024;2024_137_143;vähemmän;1
1306;137/2024;2024_137_143;niillä;1
1306;137/2024;2024_137_143;paikallisilla;1
1306;137/2024;2024_137_143;toimilla;1
1306;137/2024;2024_137_143;ratkaiseva;1
1306;137/2024;2024_137_143;vaikutus;1
1306;137/2024;2024_137_143;jatkuvasta;1
1306;137/2024;2024_137_143;oppimisesta;1
1306;137/2024;2024_137_143;tarkoitushan;1
1306;137/2024;2024_137_143;kun;3
1306;137/2024;2024_137_143;halutaan;1
1306;137/2024;2024_137_143;välttää;1
1306;137/2024;2024_137_143;näitä;1
1306;137/2024;2024_137_143;päällekkäisyyksiä;1
1306;137/2024;2024_137_143;lähdettäisiin;1
1306;137/2024;2024_137_143;kehittämään;1
1306;137/2024;2024_137_143;pienempiä;1
1306;137/2024;2024_137_143;opintokokonaisuuksia;1
1306;137/2024;2024_137_143;joilla;1
1306;137/2024;2024_137_143;saadaan;1
1306;137/2024;2024_137_143;vaihtuva;1
1306;137/2024;2024_137_143;toki;2
1306;137/2024;2024_137_143;jatkuva;1
1306;137/2024;2024_137_143;tarve;1
1306;137/2024;2024_137_143;siis;1
1306;137/2024;2024_137_143;työelämä;2
1306;137/2024;2024_137_143;muuttumassa;1
1306;137/2024;2024_137_143;olla;1
1306;137/2024;2024_137_143;tarjota;1
1306;137/2024;2024_137_143;täydennyskoulutusta;1
1306;137/2024;2024_137_143;jota;1
1306;137/2024;2024_137_143;vaatii;1
1306;137/2024;2024_137_143;liikunnallisesta;1
1306;137/2024;2024_137_143;elämäntavasta;1
1306;137/2024;2024_137_143;strandman;1
1306;137/2024;2024_137_143;muun;1
1306;137/2024;2024_137_143;muassa;1
1306;137/2024;2024_137_143;kysyi;2
1306;137/2024;2024_137_143;päivittää;1
1306;137/2024;2024_137_143;kansallinen;1
1306;137/2024;2024_137_143;opetussuunnitelma;1
1306;137/2024;2024_137_143;takia;1
1306;137/2024;2024_137_143;tätä;3
1306;137/2024;2024_137_143;sovelletaan;1
1306;137/2024;2024_137_143;paikallisesti;1
1306;137/2024;2024_137_143;kautta;2
1306;137/2024;2024_137_143;toteutuu;1
1306;137/2024;2024_137_143;koulujen;1
1306;137/2024;2024_137_143;tasolla;1
1306;137/2024;2024_137_143;ammatillisen;1
1306;137/2024;2024_137_143;koulutuksen;1
1306;137/2024;2024_137_143;valinnoista;1
1306;137/2024;2024_137_143;siponen;1
1306;137/2024;2024_137_143;alueelliseen;1
1306;137/2024;2024_137_143;kattavuuteen;1
1306;137/2024;2024_137_143;kenttä;1
1306;137/2024;2024_137_143;mahdollisimman;1
1306;137/2024;2024_137_143;laaja;1
1306;137/2024;2024_137_143;kokeilua;1
1306;137/2024;2024_137_143;tullaan;1
1306;137/2024;2024_137_143;arvioimaan;1
1306;137/2024;2024_137_143;kokeilun;1
1306;137/2024;2024_137_143;siihen;1
1306;137/2024;2024_137_143;ajattelen;2
1306;137/2024;2024_137_143;voisi;1
1306;137/2024;2024_137_143;liittyä;1
1306;137/2024;2024_137_143;mitä;1
1306;137/2024;2024_137_143;ulkopuolelle;1
1306;137/2024;2024_137_143;jääminen;1
1306;137/2024;2024_137_143;pia;1
1306;137/2024;2024_137_143;lohikoski;1
1306;137/2024;2024_137_143;lähiopetuksen;2
1306;137/2024;2024_137_143;joissain;1
1306;137/2024;2024_137_143;ongelma;1
1306;137/2024;2024_137_143;paljon;1
1306;137/2024;2024_137_143;oppimisen;2
1306;137/2024;2024_137_143;tukeen;1
1306;137/2024;2024_137_143;panostetaan;1
1306;137/2024;2024_137_143;ammatillisessa;1
1306;137/2024;2024_137_143;koulutuksessa;1
1306;137/2024;2024_137_143;sekin;1
1306;137/2024;2024_137_143;osaltaan;1
1306;137/2024;2024_137_143;auttaa;1
1306;137/2024;2024_137_143;resursoinnissa;1
1306;137/2024;2024_137_143;puhuttu;1
1306;137/2024;2024_137_143;miten;1
1306;137/2024;2024_137_143;tällainen;1
1306;137/2024;2024_137_143;yleiskatteellinen;1
1306;137/2024;2024_137_143;jalkautuu;1
1306;137/2024;2024_137_143;kouluihin;1
1306;137/2024;2024_137_143;tuen;1
1306;137/2024;2024_137_143;viikko-oppituntia;1
1306;137/2024;2024_137_143;per;1
1306;137/2024;2024_137_143;opiskelija;1
1306;137/2024;2024_137_143;käytännössä;1
1306;137/2024;2024_137_143;velvoittaa;1
1306;137/2024;2024_137_143;kuntaa;1
1306;137/2024;2024_137_143;ohjaamaan;1
1306;137/2024;2024_137_143;rahoitusta;1
1306;137/2024;2024_137_143;puhutaan;1
1306;137/2024;2024_137_143;näistä;1
1306;137/2024;2024_137_143;lisätunneista;1
1306;137/2024;2024_137_143;monissa;1
1306;137/2024;2024_137_143;kunnissa;1
1306;137/2024;2024_137_143;lisätunteja;1
1306;137/2024;2024_137_143;jo;1
1306;137/2024;2024_137_143;käytössä;1
1306;137/2024;2024_137_143;koputtaa;1
1306;137/2024;2024_137_143;kunnat;1
1306;137/2024;2024_137_143;eivät;1
1306;137/2024;2024_137_143;näkisi;1
1306;137/2024;2024_137_143;mahdollisuutena;1
1306;137/2024;2024_137_143;pelkästään;1
1306;137/2024;2024_137_143;lisärahoitukselle;1
1306;137/2024;2024_137_143;vaan;1
1306;137/2024;2024_137_143;täysimääräisesti;1
1306;137/2024;2024_137_143;ottaisivat;1
1306;137/2024;2024_137_143;minkä;1
1306;137/2024;2024_137_143;tuo;1
1306;137/2024;2024_137_143;lisäisivät;1
1306;137/2024;2024_137_143;nämä;1
1306;137/2024;2024_137_143;kolme;1
1306;137/2024;2024_137_143;oppituntia;1
1306;137/2024;2024_137_143;alakouluun;1
1306;137/2024;2024_137_143;kokonaisuudessaan;1
1306;16/2025;2025_16_3;arvoisa;1
1306;16/2025;2025_16_3;puhemies;1
1306;16/2025;2025_16_3;ärade;1
1306;16/2025;2025_16_3;talman;1
1306;16/2025;2025_16_3;esitän;1
1306;16/2025;2025_16_3;tänään;1
1306;16/2025;2025_16_3;eduskunnalle;1
1306;16/2025;2025_16_3;säädettävän;1
1306;16/2025;2025_16_3;lain;1
1306;16/2025;2025_16_3;perusopetuslain;1
1306;16/2025;2025_16_3;muuttamisesta;1
1306;16/2025;2025_16_3;tällä;1
1306;16/2025;2025_16_3;esityksellä;3
1306;16/2025;2025_16_3;rajoitamme;1
1306;16/2025;2025_16_3;mobiililaitteiden;1
1306;16/2025;2025_16_3;käyttöä;1
1306;16/2025;2025_16_3;koulupäivän;1
1306;16/2025;2025_16_3;aikana;1
1306;16/2025;2025_16_3;lisäksi;1
1306;16/2025;2025_16_3;vahvistamme;2
1306;16/2025;2025_16_3;opettajien;1
1306;16/2025;2025_16_3;ja;4
1306;16/2025;2025_16_3;rehtoreiden;1
1306;16/2025;2025_16_3;toimivaltuutta;1
1306;16/2025;2025_16_3;puuttua;1
1306;16/2025;2025_16_3;opetusta;1
1306;16/2025;2025_16_3;häiritsevään;1
1306;16/2025;2025_16_3;mobiililaitteen;1
1306;16/2025;2025_16_3;käyttöön;1
1306;16/2025;2025_16_3;ben;1
1306;16/2025;2025_16_3;zyskowicz;1
1306;16/2025;2025_16_3;hyvä;1
1306;16/2025;2025_16_3;puhelimen;1
1306;16/2025;2025_16_3;käytön;1
1306;16/2025;2025_16_3;rajoittamisen;1
1306;16/2025;2025_16_3;tarkoituksena;1
1306;16/2025;2025_16_3;on;1
1306;16/2025;2025_16_3;vahvistaa;1
1306;16/2025;2025_16_3;parantaa;1
1306;16/2025;2025_16_3;oppilaiden;1
1306;16/2025;2025_16_3;keskittymistä;1
1306;16/2025;2025_16_3;opetukseen;1
1306;16/2025;2025_16_3;koulujen;2
1306;16/2025;2025_16_3;työrauhaa;1
1306;16/2025;2025_16_3;myös;3
1306;16/2025;2025_16_3;aluehallintovirastojen;1
1306;16/2025;2025_16_3;toimivaltuuksia;1
1306;16/2025;2025_16_3;laillisuusvalvonnassa;1
1306;16/2025;2025_16_3;siten;1
1306;16/2025;2025_16_3;että;1
1306;16/2025;2025_16_3;aluehallintovirastot;1
1306;16/2025;2025_16_3;voisivat;1
1306;16/2025;2025_16_3;ottaa;1
1306;16/2025;2025_16_3;oma-aloitteisesti;1
1306;16/2025;2025_16_3;tutkittavaksi;1
1306;16/2025;2025_16_3;onko;1
1306;16/2025;2025_16_3;perusopetuslaissa;1
1306;16/2025;2025_16_3;tarkoitettu;1
1306;16/2025;2025_16_3;opetus;1
1306;16/2025;2025_16_3;järjestetty;1
1306;16/2025;2025_16_3;lainmukaisesti;1
1306;16/2025;2025_16_3;edistämme;1
1306;16/2025;2025_16_3;liikunnallista;1
1306;16/2025;2025_16_3;elämäntapaa;1
1306;16/2025;2025_16_3;lisäämällä;1
1306;16/2025;2025_16_3;perusopetuslakiin;1
1306;16/2025;2025_16_3;esi;1
1306;16/2025;2025_16_3;perusopetuksen;1
1306;16/2025;2025_16_3;tavoitteeksi;1
1306;16/2025;2025_16_3;liikunnallisen;1
1306;16/2025;2025_16_3;elämäntavan;1
1306;16/2025;2025_16_3;edistämisen;1
1306;58/2025;2025_58_41;arvoisa;2
1306;58/2025;2025_58_41;puhemies;2
1306;58/2025;2025_58_41;ärade;1
1306;58/2025;2025_58_41;talman;1
1306;58/2025;2025_58_41;tuon;1
1306;58/2025;2025_58_41;eduskunnan;1
1306;58/2025;2025_58_41;käsittelyyn;1
1306;58/2025;2025_58_41;hallituksen;1
1306;58/2025;2025_58_41;esityksen;1
1306;58/2025;2025_58_41;jolla;1
1306;58/2025;2025_58_41;varhaiskasvatukseen;3
1306;58/2025;2025_58_41;esitetään;1
1306;58/2025;2025_58_41;omaa;1
1306;58/2025;2025_58_41;palvelusetelilakia;1
1306;58/2025;2025_58_41;varhaiskasvatuksessa;2
1306;58/2025;2025_58_41;sovelletaan;1
1306;58/2025;2025_58_41;nykyisin;3
1306;58/2025;2025_58_41;lakia;3
1306;58/2025;2025_58_41;sosiaali;4
1306;58/2025;2025_58_41;ja;7
1306;58/2025;2025_58_41;terveydenhuollon;3
1306;58/2025;2025_58_41;palvelusetelistä;3
1306;58/2025;2025_58_41;ei;3
1306;58/2025;2025_58_41;kuitenkaan;1
1306;58/2025;2025_58_41;ole;4
1306;58/2025;2025_58_41;tarkoituksenmukaista;1
1306;58/2025;2025_58_41;soveltaa;1
1306;58/2025;2025_58_41;enää;1
1306;58/2025;2025_58_41;sillä;2
1306;58/2025;2025_58_41;varhaiskasvatus;1
1306;58/2025;2025_58_41;terveydenhuoltoa;1
1306;58/2025;2025_58_41;eikä;2
1306;58/2025;2025_58_41;varhaiskasvatuksen;4
1306;58/2025;2025_58_41;järjestäminen;1
1306;58/2025;2025_58_41;kuulu;1
1306;58/2025;2025_58_41;hyvinvointialueiden;1
1306;58/2025;2025_58_41;vaan;1
1306;58/2025;2025_58_41;kuntien;2
1306;58/2025;2025_58_41;tehtävään;1
1306;58/2025;2025_58_41;lain;3
1306;58/2025;2025_58_41;tarkoituksena;1
1306;58/2025;2025_58_41;on;2
1306;58/2025;2025_58_41;palvelusetelin;4
1306;58/2025;2025_58_41;avulla;1
1306;58/2025;2025_58_41;lisätä;1
1306;58/2025;2025_58_41;perheen;1
1306;58/2025;2025_58_41;valinnan;1
1306;58/2025;2025_58_41;mahdollisuuksia;1
1306;58/2025;2025_58_41;lasten;1
1306;58/2025;2025_58_41;järjestämiseksi;1
1306;58/2025;2025_58_41;parantaa;1
1306;58/2025;2025_58_41;varhaiskasvatuspalvelujen;1
1306;58/2025;2025_58_41;saatavuutta;1
1306;58/2025;2025_58_41;edistää;1
1306;58/2025;2025_58_41;kunnan;2
1306;58/2025;2025_58_41;yksityisten;1
1306;58/2025;2025_58_41;palveluntuottajien;1
1306;58/2025;2025_58_41;yhteistyötä;1
1306;58/2025;2025_58_41;uusi;1
1306;58/2025;2025_58_41;laki;1
1306;58/2025;2025_58_41;vastaisi;1
1306;58/2025;2025_58_41;pääperiaatteiltaan;1
1306;58/2025;2025_58_41;aiemmin;1
1306;58/2025;2025_58_41;sovellettua;1
1306;58/2025;2025_58_41;annettua;1
1306;58/2025;2025_58_41;sisältäen;1
1306;58/2025;2025_58_41;tarvittavat;1
1306;58/2025;2025_58_41;toimialan;1
1306;58/2025;2025_58_41;täsmennykset;1
1306;58/2025;2025_58_41;arvon;3
1306;58/2025;2025_58_41;määrittämisessä;1
1306;58/2025;2025_58_41;huomioon;2
1306;58/2025;2025_58_41;otettavat;1
1306;58/2025;2025_58_41;lapseen;1
1306;58/2025;2025_58_41;liittyvät;1
1306;58/2025;2025_58_41;tekijät;1
1306;58/2025;2025_58_41;olisivat;1
1306;58/2025;2025_58_41;sovellettavaan;1
1306;58/2025;2025_58_41;lakiin;1
1306;58/2025;2025_58_41;nähden;1
1306;58/2025;2025_58_41;uusia;1
1306;58/2025;2025_58_41;mutta;1
1306;58/2025;2025_58_41;kunnat;1
1306;58/2025;2025_58_41;tiettävästi;1
1306;58/2025;2025_58_41;käyttävät;1
1306;58/2025;2025_58_41;niitä;1
1306;58/2025;2025_58_41;jo;1
1306;58/2025;2025_58_41;kohtuullisuutta;1
1306;58/2025;2025_58_41;arvioitaessa;1
1306;58/2025;2025_58_41;olisi;1
1306;58/2025;2025_58_41;edelleen;1
1306;58/2025;2025_58_41;otettava;1
1306;58/2025;2025_58_41;kustannukset;1
1306;58/2025;2025_58_41;jotka;1
1306;58/2025;2025_58_41;aiheutuvat;1
1306;58/2025;2025_58_41;kunnalle;1
1306;58/2025;2025_58_41;vastaavan;1
1306;58/2025;2025_58_41;toiminnan;1
1306;58/2025;2025_58_41;tuottamisesta;1
1306;58/2025;2025_58_41;omana;1
1306;58/2025;2025_58_41;tuotantona;1
1306;58/2025;2025_58_41;tai;1
1306;58/2025;2025_58_41;hankkimisesta;1
1306;58/2025;2025_58_41;ostopalveluna;1
1306;58/2025;2025_58_41;sekä;1
1306;58/2025;2025_58_41;palvelunkäyttäjän;1
1306;58/2025;2025_58_41;maksettavaksi;1
1306;58/2025;2025_58_41;jäävä;1
1306;58/2025;2025_58_41;arvioitu;1
1306;58/2025;2025_58_41;omavastuuosuus;1
1306;58/2025;2025_58_41;tämä;1
1306;58/2025;2025_58_41;mahdollistaa;1
1306;58/2025;2025_58_41;sen;1
1306;58/2025;2025_58_41;että;1
1306;58/2025;2025_58_41;kunta;2
1306;58/2025;2025_58_41;voi;1
1306;58/2025;2025_58_41;määrittää;1
1306;58/2025;2025_58_41;kuntakohtaisten;1
1306;58/2025;2025_58_41;kustannustekijöiden;1
1306;58/2025;2025_58_41;pohjalta;1
1306;58/2025;2025_58_41;kohtuullisuuden;1
1306;58/2025;2025_58_41;tarkistamisesta;1
1306;58/2025;2025_58_41;säädettäisiin;1
1306;58/2025;2025_58_41;myös;1
1306;58/2025;2025_58_41;nykyistä;2
1306;58/2025;2025_58_41;selkeämmin;1
1306;58/2025;2025_58_41;tasolla;1
1306;58/2025;2025_58_41;päättäisi;1
1306;58/2025;2025_58_41;kuitenkin;1
1306;58/2025;2025_58_41;itse;1
1306;58/2025;2025_58_41;tarkemman;1
1306;58/2025;2025_58_41;tarkasteluvälin;1
1306;58/2025;2025_58_41;tavan;1
1306;58/2025;2025_58_41;koska;1
1306;58/2025;2025_58_41;ehdotus;1
1306;58/2025;2025_58_41;vastaa;1
1306;58/2025;2025_58_41;annetun;1
1306;58/2025;2025_58_41;soveltamistapaa;1
1306;58/2025;2025_58_41;kustannuksia;1
1306;58/2025;2025_58_41;nostavaa;1
1306;58/2025;2025_58_41;vaikutusta;1
1306;58/2025;2025_58_41;esityksellä;1
1306;58/2025;2025_58_41;näin;1
1306;58/2025;2025_58_41;ollen;1
1306;58/2025;2025_58_41;myöskään;1
1306;58/2025;2025_58_41;vaikutuksia;1
1306;58/2025;2025_58_41;valtion;1
1306;58/2025;2025_58_41;talousarvioon;1
1306;58/2025;2025_58_41;lakimuutokset;1
1306;58/2025;2025_58_41;tarkoitettu;1
1306;58/2025;2025_58_41;tulemaan;1
1306;58/2025;2025_58_41;voimaan;1
1306;58/2025;2025_58_59;arvoisa;1
1306;58/2025;2025_58_59;puhemies;1
1306;58/2025;2025_58_59;ärade;1
1306;58/2025;2025_58_59;talman;1
1306;58/2025;2025_58_59;tämä;1
1306;58/2025;2025_58_59;hallituksen;2
1306;58/2025;2025_58_59;esitys;2
1306;58/2025;2025_58_59;varhaiskasvatuslain;1
1306;58/2025;2025_58_59;muuttamisesta;1
1306;58/2025;2025_58_59;koskee;1
1306;58/2025;2025_58_59;yksityisen;6
1306;58/2025;2025_58_59;varhaiskasvatuksen;2
1306;58/2025;2025_58_59;rekisteröintimenettelyä;1
1306;58/2025;2025_58_59;tällä;3
1306;58/2025;2025_58_59;hetkellä;1
1306;58/2025;2025_58_59;järjestäminen;1
1306;58/2025;2025_58_59;edellyttää;1
1306;58/2025;2025_58_59;että;7
1306;58/2025;2025_58_59;palveluntuottajalla;1
1306;58/2025;2025_58_59;on;8
1306;58/2025;2025_58_59;ennen;1
1306;58/2025;2025_58_59;toiminnan;3
1306;58/2025;2025_58_59;aloittamista;2
1306;58/2025;2025_58_59;lupa;2
1306;58/2025;2025_58_59;harjoittaa;1
1306;58/2025;2025_58_59;päiväkotitoimintaa;1
1306;58/2025;2025_58_59;esityksessä;3
1306;58/2025;2025_58_59;ehdotetaan;4
1306;58/2025;2025_58_59;jatkossa;1
1306;58/2025;2025_58_59;luvan;1
1306;58/2025;2025_58_59;sijasta;1
1306;58/2025;2025_58_59;päiväkotitoiminnan;3
1306;58/2025;2025_58_59;harjoittaminen;1
1306;58/2025;2025_58_59;edellyttäisi;1
1306;58/2025;2025_58_59;palveluntuottaja;3
1306;58/2025;2025_58_59;ja;9
1306;58/2025;2025_58_59;sen;3
1306;58/2025;2025_58_59;toimipaikat;3
1306;58/2025;2025_58_59;olisi;3
1306;58/2025;2025_58_59;rekisteröity;2
1306;58/2025;2025_58_59;palveluntuottajien;2
1306;58/2025;2025_58_59;rekisteriin;1
1306;58/2025;2025_58_59;eli;1
1306;58/2025;2025_58_59;soteriin;1
1306;58/2025;2025_58_59;rekisteröinnin;3
1306;58/2025;2025_58_59;edellytyksenä;1
1306;58/2025;2025_58_59;täyttäisivät;1
1306;58/2025;2025_58_59;niille;1
1306;58/2025;2025_58_59;säädetyt;1
1306;58/2025;2025_58_59;taloudelliset;1
1306;58/2025;2025_58_59;toiminnalliset;1
1306;58/2025;2025_58_59;edellytykset;2
1306;58/2025;2025_58_59;yksityistä;1
1306;58/2025;2025_58_59;perhepäivähoitoa;1
1306;58/2025;2025_58_59;koskevaan;1
1306;58/2025;2025_58_59;sääntelyyn;1
1306;58/2025;2025_58_59;ei;2
1306;58/2025;2025_58_59;ehdoteta;1
1306;58/2025;2025_58_59;muutoksia;1
1306;58/2025;2025_58_59;perustuu;1
1306;58/2025;2025_58_59;hallitusohjelmakirjaukseen;1
1306;58/2025;2025_58_59;jonka;1
1306;58/2025;2025_58_59;mukaan;2
1306;58/2025;2025_58_59;yksityisessä;1
1306;58/2025;2025_58_59;varhaiskasvatuksessa;1
1306;58/2025;2025_58_59;palataan;1
1306;58/2025;2025_58_59;ilmoitusmenettelyyn;2
1306;58/2025;2025_58_59;esityksen;1
1306;58/2025;2025_58_59;tavoitteena;1
1306;58/2025;2025_58_59;hallitusohjelman;1
1306;58/2025;2025_58_59;mukaisesti;1
1306;58/2025;2025_58_59;keventää;1
1306;58/2025;2025_58_59;palveluntuottajan;3
1306;58/2025;2025_58_59;hallinnollista;2
1306;58/2025;2025_58_59;työtä;1
1306;58/2025;2025_58_59;aikaisemmin;1
1306;58/2025;2025_58_59;voimassa;2
1306;58/2025;2025_58_59;olleeseen;1
1306;58/2025;2025_58_59;kuitenkaan;1
1306;58/2025;2025_58_59;sellaisenaan;1
1306;58/2025;2025_58_59;palattaisi;1
1306;58/2025;2025_58_59;sillä;2
1306;58/2025;2025_58_59;yksityisten;1
1306;58/2025;2025_58_59;taakkaa;1
1306;58/2025;2025_58_59;kevennetty;1
1306;58/2025;2025_58_59;jo;1
1306;58/2025;2025_58_59;lupamenettelyyn;1
1306;58/2025;2025_58_59;siirryttäessä;1
1306;58/2025;2025_58_59;siis;1
1306;58/2025;2025_58_59;tarkoituksenmukaista;1
1306;58/2025;2025_58_59;nyt;1
1306;58/2025;2025_58_59;ehdotettava;1
1306;58/2025;2025_58_59;rekisteröintiprosessi;1
1306;58/2025;2025_58_59;pysyisi;1
1306;58/2025;2025_58_59;soveltuvin;1
1306;58/2025;2025_58_59;osin;1
1306;58/2025;2025_58_59;samana;1
1306;58/2025;2025_58_59;kuin;1
1306;58/2025;2025_58_59;lupamenettelyssä;1
1306;58/2025;2025_58_59;varhaiskasvatuslaissa;1
1306;58/2025;2025_58_59;säädettäväksi;1
1306;58/2025;2025_58_59;toimipaikan;2
1306;58/2025;2025_58_59;rekisteröinnistä;2
1306;58/2025;2025_58_59;hakemisesta;1
1306;58/2025;2025_58_59;tarkastuksesta;1
1306;58/2025;2025_58_59;tehtävästä;1
1306;58/2025;2025_58_59;päätöksestä;1
1306;58/2025;2025_58_59;sekä;1
1306;58/2025;2025_58_59;peruuttamisesta;1
1306;58/2025;2025_58_59;saisi;1
1306;58/2025;2025_58_59;aloittaa;2
1306;58/2025;2025_58_59;heti;1
1306;58/2025;2025_58_59;kun;2
1306;58/2025;2025_58_59;toiminnanharjoittajan;1
1306;58/2025;2025_58_59;yleiset;1
1306;58/2025;2025_58_59;toimitilat;1
1306;58/2025;2025_58_59;tarkastettu;1
1306;58/2025;2025_58_59;nopeutettaisiin;1
1306;58/2025;2025_58_59;sujuvoitettaisiin;1
1306;58/2025;2025_58_59;olevan;2
1306;58/2025;2025_58_59;lain;1
1306;58/2025;2025_58_59;saanut;1
1306;58/2025;2025_58_59;vasta;1
1306;58/2025;2025_58_59;myönnetty;1
1306;58/2025;2025_58_59;esitettyjen;1
1306;58/2025;2025_58_59;muutosten;1
1306;58/2025;2025_58_59;myötä;1
1306;58/2025;2025_58_59;aloittamisajankohta;1
1306;58/2025;2025_58_59;myös;2
1306;58/2025;2025_58_59;ennakoitavampi;1
1306;58/2025;2025_58_59;mikä;1
1306;58/2025;2025_58_59;todennäköisesti;1
1306;58/2025;2025_58_59;helpottaisi;1
1306;58/2025;2025_58_59;asiakashankintaa;1
1306;58/2025;2025_58_59;pienentäisi;1
1306;58/2025;2025_58_59;taloudellista;1
1306;58/2025;2025_58_59;riskiä;1
1306;58/2025;2025_58_59;katsotaan;1
1306;58/2025;2025_58_59;positiivisia;1
1306;58/2025;2025_58_59;vaikutuksia;1
1306;58/2025;2025_58_59;perheiden;1
1306;58/2025;2025_58_59;tekemiin;1
1306;58/2025;2025_58_59;varhaiskasvatusratkaisuihin;1
1306;58/2025;2025_58_59;lakimuutokset;1
1306;58/2025;2025_58_59;tulisivat;1
1306;58/2025;2025_58_59;voimaan;1
1306;58/2025;2025_58_59;päivä;1
1306;58/2025;2025_58_59;tammikuuta;1
1306;61/2025;2025_61_106;ärade;1
1306;61/2025;2025_61_106;talman;1
1306;61/2025;2025_61_106;arvoisa;1
1306;61/2025;2025_61_106;puhemies;1
1306;61/2025;2025_61_106;yhteistoiminta;2
1306;61/2025;2025_61_106;työpaikoilla;1
1306;61/2025;2025_61_106;ei;1
1306;61/2025;2025_61_106;ole;1
1306;61/2025;2025_61_106;vain;1
1306;61/2025;2025_61_106;hallinnollisen;1
1306;61/2025;2025_61_106;menettelyn;1
1306;61/2025;2025_61_106;noudattamista;1
1306;61/2025;2025_61_106;vaan;1
1306;61/2025;2025_61_106;se;1
1306;61/2025;2025_61_106;on;2
1306;61/2025;2025_61_106;keino;1
1306;61/2025;2025_61_106;toteuttaa;1
1306;61/2025;2025_61_106;työntekijöiden;1
1306;61/2025;2025_61_106;oikeutta;1
1306;61/2025;2025_61_106;osallistua;1
1306;61/2025;2025_61_106;ja;2
1306;61/2025;2025_61_106;vaikuttaa;1
1306;61/2025;2025_61_106;työpaikan;1
1306;61/2025;2025_61_106;asioihin;1
1306;61/2025;2025_61_106;vahvistaa;1
1306;61/2025;2025_61_106;työelämän;1
1306;61/2025;2025_61_106;demokratiaa;1
1306;61/2025;2025_61_106;oikeudenmukaisuutta;1
1306;61/2025;2025_61_106;hyvinvoiva;1
1306;61/2025;2025_61_106;työyhteisö;1
1306;61/2025;2025_61_106;aina;1
1306;61/2025;2025_61_106;myös;1
1306;61/2025;2025_61_106;työnantajan;1
1306;61/2025;2025_61_106;etu;1
1306;84/2025;2025_84_336;arvoisa;2
1306;84/2025;2025_84_336;puhemies;2
1306;84/2025;2025_84_336;ärade;1
1306;84/2025;2025_84_336;talman;1
1306;84/2025;2025_84_336;vastuualueelleni;1
1306;84/2025;2025_84_336;eli;2
1306;84/2025;2025_84_336;varhaiskasvatukseen;1
1306;84/2025;2025_84_336;esi;1
1306;84/2025;2025_84_336;ja;25
1306;84/2025;2025_84_336;perusopetukseen;1
1306;84/2025;2025_84_336;sekä;3
1306;84/2025;2025_84_336;toisen;5
1306;84/2025;2025_84_336;asteen;5
1306;84/2025;2025_84_336;koulutukseen;1
1306;84/2025;2025_84_336;on;4
1306;84/2025;2025_84_336;valtion;1
1306;84/2025;2025_84_336;vuoden;3
1306;84/2025;2025_84_336;talousarviossa;1
1306;84/2025;2025_84_336;tehty;1
1306;84/2025;2025_84_336;merkittäviä;1
1306;84/2025;2025_84_336;panostuksia;1
1306;84/2025;2025_84_336;laadukkaiden;1
1306;84/2025;2025_84_336;tasa-arvoisten;1
1306;84/2025;2025_84_336;palveluiden;1
1306;84/2025;2025_84_336;järjestämisen;1
1306;84/2025;2025_84_336;edellytyksiin;1
1306;84/2025;2025_84_336;kehittämistoimintaan;1
1306;84/2025;2025_84_336;perusopetuksen;2
1306;84/2025;2025_84_336;varhaiskasvatuksen;2
1306;84/2025;2025_84_336;kehittämiseen;1
1306;84/2025;2025_84_336;ehdotetaan;1
1306;84/2025;2025_84_336;hallitusohjelman;1
1306;84/2025;2025_84_336;toimenpiteiden;1
1306;84/2025;2025_84_336;vuoksi;2
1306;84/2025;2025_84_336;miljoonan;1
1306;84/2025;2025_84_336;euron;1
1306;84/2025;2025_84_336;lisäystä;1
1306;84/2025;2025_84_336;vuodelle;2
1306;84/2025;2025_84_336;määrärahan;1
1306;84/2025;2025_84_336;lisäys;1
1306;84/2025;2025_84_336;kohdistetaan;1
1306;84/2025;2025_84_336;vahvistamiseen;1
1306;84/2025;2025_84_336;muun;1
1306;84/2025;2025_84_336;muassa;1
1306;84/2025;2025_84_336;oppimisen;3
1306;84/2025;2025_84_336;tuen;2
1306;84/2025;2025_84_336;uudistamisen;1
1306;84/2025;2025_84_336;toimenpiteisiin;1
1306;84/2025;2025_84_336;yksityisten;1
1306;84/2025;2025_84_336;opetuksen;6
1306;84/2025;2025_84_336;järjestäjien;3
1306;84/2025;2025_84_336;kotikuntakorvauksen;1
1306;84/2025;2025_84_336;tason;1
1306;84/2025;2025_84_336;nostamiseen;1
1306;84/2025;2025_84_336;sataan;1
1306;84/2025;2025_84_336;prosenttiin;1
1306;84/2025;2025_84_336;velvollisuuksien;1
1306;84/2025;2025_84_336;yhtenäistämiseen;1
1306;84/2025;2025_84_336;henkilöstöpulan;1
1306;84/2025;2025_84_336;ratkaisemista;1
1306;84/2025;2025_84_336;jatketaan;2
1306;84/2025;2025_84_336;täydennyskoulutusmallin;1
1306;84/2025;2025_84_336;avulla;1
1306;84/2025;2025_84_336;tähän;1
1306;84/2025;2025_84_336;osoitetaan;1
1306;84/2025;2025_84_336;kuusi;1
1306;84/2025;2025_84_336;miljoonaa;4
1306;84/2025;2025_84_336;euroa;5
1306;84/2025;2025_84_336;hyvä;1
1306;84/2025;2025_84_336;kirjoitus;1
1306;84/2025;2025_84_336;lukutaito;1
1306;84/2025;2025_84_336;koulun;1
1306;84/2025;2025_84_336;opetuskielessä;1
1306;84/2025;2025_84_336;edellytys;1
1306;84/2025;2025_84_336;yleisesti;1
1306;84/2025;2025_84_336;hyvälle;1
1306;84/2025;2025_84_336;koulupolulle;1
1306;84/2025;2025_84_336;hallitus;2
1306;84/2025;2025_84_336;tukee;1
1306;84/2025;2025_84_336;kahdeksalla;1
1306;84/2025;2025_84_336;miljoonalla;1
1306;84/2025;2025_84_336;eurolla;1
1306;84/2025;2025_84_336;järjestäjän;1
1306;84/2025;2025_84_336;edellytyksiä;2
1306;84/2025;2025_84_336;vahvistaa;3
1306;84/2025;2025_84_336;suomi;1
1306;84/2025;2025_84_336;ruotsi;1
1306;84/2025;2025_84_336;toisena;1
1306;84/2025;2025_84_336;kielenä;1
1306;84/2025;2025_84_336;oppimäärää;1
1306;84/2025;2025_84_336;koskevan;1
1306;84/2025;2025_84_336;vaikuttavuutta;1
1306;84/2025;2025_84_336;varmistaa;1
1306;84/2025;2025_84_336;kohdentaminen;1
1306;84/2025;2025_84_336;siitä;1
1306;84/2025;2025_84_336;hyötyville;1
1306;84/2025;2025_84_336;oppilaille;1
1306;84/2025;2025_84_336;myös;2
1306;84/2025;2025_84_336;valmistavan;1
1306;84/2025;2025_84_336;lisäopetukseen;1
1306;84/2025;2025_84_336;kohdennetaan;1
1306;84/2025;2025_84_336;esityksellä;1
1306;84/2025;2025_84_336;vahvistetaan;2
1306;84/2025;2025_84_336;oppilaan;1
1306;84/2025;2025_84_336;kielitaitoja;1
1306;84/2025;2025_84_336;vapaaseen;1
1306;84/2025;2025_84_336;sivistystyöhön;1
1306;84/2025;2025_84_336;esitetään;1
1306;84/2025;2025_84_336;ensi;1
1306;84/2025;2025_84_336;noin;1
1306;84/2025;2025_84_336;rahoituksella;1
1306;84/2025;2025_84_336;tuetaan;2
1306;84/2025;2025_84_336;vapaan;1
1306;84/2025;2025_84_336;sivistystyön;1
1306;84/2025;2025_84_336;strategisten;1
1306;84/2025;2025_84_336;tavoitteiden;1
1306;84/2025;2025_84_336;toteutumista;2
1306;84/2025;2025_84_336;järjestetään;1
1306;84/2025;2025_84_336;elinikäisen;1
1306;84/2025;2025_84_336;periaatteen;1
1306;84/2025;2025_84_336;pohjalta;1
1306;84/2025;2025_84_336;yhteiskunnan;1
1306;84/2025;2025_84_336;eheyttä;1
1306;84/2025;2025_84_336;tasa-arvoa;1
1306;84/2025;2025_84_336;aktiivista;1
1306;84/2025;2025_84_336;kansalaisuutta;1
1306;84/2025;2025_84_336;tukevaa;1
1306;84/2025;2025_84_336;koulutusta;2
1306;84/2025;2025_84_336;vapaassa;1
1306;84/2025;2025_84_336;sivistystyössä;1
1306;84/2025;2025_84_336;maahanmuuttajanaisten;1
1306;84/2025;2025_84_336;kotoutumisen;1
1306;84/2025;2025_84_336;ruotsinkielisen;1
1306;84/2025;2025_84_336;kotoutumiskoulutuksen;1
1306;84/2025;2025_84_336;tarjonnan;1
1306;84/2025;2025_84_336;vahvistamista;1
1306;84/2025;2025_84_336;ammatillisen;2
1306;84/2025;2025_84_336;koulutuksen;8
1306;84/2025;2025_84_336;rahoitusperusteet;1
1306;84/2025;2025_84_336;uudistuvat;1
1306;84/2025;2025_84_336;toiminnanohjauksen;2
1306;84/2025;2025_84_336;kehittämiseksi;1
1306;84/2025;2025_84_336;käynnistetään;1
1306;84/2025;2025_84_336;kahdeksanvuotinen;1
1306;84/2025;2025_84_336;kokeilu;1
1306;84/2025;2025_84_336;uusia;2
1306;84/2025;2025_84_336;rahoitusperusteita;3
1306;84/2025;2025_84_336;sovelletaan;2
1306;84/2025;2025_84_336;ensimmäistä;2
1306;84/2025;2025_84_336;kertaa;2
1306;84/2025;2025_84_336;rahoituksesta;2
1306;84/2025;2025_84_336;päätettäessä;2
1306;84/2025;2025_84_336;rahoitusperusteen;1
1306;84/2025;2025_84_336;uudistuksella;1
1306;84/2025;2025_84_336;luodaan;1
1306;84/2025;2025_84_336;järjestäjille;1
1306;84/2025;2025_84_336;kannusteet;1
1306;84/2025;2025_84_336;ohjausmekanismit;1
1306;84/2025;2025_84_336;joilla;1
1306;84/2025;2025_84_336;koulutustarjonta;1
1306;84/2025;2025_84_336;suuntautuu;1
1306;84/2025;2025_84_336;nykyistä;1
1306;84/2025;2025_84_336;paremmin;1
1306;84/2025;2025_84_336;työelämän;1
1306;84/2025;2025_84_336;väestön;1
1306;84/2025;2025_84_336;osaamistarpeiden;1
1306;84/2025;2025_84_336;mukaisesti;2
1306;84/2025;2025_84_336;uudistuksilla;1
1306;84/2025;2025_84_336;samalla;1
1306;84/2025;2025_84_336;laadukkaan;1
1306;84/2025;2025_84_336;ohjauksen;1
1306;84/2025;2025_84_336;järjestämistä;1
1306;84/2025;2025_84_336;englanninkielinen;1
1306;84/2025;2025_84_336;lukiokoulutus;1
1306;84/2025;2025_84_336;käynnistyy;1
1306;84/2025;2025_84_336;syksyllä;1
1306;84/2025;2025_84_336;englanninkielisen;1
1306;84/2025;2025_84_336;ylioppilastutkinnon;1
1306;84/2025;2025_84_336;suorittaminen;1
1306;84/2025;2025_84_336;mahdollistuu;1
1306;84/2025;2025_84_336;syksystä;1
1306;84/2025;2025_84_336;lähtien;1
1306;84/2025;2025_84_336;tavoitteena;2
1306;84/2025;2025_84_336;heikosti;1
1306;84/2025;2025_84_336;suomen;1
1306;84/2025;2025_84_336;tai;1
1306;84/2025;2025_84_336;ruotsin;1
1306;84/2025;2025_84_336;kieltä;1
1306;84/2025;2025_84_336;taitavien;1
1306;84/2025;2025_84_336;nuorten;1
1306;84/2025;2025_84_336;sivistyksellisiä;1
1306;84/2025;2025_84_336;oikeuksia;1
1306;84/2025;2025_84_336;lukiokoulutuksen;2
1306;84/2025;2025_84_336;uudistetaan;1
1306;84/2025;2025_84_336;vahvistamaan;1
1306;84/2025;2025_84_336;syrjäisten;1
1306;84/2025;2025_84_336;opiskelijamäärältään;1
1306;84/2025;2025_84_336;pienempien;1
1306;84/2025;2025_84_336;vähemmistökielellä;1
1306;84/2025;2025_84_336;sijaintikunnassa;1
1306;84/2025;2025_84_336;opetusta;1
1306;84/2025;2025_84_336;järjestävien;1
1306;84/2025;2025_84_336;rahoitusta;1
1306;84/2025;2025_84_336;tällä;1
1306;84/2025;2025_84_336;turvataan;2
1306;84/2025;2025_84_336;saavutettavuutta;1
1306;84/2025;2025_84_336;sivistyksellisten;1
1306;84/2025;2025_84_336;oikeuksien;1
1306;84/2025;2025_84_336;koko;1
1306;84/2025;2025_84_336;maassa;1
1306;84/2025;2025_84_336;opiskelijoiden;4
1306;84/2025;2025_84_336;oikeutta;1
1306;84/2025;2025_84_336;tukeen;1
1306;84/2025;2025_84_336;erityisopetukseen;1
1306;84/2025;2025_84_336;jatkuvuus;1
1306;84/2025;2025_84_336;perusopetuksesta;1
1306;84/2025;2025_84_336;toiselle;1
1306;84/2025;2025_84_336;asteelle;1
1306;84/2025;2025_84_336;ammatillisessa;1
1306;84/2025;2025_84_336;koulutuksessa;1
1306;84/2025;2025_84_336;uudistus;1
1306;84/2025;2025_84_336;tulee;1
1306;84/2025;2025_84_336;voimaan;2
1306;84/2025;2025_84_336;lukiokoulutuksessa;1
1306;84/2025;2025_84_336;se;1
1306;84/2025;2025_84_336;tuli;1
1306;84/2025;2025_84_336;tänä;1
1306;84/2025;2025_84_336;syksynä;1
1306;84/2025;2025_84_336;sujuvoittaa;1
1306;84/2025;2025_84_336;nivelvaiheen;1
1306;84/2025;2025_84_336;koulutusvalintoja;1
1306;84/2025;2025_84_336;vähentää;1
1306;84/2025;2025_84_336;keskeyttämisiä;1
1306;84/2025;2025_84_336;parantaa;1
1306;84/2025;2025_84_336;tutkinnon;1
1306;84/2025;2025_84_336;suorittamiseen;1
1306;84/2025;2025_84_336;hyvinvointia;1
1306;84/2025;2025_84_336;antaa;1
1306;84/2025;2025_84_336;eduskunnalle;1
1306;84/2025;2025_84_336;esityksen;1
1306;84/2025;2025_84_336;jonka;1
1306;84/2025;2025_84_336;mukaan;1
1306;84/2025;2025_84_336;eu;1
1306;84/2025;2025_84_336;eta-valtioiden;1
1306;84/2025;2025_84_336;ulkopuolelta;1
1306;84/2025;2025_84_336;opiskelijan;1
1306;84/2025;2025_84_336;oleskeluluvalla;1
1306;84/2025;2025_84_336;saapuville;1
1306;84/2025;2025_84_336;opiskelijoille;1
1306;84/2025;2025_84_336;otetaan;1
1306;84/2025;2025_84_336;käyttöön;1
1306;84/2025;2025_84_336;lukuvuosimaksut;1
1306;84/2025;2025_84_336;alkaen;1
1306;84/2025;2025_84_336;lukuvuosimaksuvelvollisten;1
1306;84/2025;2025_84_336;ei;2
1306;84/2025;2025_84_336;rahoiteta;1
1306;84/2025;2025_84_336;jatkossa;1
1306;84/2025;2025_84_336;valtionosuusrahoituksella;1
1306;84/2025;2025_84_336;aiemmin;1
1306;84/2025;2025_84_336;päätetyn;1
1306;84/2025;2025_84_336;valtionosuusrahoitus;1
1306;84/2025;2025_84_336;vähenee;1
1306;84/2025;2025_84_336;viisi;1
1306;84/2025;2025_84_336;hankerahoitus;1
1306;84/2025;2025_84_336;yksi;1
1306;84/2025;2025_84_336;miljoona;1
1306;84/2025;2025_84_336;korvaavina;1
1306;84/2025;2025_84_336;säästötoimina;1
1306;84/2025;2025_84_336;sen;1
1306;84/2025;2025_84_336;että;1
1306;84/2025;2025_84_336;oppimateriaalien;1
1306;84/2025;2025_84_336;maksuttomuuden;1
1306;84/2025;2025_84_336;rajausta;1
1306;84/2025;2025_84_336;toteutettu;1
1306;95/2025;2025_95_2;arvoisa;2
1306;95/2025;2025_95_2;puhemies;2
1306;95/2025;2025_95_2;ärade;1
1306;95/2025;2025_95_2;talman;1
1306;95/2025;2025_95_2;valtioneuvosto;2
1306;95/2025;2025_95_2;on;5
1306;95/2025;2025_95_2;antanut;2
1306;95/2025;2025_95_2;lakiesityksen;2
1306;95/2025;2025_95_2;jossa;2
1306;95/2025;2025_95_2;ehdotetaan;2
1306;95/2025;2025_95_2;lukuvuosimaksuja;2
1306;95/2025;2025_95_2;kolmansista;3
1306;95/2025;2025_95_2;maista;3
1306;95/2025;2025_95_2;ammatilliseen;1
1306;95/2025;2025_95_2;koulutukseen;1
1306;95/2025;2025_95_2;ja;5
1306;95/2025;2025_95_2;lukiokoulutukseen;1
1306;95/2025;2025_95_2;tuleville;1
1306;95/2025;2025_95_2;opiskelijoille;1
1306;95/2025;2025_95_2;jatkossa;2
1306;95/2025;2025_95_2;opiskelijat;3
1306;95/2025;2025_95_2;jotka;3
1306;95/2025;2025_95_2;saapuvat;2
1306;95/2025;2025_95_2;suomeen;3
1306;95/2025;2025_95_2;nimenomaan;1
1306;95/2025;2025_95_2;opintojen;1
1306;95/2025;2025_95_2;vuoksi;1
1306;95/2025;2025_95_2;olisivat;1
1306;95/2025;2025_95_2;lukuvuosimaksuvelvollisia;1
1306;95/2025;2025_95_2;sekä;5
1306;95/2025;2025_95_2;ammatillisessa;1
1306;95/2025;2025_95_2;koulutuksessa;1
1306;95/2025;2025_95_2;että;4
1306;95/2025;2025_95_2;lukiokoulutuksessa;1
1306;95/2025;2025_95_2;kyseiset;1
1306;95/2025;2025_95_2;eivät;1
1306;95/2025;2025_95_2;enää;1
1306;95/2025;2025_95_2;olisi;1
1306;95/2025;2025_95_2;valtionosuusrahoituksen;1
1306;95/2025;2025_95_2;piirissä;1
1306;95/2025;2025_95_2;vaan;1
1306;95/2025;2025_95_2;heidän;1
1306;95/2025;2025_95_2;koulutuksensa;1
1306;95/2025;2025_95_2;rahoitettaisiin;1
1306;95/2025;2025_95_2;kerättävillä;1
1306;95/2025;2025_95_2;lukuvuosimaksuilla;1
1306;95/2025;2025_95_2;maksullisuuden;2
1306;95/2025;2025_95_2;ulkopuolelle;3
1306;95/2025;2025_95_2;rajataan;2
1306;95/2025;2025_95_2;euroopan;1
1306;95/2025;2025_95_2;talousalueella;1
1306;95/2025;2025_95_2;vakituisesti;1
1306;95/2025;2025_95_2;asuvat;1
1306;95/2025;2025_95_2;kolmansien;1
1306;95/2025;2025_95_2;maiden;1
1306;95/2025;2025_95_2;kansalaiset;1
1306;95/2025;2025_95_2;vakiintuneiden;1
1306;95/2025;2025_95_2;ohjelmien;1
1306;95/2025;2025_95_2;kautta;1
1306;95/2025;2025_95_2;vaihto-opiskelijat;1
1306;95/2025;2025_95_2;tilapäistä;1
1306;95/2025;2025_95_2;suojelua;2
1306;95/2025;2025_95_2;saavat;2
1306;95/2025;2025_95_2;eli;1
1306;95/2025;2025_95_2;tällä;1
1306;95/2025;2025_95_2;hetkellä;1
1306;95/2025;2025_95_2;venäjän;1
1306;95/2025;2025_95_2;hyökkäyssotaa;1
1306;95/2025;2025_95_2;paossa;1
1306;95/2025;2025_95_2;olevat;1
1306;95/2025;2025_95_2;ukrainalaiset;1
1306;95/2025;2025_95_2;lisäksi;3
1306;95/2025;2025_95_2;kansainvälistä;1
1306;95/2025;2025_95_2;oppisopimuskoulutukseen;1
1306;95/2025;2025_95_2;työntekoon;1
1306;95/2025;2025_95_2;perustuvalla;1
1306;95/2025;2025_95_2;oleskeluluvalla;1
1306;95/2025;2025_95_2;tulevat;2
1306;95/2025;2025_95_2;lukuvuosimaksut;1
1306;95/2025;2025_95_2;koskisivat;1
1306;95/2025;2025_95_2;niitä;1
1306;95/2025;2025_95_2;aloittavat;1
1306;95/2025;2025_95_2;opintonsa;1
1306;95/2025;2025_95_2;elokuuta;1
1306;95/2025;2025_95_2;tai;1
1306;95/2025;2025_95_2;sen;1
1306;95/2025;2025_95_2;jälkeen;1
1306;95/2025;2025_95_2;lakiesityksessä;1
1306;95/2025;2025_95_2;tarkennetaan;1
1306;95/2025;2025_95_2;oppivelvollisuuslakia;1
1306;95/2025;2025_95_2;siten;1
1306;95/2025;2025_95_2;oppivelvollisuuden;1
1306;95/2025;2025_95_2;jäävät;1
1306;95/2025;2025_95_2;henkilöt;1
1306;95/2025;2025_95_2;oleskelevat;1
1306;95/2025;2025_95_2;suomessa;2
1306;95/2025;2025_95_2;opiskelutarkoituksessa;1
1306;95/2025;2025_95_2;koulutuksen;4
1306;95/2025;2025_95_2;järjestäjille;2
1306;95/2025;2025_95_2;annetaan;1
1306;95/2025;2025_95_2;oikeus;2
1306;95/2025;2025_95_2;saada;1
1306;95/2025;2025_95_2;tietoa;1
1306;95/2025;2025_95_2;hakijan;1
1306;95/2025;2025_95_2;opiskelijan;1
1306;95/2025;2025_95_2;oleskeluluvasta;1
1306;95/2025;2025_95_2;luovuttaa;1
1306;95/2025;2025_95_2;tietoja;1
1306;95/2025;2025_95_2;maahanmuuttovirastolle;1
1306;95/2025;2025_95_2;tämä;3
1306;95/2025;2025_95_2;parantaa;1
1306;95/2025;2025_95_2;tiedonkulkua;1
1306;95/2025;2025_95_2;määrättäessä;1
1306;95/2025;2025_95_2;oleskeluluvan;1
1306;95/2025;2025_95_2;myöntäminen;1
1306;95/2025;2025_95_2;opiskelua;1
1306;95/2025;2025_95_2;varten;1
1306;95/2025;2025_95_2;edellyttää;1
1306;95/2025;2025_95_2;opiskelija;1
1306;95/2025;2025_95_2;maksanut;1
1306;95/2025;2025_95_2;järjestäjän;1
1306;95/2025;2025_95_2;määräämät;1
1306;95/2025;2025_95_2;maksut;1
1306;95/2025;2025_95_2;uudistus;1
1306;95/2025;2025_95_2;osa;1
1306;95/2025;2025_95_2;laajempaa;1
1306;95/2025;2025_95_2;kokonaisuutta;1
1306;95/2025;2025_95_2;jonka;1
1306;95/2025;2025_95_2;tavoitteena;1
1306;95/2025;2025_95_2;valtiontalouden;1
1306;95/2025;2025_95_2;tasapainottaminen;1
1306;95/2025;2025_95_2;kuntien;1
1306;95/2025;2025_95_2;menojen;1
1306;95/2025;2025_95_2;hillitseminen;1
1306;95/2025;2025_95_2;samalla;2
1306;95/2025;2025_95_2;se;1
1306;95/2025;2025_95_2;tuo;1
1306;95/2025;2025_95_2;selkeyttä;1
1306;95/2025;2025_95_2;yhdenmukaisuutta;1
1306;95/2025;2025_95_2;kansainvälisten;1
1306;95/2025;2025_95_2;opiskelijoiden;1
1306;95/2025;2025_95_2;asemaan;1
1306;95/2025;2025_95_2;samassa;1
1306;95/2025;2025_95_2;yhteydessä;1
1306;95/2025;2025_95_2;ammatillisen;1
1306;95/2025;2025_95_2;avataan;1
1306;95/2025;2025_95_2;mahdollisuus;1
1306;95/2025;2025_95_2;myydä;1
1306;95/2025;2025_95_2;tutkintoon;1
1306;95/2025;2025_95_2;johtavaa;1
1306;95/2025;2025_95_2;tilauskoulutusta;1
1306;95/2025;2025_95_2;myös;1
1306;95/2025;2025_95_2;eu;1
1306;95/2025;2025_95_2;eta-maiden;1
1306;95/2025;2025_95_2;kansalaisille;1
1306;95/2025;2025_95_2;tavalla;1
1306;95/2025;2025_95_2;kuin;1
1306;95/2025;2025_95_2;korkeakouluissa;1
1306;95/2025;2025_95_2;laajentaa;1
1306;95/2025;2025_95_2;koulutusviennin;1
1306;95/2025;2025_95_2;mahdollisuuksia;1
1306;95/2025;2025_95_2;osaavan;1
1306;95/2025;2025_95_2;työvoiman;1
1306;95/2025;2025_95_2;kouluttamiseksi;1
1306;95/2025;2025_95_2;rahoituspohjan;1
1306;95/2025;2025_95_2;vahvistamista;1
1306;95/2025;2025_95_2;esitys;1
1306;95/2025;2025_95_2;tilauskoulutuksen;1
1306;95/2025;2025_95_2;laajentamisesta;1
1306;95/2025;2025_95_2;liittyy;1
1306;95/2025;2025_95_2;pääministeri;1
1306;95/2025;2025_95_2;petteri;1
1306;95/2025;2025_95_2;orpon;1
1306;95/2025;2025_95_2;hallituksen;1
1306;95/2025;2025_95_2;hallitusohjelmaan;1
1306;95/2025;2025_95_102;arvoisa;1
1306;95/2025;2025_95_102;puhemies;1
1306;95/2025;2025_95_102;ärade;1
1306;95/2025;2025_95_102;talman;1
1306;95/2025;2025_95_102;eduskunnalle;1
1306;95/2025;2025_95_102;on;8
1306;95/2025;2025_95_102;toimitettu;1
1306;95/2025;2025_95_102;hallituksen;4
1306;95/2025;2025_95_102;esitys;3
1306;95/2025;2025_95_102;laiksi;1
1306;95/2025;2025_95_102;valtakunnallisesta;2
1306;95/2025;2025_95_102;osaamistietovarannosta;2
1306;95/2025;2025_95_102;ja;21
1306;95/2025;2025_95_102;siihen;2
1306;95/2025;2025_95_102;liittyviksi;1
1306;95/2025;2025_95_102;laeiksi;1
1306;95/2025;2025_95_102;koskee;1
1306;95/2025;2025_95_102;osaamispolku-palvelua;1
1306;95/2025;2025_95_102;joka;1
1306;95/2025;2025_95_102;toteutettu;1
1306;95/2025;2025_95_102;opetus;1
1306;95/2025;2025_95_102;kulttuuriministeriön;1
1306;95/2025;2025_95_102;sekä;3
1306;95/2025;2025_95_102;työ;1
1306;95/2025;2025_95_102;elinkeinoministeriön;1
1306;95/2025;2025_95_102;yhteisessä;1
1306;95/2025;2025_95_102;jatkuvan;2
1306;95/2025;2025_95_102;oppimisen;2
1306;95/2025;2025_95_102;digitaalinen;2
1306;95/2025;2025_95_102;palvelukokonaisuus;1
1306;95/2025;2025_95_102;hankkeessa;1
1306;95/2025;2025_95_102;vuosina;1
1306;95/2025;2025_95_102;hanke;1
1306;95/2025;2025_95_102;osa;1
1306;95/2025;2025_95_102;suomen;1
1306;95/2025;2025_95_102;kestävän;1
1306;95/2025;2025_95_102;kasvun;1
1306;95/2025;2025_95_102;ohjelmaa;1
1306;95/2025;2025_95_102;sisältyvää;1
1306;95/2025;2025_95_102;digitalisaatio-ohjelmaa;1
1306;95/2025;2025_95_102;osaamispolku;4
1306;95/2025;2025_95_102;koulutus;2
1306;95/2025;2025_95_102;urasuunnittelun;1
1306;95/2025;2025_95_102;osaamisen;3
1306;95/2025;2025_95_102;kehittämisen;1
1306;95/2025;2025_95_102;työllistymisen;1
1306;95/2025;2025_95_102;tueksi;3
1306;95/2025;2025_95_102;tarkoitettu;1
1306;95/2025;2025_95_102;palvelu;1
1306;95/2025;2025_95_102;se;1
1306;95/2025;2025_95_102;suunnattu;1
1306;95/2025;2025_95_102;ura;1
1306;95/2025;2025_95_102;koulutusvalintoja;1
1306;95/2025;2025_95_102;tekeville;1
1306;95/2025;2025_95_102;henkilöille;1
1306;95/2025;2025_95_102;ohjaajille;2
1306;95/2025;2025_95_102;koulutusorganisaatioille;1
1306;95/2025;2025_95_102;työelämätoimijoille;1
1306;95/2025;2025_95_102;eri;1
1306;95/2025;2025_95_102;hallinnonalojen;1
1306;95/2025;2025_95_102;asiantuntijoille;1
1306;95/2025;2025_95_102;auttaa;1
1306;95/2025;2025_95_102;yksilöitä;1
1306;95/2025;2025_95_102;hahmottamaan;1
1306;95/2025;2025_95_102;sanoittamaan;1
1306;95/2025;2025_95_102;omaa;1
1306;95/2025;2025_95_102;osaamistaan;1
1306;95/2025;2025_95_102;tutustumaan;1
1306;95/2025;2025_95_102;erilaisiin;1
1306;95/2025;2025_95_102;oman;1
1306;95/2025;2025_95_102;kiinnostuksen;1
1306;95/2025;2025_95_102;mukaisiin;1
1306;95/2025;2025_95_102;työmahdollisuuksiin;1
1306;95/2025;2025_95_102;lisäksi;3
1306;95/2025;2025_95_102;tarjoaa;2
1306;95/2025;2025_95_102;tietoja;2
1306;95/2025;2025_95_102;työkaluja;1
1306;95/2025;2025_95_102;ohjaustyön;1
1306;95/2025;2025_95_102;osaamispolun;1
1306;95/2025;2025_95_102;tietopalvelu;1
1306;95/2025;2025_95_102;laadukasta;1
1306;95/2025;2025_95_102;päivittyvää;1
1306;95/2025;2025_95_102;tietoa;2
1306;95/2025;2025_95_102;suunnittelun;1
1306;95/2025;2025_95_102;päätöksenteon;1
1306;95/2025;2025_95_102;kaikkien;1
1306;95/2025;2025_95_102;käyttöön;1
1306;95/2025;2025_95_102;näin;1
1306;95/2025;2025_95_102;edistää;1
1306;95/2025;2025_95_102;ylläpitämistä;1
1306;95/2025;2025_95_102;kehittämistä;1
1306;95/2025;2025_95_102;sujuvia;1
1306;95/2025;2025_95_102;siirtymiä;1
1306;95/2025;2025_95_102;koulutuksen;1
1306;95/2025;2025_95_102;työuran;1
1306;95/2025;2025_95_102;nivelvaiheissa;1
1306;95/2025;2025_95_102;palvelukokonaisuuden;2
1306;95/2025;2025_95_102;tavoitteena;1
1306;95/2025;2025_95_102;että;1
1306;95/2025;2025_95_102;koulutusresurssit;1
1306;95/2025;2025_95_102;kohdentuvat;1
1306;95/2025;2025_95_102;osuvammin;1
1306;95/2025;2025_95_102;työelämän;1
1306;95/2025;2025_95_102;yhteiskunnan;1
1306;95/2025;2025_95_102;tarpeisiin;1
1306;95/2025;2025_95_102;käyttöönotto;1
1306;95/2025;2025_95_102;edellyttää;1
1306;95/2025;2025_95_102;lainsäädäntöä;1
1306;95/2025;2025_95_102;erityisesti;1
1306;95/2025;2025_95_102;palveluun;1
1306;95/2025;2025_95_102;rakentuvan;1
1306;95/2025;2025_95_102;osaamistietovarannon;1
1306;95/2025;2025_95_102;vuoksi;1
1306;95/2025;2025_95_102;esityksessä;2
1306;95/2025;2025_95_102;ehdotettava;1
1306;95/2025;2025_95_102;laki;1
1306;95/2025;2025_95_102;sisältää;1
1306;95/2025;2025_95_102;säännökset;1
1306;95/2025;2025_95_102;tietosuojasta;1
1306;95/2025;2025_95_102;palvelua;1
1306;95/2025;2025_95_102;ylläpitävien;1
1306;95/2025;2025_95_102;viranomaisten;1
1306;95/2025;2025_95_102;eli;1
1306;95/2025;2025_95_102;opetushallituksen;1
1306;95/2025;2025_95_102;keha-keskuksen;1
1306;95/2025;2025_95_102;tehtävistä;1
1306;95/2025;2025_95_102;palvelun;2
1306;95/2025;2025_95_102;hyödyntäminen;1
1306;95/2025;2025_95_102;olisi;2
1306;95/2025;2025_95_102;henkilölle;1
1306;95/2025;2025_95_102;vapaaehtoista;1
1306;95/2025;2025_95_102;heillä;1
1306;95/2025;2025_95_102;laaja;1
1306;95/2025;2025_95_102;mahdollisuus;1
1306;95/2025;2025_95_102;hallinnoida;1
1306;95/2025;2025_95_102;itse;1
1306;95/2025;2025_95_102;omia;1
1306;95/2025;2025_95_102;tietojaan;1
1306;95/2025;2025_95_102;palvelussa;1
1306;95/2025;2025_95_102;palvelukokonaisuuteen;1
1306;95/2025;2025_95_102;sisältyy;1
1306;95/2025;2025_95_102;koulutustarjonnan;2
1306;95/2025;2025_95_102;tietovaranto;1
1306;95/2025;2025_95_102;johon;1
1306;95/2025;2025_95_102;kootaan;1
1306;95/2025;2025_95_102;tarjolla;1
1306;95/2025;2025_95_102;olevista;1
1306;95/2025;2025_95_102;koulutuksista;1
1306;95/2025;2025_95_102;koulutustarjonnasta;1
1306;95/2025;2025_95_102;esitettäisiin;1
1306;95/2025;2025_95_102;osaamispolussa;2
1306;95/2025;2025_95_102;niistä;1
1306;95/2025;2025_95_102;saataisiin;1
1306;95/2025;2025_95_102;kansallista;1
1306;95/2025;2025_95_102;tietopohjaa;1
1306;95/2025;2025_95_102;myös;2
1306;95/2025;2025_95_102;selvitystä;1
1306;95/2025;2025_95_102;tutkimusta;1
1306;95/2025;2025_95_102;tilastointia;1
1306;95/2025;2025_95_102;varten;1
1306;95/2025;2025_95_102;ehdotetaan;1
1306;95/2025;2025_95_102;säännöksiä;1
1306;95/2025;2025_95_102;tietovarannosta;1
1306;95/2025;2025_95_102;tarkoitus;1
1306;95/2025;2025_95_102;hyödyntää;1
1306;95/2025;2025_95_102;tekoälyä;1
1306;95/2025;2025_95_102;esimerkiksi;1
1306;95/2025;2025_95_102;koulutusmahdollisuuksien;1
1306;95/2025;2025_95_102;esittämisessä;1
1306;95/2025;2025_95_102;käyttäjille;1
1306;95/2025;2025_95_102;ensimmäisiä;1
1306;95/2025;2025_95_102;joissa;1
1306;95/2025;2025_95_102;esitetään;1
1306;95/2025;2025_95_102;sektorikohtaista;1
1306;95/2025;2025_95_102;sääntelyä;1
1306;95/2025;2025_95_102;tekoälyn;1
1306;95/2025;2025_95_102;hyödyntämiseen;1
1306;95/2025;2025_95_102;liittyen;1
