speaker_id;session;speech_id;word;word_n
946;102/2018;2018_102_137;aidosti;1
946;102/2018;2018_102_137;aikaiseksi;2
946;102/2018;2018_102_137;aina;1
946;102/2018;2018_102_137;aivan;1
946;102/2018;2018_102_137;arvoisa;1
946;102/2018;2018_102_137;asiaa;1
946;102/2018;2018_102_137;asiassa;1
946;102/2018;2018_102_137;askel;2
946;102/2018;2018_102_137;aste;1
946;102/2018;2018_102_137;edistämme;1
946;102/2018;2018_102_137;ehkä;1
946;102/2018;2018_102_137;eivät;1
946;102/2018;2018_102_137;eniten;1
946;102/2018;2018_102_137;erinomainen;1
946;102/2018;2018_102_137;esitys;1
946;102/2018;2018_102_137;eteenpäin;1
946;102/2018;2018_102_137;että;3
946;102/2018;2018_102_137;hallituksesta;1
946;102/2018;2018_102_137;haluaisin;1
946;102/2018;2018_102_137;henkilöistä;1
946;102/2018;2018_102_137;hieno;1
946;102/2018;2018_102_137;hienoa;2
946;102/2018;2018_102_137;hyvin;1
946;102/2018;2018_102_137;hyvä;1
946;102/2018;2018_102_137;ihan;1
946;102/2018;2018_102_137;iso;1
946;102/2018;2018_102_137;ja;6
946;102/2018;2018_102_137;joilla;1
946;102/2018;2018_102_137;jotka;1
946;102/2018;2018_102_137;järjestyksessä;1
946;102/2018;2018_102_137;kehua;1
946;102/2018;2018_102_137;kehutaan;1
946;102/2018;2018_102_137;keskushyökkääjä;1
946;102/2018;2018_102_137;koululaitokselle;1
946;102/2018;2018_102_137;kun;1
946;102/2018;2018_102_137;käsillä;1
946;102/2018;2018_102_137;käsin;1
946;102/2018;2018_102_137;käsittelemään;1
946;102/2018;2018_102_137;liian;1
946;102/2018;2018_102_137;liikkeelle;1
946;102/2018;2018_102_137;luottopakki;1
946;102/2018;2018_102_137;lähdemme;1
946;102/2018;2018_102_137;lähdetään;1
946;102/2018;2018_102_137;lähtökohdat;1
946;102/2018;2018_102_137;mahdollistamme;1
946;102/2018;2018_102_137;maksuton;1
946;102/2018;2018_102_137;me;1
946;102/2018;2018_102_137;meidän;1
946;102/2018;2018_102_137;merkittävä;1
946;102/2018;2018_102_137;mielin;1
946;102/2018;2018_102_137;ministeriä;1
946;102/2018;2018_102_137;minusta;1
946;102/2018;2018_102_137;muistaa;1
946;102/2018;2018_102_137;mutta;1
946;102/2018;2018_102_137;myöskin;2
946;102/2018;2018_102_137;niin;2
946;102/2018;2018_102_137;niistä;1
946;102/2018;2018_102_137;nyt;1
946;102/2018;2018_102_137;oikeassa;1
946;102/2018;2018_102_137;olette;1
946;102/2018;2018_102_137;ollut;2
946;102/2018;2018_102_137;on;6
946;102/2018;2018_102_137;opiskelua;1
946;102/2018;2018_102_137;ovat;1
946;102/2018;2018_102_137;paljon;2
946;102/2018;2018_102_137;pitää;1
946;102/2018;2018_102_137;puhemies;1
946;102/2018;2018_102_137;pysty;1
946;102/2018;2018_102_137;päivä;1
946;102/2018;2018_102_137;saimme;2
946;102/2018;2018_102_137;salissa;1
946;102/2018;2018_102_137;sanoa;1
946;102/2018;2018_102_137;se;1
946;102/2018;2018_102_137;sellainen;1
946;102/2018;2018_102_137;sellaiset;1
946;102/2018;2018_102_137;siis;1
946;102/2018;2018_102_137;suomalaiselle;1
946;102/2018;2018_102_137;tai;1
946;102/2018;2018_102_137;tarvitsevat;1
946;102/2018;2018_102_137;tasa-arvoa;1
946;102/2018;2018_102_137;tavoitteenahan;1
946;102/2018;2018_102_137;tehdä;1
946;102/2018;2018_102_137;tehtävänä;1
946;102/2018;2018_102_137;todella;1
946;102/2018;2018_102_137;toinen;1
946;102/2018;2018_102_137;toisia;1
946;102/2018;2018_102_137;tukea;1
946;102/2018;2018_102_137;tukemaan;1
946;102/2018;2018_102_137;tuota;1
946;102/2018;2018_102_137;työtä;1
946;102/2018;2018_102_137;tämä;2
946;102/2018;2018_102_137;tämän;2
946;102/2018;2018_102_137;tärkeä;1
946;102/2018;2018_102_137;tässä;4
946;102/2018;2018_102_137;tätä;3
946;102/2018;2018_102_137;täältä;1
946;102/2018;2018_102_137;valiokuntaan;1
946;102/2018;2018_102_137;vanhemmat;1
946;102/2018;2018_102_137;vielä;1
946;102/2018;2018_102_137;viemässä;1
946;102/2018;2018_102_137;vähän;1
946;102/2018;2018_102_137;yhdessä;2
946;103/2016;2016_103_77;aiheutuu;1
946;103/2016;2016_103_77;aiheutuvia;1
946;103/2016;2016_103_77;aineistojen;2
946;103/2016;2016_103_77;ajankohta;1
946;103/2016;2016_103_77;ajantasaisiksi;1
946;103/2016;2016_103_77;arvoketjua;1
946;103/2016;2016_103_77;asemaan;1
946;103/2016;2016_103_77;asia;1
946;103/2016;2016_103_77;asiantuntijakuulemisissa;1
946;103/2016;2016_103_77;asiantuntijakuulemisten;1
946;103/2016;2016_103_77;asiassa;1
946;103/2016;2016_103_77;digitaalisten;2
946;103/2016;2016_103_77;edetään;1
946;103/2016;2016_103_77;eduskunnan;3
946;103/2016;2016_103_77;eduskunta;1
946;103/2016;2016_103_77;eduskuntapuolueiden;1
946;103/2016;2016_103_77;ehditäänkö;1
946;103/2016;2016_103_77;ehdotetulla;1
946;103/2016;2016_103_77;ei;1
946;103/2016;2016_103_77;eivät;1
946;103/2016;2016_103_77;enemmän;1
946;103/2016;2016_103_77;erittäin;3
946;103/2016;2016_103_77;esitettiin;1
946;103/2016;2016_103_77;esitetään;1
946;103/2016;2016_103_77;esitti;1
946;103/2016;2016_103_77;esityksen;1
946;103/2016;2016_103_77;esityksessä;1
946;103/2016;2016_103_77;esitystä;1
946;103/2016;2016_103_77;että;7
946;103/2016;2016_103_77;euroa;1
946;103/2016;2016_103_77;euroon;1
946;103/2016;2016_103_77;hallituksen;2
946;103/2016;2016_103_77;hallitusta;1
946;103/2016;2016_103_77;herra;1
946;103/2016;2016_103_77;hieno;1
946;103/2016;2016_103_77;huoli;1
946;103/2016;2016_103_77;huomiota;1
946;103/2016;2016_103_77;hyvä;1
946;103/2016;2016_103_77;hyväksyi;1
946;103/2016;2016_103_77;hyväksymistä;1
946;103/2016;2016_103_77;hyödyttää;2
946;103/2016;2016_103_77;ikään;1
946;103/2016;2016_103_77;ilmenevistä;1
946;103/2016;2016_103_77;ja;14
946;103/2016;2016_103_77;jakelijoita;1
946;103/2016;2016_103_77;joita;1
946;103/2016;2016_103_77;joka;1
946;103/2016;2016_103_77;jossa;1
946;103/2016;2016_103_77;jotta;1
946;103/2016;2016_103_77;järjestelmien;1
946;103/2016;2016_103_77;jäsenistä;1
946;103/2016;2016_103_77;kaikkien;1
946;103/2016;2016_103_77;kannanoton;1
946;103/2016;2016_103_77;kannanotossa;1
946;103/2016;2016_103_77;kansalliskirjastolle;1
946;103/2016;2016_103_77;kanssa;1
946;103/2016;2016_103_77;keväällä;1
946;103/2016;2016_103_77;kiinnitettiin;1
946;103/2016;2016_103_77;kirjailijoiden;1
946;103/2016;2016_103_77;kirjakauppoja;1
946;103/2016;2016_103_77;kirjallisuuslajien;1
946;103/2016;2016_103_77;kirjapainoja;1
946;103/2016;2016_103_77;kirjastoista;2
946;103/2016;2016_103_77;kirjastoja;1
946;103/2016;2016_103_77;kirjastojen;1
946;103/2016;2016_103_77;koko;1
946;103/2016;2016_103_77;koostuva;1
946;103/2016;2016_103_77;korkeakoulujen;1
946;103/2016;2016_103_77;korkeakoulukirjastoille;1
946;103/2016;2016_103_77;korkeakoulukirjastoissa;1
946;103/2016;2016_103_77;korottamista;1
946;103/2016;2016_103_77;korotus;1
946;103/2016;2016_103_77;korvauksia;1
946;103/2016;2016_103_77;korvausten;2
946;103/2016;2016_103_77;kotimaisen;1
946;103/2016;2016_103_77;kulttuuriministeriö;1
946;103/2016;2016_103_77;kustantamoja;1
946;103/2016;2016_103_77;kyseessähän;1
946;103/2016;2016_103_77;kysymys;1
946;103/2016;2016_103_77;käsittelyn;1
946;103/2016;2016_103_77;käymien;1
946;103/2016;2016_103_77;käyttöä;1
946;103/2016;2016_103_77;käytön;1
946;103/2016;2016_103_77;kääntäjiä;1
946;103/2016;2016_103_77;laadukkaan;1
946;103/2016;2016_103_77;laajeneminen;1
946;103/2016;2016_103_77;laajentaminen;2
946;103/2016;2016_103_77;lai;1
946;103/2016;2016_103_77;lainaaminen;2
946;103/2016;2016_103_77;lainataan;2
946;103/2016;2016_103_77;lainaukset;1
946;103/2016;2016_103_77;lainausjärjestelmät;1
946;103/2016;2016_103_77;lainauskorvauksen;5
946;103/2016;2016_103_77;lainauskorvaukset;1
946;103/2016;2016_103_77;lainauskorvausten;2
946;103/2016;2016_103_77;lakiehdotuksen;1
946;103/2016;2016_103_77;lakimuutoksella;1
946;103/2016;2016_103_77;lausuman;1
946;103/2016;2016_103_77;lisäksi;2
946;103/2016;2016_103_77;lisäkustannuksia;1
946;103/2016;2016_103_77;lisääntyminen;1
946;103/2016;2016_103_77;luovan;1
946;103/2016;2016_103_77;mahdollisesti;1
946;103/2016;2016_103_77;mahdollisia;1
946;103/2016;2016_103_77;mahdollisimman;1
946;103/2016;2016_103_77;menetelmiä;1
946;103/2016;2016_103_77;mietinnössään;1
946;103/2016;2016_103_77;mikä;1
946;103/2016;2016_103_77;miljoonaa;1
946;103/2016;2016_103_77;miljoonaan;1
946;103/2016;2016_103_77;mitä;1
946;103/2016;2016_103_77;muassa;1
946;103/2016;2016_103_77;muiden;1
946;103/2016;2016_103_77;mukaan;1
946;103/2016;2016_103_77;muun;1
946;103/2016;2016_103_77;muuttamattomana;1
946;103/2016;2016_103_77;muuttamisesta;1
946;103/2016;2016_103_77;myös;4
946;103/2016;2016_103_77;määrän;1
946;103/2016;2016_103_77;määrärahatasoon;1
946;103/2016;2016_103_77;nauskorvausjärjestelmälle;1
946;103/2016;2016_103_77;niin;1
946;103/2016;2016_103_77;nimittäin;1
946;103/2016;2016_103_77;niukasti;1
946;103/2016;2016_103_77;nostamisesta;1
946;103/2016;2016_103_77;nyt;1
946;103/2016;2016_103_77;näkemyksen;1
946;103/2016;2016_103_77;ole;1
946;103/2016;2016_103_77;on;6
946;103/2016;2016_103_77;opetus;3
946;103/2016;2016_103_77;oppikirjallisuuden;1
946;103/2016;2016_103_77;oppikirjojen;1
946;103/2016;2016_103_77;osaltaan;1
946;103/2016;2016_103_77;paljon;1
946;103/2016;2016_103_77;parlamentaarinen;1
946;103/2016;2016_103_77;perusteella;2
946;103/2016;2016_103_77;perusteluista;1
946;103/2016;2016_103_77;pian;1
946;103/2016;2016_103_77;piiriin;3
946;103/2016;2016_103_77;pikemminkin;1
946;103/2016;2016_103_77;pitkäaikainen;2
946;103/2016;2016_103_77;pitää;1
946;103/2016;2016_103_77;pitääkin;1
946;103/2016;2016_103_77;pohjoismaiselle;1
946;103/2016;2016_103_77;puhemies;2
946;103/2016;2016_103_77;puoltaa;1
946;103/2016;2016_103_77;päinvastoin;1
946;103/2016;2016_103_77;rahamäärän;1
946;103/2016;2016_103_77;raportoinnille;1
946;103/2016;2016_103_77;ryhtymään;1
946;103/2016;2016_103_77;saada;1
946;103/2016;2016_103_77;saajien;2
946;103/2016;2016_103_77;saamansa;1
946;103/2016;2016_103_77;saataisiin;1
946;103/2016;2016_103_77;saatetaan;2
946;103/2016;2016_103_77;saattaa;1
946;103/2016;2016_103_77;satoja;1
946;103/2016;2016_103_77;se;1
946;103/2016;2016_103_77;sekä;1
946;103/2016;2016_103_77;sellaisia;1
946;103/2016;2016_103_77;selvityksen;1
946;103/2016;2016_103_77;sen;1
946;103/2016;2016_103_77;seuraa;1
946;103/2016;2016_103_77;siihen;1
946;103/2016;2016_103_77;siis;2
946;103/2016;2016_103_77;siitä;3
946;103/2016;2016_103_77;sitä;1
946;103/2016;2016_103_77;sivistysvaliokunnan;2
946;103/2016;2016_103_77;sivistysvaliokunta;2
946;103/2016;2016_103_77;syistä;1
946;103/2016;2016_103_77;tahto;1
946;103/2016;2016_103_77;takaa;1
946;103/2016;2016_103_77;talousarvion;1
946;103/2016;2016_103_77;talousarviossa;1
946;103/2016;2016_103_77;tapahtuva;2
946;103/2016;2016_103_77;tarkoituksenmukaisena;1
946;103/2016;2016_103_77;tarpeellisena;1
946;103/2016;2016_103_77;tasolle;1
946;103/2016;2016_103_77;tason;1
946;103/2016;2016_103_77;tavoite;2
946;103/2016;2016_103_77;tekeminen;1
946;103/2016;2016_103_77;tekijänoikeuslain;1
946;103/2016;2016_103_77;tekijät;1
946;103/2016;2016_103_77;tekijöiden;2
946;103/2016;2016_103_77;teoksia;1
946;103/2016;2016_103_77;tieto;2
946;103/2016;2016_103_77;tietokirjailijoita;1
946;103/2016;2016_103_77;todella;1
946;103/2016;2016_103_77;toimeentulevia;1
946;103/2016;2016_103_77;toimeentulon;1
946;103/2016;2016_103_77;toimenpiteisiin;1
946;103/2016;2016_103_77;toimivia;1
946;103/2016;2016_103_77;toteaa;1
946;103/2016;2016_103_77;toteuttaa;1
946;103/2016;2016_103_77;toteuttamiseksi;1
946;103/2016;2016_103_77;toteutuu;1
946;103/2016;2016_103_77;tulisi;1
946;103/2016;2016_103_77;tuo;1
946;103/2016;2016_103_77;turvaaminen;1
946;103/2016;2016_103_77;tutkimuskirjastoissa;1
946;103/2016;2016_103_77;tutkimuskirjastojen;1
946;103/2016;2016_103_77;työn;1
946;103/2016;2016_103_77;työryhmä;1
946;103/2016;2016_103_77;tämä;3
946;103/2016;2016_103_77;tämän;1
946;103/2016;2016_103_77;tärkeänä;1
946;103/2016;2016_103_77;tässä;1
946;103/2016;2016_103_77;uudistamisesta;1
946;103/2016;2016_103_77;uudistuksella;1
946;103/2016;2016_103_77;uudistuksen;1
946;103/2016;2016_103_77;uudistustarpeita;1
946;103/2016;2016_103_77;vaadittiin;1
946;103/2016;2016_103_77;vaati;1
946;103/2016;2016_103_77;vakiintuneiden;1
946;103/2016;2016_103_77;valiokunnan;2
946;103/2016;2016_103_77;valiokunta;2
946;103/2016;2016_103_77;valtion;1
946;103/2016;2016_103_77;varmistetaan;1
946;103/2016;2016_103_77;varsin;1
946;103/2016;2016_103_77;verrattuna;1
946;103/2016;2016_103_77;viime;1
946;103/2016;2016_103_77;vuoden;3
946;103/2016;2016_103_77;vuoksi;1
946;103/2016;2016_103_77;vuonna;1
946;103/2016;2016_103_77;vähennä;1
946;103/2016;2016_103_77;vähän;1
946;103/2016;2016_103_77;yhdenvertaiseen;1
946;103/2016;2016_103_77;yhteisen;1
946;103/2016;2016_103_77;yhteydessä;1
946;103/2016;2016_103_77;yleisistä;1
946;103/2016;2016_103_82;aikana;1
946;103/2016;2016_103_82;alempaan;1
946;103/2016;2016_103_82;aloittamisen;1
946;103/2016;2016_103_82;ammatilliseen;1
946;103/2016;2016_103_82;ammattikorkeakoulu;1
946;103/2016;2016_103_82;annetaan;1
946;103/2016;2016_103_82;annettua;1
946;103/2016;2016_103_82;annetussa;1
946;103/2016;2016_103_82;antaa;1
946;103/2016;2016_103_82;apuraha;1
946;103/2016;2016_103_82;apurahaa;1
946;103/2016;2016_103_82;apurahakauden;6
946;103/2016;2016_103_82;apurahan;9
946;103/2016;2016_103_82;apurahansaajan;1
946;103/2016;2016_103_82;apurahojen;1
946;103/2016;2016_103_82;arvion;1
946;103/2016;2016_103_82;arvoisa;1
946;103/2016;2016_103_82;asettaa;1
946;103/2016;2016_103_82;asetuksella;1
946;103/2016;2016_103_82;asetuksen;1
946;103/2016;2016_103_82;asetuksenantovaltuus;1
946;103/2016;2016_103_82;asetuksessa;1
946;103/2016;2016_103_82;asia;1
946;103/2016;2016_103_82;asianomainen;1
946;103/2016;2016_103_82;asiantuntijalausunnoissa;2
946;103/2016;2016_103_82;asiantuntijaselvityksen;1
946;103/2016;2016_103_82;edelleen;3
946;103/2016;2016_103_82;edellytykset;1
946;103/2016;2016_103_82;edellä;1
946;103/2016;2016_103_82;edistämiskeskukselle;1
946;103/2016;2016_103_82;eduskunta;1
946;103/2016;2016_103_82;ehdotetaan;3
946;103/2016;2016_103_82;ehdotettu;1
946;103/2016;2016_103_82;ehdotetun;1
946;103/2016;2016_103_82;ehdottaakin;1
946;103/2016;2016_103_82;ehdottaman;1
946;103/2016;2016_103_82;ei;2
946;103/2016;2016_103_82;ensimmäinen;1
946;103/2016;2016_103_82;enää;1
946;103/2016;2016_103_82;erityisesti;2
946;103/2016;2016_103_82;eräitä;1
946;103/2016;2016_103_82;esimerkiksi;1
946;103/2016;2016_103_82;esitetty;1
946;103/2016;2016_103_82;esittää;1
946;103/2016;2016_103_82;esittääkin;1
946;103/2016;2016_103_82;esityksen;2
946;103/2016;2016_103_82;esityksessä;4
946;103/2016;2016_103_82;esitys;1
946;103/2016;2016_103_82;esitämme;2
946;103/2016;2016_103_82;estyy;1
946;103/2016;2016_103_82;että;9
946;103/2016;2016_103_82;hakijan;1
946;103/2016;2016_103_82;hallituksen;4
946;103/2016;2016_103_82;harkita;1
946;103/2016;2016_103_82;harkitsemaltaan;1
946;103/2016;2016_103_82;huomiota;2
946;103/2016;2016_103_82;hyväksyy;1
946;103/2016;2016_103_82;ilmaantuvasta;1
946;103/2016;2016_103_82;ilmenee;1
946;103/2016;2016_103_82;ja;4
946;103/2016;2016_103_82;jakaa;1
946;103/2016;2016_103_82;jakaminen;1
946;103/2016;2016_103_82;jakamisesta;2
946;103/2016;2016_103_82;jatkamiseen;1
946;103/2016;2016_103_82;johon;1
946;103/2016;2016_103_82;johtavaan;1
946;103/2016;2016_103_82;johtavan;1
946;103/2016;2016_103_82;joiden;1
946;103/2016;2016_103_82;joita;1
946;103/2016;2016_103_82;jonka;1
946;103/2016;2016_103_82;jos;2
946;103/2016;2016_103_82;jota;1
946;103/2016;2016_103_82;joustavuutta;1
946;103/2016;2016_103_82;jälkeen;1
946;103/2016;2016_103_82;järjestelyn;1
946;103/2016;2016_103_82;jäykältä;1
946;103/2016;2016_103_82;kahteen;1
946;103/2016;2016_103_82;kannustaa;1
946;103/2016;2016_103_82;kattaa;1
946;103/2016;2016_103_82;kautta;1
946;103/2016;2016_103_82;kehittämistä;1
946;103/2016;2016_103_82;kentän;1
946;103/2016;2016_103_82;keskeinen;1
946;103/2016;2016_103_82;keskeyttämiseen;1
946;103/2016;2016_103_82;keskeyttämisen;1
946;103/2016;2016_103_82;keskeyttämisestä;2
946;103/2016;2016_103_82;keskiössä;1
946;103/2016;2016_103_82;kielto;2
946;103/2016;2016_103_82;kieltäytyä;1
946;103/2016;2016_103_82;kiinnitimme;1
946;103/2016;2016_103_82;kiinnitti;1
946;103/2016;2016_103_82;kohdan;1
946;103/2016;2016_103_82;kohentaa;1
946;103/2016;2016_103_82;kokopäiväisestä;1
946;103/2016;2016_103_82;korkeakoulututkintoon;1
946;103/2016;2016_103_82;korostaa;2
946;103/2016;2016_103_82;korostettu;1
946;103/2016;2016_103_82;koskee;1
946;103/2016;2016_103_82;koskeva;1
946;103/2016;2016_103_82;koulutuksen;1
946;103/2016;2016_103_82;koulutusjakson;1
946;103/2016;2016_103_82;kuin;1
946;103/2016;2016_103_82;kuitenkin;3
946;103/2016;2016_103_82;kumota;1
946;103/2016;2016_103_82;kun;1
946;103/2016;2016_103_82;kuolee;1
946;103/2016;2016_103_82;kuukauden;1
946;103/2016;2016_103_82;kyseenalaiseksi;1
946;103/2016;2016_103_82;käyttämästä;1
946;103/2016;2016_103_82;käyttämättömän;1
946;103/2016;2016_103_82;laissa;1
946;103/2016;2016_103_82;lakia;1
946;103/2016;2016_103_82;lakiin;1
946;103/2016;2016_103_82;liittyvää;1
946;103/2016;2016_103_82;liity;1
946;103/2016;2016_103_82;lisäkoulutukseen;1
946;103/2016;2016_103_82;lisäksi;1
946;103/2016;2016_103_82;lyhytaikaisenkin;1
946;103/2016;2016_103_82;lyhytaikaisesta;1
946;103/2016;2016_103_82;mahdollisuus;1
946;103/2016;2016_103_82;maininta;1
946;103/2016;2016_103_82;mainituissa;1
946;103/2016;2016_103_82;menettämisen;1
946;103/2016;2016_103_82;momentin;1
946;103/2016;2016_103_82;momentti;1
946;103/2016;2016_103_82;muilta;1
946;103/2016;2016_103_82;mukaan;3
946;103/2016;2016_103_82;mukainen;1
946;103/2016;2016_103_82;mutta;1
946;103/2016;2016_103_82;muuhun;1
946;103/2016;2016_103_82;muusta;1
946;103/2016;2016_103_82;muutamaan;1
946;103/2016;2016_103_82;muutettavaksi;1
946;103/2016;2016_103_82;muutoksia;1
946;103/2016;2016_103_82;muutos;2
946;103/2016;2016_103_82;muutosehdotusten;1
946;103/2016;2016_103_82;muutosta;1
946;103/2016;2016_103_82;muuttamista;1
946;103/2016;2016_103_82;myöntäjällä;1
946;103/2016;2016_103_82;myöntämisen;1
946;103/2016;2016_103_82;myöntämisestä;1
946;103/2016;2016_103_82;myös;4
946;103/2016;2016_103_82;myötä;1
946;103/2016;2016_103_82;neljän;1
946;103/2016;2016_103_82;nimenomaan;1
946;103/2016;2016_103_82;nykytilanteen;1
946;103/2016;2016_103_82;näin;1
946;103/2016;2016_103_82;oleva;1
946;103/2016;2016_103_82;olevaan;1
946;103/2016;2016_103_82;ollen;1
946;103/2016;2016_103_82;oman;1
946;103/2016;2016_103_82;on;8
946;103/2016;2016_103_82;opinnäytetyötä;1
946;103/2016;2016_103_82;opintojen;2
946;103/2016;2016_103_82;opiskelua;1
946;103/2016;2016_103_82;opiskelun;1
946;103/2016;2016_103_82;osaamispotentiaalinsa;1
946;103/2016;2016_103_82;osalta;2
946;103/2016;2016_103_82;osan;1
946;103/2016;2016_103_82;osana;2
946;103/2016;2016_103_82;osin;1
946;103/2016;2016_103_82;ottamaan;1
946;103/2016;2016_103_82;paremmat;1
946;103/2016;2016_103_82;pelossa;1
946;103/2016;2016_103_82;perustutkintoon;1
946;103/2016;2016_103_82;peruutetaan;1
946;103/2016;2016_103_82;pidetty;1
946;103/2016;2016_103_82;pitkäjänteiseen;1
946;103/2016;2016_103_82;poistettavaksi;1
946;103/2016;2016_103_82;poistuu;1
946;103/2016;2016_103_82;projektin;1
946;103/2016;2016_103_82;puhemies;2
946;103/2016;2016_103_82;pykälän;2
946;103/2016;2016_103_82;pykälätason;1
946;103/2016;2016_103_82;päätösvalta;1
946;103/2016;2016_103_82;rajaus;1
946;103/2016;2016_103_82;rajoittaa;1
946;103/2016;2016_103_82;saaja;1
946;103/2016;2016_103_82;saaman;1
946;103/2016;2016_103_82;saamissa;1
946;103/2016;2016_103_82;seikkaan;1
946;103/2016;2016_103_82;sekä;1
946;103/2016;2016_103_82;selkeyttäminen;1
946;103/2016;2016_103_82;siirtämisestä;1
946;103/2016;2016_103_82;siis;1
946;103/2016;2016_103_82;siitä;1
946;103/2016;2016_103_82;siten;3
946;103/2016;2016_103_82;sitä;1
946;103/2016;2016_103_82;sivistysvaliokunta;3
946;103/2016;2016_103_82;suunnitteluun;1
946;103/2016;2016_103_82;syystä;1
946;103/2016;2016_103_82;säädettäisiin;1
946;103/2016;2016_103_82;säännös;1
946;103/2016;2016_103_82;säännösten;1
946;103/2016;2016_103_82;säätää;2
946;103/2016;2016_103_82;tai;6
946;103/2016;2016_103_82;taidetoimikunta;1
946;103/2016;2016_103_82;taikka;1
946;103/2016;2016_103_82;taiteen;1
946;103/2016;2016_103_82;taiteilija-apurahoista;2
946;103/2016;2016_103_82;taiteilijat;1
946;103/2016;2016_103_82;taiteilijoiden;1
946;103/2016;2016_103_82;taloudellista;1
946;103/2016;2016_103_82;tapauksia;1
946;103/2016;2016_103_82;tarkoitetaan;1
946;103/2016;2016_103_82;tarkoittaa;1
946;103/2016;2016_103_82;tarkoitus;1
946;103/2016;2016_103_82;tarvetta;1
946;103/2016;2016_103_82;tarvitse;1
946;103/2016;2016_103_82;tarvitsevat;1
946;103/2016;2016_103_82;tekemien;1
946;103/2016;2016_103_82;tekijään;1
946;103/2016;2016_103_82;teknisluonteinen;1
946;103/2016;2016_103_82;tilannetta;1
946;103/2016;2016_103_82;tilanteissa;1
946;103/2016;2016_103_82;toinen;1
946;103/2016;2016_103_82;tuen;2
946;103/2016;2016_103_82;tukea;1
946;103/2016;2016_103_82;tukeminen;1
946;103/2016;2016_103_82;tukemiseksi;1
946;103/2016;2016_103_82;tukemista;2
946;103/2016;2016_103_82;tuo;1
946;103/2016;2016_103_82;tuollaisissa;1
946;103/2016;2016_103_82;tutkintoon;2
946;103/2016;2016_103_82;työstämistä;1
946;103/2016;2016_103_82;työsuhteen;1
946;103/2016;2016_103_82;työsuhteesta;1
946;103/2016;2016_103_82;työtehtävien;1
946;103/2016;2016_103_82;tällaisen;1
946;103/2016;2016_103_82;tällä;1
946;103/2016;2016_103_82;tämä;1
946;103/2016;2016_103_82;tärkeänä;1
946;103/2016;2016_103_82;tärkeään;1
946;103/2016;2016_103_82;täsmennyksiä;1
946;103/2016;2016_103_82;tässä;1
946;103/2016;2016_103_82;täydentämistä;1
946;103/2016;2016_103_82;uudelleen;4
946;103/2016;2016_103_82;uudelleenjakamisen;1
946;103/2016;2016_103_82;uudelleenjakamisesta;1
946;103/2016;2016_103_82;uuden;1
946;103/2016;2016_103_82;uudistamista;1
946;103/2016;2016_103_82;uudistus;2
946;103/2016;2016_103_82;vaikuttava;1
946;103/2016;2016_103_82;valiokunnan;4
946;103/2016;2016_103_82;valiokunta;3
946;103/2016;2016_103_82;valtion;1
946;103/2016;2016_103_82;valtioneuvoston;1
946;103/2016;2016_103_82;valtuutus;1
946;103/2016;2016_103_82;vapaan;1
946;103/2016;2016_103_82;varsin;2
946;103/2016;2016_103_82;vastaan;1
946;103/2016;2016_103_82;voi;1
946;103/2016;2016_103_82;voidaan;1
946;103/2016;2016_103_82;yhteenvetona;1
946;103/2016;2016_103_82;yleispiirteissään;1
946;103/2016;2016_103_82;ylempään;1
946;103/2016;2016_103_82;yliopistotutkintoja;1
946;103/2016;2016_103_82;yllättäen;1
946;125/2017;2017_125_109;agendalla;1
946;125/2017;2017_125_109;aika;2
946;125/2017;2017_125_109;aikaiseksi;1
946;125/2017;2017_125_109;ainakin;1
946;125/2017;2017_125_109;alle;2
946;125/2017;2017_125_109;arvioi;1
946;125/2017;2017_125_109;arvioinut;1
946;125/2017;2017_125_109;arvoisa;1
946;125/2017;2017_125_109;asia;1
946;125/2017;2017_125_109;asiaan;1
946;125/2017;2017_125_109;edelleenkin;1
946;125/2017;2017_125_109;edellytimme;1
946;125/2017;2017_125_109;edustamallani;1
946;125/2017;2017_125_109;ehkä;2
946;125/2017;2017_125_109;ei;1
946;125/2017;2017_125_109;elatusvelvollisuus;1
946;125/2017;2017_125_109;eli;1
946;125/2017;2017_125_109;epäkohtia;1
946;125/2017;2017_125_109;erittäin;3
946;125/2017;2017_125_109;erityistilanne;1
946;125/2017;2017_125_109;esille;1
946;125/2017;2017_125_109;esityksen;1
946;125/2017;2017_125_109;esitys;1
946;125/2017;2017_125_109;eteenpäin;1
946;125/2017;2017_125_109;että;1
946;125/2017;2017_125_109;euroa;1
946;125/2017;2017_125_109;hallituksen;1
946;125/2017;2017_125_109;hallitus;1
946;125/2017;2017_125_109;heidän;1
946;125/2017;2017_125_109;helppo;1
946;125/2017;2017_125_109;hetki;1
946;125/2017;2017_125_109;hieno;3
946;125/2017;2017_125_109;historiallinen;1
946;125/2017;2017_125_109;historiallisuutta;1
946;125/2017;2017_125_109;huoltajakorotuksen;1
946;125/2017;2017_125_109;huoltajakorotus;1
946;125/2017;2017_125_109;ilmi;1
946;125/2017;2017_125_109;ja;8
946;125/2017;2017_125_109;jo;1
946;125/2017;2017_125_109;joka;1
946;125/2017;2017_125_109;jos;2
946;125/2017;2017_125_109;jossa;1
946;125/2017;2017_125_109;jotka;1
946;125/2017;2017_125_109;kaikki;1
946;125/2017;2017_125_109;kannanotto;1
946;125/2017;2017_125_109;kehittämistarpeita;1
946;125/2017;2017_125_109;keskustalla;1
946;125/2017;2017_125_109;korostaa;1
946;125/2017;2017_125_109;kotipaikkakunnaltansa;1
946;125/2017;2017_125_109;kovinkaan;1
946;125/2017;2017_125_109;kun;1
946;125/2017;2017_125_109;kuten;1
946;125/2017;2017_125_109;kymmenien;1
946;125/2017;2017_125_109;kymmeniä;1
946;125/2017;2017_125_109;käsin;1
946;125/2017;2017_125_109;käsittelyssä;1
946;125/2017;2017_125_109;käy;1
946;125/2017;2017_125_109;lapsia;1
946;125/2017;2017_125_109;lopulta;1
946;125/2017;2017_125_109;lähdettäisiin;1
946;125/2017;2017_125_109;läpi;1
946;125/2017;2017_125_109;maaliin;1
946;125/2017;2017_125_109;maussa;1
946;125/2017;2017_125_109;meillä;1
946;125/2017;2017_125_109;merkittävä;1
946;125/2017;2017_125_109;mietinnöissä;1
946;125/2017;2017_125_109;mietinnöstäkin;1
946;125/2017;2017_125_109;mietintöön;1
946;125/2017;2017_125_109;monenkin;1
946;125/2017;2017_125_109;monesti;1
946;125/2017;2017_125_109;muissa;1
946;125/2017;2017_125_109;mukana;1
946;125/2017;2017_125_109;mutta;1
946;125/2017;2017_125_109;muun;1
946;125/2017;2017_125_109;muuttavat;1
946;125/2017;2017_125_109;myös;1
946;125/2017;2017_125_109;myöskin;1
946;125/2017;2017_125_109;niin;2
946;125/2017;2017_125_109;nostamme;1
946;125/2017;2017_125_109;nyt;4
946;125/2017;2017_125_109;odotus;1
946;125/2017;2017_125_109;ohjelmissa;1
946;125/2017;2017_125_109;ole;1
946;125/2017;2017_125_109;olla;2
946;125/2017;2017_125_109;ollut;2
946;125/2017;2017_125_109;omalla;1
946;125/2017;2017_125_109;omalta;1
946;125/2017;2017_125_109;on;12
946;125/2017;2017_125_109;onkin;1
946;125/2017;2017_125_109;onneksi;1
946;125/2017;2017_125_109;opintotuen;1
946;125/2017;2017_125_109;opiskelemaan;1
946;125/2017;2017_125_109;opiskelijajärjestöjen;1
946;125/2017;2017_125_109;opiskelijoiden;1
946;125/2017;2017_125_109;opiskelijoille;1
946;125/2017;2017_125_109;opiskelijoitten;1
946;125/2017;2017_125_109;osalta;2
946;125/2017;2017_125_109;paikallaan;1
946;125/2017;2017_125_109;perheellisille;1
946;125/2017;2017_125_109;perheellisten;1
946;125/2017;2017_125_109;perheessä;1
946;125/2017;2017_125_109;pohjoismaissahan;1
946;125/2017;2017_125_109;pohjoismaitten;1
946;125/2017;2017_125_109;pois;1
946;125/2017;2017_125_109;poistuu;1
946;125/2017;2017_125_109;positiivisella;1
946;125/2017;2017_125_109;puhemies;1
946;125/2017;2017_125_109;puolueella;1
946;125/2017;2017_125_109;puolueen;1
946;125/2017;2017_125_109;purkamaan;1
946;125/2017;2017_125_109;päivä;1
946;125/2017;2017_125_109;pääsemme;1
946;125/2017;2017_125_109;riittää;1
946;125/2017;2017_125_109;saadaan;2
946;125/2017;2017_125_109;se;4
946;125/2017;2017_125_109;seuraavia;1
946;125/2017;2017_125_109;siellä;1
946;125/2017;2017_125_109;sieltä;1
946;125/2017;2017_125_109;sitten;2
946;125/2017;2017_125_109;sivistysvaliokunnan;2
946;125/2017;2017_125_109;suomessa;1
946;125/2017;2017_125_109;takana;1
946;125/2017;2017_125_109;talosta;1
946;125/2017;2017_125_109;taloudellinen;1
946;125/2017;2017_125_109;tarpeen;1
946;125/2017;2017_125_109;tasolle;1
946;125/2017;2017_125_109;tavalla;1
946;125/2017;2017_125_109;tilanteen;1
946;125/2017;2017_125_109;tilanteensa;1
946;125/2017;2017_125_109;tiukka;1
946;125/2017;2017_125_109;toivottavasti;1
946;125/2017;2017_125_109;tuhansille;1
946;125/2017;2017_125_109;tunnistetaan;1
946;125/2017;2017_125_109;tunnistettu;1
946;125/2017;2017_125_109;tunnustettu;1
946;125/2017;2017_125_109;tuo;1
946;125/2017;2017_125_109;tuore;1
946;125/2017;2017_125_109;tähän;1
946;125/2017;2017_125_109;tämä;3
946;125/2017;2017_125_109;tämän;1
946;125/2017;2017_125_109;tänään;2
946;125/2017;2017_125_109;tässähän;1
946;125/2017;2017_125_109;tästä;3
946;125/2017;2017_125_109;täältä;1
946;125/2017;2017_125_109;useampia;1
946;125/2017;2017_125_109;useissa;1
946;125/2017;2017_125_109;vaikka;1
946;125/2017;2017_125_109;vanhemmilla;1
946;125/2017;2017_125_109;varmaan;1
946;125/2017;2017_125_109;vastaus;1
946;125/2017;2017_125_109;viedään;1
946;125/2017;2017_125_109;vielä;1
946;125/2017;2017_125_109;viitattu;1
946;125/2017;2017_125_109;voidaan;1
946;125/2017;2017_125_109;voimme;1
946;125/2017;2017_125_109;vuoden;1
946;125/2017;2017_125_109;vuosia;1
946;125/2017;2017_125_109;vuosien;1
946;125/2017;2017_125_109;vuotiaisiin;1
946;125/2017;2017_125_109;vuotiaitten;1
946;125/2017;2017_125_109;vuotta;1
946;125/2017;2017_125_109;välttämättä;1
946;125/2017;2017_125_109;yhtälö;1
946;125/2017;2017_125_109;yksi;1
946;125/2017;2017_125_109;ylpeitä;2
946;126/2016;2016_126_155;aiemmissa;1
946;126/2016;2016_126_155;aikataulutusta;1
946;126/2016;2016_126_155;aikuisten;2
946;126/2016;2016_126_155;ajoitus;1
946;126/2016;2016_126_155;alemmalle;1
946;126/2016;2016_126_155;alentaa;1
946;126/2016;2016_126_155;alentamista;1
946;126/2016;2016_126_155;alkupuolella;1
946;126/2016;2016_126_155;aloittaneiden;1
946;126/2016;2016_126_155;alusta;2
946;126/2016;2016_126_155;ammatillinen;1
946;126/2016;2016_126_155;ammatilliseen;1
946;126/2016;2016_126_155;ammatillisen;7
946;126/2016;2016_126_155;ammatillista;2
946;126/2016;2016_126_155;annettua;2
946;126/2016;2016_126_155;asioista;1
946;126/2016;2016_126_155;avointa;1
946;126/2016;2016_126_155;edelleen;1
946;126/2016;2016_126_155;eduskuntaan;1
946;126/2016;2016_126_155;ehdotetaan;1
946;126/2016;2016_126_155;ei;1
946;126/2016;2016_126_155;eivät;1
946;126/2016;2016_126_155;enimmäismäärä;1
946;126/2016;2016_126_155;eniten;1
946;126/2016;2016_126_155;ennakoineet;1
946;126/2016;2016_126_155;ennen;1
946;126/2016;2016_126_155;ensi;1
946;126/2016;2016_126_155;eri;1
946;126/2016;2016_126_155;erittäin;2
946;126/2016;2016_126_155;eräitä;1
946;126/2016;2016_126_155;esi;2
946;126/2016;2016_126_155;esittää;2
946;126/2016;2016_126_155;esitykseen;1
946;126/2016;2016_126_155;esityksen;1
946;126/2016;2016_126_155;esityksessä;1
946;126/2016;2016_126_155;esitämme;1
946;126/2016;2016_126_155;etenee;1
946;126/2016;2016_126_155;että;3
946;126/2016;2016_126_155;euroa;1
946;126/2016;2016_126_155;euron;1
946;126/2016;2016_126_155;haastavan;1
946;126/2016;2016_126_155;hallituksen;2
946;126/2016;2016_126_155;heikentäneet;1
946;126/2016;2016_126_155;heikentävät;1
946;126/2016;2016_126_155;herra;1
946;126/2016;2016_126_155;hintaa;1
946;126/2016;2016_126_155;huolensa;1
946;126/2016;2016_126_155;huomioiden;1
946;126/2016;2016_126_155;huomioon;1
946;126/2016;2016_126_155;huomiota;1
946;126/2016;2016_126_155;hyväksymistä;1
946;126/2016;2016_126_155;hyvää;1
946;126/2016;2016_126_155;ja;13
946;126/2016;2016_126_155;jatketaan;1
946;126/2016;2016_126_155;jatkettaisiin;1
946;126/2016;2016_126_155;jo;3
946;126/2016;2016_126_155;joilla;1
946;126/2016;2016_126_155;jotka;1
946;126/2016;2016_126_155;jouduttu;1
946;126/2016;2016_126_155;jälkeistä;1
946;126/2016;2016_126_155;järjestäjille;1
946;126/2016;2016_126_155;järjestämislupien;1
946;126/2016;2016_126_155;kahdella;1
946;126/2016;2016_126_155;kaksi;1
946;126/2016;2016_126_155;kannanotoissaan;1
946;126/2016;2016_126_155;kannatettavana;1
946;126/2016;2016_126_155;kansalaisten;1
946;126/2016;2016_126_155;kanssa;1
946;126/2016;2016_126_155;keskeiset;1
946;126/2016;2016_126_155;kiinnittää;1
946;126/2016;2016_126_155;kilpailukykysopimuksen;1
946;126/2016;2016_126_155;kohdennettaisiin;1
946;126/2016;2016_126_155;kokonaisopiskelijamäärää;1
946;126/2016;2016_126_155;koska;1
946;126/2016;2016_126_155;koskevan;5
946;126/2016;2016_126_155;koskevia;1
946;126/2016;2016_126_155;kotikuntakorvauksen;1
946;126/2016;2016_126_155;koulutuksellista;1
946;126/2016;2016_126_155;koulutuksen;6
946;126/2016;2016_126_155;koulutuksenjärjestäjät;1
946;126/2016;2016_126_155;koulutusprosesseja;1
946;126/2016;2016_126_155;koulutusta;2
946;126/2016;2016_126_155;kritisoinut;1
946;126/2016;2016_126_155;kuin;1
946;126/2016;2016_126_155;kuitenkin;1
946;126/2016;2016_126_155;kulttuuritoimen;1
946;126/2016;2016_126_155;kytkettäisiin;1
946;126/2016;2016_126_155;käytettävä;1
946;126/2016;2016_126_155;lain;1
946;126/2016;2016_126_155;lainsäädännön;2
946;126/2016;2016_126_155;lakia;2
946;126/2016;2016_126_155;laskennan;1
946;126/2016;2016_126_155;laskentakaavaa;1
946;126/2016;2016_126_155;laskettaessa;1
946;126/2016;2016_126_155;leikkaukset;1
946;126/2016;2016_126_155;linjaukset;1
946;126/2016;2016_126_155;lisäkoulutuksen;1
946;126/2016;2016_126_155;lisäksi;2
946;126/2016;2016_126_155;lomarahojen;1
946;126/2016;2016_126_155;loppuun;2
946;126/2016;2016_126_155;lukiokoulutuksen;1
946;126/2016;2016_126_155;lähtien;1
946;126/2016;2016_126_155;maahanmuuttajalle;1
946;126/2016;2016_126_155;maahanmuuttajien;1
946;126/2016;2016_126_155;maahanmuuttajille;1
946;126/2016;2016_126_155;mahdollista;1
946;126/2016;2016_126_155;mietinnössään;1
946;126/2016;2016_126_155;mietintö;1
946;126/2016;2016_126_155;miljoonan;1
946;126/2016;2016_126_155;momentissa;1
946;126/2016;2016_126_155;monet;1
946;126/2016;2016_126_155;muiden;1
946;126/2016;2016_126_155;muista;1
946;126/2016;2016_126_155;mukaan;1
946;126/2016;2016_126_155;mukaista;2
946;126/2016;2016_126_155;museoiden;2
946;126/2016;2016_126_155;muutettavaksi;1
946;126/2016;2016_126_155;muutos;1
946;126/2016;2016_126_155;muutosta;1
946;126/2016;2016_126_155;määrärahan;1
946;126/2016;2016_126_155;määrärahasäästö;1
946;126/2016;2016_126_155;määräämää;1
946;126/2016;2016_126_155;määrään;1
946;126/2016;2016_126_155;noin;1
946;126/2016;2016_126_155;nostamaan;1
946;126/2016;2016_126_155;nuorten;2
946;126/2016;2016_126_155;nykyistä;1
946;126/2016;2016_126_155;ohjelmassa;1
946;126/2016;2016_126_155;ole;2
946;126/2016;2016_126_155;olevaa;1
946;126/2016;2016_126_155;olisi;1
946;126/2016;2016_126_155;ollut;1
946;126/2016;2016_126_155;on;4
946;126/2016;2016_126_155;opetuksen;4
946;126/2016;2016_126_155;opetus;1
946;126/2016;2016_126_155;opetustarjontaa;1
946;126/2016;2016_126_155;opintoja;1
946;126/2016;2016_126_155;opintojen;1
946;126/2016;2016_126_155;opintonsa;1
946;126/2016;2016_126_155;opiskelijoiden;1
946;126/2016;2016_126_155;oppilaitosmuotoisen;1
946;126/2016;2016_126_155;oppilaitosten;2
946;126/2016;2016_126_155;oppimäärän;1
946;126/2016;2016_126_155;oppimäärää;1
946;126/2016;2016_126_155;oppivelvollisten;1
946;126/2016;2016_126_155;orkestereiden;2
946;126/2016;2016_126_155;osaamisohjelman;2
946;126/2016;2016_126_155;otettaisiin;1
946;126/2016;2016_126_155;ovat;2
946;126/2016;2016_126_155;peruskoulutukseen;1
946;126/2016;2016_126_155;peruskoulutuksen;1
946;126/2016;2016_126_155;perusopetukseen;1
946;126/2016;2016_126_155;perusopetuksen;6
946;126/2016;2016_126_155;perusopetuslaissa;1
946;126/2016;2016_126_155;perusteella;1
946;126/2016;2016_126_155;perusteena;2
946;126/2016;2016_126_155;pitäisi;1
946;126/2016;2016_126_155;pitää;2
946;126/2016;2016_126_155;prosenttia;1
946;126/2016;2016_126_155;puhemies;4
946;126/2016;2016_126_155;pykälätason;1
946;126/2016;2016_126_155;rahoittaa;2
946;126/2016;2016_126_155;rahoituksen;3
946;126/2016;2016_126_155;rahoituksesta;2
946;126/2016;2016_126_155;rahoitus;1
946;126/2016;2016_126_155;rahoituslain;1
946;126/2016;2016_126_155;rahoitusta;3
946;126/2016;2016_126_155;reformi;1
946;126/2016;2016_126_155;reformia;1
946;126/2016;2016_126_155;reformiin;1
946;126/2016;2016_126_155;reformin;2
946;126/2016;2016_126_155;saadun;1
946;126/2016;2016_126_155;saattamiseksi;1
946;126/2016;2016_126_155;samalla;1
946;126/2016;2016_126_155;sekä;2
946;126/2016;2016_126_155;sellaisten;1
946;126/2016;2016_126_155;selvityksen;1
946;126/2016;2016_126_155;siis;1
946;126/2016;2016_126_155;sisällölliseen;1
946;126/2016;2016_126_155;sisältyvistä;1
946;126/2016;2016_126_155;sisältää;1
946;126/2016;2016_126_155;siten;2
946;126/2016;2016_126_155;sivistystyön;3
946;126/2016;2016_126_155;sivistystyöstä;1
946;126/2016;2016_126_155;sivistysvaliokunta;1
946;126/2016;2016_126_155;suhteessa;1
946;126/2016;2016_126_155;suoritettavan;1
946;126/2016;2016_126_155;suorittamisen;1
946;126/2016;2016_126_155;suorittaneet;1
946;126/2016;2016_126_155;supistamaan;1
946;126/2016;2016_126_155;suunnattua;1
946;126/2016;2016_126_155;säädettäisiin;1
946;126/2016;2016_126_155;säädettävää;1
946;126/2016;2016_126_155;säännöksen;2
946;126/2016;2016_126_155;säännöksiä;1
946;126/2016;2016_126_155;säästö;1
946;126/2016;2016_126_155;säästöihin;1
946;126/2016;2016_126_155;säästöjen;3
946;126/2016;2016_126_155;tahojen;1
946;126/2016;2016_126_155;tai;1
946;126/2016;2016_126_155;taiteen;1
946;126/2016;2016_126_155;tarjota;1
946;126/2016;2016_126_155;tarkemmin;1
946;126/2016;2016_126_155;tarkoitetun;1
946;126/2016;2016_126_155;tasa-arvoa;1
946;126/2016;2016_126_155;tasolle;1
946;126/2016;2016_126_155;teattereiden;2
946;126/2016;2016_126_155;tekee;1
946;126/2016;2016_126_155;teknistä;1
946;126/2016;2016_126_155;toimeenpanoa;1
946;126/2016;2016_126_155;toteutettaisiin;1
946;126/2016;2016_126_155;toteuttamista;1
946;126/2016;2016_126_155;toteutuneen;1
946;126/2016;2016_126_155;tulisi;2
946;126/2016;2016_126_155;tulla;1
946;126/2016;2016_126_155;turvin;1
946;126/2016;2016_126_155;tutkintoa;1
946;126/2016;2016_126_155;tämä;1
946;126/2016;2016_126_155;tämän;1
946;126/2016;2016_126_155;täsmentää;1
946;126/2016;2016_126_155;uudistamista;1
946;126/2016;2016_126_155;uudistaneet;1
946;126/2016;2016_126_155;uudistettaisiin;1
946;126/2016;2016_126_155;vaikutus;1
946;126/2016;2016_126_155;valiokunta;5
946;126/2016;2016_126_155;valitettavana;1
946;126/2016;2016_126_155;valmistavan;1
946;126/2016;2016_126_155;valmisteltu;1
946;126/2016;2016_126_155;valmistelu;1
946;126/2016;2016_126_155;valtionavustuksella;2
946;126/2016;2016_126_155;valtionavustusrahoitusta;1
946;126/2016;2016_126_155;valtionavustusten;2
946;126/2016;2016_126_155;valtionosuuksien;1
946;126/2016;2016_126_155;valtiovarainministeriön;1
946;126/2016;2016_126_155;vapaan;3
946;126/2016;2016_126_155;vapaasta;1
946;126/2016;2016_126_155;vastaava;1
946;126/2016;2016_126_155;vastalausetta;1
946;126/2016;2016_126_155;vauhtia;1
946;126/2016;2016_126_155;voidaan;2
946;126/2016;2016_126_155;voimaantuloa;1
946;126/2016;2016_126_155;voimassaoloa;2
946;126/2016;2016_126_155;vuodella;1
946;126/2016;2016_126_155;vuoden;4
946;126/2016;2016_126_155;vuodesta;2
946;126/2016;2016_126_155;vuoksi;1
946;126/2016;2016_126_155;vuonna;1
946;126/2016;2016_126_155;vuosien;1
946;126/2016;2016_126_155;vuosina;1
946;126/2016;2016_126_155;väliaikaista;1
946;126/2016;2016_126_155;yhdessä;1
946;126/2016;2016_126_155;yhtä;1
946;126/2016;2016_126_155;yksikköhintaa;1
946;126/2016;2016_126_155;yksikköhintoja;1
946;127/2018;2018_127_124;aikaa;1
946;127/2018;2018_127_124;aivan;1
946;127/2018;2018_127_124;apurahoja;1
946;127/2018;2018_127_124;arjessa;1
946;127/2018;2018_127_124;asia;2
946;127/2018;2018_127_124;asiaan;1
946;127/2018;2018_127_124;askel;1
946;127/2018;2018_127_124;asumistuen;1
946;127/2018;2018_127_124;asumistukea;1
946;127/2018;2018_127_124;asuu;1
946;127/2018;2018_127_124;asuvat;1
946;127/2018;2018_127_124;ei;2
946;127/2018;2018_127_124;eli;1
946;127/2018;2018_127_124;elämässä;1
946;127/2018;2018_127_124;enää;1
946;127/2018;2018_127_124;epäkohtia;1
946;127/2018;2018_127_124;erillisenä;1
946;127/2018;2018_127_124;erittäin;2
946;127/2018;2018_127_124;esimerkkejä;1
946;127/2018;2018_127_124;esiteltyä;1
946;127/2018;2018_127_124;esitti;1
946;127/2018;2018_127_124;esityksessä;1
946;127/2018;2018_127_124;esityshän;1
946;127/2018;2018_127_124;esitystä;1
946;127/2018;2018_127_124;ettei;1
946;127/2018;2018_127_124;että;6
946;127/2018;2018_127_124;hallitus;2
946;127/2018;2018_127_124;heidän;1
946;127/2018;2018_127_124;hieno;2
946;127/2018;2018_127_124;hoidettava;1
946;127/2018;2018_127_124;huomioon;1
946;127/2018;2018_127_124;hyvin;1
946;127/2018;2018_127_124;hyvissä;1
946;127/2018;2018_127_124;hyväksyttykin;1
946;127/2018;2018_127_124;hän;1
946;127/2018;2018_127_124;ikään;2
946;127/2018;2018_127_124;iso;1
946;127/2018;2018_127_124;itsenäisesti;2
946;127/2018;2018_127_124;ja;7
946;127/2018;2018_127_124;jatkoa;1
946;127/2018;2018_127_124;jo;2
946;127/2018;2018_127_124;joka;2
946;127/2018;2018_127_124;jotka;1
946;127/2018;2018_127_124;jälkeenkin;1
946;127/2018;2018_127_124;kaksi;1
946;127/2018;2018_127_124;kauan;1
946;127/2018;2018_127_124;kerrallaan;1
946;127/2018;2018_127_124;keskustelussa;1
946;127/2018;2018_127_124;kilometrin;1
946;127/2018;2018_127_124;konkreettisia;1
946;127/2018;2018_127_124;kovin;1
946;127/2018;2018_127_124;kuin;2
946;127/2018;2018_127_124;kun;2
946;127/2018;2018_127_124;kunnossa;1
946;127/2018;2018_127_124;kuntoon;1
946;127/2018;2018_127_124;käsitelty;1
946;127/2018;2018_127_124;käyttää;1
946;127/2018;2018_127_124;lakiesityksenä;1
946;127/2018;2018_127_124;liittyvä;1
946;127/2018;2018_127_124;lähti;1
946;127/2018;2018_127_124;mahdollista;1
946;127/2018;2018_127_124;merkeissä;2
946;127/2018;2018_127_124;merkittävä;1
946;127/2018;2018_127_124;mietintö;1
946;127/2018;2018_127_124;mietintömme;1
946;127/2018;2018_127_124;mikä;1
946;127/2018;2018_127_124;mutta;1
946;127/2018;2018_127_124;muutettaisiin;1
946;127/2018;2018_127_124;myönteisissä;2
946;127/2018;2018_127_124;myös;2
946;127/2018;2018_127_124;myöskin;1
946;127/2018;2018_127_124;niin;2
946;127/2018;2018_127_124;niitä;1
946;127/2018;2018_127_124;nyt;2
946;127/2018;2018_127_124;näille;1
946;127/2018;2018_127_124;nämä;1
946;127/2018;2018_127_124;odotettu;1
946;127/2018;2018_127_124;oli;2
946;127/2018;2018_127_124;olisi;1
946;127/2018;2018_127_124;on;11
946;127/2018;2018_127_124;opinahjosta;1
946;127/2018;2018_127_124;opintolainaakaan;1
946;127/2018;2018_127_124;opintotuessa;1
946;127/2018;2018_127_124;opiskelija;1
946;127/2018;2018_127_124;opiskelijan;1
946;127/2018;2018_127_124;opiskelijoille;1
946;127/2018;2018_127_124;opiskelijoitten;1
946;127/2018;2018_127_124;oppimateriaalilisälle;1
946;127/2018;2018_127_124;otettaisi;1
946;127/2018;2018_127_124;piirissä;1
946;127/2018;2018_127_124;pitkää;1
946;127/2018;2018_127_124;positiivinen;1
946;127/2018;2018_127_124;puheenvuoroa;1
946;127/2018;2018_127_124;puhemies;1
946;127/2018;2018_127_124;puhumattakaan;1
946;127/2018;2018_127_124;pysty;1
946;127/2018;2018_127_124;päivä;1
946;127/2018;2018_127_124;pääsimme;1
946;127/2018;2018_127_124;päässä;1
946;127/2018;2018_127_124;riittää;1
946;127/2018;2018_127_124;rouva;1
946;127/2018;2018_127_124;saada;1
946;127/2018;2018_127_124;saadaan;1
946;127/2018;2018_127_124;saamaan;1
946;127/2018;2018_127_124;salissa;1
946;127/2018;2018_127_124;samaan;1
946;127/2018;2018_127_124;samassa;1
946;127/2018;2018_127_124;se;1
946;127/2018;2018_127_124;seuraava;1
946;127/2018;2018_127_124;siinä;1
946;127/2018;2018_127_124;siis;3
946;127/2018;2018_127_124;siitä;2
946;127/2018;2018_127_124;sitten;5
946;127/2018;2018_127_124;suorastaan;1
946;127/2018;2018_127_124;tarvitse;1
946;127/2018;2018_127_124;taustalla;1
946;127/2018;2018_127_124;tekemään;1
946;127/2018;2018_127_124;todella;4
946;127/2018;2018_127_124;tuli;1
946;127/2018;2018_127_124;tullut;1
946;127/2018;2018_127_124;tuloina;1
946;127/2018;2018_127_124;tulokäsitettä;1
946;127/2018;2018_127_124;tuloloukussa;1
946;127/2018;2018_127_124;tulot;1
946;127/2018;2018_127_124;tuo;1
946;127/2018;2018_127_124;tuotiin;1
946;127/2018;2018_127_124;työhön;1
946;127/2018;2018_127_124;tähän;1
946;127/2018;2018_127_124;tälle;1
946;127/2018;2018_127_124;tämä;4
946;127/2018;2018_127_124;tämän;2
946;127/2018;2018_127_124;tässä;1
946;127/2018;2018_127_124;täällä;1
946;127/2018;2018_127_124;vaikkapa;1
946;127/2018;2018_127_124;vaikuttavat;1
946;127/2018;2018_127_124;valiokunnassa;1
946;127/2018;2018_127_124;vanhempien;1
946;127/2018;2018_127_124;vielä;1
946;127/2018;2018_127_124;voimaan;1
946;127/2018;2018_127_124;vähän;1
946;127/2018;2018_127_124;välttämättä;1
946;127/2018;2018_127_124;yksi;1
946;127/2018;2018_127_124;yksimielisesti;1
946;127/2018;2018_127_124;yleisen;1
946;127/2018;2018_127_124;yleistä;1
946;130/2018;2018_130_64;aika;1
946;130/2018;2018_130_64;aikaan;1
946;130/2018;2018_130_64;aina;1
946;130/2018;2018_130_64;aivan;1
946;130/2018;2018_130_64;ajattelen;1
946;130/2018;2018_130_64;ajattelette;1
946;130/2018;2018_130_64;ammatilliselta;1
946;130/2018;2018_130_64;ammattikouluihin;1
946;130/2018;2018_130_64;arvoisa;1
946;130/2018;2018_130_64;arvona;1
946;130/2018;2018_130_64;asia;1
946;130/2018;2018_130_64;asialle;1
946;130/2018;2018_130_64;b-luokan;1
946;130/2018;2018_130_64;ehkä;3
946;130/2018;2018_130_64;eikä;1
946;130/2018;2018_130_64;eivät;1
946;130/2018;2018_130_64;elämään;1
946;130/2018;2018_130_64;että;5
946;130/2018;2018_130_64;eväät;2
946;130/2018;2018_130_64;hetkeksi;1
946;130/2018;2018_130_64;hieman;1
946;130/2018;2018_130_64;huolestuttavia;1
946;130/2018;2018_130_64;hyvät;1
946;130/2018;2018_130_64;ja;2
946;130/2018;2018_130_64;joissakin;1
946;130/2018;2018_130_64;joita;1
946;130/2018;2018_130_64;joka;1
946;130/2018;2018_130_64;kaikilla;1
946;130/2018;2018_130_64;kaikista;1
946;130/2018;2018_130_64;kaikki;1
946;130/2018;2018_130_64;kansalaisia;1
946;130/2018;2018_130_64;keskustalle;1
946;130/2018;2018_130_64;kokonaisia;1
946;130/2018;2018_130_64;koputtaa;1
946;130/2018;2018_130_64;koulumaailmaan;1
946;130/2018;2018_130_64;koulutuksesta;1
946;130/2018;2018_130_64;koulutusleikkauksia;1
946;130/2018;2018_130_64;koulutuspuolella;1
946;130/2018;2018_130_64;kouluviikot;1
946;130/2018;2018_130_64;kuultu;1
946;130/2018;2018_130_64;kuuluu;1
946;130/2018;2018_130_64;lisääntynyt;1
946;130/2018;2018_130_64;lukioihin;1
946;130/2018;2018_130_64;lukiopuolella;1
946;130/2018;2018_130_64;mahdollisuudet;1
946;130/2018;2018_130_64;meille;1
946;130/2018;2018_130_64;mitä;2
946;130/2018;2018_130_64;muutenkin;1
946;130/2018;2018_130_64;ole;1
946;130/2018;2018_130_64;olisi;1
946;130/2018;2018_130_64;ollaan;1
946;130/2018;2018_130_64;on;5
946;130/2018;2018_130_64;osalta;1
946;130/2018;2018_130_64;ovat;1
946;130/2018;2018_130_64;pahimmillaan;1
946;130/2018;2018_130_64;periaate;1
946;130/2018;2018_130_64;pitäisi;1
946;130/2018;2018_130_64;puhemies;2
946;130/2018;2018_130_64;puolelta;1
946;130/2018;2018_130_64;pääsykoeuudistus;1
946;130/2018;2018_130_64;ratkaista;1
946;130/2018;2018_130_64;riippumatta;1
946;130/2018;2018_130_64;ryhmästä;1
946;130/2018;2018_130_64;saisivat;1
946;130/2018;2018_130_64;samaan;1
946;130/2018;2018_130_64;samanlaiset;1
946;130/2018;2018_130_64;se;2
946;130/2018;2018_130_64;siellä;2
946;130/2018;2018_130_64;siihen;1
946;130/2018;2018_130_64;siitä;3
946;130/2018;2018_130_64;sosiaalidemokraattien;1
946;130/2018;2018_130_64;stressi;1
946;130/2018;2018_130_64;suuria;1
946;130/2018;2018_130_64;syntyisi;1
946;130/2018;2018_130_64;tai;1
946;130/2018;2018_130_64;tapauksissa;1
946;130/2018;2018_130_64;tehdä;1
946;130/2018;2018_130_64;tehdään;1
946;130/2018;2018_130_64;tehtyä;1
946;130/2018;2018_130_64;tiistaista;1
946;130/2018;2018_130_64;torstaihin;1
946;130/2018;2018_130_64;tuliko;1
946;130/2018;2018_130_64;tuntimäärät;1
946;130/2018;2018_130_64;tuolla;1
946;130/2018;2018_130_64;työtä;1
946;130/2018;2018_130_64;tälle;1
946;130/2018;2018_130_64;tällä;1
946;130/2018;2018_130_64;tämä;1
946;130/2018;2018_130_64;tärkein;1
946;130/2018;2018_130_64;uutisia;1
946;130/2018;2018_130_64;vaikuttanut;1
946;130/2018;2018_130_64;vain;1
946;130/2018;2018_130_64;viestejä;1
946;130/2018;2018_130_64;viikolla;1
946;130/2018;2018_130_64;voisimme;1
946;130/2018;2018_130_64;vähän;2
946;130/2018;2018_130_64;yhdessä;1
946;130/2018;2018_130_64;yhtä;1
946;130/2018;2018_130_64;yleissivistyksen;1
946;130/2018;2018_130_64;yleissivistyksenkään;1
946;155/2018;2018_155_102;aikuisopiskelijat;1
946;155/2018;2018_155_102;aikuisopiskelijoiden;1
946;155/2018;2018_155_102;aineen;1
946;155/2018;2018_155_102;ainetta;2
946;155/2018;2018_155_102;antaa;1
946;155/2018;2018_155_102;arvio;1
946;155/2018;2018_155_102;arvioi;1
946;155/2018;2018_155_102;arvoisa;2
946;155/2018;2018_155_102;asema;1
946;155/2018;2018_155_102;asia;1
946;155/2018;2018_155_102;asiaa;1
946;155/2018;2018_155_102;asiaan;1
946;155/2018;2018_155_102;asiantuntijakuulemisissa;1
946;155/2018;2018_155_102;asiasta;1
946;155/2018;2018_155_102;edellyttää;3
946;155/2018;2018_155_102;eduskunta;3
946;155/2018;2018_155_102;ehtinyt;1
946;155/2018;2018_155_102;ei;2
946;155/2018;2018_155_102;englanninkieliseen;1
946;155/2018;2018_155_102;englanninkielisen;2
946;155/2018;2018_155_102;erityisesti;2
946;155/2018;2018_155_102;esittää;3
946;155/2018;2018_155_102;esitykseen;1
946;155/2018;2018_155_102;esityksen;3
946;155/2018;2018_155_102;esityksessä;3
946;155/2018;2018_155_102;esityksestä;1
946;155/2018;2018_155_102;esitys;1
946;155/2018;2018_155_102;esitystä;1
946;155/2018;2018_155_102;esitystähän;1
946;155/2018;2018_155_102;esitämme;3
946;155/2018;2018_155_102;esitämmekin;1
946;155/2018;2018_155_102;että;5
946;155/2018;2018_155_102;hakeutumista;1
946;155/2018;2018_155_102;hallituksen;6
946;155/2018;2018_155_102;hallitus;3
946;155/2018;2018_155_102;harkitsee;1
946;155/2018;2018_155_102;herännyt;1
946;155/2018;2018_155_102;heräsi;1
946;155/2018;2018_155_102;hetkellä;1
946;155/2018;2018_155_102;huoli;1
946;155/2018;2018_155_102;huomioon;2
946;155/2018;2018_155_102;huomiota;1
946;155/2018;2018_155_102;hyväksymistä;1
946;155/2018;2018_155_102;ilmoittautumiseen;1
946;155/2018;2018_155_102;itse;1
946;155/2018;2018_155_102;ja;15
946;155/2018;2018_155_102;jatko-opintokelpoisuuden;1
946;155/2018;2018_155_102;jatkossakin;1
946;155/2018;2018_155_102;jo;1
946;155/2018;2018_155_102;johon;1
946;155/2018;2018_155_102;joihin;1
946;155/2018;2018_155_102;joustavoitettaisiin;1
946;155/2018;2018_155_102;järjestettävä;2
946;155/2018;2018_155_102;järjestäjiä;1
946;155/2018;2018_155_102;järjestämisen;1
946;155/2018;2018_155_102;kahta;1
946;155/2018;2018_155_102;kaikkia;1
946;155/2018;2018_155_102;kaksoistutkintojen;1
946;155/2018;2018_155_102;kannatettava;1
946;155/2018;2018_155_102;kannatettavana;1
946;155/2018;2018_155_102;kansalliskielten;1
946;155/2018;2018_155_102;kanssa;2
946;155/2018;2018_155_102;kantaa;1
946;155/2018;2018_155_102;katsoo;1
946;155/2018;2018_155_102;kehittämiseen;1
946;155/2018;2018_155_102;kielessä;2
946;155/2018;2018_155_102;kiinnittäneet;1
946;155/2018;2018_155_102;kirjallisuudessa;1
946;155/2018;2018_155_102;kirjoitettua;1
946;155/2018;2018_155_102;koe;2
946;155/2018;2018_155_102;koetta;2
946;155/2018;2018_155_102;kokeisiin;1
946;155/2018;2018_155_102;kokelaan;2
946;155/2018;2018_155_102;kokonaan;1
946;155/2018;2018_155_102;kolme;1
946;155/2018;2018_155_102;kolmea;1
946;155/2018;2018_155_102;kolmeen;1
946;155/2018;2018_155_102;korkeakouluihin;1
946;155/2018;2018_155_102;korkeakoulujen;1
946;155/2018;2018_155_102;koska;1
946;155/2018;2018_155_102;kotimaisessa;1
946;155/2018;2018_155_102;koulutuksen;1
946;155/2018;2018_155_102;koulutusviennin;1
946;155/2018;2018_155_102;kuitenkin;3
946;155/2018;2018_155_102;kun;1
946;155/2018;2018_155_102;kuuluvat;1
946;155/2018;2018_155_102;kyseisten;1
946;155/2018;2018_155_102;kysymys;2
946;155/2018;2018_155_102;käsittelemään;1
946;155/2018;2018_155_102;laajempaa;1
946;155/2018;2018_155_102;lainsäädäntötoimiin;1
946;155/2018;2018_155_102;lausumaa;4
946;155/2018;2018_155_102;lausuman;1
946;155/2018;2018_155_102;lausumilla;1
946;155/2018;2018_155_102;liittyviä;1
946;155/2018;2018_155_102;linjassa;1
946;155/2018;2018_155_102;lisäksi;1
946;155/2018;2018_155_102;lukio-opintojen;1
946;155/2018;2018_155_102;lukiodiplomeihin;2
946;155/2018;2018_155_102;lukiodiplomijärjestelmän;1
946;155/2018;2018_155_102;lukiokoulutuksen;1
946;155/2018;2018_155_102;lukiokoulutuksessa;1
946;155/2018;2018_155_102;mahdollistaminen;1
946;155/2018;2018_155_102;mahdollistamiseksi;1
946;155/2018;2018_155_102;matematiikassa;1
946;155/2018;2018_155_102;menettelyjä;1
946;155/2018;2018_155_102;mietinnössä;1
946;155/2018;2018_155_102;mietintöön;1
946;155/2018;2018_155_102;miten;1
946;155/2018;2018_155_102;mukaan;1
946;155/2018;2018_155_102;mukaisesti;1
946;155/2018;2018_155_102;mutta;1
946;155/2018;2018_155_102;muutoksia;1
946;155/2018;2018_155_102;muutoksilla;1
946;155/2018;2018_155_102;muuttamista;1
946;155/2018;2018_155_102;myös;1
946;155/2018;2018_155_102;neljän;1
946;155/2018;2018_155_102;nykyisen;1
946;155/2018;2018_155_102;nykyisin;1
946;155/2018;2018_155_102;nähdä;1
946;155/2018;2018_155_102;näillä;1
946;155/2018;2018_155_102;näkökulmasta;1
946;155/2018;2018_155_102;olemme;1
946;155/2018;2018_155_102;oli;2
946;155/2018;2018_155_102;olisi;3
946;155/2018;2018_155_102;ollut;1
946;155/2018;2018_155_102;ominaiset;1
946;155/2018;2018_155_102;on;9
946;155/2018;2018_155_102;opiskelija;1
946;155/2018;2018_155_102;opiskelijat;1
946;155/2018;2018_155_102;opiskelijoista;1
946;155/2018;2018_155_102;oppiaineiden;1
946;155/2018;2018_155_102;osa;3
946;155/2018;2018_155_102;osalta;1
946;155/2018;2018_155_102;oteta;1
946;155/2018;2018_155_102;ottaa;1
946;155/2018;2018_155_102;ottaen;1
946;155/2018;2018_155_102;perusteella;1
946;155/2018;2018_155_102;perusteluita;1
946;155/2018;2018_155_102;perustuslain;1
946;155/2018;2018_155_102;perustuslainmukaisuudesta;1
946;155/2018;2018_155_102;perustuslakivaliokunta;1
946;155/2018;2018_155_102;pitää;1
946;155/2018;2018_155_102;pohjalta;1
946;155/2018;2018_155_102;poistamista;1
946;155/2018;2018_155_102;puhemies;2
946;155/2018;2018_155_102;pykälien;1
946;155/2018;2018_155_102;pääosin;1
946;155/2018;2018_155_102;pääsykoeuudistus;1
946;155/2018;2018_155_102;pääsykoeuudistusten;1
946;155/2018;2018_155_102;päätimme;1
946;155/2018;2018_155_102;rakenne;2
946;155/2018;2018_155_102;rakenteeseen;1
946;155/2018;2018_155_102;reaaliaineissa;1
946;155/2018;2018_155_102;riittävästi;1
946;155/2018;2018_155_102;ryhmässä;1
946;155/2018;2018_155_102;ryhtyy;2
946;155/2018;2018_155_102;saatavissa;1
946;155/2018;2018_155_102;samalla;1
946;155/2018;2018_155_102;sekä;1
946;155/2018;2018_155_102;selvittämään;1
946;155/2018;2018_155_102;selvityksen;1
946;155/2018;2018_155_102;sen;2
946;155/2018;2018_155_102;seuraa;1
946;155/2018;2018_155_102;seurantatietoa;1
946;155/2018;2018_155_102;siis;1
946;155/2018;2018_155_102;siitä;1
946;155/2018;2018_155_102;sijaan;1
946;155/2018;2018_155_102;sisältyvien;1
946;155/2018;2018_155_102;sisältyvät;1
946;155/2018;2018_155_102;sisältyy;1
946;155/2018;2018_155_102;sivistysvaliokunnalle;1
946;155/2018;2018_155_102;sivistysvaliokunta;2
946;155/2018;2018_155_102;suoritettava;1
946;155/2018;2018_155_102;suorittaa;1
946;155/2018;2018_155_102;suorittamiseen;1
946;155/2018;2018_155_102;suorittamisen;1
946;155/2018;2018_155_102;suorittavan;1
946;155/2018;2018_155_102;suorittavat;1
946;155/2018;2018_155_102;suunnitelmaa;1
946;155/2018;2018_155_102;suurin;1
946;155/2018;2018_155_102;säilyttää;1
946;155/2018;2018_155_102;taideaineille;1
946;155/2018;2018_155_102;taito;1
946;155/2018;2018_155_102;takaavana;1
946;155/2018;2018_155_102;tarvittaviin;1
946;155/2018;2018_155_102;taustalla;1
946;155/2018;2018_155_102;tavat;1
946;155/2018;2018_155_102;tavoitteena;1
946;155/2018;2018_155_102;tehtyjen;1
946;155/2018;2018_155_102;tekemistä;1
946;155/2018;2018_155_102;tiedon;2
946;155/2018;2018_155_102;tietysti;1
946;155/2018;2018_155_102;tilanteesta;1
946;155/2018;2018_155_102;toimeenpanosta;1
946;155/2018;2018_155_102;toinen;1
946;155/2018;2018_155_102;toisessa;1
946;155/2018;2018_155_102;tukee;1
946;155/2018;2018_155_102;tulee;2
946;155/2018;2018_155_102;tuo;1
946;155/2018;2018_155_102;tuon;1
946;155/2018;2018_155_102;tuota;1
946;155/2018;2018_155_102;tuottamisen;2
946;155/2018;2018_155_102;tutkintoa;1
946;155/2018;2018_155_102;tutkintona;1
946;155/2018;2018_155_102;tähtäävää;1
946;155/2018;2018_155_102;tällä;1
946;155/2018;2018_155_102;tämän;1
946;155/2018;2018_155_102;tärkeä;1
946;155/2018;2018_155_102;tässä;2
946;155/2018;2018_155_102;tästä;1
946;155/2018;2018_155_102;uuden;1
946;155/2018;2018_155_102;uudistamisesta;1
946;155/2018;2018_155_102;uudistuksen;1
946;155/2018;2018_155_102;uudistuneessa;1
946;155/2018;2018_155_102;uusi;1
946;155/2018;2018_155_102;vaatimukset;1
946;155/2018;2018_155_102;vaikuttaa;1
946;155/2018;2018_155_102;valinnan;1
946;155/2018;2018_155_102;valiokunnan;1
946;155/2018;2018_155_102;valiokunnassa;1
946;155/2018;2018_155_102;valiokunta;2
946;155/2018;2018_155_102;valita;1
946;155/2018;2018_155_102;vastalause;1
946;155/2018;2018_155_102;velvoittavaksi;1
946;155/2018;2018_155_102;vieraassa;1
946;155/2018;2018_155_102;viidennen;1
946;155/2018;2018_155_102;viisi;3
946;155/2018;2018_155_102;voi;1
946;155/2018;2018_155_102;vähintään;2
946;155/2018;2018_155_102;välttämättä;1
946;155/2018;2018_155_102;yhdenvertaisina;1
946;155/2018;2018_155_102;yksi;1
946;155/2018;2018_155_102;yleisesti;1
946;155/2018;2018_155_102;yleissivistävänä;1
946;155/2018;2018_155_102;ylioppilastutkinnon;8
946;155/2018;2018_155_102;ylioppilastutkinto;1
946;155/2018;2018_155_102;ylioppilastutkintoa;1
946;155/2018;2018_155_102;ylioppilastutkintoon;2
946;155/2018;2018_155_102;äidinkielessä;1
946;155/2018;2018_155_109;aika;1
946;155/2018;2018_155_109;aikana;1
946;155/2018;2018_155_109;aina;1
946;155/2018;2018_155_109;ainekirjoituksilla;1
946;155/2018;2018_155_109;aivan;1
946;155/2018;2018_155_109;ajattelisin;1
946;155/2018;2018_155_109;ajattelun;1
946;155/2018;2018_155_109;ajatus;3
946;155/2018;2018_155_109;ammatillisen;1
946;155/2018;2018_155_109;anderssonin;1
946;155/2018;2018_155_109;arvoisa;1
946;155/2018;2018_155_109;asia;1
946;155/2018;2018_155_109;asteen;1
946;155/2018;2018_155_109;autonomia;1
946;155/2018;2018_155_109;edustaja;1
946;155/2018;2018_155_109;ei;2
946;155/2018;2018_155_109;eihän;1
946;155/2018;2018_155_109;eli;1
946;155/2018;2018_155_109;enää;1
946;155/2018;2018_155_109;erikseen;1
946;155/2018;2018_155_109;esille;1
946;155/2018;2018_155_109;esimerkiksi;1
946;155/2018;2018_155_109;esitetään;1
946;155/2018;2018_155_109;että;5
946;155/2018;2018_155_109;hyvä;1
946;155/2018;2018_155_109;hän;1
946;155/2018;2018_155_109;ideaali;1
946;155/2018;2018_155_109;ihan;4
946;155/2018;2018_155_109;ikään;2
946;155/2018;2018_155_109;itse;1
946;155/2018;2018_155_109;ja;8
946;155/2018;2018_155_109;jalostamisessa;1
946;155/2018;2018_155_109;jatkuvasti;1
946;155/2018;2018_155_109;jo;1
946;155/2018;2018_155_109;joka;1
946;155/2018;2018_155_109;jopa;1
946;155/2018;2018_155_109;jossa;1
946;155/2018;2018_155_109;järjestelmää;1
946;155/2018;2018_155_109;järjestäjiä;1
946;155/2018;2018_155_109;kai;1
946;155/2018;2018_155_109;kaikkia;1
946;155/2018;2018_155_109;kansiota;1
946;155/2018;2018_155_109;kautta;1
946;155/2018;2018_155_109;kehitettäisiin;1
946;155/2018;2018_155_109;kehitettävää;1
946;155/2018;2018_155_109;kerätä;1
946;155/2018;2018_155_109;keskeinen;1
946;155/2018;2018_155_109;kokonaisuutena;1
946;155/2018;2018_155_109;korkeakoulupuolella;1
946;155/2018;2018_155_109;korkeakouluun;1
946;155/2018;2018_155_109;koska;1
946;155/2018;2018_155_109;koulutuksen;1
946;155/2018;2018_155_109;kritiikki;1
946;155/2018;2018_155_109;kuin;2
946;155/2018;2018_155_109;kuitenkaan;1
946;155/2018;2018_155_109;kyllä;2
946;155/2018;2018_155_109;kypsyytensä;1
946;155/2018;2018_155_109;kysymys;1
946;155/2018;2018_155_109;lainsäädäntötoimiin;1
946;155/2018;2018_155_109;lainsäädäntöuudistuksia;1
946;155/2018;2018_155_109;lausumaa;1
946;155/2018;2018_155_109;lausumana;1
946;155/2018;2018_155_109;lukiodiplomijärjestelmän;1
946;155/2018;2018_155_109;lukiodiplomista;1
946;155/2018;2018_155_109;lukiodiplomityyppisen;1
946;155/2018;2018_155_109;lukiolainen;1
946;155/2018;2018_155_109;lukion;3
946;155/2018;2018_155_109;lukiopuolen;1
946;155/2018;2018_155_109;lähtökohta;2
946;155/2018;2018_155_109;lähtökohtana;1
946;155/2018;2018_155_109;löytäisimme;1
946;155/2018;2018_155_109;marssijärjestys;1
946;155/2018;2018_155_109;meidän;1
946;155/2018;2018_155_109;menevillä;1
946;155/2018;2018_155_109;menisin;1
946;155/2018;2018_155_109;mennään;1
946;155/2018;2018_155_109;mielestäni;3
946;155/2018;2018_155_109;mieltä;1
946;155/2018;2018_155_109;mietinnön;1
946;155/2018;2018_155_109;minigradua;1
946;155/2018;2018_155_109;minkä;1
946;155/2018;2018_155_109;minun;1
946;155/2018;2018_155_109;mutta;1
946;155/2018;2018_155_109;muuttamista;1
946;155/2018;2018_155_109;myös;2
946;155/2018;2018_155_109;ne;1
946;155/2018;2018_155_109;niihin;1
946;155/2018;2018_155_109;niin;1
946;155/2018;2018_155_109;niinkään;1
946;155/2018;2018_155_109;niistä;1
946;155/2018;2018_155_109;no;1
946;155/2018;2018_155_109;nousi;1
946;155/2018;2018_155_109;nykyisten;1
946;155/2018;2018_155_109;näin;1
946;155/2018;2018_155_109;oikeampi;1
946;155/2018;2018_155_109;ole;2
946;155/2018;2018_155_109;olemassa;1
946;155/2018;2018_155_109;olen;1
946;155/2018;2018_155_109;olisi;1
946;155/2018;2018_155_109;olla;2
946;155/2018;2018_155_109;omaa;3
946;155/2018;2018_155_109;oman;1
946;155/2018;2018_155_109;on;8
946;155/2018;2018_155_109;oppiainerajojen;1
946;155/2018;2018_155_109;osaamistaan;1
946;155/2018;2018_155_109;osoittaa;2
946;155/2018;2018_155_109;paikallaan;1
946;155/2018;2018_155_109;paljon;1
946;155/2018;2018_155_109;periaate;1
946;155/2018;2018_155_109;perusteella;1
946;155/2018;2018_155_109;perusteltu;1
946;155/2018;2018_155_109;pitemmälle;1
946;155/2018;2018_155_109;pitäisi;1
946;155/2018;2018_155_109;pohtimisesta;1
946;155/2018;2018_155_109;portfoliota;1
946;155/2018;2018_155_109;puhemies;1
946;155/2018;2018_155_109;puhuttu;1
946;155/2018;2018_155_109;puolen;1
946;155/2018;2018_155_109;pyrkiessään;1
946;155/2018;2018_155_109;pääsykoejärjestelmät;1
946;155/2018;2018_155_109;reagoidaan;1
946;155/2018;2018_155_109;reagoivat;1
946;155/2018;2018_155_109;rinnalle;1
946;155/2018;2018_155_109;ryhdytään;2
946;155/2018;2018_155_109;saavuttanut;1
946;155/2018;2018_155_109;samaa;1
946;155/2018;2018_155_109;sanottu;2
946;155/2018;2018_155_109;se;5
946;155/2018;2018_155_109;selvittämään;1
946;155/2018;2018_155_109;sen;3
946;155/2018;2018_155_109;siellä;2
946;155/2018;2018_155_109;siihenkin;1
946;155/2018;2018_155_109;siitä;2
946;155/2018;2018_155_109;siltoja;1
946;155/2018;2018_155_109;sisällä;1
946;155/2018;2018_155_109;sitten;4
946;155/2018;2018_155_109;sitä;1
946;155/2018;2018_155_109;tai;1
946;155/2018;2018_155_109;talossa;1
946;155/2018;2018_155_109;tarvittaviin;1
946;155/2018;2018_155_109;tehdä;2
946;155/2018;2018_155_109;tehdään;1
946;155/2018;2018_155_109;tietenkin;1
946;155/2018;2018_155_109;toisen;1
946;155/2018;2018_155_109;toisinpäin;1
946;155/2018;2018_155_109;toivon;1
946;155/2018;2018_155_109;totta;1
946;155/2018;2018_155_109;tulevaisuudessa;1
946;155/2018;2018_155_109;tulevissa;1
946;155/2018;2018_155_109;tuli;1
946;155/2018;2018_155_109;tutkielmilla;1
946;155/2018;2018_155_109;tämä;1
946;155/2018;2018_155_109;tämän;1
946;155/2018;2018_155_109;tärkeä;1
946;155/2018;2018_155_109;tässä;6
946;155/2018;2018_155_109;tässähän;2
946;155/2018;2018_155_109;tästä;1
946;155/2018;2018_155_109;täytyy;1
946;155/2018;2018_155_109;täällä;3
946;155/2018;2018_155_109;ulkopuolelta;1
946;155/2018;2018_155_109;uudistuksia;2
946;155/2018;2018_155_109;uudistuksissa;1
946;155/2018;2018_155_109;vaan;1
946;155/2018;2018_155_109;vahvasti;2
946;155/2018;2018_155_109;vaikkapa;1
946;155/2018;2018_155_109;velvoittavaksi;1
946;155/2018;2018_155_109;voimakkaasti;1
946;155/2018;2018_155_109;voisi;3
946;155/2018;2018_155_109;vähän;1
946;155/2018;2018_155_109;yhteisiä;1
946;155/2018;2018_155_109;yksinkertainen;1
946;155/2018;2018_155_109;yleissivistyksen;1
946;155/2018;2018_155_109;yli;1
946;155/2018;2018_155_109;ylioppilaskirjoitusten;1
946;155/2018;2018_155_116;ahkera;1
946;155/2018;2018_155_116;aikuislukio-opiskelua;1
946;155/2018;2018_155_116;aineen;1
946;155/2018;2018_155_116;aineesta;2
946;155/2018;2018_155_116;alleviivasi;1
946;155/2018;2018_155_116;andersson;2
946;155/2018;2018_155_116;arvoisa;1
946;155/2018;2018_155_116;asia;1
946;155/2018;2018_155_116;edelleen;1
946;155/2018;2018_155_116;edustaja;3
946;155/2018;2018_155_116;ei;2
946;155/2018;2018_155_116;eivät;1
946;155/2018;2018_155_116;en;1
946;155/2018;2018_155_116;enää;1
946;155/2018;2018_155_116;erittäin;3
946;155/2018;2018_155_116;esteeksi;1
946;155/2018;2018_155_116;eteen;1
946;155/2018;2018_155_116;etteikö;1
946;155/2018;2018_155_116;että;4
946;155/2018;2018_155_116;gaudeamus;2
946;155/2018;2018_155_116;halutessaan;1
946;155/2018;2018_155_116;he;4
946;155/2018;2018_155_116;heillä;1
946;155/2018;2018_155_116;hylättiin;1
946;155/2018;2018_155_116;hylätty;1
946;155/2018;2018_155_116;igitur;2
946;155/2018;2018_155_116;itse;1
946;155/2018;2018_155_116;ja;5
946;155/2018;2018_155_116;jatko-opintoihin;1
946;155/2018;2018_155_116;jo;1
946;155/2018;2018_155_116;jos;1
946;155/2018;2018_155_116;jossa;1
946;155/2018;2018_155_116;jostakin;1
946;155/2018;2018_155_116;julkistetuista;1
946;155/2018;2018_155_116;juuri;1
946;155/2018;2018_155_116;jälkeenkin;1
946;155/2018;2018_155_116;kaksoistutkintoja;1
946;155/2018;2018_155_116;kannatan;1
946;155/2018;2018_155_116;kannattaneet;1
946;155/2018;2018_155_116;kannattavat;1
946;155/2018;2018_155_116;kenellekään;1
946;155/2018;2018_155_116;keskustelussa;1
946;155/2018;2018_155_116;kirjallisista;1
946;155/2018;2018_155_116;kirjoittamalla;1
946;155/2018;2018_155_116;kirjoittamisen;1
946;155/2018;2018_155_116;kirjoituksen;1
946;155/2018;2018_155_116;kokeen;1
946;155/2018;2018_155_116;kompensaatiojärjestelmä;1
946;155/2018;2018_155_116;koska;1
946;155/2018;2018_155_116;kun;2
946;155/2018;2018_155_116;lausunnoistakin;1
946;155/2018;2018_155_116;lienee;1
946;155/2018;2018_155_116;löytyy;1
946;155/2018;2018_155_116;mahdollista;1
946;155/2018;2018_155_116;mahdollistivat;1
946;155/2018;2018_155_116;mahdollisuus;1
946;155/2018;2018_155_116;mallia;2
946;155/2018;2018_155_116;mallin;1
946;155/2018;2018_155_116;mietinnössään;1
946;155/2018;2018_155_116;mikä;2
946;155/2018;2018_155_116;muista;1
946;155/2018;2018_155_116;muodostua;1
946;155/2018;2018_155_116;mutta;1
946;155/2018;2018_155_116;muuttunut;1
946;155/2018;2018_155_116;neljänkin;1
946;155/2018;2018_155_116;niin;1
946;155/2018;2018_155_116;nimenomaan;1
946;155/2018;2018_155_116;nyt;2
946;155/2018;2018_155_116;ole;1
946;155/2018;2018_155_116;olemassa;1
946;155/2018;2018_155_116;olette;2
946;155/2018;2018_155_116;oliko;3
946;155/2018;2018_155_116;olivat;1
946;155/2018;2018_155_116;ollut;1
946;155/2018;2018_155_116;on;4
946;155/2018;2018_155_116;paikallaan;1
946;155/2018;2018_155_116;paremmin;1
946;155/2018;2018_155_116;pidän;1
946;155/2018;2018_155_116;pitivät;1
946;155/2018;2018_155_116;puheenjohtaja;1
946;155/2018;2018_155_116;puhemies;1
946;155/2018;2018_155_116;päällekkäisyys;1
946;155/2018;2018_155_116;päästä;3
946;155/2018;2018_155_116;ryhmän;1
946;155/2018;2018_155_116;saa;1
946;155/2018;2018_155_116;salissa;1
946;155/2018;2018_155_116;sanoa;1
946;155/2018;2018_155_116;se;2
946;155/2018;2018_155_116;sen;2
946;155/2018;2018_155_116;siellä;1
946;155/2018;2018_155_116;silloin;2
946;155/2018;2018_155_116;sittemmin;1
946;155/2018;2018_155_116;sitten;2
946;155/2018;2018_155_116;sitä;4
946;155/2018;2018_155_116;taisi;1
946;155/2018;2018_155_116;teillä;1
946;155/2018;2018_155_116;toisesta;1
946;155/2018;2018_155_116;tulee;1
946;155/2018;2018_155_116;tuota;1
946;155/2018;2018_155_116;työhön;1
946;155/2018;2018_155_116;työryhmän;1
946;155/2018;2018_155_116;tällä;1
946;155/2018;2018_155_116;tämmöisen;1
946;155/2018;2018_155_116;tämä;1
946;155/2018;2018_155_116;tämähän;1
946;155/2018;2018_155_116;tämän;1
946;155/2018;2018_155_116;tärkeänä;1
946;155/2018;2018_155_116;tässä;1
946;155/2018;2018_155_116;tätähän;1
946;155/2018;2018_155_116;vaan;1
946;155/2018;2018_155_116;valintakoejärjestelmä;1
946;155/2018;2018_155_116;valiokunnassa;2
946;155/2018;2018_155_116;valiokunta;1
946;155/2018;2018_155_116;varapuheenjohtaja;1
946;155/2018;2018_155_116;vartenhan;1
946;155/2018;2018_155_116;vetosivat;1
946;155/2018;2018_155_116;vielä;2
946;155/2018;2018_155_116;viiden;2
946;155/2018;2018_155_116;viitata;1
946;155/2018;2018_155_116;voimakkaasti;2
946;155/2018;2018_155_116;voisi;1
946;155/2018;2018_155_116;vuoksi;1
946;155/2018;2018_155_116;vähän;1
946;155/2018;2018_155_116;välttämättömänä;1
946;155/2018;2018_155_116;yleensä;1
946;155/2018;2018_155_116;yleissivistysperusteella;1
946;155/2018;2018_155_116;ylioppilaaksi;3
946;155/2018;2018_155_116;äärimmäisen;1
946;165/2018;2018_165_148;aiheuttavat;1
946;165/2018;2018_165_148;aiheutuvia;1
946;165/2018;2018_165_148;aiheutuvien;1
946;165/2018;2018_165_148;aiheutuvista;1
946;165/2018;2018_165_148;aikaansaadaan;1
946;165/2018;2018_165_148;alenevat;1
946;165/2018;2018_165_148;alentamiseksi;1
946;165/2018;2018_165_148;alkuvuodesta;1
946;165/2018;2018_165_148;alle;1
946;165/2018;2018_165_148;aloitteen;3
946;165/2018;2018_165_148;aloitteessa;2
946;165/2018;2018_165_148;amisbarometrin;1
946;165/2018;2018_165_148;ammatillisessa;1
946;165/2018;2018_165_148;ammatillisten;1
946;165/2018;2018_165_148;anneta;1
946;165/2018;2018_165_148;annettavat;1
946;165/2018;2018_165_148;arvioi;2
946;165/2018;2018_165_148;arviointi;1
946;165/2018;2018_165_148;arviointitiedon;1
946;165/2018;2018_165_148;arvioitujen;1
946;165/2018;2018_165_148;arvion;1
946;165/2018;2018_165_148;arvioon;1
946;165/2018;2018_165_148;arvoisa;3
946;165/2018;2018_165_148;asema;1
946;165/2018;2018_165_148;asia;1
946;165/2018;2018_165_148;asiantuntijakuulemisen;1
946;165/2018;2018_165_148;asiantuntijakuulemisissa;1
946;165/2018;2018_165_148;asiantuntijakuulemissa;1
946;165/2018;2018_165_148;asteella;1
946;165/2018;2018_165_148;asteen;8
946;165/2018;2018_165_148;astuu;1
946;165/2018;2018_165_148;avoimia;1
946;165/2018;2018_165_148;avustusta;1
946;165/2018;2018_165_148;digitaalisia;1
946;165/2018;2018_165_148;edellyttää;2
946;165/2018;2018_165_148;edellä;1
946;165/2018;2018_165_148;eduskunnan;3
946;165/2018;2018_165_148;eduskunta;4
946;165/2018;2018_165_148;ehdottaa;1
946;165/2018;2018_165_148;ehdotuksen;1
946;165/2018;2018_165_148;ehdotukset;1
946;165/2018;2018_165_148;ehkä;2
946;165/2018;2018_165_148;ei;3
946;165/2018;2018_165_148;eivät;1
946;165/2018;2018_165_148;elokuussa;1
946;165/2018;2018_165_148;erinomaisena;1
946;165/2018;2018_165_148;esille;4
946;165/2018;2018_165_148;esillä;1
946;165/2018;2018_165_148;esitetty;1
946;165/2018;2018_165_148;esitetään;1
946;165/2018;2018_165_148;esittelyn;1
946;165/2018;2018_165_148;esittää;2
946;165/2018;2018_165_148;esitämme;1
946;165/2018;2018_165_148;estää;1
946;165/2018;2018_165_148;että;15
946;165/2018;2018_165_148;etukäteen;1
946;165/2018;2018_165_148;euroa;1
946;165/2018;2018_165_148;eurojen;1
946;165/2018;2018_165_148;euron;1
946;165/2018;2018_165_148;haasteet;1
946;165/2018;2018_165_148;hallituskausien;1
946;165/2018;2018_165_148;halusimme;1
946;165/2018;2018_165_148;hankkeelle;1
946;165/2018;2018_165_148;hankkeet;2
946;165/2018;2018_165_148;harmittavalta;1
946;165/2018;2018_165_148;hassulta;1
946;165/2018;2018_165_148;hedelmällisintä;1
946;165/2018;2018_165_148;heidän;2
946;165/2018;2018_165_148;heillä;1
946;165/2018;2018_165_148;hetkellä;1
946;165/2018;2018_165_148;hieman;1
946;165/2018;2018_165_148;huolehtii;1
946;165/2018;2018_165_148;huoli;1
946;165/2018;2018_165_148;huomioon;2
946;165/2018;2018_165_148;huomiota;1
946;165/2018;2018_165_148;hylkäämistä;1
946;165/2018;2018_165_148;hylkäämään;1
946;165/2018;2018_165_148;hyvinvointiin;1
946;165/2018;2018_165_148;hyväksymä;1
946;165/2018;2018_165_148;hyväksyttäväksi;1
946;165/2018;2018_165_148;ikään;1
946;165/2018;2018_165_148;ilmi;1
946;165/2018;2018_165_148;ja;23
946;165/2018;2018_165_148;jatkotoimenpiteiksi;1
946;165/2018;2018_165_148;jatkovalmistelun;1
946;165/2018;2018_165_148;jo;2
946;165/2018;2018_165_148;joidenkin;1
946;165/2018;2018_165_148;joilla;1
946;165/2018;2018_165_148;joissa;1
946;165/2018;2018_165_148;joka;1
946;165/2018;2018_165_148;jokainen;1
946;165/2018;2018_165_148;jolla;1
946;165/2018;2018_165_148;jolloin;1
946;165/2018;2018_165_148;jonka;1
946;165/2018;2018_165_148;jopa;2
946;165/2018;2018_165_148;jos;1
946;165/2018;2018_165_148;jossa;1
946;165/2018;2018_165_148;jotka;1
946;165/2018;2018_165_148;jouduimme;1
946;165/2018;2018_165_148;jälkeen;1
946;165/2018;2018_165_148;järjestäjille;2
946;165/2018;2018_165_148;jäänyt;1
946;165/2018;2018_165_148;jäävät;1
946;165/2018;2018_165_148;kaikista;1
946;165/2018;2018_165_148;kannathan;1
946;165/2018;2018_165_148;kansalais-aloitteessa;1
946;165/2018;2018_165_148;kansalaisaloitejärjestelmässä;1
946;165/2018;2018_165_148;kansalaisaloitelaki;1
946;165/2018;2018_165_148;kansalaisaloitteen;2
946;165/2018;2018_165_148;kansalaisaloitteessa;1
946;165/2018;2018_165_148;kattaa;1
946;165/2018;2018_165_148;kehitettävää;1
946;165/2018;2018_165_148;kehitetään;1
946;165/2018;2018_165_148;kehitystä;1
946;165/2018;2018_165_148;keinoista;1
946;165/2018;2018_165_148;kertaan;1
946;165/2018;2018_165_148;keskeyttämiseen;2
946;165/2018;2018_165_148;keskeyttämiselle;1
946;165/2018;2018_165_148;keskeyttämisen;1
946;165/2018;2018_165_148;keskittää;1
946;165/2018;2018_165_148;keskustelussa;1
946;165/2018;2018_165_148;keskusteluun;1
946;165/2018;2018_165_148;kiitos;1
946;165/2018;2018_165_148;kirjat;1
946;165/2018;2018_165_148;kohtuullisina;1
946;165/2018;2018_165_148;koituvat;1
946;165/2018;2018_165_148;koko;2
946;165/2018;2018_165_148;konkreettisia;1
946;165/2018;2018_165_148;korkeimmillaan;1
946;165/2018;2018_165_148;koulumatkoista;1
946;165/2018;2018_165_148;koulun;1
946;165/2018;2018_165_148;koulutuksen;8
946;165/2018;2018_165_148;koulutuksessa;1
946;165/2018;2018_165_148;koulutusvalintoihin;1
946;165/2018;2018_165_148;kuin;1
946;165/2018;2018_165_148;kuitenkin;1
946;165/2018;2018_165_148;kulttuuriministeriö;1
946;165/2018;2018_165_148;kuluessa;1
946;165/2018;2018_165_148;kunnolla;1
946;165/2018;2018_165_148;kustannukset;4
946;165/2018;2018_165_148;kustannuksia;2
946;165/2018;2018_165_148;kustannuksista;1
946;165/2018;2018_165_148;kustannusten;1
946;165/2018;2018_165_148;kuten;1
946;165/2018;2018_165_148;kuukaudessa;1
946;165/2018;2018_165_148;kuuluu;2
946;165/2018;2018_165_148;kävimme;1
946;165/2018;2018_165_148;käynnistetyt;1
946;165/2018;2018_165_148;käynnistämiseksi;1
946;165/2018;2018_165_148;käytettävissä;1
946;165/2018;2018_165_148;käyttöön;1
946;165/2018;2018_165_148;käyvät;1
946;165/2018;2018_165_148;laajan;1
946;165/2018;2018_165_148;laatii;1
946;165/2018;2018_165_148;lainvalmistelu;1
946;165/2018;2018_165_148;lainvalmisteluun;1
946;165/2018;2018_165_148;lakiuudistuksen;1
946;165/2018;2018_165_148;lakiuudistuksiin;1
946;165/2018;2018_165_148;lapsivaikutusten;1
946;165/2018;2018_165_148;lausumaa;2
946;165/2018;2018_165_148;lausumien;2
946;165/2018;2018_165_148;lausumissaan;1
946;165/2018;2018_165_148;lausumista;1
946;165/2018;2018_165_148;liittyvien;1
946;165/2018;2018_165_148;liittyvät;1
946;165/2018;2018_165_148;lisäksi;2
946;165/2018;2018_165_148;lisän;1
946;165/2018;2018_165_148;lopussa;1
946;165/2018;2018_165_148;lukio;1
946;165/2018;2018_165_148;lukio-opintojen;1
946;165/2018;2018_165_148;lukiolaisille;1
946;165/2018;2018_165_148;lukiossa;1
946;165/2018;2018_165_148;lähtökohdista;1
946;165/2018;2018_165_148;lämmin;1
946;165/2018;2018_165_148;mahdollisesti;1
946;165/2018;2018_165_148;mahdollisia;1
946;165/2018;2018_165_148;mahdollisista;1
946;165/2018;2018_165_148;mahdollistaa;1
946;165/2018;2018_165_148;mainittuun;1
946;165/2018;2018_165_148;maksullisuuden;1
946;165/2018;2018_165_148;maksullisuudesta;1
946;165/2018;2018_165_148;maksullisuus;1
946;165/2018;2018_165_148;maksutonta;1
946;165/2018;2018_165_148;maksuttoman;1
946;165/2018;2018_165_148;maksuttomuuden;2
946;165/2018;2018_165_148;maksuttomuus;1
946;165/2018;2018_165_148;materiaalipankkeja;1
946;165/2018;2018_165_148;materiaalit;1
946;165/2018;2018_165_148;menoja;1
946;165/2018;2018_165_148;menolisäyksiä;1
946;165/2018;2018_165_148;merkittävimpiä;1
946;165/2018;2018_165_148;merkittäviä;2
946;165/2018;2018_165_148;merkittävänä;1
946;165/2018;2018_165_148;merkittävät;1
946;165/2018;2018_165_148;mielestä;1
946;165/2018;2018_165_148;mielestäni;1
946;165/2018;2018_165_148;mietinnön;1
946;165/2018;2018_165_148;mietinnössään;1
946;165/2018;2018_165_148;mietintöön;1
946;165/2018;2018_165_148;miljoonan;1
946;165/2018;2018_165_148;miten;1
946;165/2018;2018_165_148;muiden;1
946;165/2018;2018_165_148;mukaan;4
946;165/2018;2018_165_148;mukainen;1
946;165/2018;2018_165_148;muotoseikan;1
946;165/2018;2018_165_148;museo;1
946;165/2018;2018_165_148;mutta;3
946;165/2018;2018_165_148;muut;1
946;165/2018;2018_165_148;muuta;1
946;165/2018;2018_165_148;myöntänyt;1
946;165/2018;2018_165_148;myös;4
946;165/2018;2018_165_148;myötä;1
946;165/2018;2018_165_148;määrästä;1
946;165/2018;2018_165_148;ne;1
946;165/2018;2018_165_148;niiden;2
946;165/2018;2018_165_148;niin;1
946;165/2018;2018_165_148;nimenomaan;1
946;165/2018;2018_165_148;noista;1
946;165/2018;2018_165_148;noitten;1
946;165/2018;2018_165_148;nousivat;2
946;165/2018;2018_165_148;nuo;1
946;165/2018;2018_165_148;nuori;1
946;165/2018;2018_165_148;nuorta;1
946;165/2018;2018_165_148;nuorten;1
946;165/2018;2018_165_148;nykyiseen;1
946;165/2018;2018_165_148;nykyisessä;1
946;165/2018;2018_165_148;näin;1
946;165/2018;2018_165_148;nämä;1
946;165/2018;2018_165_148;ohjeistus;1
946;165/2018;2018_165_148;oikea;1
946;165/2018;2018_165_148;ole;1
946;165/2018;2018_165_148;olisi;1
946;165/2018;2018_165_148;olla;1
946;165/2018;2018_165_148;ollut;1
946;165/2018;2018_165_148;omaan;1
946;165/2018;2018_165_148;on;10
946;165/2018;2018_165_148;opetus;1
946;165/2018;2018_165_148;opetushallituksen;1
946;165/2018;2018_165_148;opetushallitus;1
946;165/2018;2018_165_148;opetusta;1
946;165/2018;2018_165_148;opinnoista;2
946;165/2018;2018_165_148;opintoihin;1
946;165/2018;2018_165_148;opintojen;4
946;165/2018;2018_165_148;opintotukilain;1
946;165/2018;2018_165_148;opiskelevaa;1
946;165/2018;2018_165_148;opiskelijalle;1
946;165/2018;2018_165_148;opiskelijan;1
946;165/2018;2018_165_148;opiskelijoiden;2
946;165/2018;2018_165_148;opiskelijoille;4
946;165/2018;2018_165_148;opiskeluhan;1
946;165/2018;2018_165_148;opiskelumotivaatio;1
946;165/2018;2018_165_148;oppimateriaaleja;1
946;165/2018;2018_165_148;oppimateriaalikustannusten;2
946;165/2018;2018_165_148;oppimateriaalilisä;2
946;165/2018;2018_165_148;oppimateriaalit;1
946;165/2018;2018_165_148;oppimisvaikeudet;1
946;165/2018;2018_165_148;osallistumisen;1
946;165/2018;2018_165_148;osalta;1
946;165/2018;2018_165_148;ottaen;2
946;165/2018;2018_165_148;ovat;4
946;165/2018;2018_165_148;painottaakin;1
946;165/2018;2018_165_148;pakolliset;1
946;165/2018;2018_165_148;parantamiseksi;1
946;165/2018;2018_165_148;parantavan;1
946;165/2018;2018_165_148;perheiden;1
946;165/2018;2018_165_148;perheilleen;1
946;165/2018;2018_165_148;perusteella;1
946;165/2018;2018_165_148;perusteellinen;1
946;165/2018;2018_165_148;perusteellisen;1
946;165/2018;2018_165_148;pienempituloisten;1
946;165/2018;2018_165_148;piiriin;1
946;165/2018;2018_165_148;piti;1
946;165/2018;2018_165_148;pitää;2
946;165/2018;2018_165_148;pohjalta;4
946;165/2018;2018_165_148;poistamiseksi;1
946;165/2018;2018_165_148;prosentilla;1
946;165/2018;2018_165_148;prosenttia;2
946;165/2018;2018_165_148;puhemies;3
946;165/2018;2018_165_148;puolesta;1
946;165/2018;2018_165_148;pärjäämiselle;1
946;165/2018;2018_165_148;rahahuolet;1
946;165/2018;2018_165_148;rahoittaminen;1
946;165/2018;2018_165_148;resurssit;1
946;165/2018;2018_165_148;riippumatta;1
946;165/2018;2018_165_148;rinnalla;1
946;165/2018;2018_165_148;ryhtymisestä;1
946;165/2018;2018_165_148;ryhtyy;1
946;165/2018;2018_165_148;se;2
946;165/2018;2018_165_148;seitsemänneksi;1
946;165/2018;2018_165_148;sekä;4
946;165/2018;2018_165_148;selvitettävä;1
946;165/2018;2018_165_148;selvitti;1
946;165/2018;2018_165_148;selvittää;1
946;165/2018;2018_165_148;selvitykseen;1
946;165/2018;2018_165_148;selvityksen;4
946;165/2018;2018_165_148;selvityksessä;1
946;165/2018;2018_165_148;sen;2
946;165/2018;2018_165_148;seuraa;1
946;165/2018;2018_165_148;seuranta;1
946;165/2018;2018_165_148;siihen;2
946;165/2018;2018_165_148;siitä;1
946;165/2018;2018_165_148;sinänsä;1
946;165/2018;2018_165_148;sisälly;1
946;165/2018;2018_165_148;sisällyttää;1
946;165/2018;2018_165_148;sisältyy;1
946;165/2018;2018_165_148;sisältöön;1
946;165/2018;2018_165_148;siten;2
946;165/2018;2018_165_148;sivistysvaliokunnassa;1
946;165/2018;2018_165_148;sivistysvaliokunta;1
946;165/2018;2018_165_148;suorittaisi;1
946;165/2018;2018_165_148;suorittaminen;1
946;165/2018;2018_165_148;suuruus;1
946;165/2018;2018_165_148;syitä;1
946;165/2018;2018_165_148;syynä;2
946;165/2018;2018_165_148;taho;1
946;165/2018;2018_165_148;tai;1
946;165/2018;2018_165_148;taloudelliset;1
946;165/2018;2018_165_148;taloudellisia;1
946;165/2018;2018_165_148;tapaan;2
946;165/2018;2018_165_148;tapauksessa;1
946;165/2018;2018_165_148;tarkoittaisi;1
946;165/2018;2018_165_148;tarpeellisten;1
946;165/2018;2018_165_148;tarvetta;1
946;165/2018;2018_165_148;tarvikkeet;1
946;165/2018;2018_165_148;tarvittaessa;1
946;165/2018;2018_165_148;tarvittavat;1
946;165/2018;2018_165_148;tarvittaviin;1
946;165/2018;2018_165_148;tasa-arvoa;1
946;165/2018;2018_165_148;tavoite;1
946;165/2018;2018_165_148;tavoitteena;1
946;165/2018;2018_165_148;teatteri;1
946;165/2018;2018_165_148;tehdyt;1
946;165/2018;2018_165_148;tehty;1
946;165/2018;2018_165_148;tekee;1
946;165/2018;2018_165_148;tekemiseen;1
946;165/2018;2018_165_148;tekemisen;1
946;165/2018;2018_165_148;tekemän;1
946;165/2018;2018_165_148;tekijöille;1
946;165/2018;2018_165_148;tekniikkaa;1
946;165/2018;2018_165_148;tiedottaa;1
946;165/2018;2018_165_148;tietoa;1
946;165/2018;2018_165_148;tilanteen;2
946;165/2018;2018_165_148;todeta;1
946;165/2018;2018_165_148;toimenpiteet;1
946;165/2018;2018_165_148;toimenpiteisiin;1
946;165/2018;2018_165_148;toimien;1
946;165/2018;2018_165_148;toimimaan;1
946;165/2018;2018_165_148;toisella;1
946;165/2018;2018_165_148;toisen;8
946;165/2018;2018_165_148;toistama;1
946;165/2018;2018_165_148;toteaa;2
946;165/2018;2018_165_148;toteutetaan;1
946;165/2018;2018_165_148;toteuttaminen;1
946;165/2018;2018_165_148;tuhansien;1
946;165/2018;2018_165_148;tulee;2
946;165/2018;2018_165_148;tuli;1
946;165/2018;2018_165_148;tulisi;1
946;165/2018;2018_165_148;tulla;1
946;165/2018;2018_165_148;tulokset;1
946;165/2018;2018_165_148;tuntuu;1
946;165/2018;2018_165_148;tuodaan;1
946;165/2018;2018_165_148;tuotu;1
946;165/2018;2018_165_148;tutkinnon;1
946;165/2018;2018_165_148;työelämässä;1
946;165/2018;2018_165_148;työjärjestyksen;1
946;165/2018;2018_165_148;tähdennetään;1
946;165/2018;2018_165_148;tähän;1
946;165/2018;2018_165_148;tällä;2
946;165/2018;2018_165_148;tältä;1
946;165/2018;2018_165_148;tämä;1
946;165/2018;2018_165_148;tämän;5
946;165/2018;2018_165_148;tärkeimpänä;1
946;165/2018;2018_165_148;tärkeä;1
946;165/2018;2018_165_148;tässä;3
946;165/2018;2018_165_148;täytyy;1
946;165/2018;2018_165_148;töitä;1
946;165/2018;2018_165_148;uimahallikäyntien;1
946;165/2018;2018_165_148;ulkopuolelta;1
946;165/2018;2018_165_148;useaan;1
946;165/2018;2018_165_148;uudistetaan;1
946;165/2018;2018_165_148;vaaditun;1
946;165/2018;2018_165_148;vaalikaudella;1
946;165/2018;2018_165_148;vaatimuksia;1
946;165/2018;2018_165_148;vaihtoehtoa;1
946;165/2018;2018_165_148;vaikeudet;1
946;165/2018;2018_165_148;vaikeuksia;1
946;165/2018;2018_165_148;vaikuttavat;1
946;165/2018;2018_165_148;vain;1
946;165/2018;2018_165_148;valiokunnalla;1
946;165/2018;2018_165_148;valiokunnan;4
946;165/2018;2018_165_148;valiokunnassa;2
946;165/2018;2018_165_148;valiokunta;6
946;165/2018;2018_165_148;valtiolle;1
946;165/2018;2018_165_148;valtion;1
946;165/2018;2018_165_148;valtioneuvosto;1
946;165/2018;2018_165_148;valtioneuvostolle;1
946;165/2018;2018_165_148;valtiosääntöinen;1
946;165/2018;2018_165_148;vanhemmilleen;1
946;165/2018;2018_165_148;varmasti;1
946;165/2018;2018_165_148;varsinaisen;1
946;165/2018;2018_165_148;vastalause;1
946;165/2018;2018_165_148;vastanneista;1
946;165/2018;2018_165_148;vastuulle;1
946;165/2018;2018_165_148;vielä;1
946;165/2018;2018_165_148;vierailujen;1
946;165/2018;2018_165_148;viittaa;1
946;165/2018;2018_165_148;virallisen;1
946;165/2018;2018_165_148;voi;1
946;165/2018;2018_165_148;voidaan;1
946;165/2018;2018_165_148;voimaan;1
946;165/2018;2018_165_148;voimallisesti;1
946;165/2018;2018_165_148;vuoden;3
946;165/2018;2018_165_148;vuoksi;3
946;165/2018;2018_165_148;vuosittaisia;1
946;165/2018;2018_165_148;vuotiaiden;1
946;165/2018;2018_165_148;välttämättä;1
946;165/2018;2018_165_148;välttämättömyys;1
946;165/2018;2018_165_148;välttää;1
946;165/2018;2018_165_148;yhteensä;1
946;165/2018;2018_165_148;yhteiskunnalliseen;1
946;165/2018;2018_165_148;yhtenä;1
946;165/2018;2018_165_148;yksi;1
946;165/2018;2018_165_148;yleistä;1
946;165/2018;2018_165_148;yli;1
946;165/2018;2018_165_148;yllätyksenä;1
946;168/2018;2018_168_9;aina;1
946;168/2018;2018_168_9;ammattikorkeakoulua;1
946;168/2018;2018_168_9;ammattikorkeakoulujen;1
946;168/2018;2018_168_9;ammattikorkeakouluopiskelijat;1
946;168/2018;2018_168_9;arvoisa;1
946;168/2018;2018_168_9;asia;1
946;168/2018;2018_168_9;asian;1
946;168/2018;2018_168_9;asti;1
946;168/2018;2018_168_9;edellä;1
946;168/2018;2018_168_9;ehkä;1
946;168/2018;2018_168_9;eivät;1
946;168/2018;2018_168_9;eli;1
946;168/2018;2018_168_9;eri;1
946;168/2018;2018_168_9;erittäin;1
946;168/2018;2018_168_9;esimerkiksi;1
946;168/2018;2018_168_9;esimerkkejä;1
946;168/2018;2018_168_9;esityksen;1
946;168/2018;2018_168_9;eteenpäin;1
946;168/2018;2018_168_9;etenee;1
946;168/2018;2018_168_9;että;3
946;168/2018;2018_168_9;haja-asutusalueilla;1
946;168/2018;2018_168_9;hieno;1
946;168/2018;2018_168_9;historiaa;1
946;168/2018;2018_168_9;huonoja;1
946;168/2018;2018_168_9;hyviä;1
946;168/2018;2018_168_9;hyvä;1
946;168/2018;2018_168_9;hyvät;1
946;168/2018;2018_168_9;ihmetellä;1
946;168/2018;2018_168_9;ja;4
946;168/2018;2018_168_9;jatkossa;1
946;168/2018;2018_168_9;johonkin;1
946;168/2018;2018_168_9;joka;1
946;168/2018;2018_168_9;jos;1
946;168/2018;2018_168_9;jota;1
946;168/2018;2018_168_9;jotka;1
946;168/2018;2018_168_9;joukkueesta;1
946;168/2018;2018_168_9;joustavia;1
946;168/2018;2018_168_9;järjestelmän;1
946;168/2018;2018_168_9;kaatuneet;1
946;168/2018;2018_168_9;kaikilla;1
946;168/2018;2018_168_9;kaikille;1
946;168/2018;2018_168_9;kaikkien;1
946;168/2018;2018_168_9;kaltaisia;1
946;168/2018;2018_168_9;kampukset;1
946;168/2018;2018_168_9;kohtaan;1
946;168/2018;2018_168_9;kokkolasta;1
946;168/2018;2018_168_9;koko;1
946;168/2018;2018_168_9;korjata;1
946;168/2018;2018_168_9;kotikonnuiltani;1
946;168/2018;2018_168_9;kuin;1
946;168/2018;2018_168_9;kun;1
946;168/2018;2018_168_9;kuten;1
946;168/2018;2018_168_9;lisääntyvät;1
946;168/2018;2018_168_9;lopultakin;1
946;168/2018;2018_168_9;miksi;1
946;168/2018;2018_168_9;mikä;1
946;168/2018;2018_168_9;missä;2
946;168/2018;2018_168_9;monta;1
946;168/2018;2018_168_9;muistaa;1
946;168/2018;2018_168_9;muistelen;1
946;168/2018;2018_168_9;mukaan;1
946;168/2018;2018_168_9;mutta;1
946;168/2018;2018_168_9;myös;1
946;168/2018;2018_168_9;myöskin;1
946;168/2018;2018_168_9;niihin;1
946;168/2018;2018_168_9;niin;1
946;168/2018;2018_168_9;nykyinen;1
946;168/2018;2018_168_9;nyt;3
946;168/2018;2018_168_9;näin;1
946;168/2018;2018_168_9;odotettu;1
946;168/2018;2018_168_9;ole;1
946;168/2018;2018_168_9;olla;2
946;168/2018;2018_168_9;olleet;2
946;168/2018;2018_168_9;ollut;2
946;168/2018;2018_168_9;oltu;1
946;168/2018;2018_168_9;on;11
946;168/2018;2018_168_9;onneksi;1
946;168/2018;2018_168_9;opiskelijoille;1
946;168/2018;2018_168_9;osaksi;1
946;168/2018;2018_168_9;osalta;1
946;168/2018;2018_168_9;ovat;4
946;168/2018;2018_168_9;paikkakunnilla;1
946;168/2018;2018_168_9;paljon;1
946;168/2018;2018_168_9;palvelut;3
946;168/2018;2018_168_9;palvelutaso;1
946;168/2018;2018_168_9;pienempiä;1
946;168/2018;2018_168_9;pitkään;2
946;168/2018;2018_168_9;porukalla;1
946;168/2018;2018_168_9;puhemies;1
946;168/2018;2018_168_9;puolilla;1
946;168/2018;2018_168_9;pystytään;2
946;168/2018;2018_168_9;päivä;1
946;168/2018;2018_168_9;ratkaisujen;1
946;168/2018;2018_168_9;saakka;1
946;168/2018;2018_168_9;saamme;1
946;168/2018;2018_168_9;saaneet;1
946;168/2018;2018_168_9;saatesanoina;1
946;168/2018;2018_168_9;saavat;1
946;168/2018;2018_168_9;samanlaiset;1
946;168/2018;2018_168_9;se;3
946;168/2018;2018_168_9;sen;1
946;168/2018;2018_168_9;siellä;1
946;168/2018;2018_168_9;siitä;1
946;168/2018;2018_168_9;sitten;3
946;168/2018;2018_168_9;suomea;1
946;168/2018;2018_168_9;suomessa;1
946;168/2018;2018_168_9;takaamaan;1
946;168/2018;2018_168_9;tasa-arvo;1
946;168/2018;2018_168_9;taustalla;1
946;168/2018;2018_168_9;tekemässä;1
946;168/2018;2018_168_9;terveydenhuoltopalveluthan;1
946;168/2018;2018_168_9;todella;1
946;168/2018;2018_168_9;todettu;1
946;168/2018;2018_168_9;tosi;1
946;168/2018;2018_168_9;tulee;1
946;168/2018;2018_168_9;tuolla;1
946;168/2018;2018_168_9;tuolta;1
946;168/2018;2018_168_9;turvaamaan;1
946;168/2018;2018_168_9;tutkimusten;1
946;168/2018;2018_168_9;tyytyväisiä;1
946;168/2018;2018_168_9;tähän;2
946;168/2018;2018_168_9;tällaisen;1
946;168/2018;2018_168_9;tällä;1
946;168/2018;2018_168_9;tämä;1
946;168/2018;2018_168_9;tämän;1
946;168/2018;2018_168_9;tärkeää;1
946;168/2018;2018_168_9;tässä;1
946;168/2018;2018_168_9;tässähän;1
946;168/2018;2018_168_9;täytyy;1
946;168/2018;2018_168_9;uudistus;1
946;168/2018;2018_168_9;vaan;1
946;168/2018;2018_168_9;vain;1
946;168/2018;2018_168_9;vielä;1
946;168/2018;2018_168_9;vietyä;1
946;168/2018;2018_168_9;voi;2
946;168/2018;2018_168_9;vähän;1
946;168/2018;2018_168_9;yhdenvertaisesti;1
946;168/2018;2018_168_9;yhdenvertaisuus;1
946;168/2018;2018_168_9;yliopisto-opiskelijat;1
946;168/2018;2018_168_9;ylpeä;1
946;168/2018;2018_168_9;yritetty;1
946;168/2018;2018_168_9;yritystä;1
946;168/2018;2018_168_9;yths-järjestelmä;1
946;168/2018;2018_168_9;ythsn;1
946;177/2018;2018_177_2;aina;1
946;177/2018;2018_177_2;aktiivisesti;1
946;177/2018;2018_177_2;aluejärjestöjen;1
946;177/2018;2018_177_2;aluesuunnittelussa;1
946;177/2018;2018_177_2;apuvälineiden;1
946;177/2018;2018_177_2;arhinmäen;1
946;177/2018;2018_177_2;arhinmäki;2
946;177/2018;2018_177_2;arvioitava;2
946;177/2018;2018_177_2;arvoisa;2
946;177/2018;2018_177_2;arvonlisäverokantaan;1
946;177/2018;2018_177_2;arvonlisäverokäytäntöjä;1
946;177/2018;2018_177_2;asemaan;1
946;177/2018;2018_177_2;aseman;2
946;177/2018;2018_177_2;asia;1
946;177/2018;2018_177_2;asiakirja;1
946;177/2018;2018_177_2;avaan;1
946;177/2018;2018_177_2;avaus;1
946;177/2018;2018_177_2;avustajapalveluiden;1
946;177/2018;2018_177_2;budjetoinnin;1
946;177/2018;2018_177_2;budjettitalouden;1
946;177/2018;2018_177_2;edellyttää;5
946;177/2018;2018_177_2;edellytämme;2
946;177/2018;2018_177_2;edistettävä;2
946;177/2018;2018_177_2;edistäjänä;1
946;177/2018;2018_177_2;edistämiseen;2
946;177/2018;2018_177_2;edistämisessä;1
946;177/2018;2018_177_2;edistämistyön;1
946;177/2018;2018_177_2;edistää;2
946;177/2018;2018_177_2;eduskunnan;1
946;177/2018;2018_177_2;eduskunnasta;1
946;177/2018;2018_177_2;edustaja;1
946;177/2018;2018_177_2;ehkäistä;1
946;177/2018;2018_177_2;elämyksiä;1
946;177/2018;2018_177_2;elämänkaarella;1
946;177/2018;2018_177_2;en;1
946;177/2018;2018_177_2;ensinnäkin;1
946;177/2018;2018_177_2;eri-ikäisten;1
946;177/2018;2018_177_2;erillinen;1
946;177/2018;2018_177_2;erittäin;2
946;177/2018;2018_177_2;erityisesti;2
946;177/2018;2018_177_2;erityisliikunnassa;1
946;177/2018;2018_177_2;esimerkiksi;1
946;177/2018;2018_177_2;esitellä;1
946;177/2018;2018_177_2;esitettiin;1
946;177/2018;2018_177_2;esitetään;2
946;177/2018;2018_177_2;esittää;3
946;177/2018;2018_177_2;esitysten;1
946;177/2018;2018_177_2;esitämme;1
946;177/2018;2018_177_2;esteettömyyttä;1
946;177/2018;2018_177_2;etsii;1
946;177/2018;2018_177_2;että;13
946;177/2018;2018_177_2;haittoja;1
946;177/2018;2018_177_2;hallinnon;1
946;177/2018;2018_177_2;hallitukselle;1
946;177/2018;2018_177_2;hallituksen;2
946;177/2018;2018_177_2;hallitus;5
946;177/2018;2018_177_2;hanke;1
946;177/2018;2018_177_2;harkittavaksi;2
946;177/2018;2018_177_2;harrastaa;1
946;177/2018;2018_177_2;harrastustakuun;1
946;177/2018;2018_177_2;harrastustoimintaa;1
946;177/2018;2018_177_2;hoitoon;1
946;177/2018;2018_177_2;hoivaan;1
946;177/2018;2018_177_2;huippu-urheilu;2
946;177/2018;2018_177_2;huippu-urheilun;2
946;177/2018;2018_177_2;huippu-urheilusta;1
946;177/2018;2018_177_2;huippu-urheiluyksikölle;1
946;177/2018;2018_177_2;huomioitava;1
946;177/2018;2018_177_2;huomiota;2
946;177/2018;2018_177_2;hyvin;1
946;177/2018;2018_177_2;hyvinvointipalveluiden;1
946;177/2018;2018_177_2;hyväksyttäväksi;1
946;177/2018;2018_177_2;ihan;1
946;177/2018;2018_177_2;ihmisten;1
946;177/2018;2018_177_2;ikäihmisten;1
946;177/2018;2018_177_2;ilmiöitä;1
946;177/2018;2018_177_2;ilmiöpohjaisen;1
946;177/2018;2018_177_2;iloinen;2
946;177/2018;2018_177_2;integrointia;1
946;177/2018;2018_177_2;itsensä;1
946;177/2018;2018_177_2;ja;37
946;177/2018;2018_177_2;jatkossa;1
946;177/2018;2018_177_2;johtamisjärjestelmää;1
946;177/2018;2018_177_2;johtamistapaa;1
946;177/2018;2018_177_2;joiden;1
946;177/2018;2018_177_2;joilla;1
946;177/2018;2018_177_2;joka;1
946;177/2018;2018_177_2;jotka;1
946;177/2018;2018_177_2;joukon;1
946;177/2018;2018_177_2;jälkeistä;1
946;177/2018;2018_177_2;järjestettävän;1
946;177/2018;2018_177_2;järjestettävää;1
946;177/2018;2018_177_2;järjestämisen;1
946;177/2018;2018_177_2;kaikilla;1
946;177/2018;2018_177_2;kaikille;2
946;177/2018;2018_177_2;kaikkein;1
946;177/2018;2018_177_2;kaikki;1
946;177/2018;2018_177_2;kannanottoa;1
946;177/2018;2018_177_2;kannustaa;1
946;177/2018;2018_177_2;kannustavat;1
946;177/2018;2018_177_2;kannustinrahalla;1
946;177/2018;2018_177_2;kansainvälisen;2
946;177/2018;2018_177_2;kansalaisjärjestöjä;1
946;177/2018;2018_177_2;kansan;1
946;177/2018;2018_177_2;kanslian;1
946;177/2018;2018_177_2;kanssa;1
946;177/2018;2018_177_2;kattavaan;1
946;177/2018;2018_177_2;kattavan;1
946;177/2018;2018_177_2;kattavasti;1
946;177/2018;2018_177_2;kehittämisehdotuksia;1
946;177/2018;2018_177_2;kehittämiseksi;1
946;177/2018;2018_177_2;keinoja;1
946;177/2018;2018_177_2;keinovalikoimaa;1
946;177/2018;2018_177_2;kerho;1
946;177/2018;2018_177_2;kiinnittänyt;1
946;177/2018;2018_177_2;kiinnittää;1
946;177/2018;2018_177_2;kiitoksia;2
946;177/2018;2018_177_2;kilpailukykyinen;1
946;177/2018;2018_177_2;kilpaurheilua;1
946;177/2018;2018_177_2;koko;4
946;177/2018;2018_177_2;kokonaisvaltainen;1
946;177/2018;2018_177_2;kolmannen;1
946;177/2018;2018_177_2;konkreettisesta;1
946;177/2018;2018_177_2;koordinoimista;1
946;177/2018;2018_177_2;koostuu;1
946;177/2018;2018_177_2;koputtaa;1
946;177/2018;2018_177_2;korostaa;1
946;177/2018;2018_177_2;korvat;1
946;177/2018;2018_177_2;koskevaa;1
946;177/2018;2018_177_2;koulu;1
946;177/2018;2018_177_2;kouluasteille;1
946;177/2018;2018_177_2;kouluissa;1
946;177/2018;2018_177_2;koulujen;1
946;177/2018;2018_177_2;koulupäivän;1
946;177/2018;2018_177_2;kuitenkin;1
946;177/2018;2018_177_2;kuljetuspalveluiden;1
946;177/2018;2018_177_2;kulttuuri;1
946;177/2018;2018_177_2;kun;1
946;177/2018;2018_177_2;kunto;1
946;177/2018;2018_177_2;kuntoliikuntaa;1
946;177/2018;2018_177_2;kustannuksiin;1
946;177/2018;2018_177_2;kuten;1
946;177/2018;2018_177_2;kuule;1
946;177/2018;2018_177_2;kuulen;1
946;177/2018;2018_177_2;kuulisi;1
946;177/2018;2018_177_2;kuuluvien;1
946;177/2018;2018_177_2;kuuntelee;1
946;177/2018;2018_177_2;kyseessä;1
946;177/2018;2018_177_2;käytännön;1
946;177/2018;2018_177_2;laajalla;1
946;177/2018;2018_177_2;laajennettava;1
946;177/2018;2018_177_2;laatua;1
946;177/2018;2018_177_2;lahjakkuus;1
946;177/2018;2018_177_2;laittaa;1
946;177/2018;2018_177_2;lajiliittoja;1
946;177/2018;2018_177_2;lajiliittojen;1
946;177/2018;2018_177_2;laki;1
946;177/2018;2018_177_2;lapsille;1
946;177/2018;2018_177_2;lasten;2
946;177/2018;2018_177_2;liikennepolitiikassa;1
946;177/2018;2018_177_2;liikkeen;3
946;177/2018;2018_177_2;liikkumaan;2
946;177/2018;2018_177_2;liikkumattomuuden;1
946;177/2018;2018_177_2;liikkumisen;1
946;177/2018;2018_177_2;liikkumisesta;1
946;177/2018;2018_177_2;liikkumismahdollisuuksia;1
946;177/2018;2018_177_2;liikkuva;1
946;177/2018;2018_177_2;liikkuvat;1
946;177/2018;2018_177_2;liikunnallinen;1
946;177/2018;2018_177_2;liikunnan;18
946;177/2018;2018_177_2;liikuntaa;2
946;177/2018;2018_177_2;liikuntaan;1
946;177/2018;2018_177_2;liikuntaneuvoston;1
946;177/2018;2018_177_2;liikuntapalvelujen;1
946;177/2018;2018_177_2;liikuntapalvelut;1
946;177/2018;2018_177_2;liikuntapoliittisen;2
946;177/2018;2018_177_2;liikuntapolitiikan;2
946;177/2018;2018_177_2;liikuntaseurojen;1
946;177/2018;2018_177_2;liikuttaminen;1
946;177/2018;2018_177_2;liikuttamiseen;1
946;177/2018;2018_177_2;likoon;1
946;177/2018;2018_177_2;lisäksi;4
946;177/2018;2018_177_2;lisääminen;1
946;177/2018;2018_177_2;lisäämiseen;1
946;177/2018;2018_177_2;lisäämiseksi;2
946;177/2018;2018_177_2;lisäämisen;1
946;177/2018;2018_177_2;lopuksi;1
946;177/2018;2018_177_2;luotava;1
946;177/2018;2018_177_2;lähes;1
946;177/2018;2018_177_2;lähestymistapa;1
946;177/2018;2018_177_2;löydyttävä;2
946;177/2018;2018_177_2;mahdollisia;1
946;177/2018;2018_177_2;mahdollisuudet;1
946;177/2018;2018_177_2;mahdollisuuksien;1
946;177/2018;2018_177_2;mahdollisuutta;1
946;177/2018;2018_177_2;malleja;1
946;177/2018;2018_177_2;menestyksen;1
946;177/2018;2018_177_2;menestysedellytyksien;1
946;177/2018;2018_177_2;menestysedellytyksiä;1
946;177/2018;2018_177_2;menestysedellytysten;1
946;177/2018;2018_177_2;menestystarinaksi;1
946;177/2018;2018_177_2;menestystä;2
946;177/2018;2018_177_2;menestyvät;1
946;177/2018;2018_177_2;merkittäviä;1
946;177/2018;2018_177_2;merkittävänä;1
946;177/2018;2018_177_2;mielestä;5
946;177/2018;2018_177_2;mietinnössä;1
946;177/2018;2018_177_2;mietinnössään;1
946;177/2018;2018_177_2;mietintö;1
946;177/2018;2018_177_2;mietintöä;1
946;177/2018;2018_177_2;mietittävä;1
946;177/2018;2018_177_2;minulla;1
946;177/2018;2018_177_2;minä;1
946;177/2018;2018_177_2;mitään;1
946;177/2018;2018_177_2;monella;1
946;177/2018;2018_177_2;monipuolista;1
946;177/2018;2018_177_2;monipuolistettava;1
946;177/2018;2018_177_2;muassa;1
946;177/2018;2018_177_2;muita;1
946;177/2018;2018_177_2;mukaan;2
946;177/2018;2018_177_2;muodostama;1
946;177/2018;2018_177_2;muulla;1
946;177/2018;2018_177_2;muun;3
946;177/2018;2018_177_2;muutamaa;1
946;177/2018;2018_177_2;myös;9
946;177/2018;2018_177_2;neuvolatoiminnasta;1
946;177/2018;2018_177_2;niiden;1
946;177/2018;2018_177_2;niissä;1
946;177/2018;2018_177_2;niitä;1
946;177/2018;2018_177_2;nollaveroluokkaan;1
946;177/2018;2018_177_2;nousu;1
946;177/2018;2018_177_2;nuori;1
946;177/2018;2018_177_2;nuorille;1
946;177/2018;2018_177_2;nuorten;2
946;177/2018;2018_177_2;nykyistä;1
946;177/2018;2018_177_2;näiden;1
946;177/2018;2018_177_2;näin;1
946;177/2018;2018_177_2;näistä;1
946;177/2018;2018_177_2;näkökulma;1
946;177/2018;2018_177_2;oikea;1
946;177/2018;2018_177_2;olen;2
946;177/2018;2018_177_2;ollut;1
946;177/2018;2018_177_2;olympiakomitean;1
946;177/2018;2018_177_2;olympiarahastoa;1
946;177/2018;2018_177_2;omaehtoiseen;1
946;177/2018;2018_177_2;on;28
946;177/2018;2018_177_2;opiskelijaryhmissä;1
946;177/2018;2018_177_2;oppilaitoksissa;1
946;177/2018;2018_177_2;oppilas;1
946;177/2018;2018_177_2;osaamista;1
946;177/2018;2018_177_2;osaksi;1
946;177/2018;2018_177_2;osoittautunut;1
946;177/2018;2018_177_2;ovat;2
946;177/2018;2018_177_2;paavo;2
946;177/2018;2018_177_2;paljon;1
946;177/2018;2018_177_2;palveluissa;1
946;177/2018;2018_177_2;palvelujen;1
946;177/2018;2018_177_2;panostuksia;1
946;177/2018;2018_177_2;parannettava;1
946;177/2018;2018_177_2;parantamiseen;1
946;177/2018;2018_177_2;parantamiseksi;2
946;177/2018;2018_177_2;parantamisesta;1
946;177/2018;2018_177_2;paraurheilijat;1
946;177/2018;2018_177_2;paremmin;1
946;177/2018;2018_177_2;pelaamisen;1
946;177/2018;2018_177_2;perheen;1
946;177/2018;2018_177_2;perustuu;1
946;177/2018;2018_177_2;pitää;1
946;177/2018;2018_177_2;pohjalta;2
946;177/2018;2018_177_2;poikkihallinnollisesti;1
946;177/2018;2018_177_2;poikkihallinnollisuuden;1
946;177/2018;2018_177_2;positiivisimpia;1
946;177/2018;2018_177_2;puhemies;4
946;177/2018;2018_177_2;puolestaan;1
946;177/2018;2018_177_2;päivänä;1
946;177/2018;2018_177_2;pääomittamalla;1
946;177/2018;2018_177_2;rahapelien;1
946;177/2018;2018_177_2;rahapelituottojen;1
946;177/2018;2018_177_2;rahoittaa;1
946;177/2018;2018_177_2;rahoitukseen;1
946;177/2018;2018_177_2;rahoituksen;1
946;177/2018;2018_177_2;rahoituksesta;1
946;177/2018;2018_177_2;rahoitusta;1
946;177/2018;2018_177_2;rajat;1
946;177/2018;2018_177_2;rajoitetut;1
946;177/2018;2018_177_2;rajoitteen;1
946;177/2018;2018_177_2;resursseja;1
946;177/2018;2018_177_2;riippumatta;1
946;177/2018;2018_177_2;riittävän;1
946;177/2018;2018_177_2;riittää;1
946;177/2018;2018_177_2;rintamalla;1
946;177/2018;2018_177_2;roolia;1
946;177/2018;2018_177_2;saan;1
946;177/2018;2018_177_2;saatava;1
946;177/2018;2018_177_2;saatavuuden;1
946;177/2018;2018_177_2;saavia;1
946;177/2018;2018_177_2;sanomme;1
946;177/2018;2018_177_2;sektorilla;1
946;177/2018;2018_177_2;sektorin;1
946;177/2018;2018_177_2;sekä;5
946;177/2018;2018_177_2;selkiytettävä;1
946;177/2018;2018_177_2;selonteko;2
946;177/2018;2018_177_2;selonteon;3
946;177/2018;2018_177_2;selonteossa;2
946;177/2018;2018_177_2;selventää;1
946;177/2018;2018_177_2;selvä;1
946;177/2018;2018_177_2;sen;1
946;177/2018;2018_177_2;siihen;2
946;177/2018;2018_177_2;siirtymällä;1
946;177/2018;2018_177_2;siirtäminen;1
946;177/2018;2018_177_2;siirtämistä;1
946;177/2018;2018_177_2;siitäkin;1
946;177/2018;2018_177_2;sitten;1
946;177/2018;2018_177_2;sitä;1
946;177/2018;2018_177_2;sivistysvaliokunnan;1
946;177/2018;2018_177_2;sivistysvaliokunta;3
946;177/2018;2018_177_2;sopivuutta;1
946;177/2018;2018_177_2;sosiaali;2
946;177/2018;2018_177_2;sote-sektori;1
946;177/2018;2018_177_2;suomalaisen;2
946;177/2018;2018_177_2;suomalaiset;1
946;177/2018;2018_177_2;suomalaisille;1
946;177/2018;2018_177_2;suomalaisten;1
946;177/2018;2018_177_2;suuren;1
946;177/2018;2018_177_2;syyn;1
946;177/2018;2018_177_2;säilyttää;1
946;177/2018;2018_177_2;säätää;1
946;177/2018;2018_177_2;tai;2
946;177/2018;2018_177_2;taloudellisen;1
946;177/2018;2018_177_2;taloudellisesta;1
946;177/2018;2018_177_2;tapahduttava;1
946;177/2018;2018_177_2;tarjoavat;1
946;177/2018;2018_177_2;tarkastelee;1
946;177/2018;2018_177_2;tarkasteltava;1
946;177/2018;2018_177_2;tarpeista;1
946;177/2018;2018_177_2;tarve;1
946;177/2018;2018_177_2;tarvitaan;1
946;177/2018;2018_177_2;tarvittavien;1
946;177/2018;2018_177_2;tasa-arvoa;1
946;177/2018;2018_177_2;tasa-arvoisesti;1
946;177/2018;2018_177_2;tasa-arvon;1
946;177/2018;2018_177_2;tasoilla;1
946;177/2018;2018_177_2;tason;1
946;177/2018;2018_177_2;tavalla;1
946;177/2018;2018_177_2;tavoitella;1
946;177/2018;2018_177_2;tavoittelu;1
946;177/2018;2018_177_2;tehtävää;1
946;177/2018;2018_177_2;terveydenhuollon;1
946;177/2018;2018_177_2;terveydenhuollossa;1
946;177/2018;2018_177_2;terveys;1
946;177/2018;2018_177_2;terveysliikunnan;1
946;177/2018;2018_177_2;terveysvaikutuksia;1
946;177/2018;2018_177_2;terveysvaikutuksiin;1
946;177/2018;2018_177_2;tiimityötä;1
946;177/2018;2018_177_2;tiiviimmin;1
946;177/2018;2018_177_2;tilanteesta;1
946;177/2018;2018_177_2;toimeenpanon;1
946;177/2018;2018_177_2;toimenpide-ehdotuksesta;1
946;177/2018;2018_177_2;toimenpiteitä;1
946;177/2018;2018_177_2;toimijoiden;1
946;177/2018;2018_177_2;toimintaa;2
946;177/2018;2018_177_2;toimintakyvyn;1
946;177/2018;2018_177_2;toimivuutta;1
946;177/2018;2018_177_2;toive;1
946;177/2018;2018_177_2;toteuttamaan;1
946;177/2018;2018_177_2;toteutumista;1
946;177/2018;2018_177_2;tukee;1
946;177/2018;2018_177_2;tuoneet;1
946;177/2018;2018_177_2;tällöin;1
946;177/2018;2018_177_2;tämä;1
946;177/2018;2018_177_2;tämän;3
946;177/2018;2018_177_2;tänä;1
946;177/2018;2018_177_2;tärkeä;3
946;177/2018;2018_177_2;tärkeänä;1
946;177/2018;2018_177_2;tässä;1
946;177/2018;2018_177_2;täällä;1
946;177/2018;2018_177_2;unohtumattomia;1
946;177/2018;2018_177_2;urheilijat;1
946;177/2018;2018_177_2;urheilijoiden;1
946;177/2018;2018_177_2;urheilua;1
946;177/2018;2018_177_2;urheilun;9
946;177/2018;2018_177_2;useampi;1
946;177/2018;2018_177_2;uskaltaisi;1
946;177/2018;2018_177_2;uudella;1
946;177/2018;2018_177_2;uudelleen;1
946;177/2018;2018_177_2;uusia;3
946;177/2018;2018_177_2;vaatiman;1
946;177/2018;2018_177_2;vahvistaminen;1
946;177/2018;2018_177_2;vahvistettaisiin;1
946;177/2018;2018_177_2;vaikuttavammin;1
946;177/2018;2018_177_2;vaikuttavuutta;1
946;177/2018;2018_177_2;valiokunnan;5
946;177/2018;2018_177_2;valiokunta;7
946;177/2018;2018_177_2;valmentajien;1
946;177/2018;2018_177_2;valtion;1
946;177/2018;2018_177_2;valtionavustuksia;1
946;177/2018;2018_177_2;valtioneuvoston;2
946;177/2018;2018_177_2;valtionrahoitus;1
946;177/2018;2018_177_2;vammaisurheilu;1
946;177/2018;2018_177_2;vammaisurheilun;3
946;177/2018;2018_177_2;vammaisurheilussa;1
946;177/2018;2018_177_2;vanhuksiin;1
946;177/2018;2018_177_2;varhaiskasvatukseen;1
946;177/2018;2018_177_2;varmistaa;1
946;177/2018;2018_177_2;varmistamalla;1
946;177/2018;2018_177_2;varoista;1
946;177/2018;2018_177_2;varsinaisen;1
946;177/2018;2018_177_2;vastaavan;1
946;177/2018;2018_177_2;vauvasta;1
946;177/2018;2018_177_2;veikkausvoittovaroihin;1
946;177/2018;2018_177_2;vetovastuun;1
946;177/2018;2018_177_2;vielä;1
946;177/2018;2018_177_2;viesti;1
946;177/2018;2018_177_2;viime;1
946;177/2018;2018_177_2;voidaan;1
946;177/2018;2018_177_2;vuoksi;4
946;177/2018;2018_177_2;vuosien;1
946;177/2018;2018_177_2;väestön;1
946;177/2018;2018_177_2;väestöryhmien;1
946;177/2018;2018_177_2;vähiten;1
946;177/2018;2018_177_2;välihuuto;1
946;177/2018;2018_177_2;välineitä;2
946;177/2018;2018_177_2;yhdenvertaisesti;1
946;177/2018;2018_177_2;yhdenvertaisuutta;1
946;177/2018;2018_177_2;yhteen;1
946;177/2018;2018_177_2;yhteiskunnan;1
946;177/2018;2018_177_2;yhteistyössä;1
946;177/2018;2018_177_2;yhteydessä;1
946;177/2018;2018_177_2;yhteyteen;1
946;177/2018;2018_177_2;yhä;1
946;177/2018;2018_177_2;yksilölajeissa;1
946;177/2018;2018_177_2;yksimielinen;1
946;177/2018;2018_177_2;yksinoikeusjärjestelmä;1
946;177/2018;2018_177_2;yksinomaan;1
946;177/2018;2018_177_2;ylimääräisellä;1
946;177/2018;2018_177_2;ylittävällä;1
946;177/2018;2018_177_2;ylpeä;1
946;177/2018;2018_177_79;aiheellisesti;1
946;177/2018;2018_177_79;aiheet;1
946;177/2018;2018_177_79;aiheuta;2
946;177/2018;2018_177_79;ajan;1
946;177/2018;2018_177_79;ajankohtaisia;1
946;177/2018;2018_177_79;alan;2
946;177/2018;2018_177_79;arvoisa;2
946;177/2018;2018_177_79;asia;1
946;177/2018;2018_177_79;asiantuntijaorganisaatioiden;2
946;177/2018;2018_177_79;asiat;1
946;177/2018;2018_177_79;avointen;1
946;177/2018;2018_177_79;dataekosysteemin;1
946;177/2018;2018_177_79;datan;1
946;177/2018;2018_177_79;digiohjelmien;1
946;177/2018;2018_177_79;digitalisaatio;1
946;177/2018;2018_177_79;digitalisaatiosta;2
946;177/2018;2018_177_79;edellytetään;1
946;177/2018;2018_177_79;edellyttämää;2
946;177/2018;2018_177_79;edellyttää;5
946;177/2018;2018_177_79;edellytykset;1
946;177/2018;2018_177_79;edelläkävijänä;1
946;177/2018;2018_177_79;edistetään;2
946;177/2018;2018_177_79;edistää;1
946;177/2018;2018_177_79;eduskunta;1
946;177/2018;2018_177_79;eettisellä;1
946;177/2018;2018_177_79;eettisen;2
946;177/2018;2018_177_79;eettisesti;2
946;177/2018;2018_177_79;ei;1
946;177/2018;2018_177_79;enemmän;1
946;177/2018;2018_177_79;ensinnäkin;1
946;177/2018;2018_177_79;entistä;1
946;177/2018;2018_177_79;eri;5
946;177/2018;2018_177_79;erittäin;2
946;177/2018;2018_177_79;erityistä;1
946;177/2018;2018_177_79;erottaa;1
946;177/2018;2018_177_79;erottuminen;1
946;177/2018;2018_177_79;esille;2
946;177/2018;2018_177_79;esimerkiksi;1
946;177/2018;2018_177_79;esitettyjen;1
946;177/2018;2018_177_79;esittää;1
946;177/2018;2018_177_79;etenkin;1
946;177/2018;2018_177_79;etteivät;2
946;177/2018;2018_177_79;että;9
946;177/2018;2018_177_79;eun;1
946;177/2018;2018_177_79;globalisaatioon;1
946;177/2018;2018_177_79;haittaa;2
946;177/2018;2018_177_79;hallinnasta;1
946;177/2018;2018_177_79;hallinnonaloille;1
946;177/2018;2018_177_79;hallinnonalojen;1
946;177/2018;2018_177_79;hallinnonrajat;1
946;177/2018;2018_177_79;huomioiden;1
946;177/2018;2018_177_79;huomioista;1
946;177/2018;2018_177_79;huomiota;1
946;177/2018;2018_177_79;hyödyntäminen;1
946;177/2018;2018_177_79;hyödyntämisen;1
946;177/2018;2018_177_79;hyötyminen;1
946;177/2018;2018_177_79;ihmisläheisellä;1
946;177/2018;2018_177_79;ihmisten;1
946;177/2018;2018_177_79;ikärakenteen;1
946;177/2018;2018_177_79;ilmastonmuutokseen;1
946;177/2018;2018_177_79;ja;40
946;177/2018;2018_177_79;jatkaa;1
946;177/2018;2018_177_79;jatkossa;1
946;177/2018;2018_177_79;jatkossakin;1
946;177/2018;2018_177_79;jatkuvaa;1
946;177/2018;2018_177_79;jatkuvana;1
946;177/2018;2018_177_79;johdonmukainen;1
946;177/2018;2018_177_79;johtaa;1
946;177/2018;2018_177_79;johtamiselle;2
946;177/2018;2018_177_79;johtamisesta;1
946;177/2018;2018_177_79;joiden;1
946;177/2018;2018_177_79;joilla;2
946;177/2018;2018_177_79;joka;1
946;177/2018;2018_177_79;jokainen;1
946;177/2018;2018_177_79;jonka;1
946;177/2018;2018_177_79;jossa;1
946;177/2018;2018_177_79;jota;1
946;177/2018;2018_177_79;julkisen;1
946;177/2018;2018_177_79;julkista;1
946;177/2018;2018_177_79;julkisten;2
946;177/2018;2018_177_79;järjestäjien;1
946;177/2018;2018_177_79;kaikilla;1
946;177/2018;2018_177_79;kannanottoa;1
946;177/2018;2018_177_79;kansainvälisen;2
946;177/2018;2018_177_79;kansainvälisessä;1
946;177/2018;2018_177_79;kansalaistaidosta;1
946;177/2018;2018_177_79;kansalaisten;3
946;177/2018;2018_177_79;kansalliset;1
946;177/2018;2018_177_79;kanssa;2
946;177/2018;2018_177_79;kasvaa;1
946;177/2018;2018_177_79;kasvatusorganisaatioiden;1
946;177/2018;2018_177_79;katsoo;2
946;177/2018;2018_177_79;kattava;1
946;177/2018;2018_177_79;kattavalla;1
946;177/2018;2018_177_79;kattavuus;1
946;177/2018;2018_177_79;kehitettävissä;1
946;177/2018;2018_177_79;kehittämisen;2
946;177/2018;2018_177_79;kehittämistoimien;2
946;177/2018;2018_177_79;kehittämistyölle;2
946;177/2018;2018_177_79;kehittämistä;1
946;177/2018;2018_177_79;kehittää;1
946;177/2018;2018_177_79;kehityksen;1
946;177/2018;2018_177_79;keskeinen;1
946;177/2018;2018_177_79;keskenään;1
946;177/2018;2018_177_79;keskustelunavauksena;1
946;177/2018;2018_177_79;keskustelunavaus;1
946;177/2018;2018_177_79;kestävän;1
946;177/2018;2018_177_79;kestävään;1
946;177/2018;2018_177_79;kiinnittänyt;1
946;177/2018;2018_177_79;kiitoksia;1
946;177/2018;2018_177_79;kilpailukyvyn;2
946;177/2018;2018_177_79;kohentamisen;2
946;177/2018;2018_177_79;koko;3
946;177/2018;2018_177_79;kokonaisvaltaisesti;1
946;177/2018;2018_177_79;konkreettisista;1
946;177/2018;2018_177_79;konkretisoimiseksi;1
946;177/2018;2018_177_79;konkretisointia;1
946;177/2018;2018_177_79;koordinaation;1
946;177/2018;2018_177_79;koordinaatiota;1
946;177/2018;2018_177_79;koostuu;1
946;177/2018;2018_177_79;korjaamiseksi;1
946;177/2018;2018_177_79;korkeatasoisen;1
946;177/2018;2018_177_79;koskettaa;1
946;177/2018;2018_177_79;koulutuksen;2
946;177/2018;2018_177_79;koulutus;1
946;177/2018;2018_177_79;koulutusasteilla;3
946;177/2018;2018_177_79;kryptovaluuttojen;1
946;177/2018;2018_177_79;kuin;1
946;177/2018;2018_177_79;kuitenkin;1
946;177/2018;2018_177_79;kunnioittaminen;1
946;177/2018;2018_177_79;kysymys;1
946;177/2018;2018_177_79;käsittelemistä;1
946;177/2018;2018_177_79;käyttö;1
946;177/2018;2018_177_79;laaja;1
946;177/2018;2018_177_79;lainsäädäntöä;1
946;177/2018;2018_177_79;lausuntoon;1
946;177/2018;2018_177_79;leikkaa;1
946;177/2018;2018_177_79;liike-elämän;1
946;177/2018;2018_177_79;liikenne;1
946;177/2018;2018_177_79;liittyen;1
946;177/2018;2018_177_79;liittyviä;1
946;177/2018;2018_177_79;liittyvä;1
946;177/2018;2018_177_79;liittyvän;1
946;177/2018;2018_177_79;liittyy;1
946;177/2018;2018_177_79;linjassa;1
946;177/2018;2018_177_79;lohkoketjujen;1
946;177/2018;2018_177_79;lukutaitoon;1
946;177/2018;2018_177_79;luottamus;1
946;177/2018;2018_177_79;lähestymistavalla;2
946;177/2018;2018_177_79;läpi;1
946;177/2018;2018_177_79;läpinäkyvällä;1
946;177/2018;2018_177_79;merkittävästi;1
946;177/2018;2018_177_79;merkitys;1
946;177/2018;2018_177_79;mietintö;1
946;177/2018;2018_177_79;ministeriöiden;2
946;177/2018;2018_177_79;miten;1
946;177/2018;2018_177_79;muassa;1
946;177/2018;2018_177_79;muiden;1
946;177/2018;2018_177_79;muihin;1
946;177/2018;2018_177_79;muokkaavia;1
946;177/2018;2018_177_79;muun;1
946;177/2018;2018_177_79;muusta;1
946;177/2018;2018_177_79;muuta;1
946;177/2018;2018_177_79;muutamaan;1
946;177/2018;2018_177_79;muutokseen;1
946;177/2018;2018_177_79;myös;2
946;177/2018;2018_177_79;määritellään;1
946;177/2018;2018_177_79;määrittelemiseksi;1
946;177/2018;2018_177_79;neljästä;1
946;177/2018;2018_177_79;niiden;1
946;177/2018;2018_177_79;niin;1
946;177/2018;2018_177_79;niitä;1
946;177/2018;2018_177_79;nostettu;1
946;177/2018;2018_177_79;nykyistä;1
946;177/2018;2018_177_79;nähtävä;1
946;177/2018;2018_177_79;näiden;1
946;177/2018;2018_177_79;näkökulma;1
946;177/2018;2018_177_79;näkökulman;1
946;177/2018;2018_177_79;ohjausta;1
946;177/2018;2018_177_79;oikeuksien;1
946;177/2018;2018_177_79;olemassa;1
946;177/2018;2018_177_79;olevien;1
946;177/2018;2018_177_79;olla;1
946;177/2018;2018_177_79;on;14
946;177/2018;2018_177_79;organisaatioiden;1
946;177/2018;2018_177_79;osa;1
946;177/2018;2018_177_79;osa-alue;1
946;177/2018;2018_177_79;osaaminen;1
946;177/2018;2018_177_79;osaamis;1
946;177/2018;2018_177_79;osaamisen;3
946;177/2018;2018_177_79;osaamista;2
946;177/2018;2018_177_79;ovat;4
946;177/2018;2018_177_79;painottaa;1
946;177/2018;2018_177_79;paitsi;1
946;177/2018;2018_177_79;panostaa;1
946;177/2018;2018_177_79;periaatteiden;1
946;177/2018;2018_177_79;pikaisesti;1
946;177/2018;2018_177_79;pitää;1
946;177/2018;2018_177_79;pohditaan;1
946;177/2018;2018_177_79;pohjalta;1
946;177/2018;2018_177_79;poliittisella;1
946;177/2018;2018_177_79;poliittisia;1
946;177/2018;2018_177_79;poliittisiin;1
946;177/2018;2018_177_79;politiikasta;1
946;177/2018;2018_177_79;prosessi;1
946;177/2018;2018_177_79;prosessina;1
946;177/2018;2018_177_79;puhemies;3
946;177/2018;2018_177_79;pystyä;1
946;177/2018;2018_177_79;pysyä;1
946;177/2018;2018_177_79;päivittäminen;1
946;177/2018;2018_177_79;päällekkäisyyttä;1
946;177/2018;2018_177_79;rakentamista;1
946;177/2018;2018_177_79;resursoitua;1
946;177/2018;2018_177_79;riippuu;1
946;177/2018;2018_177_79;riittävästi;1
946;177/2018;2018_177_79;ripeän;1
946;177/2018;2018_177_79;ryhtyy;4
946;177/2018;2018_177_79;sanomme;1
946;177/2018;2018_177_79;saumatonta;1
946;177/2018;2018_177_79;se;1
946;177/2018;2018_177_79;sektoreiden;1
946;177/2018;2018_177_79;sektoria;1
946;177/2018;2018_177_79;sektorikohtaisesti;1
946;177/2018;2018_177_79;sektorin;1
946;177/2018;2018_177_79;sekä;6
946;177/2018;2018_177_79;selkeyttämiseksi;1
946;177/2018;2018_177_79;selonteko;1
946;177/2018;2018_177_79;selontekoa;1
946;177/2018;2018_177_79;selonteon;2
946;177/2018;2018_177_79;selonteossa;2
946;177/2018;2018_177_79;selvittää;1
946;177/2018;2018_177_79;sen;6
946;177/2018;2018_177_79;seuraavaa;1
946;177/2018;2018_177_79;seurannalla;1
946;177/2018;2018_177_79;siihen;3
946;177/2018;2018_177_79;siinä;1
946;177/2018;2018_177_79;sisällyttäminen;1
946;177/2018;2018_177_79;siten;2
946;177/2018;2018_177_79;sivistyspohjaan;1
946;177/2018;2018_177_79;sivistysvaliokunta;3
946;177/2018;2018_177_79;suomalaisten;1
946;177/2018;2018_177_79;suomella;1
946;177/2018;2018_177_79;suomen;4
946;177/2018;2018_177_79;syystä;1
946;177/2018;2018_177_79;taata;1
946;177/2018;2018_177_79;tahon;1
946;177/2018;2018_177_79;tai;1
946;177/2018;2018_177_79;tarkastelemalla;1
946;177/2018;2018_177_79;tarkasteltava;1
946;177/2018;2018_177_79;tarkoituksena;1
946;177/2018;2018_177_79;tarpeellisena;1
946;177/2018;2018_177_79;tarpeita;1
946;177/2018;2018_177_79;tarvittavan;1
946;177/2018;2018_177_79;tarvittaviin;2
946;177/2018;2018_177_79;tasolla;1
946;177/2018;2018_177_79;tavoitteiden;1
946;177/2018;2018_177_79;teema;1
946;177/2018;2018_177_79;teemaa;1
946;177/2018;2018_177_79;tekemään;1
946;177/2018;2018_177_79;tekijään;1
946;177/2018;2018_177_79;teknisesti;1
946;177/2018;2018_177_79;tekoäly;2
946;177/2018;2018_177_79;tekoälykilpailussa;1
946;177/2018;2018_177_79;tekoälyn;3
946;177/2018;2018_177_79;tekoälyohjelmat;1
946;177/2018;2018_177_79;tekoälystä;2
946;177/2018;2018_177_79;tekoälyyn;1
946;177/2018;2018_177_79;tiedon;2
946;177/2018;2018_177_79;tiedosta;1
946;177/2018;2018_177_79;tieteenaloilla;2
946;177/2018;2018_177_79;tieto;1
946;177/2018;2018_177_79;tietopoliittista;1
946;177/2018;2018_177_79;tietopolitiikan;6
946;177/2018;2018_177_79;tietopolitiikasta;1
946;177/2018;2018_177_79;tietopolitiikka;3
946;177/2018;2018_177_79;tietopolitiikkaa;2
946;177/2018;2018_177_79;tietopolitiikkaan;1
946;177/2018;2018_177_79;tiivistä;2
946;177/2018;2018_177_79;tilanteen;1
946;177/2018;2018_177_79;toimenpide-ehdotuksesta;1
946;177/2018;2018_177_79;toimenpiteisiin;4
946;177/2018;2018_177_79;toimia;1
946;177/2018;2018_177_79;toimiin;1
946;177/2018;2018_177_79;toimijoiden;1
946;177/2018;2018_177_79;toimijoihin;1
946;177/2018;2018_177_79;toimivaltaista;1
946;177/2018;2018_177_79;toimivaltarajat;2
946;177/2018;2018_177_79;toinen;1
946;177/2018;2018_177_79;toteaa;1
946;177/2018;2018_177_79;tulee;7
946;177/2018;2018_177_79;tulevia;1
946;177/2018;2018_177_79;tuodut;1
946;177/2018;2018_177_79;tutkimuslaitosten;1
946;177/2018;2018_177_79;tämä;2
946;177/2018;2018_177_79;tärkeitä;1
946;177/2018;2018_177_79;tärkeä;1
946;177/2018;2018_177_79;tärkeää;1
946;177/2018;2018_177_79;tässä;1
946;177/2018;2018_177_79;tästä;1
946;177/2018;2018_177_79;täysimittainen;1
946;177/2018;2018_177_79;vaatii;1
946;177/2018;2018_177_79;vaativat;1
946;177/2018;2018_177_79;vahva;1
946;177/2018;2018_177_79;vahvistaa;1
946;177/2018;2018_177_79;vahvistamiseksi;1
946;177/2018;2018_177_79;vahvistetaan;2
946;177/2018;2018_177_79;vahvuuksiksi;1
946;177/2018;2018_177_79;vaiheessa;1
946;177/2018;2018_177_79;vaikkapa;1
946;177/2018;2018_177_79;valiokunnan;1
946;177/2018;2018_177_79;valiokunta;6
946;177/2018;2018_177_79;valmistelevan;1
946;177/2018;2018_177_79;valossa;1
946;177/2018;2018_177_79;valtion;1
946;177/2018;2018_177_79;valtioneuvosto;2
946;177/2018;2018_177_79;valtioneuvostossa;2
946;177/2018;2018_177_79;vapauksien;1
946;177/2018;2018_177_79;varmistaminen;1
946;177/2018;2018_177_79;varmistettava;1
946;177/2018;2018_177_79;vastata;1
946;177/2018;2018_177_79;vastuunjako;1
946;177/2018;2018_177_79;vastuunjaon;1
946;177/2018;2018_177_79;verotuksellisen;1
946;177/2018;2018_177_79;verotuskohtelun;1
946;177/2018;2018_177_79;verrata;1
946;177/2018;2018_177_79;vielä;1
946;177/2018;2018_177_79;viestintävaliokunnan;1
946;177/2018;2018_177_79;viranomaisiin;1
946;177/2018;2018_177_79;voi;2
946;177/2018;2018_177_79;voimia;1
946;177/2018;2018_177_79;vuoropuhelu;1
946;177/2018;2018_177_79;väestön;1
946;177/2018;2018_177_79;välillä;1
946;177/2018;2018_177_79;väliset;2
946;177/2018;2018_177_79;vältettävä;1
946;177/2018;2018_177_79;yhteiskunnan;2
946;177/2018;2018_177_79;yhteiskunnassa;1
946;177/2018;2018_177_79;yhteiskuntaa;1
946;177/2018;2018_177_79;yhteistyöllä;1
946;177/2018;2018_177_79;yhteistyössä;1
946;177/2018;2018_177_79;yhteistyötä;3
946;177/2018;2018_177_79;yhtyy;1
946;177/2018;2018_177_79;yksimielinen;1
946;177/2018;2018_177_79;yksityisen;1
946;177/2018;2018_177_79;yksityistäkin;1
946;177/2018;2018_177_79;yleisellä;1
946;177/2018;2018_177_79;yleistä;1
946;177/2018;2018_177_79;ylittävästi;1
946;177/2018;2018_177_79;ymmärrystä;2
946;177/2018;2018_177_79;yritysten;1
946;23/2017;2017_23_162;aivan;1
946;23/2017;2017_23_162;ajatella;1
946;23/2017;2017_23_162;ajatus;1
946;23/2017;2017_23_162;alkuinvestoinnit;1
946;23/2017;2017_23_162;alueellinen;1
946;23/2017;2017_23_162;ammatillisen;1
946;23/2017;2017_23_162;ammatillisesta;1
946;23/2017;2017_23_162;ammattikoululaisten;1
946;23/2017;2017_23_162;ammattikoulun;1
946;23/2017;2017_23_162;arvoisa;1
946;23/2017;2017_23_162;arvomaailmaa;1
946;23/2017;2017_23_162;asiaa;1
946;23/2017;2017_23_162;byrokraattisuutta;1
946;23/2017;2017_23_162;ehkä;1
946;23/2017;2017_23_162;enemmän;1
946;23/2017;2017_23_162;eri;1
946;23/2017;2017_23_162;erityisesti;1
946;23/2017;2017_23_162;erityyppinen;1
946;23/2017;2017_23_162;esille;1
946;23/2017;2017_23_162;esimerkiksi;1
946;23/2017;2017_23_162;että;6
946;23/2017;2017_23_162;eväitä;2
946;23/2017;2017_23_162;haastavina;1
946;23/2017;2017_23_162;haasteellinen;1
946;23/2017;2017_23_162;haluaisi;1
946;23/2017;2017_23_162;hauduttamoita;1
946;23/2017;2017_23_162;herra;1
946;23/2017;2017_23_162;hyvin;2
946;23/2017;2017_23_162;hyvä;2
946;23/2017;2017_23_162;ihan;1
946;23/2017;2017_23_162;iltapäiviin;1
946;23/2017;2017_23_162;iltoihin;1
946;23/2017;2017_23_162;ja;11
946;23/2017;2017_23_162;jo;1
946;23/2017;2017_23_162;jolla;1
946;23/2017;2017_23_162;jonkun;1
946;23/2017;2017_23_162;jos;1
946;23/2017;2017_23_162;jotakin;2
946;23/2017;2017_23_162;jotka;1
946;23/2017;2017_23_162;järjestäjille;1
946;23/2017;2017_23_162;järkeviä;1
946;23/2017;2017_23_162;kaivattuja;1
946;23/2017;2017_23_162;kalliina;1
946;23/2017;2017_23_162;kannalta;1
946;23/2017;2017_23_162;kauan;1
946;23/2017;2017_23_162;kautta;1
946;23/2017;2017_23_162;keskustelu;1
946;23/2017;2017_23_162;kiinnostusta;1
946;23/2017;2017_23_162;kipukohdat;1
946;23/2017;2017_23_162;kipukohtiakin;1
946;23/2017;2017_23_162;koetaan;2
946;23/2017;2017_23_162;kohdistuu;1
946;23/2017;2017_23_162;kokonaisuuksia;1
946;23/2017;2017_23_162;kokonaisuus;1
946;23/2017;2017_23_162;kokonaisuutta;1
946;23/2017;2017_23_162;koneet;1
946;23/2017;2017_23_162;koulutuksen;2
946;23/2017;2017_23_162;koulutuksesta;1
946;23/2017;2017_23_162;koulutusmuodon;1
946;23/2017;2017_23_162;koulutusmuotoonkin;1
946;23/2017;2017_23_162;kovin;1
946;23/2017;2017_23_162;kuin;1
946;23/2017;2017_23_162;kun;2
946;23/2017;2017_23_162;laajasti;1
946;23/2017;2017_23_162;laitteet;1
946;23/2017;2017_23_162;liittyvät;1
946;23/2017;2017_23_162;liittyvää;1
946;23/2017;2017_23_162;lähiopetukseen;1
946;23/2017;2017_23_162;lähiopetuksen;1
946;23/2017;2017_23_162;lähiopetuksesta;1
946;23/2017;2017_23_162;meidän;3
946;23/2017;2017_23_162;menisivät;1
946;23/2017;2017_23_162;mietin;1
946;23/2017;2017_23_162;mikä;2
946;23/2017;2017_23_162;moneen;1
946;23/2017;2017_23_162;moni;1
946;23/2017;2017_23_162;monipuolinen;1
946;23/2017;2017_23_162;monipuolisia;1
946;23/2017;2017_23_162;muodostaisi;1
946;23/2017;2017_23_162;mutta;1
946;23/2017;2017_23_162;muun;1
946;23/2017;2017_23_162;muuta;1
946;23/2017;2017_23_162;myös;2
946;23/2017;2017_23_162;määrä;1
946;23/2017;2017_23_162;ne;1
946;23/2017;2017_23_162;niihin;1
946;23/2017;2017_23_162;niistä;1
946;23/2017;2017_23_162;nuoriin;1
946;23/2017;2017_23_162;nyt;3
946;23/2017;2017_23_162;näkemystä;1
946;23/2017;2017_23_162;odotuksia;1
946;23/2017;2017_23_162;olla;2
946;23/2017;2017_23_162;on;11
946;23/2017;2017_23_162;oppilaan;1
946;23/2017;2017_23_162;osoittaa;1
946;23/2017;2017_23_162;ottaa;1
946;23/2017;2017_23_162;otteeseen;1
946;23/2017;2017_23_162;paljon;2
946;23/2017;2017_23_162;parasta;1
946;23/2017;2017_23_162;pitäisi;2
946;23/2017;2017_23_162;pitää;1
946;23/2017;2017_23_162;puhemies;1
946;23/2017;2017_23_162;pystyä;1
946;23/2017;2017_23_162;päiviin;1
946;23/2017;2017_23_162;päivistä;1
946;23/2017;2017_23_162;päivä;1
946;23/2017;2017_23_162;pöydälle;1
946;23/2017;2017_23_162;rajojen;1
946;23/2017;2017_23_162;reformiin;1
946;23/2017;2017_23_162;reformissa;1
946;23/2017;2017_23_162;reformista;1
946;23/2017;2017_23_162;riittävä;1
946;23/2017;2017_23_162;saada;1
946;23/2017;2017_23_162;saataisiin;1
946;23/2017;2017_23_162;saavutettavuus;1
946;23/2017;2017_23_162;salissa;2
946;23/2017;2017_23_162;se;2
946;23/2017;2017_23_162;selvä;1
946;23/2017;2017_23_162;sentyyppistä;1
946;23/2017;2017_23_162;siellä;3
946;23/2017;2017_23_162;siihen;3
946;23/2017;2017_23_162;sijaitsevat;1
946;23/2017;2017_23_162;sinne;1
946;23/2017;2017_23_162;sitten;1
946;23/2017;2017_23_162;sitä;1
946;23/2017;2017_23_162;suomeen;1
946;23/2017;2017_23_162;suuria;1
946;23/2017;2017_23_162;syntyä;1
946;23/2017;2017_23_162;säilyy;1
946;23/2017;2017_23_162;takana;1
946;23/2017;2017_23_162;tavallaan;1
946;23/2017;2017_23_162;tehdään;1
946;23/2017;2017_23_162;tehtävä;1
946;23/2017;2017_23_162;tehtävähän;1
946;23/2017;2017_23_162;tiloissa;1
946;23/2017;2017_23_162;tullut;1
946;23/2017;2017_23_162;tuohon;1
946;23/2017;2017_23_162;tuossa;1
946;23/2017;2017_23_162;tutkitaan;1
946;23/2017;2017_23_162;tämä;4
946;23/2017;2017_23_162;tässä;1
946;23/2017;2017_23_162;tästä;2
946;23/2017;2017_23_162;täällä;1
946;23/2017;2017_23_162;uskotaan;1
946;23/2017;2017_23_162;uusia;1
946;23/2017;2017_23_162;vastaamaan;1
946;23/2017;2017_23_162;vastaisimme;1
946;23/2017;2017_23_162;voisi;3
946;23/2017;2017_23_162;vuosi;1
946;23/2017;2017_23_162;yhdessä;2
946;23/2017;2017_23_162;yhdistettyä;1
946;23/2017;2017_23_162;yksi;1
946;23/2017;2017_23_162;yli;1
946;23/2017;2017_23_162;yrittäjyyshalukkuutta;1
946;23/2017;2017_23_162;yrittäjyyskiihdyttämöitä;1
946;23/2017;2017_23_162;yrittäjä;1
946;23/2017;2017_23_162;yrityksiä;1
946;39/2017;2017_39_15;aidosti;1
946;39/2017;2017_39_15;aika;1
946;39/2017;2017_39_15;ainoa;1
946;39/2017;2017_39_15;aivan;1
946;39/2017;2017_39_15;ajattelisin;1
946;39/2017;2017_39_15;ajattelu;1
946;39/2017;2017_39_15;ajattelua;1
946;39/2017;2017_39_15;alkaen;1
946;39/2017;2017_39_15;arvoisa;1
946;39/2017;2017_39_15;ehdoilla;1
946;39/2017;2017_39_15;ehkä;1
946;39/2017;2017_39_15;ei;2
946;39/2017;2017_39_15;eniten;1
946;39/2017;2017_39_15;ensimmäisestä;1
946;39/2017;2017_39_15;erikoistumaan;1
946;39/2017;2017_39_15;esitys;2
946;39/2017;2017_39_15;esseisiin;1
946;39/2017;2017_39_15;etenemään;1
946;39/2017;2017_39_15;että;2
946;39/2017;2017_39_15;haetaan;1
946;39/2017;2017_39_15;hyvä;1
946;39/2017;2017_39_15;itse;2
946;39/2017;2017_39_15;itsellensä;1
946;39/2017;2017_39_15;ja;5
946;39/2017;2017_39_15;jatko-opintoihin;1
946;39/2017;2017_39_15;jatkossahan;1
946;39/2017;2017_39_15;jo;3
946;39/2017;2017_39_15;jossa;1
946;39/2017;2017_39_15;kehittäminen;1
946;39/2017;2017_39_15;kehittämisen;1
946;39/2017;2017_39_15;kehittämisestä;1
946;39/2017;2017_39_15;kehittää;3
946;39/2017;2017_39_15;keskeisin;1
946;39/2017;2017_39_15;keskustella;2
946;39/2017;2017_39_15;keskustelu;1
946;39/2017;2017_39_15;kohde;1
946;39/2017;2017_39_15;kolmantena;1
946;39/2017;2017_39_15;korkeakouluopiskeluihin;1
946;39/2017;2017_39_15;kun;1
946;39/2017;2017_39_15;kuten;1
946;39/2017;2017_39_15;käsittelyssä;1
946;39/2017;2017_39_15;laajemminkin;1
946;39/2017;2017_39_15;lauslahti;1
946;39/2017;2017_39_15;lienee;1
946;39/2017;2017_39_15;lukion;1
946;39/2017;2017_39_15;lukioon;1
946;39/2017;2017_39_15;lukiota;1
946;39/2017;2017_39_15;lähellä;1
946;39/2017;2017_39_15;lähtisimme;1
946;39/2017;2017_39_15;löytämään;1
946;39/2017;2017_39_15;mahdollisimman;1
946;39/2017;2017_39_15;meille;1
946;39/2017;2017_39_15;menevää;1
946;39/2017;2017_39_15;minigradussa;1
946;39/2017;2017_39_15;mutta;2
946;39/2017;2017_39_15;myös;2
946;39/2017;2017_39_15;niinpäin;1
946;39/2017;2017_39_15;nimenomaan;1
946;39/2017;2017_39_15;näkisin;1
946;39/2017;2017_39_15;oleva;1
946;39/2017;2017_39_15;olisi;2
946;39/2017;2017_39_15;olla;2
946;39/2017;2017_39_15;ollaan;1
946;39/2017;2017_39_15;omaa;1
946;39/2017;2017_39_15;omien;1
946;39/2017;2017_39_15;on;2
946;39/2017;2017_39_15;opiskelija;1
946;39/2017;2017_39_15;opiskeluvuonna;1
946;39/2017;2017_39_15;oppiainerajoja;1
946;39/2017;2017_39_15;oppiainerajojen;1
946;39/2017;2017_39_15;oppilaan;1
946;39/2017;2017_39_15;osaamisaluetta;1
946;39/2017;2017_39_15;osaamista;1
946;39/2017;2017_39_15;osaamistaan;1
946;39/2017;2017_39_15;paras;2
946;39/2017;2017_39_15;perusteella;1
946;39/2017;2017_39_15;perustuvaa;1
946;39/2017;2017_39_15;pikemminkin;1
946;39/2017;2017_39_15;portfoliolla;1
946;39/2017;2017_39_15;portfoliotyyppinen;1
946;39/2017;2017_39_15;portfoliotyyppistä;1
946;39/2017;2017_39_15;puhemies;1
946;39/2017;2017_39_15;pystyttäisiin;1
946;39/2017;2017_39_15;rakentaa;1
946;39/2017;2017_39_15;rakentamaan;1
946;39/2017;2017_39_15;relevanttiutta;1
946;39/2017;2017_39_15;sanoi;1
946;39/2017;2017_39_15;se;2
946;39/2017;2017_39_15;silloin;1
946;39/2017;2017_39_15;sinne;1
946;39/2017;2017_39_15;sitten;1
946;39/2017;2017_39_15;suhteessa;1
946;39/2017;2017_39_15;tai;1
946;39/2017;2017_39_15;tapa;1
946;39/2017;2017_39_15;tapahtuisi;1
946;39/2017;2017_39_15;tarpeellinen;1
946;39/2017;2017_39_15;tarvetta;2
946;39/2017;2017_39_15;tarvitaan;1
946;39/2017;2017_39_15;tekninen;1
946;39/2017;2017_39_15;todella;1
946;39/2017;2017_39_15;toisena;1
946;39/2017;2017_39_15;tulee;1
946;39/2017;2017_39_15;tuommoista;1
946;39/2017;2017_39_15;tuota;1
946;39/2017;2017_39_15;tutkintoa;1
946;39/2017;2017_39_15;tällä;1
946;39/2017;2017_39_15;tämmöinen;1
946;39/2017;2017_39_15;tämä;2
946;39/2017;2017_39_15;tässä;1
946;39/2017;2017_39_15;tästä;1
946;39/2017;2017_39_15;vaan;2
946;39/2017;2017_39_15;vahvuuksien;1
946;39/2017;2017_39_15;vaiheessa;1
946;39/2017;2017_39_15;vaikkapa;1
946;39/2017;2017_39_15;vain;1
946;39/2017;2017_39_15;valiokunnasta;1
946;39/2017;2017_39_15;varapuheenjohtaja;1
946;39/2017;2017_39_15;varhaisessa;1
946;39/2017;2017_39_15;voisi;2
946;39/2017;2017_39_15;vuodesta;1
946;39/2017;2017_39_15;vuonna;1
946;39/2017;2017_39_15;vähän;1
946;39/2017;2017_39_15;välttämättä;1
946;39/2017;2017_39_15;yli;1
946;39/2017;2017_39_15;ylioppilaskirjoitusten;1
946;39/2017;2017_39_15;ylioppilastutkinnosta;1
946;39/2017;2017_39_15;ylioppilastutkinto;1
946;39/2017;2017_39_15;ylioppilastutkintoakin;1
946;39/2017;2017_39_15;ylittämään;1
946;39/2017;2017_39_15;äsken;1
946;43/2017;2017_43_114;aika;1
946;43/2017;2017_43_114;aikaa;2
946;43/2017;2017_43_114;aikataulun;1
946;43/2017;2017_43_114;ainakaan;1
946;43/2017;2017_43_114;aloitetaan;1
946;43/2017;2017_43_114;arvoisa;1
946;43/2017;2017_43_114;asioihin;1
946;43/2017;2017_43_114;eduskunnasta;1
946;43/2017;2017_43_114;ehkä;2
946;43/2017;2017_43_114;ei;1
946;43/2017;2017_43_114;erittäin;1
946;43/2017;2017_43_114;esille;1
946;43/2017;2017_43_114;että;4
946;43/2017;2017_43_114;hallitus;1
946;43/2017;2017_43_114;haluaisin;2
946;43/2017;2017_43_114;hienona;1
946;43/2017;2017_43_114;historiallinen;1
946;43/2017;2017_43_114;hyvin;2
946;43/2017;2017_43_114;hyvä;1
946;43/2017;2017_43_114;isona;1
946;43/2017;2017_43_114;itseänsä;1
946;43/2017;2017_43_114;ja;6
946;43/2017;2017_43_114;joka;1
946;43/2017;2017_43_114;jos;2
946;43/2017;2017_43_114;jossa;1
946;43/2017;2017_43_114;juhannukseksi;1
946;43/2017;2017_43_114;kaikki;1
946;43/2017;2017_43_114;kentälle;1
946;43/2017;2017_43_114;keskustelussa;1
946;43/2017;2017_43_114;keskustelusta;2
946;43/2017;2017_43_114;kiitoksia;1
946;43/2017;2017_43_114;kiittää;1
946;43/2017;2017_43_114;kohta;1
946;43/2017;2017_43_114;kokousta;2
946;43/2017;2017_43_114;kuitenkin;1
946;43/2017;2017_43_114;lisäarvona;1
946;43/2017;2017_43_114;maalannut;1
946;43/2017;2017_43_114;mahdollisuuden;1
946;43/2017;2017_43_114;mahdollisuutta;1
946;43/2017;2017_43_114;mennä;1
946;43/2017;2017_43_114;mennään;1
946;43/2017;2017_43_114;mielestäni;1
946;43/2017;2017_43_114;mietintö;1
946;43/2017;2017_43_114;mikään;1
946;43/2017;2017_43_114;mitään;1
946;43/2017;2017_43_114;moniin;1
946;43/2017;2017_43_114;monipuolinen;1
946;43/2017;2017_43_114;mukaan;1
946;43/2017;2017_43_114;mutta;1
946;43/2017;2017_43_114;niin;3
946;43/2017;2017_43_114;normaalinkin;1
946;43/2017;2017_43_114;nousseisiin;1
946;43/2017;2017_43_114;nurkkaan;1
946;43/2017;2017_43_114;nähdään;1
946;43/2017;2017_43_114;näkisin;1
946;43/2017;2017_43_114;ole;1
946;43/2017;2017_43_114;olisi;4
946;43/2017;2017_43_114;ollut;1
946;43/2017;2017_43_114;omalta;1
946;43/2017;2017_43_114;on;3
946;43/2017;2017_43_114;onko;1
946;43/2017;2017_43_114;oppositiorajat;1
946;43/2017;2017_43_114;osaltani;1
946;43/2017;2017_43_114;pelkkää;1
946;43/2017;2017_43_114;perjantaina;1
946;43/2017;2017_43_114;pitää;1
946;43/2017;2017_43_114;pois;1
946;43/2017;2017_43_114;puhemies;1
946;43/2017;2017_43_114;puolue;1
946;43/2017;2017_43_114;pureutua;1
946;43/2017;2017_43_114;reformi;1
946;43/2017;2017_43_114;se;1
946;43/2017;2017_43_114;semmoisen;2
946;43/2017;2017_43_114;sen;1
946;43/2017;2017_43_114;siihen;1
946;43/2017;2017_43_114;sillä;1
946;43/2017;2017_43_114;siten;1
946;43/2017;2017_43_114;sulkenut;1
946;43/2017;2017_43_114;syvälle;1
946;43/2017;2017_43_114;tavalla;1
946;43/2017;2017_43_114;tehtäisiin;1
946;43/2017;2017_43_114;todeta;1
946;43/2017;2017_43_114;toiveen;2
946;43/2017;2017_43_114;toivetta;2
946;43/2017;2017_43_114;totean;1
946;43/2017;2017_43_114;tuolle;1
946;43/2017;2017_43_114;tuonne;1
946;43/2017;2017_43_114;tämmöinen;1
946;43/2017;2017_43_114;tämmöisen;1
946;43/2017;2017_43_114;tämmöistä;1
946;43/2017;2017_43_114;tässä;2
946;43/2017;2017_43_114;tästä;1
946;43/2017;2017_43_114;utopiaa;1
946;43/2017;2017_43_114;vain;2
946;43/2017;2017_43_114;valiokuntakäsittelylle;1
946;43/2017;2017_43_114;valiokuntakäsittelyyn;1
946;43/2017;2017_43_114;valmista;1
946;43/2017;2017_43_114;vielä;3
946;43/2017;2017_43_114;viestinä;1
946;43/2017;2017_43_114;yhdessä;1
946;43/2017;2017_43_114;ylittävä;1
946;43/2017;2017_43_114;yllä;1
946;59/2018;2018_59_134;aidosti;1
946;59/2018;2018_59_134;aika;1
946;59/2018;2018_59_134;ajatus;1
946;59/2018;2018_59_134;alettaisiin;1
946;59/2018;2018_59_134;alle;1
946;59/2018;2018_59_134;alun;1
946;59/2018;2018_59_134;arvoisa;1
946;59/2018;2018_59_134;aste;1
946;59/2018;2018_59_134;asteen;2
946;59/2018;2018_59_134;asteesta;1
946;59/2018;2018_59_134;auttavaa;1
946;59/2018;2018_59_134;edelleen;1
946;59/2018;2018_59_134;ei;5
946;59/2018;2018_59_134;eikä;1
946;59/2018;2018_59_134;eli;2
946;59/2018;2018_59_134;emme;1
946;59/2018;2018_59_134;en;1
946;59/2018;2018_59_134;erilaisimpiin;1
946;59/2018;2018_59_134;erilaisista;1
946;59/2018;2018_59_134;esittäneet;1
946;59/2018;2018_59_134;että;9
946;59/2018;2018_59_134;hallitus;1
946;59/2018;2018_59_134;hyvin;1
946;59/2018;2018_59_134;hyvä;2
946;59/2018;2018_59_134;hyväksi;1
946;59/2018;2018_59_134;hän;2
946;59/2018;2018_59_134;ikävuoteen;1
946;59/2018;2018_59_134;ikävuotta;1
946;59/2018;2018_59_134;ikään;1
946;59/2018;2018_59_134;ja;13
946;59/2018;2018_59_134;jatko-opintovalmiuksia;1
946;59/2018;2018_59_134;jatko-opintovalmius;1
946;59/2018;2018_59_134;jatko-opintovalmiutta;1
946;59/2018;2018_59_134;jo;3
946;59/2018;2018_59_134;joka;1
946;59/2018;2018_59_134;joku;1
946;59/2018;2018_59_134;jolloin;1
946;59/2018;2018_59_134;jos;1
946;59/2018;2018_59_134;jossa;3
946;59/2018;2018_59_134;joten;1
946;59/2018;2018_59_134;jää;1
946;59/2018;2018_59_134;kaavamaista;2
946;59/2018;2018_59_134;kaiken;1
946;59/2018;2018_59_134;kaikkia;1
946;59/2018;2018_59_134;kattavaa;1
946;59/2018;2018_59_134;kehitystä;1
946;59/2018;2018_59_134;kenenkään;1
946;59/2018;2018_59_134;keskellä;1
946;59/2018;2018_59_134;keskeyttää;1
946;59/2018;2018_59_134;keskustalainen;1
946;59/2018;2018_59_134;keskustelu;1
946;59/2018;2018_59_134;kestämätön;1
946;59/2018;2018_59_134;korjaussarjaa;1
946;59/2018;2018_59_134;koulunsa;1
946;59/2018;2018_59_134;koulutusta;1
946;59/2018;2018_59_134;kuin;1
946;59/2018;2018_59_134;kuitenkaan;1
946;59/2018;2018_59_134;kun;1
946;59/2018;2018_59_134;kurkistusikkunoita;1
946;59/2018;2018_59_134;kuvasi;1
946;59/2018;2018_59_134;kyllä;1
946;59/2018;2018_59_134;kymppiluokkaa;1
946;59/2018;2018_59_134;käyty;1
946;59/2018;2018_59_134;laitettaisiin;1
946;59/2018;2018_59_134;liikkeelle;1
946;59/2018;2018_59_134;lipsuttu;1
946;59/2018;2018_59_134;lisäaskeleita;1
946;59/2018;2018_59_134;lisäksi;2
946;59/2018;2018_59_134;lisättäisiin;1
946;59/2018;2018_59_134;lisää;1
946;59/2018;2018_59_134;lähdettäisiin;1
946;59/2018;2018_59_134;läheisempi;1
946;59/2018;2018_59_134;lähtenyt;1
946;59/2018;2018_59_134;mahdollistuisi;1
946;59/2018;2018_59_134;maksullisempaa;2
946;59/2018;2018_59_134;maksutonta;1
946;59/2018;2018_59_134;malli;2
946;59/2018;2018_59_134;mallia;1
946;59/2018;2018_59_134;mieltä;1
946;59/2018;2018_59_134;minusta;1
946;59/2018;2018_59_134;mitä;2
946;59/2018;2018_59_134;moninaisimmista;1
946;59/2018;2018_59_134;muotoihin;1
946;59/2018;2018_59_134;mutta;2
946;59/2018;2018_59_134;myös;1
946;59/2018;2018_59_134;myöskin;2
946;59/2018;2018_59_134;niin;2
946;59/2018;2018_59_134;nuoria;1
946;59/2018;2018_59_134;nuorten;1
946;59/2018;2018_59_134;nykyinen;1
946;59/2018;2018_59_134;nykyistä;1
946;59/2018;2018_59_134;nyt;2
946;59/2018;2018_59_134;näitä;1
946;59/2018;2018_59_134;ohjelmiin;1
946;59/2018;2018_59_134;oikea;1
946;59/2018;2018_59_134;ole;4
946;59/2018;2018_59_134;olemme;1
946;59/2018;2018_59_134;olen;1
946;59/2018;2018_59_134;oleva;1
946;59/2018;2018_59_134;olisi;1
946;59/2018;2018_59_134;olla;4
946;59/2018;2018_59_134;ollaan;1
946;59/2018;2018_59_134;ollut;1
946;59/2018;2018_59_134;omaa;1
946;59/2018;2018_59_134;on;10
946;59/2018;2018_59_134;opiskelijalla;1
946;59/2018;2018_59_134;oppimista;1
946;59/2018;2018_59_134;oppimäärän;1
946;59/2018;2018_59_134;oppioikeuteen;2
946;59/2018;2018_59_134;oppivelvollisuuteen;1
946;59/2018;2018_59_134;otetaan;1
946;59/2018;2018_59_134;pajakoulutyyppistä;1
946;59/2018;2018_59_134;palaa;1
946;59/2018;2018_59_134;pelkkä;1
946;59/2018;2018_59_134;pelkän;1
946;59/2018;2018_59_134;perin;1
946;59/2018;2018_59_134;peruskoulun;2
946;59/2018;2018_59_134;peruskouluvaiheessa;1
946;59/2018;2018_59_134;perälauta;1
946;59/2018;2018_59_134;piirtein;1
946;59/2018;2018_59_134;pikkuhiljaa;1
946;59/2018;2018_59_134;pitää;1
946;59/2018;2018_59_134;puhemies;1
946;59/2018;2018_59_134;puuttumista;1
946;59/2018;2018_59_134;rakentava;1
946;59/2018;2018_59_134;ratkaisua;2
946;59/2018;2018_59_134;samaa;1
946;59/2018;2018_59_134;se;8
946;59/2018;2018_59_134;seiskaluokalla;1
946;59/2018;2018_59_134;sen;2
946;59/2018;2018_59_134;siihen;2
946;59/2018;2018_59_134;siinä;1
946;59/2018;2018_59_134;siinähän;1
946;59/2018;2018_59_134;siitä;2
946;59/2018;2018_59_134;siksi;1
946;59/2018;2018_59_134;silloin;1
946;59/2018;2018_59_134;sillä;1
946;59/2018;2018_59_134;sitten;2
946;59/2018;2018_59_134;sivistystyötä;1
946;59/2018;2018_59_134;suuntaan;1
946;59/2018;2018_59_134;suurin;1
946;59/2018;2018_59_134;syistä;1
946;59/2018;2018_59_134;takia;1
946;59/2018;2018_59_134;tarkastelemaan;1
946;59/2018;2018_59_134;tarvitaan;1
946;59/2018;2018_59_134;tarvitsemme;2
946;59/2018;2018_59_134;taustaa;1
946;59/2018;2018_59_134;tavalla;1
946;59/2018;2018_59_134;tavoite;1
946;59/2018;2018_59_134;tilanne;1
946;59/2018;2018_59_134;tilanteeseen;1
946;59/2018;2018_59_134;tilanteita;1
946;59/2018;2018_59_134;toinen;1
946;59/2018;2018_59_134;toiseen;1
946;59/2018;2018_59_134;toisen;2
946;59/2018;2018_59_134;toisesta;1
946;59/2018;2018_59_134;tsekkauspiste;1
946;59/2018;2018_59_134;tuhansia;1
946;59/2018;2018_59_134;tulkitaan;1
946;59/2018;2018_59_134;tullut;1
946;59/2018;2018_59_134;tuonne;1
946;59/2018;2018_59_134;tuota;1
946;59/2018;2018_59_134;tuotaisiin;1
946;59/2018;2018_59_134;tähän;1
946;59/2018;2018_59_134;tämä;2
946;59/2018;2018_59_134;tänään;1
946;59/2018;2018_59_134;tärkeä;1
946;59/2018;2018_59_134;tärkeää;1
946;59/2018;2018_59_134;tästä;1
946;59/2018;2018_59_134;tätä;2
946;59/2018;2018_59_134;useampia;1
946;59/2018;2018_59_134;usko;1
946;59/2018;2018_59_134;uskon;1
946;59/2018;2018_59_134;uudistusta;2
946;59/2018;2018_59_134;vaan;1
946;59/2018;2018_59_134;vaille;1
946;59/2018;2018_59_134;vapaata;1
946;59/2018;2018_59_134;varmaankaan;1
946;59/2018;2018_59_134;vastaus;1
946;59/2018;2018_59_134;vasten;1
946;59/2018;2018_59_134;velvoitteeksi;1
946;59/2018;2018_59_134;vielä;2
946;59/2018;2018_59_134;voi;3
946;59/2018;2018_59_134;voimakkaammin;1
946;59/2018;2018_59_134;vuosi;1
946;59/2018;2018_59_134;vuosittain;1
946;59/2018;2018_59_134;vuotiaana;1
946;59/2018;2018_59_134;vähän;1
946;59/2018;2018_59_134;yhteistyö;1
946;59/2018;2018_59_134;yhtä;1
946;65/2018;2018_65_2;aikana;2
946;65/2018;2018_65_2;aikuisille;1
946;65/2018;2018_65_2;aineissa;1
946;65/2018;2018_65_2;aineopiskelun;1
946;65/2018;2018_65_2;aivan;3
946;65/2018;2018_65_2;ajan;1
946;65/2018;2018_65_2;ajattelu;1
946;65/2018;2018_65_2;ajattelun;1
946;65/2018;2018_65_2;antaa;2
946;65/2018;2018_65_2;antaminen;1
946;65/2018;2018_65_2;antavana;1
946;65/2018;2018_65_2;arviointikriteerit;1
946;65/2018;2018_65_2;arvoisa;1
946;65/2018;2018_65_2;asetuksen;1
946;65/2018;2018_65_2;asia;2
946;65/2018;2018_65_2;asiantuntijakuulemisissa;1
946;65/2018;2018_65_2;asioita;1
946;65/2018;2018_65_2;asteen;1
946;65/2018;2018_65_2;demokratian;1
946;65/2018;2018_65_2;diplomin;1
946;65/2018;2018_65_2;edelleen;3
946;65/2018;2018_65_2;edelleenkin;1
946;65/2018;2018_65_2;edistäminen;1
946;65/2018;2018_65_2;edistää;3
946;65/2018;2018_65_2;eduskunnasta;1
946;65/2018;2018_65_2;ehdottaa;2
946;65/2018;2018_65_2;ehkäisemisestä;1
946;65/2018;2018_65_2;ei;5
946;65/2018;2018_65_2;eivät;1
946;65/2018;2018_65_2;eli;1
946;65/2018;2018_65_2;ensinnäkin;1
946;65/2018;2018_65_2;entistä;1
946;65/2018;2018_65_2;epäolennaisesta;1
946;65/2018;2018_65_2;eri;3
946;65/2018;2018_65_2;erikseen;1
946;65/2018;2018_65_2;erilaisten;1
946;65/2018;2018_65_2;erillisten;1
946;65/2018;2018_65_2;erittäin;3
946;65/2018;2018_65_2;erityistä;2
946;65/2018;2018_65_2;erottaminen;1
946;65/2018;2018_65_2;esimerkiksi;1
946;65/2018;2018_65_2;esitetä;2
946;65/2018;2018_65_2;esitetään;3
946;65/2018;2018_65_2;esityksellä;1
946;65/2018;2018_65_2;esityksen;6
946;65/2018;2018_65_2;esityksessä;2
946;65/2018;2018_65_2;esityksestä;1
946;65/2018;2018_65_2;että;11
946;65/2018;2018_65_2;hahmottaminen;1
946;65/2018;2018_65_2;hallinta;1
946;65/2018;2018_65_2;hallituksen;6
946;65/2018;2018_65_2;havaintoja;1
946;65/2018;2018_65_2;heidän;1
946;65/2018;2018_65_2;humanistis-yhteiskunnallisiin;1
946;65/2018;2018_65_2;huolehtia;1
946;65/2018;2018_65_2;huomiota;3
946;65/2018;2018_65_2;hylkäämistä;1
946;65/2018;2018_65_2;hyvin;2
946;65/2018;2018_65_2;hyvinvoinnin;2
946;65/2018;2018_65_2;hyvä;1
946;65/2018;2018_65_2;hyväksymistä;1
946;65/2018;2018_65_2;hyvälle;1
946;65/2018;2018_65_2;hyvänä;2
946;65/2018;2018_65_2;häirinnän;1
946;65/2018;2018_65_2;hälinää;1
946;65/2018;2018_65_2;ihan;1
946;65/2018;2018_65_2;ihmisen;1
946;65/2018;2018_65_2;ilmenevin;1
946;65/2018;2018_65_2;itsestään;1
946;65/2018;2018_65_2;ja;34
946;65/2018;2018_65_2;jatko-opintojen;1
946;65/2018;2018_65_2;jatko-opintokelpoisuuden;1
946;65/2018;2018_65_2;jatkossakin;1
946;65/2018;2018_65_2;jatkumoa;1
946;65/2018;2018_65_2;joihin;1
946;65/2018;2018_65_2;joita;2
946;65/2018;2018_65_2;joka;1
946;65/2018;2018_65_2;jolla;1
946;65/2018;2018_65_2;jonka;1
946;65/2018;2018_65_2;jossa;1
946;65/2018;2018_65_2;jotka;1
946;65/2018;2018_65_2;joustavammat;1
946;65/2018;2018_65_2;järjestetyn;1
946;65/2018;2018_65_2;järjestäjien;3
946;65/2018;2018_65_2;järjestäjiä;1
946;65/2018;2018_65_2;järjestämisen;1
946;65/2018;2018_65_2;järjestämistä;1
946;65/2018;2018_65_2;järkevältä;1
946;65/2018;2018_65_2;kaikille;2
946;65/2018;2018_65_2;kaikissa;1
946;65/2018;2018_65_2;kaikkeen;1
946;65/2018;2018_65_2;kaikkia;1
946;65/2018;2018_65_2;kaksi;1
946;65/2018;2018_65_2;kannalta;1
946;65/2018;2018_65_2;kannattaa;1
946;65/2018;2018_65_2;kansainvälistä;1
946;65/2018;2018_65_2;kansalaisvalmiuksien;1
946;65/2018;2018_65_2;kanssa;2
946;65/2018;2018_65_2;kasvavat;1
946;65/2018;2018_65_2;katsoo;1
946;65/2018;2018_65_2;kaupungeissa;1
946;65/2018;2018_65_2;kehittymistä;1
946;65/2018;2018_65_2;kehittämisessä;1
946;65/2018;2018_65_2;kehittää;1
946;65/2018;2018_65_2;kehottaa;1
946;65/2018;2018_65_2;keinoina;1
946;65/2018;2018_65_2;keskeisistä;1
946;65/2018;2018_65_2;keskeisiä;1
946;65/2018;2018_65_2;kiinnittää;1
946;65/2018;2018_65_2;kiinnitämme;2
946;65/2018;2018_65_2;kiinnostuneisuuttaan;1
946;65/2018;2018_65_2;kiitosta;1
946;65/2018;2018_65_2;kiusaamisen;1
946;65/2018;2018_65_2;kohdista;1
946;65/2018;2018_65_2;kohtaaminen;1
946;65/2018;2018_65_2;kohtuullisen;2
946;65/2018;2018_65_2;kokeiden;1
946;65/2018;2018_65_2;koko;1
946;65/2018;2018_65_2;kokonaisuuksien;1
946;65/2018;2018_65_2;koputtaa;1
946;65/2018;2018_65_2;korkea-asteelle;1
946;65/2018;2018_65_2;korkeakouluihin;1
946;65/2018;2018_65_2;korkeakoulujen;2
946;65/2018;2018_65_2;korkeakoulun;1
946;65/2018;2018_65_2;korkeakouluopintoihin;1
946;65/2018;2018_65_2;korkeakouluyhteistyö;1
946;65/2018;2018_65_2;korostaa;1
946;65/2018;2018_65_2;korostamme;1
946;65/2018;2018_65_2;koska;1
946;65/2018;2018_65_2;koskemaan;1
946;65/2018;2018_65_2;koskevia;1
946;65/2018;2018_65_2;koulutukseen;1
946;65/2018;2018_65_2;koulutuksen;9
946;65/2018;2018_65_2;koulutusmuotona;1
946;65/2018;2018_65_2;kriittinen;1
946;65/2018;2018_65_2;kuin;2
946;65/2018;2018_65_2;kuitenkaan;1
946;65/2018;2018_65_2;kuitenkin;1
946;65/2018;2018_65_2;kulttuuriministeriötä;1
946;65/2018;2018_65_2;kurssin;1
946;65/2018;2018_65_2;kuulemaansa;1
946;65/2018;2018_65_2;kuulosti;1
946;65/2018;2018_65_2;kuuluu;1
946;65/2018;2018_65_2;kuuluvat;1
946;65/2018;2018_65_2;kuuluvia;1
946;65/2018;2018_65_2;kuvattu;1
946;65/2018;2018_65_2;kykyään;2
946;65/2018;2018_65_2;kysymys;2
946;65/2018;2018_65_2;käytännössä;1
946;65/2018;2018_65_2;käytännöt;1
946;65/2018;2018_65_2;laadusta;2
946;65/2018;2018_65_2;laaja-alaisen;1
946;65/2018;2018_65_2;laajalla;1
946;65/2018;2018_65_2;laajasti;1
946;65/2018;2018_65_2;laajemmaksi;1
946;65/2018;2018_65_2;laajemmalle;1
946;65/2018;2018_65_2;laajempien;1
946;65/2018;2018_65_2;laatua;2
946;65/2018;2018_65_2;lailla;1
946;65/2018;2018_65_2;lain;4
946;65/2018;2018_65_2;lainsäädännön;1
946;65/2018;2018_65_2;laista;2
946;65/2018;2018_65_2;lakialoitteiden;1
946;65/2018;2018_65_2;lakiehdotuksella;1
946;65/2018;2018_65_2;lakiehdotuksen;1
946;65/2018;2018_65_2;lakiehdotuksessa;1
946;65/2018;2018_65_2;lakiesityksen;1
946;65/2018;2018_65_2;lausumme;1
946;65/2018;2018_65_2;lausuneet;1
946;65/2018;2018_65_2;lausuu;1
946;65/2018;2018_65_2;liite;1
946;65/2018;2018_65_2;liittyvien;1
946;65/2018;2018_65_2;lisätä;1
946;65/2018;2018_65_2;lukio;2
946;65/2018;2018_65_2;lukio-opintojen;2
946;65/2018;2018_65_2;lukio-opiskelijoiden;1
946;65/2018;2018_65_2;lukiodiplomeista;1
946;65/2018;2018_65_2;lukiodiplomi;1
946;65/2018;2018_65_2;lukiodiplomien;2
946;65/2018;2018_65_2;lukiodiplomin;2
946;65/2018;2018_65_2;lukioiden;1
946;65/2018;2018_65_2;lukiokoulutukseen;1
946;65/2018;2018_65_2;lukiokoulutuksen;3
946;65/2018;2018_65_2;lukiokoulutuksessa;1
946;65/2018;2018_65_2;lukiolaista;1
946;65/2018;2018_65_2;lukiolaisten;1
946;65/2018;2018_65_2;lukion;3
946;65/2018;2018_65_2;luonnetta;1
946;65/2018;2018_65_2;läheskään;1
946;65/2018;2018_65_2;maailmankuvan;1
946;65/2018;2018_65_2;maaseudulla;1
946;65/2018;2018_65_2;mahdollista;2
946;65/2018;2018_65_2;mahdollisuuden;1
946;65/2018;2018_65_2;mahdollisuuksia;1
946;65/2018;2018_65_2;mahdollisuus;4
946;65/2018;2018_65_2;matemaattis-luonnontieteellisiin;1
946;65/2018;2018_65_2;medialukutaito;1
946;65/2018;2018_65_2;merkittäviä;1
946;65/2018;2018_65_2;merkittävästi;1
946;65/2018;2018_65_2;merkittävästä;1
946;65/2018;2018_65_2;mietinnössä;1
946;65/2018;2018_65_2;mietinnössään;1
946;65/2018;2018_65_2;mietintö;1
946;65/2018;2018_65_2;missä;1
946;65/2018;2018_65_2;mitoituksesta;1
946;65/2018;2018_65_2;monipuolisesti;1
946;65/2018;2018_65_2;muassa;5
946;65/2018;2018_65_2;mukaan;2
946;65/2018;2018_65_2;muun;5
946;65/2018;2018_65_2;muutamia;1
946;65/2018;2018_65_2;muutettavaksi;1
946;65/2018;2018_65_2;muutoksia;1
946;65/2018;2018_65_2;muutoksin;1
946;65/2018;2018_65_2;muutosta;1
946;65/2018;2018_65_2;muuttamisen;1
946;65/2018;2018_65_2;myös;4
946;65/2018;2018_65_2;myöskin;4
946;65/2018;2018_65_2;myöskään;1
946;65/2018;2018_65_2;myötä;1
946;65/2018;2018_65_2;ne;3
946;65/2018;2018_65_2;niiden;1
946;65/2018;2018_65_2;niihin;2
946;65/2018;2018_65_2;niin;3
946;65/2018;2018_65_2;nostettavaksi;1
946;65/2018;2018_65_2;nostettu;1
946;65/2018;2018_65_2;nuorille;1
946;65/2018;2018_65_2;nykyisen;1
946;65/2018;2018_65_2;nykyisiä;1
946;65/2018;2018_65_2;nykyistä;1
946;65/2018;2018_65_2;näin;1
946;65/2018;2018_65_2;näkemyksien;1
946;65/2018;2018_65_2;ohjaus;1
946;65/2018;2018_65_2;ohjaustarpeet;1
946;65/2018;2018_65_2;ohjeet;1
946;65/2018;2018_65_2;oikeusvaltion;1
946;65/2018;2018_65_2;ole;1
946;65/2018;2018_65_2;olemme;1
946;65/2018;2018_65_2;olennaisen;1
946;65/2018;2018_65_2;oli;1
946;65/2018;2018_65_2;olla;3
946;65/2018;2018_65_2;omaksutun;1
946;65/2018;2018_65_2;omia;1
946;65/2018;2018_65_2;on;18
946;65/2018;2018_65_2;opetuksen;2
946;65/2018;2018_65_2;opetus;1
946;65/2018;2018_65_2;opetushallitus;1
946;65/2018;2018_65_2;opetusta;1
946;65/2018;2018_65_2;opinnoissa;1
946;65/2018;2018_65_2;opinnoista;1
946;65/2018;2018_65_2;opinnot;1
946;65/2018;2018_65_2;opintojaksojen;1
946;65/2018;2018_65_2;opintojakson;1
946;65/2018;2018_65_2;opintojen;2
946;65/2018;2018_65_2;opintopisteitä;1
946;65/2018;2018_65_2;opintopolut;1
946;65/2018;2018_65_2;opintosuunnitelman;1
946;65/2018;2018_65_2;opiskelijalla;1
946;65/2018;2018_65_2;opiskelijalle;1
946;65/2018;2018_65_2;opiskelijan;1
946;65/2018;2018_65_2;opiskelijavalinnoissa;1
946;65/2018;2018_65_2;opiskelijaympäristöstä;1
946;65/2018;2018_65_2;opiskelijoiden;5
946;65/2018;2018_65_2;opiskelijoille;1
946;65/2018;2018_65_2;opiskelijoita;1
946;65/2018;2018_65_2;opiskellaan;1
946;65/2018;2018_65_2;oppiaineiden;1
946;65/2018;2018_65_2;oppiaineissa;1
946;65/2018;2018_65_2;oppiaineita;2
946;65/2018;2018_65_2;oppiainerajat;2
946;65/2018;2018_65_2;oppiainerajojen;1
946;65/2018;2018_65_2;oppilaitos;1
946;65/2018;2018_65_2;oppimiselle;1
946;65/2018;2018_65_2;oppimisen;1
946;65/2018;2018_65_2;oppimisprosessin;1
946;65/2018;2018_65_2;oppimistuloksia;1
946;65/2018;2018_65_2;oppimisympäristölle;1
946;65/2018;2018_65_2;oppimäärään;1
946;65/2018;2018_65_2;osaamisen;1
946;65/2018;2018_65_2;osaamisensa;1
946;65/2018;2018_65_2;osaamistaan;1
946;65/2018;2018_65_2;osallisuutta;1
946;65/2018;2018_65_2;osana;1
946;65/2018;2018_65_2;osoittaa;2
946;65/2018;2018_65_2;ovat;4
946;65/2018;2018_65_2;painottaa;1
946;65/2018;2018_65_2;paljon;2
946;65/2018;2018_65_2;paremmin;1
946;65/2018;2018_65_2;parhaiten;1
946;65/2018;2018_65_2;perehtyneisyyttään;1
946;65/2018;2018_65_2;perusedellytyksiä;1
946;65/2018;2018_65_2;perusteet;1
946;65/2018;2018_65_2;perustein;2
946;65/2018;2018_65_2;perusteluissa;2
946;65/2018;2018_65_2;perusyksiköiksi;1
946;65/2018;2018_65_2;pidämme;1
946;65/2018;2018_65_2;pirstalemaista;1
946;65/2018;2018_65_2;pitkäjänteiseen;1
946;65/2018;2018_65_2;pitkässä;1
946;65/2018;2018_65_2;pitkästi;1
946;65/2018;2018_65_2;pitäisi;1
946;65/2018;2018_65_2;pitää;3
946;65/2018;2018_65_2;puhemies;4
946;65/2018;2018_65_2;pystytään;1
946;65/2018;2018_65_2;päin;1
946;65/2018;2018_65_2;päästötodistuksen;1
946;65/2018;2018_65_2;pääsääntöisesti;1
946;65/2018;2018_65_2;rajoitetaan;1
946;65/2018;2018_65_2;rakenteesta;1
946;65/2018;2018_65_2;rakentumista;1
946;65/2018;2018_65_2;resurssit;1
946;65/2018;2018_65_2;riippumattoman;1
946;65/2018;2018_65_2;riippuvainen;1
946;65/2018;2018_65_2;riittävä;1
946;65/2018;2018_65_2;riittävät;1
946;65/2018;2018_65_2;roolin;1
946;65/2018;2018_65_2;saa;1
946;65/2018;2018_65_2;saaneesta;1
946;65/2018;2018_65_2;saavuttamiseksi;1
946;65/2018;2018_65_2;samoin;1
946;65/2018;2018_65_2;se;3
946;65/2018;2018_65_2;sehän;1
946;65/2018;2018_65_2;sekä;5
946;65/2018;2018_65_2;selvittämään;1
946;65/2018;2018_65_2;selvä;1
946;65/2018;2018_65_2;sen;2
946;65/2018;2018_65_2;seuraavaa;2
946;65/2018;2018_65_2;siihen;1
946;65/2018;2018_65_2;siirtymistä;1
946;65/2018;2018_65_2;siis;3
946;65/2018;2018_65_2;siitä;2
946;65/2018;2018_65_2;sijaitsee;1
946;65/2018;2018_65_2;sijasta;1
946;65/2018;2018_65_2;siksi;1
946;65/2018;2018_65_2;sisälly;1
946;65/2018;2018_65_2;sisällöistä;1
946;65/2018;2018_65_2;sisällön;1
946;65/2018;2018_65_2;sisältyä;1
946;65/2018;2018_65_2;sisältää;1
946;65/2018;2018_65_2;sisältöön;1
946;65/2018;2018_65_2;siten;1
946;65/2018;2018_65_2;sitä;4
946;65/2018;2018_65_2;sitähän;1
946;65/2018;2018_65_2;sivistysvaliokunta;3
946;65/2018;2018_65_2;soveltamisessa;1
946;65/2018;2018_65_2;sujuvoittaa;1
946;65/2018;2018_65_2;suomea;1
946;65/2018;2018_65_2;suorittaa;1
946;65/2018;2018_65_2;suorittamisen;3
946;65/2018;2018_65_2;säilyy;2
946;65/2018;2018_65_2;sääntelyhän;1
946;65/2018;2018_65_2;tai;1
946;65/2018;2018_65_2;taideaineisiin;1
946;65/2018;2018_65_2;taideaineita;1
946;65/2018;2018_65_2;taito;1
946;65/2018;2018_65_2;taitoja;3
946;65/2018;2018_65_2;taitojen;1
946;65/2018;2018_65_2;takaa;1
946;65/2018;2018_65_2;tarkemmin;1
946;65/2018;2018_65_2;tarkoitettuun;1
946;65/2018;2018_65_2;tarkoituksena;1
946;65/2018;2018_65_2;tarpeet;1
946;65/2018;2018_65_2;tarpeita;1
946;65/2018;2018_65_2;tarvitaan;1
946;65/2018;2018_65_2;tasolle;1
946;65/2018;2018_65_2;tasolta;1
946;65/2018;2018_65_2;tavoitteeksi;1
946;65/2018;2018_65_2;tavoitteelliseen;1
946;65/2018;2018_65_2;tavoitteen;1
946;65/2018;2018_65_2;tavoitteena;2
946;65/2018;2018_65_2;tavoitteenahan;1
946;65/2018;2018_65_2;tehdä;1
946;65/2018;2018_65_2;tehdään;2
946;65/2018;2018_65_2;tehokkaalle;1
946;65/2018;2018_65_2;tehty;1
946;65/2018;2018_65_2;tehtävästä;1
946;65/2018;2018_65_2;tiedon;2
946;65/2018;2018_65_2;tiedonhaku;1
946;65/2018;2018_65_2;tietojen;1
946;65/2018;2018_65_2;tilanteissa;1
946;65/2018;2018_65_2;todella;1
946;65/2018;2018_65_2;todistuksen;1
946;65/2018;2018_65_2;toisen;1
946;65/2018;2018_65_2;toteaa;4
946;65/2018;2018_65_2;toteamme;2
946;65/2018;2018_65_2;tuesta;1
946;65/2018;2018_65_2;tukeminen;1
946;65/2018;2018_65_2;tuki;1
946;65/2018;2018_65_2;tulee;3
946;65/2018;2018_65_2;tulevaisuudessa;1
946;65/2018;2018_65_2;tulevaisuuttaan;1
946;65/2018;2018_65_2;tulevia;1
946;65/2018;2018_65_2;tunnistaa;1
946;65/2018;2018_65_2;tuntijako;1
946;65/2018;2018_65_2;turvallisesta;1
946;65/2018;2018_65_2;turvata;1
946;65/2018;2018_65_2;tutustua;1
946;65/2018;2018_65_2;tyytyväinen;1
946;65/2018;2018_65_2;työelämä;1
946;65/2018;2018_65_2;työskentelyyn;1
946;65/2018;2018_65_2;tähän;1
946;65/2018;2018_65_2;tämä;3
946;65/2018;2018_65_2;tämän;2
946;65/2018;2018_65_2;tärkeänä;1
946;65/2018;2018_65_2;tärkeää;1
946;65/2018;2018_65_2;tässä;3
946;65/2018;2018_65_2;tästä;1
946;65/2018;2018_65_2;uudistaa;1
946;65/2018;2018_65_2;uudistaminen;1
946;65/2018;2018_65_2;uudistukselle;1
946;65/2018;2018_65_2;uudistuksen;1
946;65/2018;2018_65_2;uusiminen;1
946;65/2018;2018_65_2;vaan;1
946;65/2018;2018_65_2;vahvistaa;3
946;65/2018;2018_65_2;vahvistetaan;2
946;65/2018;2018_65_2;vahvistuessa;1
946;65/2018;2018_65_2;valintoja;1
946;65/2018;2018_65_2;valiokunnassa;1
946;65/2018;2018_65_2;valiokunta;12
946;65/2018;2018_65_2;valmistelua;1
946;65/2018;2018_65_2;valtakunnalliset;1
946;65/2018;2018_65_2;vanhene;1
946;65/2018;2018_65_2;vapaaehtoisena;1
946;65/2018;2018_65_2;varmistetaan;1
946;65/2018;2018_65_2;vastaa;1
946;65/2018;2018_65_2;vastaamaan;1
946;65/2018;2018_65_2;vastalausetta;1
946;65/2018;2018_65_2;vastuulla;1
946;65/2018;2018_65_2;velvoittavaksi;1
946;65/2018;2018_65_2;verkostolla;1
946;65/2018;2018_65_2;vetovoimaa;1
946;65/2018;2018_65_2;vähentää;1
946;65/2018;2018_65_2;yhdeksi;1
946;65/2018;2018_65_2;yhdenvertaiset;1
946;65/2018;2018_65_2;yhdessä;1
946;65/2018;2018_65_2;yhteistyössä;1
946;65/2018;2018_65_2;yhteistyöstä;1
946;65/2018;2018_65_2;yhteistyötä;1
946;65/2018;2018_65_2;yhteistyövelvoitetta;1
946;65/2018;2018_65_2;yhteydessä;1
946;65/2018;2018_65_2;yhtä;1
946;65/2018;2018_65_2;yhtäläisin;1
946;65/2018;2018_65_2;yksilöllisemmät;1
946;65/2018;2018_65_2;yksityiskohtaisissa;1
946;65/2018;2018_65_2;yleissivistykseen;1
946;65/2018;2018_65_2;yleissivistävä;1
946;65/2018;2018_65_2;yleissivistävänä;1
946;65/2018;2018_65_2;yli;1
946;65/2018;2018_65_2;ylioppilaskirjoituksiin;1
946;65/2018;2018_65_2;ylioppilastutkinnon;1
946;65/2018;2018_65_2;ylittävien;1
946;65/2018;2018_65_2;ylittävät;1
946;65/2018;2018_65_2;ylläpitäminen;1
946;65/2018;2018_65_2;ymmärtäminen;1
946;65/2018;2018_65_2;yritysosaamista;1
946;69/2018;2018_69_13;aika;1
946;69/2018;2018_69_13;ajattelumaailmaa;1
946;69/2018;2018_69_13;ajattelun;1
946;69/2018;2018_69_13;alkaen;1
946;69/2018;2018_69_13;alueilta;1
946;69/2018;2018_69_13;ammattikorkeakoulua;1
946;69/2018;2018_69_13;ammattikoulua;1
946;69/2018;2018_69_13;ammattikouluopiskelijoille;1
946;69/2018;2018_69_13;arvoisa;1
946;69/2018;2018_69_13;arvosanoilla;1
946;69/2018;2018_69_13;asiana;1
946;69/2018;2018_69_13;asiapuolelta;1
946;69/2018;2018_69_13;asioita;1
946;69/2018;2018_69_13;astetta;1
946;69/2018;2018_69_13;debattia;1
946;69/2018;2018_69_13;ehkä;3
946;69/2018;2018_69_13;ei;5
946;69/2018;2018_69_13;eli;2
946;69/2018;2018_69_13;ensimmäisenä;1
946;69/2018;2018_69_13;ensimmäisessä;1
946;69/2018;2018_69_13;ensimmäisestä;1
946;69/2018;2018_69_13;enää;1
946;69/2018;2018_69_13;erikseen;1
946;69/2018;2018_69_13;erittäin;2
946;69/2018;2018_69_13;esittelin;1
946;69/2018;2018_69_13;että;6
946;69/2018;2018_69_13;harvoin;1
946;69/2018;2018_69_13;he;1
946;69/2018;2018_69_13;hedelmällisempi;1
946;69/2018;2018_69_13;henkilökohtaisesti;1
946;69/2018;2018_69_13;hetki;1
946;69/2018;2018_69_13;huomattavasti;1
946;69/2018;2018_69_13;hyvin;1
946;69/2018;2018_69_13;hyvistä;1
946;69/2018;2018_69_13;hyvänä;1
946;69/2018;2018_69_13;ikään;5
946;69/2018;2018_69_13;innovaatioita;1
946;69/2018;2018_69_13;itse;2
946;69/2018;2018_69_13;ja;9
946;69/2018;2018_69_13;jatkossa;2
946;69/2018;2018_69_13;jatkuva;2
946;69/2018;2018_69_13;jo;6
946;69/2018;2018_69_13;joilla;1
946;69/2018;2018_69_13;joissa;1
946;69/2018;2018_69_13;joka;1
946;69/2018;2018_69_13;jossa;1
946;69/2018;2018_69_13;joten;1
946;69/2018;2018_69_13;kansiolla;1
946;69/2018;2018_69_13;kanssa;1
946;69/2018;2018_69_13;kasvavilla;1
946;69/2018;2018_69_13;kehittymistä;1
946;69/2018;2018_69_13;kenttää;1
946;69/2018;2018_69_13;keskiössä;1
946;69/2018;2018_69_13;kiitosta;1
946;69/2018;2018_69_13;kohdista;1
946;69/2018;2018_69_13;kokemus;1
946;69/2018;2018_69_13;koko;1
946;69/2018;2018_69_13;kolmannen;1
946;69/2018;2018_69_13;korkeakoulumaailmaa;1
946;69/2018;2018_69_13;korkeakoulun;1
946;69/2018;2018_69_13;korkeakouluun;2
946;69/2018;2018_69_13;korkeakouluyhteistyöhön;1
946;69/2018;2018_69_13;koskettavasti;1
946;69/2018;2018_69_13;kovin;1
946;69/2018;2018_69_13;kuin;6
946;69/2018;2018_69_13;kun;1
946;69/2018;2018_69_13;kurkistusikkunoita;1
946;69/2018;2018_69_13;kuultu;1
946;69/2018;2018_69_13;kypsymistään;1
946;69/2018;2018_69_13;käsittelyssä;2
946;69/2018;2018_69_13;kävin;1
946;69/2018;2018_69_13;käytiin;1
946;69/2018;2018_69_13;laajasti;1
946;69/2018;2018_69_13;lain;2
946;69/2018;2018_69_13;laissa;1
946;69/2018;2018_69_13;lakia;1
946;69/2018;2018_69_13;lakiin;1
946;69/2018;2018_69_13;lienee;1
946;69/2018;2018_69_13;lisää;1
946;69/2018;2018_69_13;loppuun;1
946;69/2018;2018_69_13;lopussa;1
946;69/2018;2018_69_13;lukioaikana;1
946;69/2018;2018_69_13;lukiodiplomissa;1
946;69/2018;2018_69_13;lukiokokeiluissa;1
946;69/2018;2018_69_13;lukiolta;1
946;69/2018;2018_69_13;lukiota;2
946;69/2018;2018_69_13;lähtökohta;1
946;69/2018;2018_69_13;läpi;1
946;69/2018;2018_69_13;malleja;2
946;69/2018;2018_69_13;mallia;1
946;69/2018;2018_69_13;menettelytavoista;1
946;69/2018;2018_69_13;mennen;1
946;69/2018;2018_69_13;menossa;1
946;69/2018;2018_69_13;merkitystä;1
946;69/2018;2018_69_13;mietinnön;1
946;69/2018;2018_69_13;mietintöä;1
946;69/2018;2018_69_13;mikä;1
946;69/2018;2018_69_13;miten;1
946;69/2018;2018_69_13;mitä;2
946;69/2018;2018_69_13;monella;1
946;69/2018;2018_69_13;monenlaisia;1
946;69/2018;2018_69_13;muassa;1
946;69/2018;2018_69_13;mutta;1
946;69/2018;2018_69_13;muun;1
946;69/2018;2018_69_13;muutama;1
946;69/2018;2018_69_13;myös;4
946;69/2018;2018_69_13;niillä;1
946;69/2018;2018_69_13;niiltä;1
946;69/2018;2018_69_13;niin;1
946;69/2018;2018_69_13;niissä;1
946;69/2018;2018_69_13;niitä;1
946;69/2018;2018_69_13;nyt;1
946;69/2018;2018_69_13;nythän;1
946;69/2018;2018_69_13;näen;1
946;69/2018;2018_69_13;näin;1
946;69/2018;2018_69_13;näyttö;1
946;69/2018;2018_69_13;ohi;1
946;69/2018;2018_69_13;ole;1
946;69/2018;2018_69_13;olemassa;1
946;69/2018;2018_69_13;olennaisimmista;1
946;69/2018;2018_69_13;olevissa;1
946;69/2018;2018_69_13;olisi;4
946;69/2018;2018_69_13;ollaan;1
946;69/2018;2018_69_13;ollut;2
946;69/2018;2018_69_13;omaa;1
946;69/2018;2018_69_13;omalla;2
946;69/2018;2018_69_13;omana;1
946;69/2018;2018_69_13;omaosaamiskansiolla;1
946;69/2018;2018_69_13;on;8
946;69/2018;2018_69_13;opiskelijoiden;1
946;69/2018;2018_69_13;oppiainerajojen;1
946;69/2018;2018_69_13;oppilaiden;1
946;69/2018;2018_69_13;osaaminen;1
946;69/2018;2018_69_13;osaamisen;1
946;69/2018;2018_69_13;osaamista;1
946;69/2018;2018_69_13;osallistava;1
946;69/2018;2018_69_13;osoittaa;2
946;69/2018;2018_69_13;ovat;1
946;69/2018;2018_69_13;paineistettu;1
946;69/2018;2018_69_13;paljon;1
946;69/2018;2018_69_13;paremmin;1
946;69/2018;2018_69_13;pelkästään;1
946;69/2018;2018_69_13;pidemmälle;1
946;69/2018;2018_69_13;pidän;1
946;69/2018;2018_69_13;pienimuotoisia;1
946;69/2018;2018_69_13;pitkälti;1
946;69/2018;2018_69_13;poikkeuksellisen;1
946;69/2018;2018_69_13;portfoliolla;1
946;69/2018;2018_69_13;puhemies;2
946;69/2018;2018_69_13;pyrittäessä;1
946;69/2018;2018_69_13;pyrittäisi;1
946;69/2018;2018_69_13;pystyy;1
946;69/2018;2018_69_13;päässeet;1
946;69/2018;2018_69_13;rakentaa;1
946;69/2018;2018_69_13;reformeja;1
946;69/2018;2018_69_13;reunahuomio;1
946;69/2018;2018_69_13;saaduilla;1
946;69/2018;2018_69_13;saanut;1
946;69/2018;2018_69_13;samaan;1
946;69/2018;2018_69_13;se;5
946;69/2018;2018_69_13;sellaista;1
946;69/2018;2018_69_13;sen;1
946;69/2018;2018_69_13;seuraamaan;2
946;69/2018;2018_69_13;seuraavana;1
946;69/2018;2018_69_13;sieltä;1
946;69/2018;2018_69_13;sinne;1
946;69/2018;2018_69_13;siten;1
946;69/2018;2018_69_13;sitten;5
946;69/2018;2018_69_13;sitä;3
946;69/2018;2018_69_13;syntyvän;1
946;69/2018;2018_69_13;tai;2
946;69/2018;2018_69_13;tapaan;1
946;69/2018;2018_69_13;tarkastella;1
946;69/2018;2018_69_13;tarkasti;4
946;69/2018;2018_69_13;tehdään;1
946;69/2018;2018_69_13;tehtäisi;1
946;69/2018;2018_69_13;tekemällä;1
946;69/2018;2018_69_13;tekemään;1
946;69/2018;2018_69_13;tekoa;1
946;69/2018;2018_69_13;toimijalla;1
946;69/2018;2018_69_13;toista;1
946;69/2018;2018_69_13;toivoisin;1
946;69/2018;2018_69_13;toivon;3
946;69/2018;2018_69_13;toivottavana;1
946;69/2018;2018_69_13;toivottavasti;1
946;69/2018;2018_69_13;toteutuu;1
946;69/2018;2018_69_13;tuki;4
946;69/2018;2018_69_13;tulee;3
946;69/2018;2018_69_13;tulen;1
946;69/2018;2018_69_13;tulevaisuuden;1
946;69/2018;2018_69_13;tulevaisuudessa;3
946;69/2018;2018_69_13;tuo;1
946;69/2018;2018_69_13;tutkiel-mien;1
946;69/2018;2018_69_13;tutkielmia;1
946;69/2018;2018_69_13;tähän;2
946;69/2018;2018_69_13;tällä;2
946;69/2018;2018_69_13;tämä;1
946;69/2018;2018_69_13;tämän;1
946;69/2018;2018_69_13;tämäntyyppisiä;1
946;69/2018;2018_69_13;tämäntyyppistä;1
946;69/2018;2018_69_13;tärkeimpiä;1
946;69/2018;2018_69_13;tärkeänä;1
946;69/2018;2018_69_13;tässä;2
946;69/2018;2018_69_13;tästä;1
946;69/2018;2018_69_13;uskon;1
946;69/2018;2018_69_13;uusista;1
946;69/2018;2018_69_13;vaan;3
946;69/2018;2018_69_13;vaatimuksilla;1
946;69/2018;2018_69_13;vaikuttamaan;1
946;69/2018;2018_69_13;vain;1
946;69/2018;2018_69_13;valiokunnan;1
946;69/2018;2018_69_13;valiokunnassa;1
946;69/2018;2018_69_13;valiokunta;1
946;69/2018;2018_69_13;valmistelemassa;1
946;69/2018;2018_69_13;valmistelutapa;1
946;69/2018;2018_69_13;valmistelutavasta;1
946;69/2018;2018_69_13;vastaa;1
946;69/2018;2018_69_13;vielä;3
946;69/2018;2018_69_13;virkamiesruotsin;1
946;69/2018;2018_69_13;visiona;1
946;69/2018;2018_69_13;voidaan;1
946;69/2018;2018_69_13;voisi;2
946;69/2018;2018_69_13;voitaisiin;1
946;69/2018;2018_69_13;vuoden;1
946;69/2018;2018_69_13;vuodesta;1
946;69/2018;2018_69_13;vuonna;2
946;69/2018;2018_69_13;vähän;2
946;69/2018;2018_69_13;yhteistyö;1
946;69/2018;2018_69_13;yhtenäisesti;1
946;69/2018;2018_69_13;yhtä;1
946;69/2018;2018_69_13;yhtäläistä;1
946;69/2018;2018_69_13;yhä;1
946;69/2018;2018_69_13;yksi;1
946;69/2018;2018_69_13;yksityiskohdista;1
946;69/2018;2018_69_13;yli;1
946;69/2018;2018_69_13;yliopistoa;1
946;69/2018;2018_69_13;yliopistokeskusta;1
946;69/2018;2018_69_13;ylioppilaskirjoituksissa;1
946;70/2018;2018_70_3;aiemmin;1
946;70/2018;2018_70_3;aiheuta;1
946;70/2018;2018_70_3;aikaa;1
946;70/2018;2018_70_3;aikana;1
946;70/2018;2018_70_3;aina;1
946;70/2018;2018_70_3;aivan;2
946;70/2018;2018_70_3;alan;1
946;70/2018;2018_70_3;alueellisesti;1
946;70/2018;2018_70_3;ammattikorkeakoulututkinnon;1
946;70/2018;2018_70_3;ammattiryhmien;3
946;70/2018;2018_70_3;arjessa;1
946;70/2018;2018_70_3;arvioida;1
946;70/2018;2018_70_3;arvioidaan;1
946;70/2018;2018_70_3;arvoisa;4
946;70/2018;2018_70_3;asema;1
946;70/2018;2018_70_3;aseman;1
946;70/2018;2018_70_3;asti;1
946;70/2018;2018_70_3;asuinalueilla;1
946;70/2018;2018_70_3;asutuilla;1
946;70/2018;2018_70_3;edelleen;2
946;70/2018;2018_70_3;edellytetään;1
946;70/2018;2018_70_3;edetä;1
946;70/2018;2018_70_3;edistävä;1
946;70/2018;2018_70_3;edistää;1
946;70/2018;2018_70_3;edun;1
946;70/2018;2018_70_3;eduskunta;4
946;70/2018;2018_70_3;edustajilla;1
946;70/2018;2018_70_3;ehdotetulla;1
946;70/2018;2018_70_3;ehdotetussa;1
946;70/2018;2018_70_3;ehdotusta;1
946;70/2018;2018_70_3;ehkä;2
946;70/2018;2018_70_3;ei;3
946;70/2018;2018_70_3;eikä;1
946;70/2018;2018_70_3;eivätkä;1
946;70/2018;2018_70_3;elinikäiseen;1
946;70/2018;2018_70_3;eniten;1
946;70/2018;2018_70_3;ennätyspitkä;1
946;70/2018;2018_70_3;ensisijaisuutta;1
946;70/2018;2018_70_3;entistä;2
946;70/2018;2018_70_3;epäonnistunut;1
946;70/2018;2018_70_3;eri;3
946;70/2018;2018_70_3;erillisessä;1
946;70/2018;2018_70_3;erityisopettajan;1
946;70/2018;2018_70_3;eroja;1
946;70/2018;2018_70_3;esiin;1
946;70/2018;2018_70_3;esikouluun;1
946;70/2018;2018_70_3;esimerkiksi;2
946;70/2018;2018_70_3;esitetty;1
946;70/2018;2018_70_3;esittämäänsä;1
946;70/2018;2018_70_3;esittää;2
946;70/2018;2018_70_3;esitykseen;2
946;70/2018;2018_70_3;esityksen;2
946;70/2018;2018_70_3;esityksessä;1
946;70/2018;2018_70_3;esitys;4
946;70/2018;2018_70_3;että;13
946;70/2018;2018_70_3;etu;2
946;70/2018;2018_70_3;hallinnonalasiirto;1
946;70/2018;2018_70_3;hallituksen;5
946;70/2018;2018_70_3;haluttu;1
946;70/2018;2018_70_3;hankittu;1
946;70/2018;2018_70_3;harvemmin;1
946;70/2018;2018_70_3;heikennä;1
946;70/2018;2018_70_3;helposti;2
946;70/2018;2018_70_3;henkilö;2
946;70/2018;2018_70_3;henkilökunnan;1
946;70/2018;2018_70_3;henkilöryhmien;1
946;70/2018;2018_70_3;henkilöstön;1
946;70/2018;2018_70_3;henkilöstörakennepykälästä;1
946;70/2018;2018_70_3;henkilöstörakennesäännöksen;1
946;70/2018;2018_70_3;henkilöstörakennetta;1
946;70/2018;2018_70_3;henkilöstöryhmille;1
946;70/2018;2018_70_3;herättäneet;1
946;70/2018;2018_70_3;hieman;1
946;70/2018;2018_70_3;huolensa;1
946;70/2018;2018_70_3;huoliin;1
946;70/2018;2018_70_3;huolimatta;1
946;70/2018;2018_70_3;huomioon;1
946;70/2018;2018_70_3;huomiota;1
946;70/2018;2018_70_3;huono-osaisuuden;1
946;70/2018;2018_70_3;hylkää;1
946;70/2018;2018_70_3;hyvin;2
946;70/2018;2018_70_3;hyväksi;1
946;70/2018;2018_70_3;hyväksyy;3
946;70/2018;2018_70_3;häirinnältä;1
946;70/2018;2018_70_3;hän;1
946;70/2018;2018_70_3;itsensä;1
946;70/2018;2018_70_3;ja;38
946;70/2018;2018_70_3;jatkossakin;1
946;70/2018;2018_70_3;johon;1
946;70/2018;2018_70_3;johtaa;1
946;70/2018;2018_70_3;johtajan;1
946;70/2018;2018_70_3;johtajana;1
946;70/2018;2018_70_3;johtoa;1
946;70/2018;2018_70_3;joissa;2
946;70/2018;2018_70_3;jotka;1
946;70/2018;2018_70_3;joustavaan;1
946;70/2018;2018_70_3;joustavasti;1
946;70/2018;2018_70_3;jälkeen;2
946;70/2018;2018_70_3;jälkeenkään;1
946;70/2018;2018_70_3;järjestettäessä;1
946;70/2018;2018_70_3;kaikilla;1
946;70/2018;2018_70_3;kaikille;2
946;70/2018;2018_70_3;kaikkia;1
946;70/2018;2018_70_3;kaikkialla;3
946;70/2018;2018_70_3;kaikkien;3
946;70/2018;2018_70_3;kandidaatti;1
946;70/2018;2018_70_3;kannattaa;1
946;70/2018;2018_70_3;kanssa;1
946;70/2018;2018_70_3;kasvatuksen;1
946;70/2018;2018_70_3;kasvatustieteellisen;1
946;70/2018;2018_70_3;kasvatustieteen;1
946;70/2018;2018_70_3;kasvuoloissa;1
946;70/2018;2018_70_3;kaupunkien;1
946;70/2018;2018_70_3;kehittymisestä;1
946;70/2018;2018_70_3;kehittämisen;1
946;70/2018;2018_70_3;kehittämisfoorumissa;1
946;70/2018;2018_70_3;kelpoinen;2
946;70/2018;2018_70_3;kelpoisuuden;2
946;70/2018;2018_70_3;kelpoisuusvaatimuksiin;1
946;70/2018;2018_70_3;kelpoisuutta;2
946;70/2018;2018_70_3;keskeinen;1
946;70/2018;2018_70_3;keskittymisen;1
946;70/2018;2018_70_3;keskiössähän;1
946;70/2018;2018_70_3;keskustelua;2
946;70/2018;2018_70_3;kierteen;1
946;70/2018;2018_70_3;kiinnitti;1
946;70/2018;2018_70_3;kiinteästi;1
946;70/2018;2018_70_3;kiusaamiselta;1
946;70/2018;2018_70_3;kohtuutonta;2
946;70/2018;2018_70_3;kohtuuttoman;1
946;70/2018;2018_70_3;koko;2
946;70/2018;2018_70_3;kolme;1
946;70/2018;2018_70_3;korostaa;3
946;70/2018;2018_70_3;korostaakin;1
946;70/2018;2018_70_3;korostaen;1
946;70/2018;2018_70_3;korreloi;1
946;70/2018;2018_70_3;koskeviin;1
946;70/2018;2018_70_3;koskien;1
946;70/2018;2018_70_3;koulussa;1
946;70/2018;2018_70_3;koulutiellä;1
946;70/2018;2018_70_3;koulutuksella;1
946;70/2018;2018_70_3;koulutuksellisen;1
946;70/2018;2018_70_3;koulutuksen;4
946;70/2018;2018_70_3;koulutusjärjestelmän;1
946;70/2018;2018_70_3;koulutuspaikkoja;1
946;70/2018;2018_70_3;koulutuspaikkojen;1
946;70/2018;2018_70_3;koulutustason;1
946;70/2018;2018_70_3;koulutustaustojen;1
946;70/2018;2018_70_3;kuin;2
946;70/2018;2018_70_3;kuitenkin;1
946;70/2018;2018_70_3;kulttuuriministeriölle;1
946;70/2018;2018_70_3;kulttuuriministeriön;1
946;70/2018;2018_70_3;kumottaisiin;1
946;70/2018;2018_70_3;kun;1
946;70/2018;2018_70_3;kunnissa;1
946;70/2018;2018_70_3;kynnyksellä;1
946;70/2018;2018_70_3;kytkee;1
946;70/2018;2018_70_3;käsittelemme;1
946;70/2018;2018_70_3;käsittelimme;1
946;70/2018;2018_70_3;laadukas;2
946;70/2018;2018_70_3;laadukkaan;1
946;70/2018;2018_70_3;laadukkaita;1
946;70/2018;2018_70_3;laajentaminen;1
946;70/2018;2018_70_3;laatua;1
946;70/2018;2018_70_3;lain;2
946;70/2018;2018_70_3;lainmukaiset;1
946;70/2018;2018_70_3;lakialoitetta;1
946;70/2018;2018_70_3;lakialoitteeseen;1
946;70/2018;2018_70_3;lakiehdotuksen;2
946;70/2018;2018_70_3;lakiehdotukset;1
946;70/2018;2018_70_3;lakiesityksen;3
946;70/2018;2018_70_3;lakiesityksessä;1
946;70/2018;2018_70_3;lapselle;2
946;70/2018;2018_70_3;lapsen;6
946;70/2018;2018_70_3;lasta;1
946;70/2018;2018_70_3;lasten;4
946;70/2018;2018_70_3;lastenhoitajia;1
946;70/2018;2018_70_3;lastenhoitajien;1
946;70/2018;2018_70_3;lastentarhanopettajan;1
946;70/2018;2018_70_3;lausumaa;1
946;70/2018;2018_70_3;lausumaehdotukseen;1
946;70/2018;2018_70_3;lausuman;1
946;70/2018;2018_70_3;lausunnon;1
946;70/2018;2018_70_3;lisä;2
946;70/2018;2018_70_3;lisäkouluttautumisessa;1
946;70/2018;2018_70_3;lisännyt;1
946;70/2018;2018_70_3;lisäosaamisen;1
946;70/2018;2018_70_3;lisätään;1
946;70/2018;2018_70_3;lisäystä;1
946;70/2018;2018_70_3;lisääntyvän;1
946;70/2018;2018_70_3;loppuun;1
946;70/2018;2018_70_3;lukiolakia;1
946;70/2018;2018_70_3;lähdetään;1
946;70/2018;2018_70_3;lähes;1
946;70/2018;2018_70_3;lähikoulupolku;1
946;70/2018;2018_70_3;mahdollisessa;1
946;70/2018;2018_70_3;mahdollisimman;2
946;70/2018;2018_70_3;mahdollistaa;1
946;70/2018;2018_70_3;mahdollisuudet;2
946;70/2018;2018_70_3;mahdollisuus;1
946;70/2018;2018_70_3;mainitussa;1
946;70/2018;2018_70_3;matalalla;1
946;70/2018;2018_70_3;merkittävä;2
946;70/2018;2018_70_3;merkittävää;3
946;70/2018;2018_70_3;merkitystä;2
946;70/2018;2018_70_3;mielipide;1
946;70/2018;2018_70_3;mietinnössä;2
946;70/2018;2018_70_3;mietintö;2
946;70/2018;2018_70_3;mietintöön;1
946;70/2018;2018_70_3;miten;2
946;70/2018;2018_70_3;monialaista;1
946;70/2018;2018_70_3;moniammatillinen;1
946;70/2018;2018_70_3;moniammatillisina;1
946;70/2018;2018_70_3;moninaisiin;1
946;70/2018;2018_70_3;muassa;2
946;70/2018;2018_70_3;mukaisen;1
946;70/2018;2018_70_3;muodossa;1
946;70/2018;2018_70_3;muodostaa;1
946;70/2018;2018_70_3;muotoilu;1
946;70/2018;2018_70_3;mutta;1
946;70/2018;2018_70_3;muun;2
946;70/2018;2018_70_3;muutettuna;1
946;70/2018;2018_70_3;muutokset;1
946;70/2018;2018_70_3;muutoksia;1
946;70/2018;2018_70_3;muutoksiin;1
946;70/2018;2018_70_3;muuttamattomana;1
946;70/2018;2018_70_3;myös;8
946;70/2018;2018_70_3;myöskin;2
946;70/2018;2018_70_3;myötä;2
946;70/2018;2018_70_3;määrittelemään;1
946;70/2018;2018_70_3;määrä;1
946;70/2018;2018_70_3;ne;1
946;70/2018;2018_70_3;niihin;1
946;70/2018;2018_70_3;niin;2
946;70/2018;2018_70_3;niitä;2
946;70/2018;2018_70_3;nopeasti;1
946;70/2018;2018_70_3;nostaminen;1
946;70/2018;2018_70_3;nosto;1
946;70/2018;2018_70_3;nostoa;1
946;70/2018;2018_70_3;nykyisen;1
946;70/2018;2018_70_3;nykyistä;1
946;70/2018;2018_70_3;nyt;3
946;70/2018;2018_70_3;näihin;1
946;70/2018;2018_70_3;näillä;1
946;70/2018;2018_70_3;oikein;1
946;70/2018;2018_70_3;oleva;2
946;70/2018;2018_70_3;olevan;1
946;70/2018;2018_70_3;olevien;1
946;70/2018;2018_70_3;oli;2
946;70/2018;2018_70_3;olisivat;1
946;70/2018;2018_70_3;olla;1
946;70/2018;2018_70_3;oltava;4
946;70/2018;2018_70_3;on;26
946;70/2018;2018_70_3;opettajan;1
946;70/2018;2018_70_3;opettajia;1
946;70/2018;2018_70_3;opetus;2
946;70/2018;2018_70_3;opintopolkuja;1
946;70/2018;2018_70_3;opiskelijoiden;1
946;70/2018;2018_70_3;opiskelupaikka;1
946;70/2018;2018_70_3;oppimiseen;1
946;70/2018;2018_70_3;oppimismahdollisuuksia;1
946;70/2018;2018_70_3;osaajat;1
946;70/2018;2018_70_3;osaaminen;1
946;70/2018;2018_70_3;osaamisen;3
946;70/2018;2018_70_3;osaamista;1
946;70/2018;2018_70_3;osaamistason;1
946;70/2018;2018_70_3;osaksi;1
946;70/2018;2018_70_3;osallistumista;1
946;70/2018;2018_70_3;osalta;1
946;70/2018;2018_70_3;osaltaan;1
946;70/2018;2018_70_3;osassa;1
946;70/2018;2018_70_3;osin;1
946;70/2018;2018_70_3;ottaa;1
946;70/2018;2018_70_3;ovat;1
946;70/2018;2018_70_3;painokkaasti;1
946;70/2018;2018_70_3;painottaa;1
946;70/2018;2018_70_3;palveluita;1
946;70/2018;2018_70_3;palvelujen;1
946;70/2018;2018_70_3;paneudutaan;1
946;70/2018;2018_70_3;parantaa;1
946;70/2018;2018_70_3;parantaminen;1
946;70/2018;2018_70_3;pedagogisen;1
946;70/2018;2018_70_3;pedagogisesti;1
946;70/2018;2018_70_3;perheelle;2
946;70/2018;2018_70_3;perheen;1
946;70/2018;2018_70_3;perhemuotoihin;1
946;70/2018;2018_70_3;peruskouluun;1
946;70/2018;2018_70_3;perusteella;1
946;70/2018;2018_70_3;perusteluilla;1
946;70/2018;2018_70_3;perusteluissa;1
946;70/2018;2018_70_3;perustelujen;1
946;70/2018;2018_70_3;perustelut;1
946;70/2018;2018_70_3;perustuslakivaliokunnan;1
946;70/2018;2018_70_3;pienissä;1
946;70/2018;2018_70_3;pitkiä;1
946;70/2018;2018_70_3;pitkällä;1
946;70/2018;2018_70_3;pitää;2
946;70/2018;2018_70_3;pohjan;1
946;70/2018;2018_70_3;polku;1
946;70/2018;2018_70_3;polkujen;1
946;70/2018;2018_70_3;positiivista;1
946;70/2018;2018_70_3;puhemies;5
946;70/2018;2018_70_3;puuttuu;1
946;70/2018;2018_70_3;pykälän;1
946;70/2018;2018_70_3;pykälässä;1
946;70/2018;2018_70_3;pystyy;1
946;70/2018;2018_70_3;pysäyttämään;1
946;70/2018;2018_70_3;päiväkodeissa;1
946;70/2018;2018_70_3;päiväkodin;2
946;70/2018;2018_70_3;päiväkotien;1
946;70/2018;2018_70_3;päivämäärän;1
946;70/2018;2018_70_3;päätettäessä;1
946;70/2018;2018_70_3;realistiset;1
946;70/2018;2018_70_3;riittävän;2
946;70/2018;2018_70_3;saa;1
946;70/2018;2018_70_3;saatavilla;4
946;70/2018;2018_70_3;saatetaan;1
946;70/2018;2018_70_3;saavutettavissa;1
946;70/2018;2018_70_3;saavutettavuuden;1
946;70/2018;2018_70_3;saavuttanut;1
946;70/2018;2018_70_3;saisi;1
946;70/2018;2018_70_3;sanamuodoista;1
946;70/2018;2018_70_3;sanamuodoltaan;1
946;70/2018;2018_70_3;sanomattakin;1
946;70/2018;2018_70_3;sanottu;1
946;70/2018;2018_70_3;saumatonta;1
946;70/2018;2018_70_3;se;2
946;70/2018;2018_70_3;seitsemän;1
946;70/2018;2018_70_3;sekin;1
946;70/2018;2018_70_3;sekä;2
946;70/2018;2018_70_3;selkeämmin;1
946;70/2018;2018_70_3;sellaisena;1
946;70/2018;2018_70_3;sellaisia;1
946;70/2018;2018_70_3;selvää;1
946;70/2018;2018_70_3;sen;3
946;70/2018;2018_70_3;seuduilla;1
946;70/2018;2018_70_3;seuraavaa;1
946;70/2018;2018_70_3;seurannasta;1
946;70/2018;2018_70_3;siellä;3
946;70/2018;2018_70_3;siihen;2
946;70/2018;2018_70_3;siinä;1
946;70/2018;2018_70_3;siirtymisen;1
946;70/2018;2018_70_3;siirtymäaika;1
946;70/2018;2018_70_3;siirtymäkaudellaan;1
946;70/2018;2018_70_3;siirtymäkauden;1
946;70/2018;2018_70_3;siirtymäsäännös;2
946;70/2018;2018_70_3;siis;6
946;70/2018;2018_70_3;siitä;2
946;70/2018;2018_70_3;siksi;2
946;70/2018;2018_70_3;sinänsä;1
946;70/2018;2018_70_3;sisältyvät;3
946;70/2018;2018_70_3;sisältyy;1
946;70/2018;2018_70_3;sisältää;1
946;70/2018;2018_70_3;sitten;2
946;70/2018;2018_70_3;sittenhän;1
946;70/2018;2018_70_3;sitä;5
946;70/2018;2018_70_3;sivistysvaliokunnan;1
946;70/2018;2018_70_3;sivistysvaliokunnasta;1
946;70/2018;2018_70_3;sivistysvaliokunta;3
946;70/2018;2018_70_3;sosiaali;1
946;70/2018;2018_70_3;sosionomeja;1
946;70/2018;2018_70_3;sosionomin;3
946;70/2018;2018_70_3;sosionomitaustainen;1
946;70/2018;2018_70_3;ssä;1
946;70/2018;2018_70_3;suhtautumista;1
946;70/2018;2018_70_3;sujuvaa;1
946;70/2018;2018_70_3;sujuvan;1
946;70/2018;2018_70_3;suojattava;1
946;70/2018;2018_70_3;suomea;1
946;70/2018;2018_70_3;suomessa;3
946;70/2018;2018_70_3;suorittanut;1
946;70/2018;2018_70_3;suunniteltaessa;1
946;70/2018;2018_70_3;suuria;1
946;70/2018;2018_70_3;suurta;1
946;70/2018;2018_70_3;suurten;1
946;70/2018;2018_70_3;säilymisen;1
946;70/2018;2018_70_3;säädettyyn;1
946;70/2018;2018_70_3;säädettäisiin;1
946;70/2018;2018_70_3;taakkaa;1
946;70/2018;2018_70_3;tai;3
946;70/2018;2018_70_3;takaa;2
946;70/2018;2018_70_3;tapahtua;1
946;70/2018;2018_70_3;tarjoamisen;1
946;70/2018;2018_70_3;tarjotaan;1
946;70/2018;2018_70_3;tarkasta;1
946;70/2018;2018_70_3;tarvitaan;1
946;70/2018;2018_70_3;tasa-arvon;1
946;70/2018;2018_70_3;taustoihin;1
946;70/2018;2018_70_3;tavoitellaan;1
946;70/2018;2018_70_3;tavoitetaso;1
946;70/2018;2018_70_3;tavoitteellinen;1
946;70/2018;2018_70_3;tehokkaasti;1
946;70/2018;2018_70_3;tehtyä;1
946;70/2018;2018_70_3;tehtäviin;1
946;70/2018;2018_70_3;tehtävä;2
946;70/2018;2018_70_3;tehtäväkuvaa;1
946;70/2018;2018_70_3;tehtävänimikkeiden;1
946;70/2018;2018_70_3;tehtävässä;1
946;70/2018;2018_70_3;tehtävään;1
946;70/2018;2018_70_3;terveysministeriöltä;1
946;70/2018;2018_70_3;tiedonkulun;1
946;70/2018;2018_70_3;tiimeinä;1
946;70/2018;2018_70_3;tiukentuviin;1
946;70/2018;2018_70_3;toimiakseen;1
946;70/2018;2018_70_3;toimimaan;1
946;70/2018;2018_70_3;toimintatapoja;1
946;70/2018;2018_70_3;toimiva;1
946;70/2018;2018_70_3;toinen;1
946;70/2018;2018_70_3;toteaa;1
946;70/2018;2018_70_3;toteuttaminen;1
946;70/2018;2018_70_3;toteutuakseen;1
946;70/2018;2018_70_3;toteutuisi;1
946;70/2018;2018_70_3;toteutumisen;1
946;70/2018;2018_70_3;tukevaa;1
946;70/2018;2018_70_3;tulee;3
946;70/2018;2018_70_3;tulevaisuudessa;2
946;70/2018;2018_70_3;tulevaisuuteen;1
946;70/2018;2018_70_3;tunnistetaan;1
946;70/2018;2018_70_3;tunnustetaan;1
946;70/2018;2018_70_3;tuodaan;1
946;70/2018;2018_70_3;turvaamiselle;1
946;70/2018;2018_70_3;turvata;1
946;70/2018;2018_70_3;turvataan;1
946;70/2018;2018_70_3;turvattava;1
946;70/2018;2018_70_3;tutkinto;1
946;70/2018;2018_70_3;työhönsä;1
946;70/2018;2018_70_3;työllistymisen;1
946;70/2018;2018_70_3;työskentelee;1
946;70/2018;2018_70_3;työtehtävien;1
946;70/2018;2018_70_3;tähän;1
946;70/2018;2018_70_3;tällainen;1
946;70/2018;2018_70_3;tällaisia;1
946;70/2018;2018_70_3;tältä;1
946;70/2018;2018_70_3;tämänkin;1
946;70/2018;2018_70_3;tärkeä;1
946;70/2018;2018_70_3;tärkeää;2
946;70/2018;2018_70_3;tässä;1
946;70/2018;2018_70_3;tätä;1
946;70/2018;2018_70_3;täydennyskoulutukseen;1
946;70/2018;2018_70_3;täydennyskoulutusta;1
946;70/2018;2018_70_3;täytyy;1
946;70/2018;2018_70_3;unohdettu;1
946;70/2018;2018_70_3;urallaan;1
946;70/2018;2018_70_3;urapolkuja;1
946;70/2018;2018_70_3;usein;1
946;70/2018;2018_70_3;uudella;1
946;70/2018;2018_70_3;uudessa;1
946;70/2018;2018_70_3;uudistuksella;1
946;70/2018;2018_70_3;uudistuksen;3
946;70/2018;2018_70_3;uudistus;2
946;70/2018;2018_70_3;vaatii;2
946;70/2018;2018_70_3;vahvemmin;1
946;70/2018;2018_70_3;vahvempana;1
946;70/2018;2018_70_3;vaikuttavat;1
946;70/2018;2018_70_3;vaivaa;1
946;70/2018;2018_70_3;valiokunta;7
946;70/2018;2018_70_3;valmistunut;1
946;70/2018;2018_70_3;valtakunnallisesti;1
946;70/2018;2018_70_3;varhaiskasvatuksen;12
946;70/2018;2018_70_3;varhaiskasvatuksesta;1
946;70/2018;2018_70_3;varhaiskasvatus;2
946;70/2018;2018_70_3;varhaiskasvatuslailla;2
946;70/2018;2018_70_3;varhaiskasvatuslaissa;1
946;70/2018;2018_70_3;varhaiskasvatuslaki;1
946;70/2018;2018_70_3;varhaiskasvatuslakia;1
946;70/2018;2018_70_3;varhaiskasvatusta;1
946;70/2018;2018_70_3;varmistaa;1
946;70/2018;2018_70_3;varsin;1
946;70/2018;2018_70_3;vastaavaan;1
946;70/2018;2018_70_3;vastalausetta;1
946;70/2018;2018_70_3;vastuulla;1
946;70/2018;2018_70_3;viisi;1
946;70/2018;2018_70_3;viitata;1
946;70/2018;2018_70_3;viittaa;1
946;70/2018;2018_70_3;voimassa;2
946;70/2018;2018_70_3;vuoden;1
946;70/2018;2018_70_3;vuoksi;1
946;70/2018;2018_70_3;vuorohoidon;1
946;70/2018;2018_70_3;vuoteen;1
946;70/2018;2018_70_3;vähän;1
946;70/2018;2018_70_3;väkivallalta;1
946;70/2018;2018_70_3;välttämätöntä;1
946;70/2018;2018_70_3;yhteistyö;1
946;70/2018;2018_70_3;yhteistyötä;1
946;70/2018;2018_70_3;yhtäläisesti;1
946;70/2018;2018_70_3;yksinkertaisia;1
946;70/2018;2018_70_3;yksityiskohtaisissa;1
946;70/2018;2018_70_3;ylemmän;1
946;73/2016;2016_73_125;ajankohtainen;1
946;73/2016;2016_73_125;aktiivisen;1
946;73/2016;2016_73_125;aktiivista;1
946;73/2016;2016_73_125;aktivoitunut;1
946;73/2016;2016_73_125;alueen;1
946;73/2016;2016_73_125;asemaan;1
946;73/2016;2016_73_125;asemamme;1
946;73/2016;2016_73_125;asevelvollisuus;1
946;73/2016;2016_73_125;asiat;1
946;73/2016;2016_73_125;askeltakaan;1
946;73/2016;2016_73_125;ei;2
946;73/2016;2016_73_125;eihän;1
946;73/2016;2016_73_125;eikä;1
946;73/2016;2016_73_125;elämään;1
946;73/2016;2016_73_125;emme;1
946;73/2016;2016_73_125;entistä;2
946;73/2016;2016_73_125;eri;1
946;73/2016;2016_73_125;erittäin;2
946;73/2016;2016_73_125;eteemme;2
946;73/2016;2016_73_125;euroopan;1
946;73/2016;2016_73_125;haavoittuvaisempia;1
946;73/2016;2016_73_125;hallituksen;1
946;73/2016;2016_73_125;halusimme;1
946;73/2016;2016_73_125;harjoitettava;1
946;73/2016;2016_73_125;herra;1
946;73/2016;2016_73_125;herättävä;1
946;73/2016;2016_73_125;hyvät;1
946;73/2016;2016_73_125;isis-järjestön;1
946;73/2016;2016_73_125;ison-britannian;1
946;73/2016;2016_73_125;itämeren;1
946;73/2016;2016_73_125;ja;10
946;73/2016;2016_73_125;jatkossakin;2
946;73/2016;2016_73_125;jatkuvuutta;1
946;73/2016;2016_73_125;johdosta;1
946;73/2016;2016_73_125;jotka;1
946;73/2016;2016_73_125;järkevin;1
946;73/2016;2016_73_125;kaikista;1
946;73/2016;2016_73_125;kaltaiset;1
946;73/2016;2016_73_125;kaltaisia;1
946;73/2016;2016_73_125;kannattajista;1
946;73/2016;2016_73_125;kansainväliseen;1
946;73/2016;2016_73_125;kansanäänestys;1
946;73/2016;2016_73_125;kantaansa;1
946;73/2016;2016_73_125;keskeinen;1
946;73/2016;2016_73_125;keskellä;1
946;73/2016;2016_73_125;keskinäisriippuvuuden;1
946;73/2016;2016_73_125;keskusteluhan;1
946;73/2016;2016_73_125;koko;1
946;73/2016;2016_73_125;kokoamme;1
946;73/2016;2016_73_125;koputtaa;1
946;73/2016;2016_73_125;korostaa;1
946;73/2016;2016_73_125;koskaan;1
946;73/2016;2016_73_125;koveneminen;1
946;73/2016;2016_73_125;kun;2
946;73/2016;2016_73_125;kuulla;1
946;73/2016;2016_73_125;kuultu;1
946;73/2016;2016_73_125;kyberturvallisuuden;1
946;73/2016;2016_73_125;lietsoa;1
946;73/2016;2016_73_125;liikkuu;1
946;73/2016;2016_73_125;liioitella;1
946;73/2016;2016_73_125;linja;1
946;73/2016;2016_73_125;linjamme;1
946;73/2016;2016_73_125;linjaus;1
946;73/2016;2016_73_125;lisääntyminen;1
946;73/2016;2016_73_125;luominen;1
946;73/2016;2016_73_125;luottamusta;1
946;73/2016;2016_73_125;lähemmäksi;1
946;73/2016;2016_73_125;lähiympäristöömme;1
946;73/2016;2016_73_125;maailmaa;2
946;73/2016;2016_73_125;maailmanpoliittisen;1
946;73/2016;2016_73_125;maan;1
946;73/2016;2016_73_125;maastossa;1
946;73/2016;2016_73_125;mahdollisten;1
946;73/2016;2016_73_125;maihin;1
946;73/2016;2016_73_125;meidän;2
946;73/2016;2016_73_125;meillä;1
946;73/2016;2016_73_125;merkittävällä;1
946;73/2016;2016_73_125;mielestäni;2
946;73/2016;2016_73_125;mikäli;1
946;73/2016;2016_73_125;monet;1
946;73/2016;2016_73_125;muihin;1
946;73/2016;2016_73_125;mutta;1
946;73/2016;2016_73_125;muutoksia;1
946;73/2016;2016_73_125;muutoksilla;1
946;73/2016;2016_73_125;myrskyjen;1
946;73/2016;2016_73_125;myönteistä;1
946;73/2016;2016_73_125;myös;5
946;73/2016;2016_73_125;nato-jäsenyyden;1
946;73/2016;2016_73_125;nato-kumppanuuden;1
946;73/2016;2016_73_125;natoa;1
946;73/2016;2016_73_125;nousu;1
946;73/2016;2016_73_125;näin;2
946;73/2016;2016_73_125;näitä;2
946;73/2016;2016_73_125;ohella;1
946;73/2016;2016_73_125;olemme;1
946;73/2016;2016_73_125;olla;4
946;73/2016;2016_73_125;oma;1
946;73/2016;2016_73_125;omaa;1
946;73/2016;2016_73_125;on;10
946;73/2016;2016_73_125;otteiden;1
946;73/2016;2016_73_125;paremmin;1
946;73/2016;2016_73_125;perusfundamenttien;1
946;73/2016;2016_73_125;perustelevat;1
946;73/2016;2016_73_125;pidä;1
946;73/2016;2016_73_125;pitää;2
946;73/2016;2016_73_125;pohjoismaisen;1
946;73/2016;2016_73_125;presidentinvaalin;1
946;73/2016;2016_73_125;puheenvuoroja;1
946;73/2016;2016_73_125;puhemies;2
946;73/2016;2016_73_125;puitteissa;1
946;73/2016;2016_73_125;puolella;1
946;73/2016;2016_73_125;puolilla;1
946;73/2016;2016_73_125;puolustaminen;1
946;73/2016;2016_73_125;puolustuskykyämme;1
946;73/2016;2016_73_125;puolustuspoliittista;1
946;73/2016;2016_73_125;puolustuspolitiikan;1
946;73/2016;2016_73_125;pysyminen;1
946;73/2016;2016_73_125;päivittäin;1
946;73/2016;2016_73_125;pärjäämme;1
946;73/2016;2016_73_125;rauhallinen;1
946;73/2016;2016_73_125;saa;1
946;73/2016;2016_73_125;saamme;1
946;73/2016;2016_73_125;saattaa;1
946;73/2016;2016_73_125;salissakin;1
946;73/2016;2016_73_125;samalla;1
946;73/2016;2016_73_125;sekin;1
946;73/2016;2016_73_125;sekä;2
946;73/2016;2016_73_125;selonteko;3
946;73/2016;2016_73_125;selontekohan;1
946;73/2016;2016_73_125;siinä;1
946;73/2016;2016_73_125;sinisilmäinenkään;1
946;73/2016;2016_73_125;sotilasliittojen;1
946;73/2016;2016_73_125;suhteet;1
946;73/2016;2016_73_125;suomalaisen;1
946;73/2016;2016_73_125;suomea;1
946;73/2016;2016_73_125;suomen;1
946;73/2016;2016_73_125;suomessa;1
946;73/2016;2016_73_125;suoraan;1
946;73/2016;2016_73_125;suurempi;1
946;73/2016;2016_73_125;tai;1
946;73/2016;2016_73_125;tapahtuma;1
946;73/2016;2016_73_125;tapahtumista;1
946;73/2016;2016_73_125;tapahtuneilla;1
946;73/2016;2016_73_125;tapahtuu;1
946;73/2016;2016_73_125;taustasyyhän;1
946;73/2016;2016_73_125;tavalla;1
946;73/2016;2016_73_125;tavallisen;1
946;73/2016;2016_73_125;tavoitteen;1
946;73/2016;2016_73_125;terrorismin;1
946;73/2016;2016_73_125;tilanteen;1
946;73/2016;2016_73_125;toimija;1
946;73/2016;2016_73_125;toimijoihin;1
946;73/2016;2016_73_125;toisella;1
946;73/2016;2016_73_125;tulla;1
946;73/2016;2016_73_125;tullut;1
946;73/2016;2016_73_125;turvallisuus;1
946;73/2016;2016_73_125;turvallisuuspoliittinen;2
946;73/2016;2016_73_125;turvallisuusuhkia;1
946;73/2016;2016_73_125;turvallisuusuhkiin;1
946;73/2016;2016_73_125;turvallisuusympäristössä;1
946;73/2016;2016_73_125;turvatumpi;1
946;73/2016;2016_73_125;tämä;2
946;73/2016;2016_73_125;tämän;1
946;73/2016;2016_73_125;tärkeimmän;1
946;73/2016;2016_73_125;tärkeä;2
946;73/2016;2016_73_125;tässä;1
946;73/2016;2016_73_125;täällä;1
946;73/2016;2016_73_125;ulko;2
946;73/2016;2016_73_125;ulkopoliittinen;1
946;73/2016;2016_73_125;ulkopolitiikan;1
946;73/2016;2016_73_125;ulkopuolella;1
946;73/2016;2016_73_125;unionin;1
946;73/2016;2016_73_125;uusia;1
946;73/2016;2016_73_125;uusiin;1
946;73/2016;2016_73_125;vahvistaa;1
946;73/2016;2016_73_125;vaikuttavat;2
946;73/2016;2016_73_125;vakauden;1
946;73/2016;2016_73_125;valinta;1
946;73/2016;2016_73_125;varautua;1
946;73/2016;2016_73_125;vastuumme;1
946;73/2016;2016_73_125;venäjän;1
946;73/2016;2016_73_125;vie;1
946;73/2016;2016_73_125;viikon;1
946;73/2016;2016_73_125;voimakkaasti;1
946;73/2016;2016_73_125;voimme;2
946;73/2016;2016_73_125;yhdysvaltojen;1
946;73/2016;2016_73_125;yhteistyön;1
946;73/2016;2016_73_125;yhteistyötä;1
946;73/2016;2016_73_125;yk-toiminnan;1
946;73/2016;2016_73_125;yleinen;1
946;73/2016;2016_73_125;yllättävä;1
946;73/2016;2016_73_125;ympäristössä;1
946;73/2016;2016_73_153;aikataulussa;1
946;73/2016;2016_73_153;aimo;1
946;73/2016;2016_73_153;ainakin;1
946;73/2016;2016_73_153;aivan;1
946;73/2016;2016_73_153;aloittaa;1
946;73/2016;2016_73_153;antamaan;1
946;73/2016;2016_73_153;arvioidaan;1
946;73/2016;2016_73_153;arvokkaasta;1
946;73/2016;2016_73_153;asioita;1
946;73/2016;2016_73_153;biotuotetehtaan;1
946;73/2016;2016_73_153;edes;1
946;73/2016;2016_73_153;ehkä;1
946;73/2016;2016_73_153;ei;2
946;73/2016;2016_73_153;eli;1
946;73/2016;2016_73_153;elpynyt;1
946;73/2016;2016_73_153;ennen;1
946;73/2016;2016_73_153;erinomainen;1
946;73/2016;2016_73_153;esille;1
946;73/2016;2016_73_153;esimerkki;1
946;73/2016;2016_73_153;että;2
946;73/2016;2016_73_153;euron;2
946;73/2016;2016_73_153;hallitukselta;1
946;73/2016;2016_73_153;harppauksen;1
946;73/2016;2016_73_153;hieman;1
946;73/2016;2016_73_153;horisonttiin;1
946;73/2016;2016_73_153;hyvinvointi;1
946;73/2016;2016_73_153;hyvinvointimme;1
946;73/2016;2016_73_153;hyviä;1
946;73/2016;2016_73_153;ihmiset;1
946;73/2016;2016_73_153;inhimillisesti;1
946;73/2016;2016_73_153;investoin-tien;1
946;73/2016;2016_73_153;itsestään;1
946;73/2016;2016_73_153;ja;9
946;73/2016;2016_73_153;jatkossa;2
946;73/2016;2016_73_153;jo;1
946;73/2016;2016_73_153;jonka;1
946;73/2016;2016_73_153;jopa;1
946;73/2016;2016_73_153;jotka;1
946;73/2016;2016_73_153;jotta;1
946;73/2016;2016_73_153;järkevästä;1
946;73/2016;2016_73_153;järkevää;1
946;73/2016;2016_73_153;kaikin;1
946;73/2016;2016_73_153;kaikkeahan;1
946;73/2016;2016_73_153;kaikki;1
946;73/2016;2016_73_153;kaksi;1
946;73/2016;2016_73_153;kalenterikuukautta;1
946;73/2016;2016_73_153;kannalta;1
946;73/2016;2016_73_153;kansantaloudellisesti;1
946;73/2016;2016_73_153;kasvoi;1
946;73/2016;2016_73_153;kasvua;1
946;73/2016;2016_73_153;katsovat;1
946;73/2016;2016_73_153;keski-suomeen;1
946;73/2016;2016_73_153;kiitos;1
946;73/2016;2016_73_153;kilpailukykysopimus;1
946;73/2016;2016_73_153;kivijalka;1
946;73/2016;2016_73_153;kohti;2
946;73/2016;2016_73_153;koko;1
946;73/2016;2016_73_153;konkreettisiksi;1
946;73/2016;2016_73_153;kotimaisen;1
946;73/2016;2016_73_153;koulutusta;1
946;73/2016;2016_73_153;kuitenkaan;1
946;73/2016;2016_73_153;kuitenkin;2
946;73/2016;2016_73_153;kulutuksen;1
946;73/2016;2016_73_153;kuntoon;1
946;73/2016;2016_73_153;kysymys;1
946;73/2016;2016_73_153;käsittelyssä;1
946;73/2016;2016_73_153;käännettyä;1
946;73/2016;2016_73_153;laittamisessa;1
946;73/2016;2016_73_153;liikenneväyliin;1
946;73/2016;2016_73_153;lisäksi;2
946;73/2016;2016_73_153;lisätalousarvio;1
946;73/2016;2016_73_153;lisäyksen;1
946;73/2016;2016_73_153;lisää;2
946;73/2016;2016_73_153;lisääntyminen;1
946;73/2016;2016_73_153;lukuisia;1
946;73/2016;2016_73_153;luo;1
946;73/2016;2016_73_153;läheisilleen;1
946;73/2016;2016_73_153;maamme;1
946;73/2016;2016_73_153;mahdollistaa;1
946;73/2016;2016_73_153;mahdollisuudet;1
946;73/2016;2016_73_153;mennyt;1
946;73/2016;2016_73_153;metsäteollisuutta;1
946;73/2016;2016_73_153;mielettömän;1
946;73/2016;2016_73_153;miljoonan;2
946;73/2016;2016_73_153;mitään;1
946;73/2016;2016_73_153;monia;1
946;73/2016;2016_73_153;mutta;1
946;73/2016;2016_73_153;myönteisten;1
946;73/2016;2016_73_153;myös;2
946;73/2016;2016_73_153;noin;1
946;73/2016;2016_73_153;nollakasvun;1
946;73/2016;2016_73_153;nopeutetussa;1
946;73/2016;2016_73_153;nostan;1
946;73/2016;2016_73_153;nyt;1
946;73/2016;2016_73_153;nähtävän;1
946;73/2016;2016_73_153;näin;1
946;73/2016;2016_73_153;näkymää;1
946;73/2016;2016_73_153;näköpiirissä;1
946;73/2016;2016_73_153;ole;1
946;73/2016;2016_73_153;oleva;1
946;73/2016;2016_73_153;omais;1
946;73/2016;2016_73_153;omaishoitajat;3
946;73/2016;2016_73_153;omaishoitajien;1
946;73/2016;2016_73_153;on;7
946;73/2016;2016_73_153;osoittavat;1
946;73/2016;2016_73_153;otetta;2
946;73/2016;2016_73_153;panos;1
946;73/2016;2016_73_153;parannus;1
946;73/2016;2016_73_153;paremmasta;1
946;73/2016;2016_73_153;perhehoitoon;1
946;73/2016;2016_73_153;perinteinen;1
946;73/2016;2016_73_153;pienempiarvoisesta;1
946;73/2016;2016_73_153;pieni;1
946;73/2016;2016_73_153;pitkäjänteistä;1
946;73/2016;2016_73_153;pitkään;1
946;73/2016;2016_73_153;pitää;1
946;73/2016;2016_73_153;positiivisempaa;1
946;73/2016;2016_73_153;prosentin;1
946;73/2016;2016_73_153;prosenttia;1
946;73/2016;2016_73_153;puhemies;1
946;73/2016;2016_73_153;puhumattakaan;1
946;73/2016;2016_73_153;puolin;1
946;73/2016;2016_73_153;pystytään;1
946;73/2016;2016_73_153;päämäärätietoista;1
946;73/2016;2016_73_153;päättäväistä;1
946;73/2016;2016_73_153;rohkeammin;1
946;73/2016;2016_73_153;rouva;1
946;73/2016;2016_73_153;saadaan;1
946;73/2016;2016_73_153;saavat;1
946;73/2016;2016_73_153;saisivat;1
946;73/2016;2016_73_153;samalla;1
946;73/2016;2016_73_153;se;2
946;73/2016;2016_73_153;seikasta;1
946;73/2016;2016_73_153;sekä;1
946;73/2016;2016_73_153;selvää;1
946;73/2016;2016_73_153;sen;1
946;73/2016;2016_73_153;siitä;2
946;73/2016;2016_73_153;sisällään;1
946;73/2016;2016_73_153;sitten;1
946;73/2016;2016_73_153;sopimuksen;1
946;73/2016;2016_73_153;suomen;1
946;73/2016;2016_73_153;suomihan;1
946;73/2016;2016_73_153;synny;1
946;73/2016;2016_73_153;takana;1
946;73/2016;2016_73_153;talous;1
946;73/2016;2016_73_153;talousuutisten;1
946;73/2016;2016_73_153;tarvitaan;1
946;73/2016;2016_73_153;tavalla;1
946;73/2016;2016_73_153;tehdas;2
946;73/2016;2016_73_153;tehdään;1
946;73/2016;2016_73_153;tehneet;1
946;73/2016;2016_73_153;tehty;1
946;73/2016;2016_73_153;tehtävä;1
946;73/2016;2016_73_153;tehtävän;1
946;73/2016;2016_73_153;tekemistä;1
946;73/2016;2016_73_153;tekevät;1
946;73/2016;2016_73_153;teollisuuspainotteinen;1
946;73/2016;2016_73_153;terveystarkastuksia;1
946;73/2016;2016_73_153;tiellä;1
946;73/2016;2016_73_153;tilanteeseen;1
946;73/2016;2016_73_153;toimia;1
946;73/2016;2016_73_153;toiminta;1
946;73/2016;2016_73_153;toimintansa;1
946;73/2016;2016_73_153;toimintatavasta;1
946;73/2016;2016_73_153;toivoa;1
946;73/2016;2016_73_153;toivoisi;1
946;73/2016;2016_73_153;toivon;1
946;73/2016;2016_73_153;toivotulla;1
946;73/2016;2016_73_153;tulevaisuutta;1
946;73/2016;2016_73_153;tuloksiksi;1
946;73/2016;2016_73_153;tuo;1
946;73/2016;2016_73_153;työpaikkoja;1
946;73/2016;2016_73_153;työstä;2
946;73/2016;2016_73_153;tähän;1
946;73/2016;2016_73_153;tällaista;1
946;73/2016;2016_73_153;tälle;1
946;73/2016;2016_73_153;tämä;1
946;73/2016;2016_73_153;tämäntyyppisiä;1
946;73/2016;2016_73_153;tärkeisiin;1
946;73/2016;2016_73_153;tärkeästä;1
946;73/2016;2016_73_153;tässä;1
946;73/2016;2016_73_153;valmennusta;1
946;73/2016;2016_73_153;vapaata;1
946;73/2016;2016_73_153;vie;1
946;73/2016;2016_73_153;vielä;1
946;73/2016;2016_73_153;vientisektori;1
946;73/2016;2016_73_153;vihdoin;1
946;73/2016;2016_73_153;viimein;1
946;73/2016;2016_73_153;voi;1
946;73/2016;2016_73_153;vuodelle;1
946;73/2016;2016_73_153;vuonna;1
946;73/2016;2016_73_153;vuorokautta;1
946;73/2016;2016_73_153;vähintään;1
946;73/2016;2016_73_153;vähän;1
946;73/2016;2016_73_153;yhdessä;1
946;73/2016;2016_73_153;yhteiskunnalle;1
946;73/2016;2016_73_153;yritykset;1
946;73/2016;2016_73_153;äänekosken;1
946;74/2017;2017_74_87;aiheellisesti;1
946;74/2017;2017_74_87;aikuisten;1
946;74/2017;2017_74_87;alaikäisen;1
946;74/2017;2017_74_87;alueellisesti;1
946;74/2017;2017_74_87;antaa;1
946;74/2017;2017_74_87;arvioidaan;1
946;74/2017;2017_74_87;arvioinnin;1
946;74/2017;2017_74_87;arvioitava;1
946;74/2017;2017_74_87;arvoisa;1
946;74/2017;2017_74_87;asema;1
946;74/2017;2017_74_87;asetettuja;1
946;74/2017;2017_74_87;asetuksella;1
946;74/2017;2017_74_87;asiantuntijakuulemisessa;1
946;74/2017;2017_74_87;asioista;2
946;74/2017;2017_74_87;asioita;1
946;74/2017;2017_74_87;asuntolatoiminnan;1
946;74/2017;2017_74_87;byrokratiaa;1
946;74/2017;2017_74_87;edellyttääkin;1
946;74/2017;2017_74_87;edellä;2
946;74/2017;2017_74_87;edessä;1
946;74/2017;2017_74_87;edistetään;1
946;74/2017;2017_74_87;eduskunnalle;1
946;74/2017;2017_74_87;ehdottaa;1
946;74/2017;2017_74_87;ei;3
946;74/2017;2017_74_87;ei-työsuhteessa;1
946;74/2017;2017_74_87;eli;1
946;74/2017;2017_74_87;enemmän;2
946;74/2017;2017_74_87;ensimmäisessä;1
946;74/2017;2017_74_87;ensinnäkin;1
946;74/2017;2017_74_87;ensisijainen;1
946;74/2017;2017_74_87;eri;1
946;74/2017;2017_74_87;erilaisia;1
946;74/2017;2017_74_87;erilaisista;1
946;74/2017;2017_74_87;erityisen;1
946;74/2017;2017_74_87;erityisesti;1
946;74/2017;2017_74_87;eroon;1
946;74/2017;2017_74_87;esille;1
946;74/2017;2017_74_87;esillä;1
946;74/2017;2017_74_87;esimerkiksi;1
946;74/2017;2017_74_87;esittää;2
946;74/2017;2017_74_87;esityksen;1
946;74/2017;2017_74_87;esityksessä;1
946;74/2017;2017_74_87;esitys;1
946;74/2017;2017_74_87;estämättä;1
946;74/2017;2017_74_87;että;11
946;74/2017;2017_74_87;eväitä;1
946;74/2017;2017_74_87;hallituksen;2
946;74/2017;2017_74_87;halutaan;1
946;74/2017;2017_74_87;havinaa;1
946;74/2017;2017_74_87;henkilöistä;1
946;74/2017;2017_74_87;henkilökohtainen;1
946;74/2017;2017_74_87;henkilökohtaistaminen;1
946;74/2017;2017_74_87;henkilökohtaistamisen;1
946;74/2017;2017_74_87;henkilökohtaistamisesta;1
946;74/2017;2017_74_87;hereillä;1
946;74/2017;2017_74_87;herättää;1
946;74/2017;2017_74_87;historian;1
946;74/2017;2017_74_87;huolehtia;1
946;74/2017;2017_74_87;huoli;1
946;74/2017;2017_74_87;huolta;1
946;74/2017;2017_74_87;huoltajien;1
946;74/2017;2017_74_87;huomioidaan;1
946;74/2017;2017_74_87;huomiota;1
946;74/2017;2017_74_87;hyvin;2
946;74/2017;2017_74_87;hyvä;1
946;74/2017;2017_74_87;hyväksymistä;1
946;74/2017;2017_74_87;ja;15
946;74/2017;2017_74_87;jatkossa;1
946;74/2017;2017_74_87;jatkuvasti;1
946;74/2017;2017_74_87;joilla;1
946;74/2017;2017_74_87;joista;1
946;74/2017;2017_74_87;joka;1
946;74/2017;2017_74_87;jolla;1
946;74/2017;2017_74_87;jopa;1
946;74/2017;2017_74_87;jossa;2
946;74/2017;2017_74_87;jotta;2
946;74/2017;2017_74_87;järjestäjien;1
946;74/2017;2017_74_87;järjestäjille;2
946;74/2017;2017_74_87;järjestäjät;1
946;74/2017;2017_74_87;järjestämiseksi;1
946;74/2017;2017_74_87;järjestämisluvista;1
946;74/2017;2017_74_87;järjestämistä;1
946;74/2017;2017_74_87;kannata;1
946;74/2017;2017_74_87;kanssa;1
946;74/2017;2017_74_87;kategorinen;1
946;74/2017;2017_74_87;katsomme;1
946;74/2017;2017_74_87;kattavasti;1
946;74/2017;2017_74_87;kautta;1
946;74/2017;2017_74_87;kehittämiseksi;1
946;74/2017;2017_74_87;kentällä;1
946;74/2017;2017_74_87;keskeisimpiä;1
946;74/2017;2017_74_87;keskustelua;1
946;74/2017;2017_74_87;keskustelussa;1
946;74/2017;2017_74_87;kiinnittää;1
946;74/2017;2017_74_87;kohdalla;1
946;74/2017;2017_74_87;kohdentamisesta;1
946;74/2017;2017_74_87;kohtaamaan;1
946;74/2017;2017_74_87;kohtelu;1
946;74/2017;2017_74_87;koko;1
946;74/2017;2017_74_87;kokoluokan;1
946;74/2017;2017_74_87;kokonaisuudeksi;1
946;74/2017;2017_74_87;kolmanneksi;2
946;74/2017;2017_74_87;koska;1
946;74/2017;2017_74_87;koskeviin;1
946;74/2017;2017_74_87;koulutuksen;9
946;74/2017;2017_74_87;koulutuksessa;1
946;74/2017;2017_74_87;koulutuksesta;1
946;74/2017;2017_74_87;koulutus;2
946;74/2017;2017_74_87;koulutuspaikkoja;1
946;74/2017;2017_74_87;koulutuspoliittisista;1
946;74/2017;2017_74_87;koulutuspolut;1
946;74/2017;2017_74_87;koulutussopimusmalli;2
946;74/2017;2017_74_87;koulutustakuun;1
946;74/2017;2017_74_87;koulutustarjonnan;1
946;74/2017;2017_74_87;kuitenkaan;1
946;74/2017;2017_74_87;kuitenkin;3
946;74/2017;2017_74_87;kun;1
946;74/2017;2017_74_87;kuvatuin;1
946;74/2017;2017_74_87;kyseessä;1
946;74/2017;2017_74_87;kysymyksiin;1
946;74/2017;2017_74_87;kysymyksiä;1
946;74/2017;2017_74_87;kysymys;2
946;74/2017;2017_74_87;käsillä;1
946;74/2017;2017_74_87;käyttöön;3
946;74/2017;2017_74_87;käyty;1
946;74/2017;2017_74_87;laaja;1
946;74/2017;2017_74_87;laajempaa;1
946;74/2017;2017_74_87;laajempia;1
946;74/2017;2017_74_87;lainsäädäntöön;1
946;74/2017;2017_74_87;laissa;1
946;74/2017;2017_74_87;lakiehdotuksen;1
946;74/2017;2017_74_87;lausumaa;1
946;74/2017;2017_74_87;lausumassaan;1
946;74/2017;2017_74_87;lausunnon;1
946;74/2017;2017_74_87;liene;1
946;74/2017;2017_74_87;liioiteltua;1
946;74/2017;2017_74_87;linjausten;1
946;74/2017;2017_74_87;lisäksi;6
946;74/2017;2017_74_87;lisätyön;1
946;74/2017;2017_74_87;lisätään;1
946;74/2017;2017_74_87;lisäyksin;1
946;74/2017;2017_74_87;lisäämiseksi;1
946;74/2017;2017_74_87;lisäämällä;1
946;74/2017;2017_74_87;lukuisia;1
946;74/2017;2017_74_87;lähiopetuksen;2
946;74/2017;2017_74_87;lähiopetusta;1
946;74/2017;2017_74_87;mahdollisimman;1
946;74/2017;2017_74_87;mahdollista;1
946;74/2017;2017_74_87;mainittujen;1
946;74/2017;2017_74_87;maksuja;1
946;74/2017;2017_74_87;meillä;1
946;74/2017;2017_74_87;merkittävimmistä;1
946;74/2017;2017_74_87;merkittävästä;2
946;74/2017;2017_74_87;mielekäs;1
946;74/2017;2017_74_87;mietinnössä;1
946;74/2017;2017_74_87;mietintöön;1
946;74/2017;2017_74_87;ministeriön;1
946;74/2017;2017_74_87;miten;2
946;74/2017;2017_74_87;monia;1
946;74/2017;2017_74_87;muassa;5
946;74/2017;2017_74_87;muitakin;1
946;74/2017;2017_74_87;mukana;2
946;74/2017;2017_74_87;murrokseen;1
946;74/2017;2017_74_87;mutta;1
946;74/2017;2017_74_87;muun;5
946;74/2017;2017_74_87;muutenkin;1
946;74/2017;2017_74_87;muutoksin;1
946;74/2017;2017_74_87;muutoksista;1
946;74/2017;2017_74_87;muutosta;2
946;74/2017;2017_74_87;muutosvalmiutta;1
946;74/2017;2017_74_87;myös;5
946;74/2017;2017_74_87;määrästä;2
946;74/2017;2017_74_87;määrätään;1
946;74/2017;2017_74_87;neljä;1
946;74/2017;2017_74_87;niihin;1
946;74/2017;2017_74_87;niin;2
946;74/2017;2017_74_87;noihin;1
946;74/2017;2017_74_87;nuorten;1
946;74/2017;2017_74_87;nykyistä;3
946;74/2017;2017_74_87;näiden;1
946;74/2017;2017_74_87;näin;1
946;74/2017;2017_74_87;näkökulmasta;1
946;74/2017;2017_74_87;odotellaan;1
946;74/2017;2017_74_87;ohjauksessa;1
946;74/2017;2017_74_87;olevaan;1
946;74/2017;2017_74_87;olla;1
946;74/2017;2017_74_87;ollut;1
946;74/2017;2017_74_87;oltava;3
946;74/2017;2017_74_87;omalta;1
946;74/2017;2017_74_87;oman;1
946;74/2017;2017_74_87;on;25
946;74/2017;2017_74_87;onnistuessaan;1
946;74/2017;2017_74_87;opetuksessa;1
946;74/2017;2017_74_87;opintojen;1
946;74/2017;2017_74_87;opintosuunnitelma;1
946;74/2017;2017_74_87;opintosuunnitelmaan;1
946;74/2017;2017_74_87;opiskelijan;3
946;74/2017;2017_74_87;opiskelijat;1
946;74/2017;2017_74_87;opiskelijoiden;3
946;74/2017;2017_74_87;opiskelijoilta;1
946;74/2017;2017_74_87;opiskevien;1
946;74/2017;2017_74_87;oppilaitosmuotoisen;1
946;74/2017;2017_74_87;oppimisen;1
946;74/2017;2017_74_87;oppimisesta;1
946;74/2017;2017_74_87;oppimista;3
946;74/2017;2017_74_87;oppisopimuskoulutuksella;1
946;74/2017;2017_74_87;oppisopimuskoulutuksen;1
946;74/2017;2017_74_87;osa;1
946;74/2017;2017_74_87;osaamistarpeista;1
946;74/2017;2017_74_87;osaavaa;1
946;74/2017;2017_74_87;osallistumisen;1
946;74/2017;2017_74_87;osallistuvista;1
946;74/2017;2017_74_87;osaltaan;1
946;74/2017;2017_74_87;otetaan;3
946;74/2017;2017_74_87;ovat;2
946;74/2017;2017_74_87;painotetaan;1
946;74/2017;2017_74_87;paljon;2
946;74/2017;2017_74_87;paremmin;1
946;74/2017;2017_74_87;parempi;1
946;74/2017;2017_74_87;periaate;1
946;74/2017;2017_74_87;perittäviä;1
946;74/2017;2017_74_87;perusrahoitusosuuden;1
946;74/2017;2017_74_87;perustuslakivaliokunnan;1
946;74/2017;2017_74_87;pidetään;2
946;74/2017;2017_74_87;pitää;3
946;74/2017;2017_74_87;pohjalta;4
946;74/2017;2017_74_87;puhemies;3
946;74/2017;2017_74_87;puretaan;1
946;74/2017;2017_74_87;pykäliin;1
946;74/2017;2017_74_87;pykälätason;2
946;74/2017;2017_74_87;pystytäänkö;1
946;74/2017;2017_74_87;pyydämme;1
946;74/2017;2017_74_87;päivistä;1
946;74/2017;2017_74_87;päästä;1
946;74/2017;2017_74_87;päättää;1
946;74/2017;2017_74_87;rahoitus;1
946;74/2017;2017_74_87;rahoitusjärjestelmä;1
946;74/2017;2017_74_87;rahoitusuudistuksen;1
946;74/2017;2017_74_87;raja-aidat;1
946;74/2017;2017_74_87;ratkaistu;1
946;74/2017;2017_74_87;reformi;2
946;74/2017;2017_74_87;reformilla;1
946;74/2017;2017_74_87;reformin;6
946;74/2017;2017_74_87;reformissa;1
946;74/2017;2017_74_87;riittävyyttä;1
946;74/2017;2017_74_87;riittävästi;1
946;74/2017;2017_74_87;riittävästä;2
946;74/2017;2017_74_87;saadaan;1
946;74/2017;2017_74_87;saavat;1
946;74/2017;2017_74_87;saavutettavuuden;2
946;74/2017;2017_74_87;saavutettavuudesta;1
946;74/2017;2017_74_87;samalle;1
946;74/2017;2017_74_87;sanoa;2
946;74/2017;2017_74_87;sanomme;2
946;74/2017;2017_74_87;sanotuista;1
946;74/2017;2017_74_87;se;2
946;74/2017;2017_74_87;sekä;1
946;74/2017;2017_74_87;selvitys;2
946;74/2017;2017_74_87;sen;1
946;74/2017;2017_74_87;seuraavia;1
946;74/2017;2017_74_87;seuraavista;1
946;74/2017;2017_74_87;seurannan;1
946;74/2017;2017_74_87;seurannasta;1
946;74/2017;2017_74_87;seurantaa;1
946;74/2017;2017_74_87;seurattava;1
946;74/2017;2017_74_87;siihen;1
946;74/2017;2017_74_87;siipien;1
946;74/2017;2017_74_87;siirrytään;1
946;74/2017;2017_74_87;siirtymällä;1
946;74/2017;2017_74_87;siitä;3
946;74/2017;2017_74_87;sillä;1
946;74/2017;2017_74_87;sisällään;1
946;74/2017;2017_74_87;sisältyy;1
946;74/2017;2017_74_87;siten;1
946;74/2017;2017_74_87;sitten;1
946;74/2017;2017_74_87;sitä;1
946;74/2017;2017_74_87;sivistysvaliokunta;6
946;74/2017;2017_74_87;sora-lainsäädäntöä;1
946;74/2017;2017_74_87;soveltumattomuutta;1
946;74/2017;2017_74_87;suorituksia;1
946;74/2017;2017_74_87;suunnitelman;1
946;74/2017;2017_74_87;suuri;1
946;74/2017;2017_74_87;säädetään;2
946;74/2017;2017_74_87;sääntelyä;1
946;74/2017;2017_74_87;säätää;1
946;74/2017;2017_74_87;takaa;1
946;74/2017;2017_74_87;tapahtuvaa;3
946;74/2017;2017_74_87;tapahtuvan;2
946;74/2017;2017_74_87;tapahtuvasta;1
946;74/2017;2017_74_87;tarjoamisvelvoitteen;1
946;74/2017;2017_74_87;tarkasti;2
946;74/2017;2017_74_87;tarkennuksia;2
946;74/2017;2017_74_87;tarkoittaa;1
946;74/2017;2017_74_87;tarkoituksenmukaisempaa;1
946;74/2017;2017_74_87;tarpeet;1
946;74/2017;2017_74_87;tarvitse;1
946;74/2017;2017_74_87;tarvitsevat;1
946;74/2017;2017_74_87;tarvittavaa;1
946;74/2017;2017_74_87;tasavertainen;1
946;74/2017;2017_74_87;tasolle;1
946;74/2017;2017_74_87;tavoitteena;1
946;74/2017;2017_74_87;tavoitteenahan;1
946;74/2017;2017_74_87;tavoitteita;1
946;74/2017;2017_74_87;tehdään;1
946;74/2017;2017_74_87;tehty;1
946;74/2017;2017_74_87;tekee;1
946;74/2017;2017_74_87;teknisluonteisia;1
946;74/2017;2017_74_87;tekoon;1
946;74/2017;2017_74_87;tietenkin;1
946;74/2017;2017_74_87;todeten;1
946;74/2017;2017_74_87;toimia;1
946;74/2017;2017_74_87;toimialoilla;1
946;74/2017;2017_74_87;toiminta-alue;1
946;74/2017;2017_74_87;toimintansa;1
946;74/2017;2017_74_87;toiseksi;2
946;74/2017;2017_74_87;toteutumista;1
946;74/2017;2017_74_87;toteutuu;1
946;74/2017;2017_74_87;toteutuvat;1
946;74/2017;2017_74_87;tulevista;1
946;74/2017;2017_74_87;tuli;1
946;74/2017;2017_74_87;tunneista;1
946;74/2017;2017_74_87;tuodaan;2
946;74/2017;2017_74_87;tuomaan;1
946;74/2017;2017_74_87;tuotava;1
946;74/2017;2017_74_87;turvaamaan;1
946;74/2017;2017_74_87;turvata;1
946;74/2017;2017_74_87;turvataan;1
946;74/2017;2017_74_87;tutkinnoista;1
946;74/2017;2017_74_87;tyhjistä;2
946;74/2017;2017_74_87;työelämä;1
946;74/2017;2017_74_87;työelämälähtöisempi;1
946;74/2017;2017_74_87;työelämän;2
946;74/2017;2017_74_87;työelämään;1
946;74/2017;2017_74_87;työpaikoilla;5
946;74/2017;2017_74_87;työsopimuslain;1
946;74/2017;2017_74_87;työviikon;1
946;74/2017;2017_74_87;työvoimaa;1
946;74/2017;2017_74_87;työvoimatarpeet;1
946;74/2017;2017_74_87;tältä;1
946;74/2017;2017_74_87;tämä;3
946;74/2017;2017_74_87;tämän;2
946;74/2017;2017_74_87;tärkeänä;1
946;74/2017;2017_74_87;tässä;1
946;74/2017;2017_74_87;tästä;2
946;74/2017;2017_74_87;tätä;2
946;74/2017;2017_74_87;uudistetaan;1
946;74/2017;2017_74_87;uudistuksesta;2
946;74/2017;2017_74_87;uudistuksista;1
946;74/2017;2017_74_87;uudistus;1
946;74/2017;2017_74_87;uusi;2
946;74/2017;2017_74_87;vaadimme;1
946;74/2017;2017_74_87;vaatimus;1
946;74/2017;2017_74_87;vahvasti;1
946;74/2017;2017_74_87;vahvemmin;1
946;74/2017;2017_74_87;vaikuttavampaa;1
946;74/2017;2017_74_87;vaikuttavuutta;1
946;74/2017;2017_74_87;vaikutuksen;1
946;74/2017;2017_74_87;vaikutuksia;2
946;74/2017;2017_74_87;vaikutuksista;1
946;74/2017;2017_74_87;valiokunta;1
946;74/2017;2017_74_87;valmistautua;1
946;74/2017;2017_74_87;valmisteltava;1
946;74/2017;2017_74_87;valtavan;1
946;74/2017;2017_74_87;valtioneuvostoa;1
946;74/2017;2017_74_87;valtioneuvoston;1
946;74/2017;2017_74_87;vammaisten;1
946;74/2017;2017_74_87;vapaammin;1
946;74/2017;2017_74_87;varsin;1
946;74/2017;2017_74_87;vastalause;1
946;74/2017;2017_74_87;vastata;2
946;74/2017;2017_74_87;velvollisuus;1
946;74/2017;2017_74_87;voi;1
946;74/2017;2017_74_87;voidaan;1
946;74/2017;2017_74_87;voivat;1
946;74/2017;2017_74_87;vuosikymmeniin;1
946;74/2017;2017_74_87;vuosittain;1
946;74/2017;2017_74_87;vähentää;1
946;74/2017;2017_74_87;yhdenvertainen;1
946;74/2017;2017_74_87;yhteen;1
946;74/2017;2017_74_87;yhteiskunnallisesti;1
946;74/2017;2017_74_87;yhtenäiseen;1
946;74/2017;2017_74_87;yhtenäiseksi;1
946;74/2017;2017_74_87;yhteydessä;1
946;74/2017;2017_74_87;yksi;2
946;74/2017;2017_74_87;yllä;1
946;74/2017;2017_74_87;ymmärrys;1
946;74/2017;2017_74_87;yrittää;1
946;74/2017;2017_74_87;ään;1
946;77/2015;2015_77_3;aiheuttamista;1
946;77/2015;2015_77_3;aikaan;1
946;77/2015;2015_77_3;aikuiskoulutukseen;1
946;77/2015;2015_77_3;aina;3
946;77/2015;2015_77_3;aloittanut;1
946;77/2015;2015_77_3;annettua;1
946;77/2015;2015_77_3;antanut;1
946;77/2015;2015_77_3;arkaluonteisia;1
946;77/2015;2015_77_3;arvioidaan;1
946;77/2015;2015_77_3;arviointi;1
946;77/2015;2015_77_3;arviointiin;1
946;77/2015;2015_77_3;arvioitaessa;1
946;77/2015;2015_77_3;arvioitava;1
946;77/2015;2015_77_3;arvion;1
946;77/2015;2015_77_3;arvoisa;1
946;77/2015;2015_77_3;asettamia;2
946;77/2015;2015_77_3;asetuksenantovaltuuksia;3
946;77/2015;2015_77_3;asetuksenantovaltuuksille;1
946;77/2015;2015_77_3;asetuksenantovaltuus;1
946;77/2015;2015_77_3;asiaan;2
946;77/2015;2015_77_3;asiantuntija-arvioiden;1
946;77/2015;2015_77_3;asiantuntijakuulemisissa;2
946;77/2015;2015_77_3;asti;1
946;77/2015;2015_77_3;edelleen;1
946;77/2015;2015_77_3;edellytetään;1
946;77/2015;2015_77_3;edellytyksenä;1
946;77/2015;2015_77_3;edellytyksiä;1
946;77/2015;2015_77_3;edistävään;1
946;77/2015;2015_77_3;edun;5
946;77/2015;2015_77_3;ehdotetun;1
946;77/2015;2015_77_3;ehdotuksessa;1
946;77/2015;2015_77_3;ei;1
946;77/2015;2015_77_3;eivät;1
946;77/2015;2015_77_3;ensin;1
946;77/2015;2015_77_3;ensinnä;1
946;77/2015;2015_77_3;ensisijaisuutta;3
946;77/2015;2015_77_3;eri;2
946;77/2015;2015_77_3;esittää;1
946;77/2015;2015_77_3;esityksessä;3
946;77/2015;2015_77_3;esityksestä;1
946;77/2015;2015_77_3;esitystä;1
946;77/2015;2015_77_3;estämättä;1
946;77/2015;2015_77_3;eteenpäin;2
946;77/2015;2015_77_3;että;12
946;77/2015;2015_77_3;etu;1
946;77/2015;2015_77_3;haitallinen;1
946;77/2015;2015_77_3;hallituksen;5
946;77/2015;2015_77_3;hallitusohjelman;1
946;77/2015;2015_77_3;harkitaan;1
946;77/2015;2015_77_3;havainto;1
946;77/2015;2015_77_3;henkilöstömitoituksen;1
946;77/2015;2015_77_3;henkilöstön;1
946;77/2015;2015_77_3;henkilötietoja;1
946;77/2015;2015_77_3;hoidon;1
946;77/2015;2015_77_3;hoito;1
946;77/2015;2015_77_3;hoitoon;1
946;77/2015;2015_77_3;hoitovapaalla;1
946;77/2015;2015_77_3;huolta;1
946;77/2015;2015_77_3;huoltajat;1
946;77/2015;2015_77_3;huomio;3
946;77/2015;2015_77_3;huomioidaan;1
946;77/2015;2015_77_3;huomioiden;1
946;77/2015;2015_77_3;huomioita;1
946;77/2015;2015_77_3;huomioon;2
946;77/2015;2015_77_3;huomiota;3
946;77/2015;2015_77_3;hylkäysesityksen;1
946;77/2015;2015_77_3;hyvin;2
946;77/2015;2015_77_3;hyväksyttiin;1
946;77/2015;2015_77_3;hyödyksi;1
946;77/2015;2015_77_3;ilmoittaa;1
946;77/2015;2015_77_3;ja;25
946;77/2015;2015_77_3;jatko;1
946;77/2015;2015_77_3;jatkossa;3
946;77/2015;2015_77_3;jatkossakin;1
946;77/2015;2015_77_3;jatkovalmistelua;1
946;77/2015;2015_77_3;jatkovalmistelussa;1
946;77/2015;2015_77_3;jatkumona;1
946;77/2015;2015_77_3;johtaa;1
946;77/2015;2015_77_3;johtuen;1
946;77/2015;2015_77_3;johtuvia;1
946;77/2015;2015_77_3;joiden;1
946;77/2015;2015_77_3;joissa;1
946;77/2015;2015_77_3;joista;1
946;77/2015;2015_77_3;jokaisella;1
946;77/2015;2015_77_3;jokaiselle;2
946;77/2015;2015_77_3;jos;3
946;77/2015;2015_77_3;jossa;3
946;77/2015;2015_77_3;jotka;1
946;77/2015;2015_77_3;joutuisi;1
946;77/2015;2015_77_3;julkisen;1
946;77/2015;2015_77_3;juuri;1
946;77/2015;2015_77_3;jälkeen;1
946;77/2015;2015_77_3;järjestettävä;2
946;77/2015;2015_77_3;järkevällä;2
946;77/2015;2015_77_3;kannalta;5
946;77/2015;2015_77_3;kannusteita;1
946;77/2015;2015_77_3;kansaneläkelaitoksella;1
946;77/2015;2015_77_3;kansaneläkelaitoksen;1
946;77/2015;2015_77_3;kantaa;1
946;77/2015;2015_77_3;kasvatustehtävissä;1
946;77/2015;2015_77_3;kasvua;1
946;77/2015;2015_77_3;katsoo;1
946;77/2015;2015_77_3;kehittämistä;2
946;77/2015;2015_77_3;kehittää;1
946;77/2015;2015_77_3;kehityksen;3
946;77/2015;2015_77_3;kehityskaarelle;1
946;77/2015;2015_77_3;keskeinen;1
946;77/2015;2015_77_3;keskeisesti;1
946;77/2015;2015_77_3;kestävän;1
946;77/2015;2015_77_3;kiinnitetään;1
946;77/2015;2015_77_3;kiinnitti;1
946;77/2015;2015_77_3;kiinnittää;1
946;77/2015;2015_77_3;kirjaamista;1
946;77/2015;2015_77_3;kohtaan;1
946;77/2015;2015_77_3;koko;1
946;77/2015;2015_77_3;kokoaikaisesti;1
946;77/2015;2015_77_3;kokonaisarvioinnin;1
946;77/2015;2015_77_3;kokonaistarkastelu;2
946;77/2015;2015_77_3;kokopäiväiseen;2
946;77/2015;2015_77_3;kokopäiväisestä;1
946;77/2015;2015_77_3;kolmas;2
946;77/2015;2015_77_3;kolmeen;2
946;77/2015;2015_77_3;korostaa;2
946;77/2015;2015_77_3;korostavien;1
946;77/2015;2015_77_3;korostetaan;1
946;77/2015;2015_77_3;korostettu;1
946;77/2015;2015_77_3;koskeva;2
946;77/2015;2015_77_3;koskevien;1
946;77/2015;2015_77_3;kotihoidon;1
946;77/2015;2015_77_3;kotona;1
946;77/2015;2015_77_3;kritiikki;1
946;77/2015;2015_77_3;kuitenkin;2
946;77/2015;2015_77_3;kun;2
946;77/2015;2015_77_3;kunnalle;1
946;77/2015;2015_77_3;kuntien;1
946;77/2015;2015_77_3;kuntoutuksen;1
946;77/2015;2015_77_3;kuten;1
946;77/2015;2015_77_3;kysymys;2
946;77/2015;2015_77_3;kytketään;1
946;77/2015;2015_77_3;käsitellä;1
946;77/2015;2015_77_3;käsiteltävänä;1
946;77/2015;2015_77_3;käsitettä;1
946;77/2015;2015_77_3;käytetään;1
946;77/2015;2015_77_3;käyttää;1
946;77/2015;2015_77_3;laadittava;1
946;77/2015;2015_77_3;laadukkaaseen;1
946;77/2015;2015_77_3;laajaa;2
946;77/2015;2015_77_3;laajempaan;1
946;77/2015;2015_77_3;laajuisena;2
946;77/2015;2015_77_3;laajuuteen;1
946;77/2015;2015_77_3;laatii;1
946;77/2015;2015_77_3;lain;2
946;77/2015;2015_77_3;lainsäädännön;1
946;77/2015;2015_77_3;lakia;1
946;77/2015;2015_77_3;lakiehdotuksen;1
946;77/2015;2015_77_3;lakiehdotus;1
946;77/2015;2015_77_3;lakiin;1
946;77/2015;2015_77_3;lapsella;3
946;77/2015;2015_77_3;lapselle;3
946;77/2015;2015_77_3;lapsen;14
946;77/2015;2015_77_3;lapsi;1
946;77/2015;2015_77_3;lapsiin;2
946;77/2015;2015_77_3;lapsilla;1
946;77/2015;2015_77_3;lapsista;1
946;77/2015;2015_77_3;lasten;3
946;77/2015;2015_77_3;lausuma;1
946;77/2015;2015_77_3;lausuman;1
946;77/2015;2015_77_3;lausunnossa;1
946;77/2015;2015_77_3;lausunto;1
946;77/2015;2015_77_3;lausuntonsa;1
946;77/2015;2015_77_3;liittyi;1
946;77/2015;2015_77_3;liittyvistä;1
946;77/2015;2015_77_3;liittyvä;1
946;77/2015;2015_77_3;liittyy;1
946;77/2015;2015_77_3;lisäksi;2
946;77/2015;2015_77_3;lisää;1
946;77/2015;2015_77_3;lisäämiseksi;1
946;77/2015;2015_77_3;loppuun;1
946;77/2015;2015_77_3;lukuisia;1
946;77/2015;2015_77_3;mahdollisesti;1
946;77/2015;2015_77_3;mahdollisia;1
946;77/2015;2015_77_3;mahdollisista;1
946;77/2015;2015_77_3;mahdollisuus;1
946;77/2015;2015_77_3;maksutta;1
946;77/2015;2015_77_3;merkitystä;1
946;77/2015;2015_77_3;mielestä;1
946;77/2015;2015_77_3;mietinnössä;1
946;77/2015;2015_77_3;mietinnössään;2
946;77/2015;2015_77_3;mietinnöstä;1
946;77/2015;2015_77_3;mietintö;1
946;77/2015;2015_77_3;mietintöön;1
946;77/2015;2015_77_3;mietintöönsä;1
946;77/2015;2015_77_3;minimissään;1
946;77/2015;2015_77_3;miten;1
946;77/2015;2015_77_3;molemmat;1
946;77/2015;2015_77_3;momenttia;1
946;77/2015;2015_77_3;monien;1
946;77/2015;2015_77_3;monin;1
946;77/2015;2015_77_3;muiden;1
946;77/2015;2015_77_3;mukaan;6
946;77/2015;2015_77_3;mukaista;1
946;77/2015;2015_77_3;muun;1
946;77/2015;2015_77_3;muut;1
946;77/2015;2015_77_3;muutamia;1
946;77/2015;2015_77_3;muuten;1
946;77/2015;2015_77_3;muutetaan;1
946;77/2015;2015_77_3;muutettavaksi;1
946;77/2015;2015_77_3;muutokset;1
946;77/2015;2015_77_3;muutos;2
946;77/2015;2015_77_3;muutosten;1
946;77/2015;2015_77_3;muuttamaan;1
946;77/2015;2015_77_3;muuttuvan;1
946;77/2015;2015_77_3;myös;6
946;77/2015;2015_77_3;määrä;1
946;77/2015;2015_77_3;ne;1
946;77/2015;2015_77_3;niiden;1
946;77/2015;2015_77_3;niihin;1
946;77/2015;2015_77_3;niistä;1
946;77/2015;2015_77_3;niitä;1
946;77/2015;2015_77_3;nimittäin;2
946;77/2015;2015_77_3;normeja;1
946;77/2015;2015_77_3;nykyisen;3
946;77/2015;2015_77_3;nyt;3
946;77/2015;2015_77_3;näiden;1
946;77/2015;2015_77_3;näin;1
946;77/2015;2015_77_3;näkyy;1
946;77/2015;2015_77_3;nämä;2
946;77/2015;2015_77_3;oikeudesta;1
946;77/2015;2015_77_3;oikeus;6
946;77/2015;2015_77_3;olennainen;1
946;77/2015;2015_77_3;olennaiseen;1
946;77/2015;2015_77_3;oleva;1
946;77/2015;2015_77_3;olevan;1
946;77/2015;2015_77_3;olevat;1
946;77/2015;2015_77_3;oli;1
946;77/2015;2015_77_3;olisi;4
946;77/2015;2015_77_3;ollut;1
946;77/2015;2015_77_3;olosuhteiden;2
946;77/2015;2015_77_3;oman;1
946;77/2015;2015_77_3;omassa;2
946;77/2015;2015_77_3;omia;1
946;77/2015;2015_77_3;on;21
946;77/2015;2015_77_3;onkin;1
946;77/2015;2015_77_3;onnistumisen;1
946;77/2015;2015_77_3;opiskelevat;1
946;77/2015;2015_77_3;osa;1
946;77/2015;2015_77_3;osa-aikaiseen;1
946;77/2015;2015_77_3;osa-aikaiseksi;1
946;77/2015;2015_77_3;osa-aikaisen;1
946;77/2015;2015_77_3;osallistumisen;2
946;77/2015;2015_77_3;osana;1
946;77/2015;2015_77_3;osin;2
946;77/2015;2015_77_3;ottaa;1
946;77/2015;2015_77_3;ottamista;1
946;77/2015;2015_77_3;ottanut;1
946;77/2015;2015_77_3;ovat;3
946;77/2015;2015_77_3;paikoin;1
946;77/2015;2015_77_3;palvelun;1
946;77/2015;2015_77_3;palvelutarpeita;1
946;77/2015;2015_77_3;palveluun;1
946;77/2015;2015_77_3;parhaina;1
946;77/2015;2015_77_3;perheen;2
946;77/2015;2015_77_3;perheiden;3
946;77/2015;2015_77_3;perheille;1
946;77/2015;2015_77_3;perhepäivähoidossa;1
946;77/2015;2015_77_3;perhetilanne;1
946;77/2015;2015_77_3;perusteltua;1
946;77/2015;2015_77_3;perustuslain;1
946;77/2015;2015_77_3;perustuslakivaliokunnan;3
946;77/2015;2015_77_3;perustuslakivaliokunta;3
946;77/2015;2015_77_3;pidettäviä;1
946;77/2015;2015_77_3;pitää;1
946;77/2015;2015_77_3;pitääkin;2
946;77/2015;2015_77_3;pohtia;1
946;77/2015;2015_77_3;prosentilla;1
946;77/2015;2015_77_3;puhemies;4
946;77/2015;2015_77_3;pyrin;1
946;77/2015;2015_77_3;päivittäisen;1
946;77/2015;2015_77_3;päiväkodeissa;1
946;77/2015;2015_77_3;päiväkodissa;1
946;77/2015;2015_77_3;päivänä;1
946;77/2015;2015_77_3;päätoimisesti;1
946;77/2015;2015_77_3;rajataan;1
946;77/2015;2015_77_3;rajoitusten;1
946;77/2015;2015_77_3;ratkaisuja;1
946;77/2015;2015_77_3;riittävä;1
946;77/2015;2015_77_3;rouva;1
946;77/2015;2015_77_3;saa;1
946;77/2015;2015_77_3;saada;2
946;77/2015;2015_77_3;saamansa;1
946;77/2015;2015_77_3;saavuttamiseksi;1
946;77/2015;2015_77_3;salassa;1
946;77/2015;2015_77_3;salassapitosäännösten;1
946;77/2015;2015_77_3;se;3
946;77/2015;2015_77_3;seikat;1
946;77/2015;2015_77_3;sekä;4
946;77/2015;2015_77_3;selkeytettävä;1
946;77/2015;2015_77_3;selkeät;1
946;77/2015;2015_77_3;sen;1
946;77/2015;2015_77_3;seuranta;1
946;77/2015;2015_77_3;siihen;2
946;77/2015;2015_77_3;siis;1
946;77/2015;2015_77_3;siitä;1
946;77/2015;2015_77_3;sijaan;1
946;77/2015;2015_77_3;sille;2
946;77/2015;2015_77_3;sinänsä;1
946;77/2015;2015_77_3;sisällöllisesti;1
946;77/2015;2015_77_3;sisällöt;1
946;77/2015;2015_77_3;sisältyy;1
946;77/2015;2015_77_3;sisältävän;1
946;77/2015;2015_77_3;sisältää;2
946;77/2015;2015_77_3;siten;2
946;77/2015;2015_77_3;sitä;4
946;77/2015;2015_77_3;sivistysvaliokunnan;2
946;77/2015;2015_77_3;sivistysvaliokunta;7
946;77/2015;2015_77_3;sosiaaliturvaan;1
946;77/2015;2015_77_3;subjektiivinen;1
946;77/2015;2015_77_3;subjektiivista;1
946;77/2015;2015_77_3;sukupuolten;1
946;77/2015;2015_77_3;suotuisaa;1
946;77/2015;2015_77_3;suunnattu;1
946;77/2015;2015_77_3;syistä;1
946;77/2015;2015_77_3;syyn;1
946;77/2015;2015_77_3;syytä;1
946;77/2015;2015_77_3;säädetään;1
946;77/2015;2015_77_3;säännöllisen;1
946;77/2015;2015_77_3;säännönmukaisesti;1
946;77/2015;2015_77_3;säästöjä;1
946;77/2015;2015_77_3;säätämisjärjestyksessä;1
946;77/2015;2015_77_3;taataan;2
946;77/2015;2015_77_3;tai;11
946;77/2015;2015_77_3;taikka;1
946;77/2015;2015_77_3;taloudellisista;1
946;77/2015;2015_77_3;talouden;1
946;77/2015;2015_77_3;tarjoavat;1
946;77/2015;2015_77_3;tarkoitetut;1
946;77/2015;2015_77_3;tarkoittaa;1
946;77/2015;2015_77_3;tarkoituskin;1
946;77/2015;2015_77_3;tarpeen;5
946;77/2015;2015_77_3;tarpeiden;1
946;77/2015;2015_77_3;tarvetta;2
946;77/2015;2015_77_3;tarvitaan;2
946;77/2015;2015_77_3;tasa-arvoon;1
946;77/2015;2015_77_3;tavalla;2
946;77/2015;2015_77_3;tavallisen;1
946;77/2015;2015_77_3;tavoitteet;1
946;77/2015;2015_77_3;tavoitteiden;1
946;77/2015;2015_77_3;tavoitteisiin;1
946;77/2015;2015_77_3;tehtäviä;1
946;77/2015;2015_77_3;tehtävä;2
946;77/2015;2015_77_3;tehtävät;1
946;77/2015;2015_77_3;tekemään;1
946;77/2015;2015_77_3;terveyden;1
946;77/2015;2015_77_3;terveyteen;1
946;77/2015;2015_77_3;tiedonsaantia;1
946;77/2015;2015_77_3;tiedot;1
946;77/2015;2015_77_3;tietojensaantioikeus;1
946;77/2015;2015_77_3;tietoonsa;1
946;77/2015;2015_77_3;tiivistämään;1
946;77/2015;2015_77_3;toimii;1
946;77/2015;2015_77_3;toimintamuodoissa;1
946;77/2015;2015_77_3;toimivat;1
946;77/2015;2015_77_3;toinen;3
946;77/2015;2015_77_3;toiseksi;1
946;77/2015;2015_77_3;toteutettuna;1
946;77/2015;2015_77_3;toteutuminen;1
946;77/2015;2015_77_3;toteutuu;1
946;77/2015;2015_77_3;tuen;2
946;77/2015;2015_77_3;tuesta;1
946;77/2015;2015_77_3;tukevaan;1
946;77/2015;2015_77_3;tulevaisuuden;1
946;77/2015;2015_77_3;tunnin;1
946;77/2015;2015_77_3;tunnit;1
946;77/2015;2015_77_3;tuntia;4
946;77/2015;2015_77_3;tuo;2
946;77/2015;2015_77_3;työllistymistä;1
946;77/2015;2015_77_3;työskentelevät;1
946;77/2015;2015_77_3;työssä;1
946;77/2015;2015_77_3;työssäkäynnin;1
946;77/2015;2015_77_3;työttömänä;1
946;77/2015;2015_77_3;tähän;2
946;77/2015;2015_77_3;tältä;1
946;77/2015;2015_77_3;tämä;4
946;77/2015;2015_77_3;tämän;1
946;77/2015;2015_77_3;tämänkaltainen;1
946;77/2015;2015_77_3;tärkeä;1
946;77/2015;2015_77_3;tärkeää;1
946;77/2015;2015_77_3;tästä;1
946;77/2015;2015_77_3;tätä;1
946;77/2015;2015_77_3;täytä;1
946;77/2015;2015_77_3;uudelleen;1
946;77/2015;2015_77_3;uudistuksen;4
946;77/2015;2015_77_3;uudistuksessa;1
946;77/2015;2015_77_3;uudistus;2
946;77/2015;2015_77_3;uudistusten;1
946;77/2015;2015_77_3;vaalikaudella;1
946;77/2015;2015_77_3;vaatii;1
946;77/2015;2015_77_3;vaatimuksia;1
946;77/2015;2015_77_3;vaihe;1
946;77/2015;2015_77_3;vaikka;1
946;77/2015;2015_77_3;vaikuttavat;1
946;77/2015;2015_77_3;vaikutuksista;2
946;77/2015;2015_77_3;vaikutusten;1
946;77/2015;2015_77_3;valiokunnan;4
946;77/2015;2015_77_3;valiokunta;3
946;77/2015;2015_77_3;valtioneuvosto;2
946;77/2015;2015_77_3;vanhemman;1
946;77/2015;2015_77_3;vanhemmat;1
946;77/2015;2015_77_3;vanhemmista;1
946;77/2015;2015_77_3;vanhempain;1
946;77/2015;2015_77_3;varhaiskasvatukseen;5
946;77/2015;2015_77_3;varhaiskasvatuksen;4
946;77/2015;2015_77_3;varhaiskasvatuksesta;1
946;77/2015;2015_77_3;varhaiskasvatus;2
946;77/2015;2015_77_3;varhaiskasvatuslain;6
946;77/2015;2015_77_3;varhaiskasvatuslaki;2
946;77/2015;2015_77_3;varhaiskasvatuslakia;1
946;77/2015;2015_77_3;varhaiskasvatusoikeuden;2
946;77/2015;2015_77_3;varhaiskasvatusoikeutta;1
946;77/2015;2015_77_3;varhaiskasvatuspaikkaa;1
946;77/2015;2015_77_3;varhaiskasvatuspalveluiden;1
946;77/2015;2015_77_3;varhaiskasvatusta;5
946;77/2015;2015_77_3;vastaamaan;1
946;77/2015;2015_77_3;vastaavan;1
946;77/2015;2015_77_3;vastalauseen;1
946;77/2015;2015_77_3;velvoitetaan;1
946;77/2015;2015_77_3;viedä;2
946;77/2015;2015_77_3;vielä;1
946;77/2015;2015_77_3;vihdoin;1
946;77/2015;2015_77_3;viikon;1
946;77/2015;2015_77_3;viikossa;2
946;77/2015;2015_77_3;viime;1
946;77/2015;2015_77_3;viimein;1
946;77/2015;2015_77_3;viitenä;1
946;77/2015;2015_77_3;voidaan;2
946;77/2015;2015_77_3;voimakkaasti;1
946;77/2015;2015_77_3;vuoksi;4
946;77/2015;2015_77_3;vähentää;1
946;77/2015;2015_77_3;väliaikaisen;1
946;77/2015;2015_77_3;väliseen;1
946;77/2015;2015_77_3;välisen;1
946;77/2015;2015_77_3;välttämättömyysvaateeseen;1
946;77/2015;2015_77_3;välttämättömänä;1
946;77/2015;2015_77_3;yhdenvertaisuuteen;1
946;77/2015;2015_77_3;yhteiskunnan;1
946;77/2015;2015_77_3;yhteydessä;1
946;77/2015;2015_77_3;yksilöllisten;1
946;77/2015;2015_77_3;yksityisen;1
946;77/2015;2015_77_3;yksityisyydensuojaan;1
946;77/2015;2015_77_3;yrittäjänä;1
946;78/2017;2017_78_149;aika;1
946;78/2017;2017_78_149;aikaisemmin;1
946;78/2017;2017_78_149;aina;1
946;78/2017;2017_78_149;ajatellaan;1
946;78/2017;2017_78_149;ajattelutavan;1
946;78/2017;2017_78_149;ammatillisen;1
946;78/2017;2017_78_149;arvoisa;1
946;78/2017;2017_78_149;asentoon;1
946;78/2017;2017_78_149;asia;1
946;78/2017;2017_78_149;asiasta;1
946;78/2017;2017_78_149;askeleena;1
946;78/2017;2017_78_149;edessä;1
946;78/2017;2017_78_149;ei;2
946;78/2017;2017_78_149;eli;1
946;78/2017;2017_78_149;enemmän;1
946;78/2017;2017_78_149;ennen;1
946;78/2017;2017_78_149;ensin;1
946;78/2017;2017_78_149;ensinnäkin;1
946;78/2017;2017_78_149;erittäin;1
946;78/2017;2017_78_149;eteen;3
946;78/2017;2017_78_149;että;6
946;78/2017;2017_78_149;halusin;1
946;78/2017;2017_78_149;harjoitus;1
946;78/2017;2017_78_149;hyvän;1
946;78/2017;2017_78_149;iso;2
946;78/2017;2017_78_149;isona;1
946;78/2017;2017_78_149;isosta;1
946;78/2017;2017_78_149;ja;6
946;78/2017;2017_78_149;jo;1
946;78/2017;2017_78_149;joka;1
946;78/2017;2017_78_149;jopa;1
946;78/2017;2017_78_149;jos;2
946;78/2017;2017_78_149;jouheva;1
946;78/2017;2017_78_149;järjestelmässä;1
946;78/2017;2017_78_149;järjestäjillä;1
946;78/2017;2017_78_149;kaikkea;1
946;78/2017;2017_78_149;kannustin;1
946;78/2017;2017_78_149;kanssa;1
946;78/2017;2017_78_149;kehitetään;1
946;78/2017;2017_78_149;kehittämisen;1
946;78/2017;2017_78_149;kehitysaskel;1
946;78/2017;2017_78_149;keskustelun;1
946;78/2017;2017_78_149;kouluttaa;1
946;78/2017;2017_78_149;kouluttaapa;1
946;78/2017;2017_78_149;koulutuksen;3
946;78/2017;2017_78_149;koulutuksessa;1
946;78/2017;2017_78_149;koulutus;1
946;78/2017;2017_78_149;koulutussopimuksen;1
946;78/2017;2017_78_149;koulutussopimuksesta;1
946;78/2017;2017_78_149;kyllä;1
946;78/2017;2017_78_149;kyllähän;2
946;78/2017;2017_78_149;lopuksi;1
946;78/2017;2017_78_149;lähdemmekö;2
946;78/2017;2017_78_149;lähdetään;1
946;78/2017;2017_78_149;me;1
946;78/2017;2017_78_149;meidän;3
946;78/2017;2017_78_149;meillä;1
946;78/2017;2017_78_149;melkein;1
946;78/2017;2017_78_149;merkittävä;1
946;78/2017;2017_78_149;mikään;1
946;78/2017;2017_78_149;ministeriössä;1
946;78/2017;2017_78_149;mittaluokan;1
946;78/2017;2017_78_149;mitä;2
946;78/2017;2017_78_149;moni;1
946;78/2017;2017_78_149;muutoksia;2
946;78/2017;2017_78_149;muutos;2
946;78/2017;2017_78_149;myös;1
946;78/2017;2017_78_149;niin;2
946;78/2017;2017_78_149;nimenomaan;1
946;78/2017;2017_78_149;nuoren;1
946;78/2017;2017_78_149;nuori;1
946;78/2017;2017_78_149;nuoriin;2
946;78/2017;2017_78_149;nyt;2
946;78/2017;2017_78_149;näkisin;1
946;78/2017;2017_78_149;olemme;1
946;78/2017;2017_78_149;olen;1
946;78/2017;2017_78_149;oli;1
946;78/2017;2017_78_149;ollut;1
946;78/2017;2017_78_149;on;7
946;78/2017;2017_78_149;onnistuisi;1
946;78/2017;2017_78_149;onnistumaan;2
946;78/2017;2017_78_149;onnistuu;1
946;78/2017;2017_78_149;opettajilla;1
946;78/2017;2017_78_149;opiskelijoilla;1
946;78/2017;2017_78_149;opiskelun;1
946;78/2017;2017_78_149;oppilaitosmuotoisen;1
946;78/2017;2017_78_149;oppilaitosmuotoisessa;1
946;78/2017;2017_78_149;oppisopimuksella;1
946;78/2017;2017_78_149;oppisopimuksen;1
946;78/2017;2017_78_149;oppisopimuskoulutukseen;3
946;78/2017;2017_78_149;oppisopimuskoulutuksen;1
946;78/2017;2017_78_149;palautuu;1
946;78/2017;2017_78_149;parempaan;1
946;78/2017;2017_78_149;perinteisellä;1
946;78/2017;2017_78_149;perinteisen;1
946;78/2017;2017_78_149;perinteisessä;1
946;78/2017;2017_78_149;pitää;1
946;78/2017;2017_78_149;poliitikoilla;1
946;78/2017;2017_78_149;polku;1
946;78/2017;2017_78_149;puhemies;2
946;78/2017;2017_78_149;puhua;1
946;78/2017;2017_78_149;puolet;1
946;78/2017;2017_78_149;päätteeksi;1
946;78/2017;2017_78_149;rahaa;2
946;78/2017;2017_78_149;rakentaa;1
946;78/2017;2017_78_149;reformiin;1
946;78/2017;2017_78_149;reformissa;1
946;78/2017;2017_78_149;saa;1
946;78/2017;2017_78_149;saanut;1
946;78/2017;2017_78_149;samalle;1
946;78/2017;2017_78_149;saman;1
946;78/2017;2017_78_149;sanoa;1
946;78/2017;2017_78_149;se;4
946;78/2017;2017_78_149;selkeä;1
946;78/2017;2017_78_149;sen;4
946;78/2017;2017_78_149;siihen;1
946;78/2017;2017_78_149;siirtymä;1
946;78/2017;2017_78_149;siitä;3
946;78/2017;2017_78_149;siitähän;1
946;78/2017;2017_78_149;sillä;1
946;78/2017;2017_78_149;sitten;5
946;78/2017;2017_78_149;sitä;2
946;78/2017;2017_78_149;sotesta;2
946;78/2017;2017_78_149;suuntaan;1
946;78/2017;2017_78_149;tai;1
946;78/2017;2017_78_149;tarkoitus;1
946;78/2017;2017_78_149;tasolle;1
946;78/2017;2017_78_149;tavalla;2
946;78/2017;2017_78_149;tekemään;3
946;78/2017;2017_78_149;todella;1
946;78/2017;2017_78_149;tule;1
946;78/2017;2017_78_149;tulee;2
946;78/2017;2017_78_149;tullaan;1
946;78/2017;2017_78_149;tutummaksi;1
946;78/2017;2017_78_149;työelämä;1
946;78/2017;2017_78_149;työsopimusmuotoinen;1
946;78/2017;2017_78_149;tähän;1
946;78/2017;2017_78_149;tämä;1
946;78/2017;2017_78_149;tämähän;1
946;78/2017;2017_78_149;tämän;2
946;78/2017;2017_78_149;tässä;3
946;78/2017;2017_78_149;töitä;3
946;78/2017;2017_78_149;uskoa;1
946;78/2017;2017_78_149;uskommeko;1
946;78/2017;2017_78_149;uskotaan;1
946;78/2017;2017_78_149;uuden;1
946;78/2017;2017_78_149;uudessa;1
946;78/2017;2017_78_149;vaatii;1
946;78/2017;2017_78_149;vai;1
946;78/2017;2017_78_149;valtavan;1
946;78/2017;2017_78_149;varma;1
946;78/2017;2017_78_149;varmaan;1
946;78/2017;2017_78_149;varmasti;1
946;78/2017;2017_78_149;verran;1
946;78/2017;2017_78_149;viedään;1
946;78/2017;2017_78_149;vielä;2
946;78/2017;2017_78_149;voidaan;1
946;78/2017;2017_78_149;vähän;1
946;78/2017;2017_78_149;yhdessä;1
946;78/2017;2017_78_149;yksikköhinta;1
946;78/2017;2017_78_163;ahkerasti;1
946;78/2017;2017_78_163;aika;1
946;78/2017;2017_78_163;aina;1
946;78/2017;2017_78_163;ajateltuna;1
946;78/2017;2017_78_163;ajattelen;1
946;78/2017;2017_78_163;ajattelette;1
946;78/2017;2017_78_163;aloitetta;2
946;78/2017;2017_78_163;arkea;1
946;78/2017;2017_78_163;arvoisa;1
946;78/2017;2017_78_163;asetettuja;1
946;78/2017;2017_78_163;asia;2
946;78/2017;2017_78_163;asiaa;1
946;78/2017;2017_78_163;asialle;1
946;78/2017;2017_78_163;avaamaan;1
946;78/2017;2017_78_163;avata;1
946;78/2017;2017_78_163;edelleen;1
946;78/2017;2017_78_163;edetä;1
946;78/2017;2017_78_163;eduskunta;1
946;78/2017;2017_78_163;ehkä;1
946;78/2017;2017_78_163;ei;2
946;78/2017;2017_78_163;eli;1
946;78/2017;2017_78_163;en;1
946;78/2017;2017_78_163;etene;1
946;78/2017;2017_78_163;että;2
946;78/2017;2017_78_163;eun;2
946;78/2017;2017_78_163;herää;1
946;78/2017;2017_78_163;huomannut;1
946;78/2017;2017_78_163;ihan;1
946;78/2017;2017_78_163;ihmisiin;1
946;78/2017;2017_78_163;ilmi;1
946;78/2017;2017_78_163;isompiakin;2
946;78/2017;2017_78_163;itse;2
946;78/2017;2017_78_163;itsekin;1
946;78/2017;2017_78_163;ja;5
946;78/2017;2017_78_163;joka;1
946;78/2017;2017_78_163;jos;1
946;78/2017;2017_78_163;jota;2
946;78/2017;2017_78_163;jotka;1
946;78/2017;2017_78_163;kaikki;1
946;78/2017;2017_78_163;kannattamaan;1
946;78/2017;2017_78_163;kannattavat;2
946;78/2017;2017_78_163;kannatusta;1
946;78/2017;2017_78_163;keskustassa;1
946;78/2017;2017_78_163;keskustelu;1
946;78/2017;2017_78_163;kiitän;1
946;78/2017;2017_78_163;kuitenkaan;1
946;78/2017;2017_78_163;kuitenkin;1
946;78/2017;2017_78_163;kun;2
946;78/2017;2017_78_163;kuten;1
946;78/2017;2017_78_163;kuulun;1
946;78/2017;2017_78_163;kyllä;1
946;78/2017;2017_78_163;kysyisin;1
946;78/2017;2017_78_163;käynyt;1
946;78/2017;2017_78_163;maailman;1
946;78/2017;2017_78_163;maalaisjärjellä;1
946;78/2017;2017_78_163;mihinkään;1
946;78/2017;2017_78_163;mikä;1
946;78/2017;2017_78_163;ministeriltä;1
946;78/2017;2017_78_163;miten;3
946;78/2017;2017_78_163;monelle;1
946;78/2017;2017_78_163;monessa;1
946;78/2017;2017_78_163;mutta;2
946;78/2017;2017_78_163;muussakin;1
946;78/2017;2017_78_163;myös;3
946;78/2017;2017_78_163;myöskin;1
946;78/2017;2017_78_163;niihin;1
946;78/2017;2017_78_163;niin;1
946;78/2017;2017_78_163;nyt;1
946;78/2017;2017_78_163;näihin;1
946;78/2017;2017_78_163;näkisitte;1
946;78/2017;2017_78_163;olen;1
946;78/2017;2017_78_163;olette;1
946;78/2017;2017_78_163;olisi;1
946;78/2017;2017_78_163;on;3
946;78/2017;2017_78_163;onko;1
946;78/2017;2017_78_163;paikalla;1
946;78/2017;2017_78_163;polun;1
946;78/2017;2017_78_163;prosessin;1
946;78/2017;2017_78_163;puhemies;1
946;78/2017;2017_78_163;puolueessa;1
946;78/2017;2017_78_163;pystytty;1
946;78/2017;2017_78_163;päivämääriin;1
946;78/2017;2017_78_163;päässä;2
946;78/2017;2017_78_163;päästä;1
946;78/2017;2017_78_163;päätyisi;1
946;78/2017;2017_78_163;ratkaisemaan;1
946;78/2017;2017_78_163;realismi;1
946;78/2017;2017_78_163;siinä;1
946;78/2017;2017_78_163;silloin;1
946;78/2017;2017_78_163;solmu;1
946;78/2017;2017_78_163;suomalaiselle;1
946;78/2017;2017_78_163;suomen;1
946;78/2017;2017_78_163;suomenkaan;1
946;78/2017;2017_78_163;tai;1
946;78/2017;2017_78_163;tarvitsisi;1
946;78/2017;2017_78_163;taustaa;1
946;78/2017;2017_78_163;tiedä;1
946;78/2017;2017_78_163;tiukallekin;1
946;78/2017;2017_78_163;todellista;1
946;78/2017;2017_78_163;toivottavasti;1
946;78/2017;2017_78_163;tulla;1
946;78/2017;2017_78_163;tullaan;1
946;78/2017;2017_78_163;tuo;1
946;78/2017;2017_78_163;tuolla;1
946;78/2017;2017_78_163;tuon;2
946;78/2017;2017_78_163;tuota;1
946;78/2017;2017_78_163;tälle;1
946;78/2017;2017_78_163;tämä;1
946;78/2017;2017_78_163;tämäkin;1
946;78/2017;2017_78_163;tärkein;2
946;78/2017;2017_78_163;tässä;1
946;78/2017;2017_78_163;tästä;1
946;78/2017;2017_78_163;tätä;2
946;78/2017;2017_78_163;täällä;1
946;78/2017;2017_78_163;täältä;1
946;78/2017;2017_78_163;umpisolmuja;2
946;78/2017;2017_78_163;uudelleen;1
946;78/2017;2017_78_163;vahvaa;1
946;78/2017;2017_78_163;vasten;1
946;78/2017;2017_78_163;vedettyjä;1
946;78/2017;2017_78_163;voisi;1
946;78/2017;2017_78_163;voitaisiin;1
946;78/2017;2017_78_163;yhä;1
946;79/2015;2015_79_129;aamu;7
946;79/2015;2015_79_129;aikaan;1
946;79/2015;2015_79_129;aikuisen;1
946;79/2015;2015_79_129;ajantasaistaminen;1
946;79/2015;2015_79_129;alakoululaisille;1
946;79/2015;2015_79_129;alentaa;1
946;79/2015;2015_79_129;arvioiden;1
946;79/2015;2015_79_129;arvoisena;1
946;79/2015;2015_79_129;asiaan;2
946;79/2015;2015_79_129;asiakastietokannan;1
946;79/2015;2015_79_129;automaattisesti;1
946;79/2015;2015_79_129;ehdotetaan;1
946;79/2015;2015_79_129;ehdotettua;1
946;79/2015;2015_79_129;ei;4
946;79/2015;2015_79_129;eivät;1
946;79/2015;2015_79_129;enemmän;1
946;79/2015;2015_79_129;enimmäismaksujen;1
946;79/2015;2015_79_129;enimmäismaksun;1
946;79/2015;2015_79_129;enimmäismaksurajat;1
946;79/2015;2015_79_129;enimmäismaksut;1
946;79/2015;2015_79_129;enimmäismääriä;1
946;79/2015;2015_79_129;ennen;1
946;79/2015;2015_79_129;ensinnä;1
946;79/2015;2015_79_129;enää;1
946;79/2015;2015_79_129;erittäin;1
946;79/2015;2015_79_129;erityisen;1
946;79/2015;2015_79_129;erityisesti;3
946;79/2015;2015_79_129;erityistä;1
946;79/2015;2015_79_129;esille;1
946;79/2015;2015_79_129;esimerkiksi;1
946;79/2015;2015_79_129;esityksellä;1
946;79/2015;2015_79_129;esityksessä;1
946;79/2015;2015_79_129;esteeksi;1
946;79/2015;2015_79_129;etenkin;1
946;79/2015;2015_79_129;että;7
946;79/2015;2015_79_129;euroa;1
946;79/2015;2015_79_129;eurolla;1
946;79/2015;2015_79_129;euroon;2
946;79/2015;2015_79_129;eurosta;2
946;79/2015;2015_79_129;hallituksen;1
946;79/2015;2015_79_129;hallitusohjelman;1
946;79/2015;2015_79_129;hankaloittavat;1
946;79/2015;2015_79_129;harkittaisiin;1
946;79/2015;2015_79_129;harrastustoimintaan;1
946;79/2015;2015_79_129;heidän;1
946;79/2015;2015_79_129;helpommin;1
946;79/2015;2015_79_129;huomioon;1
946;79/2015;2015_79_129;huomiota;3
946;79/2015;2015_79_129;hylkäysesityksen;1
946;79/2015;2015_79_129;hyvin;1
946;79/2015;2015_79_129;ihan;1
946;79/2015;2015_79_129;iltapäivätoiminnalle;1
946;79/2015;2015_79_129;iltapäivätoiminnan;2
946;79/2015;2015_79_129;iltapäivätoiminnasta;1
946;79/2015;2015_79_129;iltapäivätoiminta;2
946;79/2015;2015_79_129;iltapäivätoimintaa;1
946;79/2015;2015_79_129;iltapäivätoimintaan;1
946;79/2015;2015_79_129;ja;17
946;79/2015;2015_79_129;jaksotettaisiin;1
946;79/2015;2015_79_129;jatkossa;1
946;79/2015;2015_79_129;jos;1
946;79/2015;2015_79_129;joten;1
946;79/2015;2015_79_129;jotka;1
946;79/2015;2015_79_129;jotta;3
946;79/2015;2015_79_129;juuri;1
946;79/2015;2015_79_129;jälkeen;1
946;79/2015;2015_79_129;järjestelmän;3
946;79/2015;2015_79_129;järjestelyihin;1
946;79/2015;2015_79_129;jättää;2
946;79/2015;2015_79_129;kahteen;1
946;79/2015;2015_79_129;kaikille;1
946;79/2015;2015_79_129;kannustaa;1
946;79/2015;2015_79_129;kanssa;1
946;79/2015;2015_79_129;kehitetään;1
946;79/2015;2015_79_129;kehittämiseen;1
946;79/2015;2015_79_129;kehittämisessä;1
946;79/2015;2015_79_129;kehittämistarpeeseen;1
946;79/2015;2015_79_129;kehittämistarpeista;1
946;79/2015;2015_79_129;kehittää;1
946;79/2015;2015_79_129;kerhotoiminnan;3
946;79/2015;2015_79_129;kerhotoiminta;1
946;79/2015;2015_79_129;kiinnittää;3
946;79/2015;2015_79_129;kohtuuhintaisen;1
946;79/2015;2015_79_129;koko;1
946;79/2015;2015_79_129;kokopäivätyötä;1
946;79/2015;2015_79_129;korkeampien;1
946;79/2015;2015_79_129;korkeana;1
946;79/2015;2015_79_129;korotuksen;1
946;79/2015;2015_79_129;korotuksesta;1
946;79/2015;2015_79_129;korotukset;2
946;79/2015;2015_79_129;korotuksia;1
946;79/2015;2015_79_129;korotus;1
946;79/2015;2015_79_129;korotusta;1
946;79/2015;2015_79_129;korotusten;1
946;79/2015;2015_79_129;kouluikäisten;1
946;79/2015;2015_79_129;koulujen;2
946;79/2015;2015_79_129;koululaisten;3
946;79/2015;2015_79_129;koulupäivän;1
946;79/2015;2015_79_129;kun;1
946;79/2015;2015_79_129;kunnat;2
946;79/2015;2015_79_129;kuntatalouteen;1
946;79/2015;2015_79_129;kuntien;2
946;79/2015;2015_79_129;kustannuslisät;1
946;79/2015;2015_79_129;kuukaudessa;1
946;79/2015;2015_79_129;kärkihankehan;1
946;79/2015;2015_79_129;käyttöön;1
946;79/2015;2015_79_129;laki;1
946;79/2015;2015_79_129;lapsen;1
946;79/2015;2015_79_129;lapsille;2
946;79/2015;2015_79_129;lapsiperheille;1
946;79/2015;2015_79_129;lasten;5
946;79/2015;2015_79_129;lisäisi;1
946;79/2015;2015_79_129;lisäkustannuksena;1
946;79/2015;2015_79_129;lisäkustannuksiin;1
946;79/2015;2015_79_129;lisäresurssi;1
946;79/2015;2015_79_129;lopulliset;1
946;79/2015;2015_79_129;luvassa;1
946;79/2015;2015_79_129;lähtien;2
946;79/2015;2015_79_129;läsnäolon;1
946;79/2015;2015_79_129;mahdollistettaisiin;1
946;79/2015;2015_79_129;mahdollisuuden;1
946;79/2015;2015_79_129;mahdollisuus;1
946;79/2015;2015_79_129;maksu;1
946;79/2015;2015_79_129;maksuihin;1
946;79/2015;2015_79_129;maksuja;1
946;79/2015;2015_79_129;maksujen;4
946;79/2015;2015_79_129;maksujärjestelmän;1
946;79/2015;2015_79_129;maksujärjestelmää;1
946;79/2015;2015_79_129;maksukertymää;1
946;79/2015;2015_79_129;maksurajojen;1
946;79/2015;2015_79_129;maksut;2
946;79/2015;2015_79_129;merkittävä;1
946;79/2015;2015_79_129;merkittävästi;1
946;79/2015;2015_79_129;merkityksen;1
946;79/2015;2015_79_129;mietinnössä;1
946;79/2015;2015_79_129;mietinnössään;1
946;79/2015;2015_79_129;mietintö;1
946;79/2015;2015_79_129;miljoonaa;1
946;79/2015;2015_79_129;miljoonalla;1
946;79/2015;2015_79_129;miten;1
946;79/2015;2015_79_129;monille;1
946;79/2015;2015_79_129;mukaan;1
946;79/2015;2015_79_129;muodostuisi;1
946;79/2015;2015_79_129;muut;1
946;79/2015;2015_79_129;muutettavaksi;1
946;79/2015;2015_79_129;muutoksena;1
946;79/2015;2015_79_129;myös;4
946;79/2015;2015_79_129;myöskin;1
946;79/2015;2015_79_129;niihin;1
946;79/2015;2015_79_129;niille;1
946;79/2015;2015_79_129;noin;2
946;79/2015;2015_79_129;noita;1
946;79/2015;2015_79_129;nostaa;1
946;79/2015;2015_79_129;nostavat;1
946;79/2015;2015_79_129;nostettaisiin;1
946;79/2015;2015_79_129;nousevat;1
946;79/2015;2015_79_129;nykyisestä;1
946;79/2015;2015_79_129;nykyiset;1
946;79/2015;2015_79_129;nykyistä;1
946;79/2015;2015_79_129;nyt;1
946;79/2015;2015_79_129;näkökulmasta;1
946;79/2015;2015_79_129;ole;1
946;79/2015;2015_79_129;olisi;2
946;79/2015;2015_79_129;olleet;1
946;79/2015;2015_79_129;on;5
946;79/2015;2015_79_129;osallistu;1
946;79/2015;2015_79_129;osallistumiselle;1
946;79/2015;2015_79_129;osalta;1
946;79/2015;2015_79_129;otetaan;1
946;79/2015;2015_79_129;ottavat;1
946;79/2015;2015_79_129;ovat;2
946;79/2015;2015_79_129;painotetaan;1
946;79/2015;2015_79_129;palveleviksi;1
946;79/2015;2015_79_129;palveluiksi;1
946;79/2015;2015_79_129;panostusta;1
946;79/2015;2015_79_129;paremmin;1
946;79/2015;2015_79_129;perheen;4
946;79/2015;2015_79_129;perheiden;1
946;79/2015;2015_79_129;perheidensä;1
946;79/2015;2015_79_129;perheillä;1
946;79/2015;2015_79_129;periminen;1
946;79/2015;2015_79_129;perimättä;2
946;79/2015;2015_79_129;perusopetuslakia;1
946;79/2015;2015_79_129;pidämme;2
946;79/2015;2015_79_129;pienituloisuuden;1
946;79/2015;2015_79_129;pienituloisuus;1
946;79/2015;2015_79_129;pienten;2
946;79/2015;2015_79_129;pitkäaikaissairaiden;1
946;79/2015;2015_79_129;pitkään;1
946;79/2015;2015_79_129;pitääkin;1
946;79/2015;2015_79_129;porrasteiseksi;1
946;79/2015;2015_79_129;puhemies;3
946;79/2015;2015_79_129;päivähoidon;1
946;79/2015;2015_79_129;päivähoitojärjestelmän;1
946;79/2015;2015_79_129;riippuvat;1
946;79/2015;2015_79_129;rinnalla;1
946;79/2015;2015_79_129;rouva;1
946;79/2015;2015_79_129;samaan;1
946;79/2015;2015_79_129;sanomme;1
946;79/2015;2015_79_129;se;1
946;79/2015;2015_79_129;seikkaan;1
946;79/2015;2015_79_129;sekä;2
946;79/2015;2015_79_129;selvittämisen;1
946;79/2015;2015_79_129;sen;1
946;79/2015;2015_79_129;siihen;1
946;79/2015;2015_79_129;siis;2
946;79/2015;2015_79_129;siitä;1
946;79/2015;2015_79_129;sisältävän;1
946;79/2015;2015_79_129;sisältää;1
946;79/2015;2015_79_129;siten;1
946;79/2015;2015_79_129;sitä;5
946;79/2015;2015_79_129;sivistysvaliokunta;3
946;79/2015;2015_79_129;sopeutua;1
946;79/2015;2015_79_129;suomessahan;1
946;79/2015;2015_79_129;suuntaan;1
946;79/2015;2015_79_129;suuri;1
946;79/2015;2015_79_129;tai;1
946;79/2015;2015_79_129;taloudellista;1
946;79/2015;2015_79_129;talouteen;1
946;79/2015;2015_79_129;tarjoaa;2
946;79/2015;2015_79_129;tarkoita;1
946;79/2015;2015_79_129;tarkoittaa;1
946;79/2015;2015_79_129;tarpeita;1
946;79/2015;2015_79_129;tarve;1
946;79/2015;2015_79_129;tarvitaan;1
946;79/2015;2015_79_129;tarvitsevien;1
946;79/2015;2015_79_129;tasaisemmin;1
946;79/2015;2015_79_129;tehty;1
946;79/2015;2015_79_129;tehtävien;1
946;79/2015;2015_79_129;tehtävät;1
946;79/2015;2015_79_129;tekee;1
946;79/2015;2015_79_129;tietenkin;1
946;79/2015;2015_79_129;tietojen;1
946;79/2015;2015_79_129;tilannetta;1
946;79/2015;2015_79_129;tiukennettaisiin;1
946;79/2015;2015_79_129;todella;1
946;79/2015;2015_79_129;toimenpiteitä;1
946;79/2015;2015_79_129;toiminta;1
946;79/2015;2015_79_129;toimintaan;1
946;79/2015;2015_79_129;tukea;1
946;79/2015;2015_79_129;tukee;1
946;79/2015;2015_79_129;tunteihin;1
946;79/2015;2015_79_129;turvallisen;1
946;79/2015;2015_79_129;työn;1
946;79/2015;2015_79_129;tähän;3
946;79/2015;2015_79_129;tämä;1
946;79/2015;2015_79_129;tärkeän;1
946;79/2015;2015_79_129;tärkeää;1
946;79/2015;2015_79_129;tärkeään;1
946;79/2015;2015_79_129;vahvasti;1
946;79/2015;2015_79_129;vaikutukseen;1
946;79/2015;2015_79_129;vaikutukset;1
946;79/2015;2015_79_129;vaikutuksia;1
946;79/2015;2015_79_129;vaikutus;1
946;79/2015;2015_79_129;valiokunnassa;1
946;79/2015;2015_79_129;valiokunta;2
946;79/2015;2015_79_129;valtaosa;1
946;79/2015;2015_79_129;valtiontaloudellisia;1
946;79/2015;2015_79_129;vammaisten;1
946;79/2015;2015_79_129;vanhemmista;1
946;79/2015;2015_79_129;vanhempien;1
946;79/2015;2015_79_129;vastalauseen;1
946;79/2015;2015_79_129;velvollisuus;1
946;79/2015;2015_79_129;velvollisuutta;1
946;79/2015;2015_79_129;voidaan;1
946;79/2015;2015_79_129;voimassa;1
946;79/2015;2015_79_129;voisi;1
946;79/2015;2015_79_129;vuodesta;2
946;79/2015;2015_79_129;vuoksi;2
946;79/2015;2015_79_129;vuonna;1
946;79/2015;2015_79_129;välttämättömiä;1
946;79/2015;2015_79_129;välttämättömänä;1
946;79/2015;2015_79_129;yhteensovittamista;1
946;79/2015;2015_79_129;yhteiskäyttöä;1
946;79/2015;2015_79_129;yksinäisiin;1
946;79/2015;2015_79_129;yksittäisenä;1
946;79/2015;2015_79_129;ympäristön;1
946;79/2015;2015_79_185;arvoisa;1
946;79/2015;2015_79_185;budjettilausunnossaan;1
946;79/2015;2015_79_185;edessä;2
946;79/2015;2015_79_185;ehkä;1
946;79/2015;2015_79_185;ei;1
946;79/2015;2015_79_185;erittäin;1
946;79/2015;2015_79_185;että;2
946;79/2015;2015_79_185;haaste;1
946;79/2015;2015_79_185;hallituksen;1
946;79/2015;2015_79_185;huomiota;1
946;79/2015;2015_79_185;hyödyllistä;1
946;79/2015;2015_79_185;ihan;1
946;79/2015;2015_79_185;iltapäivätoiminta;1
946;79/2015;2015_79_185;isompi;1
946;79/2015;2015_79_185;jonkun;1
946;79/2015;2015_79_185;keskeisesti;1
946;79/2015;2015_79_185;keskustelu;1
946;79/2015;2015_79_185;keskustelua;1
946;79/2015;2015_79_185;kiinnittänyt;1
946;79/2015;2015_79_185;kotoutumisessa;1
946;79/2015;2015_79_185;koulutuksellahan;1
946;79/2015;2015_79_185;koulutuksen;2
946;79/2015;2015_79_185;kyllä;1
946;79/2015;2015_79_185;kävimme;1
946;79/2015;2015_79_185;laadittaessa;1
946;79/2015;2015_79_185;lapsille;1
946;79/2015;2015_79_185;liittyy;1
946;79/2015;2015_79_185;luulen;1
946;79/2015;2015_79_185;maahanmuuttajataustaisille;1
946;79/2015;2015_79_185;meillä;1
946;79/2015;2015_79_185;mietintöä;1
946;79/2015;2015_79_185;mikä;1
946;79/2015;2015_79_185;mittava;1
946;79/2015;2015_79_185;mitä;1
946;79/2015;2015_79_185;muoto;1
946;79/2015;2015_79_185;myös;1
946;79/2015;2015_79_185;nimittäin;1
946;79/2015;2015_79_185;ole;1
946;79/2015;2015_79_185;olemaan;1
946;79/2015;2015_79_185;olla;1
946;79/2015;2015_79_185;ollenkaan;1
946;79/2015;2015_79_185;omassa;1
946;79/2015;2015_79_185;on;5
946;79/2015;2015_79_185;onko;1
946;79/2015;2015_79_185;osattu;1
946;79/2015;2015_79_185;puhemies;1
946;79/2015;2015_79_185;puolella;1
946;79/2015;2015_79_185;puolelta;1
946;79/2015;2015_79_185;rahasummiin;1
946;79/2015;2015_79_185;resursseissa;1
946;79/2015;2015_79_185;rooli;1
946;79/2015;2015_79_185;se;1
946;79/2015;2015_79_185;sellaisiin;1
946;79/2015;2015_79_185;siihen;2
946;79/2015;2015_79_185;sitten;1
946;79/2015;2015_79_185;tai;1
946;79/2015;2015_79_185;totta;1
946;79/2015;2015_79_185;tulee;1
946;79/2015;2015_79_185;tulevaisuudessa;1
946;79/2015;2015_79_185;tulevina;1
946;79/2015;2015_79_185;tähän;1
946;79/2015;2015_79_185;tämä;2
946;79/2015;2015_79_185;tärkeä;1
946;79/2015;2015_79_185;tässä;1
946;79/2015;2015_79_185;tästä;1
946;79/2015;2015_79_185;täytyy;1
946;79/2015;2015_79_185;valiokunnan;1
946;79/2015;2015_79_185;valiokunta;1
946;79/2015;2015_79_185;varauduttu;1
946;79/2015;2015_79_185;varautua;1
946;79/2015;2015_79_185;verran;1
946;79/2015;2015_79_185;vielä;3
946;79/2015;2015_79_185;vuosina;1
946;79/2015;2015_79_185;ylipäätänsä;2
946;79/2015;2015_79_188;aikaan;1
946;79/2015;2015_79_188;ainakin;1
946;79/2015;2015_79_188;ainoastaan;1
946;79/2015;2015_79_188;aivan;1
946;79/2015;2015_79_188;ajatuksenahan;1
946;79/2015;2015_79_188;alempaan;1
946;79/2015;2015_79_188;alkaen;1
946;79/2015;2015_79_188;alueisiin;1
946;79/2015;2015_79_188;ammattikorkeakoululain;1
946;79/2015;2015_79_188;ammattikorkeakoululakiin;1
946;79/2015;2015_79_188;apurahajärjestelmien;1
946;79/2015;2015_79_188;apurahajärjestelmiin;1
946;79/2015;2015_79_188;apurahajärjestelmä;2
946;79/2015;2015_79_188;apurahajärjestelmän;1
946;79/2015;2015_79_188;apurahajärjestelmään;1
946;79/2015;2015_79_188;arvioitu;1
946;79/2015;2015_79_188;arvoisa;1
946;79/2015;2015_79_188;arvostettu;1
946;79/2015;2015_79_188;asia;1
946;79/2015;2015_79_188;asiaan;1
946;79/2015;2015_79_188;asiakkaiden;1
946;79/2015;2015_79_188;asialle;1
946;79/2015;2015_79_188;asiantuntijakuulemisessa;1
946;79/2015;2015_79_188;asti;1
946;79/2015;2015_79_188;byrokraattiseksi;1
946;79/2015;2015_79_188;ehdotetaan;1
946;79/2015;2015_79_188;ei;5
946;79/2015;2015_79_188;eikä;2
946;79/2015;2015_79_188;ensinnäkin;1
946;79/2015;2015_79_188;erittäin;1
946;79/2015;2015_79_188;erityisesti;1
946;79/2015;2015_79_188;esimerkiksi;2
946;79/2015;2015_79_188;esitetään;1
946;79/2015;2015_79_188;esityksellä;1
946;79/2015;2015_79_188;esityksen;3
946;79/2015;2015_79_188;esityksessä;3
946;79/2015;2015_79_188;esitys;1
946;79/2015;2015_79_188;esitystä;1
946;79/2015;2015_79_188;estänyt;1
946;79/2015;2015_79_188;eta-alueen;4
946;79/2015;2015_79_188;ettei;1
946;79/2015;2015_79_188;että;9
946;79/2015;2015_79_188;eu;4
946;79/2015;2015_79_188;euroa;1
946;79/2015;2015_79_188;euroopan;2
946;79/2015;2015_79_188;hakeutua;1
946;79/2015;2015_79_188;haku;1
946;79/2015;2015_79_188;hallinnointiin;1
946;79/2015;2015_79_188;hallituksen;6
946;79/2015;2015_79_188;hallitusohjelman;1
946;79/2015;2015_79_188;hankaloittanut;1
946;79/2015;2015_79_188;havainto;1
946;79/2015;2015_79_188;houkutteleminen;1
946;79/2015;2015_79_188;huolen;1
946;79/2015;2015_79_188;huolimatta;1
946;79/2015;2015_79_188;huomio;1
946;79/2015;2015_79_188;huomioista;1
946;79/2015;2015_79_188;huomiota;3
946;79/2015;2015_79_188;hylkäämistä;1
946;79/2015;2015_79_188;hyväksymisprosessia;1
946;79/2015;2015_79_188;hyväksymä;1
946;79/2015;2015_79_188;ja;25
946;79/2015;2015_79_188;jatkossa;2
946;79/2015;2015_79_188;jatkuva;1
946;79/2015;2015_79_188;jo;1
946;79/2015;2015_79_188;johtavan;1
946;79/2015;2015_79_188;johtavassa;1
946;79/2015;2015_79_188;joista;1
946;79/2015;2015_79_188;joka;1
946;79/2015;2015_79_188;jolla;1
946;79/2015;2015_79_188;jonka;1
946;79/2015;2015_79_188;jäisi;1
946;79/2015;2015_79_188;järjestelmä;1
946;79/2015;2015_79_188;järjestelmällä;1
946;79/2015;2015_79_188;jäämään;2
946;79/2015;2015_79_188;jäävät;1
946;79/2015;2015_79_188;kaikilla;1
946;79/2015;2015_79_188;kaikille;1
946;79/2015;2015_79_188;kaikkien;1
946;79/2015;2015_79_188;kaksi;1
946;79/2015;2015_79_188;kalliiksi;1
946;79/2015;2015_79_188;kaltainen;1
946;79/2015;2015_79_188;kannattaa;1
946;79/2015;2015_79_188;kannustaisi;1
946;79/2015;2015_79_188;kannustetaan;1
946;79/2015;2015_79_188;kansainvälisesti;1
946;79/2015;2015_79_188;kansainvälistymiseen;1
946;79/2015;2015_79_188;kansainvälistymistavoitteen;1
946;79/2015;2015_79_188;kansainvälistymistavoitteiden;1
946;79/2015;2015_79_188;kansainvälisyyteen;1
946;79/2015;2015_79_188;kanssa;2
946;79/2015;2015_79_188;kehittämiseen;2
946;79/2015;2015_79_188;kehittämisessä;1
946;79/2015;2015_79_188;kertyvät;1
946;79/2015;2015_79_188;keskeinen;2
946;79/2015;2015_79_188;keskeisenä;1
946;79/2015;2015_79_188;kesken;1
946;79/2015;2015_79_188;kieliopetukseen;1
946;79/2015;2015_79_188;kiinnitettävä;1
946;79/2015;2015_79_188;kiinnittää;1
946;79/2015;2015_79_188;kiinnitämme;1
946;79/2015;2015_79_188;kilpaileviin;1
946;79/2015;2015_79_188;kilpailla;1
946;79/2015;2015_79_188;kirjaukseen;1
946;79/2015;2015_79_188;kohderyhmiin;1
946;79/2015;2015_79_188;koko;1
946;79/2015;2015_79_188;kokonaisuudessaan;1
946;79/2015;2015_79_188;kolmas;1
946;79/2015;2015_79_188;korkeakouluilla;1
946;79/2015;2015_79_188;korkeakouluille;1
946;79/2015;2015_79_188;korkeakouluilta;1
946;79/2015;2015_79_188;korkeakoulujen;9
946;79/2015;2015_79_188;korkeakoulukentältä;1
946;79/2015;2015_79_188;korkeakoulut;1
946;79/2015;2015_79_188;korkeakoulutuksen;2
946;79/2015;2015_79_188;korkeakoulututkintoon;1
946;79/2015;2015_79_188;korkeatasoinen;1
946;79/2015;2015_79_188;korostaa;2
946;79/2015;2015_79_188;koskevia;2
946;79/2015;2015_79_188;kotimaisille;1
946;79/2015;2015_79_188;koulutukseen;2
946;79/2015;2015_79_188;koulutuksen;7
946;79/2015;2015_79_188;koulutuksessa;1
946;79/2015;2015_79_188;koulutus;1
946;79/2015;2015_79_188;koulutusasteilla;1
946;79/2015;2015_79_188;koulutuspoliittinen;1
946;79/2015;2015_79_188;kritiikin;1
946;79/2015;2015_79_188;kustannustehokkaat;1
946;79/2015;2015_79_188;kuulemisissa;1
946;79/2015;2015_79_188;kyseenalaisteta;1
946;79/2015;2015_79_188;kyseenalaistettu;1
946;79/2015;2015_79_188;kysymykseen;1
946;79/2015;2015_79_188;käyttöön;1
946;79/2015;2015_79_188;käyttöönoton;1
946;79/2015;2015_79_188;käyttöönotto;1
946;79/2015;2015_79_188;köyhimmistä;1
946;79/2015;2015_79_188;laadukas;1
946;79/2015;2015_79_188;laadulla;1
946;79/2015;2015_79_188;laadun;2
946;79/2015;2015_79_188;laatukysymyksiin;1
946;79/2015;2015_79_188;laatutekijöillä;1
946;79/2015;2015_79_188;lahjakkaiden;1
946;79/2015;2015_79_188;laissa;1
946;79/2015;2015_79_188;lakiehdotuksen;1
946;79/2015;2015_79_188;liittyvien;1
946;79/2015;2015_79_188;liittyy;1
946;79/2015;2015_79_188;lisäksi;1
946;79/2015;2015_79_188;lisättäisiin;1
946;79/2015;2015_79_188;lukukausimaksujen;1
946;79/2015;2015_79_188;lukuvuodessa;1
946;79/2015;2015_79_188;lukuvuosimaksuista;1
946;79/2015;2015_79_188;lukuvuosimaksuja;1
946;79/2015;2015_79_188;lukuvuosimaksujen;3
946;79/2015;2015_79_188;lukuvuosimaksun;1
946;79/2015;2015_79_188;maamme;1
946;79/2015;2015_79_188;maassamme;1
946;79/2015;2015_79_188;mahdollisimman;1
946;79/2015;2015_79_188;mahdollisuus;3
946;79/2015;2015_79_188;maista;1
946;79/2015;2015_79_188;maksavien;1
946;79/2015;2015_79_188;maksuilla;1
946;79/2015;2015_79_188;maksuista;1
946;79/2015;2015_79_188;maksuja;2
946;79/2015;2015_79_188;maksujen;1
946;79/2015;2015_79_188;maksulliseen;1
946;79/2015;2015_79_188;maksullisen;1
946;79/2015;2015_79_188;maksuttomuus;1
946;79/2015;2015_79_188;markkinoin-tiin;1
946;79/2015;2015_79_188;merkitystä;1
946;79/2015;2015_79_188;mieltä;1
946;79/2015;2015_79_188;mietinnössä;1
946;79/2015;2015_79_188;mietintöä;1
946;79/2015;2015_79_188;mietintöön;1
946;79/2015;2015_79_188;miltään;1
946;79/2015;2015_79_188;moni;1
946;79/2015;2015_79_188;muille;1
946;79/2015;2015_79_188;mukaan;3
946;79/2015;2015_79_188;muodostua;1
946;79/2015;2015_79_188;mutta;1
946;79/2015;2015_79_188;muutoksia;1
946;79/2015;2015_79_188;myös;6
946;79/2015;2015_79_188;myöskään;2
946;79/2015;2015_79_188;myötä;1
946;79/2015;2015_79_188;määriin;1
946;79/2015;2015_79_188;määrä;2
946;79/2015;2015_79_188;neljänneksi;1
946;79/2015;2015_79_188;neljään;1
946;79/2015;2015_79_188;niin;1
946;79/2015;2015_79_188;nimenomaan;1
946;79/2015;2015_79_188;noissa;1
946;79/2015;2015_79_188;näitä;1
946;79/2015;2015_79_188;näkökohtien;1
946;79/2015;2015_79_188;odotuksiin;1
946;79/2015;2015_79_188;ohjelman;1
946;79/2015;2015_79_188;ohjelmiin;1
946;79/2015;2015_79_188;ole;2
946;79/2015;2015_79_188;oleellista;1
946;79/2015;2015_79_188;olemme;1
946;79/2015;2015_79_188;olevia;1
946;79/2015;2015_79_188;oli;1
946;79/2015;2015_79_188;olisi;3
946;79/2015;2015_79_188;olla;2
946;79/2015;2015_79_188;omalla;1
946;79/2015;2015_79_188;on;14
946;79/2015;2015_79_188;opetus;1
946;79/2015;2015_79_188;opintolainahyvityksen;1
946;79/2015;2015_79_188;opiskelija;1
946;79/2015;2015_79_188;opiskelijoiden;5
946;79/2015;2015_79_188;opiskelijoille;3
946;79/2015;2015_79_188;opiskelijoilta;2
946;79/2015;2015_79_188;opiskelua;1
946;79/2015;2015_79_188;oppositiosta;1
946;79/2015;2015_79_188;osa;2
946;79/2015;2015_79_188;osaamispääomaa;1
946;79/2015;2015_79_188;osallistuvien;1
946;79/2015;2015_79_188;osallistuvilta;1
946;79/2015;2015_79_188;osaltaan;1
946;79/2015;2015_79_188;osin;2
946;79/2015;2015_79_188;palautetta;1
946;79/2015;2015_79_188;paljon;1
946;79/2015;2015_79_188;peri;1
946;79/2015;2015_79_188;periaate;1
946;79/2015;2015_79_188;periaatetta;1
946;79/2015;2015_79_188;periaatteista;1
946;79/2015;2015_79_188;perimiseen;1
946;79/2015;2015_79_188;perittävillä;1
946;79/2015;2015_79_188;perittävistä;1
946;79/2015;2015_79_188;periä;1
946;79/2015;2015_79_188;perusrahoitukseen;1
946;79/2015;2015_79_188;pitkittää;1
946;79/2015;2015_79_188;pitkälti;1
946;79/2015;2015_79_188;pitämät;1
946;79/2015;2015_79_188;pitävät;1
946;79/2015;2015_79_188;pitää;2
946;79/2015;2015_79_188;positiivisia;1
946;79/2015;2015_79_188;positiivista;1
946;79/2015;2015_79_188;puhemies;3
946;79/2015;2015_79_188;pykälätason;1
946;79/2015;2015_79_188;rakentamista;1
946;79/2015;2015_79_188;raskaan;1
946;79/2015;2015_79_188;reunaehdot;1
946;79/2015;2015_79_188;riittävästi;1
946;79/2015;2015_79_188;ristiriidassa;1
946;79/2015;2015_79_188;saa;3
946;79/2015;2015_79_188;saamaan;1
946;79/2015;2015_79_188;saaman;1
946;79/2015;2015_79_188;saanut;1
946;79/2015;2015_79_188;sai;1
946;79/2015;2015_79_188;samaa;1
946;79/2015;2015_79_188;samaan;1
946;79/2015;2015_79_188;se;2
946;79/2015;2015_79_188;sekä;1
946;79/2015;2015_79_188;selvityksen;1
946;79/2015;2015_79_188;selvänä;1
946;79/2015;2015_79_188;sen;1
946;79/2015;2015_79_188;seuranta;2
946;79/2015;2015_79_188;siihen;1
946;79/2015;2015_79_188;siis;2
946;79/2015;2015_79_188;siitä;3
946;79/2015;2015_79_188;silti;1
946;79/2015;2015_79_188;sisällään;1
946;79/2015;2015_79_188;sisältyy;1
946;79/2015;2015_79_188;sisältöä;1
946;79/2015;2015_79_188;siten;1
946;79/2015;2015_79_188;sivistysvaliokunnan;2
946;79/2015;2015_79_188;sivistysvaliokunta;3
946;79/2015;2015_79_188;solmiessaan;1
946;79/2015;2015_79_188;stipendi;1
946;79/2015;2015_79_188;suomalaisen;2
946;79/2015;2015_79_188;suomalaisille;1
946;79/2015;2015_79_188;suomeen;4
946;79/2015;2015_79_188;säännökset;1
946;79/2015;2015_79_188;säännöksiä;2
946;79/2015;2015_79_188;taataan;2
946;79/2015;2015_79_188;tahojen;1
946;79/2015;2015_79_188;tai;2
946;79/2015;2015_79_188;talousalueen;1
946;79/2015;2015_79_188;tarjoamalla;1
946;79/2015;2015_79_188;tarjonnan;1
946;79/2015;2015_79_188;tarkoitetulla;1
946;79/2015;2015_79_188;tarkoituksenmukaisena;1
946;79/2015;2015_79_188;tarpeellisena;1
946;79/2015;2015_79_188;tarvitaan;1
946;79/2015;2015_79_188;tasa-arvoinen;1
946;79/2015;2015_79_188;tasolla;1
946;79/2015;2015_79_188;tavalla;2
946;79/2015;2015_79_188;tavoin;1
946;79/2015;2015_79_188;tilaaja;1
946;79/2015;2015_79_188;tilapäisesti;1
946;79/2015;2015_79_188;tilauskoulutuksen;1
946;79/2015;2015_79_188;tilauskoulutussopimuksia;1
946;79/2015;2015_79_188;tilauskoulutusta;2
946;79/2015;2015_79_188;todennäköistä;1
946;79/2015;2015_79_188;toimintatavat;1
946;79/2015;2015_79_188;toimivuudesta;1
946;79/2015;2015_79_188;toinen;1
946;79/2015;2015_79_188;toisessa;2
946;79/2015;2015_79_188;toteutumista;1
946;79/2015;2015_79_188;tuetaan;1
946;79/2015;2015_79_188;tukipalveluiden;1
946;79/2015;2015_79_188;tukipalvelut;1
946;79/2015;2015_79_188;tuleville;2
946;79/2015;2015_79_188;tulisi;2
946;79/2015;2015_79_188;tulkintakäytäntö;1
946;79/2015;2015_79_188;tulkittu;1
946;79/2015;2015_79_188;tuotot;1
946;79/2015;2015_79_188;tutkintokoulutukseen;1
946;79/2015;2015_79_188;tutkintoon;1
946;79/2015;2015_79_188;tyyppisellä;1
946;79/2015;2015_79_188;työpanoksellaan;1
946;79/2015;2015_79_188;tähän;2
946;79/2015;2015_79_188;tälle;1
946;79/2015;2015_79_188;tällä;2
946;79/2015;2015_79_188;tämä;3
946;79/2015;2015_79_188;tärkeä;1
946;79/2015;2015_79_188;tärkeää;1
946;79/2015;2015_79_188;täsmennettäisiin;1
946;79/2015;2015_79_188;tässä;1
946;79/2015;2015_79_188;tätä;1
946;79/2015;2015_79_188;töihin;1
946;79/2015;2015_79_188;ulkomainen;1
946;79/2015;2015_79_188;ulkopuolelta;1
946;79/2015;2015_79_188;ulkopuolisilta;2
946;79/2015;2015_79_188;ulkopuolisten;1
946;79/2015;2015_79_188;unionin;1
946;79/2015;2015_79_188;uudella;1
946;79/2015;2015_79_188;uudistuksen;1
946;79/2015;2015_79_188;vahvistamassa;1
946;79/2015;2015_79_188;vaikutuksia;2
946;79/2015;2015_79_188;vaikutus;1
946;79/2015;2015_79_188;vaikutusta;1
946;79/2015;2015_79_188;valiokunnan;1
946;79/2015;2015_79_188;valiokunta;2
946;79/2015;2015_79_188;valmistuneita;1
946;79/2015;2015_79_188;valmistuttuaan;1
946;79/2015;2015_79_188;valtakunnan;1
946;79/2015;2015_79_188;valtiolta;1
946;79/2015;2015_79_188;varmistua;1
946;79/2015;2015_79_188;vastaamme;1
946;79/2015;2015_79_188;vastalausetta;1
946;79/2015;2015_79_188;vastattava;1
946;79/2015;2015_79_188;vastedes;1
946;79/2015;2015_79_188;verovähennysoikeuden;1
946;79/2015;2015_79_188;vetovoimaan;1
946;79/2015;2015_79_188;vetovoimatekijänä;1
946;79/2015;2015_79_188;vieraskielisessä;1
946;79/2015;2015_79_188;viitanneet;1
946;79/2015;2015_79_188;voimakkaasti;1
946;79/2015;2015_79_188;voimassa;1
946;79/2015;2015_79_188;voisivat;1
946;79/2015;2015_79_188;voitaisiin;1
946;79/2015;2015_79_188;vuoksi;1
946;79/2015;2015_79_188;vähenee;1
946;79/2015;2015_79_188;vähintään;1
946;79/2015;2015_79_188;välttämätöntä;1
946;79/2015;2015_79_188;yhtenevät;1
946;79/2015;2015_79_188;yksi;1
946;79/2015;2015_79_188;yksittäisten;1
946;79/2015;2015_79_188;yleiseen;1
946;79/2015;2015_79_188;yleisestä;1
946;79/2015;2015_79_188;ylempään;1
946;79/2015;2015_79_188;yliopistolain;1
946;79/2015;2015_79_188;yliopistolakiin;1
946;81/2016;2016_81_2;aineistoja;1
946;81/2016;2016_81_2;ainutlaatuisia;1
946;81/2016;2016_81_2;aktiivisten;1
946;81/2016;2016_81_2;aktiivisuutta;1
946;81/2016;2016_81_2;arki-illoista;1
946;81/2016;2016_81_2;arkistoinnin;1
946;81/2016;2016_81_2;arkiston;1
946;81/2016;2016_81_2;arvioikin;1
946;81/2016;2016_81_2;arvoisa;1
946;81/2016;2016_81_2;asiakirjahallinnon;1
946;81/2016;2016_81_2;asiakkaiden;3
946;81/2016;2016_81_2;asiankäsittelyyn;1
946;81/2016;2016_81_2;asuvien;1
946;81/2016;2016_81_2;aukiolo;1
946;81/2016;2016_81_2;aukiolotunteja;1
946;81/2016;2016_81_2;de-mok-ratian;1
946;81/2016;2016_81_2;edellisvuoteen;1
946;81/2016;2016_81_2;edistäjänä;1
946;81/2016;2016_81_2;eduskunnan;8
946;81/2016;2016_81_2;eduskuntaa;1
946;81/2016;2016_81_2;eduskuntatietoa;1
946;81/2016;2016_81_2;eduskuntatyötä;1
946;81/2016;2016_81_2;ennallaan;1
946;81/2016;2016_81_2;ennen;1
946;81/2016;2016_81_2;erittäin;1
946;81/2016;2016_81_2;erityisesti;1
946;81/2016;2016_81_2;että;5
946;81/2016;2016_81_2;hallinnollisten;1
946;81/2016;2016_81_2;hallituksen;1
946;81/2016;2016_81_2;harkintaan;1
946;81/2016;2016_81_2;hoidettu;1
946;81/2016;2016_81_2;hyvin;1
946;81/2016;2016_81_2;hyödyntää;1
946;81/2016;2016_81_2;hyötyä;1
946;81/2016;2016_81_2;ja;15
946;81/2016;2016_81_2;jatkaa;1
946;81/2016;2016_81_2;julkisena;1
946;81/2016;2016_81_2;kaikkea;1
946;81/2016;2016_81_2;kaikkine;1
946;81/2016;2016_81_2;kaksi;1
946;81/2016;2016_81_2;kansalaisia;1
946;81/2016;2016_81_2;kansalaisten;1
946;81/2016;2016_81_2;kansanvallan;1
946;81/2016;2016_81_2;kanslian;1
946;81/2016;2016_81_2;kanssa;1
946;81/2016;2016_81_2;kasvoivat;1
946;81/2016;2016_81_2;kehittämispäätöstä;1
946;81/2016;2016_81_2;kehittää;1
946;81/2016;2016_81_2;kertomusvuonna;1
946;81/2016;2016_81_2;keskusarkistona;1
946;81/2016;2016_81_2;keskuskirjastona;1
946;81/2016;2016_81_2;kirjaamotoimintojen;1
946;81/2016;2016_81_2;kirjasto;5
946;81/2016;2016_81_2;kirjastoa;1
946;81/2016;2016_81_2;kirjastojen;2
946;81/2016;2016_81_2;kirjastolla;1
946;81/2016;2016_81_2;kirjastolle;1
946;81/2016;2016_81_2;kirjaston;9
946;81/2016;2016_81_2;kirjastosta;1
946;81/2016;2016_81_2;kokonaisuudessa;1
946;81/2016;2016_81_2;korostaa;1
946;81/2016;2016_81_2;koskevan;1
946;81/2016;2016_81_2;koulutusosallistujien;1
946;81/2016;2016_81_2;kuin;1
946;81/2016;2016_81_2;kuitenkin;1
946;81/2016;2016_81_2;kuuluvin;1
946;81/2016;2016_81_2;kuvalainojen;1
946;81/2016;2016_81_2;kävijämäärän;1
946;81/2016;2016_81_2;kävijämäärät;1
946;81/2016;2016_81_2;lain;1
946;81/2016;2016_81_2;lainojen;1
946;81/2016;2016_81_2;lainsäädäntöä;1
946;81/2016;2016_81_2;laki;1
946;81/2016;2016_81_2;lauantain;1
946;81/2016;2016_81_2;liittyvää;1
946;81/2016;2016_81_2;lisätä;1
946;81/2016;2016_81_2;lähemmäksi;1
946;81/2016;2016_81_2;lähenevät;1
946;81/2016;2016_81_2;mahdollisuudet;1
946;81/2016;2016_81_2;menestyksekäs;1
946;81/2016;2016_81_2;merkittävä;1
946;81/2016;2016_81_2;merkittävää;1
946;81/2016;2016_81_2;merkitys;1
946;81/2016;2016_81_2;mietinnössään;3
946;81/2016;2016_81_2;mikä;1
946;81/2016;2016_81_2;mistä;1
946;81/2016;2016_81_2;monilta;1
946;81/2016;2016_81_2;muiden;1
946;81/2016;2016_81_2;mukaan;1
946;81/2016;2016_81_2;mutta;1
946;81/2016;2016_81_2;muualla;1
946;81/2016;2016_81_2;muutoksen;1
946;81/2016;2016_81_2;muutos;2
946;81/2016;2016_81_2;myös;2
946;81/2016;2016_81_2;myötä;1
946;81/2016;2016_81_2;määrät;2
946;81/2016;2016_81_2;nousivat;1
946;81/2016;2016_81_2;oikeudellista;1
946;81/2016;2016_81_2;oli;1
946;81/2016;2016_81_2;ollut;1
946;81/2016;2016_81_2;omalta;1
946;81/2016;2016_81_2;on;14
946;81/2016;2016_81_2;organisaatioon;1
946;81/2016;2016_81_2;organisaatiouudistuksen;1
946;81/2016;2016_81_2;osaltaan;1
946;81/2016;2016_81_2;osin;1
946;81/2016;2016_81_2;palvella;1
946;81/2016;2016_81_2;palveluita;1
946;81/2016;2016_81_2;perustana;1
946;81/2016;2016_81_2;perusteelliseen;1
946;81/2016;2016_81_2;perustunut;1
946;81/2016;2016_81_2;pitkäaikaiseen;1
946;81/2016;2016_81_2;pitää;1
946;81/2016;2016_81_2;prosessit;1
946;81/2016;2016_81_2;puhemies;1
946;81/2016;2016_81_2;pääkaupunkiseudulla;1
946;81/2016;2016_81_2;päätöksellä;1
946;81/2016;2016_81_2;rooli;1
946;81/2016;2016_81_2;saavuttamisen;1
946;81/2016;2016_81_2;samoin;1
946;81/2016;2016_81_2;sanoa;1
946;81/2016;2016_81_2;se;1
946;81/2016;2016_81_2;sekä;3
946;81/2016;2016_81_2;seurantaan;1
946;81/2016;2016_81_2;siirryttäessä;1
946;81/2016;2016_81_2;siirtäminen;1
946;81/2016;2016_81_2;sivistysvaliokunta;1
946;81/2016;2016_81_2;suomen;1
946;81/2016;2016_81_2;supistettu;1
946;81/2016;2016_81_2;sähköiseen;1
946;81/2016;2016_81_2;säilynyt;1
946;81/2016;2016_81_2;takaamiseksi;1
946;81/2016;2016_81_2;tapaa;1
946;81/2016;2016_81_2;tavoin;1
946;81/2016;2016_81_2;tehty;1
946;81/2016;2016_81_2;tehtävänä;2
946;81/2016;2016_81_2;tiedon;1
946;81/2016;2016_81_2;tietenkin;1
946;81/2016;2016_81_2;tietoa;1
946;81/2016;2016_81_2;tietopalveluineen;1
946;81/2016;2016_81_2;tietopalvelun;1
946;81/2016;2016_81_2;toimeksiantojen;1
946;81/2016;2016_81_2;toimia;1
946;81/2016;2016_81_2;toimialaansa;1
946;81/2016;2016_81_2;toimii;1
946;81/2016;2016_81_2;toiminnalle;1
946;81/2016;2016_81_2;toiminnan;3
946;81/2016;2016_81_2;toimintaan;1
946;81/2016;2016_81_2;toimintavuosi;1
946;81/2016;2016_81_2;toinen;1
946;81/2016;2016_81_2;toisiaan;1
946;81/2016;2016_81_2;toteaakin;1
946;81/2016;2016_81_2;toteuttanut;1
946;81/2016;2016_81_2;toteutumista;1
946;81/2016;2016_81_2;tukee;1
946;81/2016;2016_81_2;tuo;1
946;81/2016;2016_81_2;turvaa;1
946;81/2016;2016_81_2;työllään;1
946;81/2016;2016_81_2;työssäkäyvien;1
946;81/2016;2016_81_2;tällä;1
946;81/2016;2016_81_2;tämän;1
946;81/2016;2016_81_2;tärkeä;2
946;81/2016;2016_81_2;tärkeänä;1
946;81/2016;2016_81_2;uusien;1
946;81/2016;2016_81_2;vaikuttavuuden;1
946;81/2016;2016_81_2;vaikutuksista;1
946;81/2016;2016_81_2;valiokunta;3
946;81/2016;2016_81_2;verkkosivujen;1
946;81/2016;2016_81_2;verrattuna;1
946;81/2016;2016_81_2;viikkotunnilla;1
946;81/2016;2016_81_2;voidaan;1
946;81/2016;2016_81_2;vuonna;1
946;81/2016;2016_81_2;välittävänä;1
946;81/2016;2016_81_2;välttämätön;1
946;81/2016;2016_81_2;yhteenvetona;1
946;81/2016;2016_81_2;yhteiskuntatietoa;1
946;81/2016;2016_81_2;yhteistyötä;1
946;81/2016;2016_81_2;yhteyteen;1
