speaker_id;session;speech_id;word;word_n
1420;16/2019;2019_16_209;arvoisa;3
1420;16/2019;2019_16_209;puhemies;3
1420;16/2019;2019_16_209;tämä;8
1420;16/2019;2019_16_209;puhe;1
1420;16/2019;2019_16_209;ottaa;3
1420;16/2019;2019_16_209;kanta;1
1420;16/2019;2019_16_209;muutama;2
1420;16/2019;2019_16_209;hallitusohjelma;2
1420;16/2019;2019_16_209;ristiriitaisuus;1
1420;16/2019;2019_16_209;ensin;1
1420;16/2019;2019_16_209;kuitenkin;1
1420;16/2019;2019_16_209;vastaan;3
1420;16/2019;2019_16_209;edustaja;3
1420;16/2019;2019_16_209;kärnä;2
1420;16/2019;2019_16_209;eilen;2
1420;16/2019;2019_16_209;esittää;1
1420;16/2019;2019_16_209;kysymys;2
1420;16/2019;2019_16_209;hän;5
1420;16/2019;2019_16_209;kysyä;1
1420;16/2019;2019_16_209;miksi;1
1420;16/2019;2019_16_209;minä;3
1420;16/2019;2019_16_209;perussuomalainen;2
1420;16/2019;2019_16_209;ei;11
1420;16/2019;2019_16_209;haluta;3
1420;16/2019;2019_16_209;lähettää;1
1420;16/2019;2019_16_209;lisää;3
1420;16/2019;2019_16_209;sata;3
1420;16/2019;2019_16_209;miljoona;3
1420;16/2019;2019_16_209;euro;3
1420;16/2019;2019_16_209;suomalainen;4
1420;16/2019;2019_16_209;veronmaksaja;1
1420;16/2019;2019_16_209;raha;2
1420;16/2019;2019_16_209;afrikka;2
1420;16/2019;2019_16_209;se;18
1420;16/2019;2019_16_209;johtua;1
1420;16/2019;2019_16_209;että;8
1420;16/2019;2019_16_209;käyttää;2
1420;16/2019;2019_16_209;vanhus;1
1420;16/2019;2019_16_209;ja;20
1420;16/2019;2019_16_209;sairas;1
1420;16/2019;2019_16_209;hyvinvointi;1
1420;16/2019;2019_16_209;parantaminen;2
1420;16/2019;2019_16_209;nyt;5
1420;16/2019;2019_16_209;kehitysapu;2
1420;16/2019;2019_16_209;pitää;8
1420;16/2019;2019_16_209;lisätä;2
1420;16/2019;2019_16_209;koska;2
1420;16/2019;2019_16_209;sellainen;2
1420;16/2019;2019_16_209;jakovara;1
1420;16/2019;2019_16_209;yksinkertaisesti;1
1420;16/2019;2019_16_209;olla;16
1420;16/2019;2019_16_209;valtio;3
1420;16/2019;2019_16_209;joka;4
1420;16/2019;2019_16_209;suomi;5
1420;16/2019;2019_16_209;karkottaa;1
1420;16/2019;2019_16_209;kansalainen;3
1420;16/2019;2019_16_209;antaa;1
1420;16/2019;2019_16_209;ollenkaan;1
1420;16/2019;2019_16_209;jo;5
1420;16/2019;2019_16_209;pitkään;1
1420;16/2019;2019_16_209;velkaantua;1
1420;16/2019;2019_16_209;kuten;1
1420;16/2019;2019_16_209;lepomäki;1
1420;16/2019;2019_16_209;sanoa;3
1420;16/2019;2019_16_209;näyttää;1
1420;16/2019;2019_16_209;vahvasti;1
1420;16/2019;2019_16_209;velkaantuminen;1
1420;16/2019;2019_16_209;vain;2
1420;16/2019;2019_16_209;jatkua;1
1420;16/2019;2019_16_209;kiihtyä;1
1420;16/2019;2019_16_209;mieli;2
1420;16/2019;2019_16_209;rintee;1
1420;16/2019;2019_16_209;hallitus;6
1420;16/2019;2019_16_209;aikoa;2
1420;16/2019;2019_16_209;tuhlata;1
1420;16/2019;2019_16_209;suunnata;1
1420;16/2019;2019_16_209;esimerkiksi;1
1420;16/2019;2019_16_209;pieneläkeläinen;3
1420;16/2019;2019_16_209;elintaso;1
1420;16/2019;2019_16_209;elämänlaatu;1
1420;16/2019;2019_16_209;hetki;1
1420;16/2019;2019_16_209;puhua;1
1420;16/2019;2019_16_209;vappuviisikymppinen;2
1420;16/2019;2019_16_209;eli;1
1420;16/2019;2019_16_209;luvattu;1
1420;16/2019;2019_16_209;vappusatanen;1
1420;16/2019;2019_16_209;sulaa;1
1420;16/2019;2019_16_209;jonnekin;1
1420;16/2019;2019_16_209;puoli;4
1420;16/2019;2019_16_209;mutta;2
1420;16/2019;2019_16_209;niin;4
1420;16/2019;2019_16_209;mennä;1
1420;16/2019;2019_16_209;politiikka;1
1420;16/2019;2019_16_209;liian;2
1420;16/2019;2019_16_209;usein;1
1420;16/2019;2019_16_209;paljon;1
1420;16/2019;2019_16_209;lupaus;1
1420;16/2019;2019_16_209;vähemmän;1
1420;16/2019;2019_16_209;teko;1
1420;16/2019;2019_16_209;sivuhuomautus;1
1420;16/2019;2019_16_209;voida;2
1420;16/2019;2019_16_209;mainita;2
1420;16/2019;2019_16_209;vaali;1
1420;16/2019;2019_16_209;alla;1
1420;16/2019;2019_16_209;luvata;1
1420;16/2019;2019_16_209;poliisi;2
1420;16/2019;2019_16_209;tulla;4
1420;16/2019;2019_16_209;mikä;1
1420;16/2019;2019_16_209;aivan;1
1420;16/2019;2019_16_209;pieni;2
1420;16/2019;2019_16_209;määrä;1
1420;16/2019;2019_16_209;jotta;1
1420;16/2019;2019_16_209;turvallisuus;1
1420;16/2019;2019_16_209;omaisuudensuoja;1
1420;16/2019;2019_16_209;riittävä;1
1420;16/2019;2019_16_209;taso;1
1420;16/2019;2019_16_209;nostaa;2
1420;16/2019;2019_16_209;auto;1
1420;16/2019;2019_16_209;polttoaine;1
1420;16/2019;2019_16_209;tupakka;1
1420;16/2019;2019_16_209;alkoholi;1
1420;16/2019;2019_16_209;lämmityspolttoöljy;1
1420;16/2019;2019_16_209;vero;4
1420;16/2019;2019_16_209;lisäksi;2
1420;16/2019;2019_16_209;leikata;1
1420;16/2019;2019_16_209;kotitalousvähennys;2
1420;16/2019;2019_16_209;faktatieto;1
1420;16/2019;2019_16_209;väli;1
1420;16/2019;2019_16_209;kertoa;1
1420;16/2019;2019_16_209;noin;2
1420;16/2019;2019_16_209;öljylämmitteinen;1
1420;16/2019;2019_16_209;pientalo;1
1420;16/2019;2019_16_209;asua;1
1420;16/2019;2019_16_209;eläke;1
1420;16/2019;2019_16_209;ikääntyä;1
1420;16/2019;2019_16_209;ihminen;4
1420;16/2019;2019_16_209;siis;1
1420;16/2019;2019_16_209;kuulua;1
1420;16/2019;2019_16_209;sulattaa;1
1420;16/2019;2019_16_209;veronkorotus;1
1420;16/2019;2019_16_209;leikkaus;2
1420;16/2019;2019_16_209;vai;1
1420;16/2019;2019_16_209;jäädä;1
1420;16/2019;2019_16_209;tappio;1
1420;16/2019;2019_16_209;kotikunta;1
1420;16/2019;2019_16_209;tampere;2
1420;16/2019;2019_16_209;kulua;1
1420;16/2019;2019_16_209;vuosi;1
1420;16/2019;2019_16_209;aika;2
1420;16/2019;2019_16_209;korottaa;4
1420;16/2019;2019_16_209;tai;2
1420;16/2019;2019_16_209;ter;1
1420;16/2019;2019_16_209;veyskeskus;1
1420;16/2019;2019_16_209;hammashoitomaksu;1
1420;16/2019;2019_16_209;bussilippu;1
1420;16/2019;2019_16_209;pysäköinti;1
1420;16/2019;2019_16_209;hinta;1
1420;16/2019;2019_16_209;sekä;2
1420;16/2019;2019_16_209;kiinteistövero;1
1420;16/2019;2019_16_209;myös;3
1420;16/2019;2019_16_209;hulevesimaksu;1
1420;16/2019;2019_16_209;uusi;2
1420;16/2019;2019_16_209;edellä;1
1420;16/2019;2019_16_209;maksu;2
1420;16/2019;2019_16_209;korotus;2
1420;16/2019;2019_16_209;muu;2
1420;16/2019;2019_16_209;kunta;1
1420;16/2019;2019_16_209;osua;1
1420;16/2019;2019_16_209;kriittinen;1
1420;16/2019;2019_16_209;tärkeä;1
1420;16/2019;2019_16_209;tarkastella;1
1420;16/2019;2019_16_209;miten;1
1420;16/2019;2019_16_209;erilainen;1
1420;16/2019;2019_16_209;kohdella;1
1420;16/2019;2019_16_209;pienituloinen;1
1420;16/2019;2019_16_209;elää;1
1420;16/2019;2019_16_209;köyhyysraja;1
1420;16/2019;2019_16_209;alapuolella;1
1420;16/2019;2019_16_209;aina;1
1420;16/2019;2019_16_209;saada;3
1420;16/2019;2019_16_209;tehdä;1
1420;16/2019;2019_16_209;entinen;1
1420;16/2019;2019_16_209;köyhä;1
1420;16/2019;2019_16_209;mikään;1
1420;16/2019;2019_16_209;syy;1
1420;16/2019;2019_16_209;edes;1
1420;16/2019;2019_16_209;ilmastohysteria;1
1420;16/2019;2019_16_209;veruke;1
1420;16/2019;2019_16_209;vaan;1
1420;16/2019;2019_16_209;taloudellinen;1
1420;16/2019;2019_16_209;asema;1
1420;16/2019;2019_16_209;parantaa;1
1420;16/2019;2019_16_209;kun;4
1420;16/2019;2019_16_209;sana;1
1420;16/2019;2019_16_209;eriarvoistuminen;1
1420;16/2019;2019_16_209;tarkoittaa;2
1420;16/2019;2019_16_209;jokainen;1
1420;16/2019;2019_16_209;talousteoria;1
1420;16/2019;2019_16_209;exceltaulukka;1
1420;16/2019;2019_16_209;aistihavainto;1
1420;16/2019;2019_16_209;mukaan;1
1420;16/2019;2019_16_209;päätöksenteko;1
1420;16/2019;2019_16_209;kuunnella;1
1420;16/2019;2019_16_209;herkkä;1
1420;16/2019;2019_16_209;korva;1
1420;16/2019;2019_16_209;pystyä;3
1420;16/2019;2019_16_209;itse;1
1420;16/2019;2019_16_209;puolustaa;1
1420;16/2019;2019_16_209;poliitikko;1
1420;16/2019;2019_16_209;suuri;1
1420;16/2019;2019_16_209;linjaus;1
1420;16/2019;2019_16_209;lopuksi;1
1420;16/2019;2019_16_209;muistuttaa;1
1420;16/2019;2019_16_209;verokuorma;1
1420;16/2019;2019_16_209;automaattisesti;1
1420;16/2019;2019_16_209;enempää;1
1420;16/2019;2019_16_209;verokertymä;2
1420;16/2019;2019_16_209;kassa;1
1420;16/2019;2019_16_209;muun;2
1420;16/2019;2019_16_209;muassa;2
1420;16/2019;2019_16_209;viro;2
1420;16/2019;2019_16_209;kokea;1
1420;16/2019;2019_16_209;edellinen;1
1420;16/2019;2019_16_209;alkoholijuoma;2
1420;16/2019;2019_16_209;verotus;6
1420;16/2019;2019_16_209;kertymä;1
1420;16/2019;2019_16_209;romahtaa;1
1420;16/2019;2019_16_209;alentaa;2
1420;16/2019;2019_16_209;prosentti;1
1420;16/2019;2019_16_209;pyrkimys;1
1420;16/2019;2019_16_209;lisääntyä;1
1420;16/2019;2019_16_209;ostosmatkailu;1
1420;16/2019;2019_16_209;liittyä;1
1420;16/2019;2019_16_209;liiketoiminta;1
1420;16/2019;2019_16_209;kautta;1
1420;16/2019;2019_16_209;näin;1
1420;16/2019;2019_16_209;vihdoin;1
1420;16/2019;2019_16_209;oppia;1
1420;16/2019;2019_16_209;ajatella;1
1420;16/2019;2019_16_209;syymseuraus-suhteita;1
1420;16/2019;2019_16_209;kunnioittavasti;1
1420;16/2019;2019_16_209;sinä;2
1420;16/2019;2019_16_209;pääministeri;1
1420;16/2019;2019_16_209;rinne;1
1420;16/2019;2019_16_209;pois;1
1420;16/2019;2019_16_209;historia;1
1420;16/2019;2019_16_209;väärä;1
1420;16/2019;2019_16_209;asia;2
1420;16/2019;2019_16_209;yksi;1
1420;16/2019;2019_16_209;kaksi;1
1420;16/2019;2019_16_209;maa;2
1420;16/2019;2019_16_209;välillä;1
1420;16/2019;2019_16_209;raja;2
1420;16/2019;2019_16_209;toinen;2
1420;16/2019;2019_16_209;merkittävästi;1
1420;16/2019;2019_16_209;maltillinen;1
1420;16/2019;2019_16_209;kuin;1
1420;16/2019;2019_16_209;ilman;1
1420;16/2019;2019_16_209;korkeakoulututkinto;1
1420;16/2019;2019_16_209;päätellä;1
1420;16/2019;2019_16_209;kumpi;1
1420;16/2019;2019_16_209;yritystoiminta;1
1420;16/2019;2019_16_209;kaupankäynti;1
1420;16/2019;2019_16_209;tuottava;1
1420;16/2019;2019_16_209;työpaikka;1
1420;16/2019;2019_16_209;syntyä;1
1420;16/2019;2019_16_209;helposti;1
1420;16/2019;2019_16_209;keskusta;1
1420;16/2019;2019_16_209;kehuskella;1
1420;16/2019;2019_16_209;yritysverotus;1
1420;16/2019;2019_16_209;jos;1
1420;16/2019;2019_16_209;yritys;1
1420;16/2019;2019_16_209;yrittäjä;1
1420;16/2019;2019_16_209;sula;1
1420;16/2019;2019_16_209;hattu;1
1420;16/2019;2019_16_209;sulka;1
1420;16/2019;2019_16_266;arvoisa;1
1420;16/2019;2019_16_266;rouva;1
1420;16/2019;2019_16_266;puhemies;1
1420;16/2019;2019_16_266;itse;1
1420;16/2019;2019_16_266;vähän;1
1420;16/2019;2019_16_266;särähtää;1
1420;16/2019;2019_16_266;korva;1
1420;16/2019;2019_16_266;kun;4
1420;16/2019;2019_16_266;edustaja;2
1420;16/2019;2019_16_266;gustafsson;2
1420;16/2019;2019_16_266;todeta;2
1420;16/2019;2019_16_266;että;6
1420;16/2019;2019_16_266;minä;3
1420;16/2019;2019_16_266;ei;8
1420;16/2019;2019_16_266;puhua;3
1420;16/2019;2019_16_266;muu;5
1420;16/2019;2019_16_266;kuin;4
1420;16/2019;2019_16_266;maahanmuutto;1
1420;16/2019;2019_16_266;ja;6
1420;16/2019;2019_16_266;jalkapanta;1
1420;16/2019;2019_16_266;kyllä;1
1420;16/2019;2019_16_266;tämä;10
1420;16/2019;2019_16_266;olla;19
1420;16/2019;2019_16_266;päivä;1
1420;16/2019;2019_16_266;aika;1
1420;16/2019;2019_16_266;lähes;1
1420;16/2019;2019_16_266;kaikki;2
1420;16/2019;2019_16_266;mikä;3
1420;16/2019;2019_16_266;tuo;1
1420;16/2019;2019_16_266;hallitusohjelma;2
1420;16/2019;2019_16_266;johannes;1
1420;16/2019;2019_16_266;koskinen;1
1420;16/2019;2019_16_266;jalkapallo;1
1420;16/2019;2019_16_266;hyvä;1
1420;16/2019;2019_16_266;se;5
1420;16/2019;2019_16_266;niin;6
1420;16/2019;2019_16_266;mutta;2
1420;16/2019;2019_16_266;jatkaa;2
1420;16/2019;2019_16_266;sitten;2
1420;16/2019;2019_16_266;vielä;3
1420;16/2019;2019_16_266;kiljunen;1
1420;16/2019;2019_16_266;sanoa;5
1420;16/2019;2019_16_266;suomi;3
1420;16/2019;2019_16_266;tilanne;1
1420;16/2019;2019_16_266;paha;1
1420;16/2019;2019_16_266;massamaahanmuuttoasia;1
1420;16/2019;2019_16_266;jokin;2
1420;16/2019;2019_16_266;maa;3
1420;16/2019;2019_16_266;pitää;3
1420;16/2019;2019_16_266;sellainen;1
1420;16/2019;2019_16_266;järjestää;1
1420;16/2019;2019_16_266;esimerkiksi;1
1420;16/2019;2019_16_266;ruotsi;1
1420;16/2019;2019_16_266;joka;2
1420;16/2019;2019_16_266;lähiö;1
1420;16/2019;2019_16_266;jo;2
1420;16/2019;2019_16_266;ongelmalähiö;1
1420;16/2019;2019_16_266;uskoa;1
1420;16/2019;2019_16_266;järkevä;1
1420;16/2019;2019_16_266;suunta;1
1420;16/2019;2019_16_266;eli;2
1420;16/2019;2019_16_266;proaktiivinen;1
1420;16/2019;2019_16_266;reaktiivinen;1
1420;16/2019;2019_16_266;pyrkiä;1
1420;16/2019;2019_16_266;ennakoida;1
1420;16/2019;2019_16_266;poliitikko;1
1420;16/2019;2019_16_266;puheenvuoro;1
1420;16/2019;2019_16_266;koskien;1
1420;16/2019;2019_16_266;rintee;1
1420;16/2019;2019_16_266;hallitus;2
1420;16/2019;2019_16_266;ohjelma;2
1420;16/2019;2019_16_266;yrittää;1
1420;16/2019;2019_16_266;tehdä;2
1420;16/2019;2019_16_266;suomalainen;5
1420;16/2019;2019_16_266;autoilija;3
1420;16/2019;2019_16_266;syyllinen;1
1420;16/2019;2019_16_266;ilmastomuutos;1
1420;16/2019;2019_16_266;vaikka;1
1420;16/2019;2019_16_266;autoilu;5
1420;16/2019;2019_16_266;tulla;1
1420;16/2019;2019_16_266;koskaan;2
1420;16/2019;2019_16_266;osa;2
1420;16/2019;2019_16_266;arpa;1
1420;16/2019;2019_16_266;päästö;1
1420;16/2019;2019_16_266;pieni;1
1420;16/2019;2019_16_266;maailma;2
1420;16/2019;2019_16_266;mittakaava;1
1420;16/2019;2019_16_266;varsinkin;1
1420;16/2019;2019_16_266;huomioida;1
1420;16/2019;2019_16_266;nyt;1
1420;16/2019;2019_16_266;suuri;3
1420;16/2019;2019_16_266;hiilinielu;1
1420;16/2019;2019_16_266;ministeri;1
1420;16/2019;2019_16_266;haavisto;1
1420;16/2019;2019_16_266;ehkä;1
1420;16/2019;2019_16_266;muistaa;2
1420;16/2019;2019_16_266;ulkoa;1
1420;16/2019;2019_16_266;suhteellinen;1
1420;16/2019;2019_16_266;nielu;1
1420;16/2019;2019_16_266;tai;2
1420;16/2019;2019_16_266;aina;1
1420;16/2019;2019_16_266;pää;1
1420;16/2019;2019_16_266;lukea;1
1420;16/2019;2019_16_266;tällainen;1
1420;16/2019;2019_16_266;paljon;1
1420;16/2019;2019_16_266;metsä;1
1420;16/2019;2019_16_266;luonto;2
1420;16/2019;2019_16_266;niellä;1
1420;16/2019;2019_16_266;voida;3
1420;16/2019;2019_16_266;tarkentaa;1
1420;16/2019;2019_16_266;sieltä;1
1420;16/2019;2019_16_266;näin;1
1420;16/2019;2019_16_266;vero;2
1420;16/2019;2019_16_266;korotus;1
1420;16/2019;2019_16_266;todella;2
1420;16/2019;2019_16_266;kummallinen;1
1420;16/2019;2019_16_266;suorastaan;2
1420;16/2019;2019_16_266;epälooginen;2
1420;16/2019;2019_16_266;iso;1
1420;16/2019;2019_16_266;kuva;1
1420;16/2019;2019_16_266;koska;1
1420;16/2019;2019_16_266;kerätä;2
1420;16/2019;2019_16_266;aikoa;1
1420;16/2019;2019_16_266;lisätä;1
1420;16/2019;2019_16_266;kehitysapu;1
1420;16/2019;2019_16_266;afrikka;5
1420;16/2019;2019_16_266;ajatella;1
1420;16/2019;2019_16_266;tapahtua;1
1420;16/2019;2019_16_266;jos;3
1420;16/2019;2019_16_266;onnistua;1
1420;16/2019;2019_16_266;raha;2
1420;16/2019;2019_16_266;kohottaa;1
1420;16/2019;2019_16_266;elintaso;3
1420;16/2019;2019_16_266;perusafrikkalainen;2
1420;16/2019;2019_16_266;nuori;2
1420;16/2019;2019_16_266;mies;2
1420;16/2019;2019_16_266;hän;3
1420;16/2019;2019_16_266;saada;1
1420;16/2019;2019_16_266;kasa;1
1420;16/2019;2019_16_266;muutama;2
1420;16/2019;2019_16_266;tonni;3
1420;16/2019;2019_16_266;ostaa;3
1420;16/2019;2019_16_266;auto;3
1420;16/2019;2019_16_266;tesla;1
1420;16/2019;2019_16_266;kallis;1
1420;16/2019;2019_16_266;sähköauto;1
1420;16/2019;2019_16_266;vaan;1
1420;16/2019;2019_16_266;kolme;1
1420;16/2019;2019_16_266;coro;1
1420;16/2019;2019_16_266;eräs;1
1420;16/2019;2019_16_266;tuttu;1
1420;16/2019;2019_16_266;myydä;1
1420;16/2019;2019_16_266;eurooppa;1
1420;16/2019;2019_16_266;rahdata;1
1420;16/2019;2019_16_266;ghana;1
1420;16/2019;2019_16_266;lisääntyä;2
1420;16/2019;2019_16_266;siellä;1
1420;16/2019;2019_16_266;nopeasti;1
1420;16/2019;2019_16_266;muistaaksen;1
1420;16/2019;2019_16_266;joskus;1
1420;16/2019;2019_16_266;myös;2
1420;16/2019;2019_16_266;ainoa;1
1420;16/2019;2019_16_266;oikea;1
1420;16/2019;2019_16_266;vihreä;1
1420;16/2019;2019_16_266;ympäristöfilosofi;1
1420;16/2019;2019_16_266;pentti;1
1420;16/2019;2019_16_266;linkola;2
1420;16/2019;2019_16_266;mitä;1
1420;16/2019;2019_16_266;laaja;1
1420;16/2019;2019_16_266;alue;1
1420;16/2019;2019_16_266;ihminen;1
1420;16/2019;2019_16_266;nousta;2
1420;16/2019;2019_16_266;sitä;3
1420;16/2019;2019_16_266;enemmän;2
1420;16/2019;2019_16_266;luonnonvara;1
1420;16/2019;2019_16_266;kuluttaa;1
1420;16/2019;2019_16_266;saastuttaa;1
1420;16/2019;2019_16_266;jokainen;1
1420;16/2019;2019_16_266;hiukan;1
1420;16/2019;2019_16_266;matkustella;1
1420;16/2019;2019_16_266;köyhä;1
1420;16/2019;2019_16_266;määrä;1
1420;16/2019;2019_16_266;mukaa;1
1420;16/2019;2019_16_266;siksi;1
1420;16/2019;2019_16_266;erittäin;1
1420;16/2019;2019_16_266;harhaanjohtava;1
1420;16/2019;2019_16_266;verotus;1
1420;16/2019;2019_16_266;pelkistää;1
1420;16/2019;2019_16_266;antaa;1
1420;16/2019;2019_16_266;keppi;1
1420;16/2019;2019_16_266;porkkana;1
1420;16/2019;2019_16_266;edistää;1
1420;16/2019;2019_16_279;arvoisa;1
1420;16/2019;2019_16_279;puhemies;1
1420;16/2019;2019_16_279;tuo;1
1420;16/2019;2019_16_279;edustaja;2
1420;16/2019;2019_16_279;kiljunen;2
1420;16/2019;2019_16_279;sanoa;1
1420;16/2019;2019_16_279;että;8
1420;16/2019;2019_16_279;suomalainen;3
1420;16/2019;2019_16_279;olla;25
1420;16/2019;2019_16_279;jonkinlainen;1
1420;16/2019;2019_16_279;velvollisuus;1
1420;16/2019;2019_16_279;pitää;7
1420;16/2019;2019_16_279;raja;5
1420;16/2019;2019_16_279;auki;3
1420;16/2019;2019_16_279;kuka;1
1420;16/2019;2019_16_279;vaan;2
1420;16/2019;2019_16_279;joka;2
1420;16/2019;2019_16_279;sieltä;2
1420;16/2019;2019_16_279;sisään;1
1420;16/2019;2019_16_279;marssia;1
1420;16/2019;2019_16_279;koska;2
1420;16/2019;2019_16_279;joskus;1
1420;16/2019;2019_16_279;muuttaa;1
1420;16/2019;2019_16_279;ulkomaa;1
1420;16/2019;2019_16_279;kyllä;2
1420;16/2019;2019_16_279;tämä;11
1420;16/2019;2019_16_279;vahvasti;1
1420;16/2019;2019_16_279;eri;2
1420;16/2019;2019_16_279;mieli;3
1420;16/2019;2019_16_279;poliitikko;1
1420;16/2019;2019_16_279;kokea;1
1420;16/2019;2019_16_279;ensisijainen;2
1420;16/2019;2019_16_279;vastuu;1
1420;16/2019;2019_16_279;minä;4
1420;16/2019;2019_16_279;suojella;1
1420;16/2019;2019_16_279;nainen;1
1420;16/2019;2019_16_279;ja;10
1420;16/2019;2019_16_279;lapsi;1
1420;16/2019;2019_16_279;vasta;1
1420;16/2019;2019_16_279;toissijainen;2
1420;16/2019;2019_16_279;tehtävä;1
1420;16/2019;2019_16_279;sitten;4
1420;16/2019;2019_16_279;miettiä;1
1420;16/2019;2019_16_279;joku;1
1420;16/2019;2019_16_279;oikea;1
1420;16/2019;2019_16_279;pakolainen;2
1420;16/2019;2019_16_279;vai;2
1420;16/2019;2019_16_279;ei;5
1420;16/2019;2019_16_279;se;8
1420;16/2019;2019_16_279;tieten;2
1420;16/2019;2019_16_279;arvovalintakysymys;1
1420;16/2019;2019_16_279;asia;1
1420;16/2019;2019_16_279;vastakkain;1
1420;16/2019;2019_16_279;jos;3
1420;16/2019;2019_16_279;tulla;3
1420;16/2019;2019_16_279;niin;4
1420;16/2019;2019_16_279;kuin;1
1420;16/2019;2019_16_279;nyt;6
1420;16/2019;2019_16_279;viime;1
1420;16/2019;2019_16_279;aika;2
1420;16/2019;2019_16_279;lukea;1
1420;16/2019;2019_16_279;taas;2
1420;16/2019;2019_16_279;lehti;1
1420;16/2019;2019_16_279;ihminen;3
1420;16/2019;2019_16_279;tehdä;1
1420;16/2019;2019_16_279;paha;1
1420;16/2019;2019_16_279;teko;1
1420;16/2019;2019_16_279;mikään;1
1420;16/2019;2019_16_279;pystyä;2
1420;16/2019;2019_16_279;taipua;1
1420;16/2019;2019_16_279;ajatus;1
1420;16/2019;2019_16_279;vain;1
1420;16/2019;2019_16_279;niellä;1
1420;16/2019;2019_16_279;tämmöinen;1
1420;16/2019;2019_16_279;muka;1
1420;16/2019;2019_16_279;pieni;1
1420;16/2019;2019_16_279;lieveilmiö;1
1420;16/2019;2019_16_279;väkivalta;1
1420;16/2019;2019_16_279;mikä;3
1420;16/2019;2019_16_279;seurata;1
1420;16/2019;2019_16_279;avoin;2
1420;16/2019;2019_16_279;politiikka;2
1420;16/2019;2019_16_279;loppukäsi;1
1420;16/2019;2019_16_279;äänestäjä;1
1420;16/2019;2019_16_279;päättää;1
1420;16/2019;2019_16_279;kun;4
1420;16/2019;2019_16_279;vaali;1
1420;16/2019;2019_16_279;kumpi;1
1420;16/2019;2019_16_279;painottaa;1
1420;16/2019;2019_16_279;mutta;2
1420;16/2019;2019_16_279;aina;1
1420;16/2019;2019_16_279;perussuomalainen;1
1420;16/2019;2019_16_279;kantaväestö;1
1420;16/2019;2019_16_279;turvallisuus;1
1420;16/2019;2019_16_279;totta;1
1420;16/2019;2019_16_279;kai;1
1420;16/2019;2019_16_279;auttaa;1
1420;16/2019;2019_16_279;hän;1
1420;16/2019;2019_16_279;hätä;1
1420;16/2019;2019_16_279;tuolla;1
1420;16/2019;2019_16_279;miljoona;3
1420;16/2019;2019_16_279;päätellä;1
1420;16/2019;2019_16_279;helposti;1
1420;16/2019;2019_16_279;tänne;1
1420;16/2019;2019_16_279;eurooppa;1
1420;16/2019;2019_16_279;voida;1
1420;16/2019;2019_16_279;ottaa;1
1420;16/2019;2019_16_279;kymmenen;1
1420;16/2019;2019_16_279;sellainen;1
1420;16/2019;2019_16_279;fakta;1
1420;16/2019;2019_16_279;puhua;1
1420;16/2019;2019_16_279;silloin;1
1420;16/2019;2019_16_279;luku;2
1420;16/2019;2019_16_279;väestöliike;1
1420;16/2019;2019_16_279;syntyä;1
1420;16/2019;2019_16_279;planeetta;1
1420;16/2019;2019_16_279;kaksi;1
1420;16/2019;2019_16_279;puoli;2
1420;16/2019;2019_16_279;miljardi;2
1420;16/2019;2019_16_279;seitsemän;1
1420;16/2019;2019_16_279;väestö;2
1420;16/2019;2019_16_279;kasvaa;3
1420;16/2019;2019_16_279;yli;1
1420;16/2019;2019_16_279;vuosi;1
1420;16/2019;2019_16_279;juuri;1
1420;16/2019;2019_16_279;siellä;1
1420;16/2019;2019_16_279;enää;1
1420;16/2019;2019_16_279;ongelma;1
1420;16/2019;2019_16_279;miten;1
1420;16/2019;2019_16_279;poistua;1
1420;16/2019;2019_16_279;paheta;1
1420;16/2019;2019_16_279;ajatella;1
1420;16/2019;2019_16_279;ennakoivasti;1
1420;16/2019;2019_16_279;eli;1
1420;16/2019;2019_16_279;proaktiivisesti;1
1420;16/2019;2019_16_279;ratkaisu;1
1420;16/2019;2019_16_279;harjoittaa;1
1420;16/2019;2019_16_279;toimia;1
1420;16/2019;2019_16_279;päättäväisesti;1
1420;16/2019;2019_16_279;jo;1
1420;16/2019;2019_16_279;nähdä;1
1420;16/2019;2019_16_279;itse;1
1420;16/2019;2019_16_279;näin;1
1420;16/2019;2019_16_279;varmaan;1
1420;16/2019;2019_16_279;sosiaalidemokraatti;1
1420;16/2019;2019_16_279;kanssa;1
1420;16/2019;2019_16_279;täytyä;1
1420;16/2019;2019_16_279;seuraus;1
1420;16/2019;2019_16_279;välittää;1
1420;16/2019;2019_16_294;arvoisa;1
1420;16/2019;2019_16_294;herra;1
1420;16/2019;2019_16_294;puhemies;1
1420;16/2019;2019_16_294;kiittää;1
1420;16/2019;2019_16_294;ministeri;2
1420;16/2019;2019_16_294;haavisto;1
1420;16/2019;2019_16_294;tämä;8
1420;16/2019;2019_16_294;vastaus;2
1420;16/2019;2019_16_294;ja;14
1420;16/2019;2019_16_294;kun;4
1420;16/2019;2019_16_294;tietää;1
1420;16/2019;2019_16_294;että;9
1420;16/2019;2019_16_294;olla;21
1420;16/2019;2019_16_294;afrikka-asiantuntija;1
1420;16/2019;2019_16_294;tulla;1
1420;16/2019;2019_16_294;mieli;1
1420;16/2019;2019_16_294;muutama;1
1420;16/2019;2019_16_294;muu;3
1420;16/2019;2019_16_294;kysymys;3
1420;16/2019;2019_16_294;nyt;2
1420;16/2019;2019_16_294;sopiva;1
1420;16/2019;2019_16_294;rauhallinen;1
1420;16/2019;2019_16_294;kysyä;2
1420;16/2019;2019_16_294;niin;6
1420;16/2019;2019_16_294;välihuuto;1
1420;16/2019;2019_16_294;no;1
1420;16/2019;2019_16_294;ehkä;2
1420;16/2019;2019_16_294;se;12
1420;16/2019;2019_16_294;aika;1
1420;16/2019;2019_16_294;lyhyt;1
1420;16/2019;2019_16_294;sitten;8
1420;16/2019;2019_16_294;suomi;4
1420;16/2019;2019_16_294;antaa;4
1420;16/2019;2019_16_294;kehitysapu;5
1420;16/2019;2019_16_294;myös;2
1420;16/2019;2019_16_294;kiina;2
1420;16/2019;2019_16_294;afrikka;3
1420;16/2019;2019_16_294;mutta;2
1420;16/2019;2019_16_294;kuulla;1
1420;16/2019;2019_16_294;yksi;2
1420;16/2019;2019_16_294;pieni;2
1420;16/2019;2019_16_294;afrikkalainen;1
1420;16/2019;2019_16_294;valtio;3
1420;16/2019;2019_16_294;rakentaa;1
1420;16/2019;2019_16_294;siellä;4
1420;16/2019;2019_16_294;jokin;3
1420;16/2019;2019_16_294;hän;4
1420;16/2019;2019_16_294;pyytää;1
1420;16/2019;2019_16_294;vastapalvelus;1
1420;16/2019;2019_16_294;esimerkiksi;2
1420;16/2019;2019_16_294;verovapaus;1
1420;16/2019;2019_16_294;kiinalainen;1
1420;16/2019;2019_16_294;yritys;2
1420;16/2019;2019_16_294;tehdä;2
1420;16/2019;2019_16_294;sama;1
1420;16/2019;2019_16_294;ei;5
1420;16/2019;2019_16_294;täysin;1
1420;16/2019;2019_16_294;vastikkeeton;1
1420;16/2019;2019_16_294;vain;2
1420;16/2019;2019_16_294;suomalainen;3
1420;16/2019;2019_16_294;hyvä;1
1420;16/2019;2019_16_294;tilanne;1
1420;16/2019;2019_16_294;kilpailla;2
1420;16/2019;2019_16_294;vaikka;2
1420;16/2019;2019_16_294;teknologia;1
1420;16/2019;2019_16_294;miksi;2
1420;16/2019;2019_16_294;pirstaloida;1
1420;16/2019;2019_16_294;joku;2
1420;16/2019;2019_16_294;järjellinen;1
1420;16/2019;2019_16_294;syy;1
1420;16/2019;2019_16_294;sata;1
1420;16/2019;2019_16_294;järjestö;1
1420;16/2019;2019_16_294;yli;1
1420;16/2019;2019_16_294;tuhat;1
1420;16/2019;2019_16_294;projekti;1
1420;16/2019;2019_16_294;ottaa;1
1420;16/2019;2019_16_294;kap;1
1420;16/2019;2019_16_294;verde;1
1420;16/2019;2019_16_294;tai;1
1420;16/2019;2019_16_294;laittaa;2
1420;16/2019;2019_16_294;maa;3
1420;16/2019;2019_16_294;kerta;2
1420;16/2019;2019_16_294;kunto;2
1420;16/2019;2019_16_294;jolloin;1
1420;16/2019;2019_16_294;minä;1
1420;16/2019;2019_16_294;voida;1
1420;16/2019;2019_16_294;kanssa;1
1420;16/2019;2019_16_294;kuka;1
1420;16/2019;2019_16_294;saada;1
1420;16/2019;2019_16_294;ensimmäinen;1
1420;16/2019;2019_16_294;jotenkin;2
1420;16/2019;2019_16_294;tämmöinen;1
1420;16/2019;2019_16_294;loogisuus;1
1420;16/2019;2019_16_294;puuttua;1
1420;16/2019;2019_16_294;sirpaleinen;1
1420;16/2019;2019_16_294;kehitysavu;1
1420;16/2019;2019_16_294;näin;1
1420;16/2019;2019_16_294;asia;3
1420;16/2019;2019_16_294;tarkemmin;1
1420;16/2019;2019_16_294;vielä;1
1420;16/2019;2019_16_294;tuntea;1
1420;16/2019;2019_16_294;ainoastaan;1
1420;16/2019;2019_16_294;vierailla;1
1420;16/2019;2019_16_294;miettiä;1
1420;16/2019;2019_16_294;protektionismi;3
1420;16/2019;2019_16_294;vihjata;1
1420;16/2019;2019_16_294;ilmeisesti;1
1420;16/2019;2019_16_294;usa;2
1420;16/2019;2019_16_294;presidentti;1
1420;16/2019;2019_16_294;aikoa;1
1420;16/2019;2019_16_294;kertoa;1
1420;16/2019;2019_16_294;huono;2
1420;16/2019;2019_16_294;idea;1
1420;16/2019;2019_16_294;talous;1
1420;16/2019;2019_16_294;tällainen;2
1420;16/2019;2019_16_294;iskukunto;1
1420;16/2019;2019_16_294;pitää;5
1420;16/2019;2019_16_294;toimia;1
1420;16/2019;2019_16_294;toisin;1
1420;16/2019;2019_16_294;oma;1
1420;16/2019;2019_16_294;kansakunta;1
1420;16/2019;2019_16_294;vastaan;1
1420;16/2019;2019_16_294;vähän;2
1420;16/2019;2019_16_294;provosoiva;1
1420;16/2019;2019_16_294;ihan;2
1420;16/2019;2019_16_294;relevantti;1
1420;16/2019;2019_16_294;koska;2
1420;16/2019;2019_16_294;ennätysmatala;1
1420;16/2019;2019_16_294;työttömyys;1
1420;16/2019;2019_16_294;pörssikurssi;1
1420;16/2019;2019_16_294;katto;1
1420;16/2019;2019_16_294;eli;1
1420;16/2019;2019_16_294;oikea;1
1420;16/2019;2019_16_294;selvästi;1
1420;16/2019;2019_16_294;eurooppa;1
1420;16/2019;2019_16_294;protektionistinen;1
1420;16/2019;2019_16_294;mikkonen;1
1420;16/2019;2019_16_294;päästö;2
1420;16/2019;2019_16_294;suuri;1
1420;16/2019;2019_16_294;per;1
1420;16/2019;2019_16_294;nuppi;1
1420;16/2019;2019_16_294;epäreilu;1
1420;16/2019;2019_16_294;sanoa;1
1420;16/2019;2019_16_294;kuitenkin;1
1420;16/2019;2019_16_294;väestönkasvu;1
1420;16/2019;2019_16_294;hallinta;1
1420;16/2019;2019_16_294;käyttäytyä;1
1420;16/2019;2019_16_294;vastuullisesti;1
1420;16/2019;2019_16_294;jos;2
1420;16/2019;2019_16_294;ajatella;1
1420;16/2019;2019_16_294;luonto;1
1420;16/2019;2019_16_294;luonnonsuojelu;1
1420;16/2019;2019_16_294;rankaista;2
1420;16/2019;2019_16_294;holtittomasti;1
1420;16/2019;2019_16_294;lisääntyä;1
1420;16/2019;2019_16_294;käyttää;1
1420;16/2019;2019_16_294;sana;1
1420;16/2019;2019_16_294;kuin;2
1420;16/2019;2019_16_294;holtittomuus;1
1420;16/2019;2019_16_294;mieluummin;1
1420;16/2019;2019_16_294;katsoa;1
1420;16/2019;2019_16_294;välinen;1
1420;16/2019;2019_16_294;kehitys;1
1420;16/2019;2019_16_294;edelleen;1
1420;27/2019;2019_27_111;arvoisa;1
1420;27/2019;2019_27_111;puhemies;1
1420;27/2019;2019_27_111;tämä;4
1420;27/2019;2019_27_111;olla;13
1420;27/2019;2019_27_111;todella;1
1420;27/2019;2019_27_111;erittäin;1
1420;27/2019;2019_27_111;hyvä;1
1420;27/2019;2019_27_111;lakialoite;1
1420;27/2019;2019_27_111;ja;2
1420;27/2019;2019_27_111;lisätä;1
1420;27/2019;2019_27_111;osa;1
1420;27/2019;2019_27_111;lapsi;5
1420;27/2019;2019_27_111;turvallisuus;4
1420;27/2019;2019_27_111;kun;1
1420;27/2019;2019_27_111;työnantaja;1
1420;27/2019;2019_27_111;voida;3
1420;27/2019;2019_27_111;varmistaa;1
1420;27/2019;2019_27_111;että;5
1420;27/2019;2019_27_111;työntekijä;1
1420;27/2019;2019_27_111;ei;4
1420;27/2019;2019_27_111;rikostausta;2
1420;27/2019;2019_27_111;joka;1
1420;27/2019;2019_27_111;vaarantaa;3
1420;27/2019;2019_27_111;mutta;1
1420;27/2019;2019_27_111;laki;2
1420;27/2019;2019_27_111;pitää;2
1420;27/2019;2019_27_111;koskea;1
1420;27/2019;2019_27_111;myös;2
1420;27/2019;2019_27_111;esimerkiksi;2
1420;27/2019;2019_27_111;koulu;2
1420;27/2019;2019_27_111;työharjoittelu;3
1420;27/2019;2019_27_111;minä;2
1420;27/2019;2019_27_111;tampere;1
1420;27/2019;2019_27_111;ilmetä;1
1420;27/2019;2019_27_111;tapaus;1
1420;27/2019;2019_27_111;turvapaikanhakija;2
1420;27/2019;2019_27_111;sijoittaa;1
1420;27/2019;2019_27_111;vaikka;1
1420;27/2019;2019_27_111;hän;2
1420;27/2019;2019_27_111;saada;1
1420;27/2019;2019_27_111;selvittää;1
1420;27/2019;2019_27_111;lähtömaa;1
1420;27/2019;2019_27_111;kysyä;1
1420;27/2019;2019_27_111;virkamies;1
1420;27/2019;2019_27_111;miksi;1
1420;27/2019;2019_27_111;näin;1
1420;27/2019;2019_27_111;tietoinen;1
1420;27/2019;2019_27_111;se;2
1420;27/2019;2019_27_111;koska;1
1420;27/2019;2019_27_111;rikosrekisteri;1
1420;27/2019;2019_27_111;tarkastaa;1
1420;27/2019;2019_27_111;niin;1
1420;27/2019;2019_27_111;vastata;1
1420;27/2019;2019_27_111;syrjintä;1
1420;27/2019;2019_27_111;päästää;1
1420;27/2019;2019_27_111;leikittää;1
1420;27/2019;2019_27_111;tai;1
1420;27/2019;2019_27_111;muuten;1
1420;27/2019;2019_27_111;pelailla;1
1420;27/2019;2019_27_111;kouluikäinen;1
1420;27/2019;2019_27_111;kanssa;1
1420;27/2019;2019_27_111;toivoa;1
1420;27/2019;2019_27_111;hartaasti;1
1420;27/2019;2019_27_111;uusi;1
1420;27/2019;2019_27_111;estää;1
1420;27/2019;2019_27_111;tämäntyyppinen;1
1420;27/2019;2019_27_111;toiminta;1
1420;27/2019;2019_27_111;kunta;1
1420;27/2019;2019_27_111;aina;1
1420;27/2019;2019_27_111;mennä;1
1420;27/2019;2019_27_111;kaikki;1
1420;27/2019;2019_27_111;muu;1
1420;27/2019;2019_27_111;edelle;1
1420;27/2019;2019_27_111;mikään;1
1420;27/2019;2019_27_111;poliittinen;1
1420;27/2019;2019_27_111;ideologia;1
1420;29/2019;2019_29_39;arvoisa;2
1420;29/2019;2019_29_39;puhemies;2
1420;29/2019;2019_29_39;tämä;18
1420;29/2019;2019_29_39;erittäin;2
1420;29/2019;2019_29_39;tärkeä;1
1420;29/2019;2019_29_39;kansalaisaloite;2
1420;29/2019;2019_29_39;mukaan;2
1420;29/2019;2019_29_39;suomi;6
1420;29/2019;2019_29_39;olla;19
1420;29/2019;2019_29_39;ainoa;1
1420;29/2019;2019_29_39;pohjoismaa;1
1420;29/2019;2019_29_39;joka;3
1420;29/2019;2019_29_39;tyttö;4
1420;29/2019;2019_29_39;sukuelin;1
1420;29/2019;2019_29_39;silpominen;8
1420;29/2019;2019_29_39;ei;8
1420;29/2019;2019_29_39;kieltää;2
1420;29/2019;2019_29_39;erillislaki;1
1420;29/2019;2019_29_39;suorastaan;1
1420;29/2019;2019_29_39;käsittämätön;1
1420;29/2019;2019_29_39;että;5
1420;29/2019;2019_29_39;asia;5
1420;29/2019;2019_29_39;näin;4
1420;29/2019;2019_29_39;jälkeenjäänyt;1
1420;29/2019;2019_29_39;ilmeisesti;1
1420;29/2019;2019_29_39;aikainen;1
1420;29/2019;2019_29_39;vallanpitäjä;1
1420;29/2019;2019_29_39;riittävästi;1
1420;29/2019;2019_29_39;kiinnostaa;2
1420;29/2019;2019_29_39;nyt;1
1420;29/2019;2019_29_39;oikea;1
1420;29/2019;2019_29_39;aika;2
1420;29/2019;2019_29_39;alkaa;2
1420;29/2019;2019_29_39;pitää;10
1420;29/2019;2019_29_39;säätää;1
1420;29/2019;2019_29_39;nollatoleranssi;3
1420;29/2019;2019_29_39;koska;1
1420;29/2019;2019_29_39;silpomisrikos;3
1420;29/2019;2019_29_39;kyse;2
1420;29/2019;2019_29_39;tahallinen;1
1420;29/2019;2019_29_39;törkeä;3
1420;29/2019;2019_29_39;pahoinpitely;2
1420;29/2019;2019_29_39;ja;16
1420;29/2019;2019_29_39;äärimmäinen;1
1420;29/2019;2019_29_39;ruumiinvamma;1
1420;29/2019;2019_29_39;tuottaminen;1
1420;29/2019;2019_29_39;lapsi;8
1420;29/2019;2019_29_39;tuomio;4
1420;29/2019;2019_29_39;kovin;1
1420;29/2019;2019_29_39;mahdollinen;3
1420;29/2019;2019_29_39;voida;3
1420;29/2019;2019_29_39;tuomita;1
1420;29/2019;2019_29_39;kymmenen;1
1420;29/2019;2019_29_39;vuosi;1
1420;29/2019;2019_29_39;vankeusrangaistus;1
1420;29/2019;2019_29_39;mieli;2
1420;29/2019;2019_29_39;se;2
1420;29/2019;2019_29_39;aina;2
1420;29/2019;2019_29_39;soveltaa;1
1420;29/2019;2019_29_39;nuori;1
1420;29/2019;2019_29_39;silpomistapaus;1
1420;29/2019;2019_29_39;tarkastella;1
1420;29/2019;2019_29_39;myös;5
1420;29/2019;2019_29_39;kanta;1
1420;29/2019;2019_29_39;miten;1
1420;29/2019;2019_29_39;toimia;1
1420;29/2019;2019_29_39;jos;5
1420;29/2019;2019_29_39;silpoa;3
1420;29/2019;2019_29_39;törkeästi;1
1420;29/2019;2019_29_39;pahoinpidellä;1
1420;29/2019;2019_29_39;kantaväestö;1
1420;29/2019;2019_29_39;kuulua;1
1420;29/2019;2019_29_39;tapaus;1
1420;29/2019;2019_29_39;ottaa;3
1420;29/2019;2019_29_39;huosta;2
1420;29/2019;2019_29_39;raakalaismaisesti;1
1420;29/2019;2019_29_39;käyttäytyä;1
1420;29/2019;2019_29_39;suomalainen;2
1420;29/2019;2019_29_39;vanhempi;3
1420;29/2019;2019_29_39;sama;1
1420;29/2019;2019_29_39;rikos;2
1420;29/2019;2019_29_39;tehdä;2
1420;29/2019;2019_29_39;maahanmuuttajataustainen;1
1420;29/2019;2019_29_39;julma;1
1420;29/2019;2019_29_39;teko;2
1420;29/2019;2019_29_39;syyllistyä;1
1420;29/2019;2019_29_39;huoltaja;2
1420;29/2019;2019_29_39;karkottaminen;2
1420;29/2019;2019_29_39;pysyvästi;1
1420;29/2019;2019_29_39;jokin;3
1420;29/2019;2019_29_39;toinen;1
1420;29/2019;2019_29_39;maa;2
1420;29/2019;2019_29_39;kansalainen;1
1420;29/2019;2019_29_39;mahdollisuus;1
1420;29/2019;2019_29_39;lisätä;1
1420;29/2019;2019_29_39;pelote;1
1420;29/2019;2019_29_39;edes;2
1420;29/2019;2019_29_39;harkita;1
1420;29/2019;2019_29_39;kammottava;1
1420;29/2019;2019_29_39;oma;1
1420;29/2019;2019_29_39;kohtaan;2
1420;29/2019;2019_29_39;unicef;1
1420;29/2019;2019_29_39;somalia;2
1420;29/2019;2019_29_39;maailma;1
1420;29/2019;2019_29_39;johtava;1
1420;29/2019;2019_29_39;silpomisvaltio;1
1420;29/2019;2019_29_39;nainen;2
1420;29/2019;2019_29_39;silpomisprosentti;1
1420;29/2019;2019_29_39;edelleen;1
1420;29/2019;2019_29_39;korkea;1
1420;29/2019;2019_29_39;joten;1
1420;29/2019;2019_29_39;somaliyhteisö;1
1420;29/2019;2019_29_39;erityinen;1
1420;29/2019;2019_29_39;tarkkailu;1
1420;29/2019;2019_29_39;yhteys;2
1420;29/2019;2019_29_39;tuskin;1
1420;29/2019;2019_29_39;kukaan;4
1420;29/2019;2019_29_39;sali;4
1420;29/2019;2019_29_39;kehdata;1
1420;29/2019;2019_29_39;puhua;1
1420;29/2019;2019_29_39;syrjintä;1
1420;29/2019;2019_29_39;tai;6
1420;29/2019;2019_29_39;rasismi;1
1420;29/2019;2019_29_39;kun;2
1420;29/2019;2019_29_39;laki;3
1420;29/2019;2019_29_39;tulla;1
1420;29/2019;2019_29_39;voimaan;1
1420;29/2019;2019_29_39;muslimiyhteisö;1
1420;29/2019;2019_29_39;imaami;3
1420;29/2019;2019_29_39;muu;3
1420;29/2019;2019_29_39;johtaja;2
1420;29/2019;2019_29_39;velvoittaa;1
1420;29/2019;2019_29_39;kertoa;1
1420;29/2019;2019_29_39;sisältö;1
1420;29/2019;2019_29_39;yhteisö;1
1420;29/2019;2019_29_39;niin;2
1420;29/2019;2019_29_39;usein;2
1420;29/2019;2019_29_39;jäädä;1
1420;29/2019;2019_29_39;epäselvä;1
1420;29/2019;2019_29_39;mikä;1
1420;29/2019;2019_29_39;seurata;1
1420;29/2019;2019_29_39;moskeija;2
1420;29/2019;2019_29_39;uskonnollinen;2
1420;29/2019;2019_29_39;huone;1
1420;29/2019;2019_29_39;puolustaa;3
1420;29/2019;2019_29_39;sellainen;2
1420;29/2019;2019_29_39;sulkea;1
1420;29/2019;2019_29_39;kannustaa;1
1420;29/2019;2019_29_39;karkottaa;2
1420;29/2019;2019_29_39;tanska;1
1420;29/2019;2019_29_39;hän;1
1420;29/2019;2019_29_39;saarnata;1
1420;29/2019;2019_29_39;paha;1
1420;29/2019;2019_29_39;hokea;1
1420;29/2019;2019_29_39;sana;1
1420;29/2019;2019_29_39;esimerkiksi;1
1420;29/2019;2019_29_39;vihainen;3
1420;29/2019;2019_29_39;puhe;2
1420;29/2019;2019_29_39;kohta;1
1420;29/2019;2019_29_39;sata;1
1420;29/2019;2019_29_39;kerta;1
1420;29/2019;2019_29_39;vakava;1
1420;29/2019;2019_29_39;kuin;3
1420;29/2019;2019_29_39;pelkkä;1
1420;29/2019;2019_29_39;vaaraton;1
1420;29/2019;2019_29_39;vihastuminen;4
1420;29/2019;2019_29_39;yhteiskunta;1
1420;29/2019;2019_29_39;epäkohta;1
1420;29/2019;2019_29_39;poliitikko;1
1420;29/2019;2019_29_39;huono;1
1420;29/2019;2019_29_39;päätös;1
1420;29/2019;2019_29_39;aivan;1
1420;29/2019;2019_29_39;normaali;1
1420;29/2019;2019_29_39;tunne;1
1420;29/2019;2019_29_39;yhtä;1
1420;29/2019;2019_29_39;luonnollinen;1
1420;29/2019;2019_29_39;ihastuminen;1
1420;29/2019;2019_29_39;reaktio;1
1420;29/2019;2019_29_39;yrittää;1
1420;29/2019;2019_29_39;mikäli;1
1420;29/2019;2019_29_39;uhkailla;1
1420;29/2019;2019_29_39;kunnia;1
1420;29/2019;2019_29_39;loukata;1
1420;29/2019;2019_29_39;muuten;1
1420;29/2019;2019_29_39;rikkoa;1
1420;29/2019;2019_29_39;saada;1
1420;29/2019;2019_29_39;alku;1
1420;29/2019;2019_29_39;siis;1
1420;29/2019;2019_29_39;sanoa;2
1420;29/2019;2019_29_39;syntyä;1
1420;29/2019;2019_29_39;hyvä;1
1420;29/2019;2019_29_39;energia;1
1420;29/2019;2019_29_39;laittaa;1
1420;29/2019;2019_29_39;muutos;1
1420;29/2019;2019_29_39;liikkeelle;1
1420;29/2019;2019_29_39;sisäministeriö;1
1420;29/2019;2019_29_39;poliisijohto;1
1420;29/2019;2019_29_39;haluta;1
1420;29/2019;2019_29_39;lähettää;1
1420;29/2019;2019_29_39;viesti;1
1420;29/2019;2019_29_39;lopettaa;1
1420;29/2019;2019_29_39;hyödytön;1
1420;29/2019;2019_29_39;tavallinen;1
1420;29/2019;2019_29_39;vihapuhe;1
1420;29/2019;2019_29_39;kyttääminen;1
1420;29/2019;2019_29_39;netti;1
1420;29/2019;2019_29_39;keskittää;1
1420;29/2019;2019_29_39;rajallinen;1
1420;29/2019;2019_29_39;resurssi;1
1420;29/2019;2019_29_39;turvallisuus;1
1420;29/2019;2019_29_39;lisääminen;1
1420;29/2019;2019_29_39;seksuaali;1
1420;29/2019;2019_29_39;selvittäminen;1
1420;29/2019;2019_29_39;ennaltaehkäisy;1
1420;29/2019;2019_29_39;lopuksi;1
1420;29/2019;2019_29_39;toivoa;1
1420;29/2019;2019_29_39;jokainen;1
1420;29/2019;2019_29_39;kansanedustaja;1
1420;29/2019;2019_29_39;näyttää;1
1420;29/2019;2019_29_39;kannattaa;1
1420;29/2019;2019_29_39;allekirjoittaa;1
1420;29/2019;2019_29_39;äänestää;1
1420;29/2019;2019_29_39;maksimaalinen;1
1420;29/2019;2019_29_39;kova;2
1420;29/2019;2019_29_39;seuraamus;1
1420;29/2019;2019_29_39;vihervasa;1
1420;29/2019;2019_29_39;laita;1
1420;29/2019;2019_29_39;piiloutua;1
1420;29/2019;2019_29_39;monikulturismi-ideologia;1
1420;29/2019;2019_29_39;suvaitsevaisuus;1
1420;29/2019;2019_29_39;taakse;1
1420;29/2019;2019_29_39;vaan;1
1420;29/2019;2019_29_39;hyväksyä;1
1420;29/2019;2019_29_39;sivistysmaa;1
1420;29/2019;2019_29_39;ihmisoikeus;1
1420;29/2019;2019_29_39;kauan;1
1420;29/2019;2019_29_39;katsoa;1
1420;29/2019;2019_29_39;läpi;1
1420;29/2019;2019_29_39;sormi;1
1420;30/2019;2019_30_140;arvoisa;1
1420;30/2019;2019_30_140;puhemies;1
1420;30/2019;2019_30_140;minu;1
1420;30/2019;2019_30_140;olla;20
1420;30/2019;2019_30_140;ottaa;2
1420;30/2019;2019_30_140;yhteys;1
1420;30/2019;2019_30_140;kymmenen;1
1420;30/2019;2019_30_140;vanhempi;2
1420;30/2019;2019_30_140;ja;14
1420;30/2019;2019_30_140;hän;3
1420;30/2019;2019_30_140;luvata;1
1420;30/2019;2019_30_140;pitää;1
1420;30/2019;2019_30_140;tämä;13
1420;30/2019;2019_30_140;puheenvuoro;2
1420;30/2019;2019_30_140;täältä;1
1420;30/2019;2019_30_140;pönttö;1
1420;30/2019;2019_30_140;muutama;1
1420;30/2019;2019_30_140;havainto;1
1420;30/2019;2019_30_140;kansalaispalaute;1
1420;30/2019;2019_30_140;mikä;2
1420;30/2019;2019_30_140;saada;3
1420;30/2019;2019_30_140;ilmastokeskustelu;1
1420;30/2019;2019_30_140;näyttää;1
1420;30/2019;2019_30_140;se;10
1420;30/2019;2019_30_140;että;9
1420;30/2019;2019_30_140;ilmastoahdistus;2
1420;30/2019;2019_30_140;lisääntyä;3
1420;30/2019;2019_30_140;erityisesti;1
1420;30/2019;2019_30_140;nuori;8
1420;30/2019;2019_30_140;nostaa;1
1420;30/2019;2019_30_140;esiin;1
1420;30/2019;2019_30_140;aina;3
1420;30/2019;2019_30_140;kaksi;1
1420;30/2019;2019_30_140;riskitekijä;3
1420;30/2019;2019_30_140;koskea;1
1420;30/2019;2019_30_140;ruokavalio;4
1420;30/2019;2019_30_140;ensimmäinen;1
1420;30/2019;2019_30_140;riittävästi;1
1420;30/2019;2019_30_140;oikea;1
1420;30/2019;2019_30_140;suhde;2
1420;30/2019;2019_30_140;välttämätön;1
1420;30/2019;2019_30_140;proteiini;2
1420;30/2019;2019_30_140;aminohappo;1
1420;30/2019;2019_30_140;rasvahappo;1
1420;30/2019;2019_30_140;jos;5
1420;30/2019;2019_30_140;perinteinen;3
1420;30/2019;2019_30_140;suomalainen;2
1420;30/2019;2019_30_140;terveellinen;1
1420;30/2019;2019_30_140;vaihtaa;1
1420;30/2019;2019_30_140;jokin;3
1420;30/2019;2019_30_140;verran;2
1420;30/2019;2019_30_140;epämääräinen;1
1420;30/2019;2019_30_140;ilmastoruokavalio;1
1420;30/2019;2019_30_140;esimerkki;1
1420;30/2019;2019_30_140;hampurilainen;3
1420;30/2019;2019_30_140;paljon;3
1420;30/2019;2019_30_140;syödä;3
1420;30/2019;2019_30_140;katsoa;1
1420;30/2019;2019_30_140;semmoinen;1
1420;30/2019;2019_30_140;proteiinipitoisuus;1
1420;30/2019;2019_30_140;siis;2
1420;30/2019;2019_30_140;sellainen;3
1420;30/2019;2019_30_140;joka;5
1420;30/2019;2019_30_140;lihapihvi;1
1420;30/2019;2019_30_140;verrata;1
1420;30/2019;2019_30_140;kasvispihvi;1
1420;30/2019;2019_30_140;vaikka;1
1420;30/2019;2019_30_140;joku;3
1420;30/2019;2019_30_140;juurespihvi;1
1420;30/2019;2019_30_140;niin;2
1420;30/2019;2019_30_140;ravitsemuksellinen;1
1420;30/2019;2019_30_140;sisältö;1
1420;30/2019;2019_30_140;ei;5
1420;30/2019;2019_30_140;lähes;2
1420;30/2019;2019_30_140;sama;1
1420;30/2019;2019_30_140;sitten;3
1420;30/2019;2019_30_140;harrastaa;1
1420;30/2019;2019_30_140;urheilu;1
1420;30/2019;2019_30_140;liikunta;1
1420;30/2019;2019_30_140;saattaa;3
1420;30/2019;2019_30_140;tulla;3
1420;30/2019;2019_30_140;tämmöinen;1
1420;30/2019;2019_30_140;vääristynyt;1
1420;30/2019;2019_30_140;makroravintoaine;1
1420;30/2019;2019_30_140;keskinäinen;1
1420;30/2019;2019_30_140;eli;1
1420;30/2019;2019_30_140;liian;1
1420;30/2019;2019_30_140;vähän;3
1420;30/2019;2019_30_140;jo;1
1420;30/2019;2019_30_140;vakava;1
1420;30/2019;2019_30_140;seuraamus;1
1420;30/2019;2019_30_140;esimerkiksi;1
1420;30/2019;2019_30_140;ylikuntotila;1
1420;30/2019;2019_30_140;tai;5
1420;30/2019;2019_30_140;lihas;1
1420;30/2019;2019_30_140;kehittyminen;1
1420;30/2019;2019_30_140;palautuminen;1
1420;30/2019;2019_30_140;tällainen;3
1420;30/2019;2019_30_140;heiketä;1
1420;30/2019;2019_30_140;toinen;2
1420;30/2019;2019_30_140;aiheuttaa;3
1420;30/2019;2019_30_140;kokea;1
1420;30/2019;2019_30_140;syömishäiriö;3
1420;30/2019;2019_30_140;minä;2
1420;30/2019;2019_30_140;kaikki;1
1420;30/2019;2019_30_140;tieten;1
1420;30/2019;2019_30_140;tietää;1
1420;30/2019;2019_30_140;seurata;1
1420;30/2019;2019_30_140;muu;4
1420;30/2019;2019_30_140;mielenterveyshäiriö;1
1420;30/2019;2019_30_140;sairaus;1
1420;30/2019;2019_30_140;yhteydenotto;1
1420;30/2019;2019_30_140;ihan;1
1420;30/2019;2019_30_140;lailla;1
1420;30/2019;2019_30_140;tarkkailla;1
1420;30/2019;2019_30_140;oma;1
1420;30/2019;2019_30_140;lapsi;1
1420;30/2019;2019_30_140;huomata;1
1420;30/2019;2019_30_140;voida;1
1420;30/2019;2019_30_140;sanoa;1
1420;30/2019;2019_30_140;oire;1
1420;30/2019;2019_30_140;kun;2
1420;30/2019;2019_30_140;keskustella;1
1420;30/2019;2019_30_140;ilmasto;1
1420;30/2019;2019_30_140;syyllistää;2
1420;30/2019;2019_30_140;tietty;1
1420;30/2019;2019_30_140;ruoka;2
1420;30/2019;2019_30_140;syöminen;1
1420;30/2019;2019_30_140;poliitikko;1
1420;30/2019;2019_30_140;valtava;1
1420;30/2019;2019_30_140;suuri;1
1420;30/2019;2019_30_140;vastuu;1
1420;30/2019;2019_30_140;te;1
1420;30/2019;2019_30_140;siellä;1
1420;30/2019;2019_30_140;sali;2
1420;30/2019;2019_30_140;vasen;1
1420;30/2019;2019_30_140;puoli;1
1420;30/2019;2019_30_140;aika;1
1420;30/2019;2019_30_140;kova;1
1420;30/2019;2019_30_140;ilmastoalarmisti;1
1420;30/2019;2019_30_140;sisältää;1
1420;30/2019;2019_30_140;ilmastopaniikki;1
1420;30/2019;2019_30_140;hyvä;1
1420;30/2019;2019_30_140;huomioida;2
1420;30/2019;2019_30_140;ilmastopaasaus;2
1420;30/2019;2019_30_140;mikään;1
1420;30/2019;2019_30_140;terveyshaitta;1
1420;30/2019;2019_30_140;sinä;2
1420;30/2019;2019_30_140;ideologia;1
1420;30/2019;2019_30_140;jonkinlainen;1
1420;30/2019;2019_30_140;vaikkapa;1
1420;30/2019;2019_30_140;kansanterveydellinen;1
1420;30/2019;2019_30_140;aikapommi;1
1420;30/2019;2019_30_140;vääristyä;1
1420;30/2019;2019_30_140;tänään;1
1420;30/2019;2019_30_140;aikaisemmin;1
1420;30/2019;2019_30_140;puhua;1
1420;30/2019;2019_30_140;mielenterveysongelma;2
1420;30/2019;2019_30_140;kuinka;1
1420;30/2019;2019_30_140;mielenkiintoinen;1
1420;30/2019;2019_30_140;tutkia;1
1420;30/2019;2019_30_140;lisätä;1
1420;30/2019;2019_30_140;ahdistus;1
1420;30/2019;2019_30_140;perussuomalainen;1
1420;30/2019;2019_30_140;lihapulla;1
1420;30/2019;2019_30_140;juusto;1
1420;30/2019;2019_30_140;juoda;1
1420;30/2019;2019_30_140;piimä;1
1420;30/2019;2019_30_140;rahka;1
1420;30/2019;2019_30_140;lehmä;1
1420;30/2019;2019_30_140;kuulua;1
1420;30/2019;2019_30_140;toivoa;1
1420;30/2019;2019_30_140;tehdä;1
1420;30/2019;2019_30_140;näkökulma;1
1420;30/2019;2019_30_140;kiitos;1
1420;30/2019;2019_30_146;arvoisa;1
1420;30/2019;2019_30_146;puhemies;1
1420;30/2019;2019_30_146;lyhyt;1
1420;30/2019;2019_30_146;vastaus;1
1420;30/2019;2019_30_146;ensin;1
1420;30/2019;2019_30_146;edustaja;1
1420;30/2019;2019_30_146;kiljunen;1
1420;30/2019;2019_30_146;perussuomalaiset;1
1420;30/2019;2019_30_146;ei;5
1420;30/2019;2019_30_146;vihata;1
1420;30/2019;2019_30_146;kukaan;1
1420;30/2019;2019_30_146;minä;3
1420;30/2019;2019_30_146;olla;11
1420;30/2019;2019_30_146;vain;1
1420;30/2019;2019_30_146;realisti;1
1420;30/2019;2019_30_146;tämä;5
1420;30/2019;2019_30_146;maahanmuuttopolitiikka;1
1420;30/2019;2019_30_146;ja;9
1420;30/2019;2019_30_146;väestöpolitiikka;1
1420;30/2019;2019_30_146;kun;2
1420;30/2019;2019_30_146;haluta;1
1420;30/2019;2019_30_146;säilyttää;1
1420;30/2019;2019_30_146;yhteiskuntarauha;1
1420;30/2019;2019_30_146;nyt;1
1420;30/2019;2019_30_146;puhua;1
1420;30/2019;2019_30_146;myös;1
1420;30/2019;2019_30_146;ilmastopolitiikka;1
1420;30/2019;2019_30_146;niin;2
1420;30/2019;2019_30_146;se;7
1420;30/2019;2019_30_146;mikään;1
1420;30/2019;2019_30_146;järki;1
1420;30/2019;2019_30_146;että;4
1420;30/2019;2019_30_146;siirtää;1
1420;30/2019;2019_30_146;lämmin;1
1420;30/2019;2019_30_146;maa;2
1420;30/2019;2019_30_146;tänne;1
1420;30/2019;2019_30_146;kylmä;1
1420;30/2019;2019_30_146;valtava;1
1420;30/2019;2019_30_146;ihmismäärä;1
1420;30/2019;2019_30_146;ilmasto;1
1420;30/2019;2019_30_146;huono;1
1420;30/2019;2019_30_146;ehkä;1
1420;30/2019;2019_30_146;toissijainen;1
1420;30/2019;2019_30_146;peruste;2
1420;30/2019;2019_30_146;ensisijainen;1
1420;30/2019;2019_30_146;sisäinen;1
1420;30/2019;2019_30_146;turvallisuus;1
1420;30/2019;2019_30_146;mikä;4
1420;30/2019;2019_30_146;vaalia;1
1420;30/2019;2019_30_146;henki;1
1420;30/2019;2019_30_146;veri;1
1420;30/2019;2019_30_146;sitten;2
1420;30/2019;2019_30_146;kasvisruokavalio;1
1420;30/2019;2019_30_146;puolustuspuhe;1
1420;30/2019;2019_30_146;äsken;1
1420;30/2019;2019_30_146;kuulla;1
1420;30/2019;2019_30_146;täytyä;2
1420;30/2019;2019_30_146;muistaa;1
1420;30/2019;2019_30_146;kaikki;2
1420;30/2019;2019_30_146;ihminen;1
1420;30/2019;2019_30_146;sopia;1
1420;30/2019;2019_30_146;sama;4
1420;30/2019;2019_30_146;ruokavalio;3
1420;30/2019;2019_30_146;urheilu;2
1420;30/2019;2019_30_146;nähdä;1
1420;30/2019;2019_30_146;pitkään;1
1420;30/2019;2019_30_146;urheiluvalmentaja;1
1420;30/2019;2019_30_146;mukana;1
1420;30/2019;2019_30_146;urheiluravitsemusala;1
1420;30/2019;2019_30_146;siis;1
1420;30/2019;2019_30_146;myydä;1
1420;30/2019;2019_30_146;sekä;1
1420;30/2019;2019_30_146;heraproteiini;1
1420;30/2019;2019_30_146;soijaproteiini;1
1420;30/2019;2019_30_146;kaikenlainen;1
1420;30/2019;2019_30_146;proteiini;1
1420;30/2019;2019_30_146;sata;1
1420;30/2019;2019_30_146;tonni;1
1420;30/2019;2019_30_146;urheilija;2
1420;30/2019;2019_30_146;sieltä;1
1420;30/2019;2019_30_146;saada;1
1420;30/2019;2019_30_146;palaute;1
1420;30/2019;2019_30_146;toimia;2
1420;30/2019;2019_30_146;saattaa;2
1420;30/2019;2019_30_146;jo;1
1420;30/2019;2019_30_146;perhe;1
1420;30/2019;2019_30_146;sisällä;1
1420;30/2019;2019_30_146;hyvin;1
1420;30/2019;2019_30_146;erilainen;1
1420;30/2019;2019_30_146;suorituskyky;1
1420;30/2019;2019_30_146;vaikka;3
1420;30/2019;2019_30_146;geeniperimä;1
1420;30/2019;2019_30_146;tapa;1
1420;30/2019;2019_30_146;esimerkiksi;1
1420;30/2019;2019_30_146;tyttö;1
1420;30/2019;2019_30_146;poika;1
1420;30/2019;2019_30_146;takia;1
1420;30/2019;2019_30_146;jos;1
1420;30/2019;2019_30_146;ruveta;1
1420;30/2019;2019_30_146;juntata;1
1420;30/2019;2019_30_146;samanlainen;1
1420;30/2019;2019_30_146;koulu;1
1420;30/2019;2019_30_146;toinen;2
1420;30/2019;2019_30_146;toimiva;1
1420;30/2019;2019_30_146;sairaus;1
1420;30/2019;2019_30_146;aiheuttaa;1
1420;30/2019;2019_30_149;arvoisa;1
1420;30/2019;2019_30_149;puhemies;1
1420;30/2019;2019_30_149;olla;10
1420;30/2019;2019_30_149;edustaja;1
1420;30/2019;2019_30_149;kiljunen;4
1420;30/2019;2019_30_149;kanssa;1
1420;30/2019;2019_30_149;aikaisemmin;2
1420;30/2019;2019_30_149;puhua;2
1420;30/2019;2019_30_149;tämä;5
1420;30/2019;2019_30_149;että;6
1420;30/2019;2019_30_149;maailmanhistoria;1
1420;30/2019;2019_30_149;aika;1
1420;30/2019;2019_30_149;ihminen;4
1420;30/2019;2019_30_149;siirtyä;1
1420;30/2019;2019_30_149;ja;9
1420;30/2019;2019_30_149;näin;2
1420;30/2019;2019_30_149;se;10
1420;30/2019;2019_30_149;mutta;1
1420;30/2019;2019_30_149;minä;4
1420;30/2019;2019_30_149;elää;1
1420;30/2019;2019_30_149;sellainen;1
1420;30/2019;2019_30_149;maailmanaika;1
1420;30/2019;2019_30_149;ei;6
1420;30/2019;2019_30_149;voida;7
1420;30/2019;2019_30_149;verrata;1
1420;30/2019;2019_30_149;aikainen;1
1420;30/2019;2019_30_149;siirtyminen;1
1420;30/2019;2019_30_149;kimmo;3
1420;30/2019;2019_30_149;kysyä;1
1420;30/2019;2019_30_149;miksi;1
1420;30/2019;2019_30_149;jos;1
1420;30/2019;2019_30_149;ajatella;3
1420;30/2019;2019_30_149;vuosi;1
1420;30/2019;2019_30_149;kun;1
1420;30/2019;2019_30_149;syntyä;1
1420;30/2019;2019_30_149;planeetta;1
1420;30/2019;2019_30_149;noin;1
1420;30/2019;2019_30_149;kaksi;1
1420;30/2019;2019_30_149;puoli;2
1420;30/2019;2019_30_149;miljardi;2
1420;30/2019;2019_30_149;nyt;1
1420;30/2019;2019_30_149;seitsemän;1
1420;30/2019;2019_30_149;niin;2
1420;30/2019;2019_30_149;tilanne;1
1420;30/2019;2019_30_149;muuttua;1
1420;30/2019;2019_30_149;mikä;1
1420;30/2019;2019_30_149;eli;1
1420;30/2019;2019_30_149;suomi;2
1420;30/2019;2019_30_149;ottaa;5
1420;30/2019;2019_30_149;vastaan;3
1420;30/2019;2019_30_149;kaikki;1
1420;30/2019;2019_30_149;ylipursuta;1
1420;30/2019;2019_30_149;väestö;1
1420;30/2019;2019_30_149;esimerkiksi;1
1420;30/2019;2019_30_149;afrikka;1
1420;30/2019;2019_30_149;eurooppa;1
1420;30/2019;2019_30_149;välihuuto;1
1420;30/2019;2019_30_149;siis;1
1420;30/2019;2019_30_149;sinä;1
1420;30/2019;2019_30_149;mieli;1
1420;30/2019;2019_30_149;kyllä;1
1420;30/2019;2019_30_149;no;1
1420;30/2019;2019_30_149;tulla;1
1420;30/2019;2019_30_149;sosiaalidemokraatti;2
1420;30/2019;2019_30_149;perussuomalainen;1
1420;30/2019;2019_30_149;ero;1
1420;30/2019;2019_30_149;perussuomalaiset;1
1420;30/2019;2019_30_149;kymmenen;1
1420;30/2019;2019_30_149;miljoona;2
1420;30/2019;2019_30_149;jokin;1
1420;30/2019;2019_30_149;kohta;1
1420;30/2019;2019_30_149;sata;1
1420;30/2019;2019_30_149;takia;1
1420;30/2019;2019_30_149;täällä;1
1420;30/2019;2019_30_149;eduskunta;1
1420;30/2019;2019_30_149;asia;1
1420;30/2019;2019_30_149;keskustella;1
1420;30/2019;2019_30_149;välillä;1
1420;30/2019;2019_30_149;vaali;1
1420;30/2019;2019_30_149;äänestää;1
1420;30/2019;2019_30_149;sitten;1
1420;37/2019;2019_37_46;arvoisa;2
1420;37/2019;2019_37_46;puhemies;2
1420;37/2019;2019_37_46;tämä;8
1420;37/2019;2019_37_46;kansalaisaloite;3
1420;37/2019;2019_37_46;olla;33
1420;37/2019;2019_37_46;erittäin;3
1420;37/2019;2019_37_46;tärkeä;3
1420;37/2019;2019_37_46;suorastaan;2
1420;37/2019;2019_37_46;yksi;3
1420;37/2019;2019_37_46;kun;1
1420;37/2019;2019_37_46;pyrkiä;1
1420;37/2019;2019_37_46;lisätä;1
1420;37/2019;2019_37_46;erityisesti;3
1420;37/2019;2019_37_46;nainen;2
1420;37/2019;2019_37_46;ja;17
1420;37/2019;2019_37_46;lapsi;3
1420;37/2019;2019_37_46;turvallisuus;1
1420;37/2019;2019_37_46;suomi;7
1420;37/2019;2019_37_46;haluta;1
1420;37/2019;2019_37_46;kiittää;1
1420;37/2019;2019_37_46;aloite;3
1420;37/2019;2019_37_46;alullelaittaja;1
1420;37/2019;2019_37_46;kaikki;3
1420;37/2019;2019_37_46;allekirjoittaja;2
1420;37/2019;2019_37_46;se;6
1420;37/2019;2019_37_46;valtava;1
1420;37/2019;2019_37_46;määrä;2
1420;37/2019;2019_37_46;ihminen;1
1420;37/2019;2019_37_46;ulkomaalaislaki;2
1420;37/2019;2019_37_46;mukaan;3
1420;37/2019;2019_37_46;oleskelulupa;3
1420;37/2019;2019_37_46;oleskella;1
1420;37/2019;2019_37_46;ulkomaalainen;9
1420;37/2019;2019_37_46;tai;3
1420;37/2019;2019_37_46;pakolainen;1
1420;37/2019;2019_37_46;voida;1
1420;37/2019;2019_37_46;karkottaa;1
1420;37/2019;2019_37_46;maa;5
1420;37/2019;2019_37_46;jos;3
1420;37/2019;2019_37_46;hän;6
1420;37/2019;2019_37_46;todeta;1
1420;37/2019;2019_37_46;syyllistyä;3
1420;37/2019;2019_37_46;rikos;6
1420;37/2019;2019_37_46;joka;4
1420;37/2019;2019_37_46;säätää;2
1420;37/2019;2019_37_46;enimmäisrangaistus;2
1420;37/2019;2019_37_46;vähintään;2
1420;37/2019;2019_37_46;vuosi;3
1420;37/2019;2019_37_46;vankeus;2
1420;37/2019;2019_37_46;toistuvasti;1
1420;37/2019;2019_37_46;usea;3
1420;37/2019;2019_37_46;seksuaalirikos;10
1420;37/2019;2019_37_46;rikoslaki;1
1420;37/2019;2019_37_46;kuulua;1
1420;37/2019;2019_37_46;muun;2
1420;37/2019;2019_37_46;muassa;2
1420;37/2019;2019_37_46;raiskaus;2
1420;37/2019;2019_37_46;seksuaalinen;2
1420;37/2019;2019_37_46;hyväksikäyttö;2
1420;37/2019;2019_37_46;karkottaminen;3
1420;37/2019;2019_37_46;jo;3
1420;37/2019;2019_37_46;voimassa;2
1420;37/2019;2019_37_46;oikeus;1
1420;37/2019;2019_37_46;siten;1
1420;37/2019;2019_37_46;mahdollinen;1
1420;37/2019;2019_37_46;tapaus;2
1420;37/2019;2019_37_46;päättää;1
1420;37/2019;2019_37_46;joutua;2
1420;37/2019;2019_37_46;kuitenkin;1
1420;37/2019;2019_37_46;aina;1
1420;37/2019;2019_37_46;suorittaa;1
1420;37/2019;2019_37_46;kokonaisharkinta;3
1420;37/2019;2019_37_46;ottaa;2
1420;37/2019;2019_37_46;huomio;1
1420;37/2019;2019_37_46;yhtäältä;1
1420;37/2019;2019_37_46;laatu;1
1420;37/2019;2019_37_46;teko;2
1420;37/2019;2019_37_46;vakavuus;1
1420;37/2019;2019_37_46;aiheutua;1
1420;37/2019;2019_37_46;seuraamus;1
1420;37/2019;2019_37_46;asianosainen;1
1420;37/2019;2019_37_46;toisaalta;1
1420;37/2019;2019_37_46;oleskelu;1
1420;37/2019;2019_37_46;pituus;1
1420;37/2019;2019_37_46;tarkoitus;1
1420;37/2019;2019_37_46;sekä;1
1420;37/2019;2019_37_46;side;1
1420;37/2019;2019_37_46;toteutua;1
1420;37/2019;2019_37_46;luopua;1
1420;37/2019;2019_37_46;osa;3
1420;37/2019;2019_37_46;jolloin;2
1420;37/2019;2019_37_46;syyllistyminen;1
1420;37/2019;2019_37_46;johtaa;1
1420;37/2019;2019_37_46;automaattisesti;2
1420;37/2019;2019_37_46;peruuttaminen;2
1420;37/2019;2019_37_46;hyvä;1
1420;37/2019;2019_37_46;perustelu;1
1420;37/2019;2019_37_46;tehdä;5
1420;37/2019;2019_37_46;kasvu;1
1420;37/2019;2019_37_46;suomalainen;1
1420;37/2019;2019_37_46;kokea;1
1420;37/2019;2019_37_46;turvattomuus;1
1420;37/2019;2019_37_46;johdosta;1
1420;37/2019;2019_37_46;kuten;3
1420;37/2019;2019_37_46;täällä;1
1420;37/2019;2019_37_46;aikaisemmin;1
1420;37/2019;2019_37_46;tänään;1
1420;37/2019;2019_37_46;kuulla;1
1420;37/2019;2019_37_46;helsinki;1
1420;37/2019;2019_37_46;yli;1
1420;37/2019;2019_37_46;puoli;1
1420;37/2019;2019_37_46;ilmoittaa;1
1420;37/2019;2019_37_46;maailma;1
1420;37/2019;2019_37_46;siis;1
1420;37/2019;2019_37_46;muuttua;2
1420;37/2019;2019_37_46;myös;5
1420;37/2019;2019_37_46;lainsäädäntö;1
1420;37/2019;2019_37_46;ihmisarvo;1
1420;37/2019;2019_37_46;loukata;1
1420;37/2019;2019_37_46;kantaväestö;1
1420;37/2019;2019_37_46;selvä;1
1420;37/2019;2019_37_46;että;4
1420;37/2019;2019_37_46;nollatoleranssi;2
1420;37/2019;2019_37_46;suhteen;1
1420;37/2019;2019_37_46;tarkoittaa;1
1420;37/2019;2019_37_46;mikään;2
1420;37/2019;2019_37_46;ei;5
1420;37/2019;2019_37_46;tulla;2
1420;37/2019;2019_37_46;käyttää;1
1420;37/2019;2019_37_46;vaan;1
1420;37/2019;2019_37_46;seksuaalirikollinen;1
1420;37/2019;2019_37_46;pitää;3
1420;37/2019;2019_37_46;seurata;1
1420;37/2019;2019_37_46;maastakarkotus;1
1420;37/2019;2019_37_46;välittömästi;1
1420;37/2019;2019_37_46;mikä;4
1420;37/2019;2019_37_46;sanoa;2
1420;37/2019;2019_37_46;seuraavaksi;1
1420;37/2019;2019_37_46;saattaa;1
1420;37/2019;2019_37_46;polttaa;1
1420;37/2019;2019_37_46;muutama;1
1420;37/2019;2019_37_46;silta;1
1420;37/2019;2019_37_46;koska;2
1420;37/2019;2019_37_46;aikoa;3
1420;37/2019;2019_37_46;iso;1
1420;37/2019;2019_37_46;kansa;2
1420;37/2019;2019_37_46;ajatella;1
1420;37/2019;2019_37_46;minä;2
1420;37/2019;2019_37_46;valita;1
1420;37/2019;2019_37_46;kansanedustaja;2
1420;37/2019;2019_37_46;puhe;1
1420;37/2019;2019_37_46;edustaa;1
1420;37/2019;2019_37_46;mielipide;1
1420;37/2019;2019_37_46;mielistellä;1
1420;37/2019;2019_37_46;kukaan;1
1420;37/2019;2019_37_46;sali;2
1420;37/2019;2019_37_46;vain;1
1420;37/2019;2019_37_46;takia;1
1420;37/2019;2019_37_46;salonkikelpoinen;1
1420;37/2019;2019_37_46;poliittisesti;1
1420;37/2019;2019_37_46;korrekti;1
1420;37/2019;2019_37_46;muistuttaa;1
1420;37/2019;2019_37_46;kasvava;1
1420;37/2019;2019_37_46;ongelma;1
1420;37/2019;2019_37_46;luoda;1
1420;37/2019;2019_37_46;eräs;1
1420;37/2019;2019_37_46;istua;1
1420;37/2019;2019_37_46;poliitikko;1
1420;37/2019;2019_37_46;ministeri;1
1420;37/2019;2019_37_46;toimia;1
1420;37/2019;2019_37_46;edellinen;2
1420;37/2019;2019_37_46;hallitus;2
1420;37/2019;2019_37_46;pääministeri;1
1420;37/2019;2019_37_46;sipilä;2
1420;37/2019;2019_37_46;sisäministeri;1
1420;37/2019;2019_37_46;orpo;1
1420;37/2019;2019_37_46;vastuuministeri;1
1420;37/2019;2019_37_46;päästää;2
1420;37/2019;2019_37_46;houkutella;1
1420;37/2019;2019_37_46;kymmenentuhatta;1
1420;37/2019;2019_37_46;mies;1
1420;37/2019;2019_37_46;tänne;1
1420;37/2019;2019_37_46;koskaan;1
1420;37/2019;2019_37_46;vakava;1
1420;37/2019;2019_37_46;lähes;1
1420;37/2019;2019_37_46;turvallinen;1
1420;37/2019;2019_37_46;eli;1
1420;37/2019;2019_37_46;ruotsi;1
1420;37/2019;2019_37_46;läpi;1
1420;37/2019;2019_37_46;dublin-sopimus;1
1420;37/2019;2019_37_46;henki;1
1420;37/2019;2019_37_46;noudattaa;1
1420;37/2019;2019_37_46;nimi;1
1420;37/2019;2019_37_46;vastaan;1
1420;37/2019;2019_37_46;expääministeri;1
1420;37/2019;2019_37_46;itse;1
1420;37/2019;2019_37_46;lopulta;1
1420;37/2019;2019_37_46;yle;1
1420;37/2019;2019_37_46;uutinen;1
1420;37/2019;2019_37_46;myöntää;1
1420;37/2019;2019_37_46;näin;1
1420;37/2019;2019_37_46;kuitenkaan;1
1420;37/2019;2019_37_46;säästää;1
1420;37/2019;2019_37_46;ihmishenki;3
1420;37/2019;2019_37_46;moni;1
1420;37/2019;2019_37_46;välttyä;1
1420;37/2019;2019_37_46;uhri;1
1420;37/2019;2019_37_46;viime;1
1420;37/2019;2019_37_46;harjoittaa;1
1420;37/2019;2019_37_46;järkevä;1
1420;37/2019;2019_37_46;turvallisuushakuinen;1
1420;37/2019;2019_37_46;maahanmuuttopolitiikka;1
1420;37/2019;2019_37_46;yhteiskuntarauha;1
1420;37/2019;2019_37_46;poliittinen;1
1420;37/2019;2019_37_46;ilmapiiri;1
1420;37/2019;2019_37_46;varmasti;1
1420;37/2019;2019_37_46;vähemmän;1
1420;37/2019;2019_37_46;tulehtunut;1
1420;37/2019;2019_37_46;ilman;1
1420;37/2019;2019_37_46;megavirhe;1
1420;37/2019;2019_37_46;suna;1
1420;37/2019;2019_37_46;kymäläinen;1
1420;37/2019;2019_37_46;perustua;2
1420;37/2019;2019_37_46;väite;2
1420;37/2019;2019_37_46;joku;1
1420;37/2019;2019_37_46;kysyä;1
1420;37/2019;2019_37_46;esimerkiksi;1
1420;37/2019;2019_37_46;turku;1
1420;37/2019;2019_37_46;myötä;1
1420;37/2019;2019_37_46;omatunto;1
1420;37/2019;2019_37_46;nyt;1
1420;37/2019;2019_37_46;kolkuttaa;1
1420;37/2019;2019_37_46;mahdollisuus;1
1420;37/2019;2019_37_46;mukana;1
1420;37/2019;2019_37_46;palauttaa;1
1420;37/2019;2019_37_46;kuri;1
1420;37/2019;2019_37_46;järjestys;1
1420;37/2019;2019_37_46;vielä;1
1420;37/2019;2019_37_46;kerran;1
1420;37/2019;2019_37_46;suuri;1
1420;37/2019;2019_37_46;kiitos;2
1420;37/2019;2019_37_46;tekijä;1
1420;41/2019;2019_41_60;arvoisa;1
1420;41/2019;2019_41_60;puhemies;1
1420;41/2019;2019_41_60;tämä;7
1420;41/2019;2019_41_60;olla;23
1420;41/2019;2019_41_60;erittäin;3
1420;41/2019;2019_41_60;hyvä;2
1420;41/2019;2019_41_60;kansalaisaloite;2
1420;41/2019;2019_41_60;joten;1
1420;41/2019;2019_41_60;täysin;1
1420;41/2019;2019_41_60;ymmärrettävä;1
1420;41/2019;2019_41_60;että;6
1420;41/2019;2019_41_60;suomalainen;4
1420;41/2019;2019_41_60;allekirjoittaa;1
1420;41/2019;2019_41_60;aloite;2
1420;41/2019;2019_41_60;se;9
1420;41/2019;2019_41_60;taitaa;1
1420;41/2019;2019_41_60;toinen;2
1420;41/2019;2019_41_60;eniten;1
1420;41/2019;2019_41_60;allekirjoitus;1
1420;41/2019;2019_41_60;kerätä;4
1420;41/2019;2019_41_60;tämäntyyppinen;1
1420;41/2019;2019_41_60;keinotekoinen;1
1420;41/2019;2019_41_60;vero;10
1420;41/2019;2019_41_60;kuten;1
1420;41/2019;2019_41_60;dieselauto;2
1420;41/2019;2019_41_60;käyttövoimavero;2
1420;41/2019;2019_41_60;laillistaa;1
1420;41/2019;2019_41_60;ryöstö;1
1420;41/2019;2019_41_60;härski;1
1420;41/2019;2019_41_60;sellainen;1
1420;41/2019;2019_41_60;suomi;6
1420;41/2019;2019_41_60;verottaa;3
1420;41/2019;2019_41_60;kansalainen;1
1420;41/2019;2019_41_60;ankarasti;1
1420;41/2019;2019_41_60;kun;2
1420;41/2019;2019_41_60;verrata;1
1420;41/2019;2019_41_60;usea;2
1420;41/2019;2019_41_60;eurooppa;2
1420;41/2019;2019_41_60;maa;2
1420;41/2019;2019_41_60;kokonaisveroaste;1
1420;41/2019;2019_41_60;eu-maa;2
1420;41/2019;2019_41_60;joukko;1
1420;41/2019;2019_41_60;viides;1
1420;41/2019;2019_41_60;korkea;2
1420;41/2019;2019_41_60;myös;4
1420;41/2019;2019_41_60;autoilu;3
1420;41/2019;2019_41_60;enemmän;3
1420;41/2019;2019_41_60;kuin;2
1420;41/2019;2019_41_60;tieliikenne;1
1420;41/2019;2019_41_60;miljardi;2
1420;41/2019;2019_41_60;ja;7
1420;41/2019;2019_41_60;vain;2
1420;41/2019;2019_41_60;noin;1
1420;41/2019;2019_41_60;prosentti;8
1420;41/2019;2019_41_60;palauttaa;3
1420;41/2019;2019_41_60;liikenneverkko;3
1420;41/2019;2019_41_60;kehittäminen;1
1420;41/2019;2019_41_60;vaikka;1
1420;41/2019;2019_41_60;ruotsi;3
1420;41/2019;2019_41_60;suuri;3
1420;41/2019;2019_41_60;väestö;1
1420;41/2019;2019_41_60;eli;4
1420;41/2019;2019_41_60;vähän;1
1420;41/2019;2019_41_60;mutta;1
1420;41/2019;2019_41_60;takaisin;1
1420;41/2019;2019_41_60;ei;5
1420;41/2019;2019_41_60;tarvita;4
1420;41/2019;2019_41_60;ihmetellä;1
1420;41/2019;2019_41_60;miksi;1
1420;41/2019;2019_41_60;tie;1
1420;41/2019;2019_41_60;niin;8
1420;41/2019;2019_41_60;paljon;2
1420;41/2019;2019_41_60;kunto;1
1420;41/2019;2019_41_60;käyttää;2
1420;41/2019;2019_41_60;autoilija;5
1420;41/2019;2019_41_60;kaikki;1
1420;41/2019;2019_41_60;muu;1
1420;41/2019;2019_41_60;mikä;2
1420;41/2019;2019_41_60;pitää;5
1420;41/2019;2019_41_60;kokea;1
1420;41/2019;2019_41_60;hän;1
1420;41/2019;2019_41_60;kohtuuttomasti;2
1420;41/2019;2019_41_60;epäreilusti;1
1420;41/2019;2019_41_60;maksaa;1
1420;41/2019;2019_41_60;jo;3
1420;41/2019;2019_41_60;polttoaine;1
1420;41/2019;2019_41_60;lisäksi;2
1420;41/2019;2019_41_60;auto;1
1420;41/2019;2019_41_60;hankinta;1
1420;41/2019;2019_41_60;rekisteröintivero;1
1420;41/2019;2019_41_60;vakuutus;1
1420;41/2019;2019_41_60;huolto;1
1420;41/2019;2019_41_60;rengas;1
1420;41/2019;2019_41_60;varaosa;1
1420;41/2019;2019_41_60;edelleen;2
1420;41/2019;2019_41_60;kanssa;1
1420;41/2019;2019_41_60;sata;1
1420;41/2019;2019_41_60;sama;1
1420;41/2019;2019_41_60;mieli;1
1420;41/2019;2019_41_60;poistaa;1
1420;41/2019;2019_41_60;raha;5
1420;41/2019;2019_41_60;perhe;1
1420;41/2019;2019_41_60;päivittäinen;1
1420;41/2019;2019_41_60;ostos;1
1420;41/2019;2019_41_60;ruoka;1
1420;41/2019;2019_41_60;vaate;1
1420;41/2019;2019_41_60;pienyrittäjä;1
1420;41/2019;2019_41_60;turha;1
1420;41/2019;2019_41_60;rasittaa;1
1420;41/2019;2019_41_60;aina;3
1420;41/2019;2019_41_60;miettiä;1
1420;41/2019;2019_41_60;pois;1
1420;41/2019;2019_41_60;verotus;3
1420;41/2019;2019_41_60;nollasummapeli;2
1420;41/2019;2019_41_60;monesti;1
1420;41/2019;2019_41_60;käydä;1
1420;41/2019;2019_41_60;keventää;3
1420;41/2019;2019_41_60;verokertymä;3
1420;41/2019;2019_41_60;valtio;1
1420;41/2019;2019_41_60;kassa;1
1420;41/2019;2019_41_60;kasvaa;4
1420;41/2019;2019_41_60;tieten;1
1420;41/2019;2019_41_60;erityisesti;1
1420;41/2019;2019_41_60;vasemmisto;1
1420;41/2019;2019_41_60;vaikea;1
1420;41/2019;2019_41_60;ymmärtää;2
1420;41/2019;2019_41_60;mennä;1
1420;41/2019;2019_41_60;näin;1
1420;41/2019;2019_41_60;päin;1
1420;41/2019;2019_41_60;jos;3
1420;41/2019;2019_41_60;kertymä;2
1420;41/2019;2019_41_60;aki;1
1420;41/2019;2019_41_60;lindn;1
1420;41/2019;2019_41_60;liian;2
1420;41/2019;2019_41_60;vaike;1
1420;41/2019;2019_41_60;tapahtua;1
1420;41/2019;2019_41_60;harvoin;1
1420;41/2019;2019_41_60;ajatella;1
1420;41/2019;2019_41_60;nostaa;1
1420;41/2019;2019_41_60;voida;1
1420;41/2019;2019_41_60;laskea;2
1420;41/2019;2019_41_60;lisää;2
1420;41/2019;2019_41_60;totuus;1
1420;41/2019;2019_41_60;joutua;1
1420;41/2019;2019_41_60;muun;1
1420;41/2019;2019_41_60;muassa;1
1420;41/2019;2019_41_60;pääministeri;1
1420;41/2019;2019_41_60;rinne;1
1420;41/2019;2019_41_60;pitkin;1
1420;41/2019;2019_41_60;hammas;1
1420;41/2019;2019_41_60;todeta;1
1420;41/2019;2019_41_60;pari;1
1420;41/2019;2019_41_60;vuosi;3
1420;41/2019;2019_41_60;sitten;1
1420;41/2019;2019_41_60;alku;1
1420;41/2019;2019_41_60;yhteisövero;1
1420;41/2019;2019_41_60;kaksi;1
1420;41/2019;2019_41_60;päästä;1
1420;41/2019;2019_41_60;ihan;1
1420;41/2019;2019_41_60;muistutus;1
1420;41/2019;2019_41_60;todennäköisyys;1
1420;41/2019;2019_41_60;alentaminen;1
1420;41/2019;2019_41_60;aiheuttaa;1
1420;41/2019;2019_41_60;pieneneminen;1
1420;41/2019;2019_41_60;vaan;1
1420;41/2019;2019_41_60;saattaa;1
1420;41/2019;2019_41_60;lompakko;1
1420;41/2019;2019_41_60;saada;1
1420;41/2019;2019_41_60;varmuus;1
1420;41/2019;2019_41_60;piristävä;1
1420;41/2019;2019_41_60;vaikutus;1
1420;41/2019;2019_41_60;kansantalous;1
1420;41/2019;2019_41_60;lopuksi;1
1420;41/2019;2019_41_60;kiittää;1
1420;41/2019;2019_41_60;alullepanija;1
1420;41/2019;2019_41_60;allekirjoittaja;1
1420;41/2019;2019_41_60;toteutua;1
1420;41/2019;2019_41_60;järkevä;1
1420;41/2019;2019_41_60;tapa;1
1420;41/2019;2019_41_60;verokuorma;1
1420;41/2019;2019_41_60;kiitos;1
1420;55/2019;2019_55_60;arvoisa;1
1420;55/2019;2019_55_60;puhemies;1
1420;55/2019;2019_55_60;minä;3
1420;55/2019;2019_55_60;itse;2
1420;55/2019;2019_55_60;olla;14
1420;55/2019;2019_55_60;tampere;13
1420;55/2019;2019_55_60;kaupunginhallitus;1
1420;55/2019;2019_55_60;pari;1
1420;55/2019;2019_55_60;vuosi;1
1420;55/2019;2019_55_60;ja;15
1420;55/2019;2019_55_60;edelleen;2
1420;55/2019;2019_55_60;valtuutettu;1
1420;55/2019;2019_55_60;täytyä;1
1420;55/2019;2019_55_60;sanoa;2
1420;55/2019;2019_55_60;että;5
1420;55/2019;2019_55_60;osittain;2
1420;55/2019;2019_55_60;kura;1
1420;55/2019;2019_55_60;velkaantua;1
1420;55/2019;2019_55_60;kriisikuntavauhti;1
1420;55/2019;2019_55_60;tämä;4
1420;55/2019;2019_55_60;hetki;1
1420;55/2019;2019_55_60;yksi;1
1420;55/2019;2019_55_60;syy;1
1420;55/2019;2019_55_60;tieten;3
1420;55/2019;2019_55_60;mikä;2
1420;55/2019;2019_55_60;ei;3
1420;55/2019;2019_55_60;vielä;1
1420;55/2019;2019_55_60;käsitellä;1
1420;55/2019;2019_55_60;haitallinen;1
1420;55/2019;2019_55_60;maahanmuuttopolitiikka;1
1420;55/2019;2019_55_60;suomi;1
1420;55/2019;2019_55_60;harjoittaa;1
1420;55/2019;2019_55_60;koska;2
1420;55/2019;2019_55_60;se;8
1420;55/2019;2019_55_60;sitten;6
1420;55/2019;2019_55_60;siirtyä;1
1420;55/2019;2019_55_60;kunta;1
1420;55/2019;2019_55_60;tietty;1
1420;55/2019;2019_55_60;kaupunginosa;1
1420;55/2019;2019_55_60;täyttyä;1
1420;55/2019;2019_55_60;maahanmuuttaja;1
1420;55/2019;2019_55_60;lapsi;1
1420;55/2019;2019_55_60;pitää;1
1420;55/2019;2019_55_60;rakentaa;2
1420;55/2019;2019_55_60;päiväkoti;1
1420;55/2019;2019_55_60;koulu;1
1420;55/2019;2019_55_60;kaikki;1
1420;55/2019;2019_55_60;sellainen;1
1420;55/2019;2019_55_60;kuormittaa;1
1420;55/2019;2019_55_60;muuten;1
1420;55/2019;2019_55_60;johtua;1
1420;55/2019;2019_55_60;aina;2
1420;55/2019;2019_55_60;myös;2
1420;55/2019;2019_55_60;aiheuttaa;1
1420;55/2019;2019_55_60;päänsärky;1
1420;55/2019;2019_55_60;eli;1
1420;55/2019;2019_55_60;tämmöinen;3
1420;55/2019;2019_55_60;täysin;1
1420;55/2019;2019_55_60;älyvapaa;1
1420;55/2019;2019_55_60;investointi;1
1420;55/2019;2019_55_60;ratikka;1
1420;55/2019;2019_55_60;kävely;1
1420;55/2019;2019_55_60;pyöräilykeskusta;1
1420;55/2019;2019_55_60;kaupunki;1
1420;55/2019;2019_55_60;kokonaan;1
1420;55/2019;2019_55_60;repiä;1
1420;55/2019;2019_55_60;auki;1
1420;55/2019;2019_55_60;tulla;1
1420;55/2019;2019_55_60;kustannus;1
1420;55/2019;2019_55_60;liian;2
1420;55/2019;2019_55_60;lyhyt;1
1420;55/2019;2019_55_60;aikaväli;1
1420;55/2019;2019_55_60;paljon;1
1420;55/2019;2019_55_60;niin;5
1420;55/2019;2019_55_60;naapurikunta;1
1420;55/2019;2019_55_60;ylöjärvi;1
1420;55/2019;2019_55_60;alentaa;1
1420;55/2019;2019_55_60;kuntavero;1
1420;55/2019;2019_55_60;sama;1
1420;55/2019;2019_55_60;aika;3
1420;55/2019;2019_55_60;kun;1
1420;55/2019;2019_55_60;nostaa;1
1420;55/2019;2019_55_60;kuin;3
1420;55/2019;2019_55_60;lailla;2
1420;55/2019;2019_55_60;mikään;1
1420;55/2019;2019_55_60;kirous;1
1420;55/2019;2019_55_60;siellä;2
1420;55/2019;2019_55_60;tehdä;2
1420;55/2019;2019_55_60;asia;1
1420;55/2019;2019_55_60;oikein;1
1420;55/2019;2019_55_60;väärin;1
1420;55/2019;2019_55_60;hirveä;1
1420;55/2019;2019_55_60;vahva;1
1420;55/2019;2019_55_60;tai;2
1420;55/2019;2019_55_60;paksu;1
1420;55/2019;2019_55_60;byrokratia;2
1420;55/2019;2019_55_60;voida;1
1420;55/2019;2019_55_60;suojatyöpaikka;2
1420;55/2019;2019_55_60;jokin;1
1420;55/2019;2019_55_60;varmaan;1
1420;55/2019;2019_55_60;poliittinen;1
1420;55/2019;2019_55_60;politiikka;1
1420;55/2019;2019_55_60;liittyä;1
1420;55/2019;2019_55_60;hiilineutraali;1
1420;55/2019;2019_55_60;kahvitteluporukka;2
1420;55/2019;2019_55_60;kestävä;1
1420;55/2019;2019_55_60;tällainen;1
1420;55/2019;2019_55_60;näin;1
1420;55/2019;2019_55_60;turha;1
1420;55/2019;2019_55_60;usein;1
1420;55/2019;2019_55_60;entinen;1
1420;55/2019;2019_55_60;poliitikko;1
1420;55/2019;2019_55_60;istuskella;1
1420;55/2019;2019_55_60;kyllä;1
1420;55/2019;2019_55_60;peili;1
1420;55/2019;2019_55_60;katsominen;1
1420;55/2019;2019_55_60;paikka;1
1420;55/2019;2019_55_60;sosiaalidemokraattinen;1
1420;55/2019;2019_55_60;pormestari;1
1420;55/2019;2019_55_60;tarkoittaa;1
1420;55/2019;2019_55_60;taloudenpito;1
1420;55/2019;2019_55_60;ykkösosaamisalue;1
1420;55/2019;2019_55_60;pia;1
1420;55/2019;2019_55_60;viitanen;1
1420;55/2019;2019_55_60;hhoh;1
1420;55/2019;2019_55_60;anneli;1
1420;55/2019;2019_55_60;kiljunen;1
1420;55/2019;2019_55_60;sinä;1
1420;55/2019;2019_55_60;luottamushenkilö;1
1420;55/2019;2019_55_65;puhemies;1
1420;55/2019;2019_55_65;minä;3
1420;55/2019;2019_55_65;olla;17
1420;55/2019;2019_55_65;vähän;2
1420;55/2019;2019_55_65;eri;2
1420;55/2019;2019_55_65;mieli;2
1420;55/2019;2019_55_65;tämä;5
1420;55/2019;2019_55_65;kun;2
1420;55/2019;2019_55_65;sanoa;1
1420;55/2019;2019_55_65;että;5
1420;55/2019;2019_55_65;tampere;5
1420;55/2019;2019_55_65;maahanmuutto;2
1420;55/2019;2019_55_65;rikkaus;1
1420;55/2019;2019_55_65;tehdä;2
1420;55/2019;2019_55_65;se;6
1420;55/2019;2019_55_65;valtuustoaloite;1
1420;55/2019;2019_55_65;tutkia;1
1420;55/2019;2019_55_65;ei-työperäinen;1
1420;55/2019;2019_55_65;kustannus;1
1420;55/2019;2019_55_65;mutta;4
1420;55/2019;2019_55_65;ei;3
1420;55/2019;2019_55_65;haluta;2
1420;55/2019;2019_55_65;sitten;5
1420;55/2019;2019_55_65;koulu;3
1420;55/2019;2019_55_65;saada;1
1420;55/2019;2019_55_65;sellainen;1
1420;55/2019;2019_55_65;signaali;1
1420;55/2019;2019_55_65;ihan;2
1420;55/2019;2019_55_65;apulaispormestari;1
1420;55/2019;2019_55_65;joka;1
1420;55/2019;2019_55_65;muuten;2
1420;55/2019;2019_55_65;sosiaalidemokraatti;1
1420;55/2019;2019_55_65;kertoa;1
1420;55/2019;2019_55_65;opettaja;1
1420;55/2019;2019_55_65;henkinen;1
1420;55/2019;2019_55_65;kuorma;1
1420;55/2019;2019_55_65;kasvaa;1
1420;55/2019;2019_55_65;ja;2
1420;55/2019;2019_55_65;levoton;1
1420;55/2019;2019_55_65;koko;1
1420;55/2019;2019_55_65;aika;2
1420;55/2019;2019_55_65;semmoinen;1
1420;55/2019;2019_55_65;tilastollinen;1
1420;55/2019;2019_55_65;fakta;1
1420;55/2019;2019_55_65;muuttovoittokaupunki;1
1420;55/2019;2019_55_65;tietty;1
1420;55/2019;2019_55_65;ikäluokka;1
1420;55/2019;2019_55_65;muuttotappiokaupunki;1
1420;55/2019;2019_55_65;tietää;1
1420;55/2019;2019_55_65;nyt;2
1420;55/2019;2019_55_65;viimeinen;1
1420;55/2019;2019_55_65;tilasto;1
1420;55/2019;2019_55_65;pieni;1
1420;55/2019;2019_55_65;lapsi;1
1420;55/2019;2019_55_65;perhe;1
1420;55/2019;2019_55_65;muuttotappio;1
1420;55/2019;2019_55_65;eli;2
1420;55/2019;2019_55_65;naapurikunta;2
1420;55/2019;2019_55_65;muuttaa;3
1420;55/2019;2019_55_65;tällainen;1
1420;55/2019;2019_55_65;työssäkäyvä;1
1420;55/2019;2019_55_65;hyvä;1
1420;55/2019;2019_55_65;veronmaksaja;1
1420;55/2019;2019_55_65;tai;1
1420;55/2019;2019_55_65;jokin;1
1420;55/2019;2019_55_65;muualle;1
1420;55/2019;2019_55_65;pääkaupunkiseutu;1
1420;55/2019;2019_55_65;esimerkiksi;1
1420;55/2019;2019_55_65;valmistua;1
1420;55/2019;2019_55_65;myös;1
1420;55/2019;2019_55_65;hyvin;1
1420;55/2019;2019_55_65;paljon;1
1420;55/2019;2019_55_65;puhua;1
1420;55/2019;2019_55_65;koalitio;1
1420;55/2019;2019_55_65;antaa;1
1420;55/2019;2019_55_65;mennä;1
1420;55/2019;2019_55_65;kuntapolitiikka;1
1420;55/2019;2019_55_65;puoli;1
1420;55/2019;2019_55_65;pormestari;1
1420;55/2019;2019_55_65;kaksi;1
1420;55/2019;2019_55_65;vuosi;1
1420;55/2019;2019_55_65;oikaista;1
1420;55/2019;2019_55_65;taloustilanne;1
1420;55/2019;2019_55_65;tarttua;1
1420;55/2019;2019_55_65;kunnolla;1
1420;55/2019;2019_55_65;jo;1
1420;55/2019;2019_55_65;tilanne;1
1420;75/2019;2019_75_60;arvoisa;1
1420;75/2019;2019_75_60;puhemies;1
1420;75/2019;2019_75_60;kuten;1
1420;75/2019;2019_75_60;tietää;1
1420;75/2019;2019_75_60;yhä;1
1420;75/2019;2019_75_60;usea;1
1420;75/2019;2019_75_60;kouluttaa;1
1420;75/2019;2019_75_60;suomalainen;1
1420;75/2019;2019_75_60;muuttaa;1
1420;75/2019;2019_75_60;ulkomaa;1
1420;75/2019;2019_75_60;moni;1
1420;75/2019;2019_75_60;syy;1
1420;75/2019;2019_75_60;ja;4
1420;75/2019;2019_75_60;yksi;1
1420;75/2019;2019_75_60;se;3
1420;75/2019;2019_75_60;olla;4
1420;75/2019;2019_75_60;hyvä;1
1420;75/2019;2019_75_60;palkka;1
1420;75/2019;2019_75_60;matala;1
1420;75/2019;2019_75_60;verotus;5
1420;75/2019;2019_75_60;suomi;5
1420;75/2019;2019_75_60;ei;2
1420;75/2019;2019_75_60;erityinen;1
1420;75/2019;2019_75_60;houkutteleva;1
1420;75/2019;2019_75_60;maa;2
1420;75/2019;2019_75_60;hyvätuloinen;1
1420;75/2019;2019_75_60;juuri;1
1420;75/2019;2019_75_60;korkea;2
1420;75/2019;2019_75_60;työ;2
1420;75/2019;2019_75_60;takia;1
1420;75/2019;2019_75_60;myös;1
1420;75/2019;2019_75_60;karkottaa;1
1420;75/2019;2019_75_60;yrittäjä;1
1420;75/2019;2019_75_60;muu;1
1420;75/2019;2019_75_60;edustaja;1
1420;75/2019;2019_75_60;suomela;1
1420;75/2019;2019_75_60;sanoa;1
1420;75/2019;2019_75_60;että;3
1420;75/2019;2019_75_60;tuloveroprosentti;1
1420;75/2019;2019_75_60;merkitys;2
1420;75/2019;2019_75_60;työelämä;2
1420;75/2019;2019_75_60;väittää;1
1420;75/2019;2019_75_60;suuri;1
1420;75/2019;2019_75_60;pitää;2
1420;75/2019;2019_75_60;alentaa;1
1420;75/2019;2019_75_60;yrittäjyys;1
1420;75/2019;2019_75_60;kaikki;1
1420;75/2019;2019_75_60;tuloluokka;1
1420;75/2019;2019_75_60;vain;1
1420;75/2019;2019_75_60;kautta;1
1420;75/2019;2019_75_60;veto;1
1420;75/2019;2019_75_60;pitovoima;1
1420;75/2019;2019_75_60;parata;1
1420;75/2019;2019_75_60;hallitus;1
1420;75/2019;2019_75_60;ymmärtää;1
1420;75/2019;2019_75_60;vero;1
1420;75/2019;2019_75_60;korottaa;1
1420;75/2019;2019_75_60;tulla;1
1420;75/2019;2019_75_60;entinen;1
1420;75/2019;2019_75_60;luotaantyöntävä;1
1420;75/2019;2019_75_60;osaaja;1
1420;75/2019;2019_75_60;joka;1
1420;75/2019;2019_75_60;nyt;1
1420;75/2019;2019_75_60;tarvita;1
1420;79/2019;2019_79_3;arvoisa;1
1420;79/2019;2019_79_3;puhemies;1
1420;79/2019;2019_79_3;huomi;1
1420;79/2019;2019_79_3;asia;1
1420;79/2019;2019_79_3;yksityiskohtainen;1
1420;79/2019;2019_79_3;käsittely;1
1420;79/2019;2019_79_3;tulla;1
1420;79/2019;2019_79_3;tehdä;1
1420;79/2019;2019_79_3;pöytä;1
1420;79/2019;2019_79_3;jakaa;1
1420;79/2019;2019_79_3;pykälämuutosehdotus;1
1420;79/2019;2019_79_3;minä;1
1420;79/2019;2019_79_3;tulkinta;1
1420;79/2019;2019_79_3;mukaan;1
1420;79/2019;2019_79_3;tämä;1
1420;79/2019;2019_79_3;kaventaa;1
1420;79/2019;2019_79_3;hallintoneuvosto;1
1420;79/2019;2019_79_3;valta;1
1420;79/2019;2019_79_3;suhde;1
1420;79/2019;2019_79_3;hallitus;1
1420;80/2019;2019_80_7;arvoisa;1
1420;80/2019;2019_80_7;puhemies;1
1420;80/2019;2019_80_7;tehdä;1
1420;80/2019;2019_80_7;pöytä;1
1420;80/2019;2019_80_7;jakaa;1
1420;80/2019;2019_80_7;pykälämuutosehdotus;1
1420;12/2020;2020_12_88;arvoisa;1
1420;12/2020;2020_12_88;herra;1
1420;12/2020;2020_12_88;puhemies;1
1420;12/2020;2020_12_88;keskustelu;1
1420;12/2020;2020_12_88;olla;13
1420;12/2020;2020_12_88;ilmastovuosikertomus;1
1420;12/2020;2020_12_88;joka;3
1420;12/2020;2020_12_88;viikko;1
1420;12/2020;2020_12_88;eduskuntatalo;1
1420;12/2020;2020_12_88;kuulla;1
1420;12/2020;2020_12_88;hokea;1
1420;12/2020;2020_12_88;että;4
1420;12/2020;2020_12_88;suomi;8
1420;12/2020;2020_12_88;ja;8
1420;12/2020;2020_12_88;suomalainen;2
1420;12/2020;2020_12_88;pitää;4
1420;12/2020;2020_12_88;kunnianhimoinen;4
1420;12/2020;2020_12_88;ilmastopolitiikka;3
1420;12/2020;2020_12_88;päästö;5
1420;12/2020;2020_12_88;vähentäminen;1
1420;12/2020;2020_12_88;kunnianhimo;2
1420;12/2020;2020_12_88;hyvä;2
1420;12/2020;2020_12_88;asia;1
1420;12/2020;2020_12_88;mutta;1
1420;12/2020;2020_12_88;oma;1
1420;12/2020;2020_12_88;jalka;1
1420;12/2020;2020_12_88;ampuminen;1
1420;12/2020;2020_12_88;ei;10
1420;12/2020;2020_12_88;edelleen;1
1420;12/2020;2020_12_88;vain;1
1420;12/2020;2020_12_88;promille;2
1420;12/2020;2020_12_88;globaali;1
1420;12/2020;2020_12_88;hiilidioksidipäästö;1
1420;12/2020;2020_12_88;tarkoittaa;1
1420;12/2020;2020_12_88;se;3
1420;12/2020;2020_12_88;minä;3
1420;12/2020;2020_12_88;juuri;1
1420;12/2020;2020_12_88;mikään;4
1420;12/2020;2020_12_88;vaikutus;3
1420;12/2020;2020_12_88;ilmasto;1
1420;12/2020;2020_12_88;vaikka;2
1420;12/2020;2020_12_88;päästää;1
1420;12/2020;2020_12_88;niin;2
1420;12/2020;2020_12_88;muuttua;1
1420;12/2020;2020_12_88;nähden;1
1420;12/2020;2020_12_88;tuo;1
1420;12/2020;2020_12_88;hokema;1
1420;12/2020;2020_12_88;erityinen;1
1420;12/2020;2020_12_88;löytyä;1
1420;12/2020;2020_12_88;peruste;1
1420;12/2020;2020_12_88;voida;3
1420;12/2020;2020_12_88;tieten;1
1420;12/2020;2020_12_88;vähentää;2
1420;12/2020;2020_12_88;järkevästi;1
1420;12/2020;2020_12_88;hallitusti;1
1420;12/2020;2020_12_88;samalla;2
1420;12/2020;2020_12_88;kehittää;1
1420;12/2020;2020_12_88;puhdas;2
1420;12/2020;2020_12_88;teknologia;2
1420;12/2020;2020_12_88;kuten;1
1420;12/2020;2020_12_88;täällä;1
1420;12/2020;2020_12_88;aikaisemmin;1
1420;12/2020;2020_12_88;edustaja;2
1420;12/2020;2020_12_88;vestman;1
1420;12/2020;2020_12_88;kauma;1
1420;12/2020;2020_12_88;sanoa;1
1420;12/2020;2020_12_88;siellä;1
1420;12/2020;2020_12_88;uusi;1
1420;12/2020;2020_12_88;nokia;1
1420;12/2020;2020_12_88;kipeästi;1
1420;12/2020;2020_12_88;kaivata;1
1420;12/2020;2020_12_88;päätöksenteko;1
1420;12/2020;2020_12_88;huomioida;1
1420;12/2020;2020_12_88;kansallinen;1
1420;12/2020;2020_12_88;etu;1
1420;12/2020;2020_12_88;hyvinvointivaltio;1
1420;12/2020;2020_12_88;rahoituspohja;1
1420;12/2020;2020_12_88;saada;4
1420;12/2020;2020_12_88;ajaa;1
1420;12/2020;2020_12_88;kriittinen;1
1420;12/2020;2020_12_88;tärkeä;1
1420;12/2020;2020_12_88;teollisuus;2
1420;12/2020;2020_12_88;ulos;1
1420;12/2020;2020_12_88;heikentää;1
1420;12/2020;2020_12_88;kansantalous;1
1420;12/2020;2020_12_88;kestävyys;1
1420;12/2020;2020_12_88;tuomas;1
1420;12/2020;2020_12_88;kettunen;1
1420;12/2020;2020_12_88;paikka;1
1420;12/2020;2020_12_88;esimerkiksi;2
1420;12/2020;2020_12_88;metsäteollisuus;3
1420;12/2020;2020_12_88;elanto;1
1420;12/2020;2020_12_88;työntekijä;1
1420;12/2020;2020_12_88;yli;1
1420;12/2020;2020_12_88;prosentti;1
1420;12/2020;2020_12_88;vienti;1
1420;12/2020;2020_12_88;liian;1
1420;12/2020;2020_12_88;vaarantaa;1
1420;12/2020;2020_12_88;muu;2
1420;12/2020;2020_12_88;toiminta;2
1420;12/2020;2020_12_88;suhtautua;1
1420;12/2020;2020_12_88;pragmaattisesti;1
1420;12/2020;2020_12_88;eli;1
1420;12/2020;2020_12_88;käytännönläheisesti;1
1420;12/2020;2020_12_88;kiihkomielinen;1
1420;12/2020;2020_12_88;mennä;1
1420;12/2020;2020_12_88;maalaisjärkinen;1
1420;12/2020;2020_12_88;ajattelu;1
1420;12/2020;2020_12_88;järkevä;1
1420;12/2020;2020_12_88;edelle;1
1420;12/2020;2020_12_88;hiilitulli;1
1420;12/2020;2020_12_88;käyttöönottaminen;1
1420;12/2020;2020_12_88;kiina;1
1420;12/2020;2020_12_88;tapahtua;1
1420;12/2020;2020_12_88;tuonti;1
1420;12/2020;2020_12_88;yksi;1
1420;12/2020;2020_12_88;käytännönläheinen;1
1420;12/2020;2020_12_88;toimenpide;1
1420;12/2020;2020_12_88;suuri;1
1420;12/2020;2020_12_88;todennäköisyys;1
1420;12/2020;2020_12_88;kannattaa;1
1420;12/2020;2020_12_88;peltokangas;1
1420;12/2020;2020_12_88;tehdä;1
1420;12/2020;2020_12_88;esitys;1
1420;12/2020;2020_12_88;kiitos;1
1420;31/2020;2020_31_64;arvoisa;3
1420;31/2020;2020_31_64;herra;1
1420;31/2020;2020_31_64;puhemies;2
1420;31/2020;2020_31_64;haluta;2
1420;31/2020;2020_31_64;tuoda;1
1420;31/2020;2020_31_64;tämä;11
1420;31/2020;2020_31_64;lisätalousarvio;1
1420;31/2020;2020_31_64;ja;18
1420;31/2020;2020_31_64;koronakriisikeskustelu;1
1420;31/2020;2020_31_64;suomalainen;3
1420;31/2020;2020_31_64;yrittäjä;15
1420;31/2020;2020_31_64;ääni;1
1420;31/2020;2020_31_64;se;8
1420;31/2020;2020_31_64;olla;24
1420;31/2020;2020_31_64;suoranainen;1
1420;31/2020;2020_31_64;hätähuuto;1
1420;31/2020;2020_31_64;jo;1
1420;31/2020;2020_31_64;vuosikymmen;1
1420;31/2020;2020_31_64;maa;2
1420;31/2020;2020_31_64;talous;2
1420;31/2020;2020_31_64;selkäranka;2
1420;31/2020;2020_31_64;ilman;1
1420;31/2020;2020_31_64;menestyä;1
1420;31/2020;2020_31_64;ei;14
1420;31/2020;2020_31_64;minä;6
1420;31/2020;2020_31_64;vahva;1
1420;31/2020;2020_31_64;julkinen;3
1420;31/2020;2020_31_64;sektori;1
1420;31/2020;2020_31_64;siis;2
1420;31/2020;2020_31_64;hyvinvointivaltio;2
1420;31/2020;2020_31_64;nyt;4
1420;31/2020;2020_31_64;kun;4
1420;31/2020;2020_31_64;tarvita;1
1420;31/2020;2020_31_64;apu;2
1420;31/2020;2020_31_64;vastata;1
1420;31/2020;2020_31_64;huuto;1
1420;31/2020;2020_31_64;resurssi;1
1420;31/2020;2020_31_64;kyllä;1
1420;31/2020;2020_31_64;kyse;1
1420;31/2020;2020_31_64;tahtotila;1
1420;31/2020;2020_31_64;hallitus;3
1420;31/2020;2020_31_64;nykyinen;1
1420;31/2020;2020_31_64;toimi;1
1420;31/2020;2020_31_64;tukea;2
1420;31/2020;2020_31_64;mieli;1
1420;31/2020;2020_31_64;riittävä;1
1420;31/2020;2020_31_64;suomi;2
1420;31/2020;2020_31_64;tehdä;3
1420;31/2020;2020_31_64;esitys;2
1420;31/2020;2020_31_64;toimenpide;3
1420;31/2020;2020_31_64;joka;4
1420;31/2020;2020_31_64;luoda;1
1420;31/2020;2020_31_64;yritys;7
1420;31/2020;2020_31_64;hän;1
1420;31/2020;2020_31_64;työntekijä;2
1420;31/2020;2020_31_64;hyvä;1
1420;31/2020;2020_31_64;olosuhde;1
1420;31/2020;2020_31_64;selviytyä;1
1420;31/2020;2020_31_64;koronakriisi;1
1420;31/2020;2020_31_64;mahdollimman;1
1420;31/2020;2020_31_64;vähä;1
1420;31/2020;2020_31_64;vahinko;1
1420;31/2020;2020_31_64;kukaan;2
1420;31/2020;2020_31_64;sali;1
1420;31/2020;2020_31_64;kotikatsomo;1
1420;31/2020;2020_31_64;tarpeellinen;1
1420;31/2020;2020_31_64;muistuttaa;1
1420;31/2020;2020_31_64;mikä;2
1420;31/2020;2020_31_64;murhenäytelmä;1
1420;31/2020;2020_31_64;luku;1
1420;31/2020;2020_31_64;talouskriisi;1
1420;31/2020;2020_31_64;tietää;2
1420;31/2020;2020_31_64;pystyä;1
1420;31/2020;2020_31_64;välttää;1
1420;31/2020;2020_31_64;vastaava;1
1420;31/2020;2020_31_64;kriisi;3
1420;31/2020;2020_31_64;mutta;2
1420;31/2020;2020_31_64;aina;1
1420;31/2020;2020_31_64;yrittää;1
1420;31/2020;2020_31_64;saada;1
1420;31/2020;2020_31_64;lamaantua;1
1420;31/2020;2020_31_64;pelätä;1
1420;31/2020;2020_31_64;velkaraha;1
1420;31/2020;2020_31_64;käyttäminen;1
1420;31/2020;2020_31_64;työpaikka;1
1420;31/2020;2020_31_64;turvaaminen;1
1420;31/2020;2020_31_64;konkurssi;1
1420;31/2020;2020_31_64;välttäminen;1
1420;31/2020;2020_31_64;ottaa;3
1420;31/2020;2020_31_64;kymmenen;1
1420;31/2020;2020_31_64;miljardi;3
1420;31/2020;2020_31_64;velka;2
1420;31/2020;2020_31_64;silloin;1
1420;31/2020;2020_31_64;mennä;2
1420;31/2020;2020_31_64;hyvin;1
1420;31/2020;2020_31_64;ehkä;1
1420;31/2020;2020_31_64;kovin;1
1420;31/2020;2020_31_64;järkevä;1
1420;31/2020;2020_31_64;ottaminen;1
1420;31/2020;2020_31_64;suorastaan;1
1420;31/2020;2020_31_64;pakollinen;1
1420;31/2020;2020_31_64;pelastaa;1
1420;31/2020;2020_31_64;turvata;2
1420;31/2020;2020_31_64;osa;4
1420;31/2020;2020_31_64;rahoitus;1
1420;31/2020;2020_31_64;estää;1
1420;31/2020;2020_31_64;kassakriisi;1
1420;31/2020;2020_31_64;lukea;2
1420;31/2020;2020_31_64;toimenpide-ehdotus;1
1420;31/2020;2020_31_64;työnantajatuki;1
1420;31/2020;2020_31_64;valtio;7
1420;31/2020;2020_31_64;työeläkeyhtiö;2
1420;31/2020;2020_31_64;pitää;4
1420;31/2020;2020_31_64;kantaa;1
1420;31/2020;2020_31_64;työnantaja;1
1420;31/2020;2020_31_64;sosiaalivakuutusmaksu;1
1420;31/2020;2020_31_64;alkaen;3
1420;31/2020;2020_31_64;kolme;3
1420;31/2020;2020_31_64;kuukausi;7
1420;31/2020;2020_31_64;aika;6
1420;31/2020;2020_31_64;työeläkemaksu;1
1420;31/2020;2020_31_64;voida;1
1420;31/2020;2020_31_64;hyödyntää;1
1420;31/2020;2020_31_64;niin;1
1420;31/2020;2020_31_64;sanottu;1
1420;31/2020;2020_31_64;emu-puskuri;1
1420;31/2020;2020_31_64;vaikutus;1
1420;31/2020;2020_31_64;noin;2
1420;31/2020;2020_31_64;eli;1
1420;31/2020;2020_31_64;yhteensä;2
1420;31/2020;2020_31_64;yrittäjätuki;1
1420;31/2020;2020_31_64;vastuu;1
1420;31/2020;2020_31_64;yel;1
1420;31/2020;2020_31_64;myel-maksu;1
1420;31/2020;2020_31_64;kuusi;1
1420;31/2020;2020_31_64;jotta;2
1420;31/2020;2020_31_64;raha;2
1420;31/2020;2020_31_64;loppua;1
1420;31/2020;2020_31_64;yel-vakuutettu;1
1420;31/2020;2020_31_64;myel-vakuutettu;1
1420;31/2020;2020_31_64;eläkemaksutuki;1
1420;31/2020;2020_31_64;maksaa;4
1420;31/2020;2020_31_64;lisää;1
1420;31/2020;2020_31_64;miljoona;2
1420;31/2020;2020_31_64;puoli;1
1420;31/2020;2020_31_64;vuosi;3
1420;31/2020;2020_31_64;tuki;1
1420;31/2020;2020_31_64;euro;2
1420;31/2020;2020_31_64;yksinyrittäjätuki;1
1420;31/2020;2020_31_64;selvittämätön;1
1420;31/2020;2020_31_64;verovelka;1
1420;31/2020;2020_31_64;loppu;1
1420;31/2020;2020_31_64;jatkaa;1
1420;31/2020;2020_31_64;yritystoiminta;2
1420;31/2020;2020_31_64;palauttaa;1
1420;31/2020;2020_31_64;alkuvuosi;1
1420;31/2020;2020_31_64;oma-aloitteinen;1
1420;31/2020;2020_31_64;vero;2
1420;31/2020;2020_31_64;arvonlisävero;1
1420;31/2020;2020_31_64;työnantajasuoritus;1
1420;31/2020;2020_31_64;ennakkovero;1
1420;31/2020;2020_31_64;hakemus;1
1420;31/2020;2020_31_64;laina;1
1420;31/2020;2020_31_64;käyttöpääoma;1
1420;31/2020;2020_31_64;vahvistaminen;1
1420;31/2020;2020_31_64;koroton;1
1420;31/2020;2020_31_64;maksulykkäysaika;1
1420;31/2020;2020_31_64;yksi;1
1420;31/2020;2020_31_64;alkaa;1
1420;31/2020;2020_31_64;valmiuslaki;1
1420;31/2020;2020_31_64;enää;1
1420;31/2020;2020_31_64;voimassa;1
1420;31/2020;2020_31_64;te-toimisto;1
1420;31/2020;2020_31_64;ohjeistaa;1
1420;31/2020;2020_31_64;suhtautua;1
1420;31/2020;2020_31_64;myönteisesti;1
1420;31/2020;2020_31_64;starttirahayrittäjä;1
1420;31/2020;2020_31_64;maksujakso;1
1420;31/2020;2020_31_64;pidentäminen;1
1420;31/2020;2020_31_64;jatkaminen;1
1420;31/2020;2020_31_64;varmistaa;1
1420;31/2020;2020_31_64;aloittaa;1
1420;31/2020;2020_31_64;jatkuvuus;1
1420;31/2020;2020_31_64;varten;1
1420;31/2020;2020_31_64;vahvistaa;1
1420;31/2020;2020_31_64;starttiraha;1
1420;31/2020;2020_31_64;resursointi;1
1420;31/2020;2020_31_64;vuokranantaja;1
1420;31/2020;2020_31_64;kunta;2
1420;31/2020;2020_31_64;yhtiö;1
1420;31/2020;2020_31_64;metsähallitus;1
1420;31/2020;2020_31_64;alentaa;2
1420;31/2020;2020_31_64;vuokra;1
1420;31/2020;2020_31_64;oma-aloitteisesti;1
1420;31/2020;2020_31_64;vähintään;1
1420;31/2020;2020_31_64;vedota;1
1420;31/2020;2020_31_64;suuri;1
1420;31/2020;2020_31_64;kiinteistöyhtiö;1
1420;31/2020;2020_31_64;että;3
1420;31/2020;2020_31_64;määräaika;1
1420;31/2020;2020_31_64;kauppakeskus;1
1420;31/2020;2020_31_64;vuokrataso;1
1420;31/2020;2020_31_64;sekä;1
1420;31/2020;2020_31_64;joustavoittaa;1
1420;31/2020;2020_31_64;aukioloehto;1
1420;31/2020;2020_31_64;toteuttaa;1
1420;31/2020;2020_31_64;hankinta;1
1420;31/2020;2020_31_64;etupainotteisesti;1
1420;31/2020;2020_31_64;moni;1
1420;31/2020;2020_31_64;toiminta;1
1420;31/2020;2020_31_64;markkina;1
1420;31/2020;2020_31_64;elävä;1
1420;31/2020;2020_31_64;yli;1
1420;31/2020;2020_31_64;esittää;1
1420;31/2020;2020_31_64;jos;2
1420;31/2020;2020_31_64;sinä;3
1420;31/2020;2020_31_64;hallituspuolue;1
1420;31/2020;2020_31_64;sormi;1
1420;31/2020;2020_31_64;suu;1
1420;31/2020;2020_31_64;miten;1
1420;31/2020;2020_31_64;auttaa;2
1420;31/2020;2020_31_64;kaivata;1
1420;31/2020;2020_31_64;lista;1
1420;31/2020;2020_31_64;esiin;1
1420;31/2020;2020_31_64;ruveta;1
1420;31/2020;2020_31_64;päätös;1
1420;31/2020;2020_31_64;mitä;1
1420;31/2020;2020_31_64;kauemmin;1
1420;31/2020;2020_31_64;hidastella;1
1420;31/2020;2020_31_64;epäröidä;1
1420;31/2020;2020_31_64;sitä;1
1420;31/2020;2020_31_64;ruma;1
1420;31/2020;2020_31_64;jälki;1
1420;31/2020;2020_31_64;tulla;2
1420;31/2020;2020_31_64;lopuksi;1
1420;31/2020;2020_31_64;sanoa;1
1420;31/2020;2020_31_64;historia;1
1420;31/2020;2020_31_64;syyllistää;1
1420;31/2020;2020_31_64;liikaa;1
1420;31/2020;2020_31_64;sijaan;1
1420;31/2020;2020_31_64;antaa;1
1420;31/2020;2020_31_64;mikro;1
1420;31/2020;2020_31_64;pksektori;1
1420;31/2020;2020_31_64;tuhoutua;1
1420;31/2020;2020_31_64;kunnia;1
1420;31/2020;2020_31_64;kukko;1
1420;31/2020;2020_31_64;laulaa;1
1420;31/2020;2020_31_64;historiankirja;1
1420;31/2020;2020_31_64;kirjoittaa;1
1420;31/2020;2020_31_64;kiitos;1
1420;41/2020;2020_41_22;arvoisa;1
1420;41/2020;2020_41_22;herra;1
1420;41/2020;2020_41_22;puhemies;1
1420;41/2020;2020_41_22;olla;25
1420;41/2020;2020_41_22;todella;1
1420;41/2020;2020_41_22;vakava;1
1420;41/2020;2020_41_22;asia;1
1420;41/2020;2020_41_22;äärellä;1
1420;41/2020;2020_41_22;kun;2
1420;41/2020;2020_41_22;ravitsemusliike;1
1420;41/2020;2020_41_22;ja;9
1420;41/2020;2020_41_22;majoitusliike;2
1420;41/2020;2020_41_22;määrätä;2
1420;41/2020;2020_41_22;sulkea;2
1420;41/2020;2020_41_22;näin;1
1420;41/2020;2020_41_22;pitää;4
1420;41/2020;2020_41_22;tieten;1
1420;41/2020;2020_41_22;tehdä;3
1420;41/2020;2020_41_22;mutta;4
1420;41/2020;2020_41_22;seuraava;1
1420;41/2020;2020_41_22;kysymys;2
1420;41/2020;2020_41_22;kuulua;1
1420;41/2020;2020_41_22;että;13
1420;41/2020;2020_41_22;koska;3
1420;41/2020;2020_41_22;valtiovalta;3
1420;41/2020;2020_41_22;yritys;3
1420;41/2020;2020_41_22;niin;7
1420;41/2020;2020_41_22;miten;5
1420;41/2020;2020_41_22;sitten;4
1420;41/2020;2020_41_22;korvata;2
1420;41/2020;2020_41_22;tappio;2
1420;41/2020;2020_41_22;itsestäänselvä;1
1420;41/2020;2020_41_22;tämä;23
1420;41/2020;2020_41_22;mennä;3
1420;41/2020;2020_41_22;omaisuudensuoja;1
1420;41/2020;2020_41_22;puoli;2
1420;41/2020;2020_41_22;paljon;2
1420;41/2020;2020_41_22;seurata;2
1420;41/2020;2020_41_22;mikä;3
1420;41/2020;2020_41_22;muu;2
1420;41/2020;2020_41_22;maa;1
1420;41/2020;2020_41_22;esimerkiksi;2
1420;41/2020;2020_41_22;saksa;2
1420;41/2020;2020_41_22;yleensä;1
1420;41/2020;2020_41_22;koko;3
1420;41/2020;2020_41_22;mikroyrityskenttä;1
1420;41/2020;2020_41_22;sellainen;2
1420;41/2020;2020_41_22;toimenpide;1
1420;41/2020;2020_41_22;jos;6
1420;41/2020;2020_41_22;pieni;3
1420;41/2020;2020_41_22;työntekijä;2
1420;41/2020;2020_41_22;kertakorvaus;1
1420;41/2020;2020_41_22;euro;2
1420;41/2020;2020_41_22;kuukausi;2
1420;41/2020;2020_41_22;aika;2
1420;41/2020;2020_41_22;yrittäjä;5
1420;41/2020;2020_41_22;pystyä;1
1420;41/2020;2020_41_22;osoittaa;1
1420;41/2020;2020_41_22;koronakriisi;1
1420;41/2020;2020_41_22;vaikutus;1
1420;41/2020;2020_41_22;maksuvalmius;1
1420;41/2020;2020_41_22;kassavirta;1
1420;41/2020;2020_41_22;korvaussumma;1
1420;41/2020;2020_41_22;minu;1
1420;41/2020;2020_41_22;ottaa;2
1420;41/2020;2020_41_22;nyt;6
1420;41/2020;2020_41_22;yhteys;1
1420;41/2020;2020_41_22;yö;1
1420;41/2020;2020_41_22;päivä;1
1420;41/2020;2020_41_22;käytäntö;2
1420;41/2020;2020_41_22;vastata;1
1420;41/2020;2020_41_22;sosiaalinen;1
1420;41/2020;2020_41_22;media;1
1420;41/2020;2020_41_22;se;9
1420;41/2020;2020_41_22;tuki;5
1420;41/2020;2020_41_22;saada;7
1420;41/2020;2020_41_22;konkurssi;2
1420;41/2020;2020_41_22;ovi;1
1420;41/2020;2020_41_22;maksu;2
1420;41/2020;2020_41_22;pino;1
1420;41/2020;2020_41_22;edelleen;1
1420;41/2020;2020_41_22;kiinnostaa;1
1420;41/2020;2020_41_22;hallitus;2
1420;41/2020;2020_41_22;ajatella;1
1420;41/2020;2020_41_22;hoitaa;2
1420;41/2020;2020_41_22;homma;1
1420;41/2020;2020_41_22;milloin;2
1420;41/2020;2020_41_22;joku;2
1420;41/2020;2020_41_22;selkeä;1
1420;41/2020;2020_41_22;nettiosoite;1
1420;41/2020;2020_41_22;verkkosivu;1
1420;41/2020;2020_41_22;joka;3
1420;41/2020;2020_41_22;ohjata;1
1420;41/2020;2020_41_22;oikea;1
1420;41/2020;2020_41_22;luukku;1
1420;41/2020;2020_41_22;turvata;1
1420;41/2020;2020_41_22;ennen;2
1420;41/2020;2020_41_22;pitkälle;1
1420;41/2020;2020_41_22;voida;2
1420;41/2020;2020_41_22;sinä;1
1420;41/2020;2020_41_22;malli;3
1420;41/2020;2020_41_22;vaikka;1
1420;41/2020;2020_41_22;kysyä;3
1420;41/2020;2020_41_22;sieltä;2
1420;41/2020;2020_41_22;hän;1
1420;41/2020;2020_41_22;suomi;1
1420;41/2020;2020_41_22;ei;6
1420;41/2020;2020_41_22;tahtoa;1
1420;41/2020;2020_41_22;löytyä;1
1420;41/2020;2020_41_22;no;1
1420;41/2020;2020_41_22;pääministeri;2
1420;41/2020;2020_41_22;äsken;2
1420;41/2020;2020_41_22;kertoa;1
1420;41/2020;2020_41_22;kunta;1
1420;41/2020;2020_41_22;kautta;1
1420;41/2020;2020_41_22;tulla;2
1420;41/2020;2020_41_22;yksinyrittäjä;1
1420;41/2020;2020_41_22;tarvita;2
1420;41/2020;2020_41_22;siis;1
1420;41/2020;2020_41_22;laina;1
1420;41/2020;2020_41_22;suuri;1
1420;41/2020;2020_41_22;osa;1
1420;41/2020;2020_41_22;haluta;1
1420;41/2020;2020_41_22;ylivelkaantua;1
1420;41/2020;2020_41_22;kriisi;2
1420;41/2020;2020_41_22;takia;1
1420;41/2020;2020_41_22;vaan;2
1420;41/2020;2020_41_22;rahallinen;1
1420;41/2020;2020_41_22;jättityöttömyys;2
1420;41/2020;2020_41_22;lasku;1
1420;41/2020;2020_41_22;luokka;1
1420;41/2020;2020_41_22;miljardi;2
1420;41/2020;2020_41_22;vuosi;1
1420;41/2020;2020_41_22;eli;2
1420;41/2020;2020_41_22;täytyä;2
1420;41/2020;2020_41_22;toimia;1
1420;41/2020;2020_41_22;proaktiivisesti;1
1420;41/2020;2020_41_22;ymmärtää;1
1420;41/2020;2020_41_22;palata;1
1420;41/2020;2020_41_22;raha;1
1420;41/2020;2020_41_22;säästäminen;1
1420;41/2020;2020_41_22;tulevaisuus;1
1420;41/2020;2020_41_22;torpata;1
1420;41/2020;2020_41_22;perintäfirma;3
1420;41/2020;2020_41_22;siellä;2
1420;41/2020;2020_41_22;verenhimoisesti;1
1420;41/2020;2020_41_22;teroittaa;1
1420;41/2020;2020_41_22;kynsi;1
1420;41/2020;2020_41_22;päästä;2
1420;41/2020;2020_41_22;periä;1
1420;41/2020;2020_41_22;aikoa;1
1420;41/2020;2020_41_22;jokin;1
1420;41/2020;2020_41_22;hyökätä;1
1420;41/2020;2020_41_22;perintä;1
1420;41/2020;2020_41_22;kierre;1
1420;41/2020;2020_41_22;myös;1
1420;41/2020;2020_41_22;vaikea;1
1420;41/2020;2020_41_22;katkaista;1
1420;41/2020;2020_41_22;jotenkin;1
1420;41/2020;2020_41_22;mahdollinen;2
1420;41/2020;2020_41_22;jarruttaa;1
1420;41/2020;2020_41_22;toiminta;2
1420;41/2020;2020_41_22;tilanne;1
1420;41/2020;2020_41_22;uhata;2
1420;41/2020;2020_41_22;ainoastaan;1
1420;41/2020;2020_41_22;ravintola;1
1420;41/2020;2020_41_22;pksektori;1
1420;41/2020;2020_41_22;parturikampaamo;1
1420;41/2020;2020_41_22;hieroja;1
1420;41/2020;2020_41_22;fysioterapeutti;1
1420;41/2020;2020_41_22;kuntosali;1
1420;41/2020;2020_41_22;rakennusliike;1
1420;41/2020;2020_41_22;autokorjaamo;1
1420;41/2020;2020_41_22;erikoiskauppa;1
1420;41/2020;2020_41_22;läpi;1
1420;41/2020;2020_41_22;yhteiskunta;1
1420;41/2020;2020_41_22;ihan;2
1420;41/2020;2020_41_22;lupaava;1
1420;41/2020;2020_41_22;kuulla;1
1420;41/2020;2020_41_22;vielä;1
1420;41/2020;2020_41_22;jo;1
1420;41/2020;2020_41_22;ensi;1
1420;41/2020;2020_41_22;viikko;1
1420;41/2020;2020_41_22;vai;1
1420;41/2020;2020_41_22;tukisysteemi;1
1420;41/2020;2020_41_22;kristallinkirkas;1
1420;41/2020;2020_41_22;minä;1
1420;41/2020;2020_41_22;kansanedustaja;1
1420;41/2020;2020_41_22;laittaa;1
1420;41/2020;2020_41_22;linkki;1
1420;41/2020;2020_41_22;tuo;2
1420;41/2020;2020_41_22;tukiraha;1
1420;41/2020;2020_41_22;verran;1
1420;41/2020;2020_41_22;summa;1
1420;41/2020;2020_41_22;hyvä;1
1420;41/2020;2020_41_22;tietenkään;1
1420;41/2020;2020_41_22;pöytälaatikkofirma;1
1420;41/2020;2020_41_22;mikään;1
1420;41/2020;2020_41_22;antaa;1
1420;41/2020;2020_41_22;maksaa;1
1420;41/2020;2020_41_22;vero;1
1420;41/2020;2020_41_22;tukea;1
1420;41/2020;2020_41_22;riittävästi;1
1420;41/2020;2020_41_22;kiitos;1
1420;71/2020;2020_71_80;arvoisa;1
1420;71/2020;2020_71_80;herra;1
1420;71/2020;2020_71_80;puhemies;1
1420;71/2020;2020_71_80;ravintola-ala;6
1420;71/2020;2020_71_80;olla;10
1420;71/2020;2020_71_80;merkittävä;1
1420;71/2020;2020_71_80;taloudellinen;1
1420;71/2020;2020_71_80;toimija;1
1420;71/2020;2020_71_80;suomi;4
1420;71/2020;2020_71_80;haluta;1
1420;71/2020;2020_71_80;tuoda;1
1420;71/2020;2020_71_80;tämä;2
1420;71/2020;2020_71_80;lähetekeskustelu;1
1420;71/2020;2020_71_80;muutama;1
1420;71/2020;2020_71_80;näkökulma;1
1420;71/2020;2020_71_80;selviytyminen;1
1420;71/2020;2020_71_80;tärkeys;1
1420;71/2020;2020_71_80;ja;3
1420;71/2020;2020_71_80;puolustaa;1
1420;71/2020;2020_71_80;suunnitella;1
1420;71/2020;2020_71_80;hyvitys;2
1420;71/2020;2020_71_80;korotus;1
1420;71/2020;2020_71_80;noin;3
1420;71/2020;2020_71_80;miljoona;1
1420;71/2020;2020_71_80;euro;2
1420;71/2020;2020_71_80;eli;1
1420;71/2020;2020_71_80;hallitus;1
1420;71/2020;2020_71_80;esittää;1
1420;71/2020;2020_71_80;pitää;1
1420;71/2020;2020_71_80;yli;1
1420;71/2020;2020_71_80;tuplata;1
1420;71/2020;2020_71_80;kansantalous;2
1420;71/2020;2020_71_80;tilinpito;1
1420;71/2020;2020_71_80;mukaan;1
1420;71/2020;2020_71_80;ala;4
1420;71/2020;2020_71_80;maksaa;1
1420;71/2020;2020_71_80;palkka;1
1420;71/2020;2020_71_80;eläkevakuutusmaksu;1
1420;71/2020;2020_71_80;muu;1
1420;71/2020;2020_71_80;sosiaalivakuutusmaksu;1
1420;71/2020;2020_71_80;sekä;1
1420;71/2020;2020_71_80;arvonlisävero;2
1420;71/2020;2020_71_80;luokka;1
1420;71/2020;2020_71_80;miljardi;1
1420;71/2020;2020_71_80;työllistää;1
1420;71/2020;2020_71_80;ihminen;1
1420;71/2020;2020_71_80;ympäri;1
1420;71/2020;2020_71_80;ravintola;1
1420;71/2020;2020_71_80;matkailuala;1
1420;71/2020;2020_71_80;työvoima;1
1420;71/2020;2020_71_80;määrä;1
1420;71/2020;2020_71_80;kasvaa;1
1420;71/2020;2020_71_80;huima;1
1420;71/2020;2020_71_80;prosentti;1
1420;71/2020;2020_71_80;reilu;1
1420;71/2020;2020_71_80;parikymmenen;1
1420;71/2020;2020_71_80;vuosi;1
1420;71/2020;2020_71_80;aika;2
1420;71/2020;2020_71_80;erittäin;1
1420;71/2020;2020_71_80;tärkeä;1
1420;71/2020;2020_71_80;fakta;1
1420;71/2020;2020_71_80;sama;1
1420;71/2020;2020_71_80;kun;1
1420;71/2020;2020_71_80;valmistava;1
1420;71/2020;2020_71_80;teollisuus;1
1420;71/2020;2020_71_80;menettää;1
1420;71/2020;2020_71_80;ikävä;1
1420;71/2020;2020_71_80;kyllä;1
1420;71/2020;2020_71_80;työpaikka;1
1420;71/2020;2020_71_80;se;1
1420;71/2020;2020_71_80;lisätä;1
1420;71/2020;2020_71_80;tulevaisuus;2
1420;71/2020;2020_71_80;työllistäjä;1
1420;71/2020;2020_71_80;kolmasosa;1
1420;71/2020;2020_71_80;työntekijä;1
1420;71/2020;2020_71_80;nuori;1
1420;71/2020;2020_71_80;alle;1
1420;71/2020;2020_71_80;vuotiaita;1
1420;71/2020;2020_71_80;minä;1
1420;71/2020;2020_71_80;etupainotteisesti;1
1420;71/2020;2020_71_80;tukea;1
1420;71/2020;2020_71_80;reilusti;1
1420;71/2020;2020_71_80;jotta;1
1420;71/2020;2020_71_80;ravintolayrittäjä;1
1420;71/2020;2020_71_80;mahdollisuus;1
1420;71/2020;2020_71_80;jatkaa;1
1420;71/2020;2020_71_80;toiminta;1
1420;71/2020;2020_71_80;yksi;2
1420;71/2020;2020_71_80;tukipilari;1
1420;71/2020;2020_71_80;myös;1
1420;71/2020;2020_71_80;määräaikainen;1
1420;71/2020;2020_71_80;alentaminen;1
1420;71/2020;2020_71_80;harkita;1
1420;71/2020;2020_71_80;tukikeino;1
1420;76/2020;2020_76_77;arvoisa;2
1420;76/2020;2020_76_77;herra;2
1420;76/2020;2020_76_77;puhemies;2
1420;76/2020;2020_76_77;tehdä;1
1420;76/2020;2020_76_77;perussuomalainen;1
1420;76/2020;2020_76_77;vastalause;1
1420;76/2020;2020_76_77;numero;1
1420;76/2020;2020_76_77;mukainen;1
1420;76/2020;2020_76_77;muutosehdotus;1
1420;76/2020;2020_76_77;ja;11
1420;76/2020;2020_76_77;vähän;1
1420;76/2020;2020_76_77;perustella;2
1420;76/2020;2020_76_77;sitten;1
1420;76/2020;2020_76_77;kaikki;1
1420;76/2020;2020_76_77;toimiala;1
1420;76/2020;2020_76_77;ravintola;3
1420;76/2020;2020_76_77;majoitusala;1
1420;76/2020;2020_76_77;olla;23
1420;76/2020;2020_76_77;epidemia;2
1420;76/2020;2020_76_77;todennäköisesti;1
1420;76/2020;2020_76_77;pahasti;1
1420;76/2020;2020_76_77;taloudellisesti;1
1420;76/2020;2020_76_77;runnella;1
1420;76/2020;2020_76_77;hallitus;2
1420;76/2020;2020_76_77;säätää;1
1420;76/2020;2020_76_77;rajoitus;1
1420;76/2020;2020_76_77;purkaa;1
1420;76/2020;2020_76_77;asteittain;1
1420;76/2020;2020_76_77;odottaa;1
1420;76/2020;2020_76_77;että;4
1420;76/2020;2020_76_77;kuluttaja;1
1420;76/2020;2020_76_77;käyttäytyminen;1
1420;76/2020;2020_76_77;aluksi;1
1420;76/2020;2020_76_77;varovainen;1
1420;76/2020;2020_76_77;terveyssyy;1
1420;76/2020;2020_76_77;pieni;2
1420;76/2020;2020_76_77;tulo;1
1420;76/2020;2020_76_77;johtua;1
1420;76/2020;2020_76_77;tämä;4
1420;76/2020;2020_76_77;seurata;1
1420;76/2020;2020_76_77;ala;2
1420;76/2020;2020_76_77;kysyntä;1
1420;76/2020;2020_76_77;tuskin;1
1420;76/2020;2020_76_77;palautua;1
1420;76/2020;2020_76_77;välittömästi;1
1420;76/2020;2020_76_77;entinen;1
1420;76/2020;2020_76_77;samanaikaisesti;2
1420;76/2020;2020_76_77;lyhyt;1
1420;76/2020;2020_76_77;aukioloaika;1
1420;76/2020;2020_76_77;suuri;3
1420;76/2020;2020_76_77;asiakas;1
1420;76/2020;2020_76_77;välinen;1
1420;76/2020;2020_76_77;etäisyys;1
1420;76/2020;2020_76_77;vaatimus;1
1420;76/2020;2020_76_77;korkea;2
1420;76/2020;2020_76_77;hygieniastandardi;1
1420;76/2020;2020_76_77;heikentää;1
1420;76/2020;2020_76_77;ravintolayritys;1
1420;76/2020;2020_76_77;tuloksentekokyky;1
1420;76/2020;2020_76_77;ravintola-ala;2
1420;76/2020;2020_76_77;merkittävä;1
1420;76/2020;2020_76_77;työllistäjä;1
1420;76/2020;2020_76_77;suoraan;1
1420;76/2020;2020_76_77;välillisesti;1
1420;76/2020;2020_76_77;se;4
1420;76/2020;2020_76_77;kotimaisuusaste;1
1420;76/2020;2020_76_77;ei;4
1420;76/2020;2020_76_77;mainittava;1
1420;76/2020;2020_76_77;puskuri;1
1420;76/2020;2020_76_77;tai;3
1420;76/2020;2020_76_77;toiminta;2
1420;76/2020;2020_76_77;tauottaminen;1
1420;76/2020;2020_76_77;mahdollisuus;1
1420;76/2020;2020_76_77;sinällään;1
1420;76/2020;2020_76_77;rajoittamistoimi;1
1420;76/2020;2020_76_77;takia;2
1420;76/2020;2020_76_77;aiheutua;1
1420;76/2020;2020_76_77;menetys;2
1420;76/2020;2020_76_77;korvata;1
1420;76/2020;2020_76_77;kohtuullinen;1
1420;76/2020;2020_76_77;määrin;1
1420;76/2020;2020_76_77;kyse;1
1420;76/2020;2020_76_77;valinnanvarainen;1
1420;76/2020;2020_76_77;tukeminen;1
1420;76/2020;2020_76_77;vaan;1
1420;76/2020;2020_76_77;välttämätön;1
1420;76/2020;2020_76_77;korvaus;6
1420;76/2020;2020_76_77;prosentti;2
1420;76/2020;2020_76_77;menettää;1
1420;76/2020;2020_76_77;liikevaihto;1
1420;76/2020;2020_76_77;katsoa;1
1420;76/2020;2020_76_77;riittävä;1
1420;76/2020;2020_76_77;koska;1
1420;76/2020;2020_76_77;todennäköinen;1
1420;76/2020;2020_76_77;myötä;1
1420;76/2020;2020_76_77;myös;2
1420;76/2020;2020_76_77;kulurakenne;1
1420;76/2020;2020_76_77;kohdistua;2
1420;76/2020;2020_76_77;häiriö;1
1420;76/2020;2020_76_77;esimerkiksi;2
1420;76/2020;2020_76_77;kasvaa;1
1420;76/2020;2020_76_77;kertaluonteinen;1
1420;76/2020;2020_76_77;meno;1
1420;76/2020;2020_76_77;muoto;1
1420;76/2020;2020_76_77;perussuomalaiset;2
1420;76/2020;2020_76_77;pitää;1
1420;76/2020;2020_76_77;perusteltu;1
1420;76/2020;2020_76_77;korvausprosentti;1
1420;76/2020;2020_76_77;kohtuuton;1
1420;76/2020;2020_76_77;yritys;4
1420;76/2020;2020_76_77;rakenne;1
1420;76/2020;2020_76_77;koko;1
1420;76/2020;2020_76_77;voida;2
1420;76/2020;2020_76_77;vaikuttaa;1
1420;76/2020;2020_76_77;määräytyminen;1
1420;76/2020;2020_76_77;määräytyä;1
1420;76/2020;2020_76_77;tasapuolisesti;1
1420;76/2020;2020_76_77;vain;2
1420;76/2020;2020_76_77;perustua;1
1420;76/2020;2020_76_77;euro;1
1420;76/2020;2020_76_77;enimmäismäärä;1
1420;76/2020;2020_76_77;luopua;1
1420;76/2020;2020_76_77;kassa;1
1420;76/2020;2020_76_77;tyhjä;1
1420;76/2020;2020_76_77;tyhjetä;1
1420;76/2020;2020_76_77;nopeasti;1
1420;76/2020;2020_76_77;mara;1
1420;76/2020;2020_76_77;mukaan;1
1420;76/2020;2020_76_77;osa;1
1420;76/2020;2020_76_77;solidaarinen;1
1420;76/2020;2020_76_77;kriisi;1
1420;76/2020;2020_76_77;aika;1
1420;76/2020;2020_76_77;sulkea;1
1420;76/2020;2020_76_77;kokonaan;1
1420;76/2020;2020_76_77;tulla;1
1420;76/2020;2020_76_77;take;1
1420;76/2020;2020_76_77;away;1
1420;76/2020;2020_76_77;kannattava;1
1420;76/2020;2020_76_77;liiketoiminta;1
1420;76/2020;2020_76_77;hyvä;1
1420;76/2020;2020_76_77;huomioida;1
1420;76/2020;2020_76_77;esitys;2
1420;76/2020;2020_76_77;korvaustoimi;1
1420;76/2020;2020_76_77;rajoitustoimi;1
1420;76/2020;2020_76_77;kohde;1
1420;76/2020;2020_76_77;joutua;1
1420;76/2020;2020_76_77;henkilöstöravintola;1
1420;76/2020;2020_76_77;vaikka;1
1420;76/2020;2020_76_77;kärsiä;1
1420;76/2020;2020_76_77;rajusti;1
1420;76/2020;2020_76_77;mieli;1
1420;76/2020;2020_76_77;viipymättä;1
1420;76/2020;2020_76_77;alkaa;1
1420;76/2020;2020_76_77;valmistella;1
1420;76/2020;2020_76_77;ulkopuolelle;1
1420;76/2020;2020_76_77;jäädä;1
1420;76/2020;2020_76_77;ravitsemisliike;1
1420;76/2020;2020_76_77;tukiohjelma;1
1420;76/2020;2020_76_77;joka;1
1420;76/2020;2020_76_77;pitkälti;1
1420;76/2020;2020_76_77;pohjautua;1
1420;76/2020;2020_76_77;nyt;1
1420;76/2020;2020_76_77;käsittely;1
1420;76/2020;2020_76_90;kiitos;1
1420;76/2020;2020_76_90;arvoisa;1
1420;76/2020;2020_76_90;puhemies;1
1420;76/2020;2020_76_90;kyllä;2
1420;76/2020;2020_76_90;se;2
1420;76/2020;2020_76_90;olla;3
1420;76/2020;2020_76_90;niin;1
1420;76/2020;2020_76_90;että;1
1420;76/2020;2020_76_90;suuri;1
1420;76/2020;2020_76_90;ravintolatoimija;1
1420;76/2020;2020_76_90;myös;1
1420;76/2020;2020_76_90;työllistää;1
1420;76/2020;2020_76_90;paljon;2
1420;76/2020;2020_76_90;maksaa;1
1420;76/2020;2020_76_90;vero;1
1420;76/2020;2020_76_90;ja;3
1420;76/2020;2020_76_90;yhtä;1
1420;76/2020;2020_76_90;tärkeä;2
1420;76/2020;2020_76_90;suomalainen;1
1420;76/2020;2020_76_90;kansantalous;1
1420;76/2020;2020_76_90;kuin;1
1420;76/2020;2020_76_90;pieni;1
1420;76/2020;2020_76_90;toimija;1
1420;76/2020;2020_76_90;vaikea;1
1420;76/2020;2020_76_90;ymmärtää;1
1420;76/2020;2020_76_90;miksi;2
1420;76/2020;2020_76_90;siellä;2
1420;76/2020;2020_76_90;sitten;1
1420;76/2020;2020_76_90;pitää;1
1420;76/2020;2020_76_90;tappio;1
1420;76/2020;2020_76_90;antaa;1
1420;76/2020;2020_76_90;kasvaa;1
1420;76/2020;2020_76_90;tai;1
1420;76/2020;2020_76_90;ei;1
1420;76/2020;2020_76_90;hyvittää;1
1420;76/2020;2020_76_90;saada;1
1420;76/2020;2020_76_90;ihminen;1
1420;76/2020;2020_76_90;takaisin;1
1420;76/2020;2020_76_90;työ;1
1420;76/2020;2020_76_90;uudestaan;1
1420;76/2020;2020_76_90;ravintola;1
1420;76/2020;2020_76_90;auki;1
1420;76/2020;2020_76_90;veronmaksu;1
1420;76/2020;2020_76_90;käynti;1
1420;76/2020;2020_76_90;näin;1
1420;76/2020;2020_76_93;arvoisa;1
1420;76/2020;2020_76_93;herra;1
1420;76/2020;2020_76_93;puhemies;1
1420;76/2020;2020_76_93;tehdä;1
1420;76/2020;2020_76_93;perussuomalainen;1
1420;76/2020;2020_76_93;vastalause;1
1420;76/2020;2020_76_93;mukainen;1
1420;76/2020;2020_76_93;muutosehdotus;1
1420;76/2020;2020_76_95;arvoisa;1
1420;76/2020;2020_76_95;herra;1
1420;76/2020;2020_76_95;puhemies;1
1420;76/2020;2020_76_95;tehdä;1
1420;76/2020;2020_76_95;perussuomalainen;1
1420;76/2020;2020_76_95;vastalause;1
1420;76/2020;2020_76_95;mukainen;1
1420;76/2020;2020_76_95;muutosehdotus;1
1420;80/2020;2020_80_33;arvoisa;1
1420;80/2020;2020_80_33;herra;1
1420;80/2020;2020_80_33;puhemies;1
1420;80/2020;2020_80_33;yhteenveto;1
1420;80/2020;2020_80_33;voida;4
1420;80/2020;2020_80_33;sanoa;1
1420;80/2020;2020_80_33;että;7
1420;80/2020;2020_80_33;ravintola;6
1420;80/2020;2020_80_33;koskea;2
1420;80/2020;2020_80_33;lakipaketti;1
1420;80/2020;2020_80_33;näyttää;1
1420;80/2020;2020_80_33;jäädä;1
1420;80/2020;2020_80_33;torso;1
1420;80/2020;2020_80_33;vaikka;1
1420;80/2020;2020_80_33;tämä;5
1420;80/2020;2020_80_33;olla;18
1420;80/2020;2020_80_33;hallitus;1
1420;80/2020;2020_80_33;varmaan;1
1420;80/2020;2020_80_33;hyvä;1
1420;80/2020;2020_80_33;tarkoitusperä;1
1420;80/2020;2020_80_33;kuten;1
1420;80/2020;2020_80_33;koronatappio;1
1420;80/2020;2020_80_33;hyvittäminen;1
1420;80/2020;2020_80_33;myös;5
1420;80/2020;2020_80_33;anniskelu;3
1420;80/2020;2020_80_33;ja;9
1420;80/2020;2020_80_33;aukioloaika;1
1420;80/2020;2020_80_33;rajoitus;2
1420;80/2020;2020_80_33;ei;2
1420;80/2020;2020_80_33;loppu;1
1420;80/2020;2020_80_33;saakka;2
1420;80/2020;2020_80_33;miettiä;1
1420;80/2020;2020_80_33;se;1
1420;80/2020;2020_80_33;lopettaa;1
1420;80/2020;2020_80_33;kello;3
1420;80/2020;2020_80_33;sulkea;1
1420;80/2020;2020_80_33;kesäaika;1
1420;80/2020;2020_80_33;ihminen;2
1420;80/2020;2020_80_33;kokoontuminen;1
1420;80/2020;2020_80_33;toinen;1
1420;80/2020;2020_80_33;tapailu;1
1420;80/2020;2020_80_33;rajoittaa;1
1420;80/2020;2020_80_33;väärä;1
1420;80/2020;2020_80_33;mutta;1
1420;80/2020;2020_80_33;arvella;1
1420;80/2020;2020_80_33;seurustelu;1
1420;80/2020;2020_80_33;bile;1
1420;80/2020;2020_80_33;jatkua;1
1420;80/2020;2020_80_33;kesäilta;1
1420;80/2020;2020_80_33;jokin;1
1420;80/2020;2020_80_33;muu;1
1420;80/2020;2020_80_33;ympäristö;1
1420;80/2020;2020_80_33;esimerkiksi;1
1420;80/2020;2020_80_33;puisto;1
1420;80/2020;2020_80_33;kesämökki;1
1420;80/2020;2020_80_33;koska;1
1420;80/2020;2020_80_33;kesä;3
1420;80/2020;2020_80_33;suomi;2
1420;80/2020;2020_80_33;loma-aika;2
1420;80/2020;2020_80_33;yö;1
1420;80/2020;2020_80_33;lämmin;1
1420;80/2020;2020_80_33;valoisa;1
1420;80/2020;2020_80_33;sallia;1
1420;80/2020;2020_80_33;sekä;2
1420;80/2020;2020_80_33;aukiolo;1
1420;80/2020;2020_80_33;merkittävä;1
1420;80/2020;2020_80_33;hyöty;1
1420;80/2020;2020_80_33;ravintolayrittäjä;1
1420;80/2020;2020_80_33;taksiyrittäjä;1
1420;80/2020;2020_80_33;joka;2
1420;80/2020;2020_80_33;jokainen;1
1420;80/2020;2020_80_33;ilta;1
1420;80/2020;2020_80_33;tunti;1
1420;80/2020;2020_80_33;erittäin;1
1420;80/2020;2020_80_33;tärkeä;1
1420;80/2020;2020_80_33;ansainta-aika;1
1420;80/2020;2020_80_33;sisätila;1
1420;80/2020;2020_80_33;saada;1
1420;80/2020;2020_80_33;asiakas;1
1420;80/2020;2020_80_33;enintään;1
1420;80/2020;2020_80_33;vain;1
1420;80/2020;2020_80_33;prosentti;3
1420;80/2020;2020_80_33;suuri;1
1420;80/2020;2020_80_33;määrä;1
1420;80/2020;2020_80_33;tila;1
1420;80/2020;2020_80_33;hyväksyä;1
1420;80/2020;2020_80_33;liian;1
1420;80/2020;2020_80_33;rajoittava;1
1420;80/2020;2020_80_33;pitää;2
1420;80/2020;2020_80_33;tai;1
1420;80/2020;2020_80_33;riippua;1
1420;80/2020;2020_80_33;koko;1
1420;80/2020;2020_80_33;jotta;1
1420;80/2020;2020_80_33;pieni;1
1420;80/2020;2020_80_33;ravintolayritys;1
1420;80/2020;2020_80_33;pärjätä;1
1420;80/2020;2020_80_33;koronasulku;1
1420;80/2020;2020_80_33;jälkeinen;1
1420;80/2020;2020_80_33;aika;1
1420;80/2020;2020_80_33;aluekohtainen;1
1420;80/2020;2020_80_33;ero;1
1420;80/2020;2020_80_33;huomioida;1
1420;80/2020;2020_80_33;tartuntatilanne;1
1420;80/2020;2020_80_33;hyvin;1
1420;80/2020;2020_80_33;erilainen;1
1420;80/2020;2020_80_33;eri;1
1420;80/2020;2020_80_33;puoli;1
1420;80/2020;2020_80_33;täytyä;1
1420;80/2020;2020_80_33;tosiaan;1
1420;80/2020;2020_80_33;muistaa;1
1420;80/2020;2020_80_33;jolloin;1
1420;80/2020;2020_80_33;paljon;1
1420;80/2020;2020_80_33;vapaa-aika;1
1420;80/2020;2020_80_33;siksi;1
1420;80/2020;2020_80_33;tuhat;1
1420;80/2020;2020_80_33;tehdä;1
1420;80/2020;2020_80_33;iso;1
1420;80/2020;2020_80_33;osa;1
1420;80/2020;2020_80_33;vuosi;1
1420;80/2020;2020_80_33;liikevaihto;1
1420;80/2020;2020_80_33;tulos;1
1420;80/2020;2020_80_33;kiitos;1
1420;92/2020;2020_92_70;tehdä;1
1420;92/2020;2020_92_70;perussuomalainen;1
1420;92/2020;2020_92_70;vastalause;1
1420;92/2020;2020_92_70;numero;1
1420;92/2020;2020_92_70;mukainen;1
1420;92/2020;2020_92_70;esitys;1
1420;92/2020;2020_92_70;ja;1
1420;92/2020;2020_92_70;tämä;2
1420;92/2020;2020_92_70;voida;1
1420;92/2020;2020_92_70;perustella;1
1420;92/2020;2020_92_70;ei;1
1420;92/2020;2020_92_70;niin;1
1420;92/2020;2020_92_75;arvoisa;1
1420;92/2020;2020_92_75;rouva;1
1420;92/2020;2020_92_75;puhemies;1
1420;92/2020;2020_92_75;tehdä;1
1420;92/2020;2020_92_75;perussuomalainen;1
1420;92/2020;2020_92_75;vastalause;1
1420;92/2020;2020_92_75;numero;1
1420;92/2020;2020_92_75;mukainen;1
1420;92/2020;2020_92_75;esitys;1
1420;96/2020;2020_96_15;arvoisa;1
1420;96/2020;2020_96_15;herra;1
1420;96/2020;2020_96_15;puhemies;2
1420;96/2020;2020_96_15;ei;5
1420;96/2020;2020_96_15;olla;18
1420;96/2020;2020_96_15;varmasti;1
1420;96/2020;2020_96_15;tämä;13
1420;96/2020;2020_96_15;sali;1
1420;96/2020;2020_96_15;ainoa;1
1420;96/2020;2020_96_15;joka;4
1420;96/2020;2020_96_15;saada;1
1420;96/2020;2020_96_15;viesti;1
1420;96/2020;2020_96_15;kenttä;1
1420;96/2020;2020_96_15;pieni;5
1420;96/2020;2020_96_15;yritys;8
1420;96/2020;2020_96_15;ja;7
1420;96/2020;2020_96_15;ammatinharjoittaja;1
1420;96/2020;2020_96_15;hätä;1
1420;96/2020;2020_96_15;todellinen;1
1420;96/2020;2020_96_15;silti;1
1420;96/2020;2020_96_15;hallitus;5
1420;96/2020;2020_96_15;näyttää;2
1420;96/2020;2020_96_15;esitys;4
1420;96/2020;2020_96_15;kuunnella;1
1420;96/2020;2020_96_15;mikroyrittäjä;1
1420;96/2020;2020_96_15;hätähuuto;1
1420;96/2020;2020_96_15;ihan;1
1420;96/2020;2020_96_15;niin;3
1420;96/2020;2020_96_15;tarkkaan;1
1420;96/2020;2020_96_15;kuin;2
1420;96/2020;2020_96_15;pitää;3
1420;96/2020;2020_96_15;eduskunta;1
1420;96/2020;2020_96_15;laki;1
1420;96/2020;2020_96_15;määräaikainen;1
1420;96/2020;2020_96_15;kustannustuki;2
1420;96/2020;2020_96_15;erittäin;2
1420;96/2020;2020_96_15;tarpeellinen;1
1420;96/2020;2020_96_15;kauan;2
1420;96/2020;2020_96_15;odottaa;1
1420;96/2020;2020_96_15;mutta;2
1420;96/2020;2020_96_15;se;6
1420;96/2020;2020_96_15;syrjiä;1
1420;96/2020;2020_96_15;yrittäjä;2
1420;96/2020;2020_96_15;reilu;1
1420;96/2020;2020_96_15;mainita;1
1420;96/2020;2020_96_15;muun;1
1420;96/2020;2020_96_15;muassa;1
1420;96/2020;2020_96_15;että;5
1420;96/2020;2020_96_15;liikevaihto;4
1420;96/2020;2020_96_15;tulla;1
1420;96/2020;2020_96_15;maalis;1
1420;96/2020;2020_96_15;kesäkuu;1
1420;96/2020;2020_96_15;eli;1
1420;96/2020;2020_96_15;neljä;1
1420;96/2020;2020_96_15;kuukausi;1
1420;96/2020;2020_96_15;aika;1
1420;96/2020;2020_96_15;vähintään;1
1420;96/2020;2020_96_15;euro;7
1420;96/2020;2020_96_15;vastata;2
1420;96/2020;2020_96_15;vuositaso;2
1420;96/2020;2020_96_15;alaraja;1
1420;96/2020;2020_96_15;vaikuttaa;1
1420;96/2020;2020_96_15;vähän;2
1420;96/2020;2020_96_15;keinotekoinen;1
1420;96/2020;2020_96_15;raja;1
1420;96/2020;2020_96_15;perussuomalainen;2
1420;96/2020;2020_96_15;mieli;1
1420;96/2020;2020_96_15;myöntäminen;1
1420;96/2020;2020_96_15;edellyttää;1
1420;96/2020;2020_96_15;maalistkesäkuu;1
1420;96/2020;2020_96_15;liikevaihtoraja;1
1420;96/2020;2020_96_15;madaltaa;1
1420;96/2020;2020_96_15;myös;1
1420;96/2020;2020_96_15;tällainen;2
1420;96/2020;2020_96_15;aivan;1
1420;96/2020;2020_96_15;toimintakelpoinen;1
1420;96/2020;2020_96_15;työllistää;1
1420;96/2020;2020_96_15;ihminen;2
1420;96/2020;2020_96_15;palvella;1
1420;96/2020;2020_96_15;asiakas;1
1420;96/2020;2020_96_15;tai;3
1420;96/2020;2020_96_15;suuri;2
1420;96/2020;2020_96_15;tilata;1
1420;96/2020;2020_96_15;palvelu;1
1420;96/2020;2020_96_15;muu;1
1420;96/2020;2020_96_15;toimija;1
1420;96/2020;2020_96_15;perhe;1
1420;96/2020;2020_96_15;leipä;1
1420;96/2020;2020_96_15;syrjässä;1
1420;96/2020;2020_96_15;kiinni;1
1420;96/2020;2020_96_15;tuntua;3
1420;96/2020;2020_96_15;nyt;3
1420;96/2020;2020_96_15;unohtaa;1
1420;96/2020;2020_96_15;suomi;2
1420;96/2020;2020_96_15;rakentua;1
1420;96/2020;2020_96_15;varaan;1
1420;96/2020;2020_96_15;pelkästään;1
1420;96/2020;2020_96_15;keskisuuri;1
1420;96/2020;2020_96_15;tilastokeskus;1
1420;96/2020;2020_96_15;mukaan;2
1420;96/2020;2020_96_15;vuosi;1
1420;96/2020;2020_96_15;yli;1
1420;96/2020;2020_96_15;kappale;1
1420;96/2020;2020_96_15;toki;1
1420;96/2020;2020_96_15;ottaa;1
1420;96/2020;2020_96_15;huomio;1
1420;96/2020;2020_96_15;kaikki;1
1420;96/2020;2020_96_15;välttämättä;1
1420;96/2020;2020_96_15;sellainen;1
1420;96/2020;2020_96_15;toimiala;1
1420;96/2020;2020_96_15;täyttää;1
1420;96/2020;2020_96_15;koronatuki;1
1420;96/2020;2020_96_15;kriteeri;1
1420;96/2020;2020_96_15;puhua;1
1420;96/2020;2020_96_15;kuitenkin;1
1420;96/2020;2020_96_15;tuhat;2
1420;96/2020;2020_96_15;ympäri;1
1420;96/2020;2020_96_15;joukko;1
1420;96/2020;2020_96_15;paljon;1
1420;96/2020;2020_96_15;liiketoiminta;1
1420;96/2020;2020_96_15;pysähtyä;1
1420;96/2020;2020_96_15;seinä;1
1420;96/2020;2020_96_15;korona;1
1420;96/2020;2020_96_15;takia;1
1420;96/2020;2020_96_15;hän;1
1420;96/2020;2020_96_15;tilanne;1
1420;96/2020;2020_96_15;erityinen;1
1420;96/2020;2020_96_15;vaikea;1
1420;96/2020;2020_96_15;palautuminen;1
1420;96/2020;2020_96_15;kriisi;1
1420;96/2020;2020_96_15;voida;1
1420;96/2020;2020_96_15;kestää;1
1420;96/2020;2020_96_15;ehkä;2
1420;96/2020;2020_96_15;väärä;1
1420;96/2020;2020_96_15;kohta;2
1420;96/2020;2020_96_15;pihistellä;1
1420;96/2020;2020_96_15;raha;3
1420;96/2020;2020_96_15;kun;1
1420;96/2020;2020_96_15;jakaa;1
1420;96/2020;2020_96_15;avokätisesti;1
1420;96/2020;2020_96_15;sinne;1
1420;96/2020;2020_96_15;sä;1
1420;96/2020;2020_96_15;tänne;1
1420;96/2020;2020_96_15;tuki;2
1420;96/2020;2020_96_15;ulkopuolelle;1
1420;96/2020;2020_96_15;jäädä;1
1420;96/2020;2020_96_15;menettää;1
1420;96/2020;2020_96_15;paha;1
1420;96/2020;2020_96_15;tapaus;1
1420;96/2020;2020_96_15;jo;2
1420;96/2020;2020_96_15;usea;1
1420;96/2020;2020_96_15;vaikka;2
1420;96/2020;2020_96_15;laskea;1
1420;96/2020;2020_96_15;kaksi;1
1420;96/2020;2020_96_15;tonni;1
1420;96/2020;2020_96_15;kuntatuki;1
1420;96/2020;2020_96_15;työmarkkinatuki;1
1420;96/2020;2020_96_15;pienyrittäjä;1
1420;96/2020;2020_96_15;iso;1
1420;96/2020;2020_96_15;toivoa;1
1420;96/2020;2020_96_15;muutos;1
1420;96/2020;2020_96_15;kuten;1
1420;96/2020;2020_96_15;sanoa;1
1420;96/2020;2020_96_15;vihjailla;1
1420;96/2020;2020_96_15;lähettää;1
1420;96/2020;2020_96_15;valtava;1
1420;96/2020;2020_96_15;rahasumma;1
1420;96/2020;2020_96_15;sata;1
1420;96/2020;2020_96_15;miljoona;3
1420;96/2020;2020_96_15;miljardi;1
1420;96/2020;2020_96_15;elpymisrahasto;1
1420;96/2020;2020_96_15;mukana;1
1420;96/2020;2020_96_15;etelä;1
1420;96/2020;2020_96_15;itä-eurooppa;1
1420;96/2020;2020_96_15;yritystuki;1
1420;96/2020;2020_96_15;kannattaa;1
1420;96/2020;2020_96_15;muutama;1
1420;96/2020;2020_96_15;kymmenen;1
1420;96/2020;2020_96_15;sitten;1
1420;96/2020;2020_96_15;koputtaa;1
1420;96/2020;2020_96_15;säästellä;1
1420;98/2020;2020_98_2;arvoisa;1
1420;98/2020;2020_98_2;puhemies;1
1420;98/2020;2020_98_2;tehdä;1
1420;98/2020;2020_98_2;vastalause;1
1420;98/2020;2020_98_2;mukainen;1
1420;98/2020;2020_98_2;pykäläehdotus;1
1420;98/2020;2020_98_4;kyllä;1
1420;110/2020;2020_110_3;arvoisa;2
1420;110/2020;2020_110_3;puhemies;1
1420;110/2020;2020_110_3;eu;1
1420;110/2020;2020_110_3;elpymispaketti;3
1420;110/2020;2020_110_3;ja;5
1420;110/2020;2020_110_3;se;1
1420;110/2020;2020_110_3;suomi;2
1420;110/2020;2020_110_3;koitua;1
1420;110/2020;2020_110_3;tuhat;1
1420;110/2020;2020_110_3;miljoona;1
1420;110/2020;2020_110_3;euro;1
1420;110/2020;2020_110_3;jättilasku;1
1420;110/2020;2020_110_3;vetää;1
1420;110/2020;2020_110_3;minä;2
1420;110/2020;2020_110_3;vuosikymmen;1
1420;110/2020;2020_110_3;kiinni;1
1420;110/2020;2020_110_3;kauppaliitto;1
1420;110/2020;2020_110_3;velkaunioni;1
1420;110/2020;2020_110_3;muuttua;1
1420;110/2020;2020_110_3;yhteisö;1
1420;110/2020;2020_110_3;voida;1
1420;110/2020;2020_110_3;kutsua;1
1420;110/2020;2020_110_3;eurokriisipaketti;1
1420;110/2020;2020_110_3;asia;1
1420;110/2020;2020_110_3;olla;9
1420;110/2020;2020_110_3;suuri;1
1420;110/2020;2020_110_3;periaatteellinen;1
1420;110/2020;2020_110_3;merkitys;1
1420;110/2020;2020_110_3;aihe;1
1420;110/2020;2020_110_3;arka;1
1420;110/2020;2020_110_3;keskusta;1
1420;110/2020;2020_110_3;sdp;1
1420;110/2020;2020_110_3;vasemmisto;1
1420;110/2020;2020_110_3;aiemmin;1
1420;110/2020;2020_110_3;kritisoida;1
1420;110/2020;2020_110_3;muu;1
1420;110/2020;2020_110_3;maa;1
1420;110/2020;2020_110_3;lasku;1
1420;110/2020;2020_110_3;maksaminen;1
1420;110/2020;2020_110_3;aina;1
1420;110/2020;2020_110_3;vaali;1
1420;110/2020;2020_110_3;alla;1
1420;110/2020;2020_110_3;hallitus;1
1420;110/2020;2020_110_3;useasti;1
1420;110/2020;2020_110_3;painottaa;1
1420;110/2020;2020_110_3;miten;1
1420;110/2020;2020_110_3;perustaa;1
1420;110/2020;2020_110_3;päätös;1
1420;110/2020;2020_110_3;tutkia;1
1420;110/2020;2020_110_3;tieto;1
1420;110/2020;2020_110_3;fakta;1
1420;110/2020;2020_110_3;kun;1
1420;110/2020;2020_110_3;kertoa;2
1420;110/2020;2020_110_3;paketti;2
1420;110/2020;2020_110_3;hyöty;2
1420;110/2020;2020_110_3;hylkääminen;1
1420;110/2020;2020_110_3;vaara;1
1420;110/2020;2020_110_3;sinä;2
1420;110/2020;2020_110_3;varmasti;1
1420;110/2020;2020_110_3;teettää;1
1420;110/2020;2020_110_3;vaikutusarvio;2
1420;110/2020;2020_110_3;miksi;1
1420;110/2020;2020_110_3;valiokunta;1
1420;110/2020;2020_110_3;että;1
1420;110/2020;2020_110_3;ei;1
1420;110/2020;2020_110_3;tehdä;1
1420;110/2020;2020_110_3;tämä;1
1420;110/2020;2020_110_3;mieli;1
1420;110/2020;2020_110_3;faktapohjainen;1
1420;110/2020;2020_110_3;päätöksenteko;1
1420;130/2020;2020_130_3;arvoisa;2
1420;130/2020;2020_130_3;rouva;1
1420;130/2020;2020_130_3;puhemies;1
1420;130/2020;2020_130_3;hallitus;3
1420;130/2020;2020_130_3;olla;6
1420;130/2020;2020_130_3;säätää;1
1420;130/2020;2020_130_3;erittäin;1
1420;130/2020;2020_130_3;ankara;1
1420;130/2020;2020_130_3;koronaepidemia;1
1420;130/2020;2020_130_3;kiihtymisvaihe;1
1420;130/2020;2020_130_3;sääntely;2
1420;130/2020;2020_130_3;ravintola-ala;2
1420;130/2020;2020_130_3;yritys;1
1420;130/2020;2020_130_3;vaikka;1
1420;130/2020;2020_130_3;koronakriisi;1
1420;130/2020;2020_130_3;hoitaminen;1
1420;130/2020;2020_130_3;vaatia;1
1420;130/2020;2020_130_3;toimenpide;1
1420;130/2020;2020_130_3;tämä;2
1420;130/2020;2020_130_3;johtaa;1
1420;130/2020;2020_130_3;käytäntö;1
1420;130/2020;2020_130_3;konkurssiaalto;1
1420;130/2020;2020_130_3;ja;6
1420;130/2020;2020_130_3;massatyöttömyys;1
1420;130/2020;2020_130_3;mara;2
1420;130/2020;2020_130_3;ry;2
1420;130/2020;2020_130_3;toistuvasti;1
1420;130/2020;2020_130_3;pyytää;1
1420;130/2020;2020_130_3;terveysviranomaisilta;1
1420;130/2020;2020_130_3;luku;1
1420;130/2020;2020_130_3;se;1
1420;130/2020;2020_130_3;kuinka;2
1420;130/2020;2020_130_3;paljon;2
1420;130/2020;2020_130_3;koronavirus;1
1420;130/2020;2020_130_3;altistuminen;2
1420;130/2020;2020_130_3;koronatartunta;1
1420;130/2020;2020_130_3;ruokaravintola;2
1420;130/2020;2020_130_3;kahvila;2
1420;130/2020;2020_130_3;liikenneasema;2
1420;130/2020;2020_130_3;ravintola;3
1420;130/2020;2020_130_3;majoitusliike;2
1420;130/2020;2020_130_3;aamiaisravintola;1
1420;130/2020;2020_130_3;mikä;1
1420;130/2020;2020_130_3;fakta;1
1420;130/2020;2020_130_3;sinä;1
1420;130/2020;2020_130_3;perustaa;1
1420;130/2020;2020_130_3;päätös;1
1420;130/2020;2020_130_3;tehdä;1
1420;130/2020;2020_130_3;sama;1
1420;130/2020;2020_130_3;kysymys;1
1420;130/2020;2020_130_3;kuin;1
1420;130/2020;2020_130_3;vahvistaa;1
1420;130/2020;2020_130_3;koronavirustartunta;1
1420;130/2020;2020_130_3;syksy;1
1420;130/2020;2020_130_3;aika;1
1420;148/2020;2020_148_98;arvoisa;1
1420;148/2020;2020_148_98;herra;1
1420;148/2020;2020_148_98;puhemies;1
1420;148/2020;2020_148_98;perussuomalaiset;1
1420;148/2020;2020_148_98;olla;19
1420;148/2020;2020_148_98;suomalainen;1
1420;148/2020;2020_148_98;työväestö;2
1420;148/2020;2020_148_98;puolustaja;1
1420;148/2020;2020_148_98;kuulua;1
1420;148/2020;2020_148_98;sekä;1
1420;148/2020;2020_148_98;palkansaaja;1
1420;148/2020;2020_148_98;että;8
1420;148/2020;2020_148_98;yrittäjä;3
1420;148/2020;2020_148_98;toinen;2
1420;148/2020;2020_148_98;ei;5
1420;148/2020;2020_148_98;ilman;1
1420;148/2020;2020_148_98;tämä;11
1420;148/2020;2020_148_98;ammattikunta;1
1420;148/2020;2020_148_98;pitää;1
1420;148/2020;2020_148_98;laittaa;1
1420;148/2020;2020_148_98;täällä;1
1420;148/2020;2020_148_98;poliittinen;1
1420;148/2020;2020_148_98;puhe;1
1420;148/2020;2020_148_98;vastakkain;1
1420;148/2020;2020_148_98;käsittely;1
1420;148/2020;2020_148_98;yritys;3
1420;148/2020;2020_148_98;kustannustuki;7
1420;148/2020;2020_148_98;kakkonen;4
1420;148/2020;2020_148_98;tuoda;1
1420;148/2020;2020_148_98;osa;1
1420;148/2020;2020_148_98;helpotus;1
1420;148/2020;2020_148_98;elämä;1
1420;148/2020;2020_148_98;koronapandemia;1
1420;148/2020;2020_148_98;keskellä;1
1420;148/2020;2020_148_98;verrata;1
1420;148/2020;2020_148_98;ykkönen;3
1420;148/2020;2020_148_98;osumatarkkuus;1
1420;148/2020;2020_148_98;hyvä;5
1420;148/2020;2020_148_98;muun;2
1420;148/2020;2020_148_98;muassa;2
1420;148/2020;2020_148_98;liikevaihto;2
1420;148/2020;2020_148_98;alaraja;3
1420;148/2020;2020_148_98;poisto;1
1420;148/2020;2020_148_98;kohta;1
1420;148/2020;2020_148_98;esittää;1
1420;148/2020;2020_148_98;pudottaminen;1
1420;148/2020;2020_148_98;mutta;5
1420;148/2020;2020_148_98;hallitus;1
1420;148/2020;2020_148_98;silloin;1
1420;148/2020;2020_148_98;suostua;1
1420;148/2020;2020_148_98;se;7
1420;148/2020;2020_148_98;virhe;1
1420;148/2020;2020_148_98;nyt;2
1420;148/2020;2020_148_98;oppia;1
1420;148/2020;2020_148_98;myös;2
1420;148/2020;2020_148_98;laajennus;1
1420;148/2020;2020_148_98;tukikelpoinen;1
1420;148/2020;2020_148_98;kulu;1
1420;148/2020;2020_148_98;ja;2
1420;148/2020;2020_148_98;toimialayrittäjä;1
1420;148/2020;2020_148_98;ottaa;1
1420;148/2020;2020_148_98;hyvin;1
1420;148/2020;2020_148_98;huomio;1
1420;148/2020;2020_148_98;aikainen;1
1420;148/2020;2020_148_98;saada;2
1420;148/2020;2020_148_98;tuki;4
1420;148/2020;2020_148_98;vaikuttaa;1
1420;148/2020;2020_148_98;edelleen;1
1420;148/2020;2020_148_98;valuvika;3
1420;148/2020;2020_148_98;hakea;3
1420;148/2020;2020_148_98;yli;1
1420;148/2020;2020_148_98;vain;1
1420;148/2020;2020_148_98;prosentti;3
1420;148/2020;2020_148_98;pieni;3
1420;148/2020;2020_148_98;hylätä;1
1420;148/2020;2020_148_98;yleinen;1
1420;148/2020;2020_148_98;syy;1
1420;148/2020;2020_148_98;tukisumma;2
1420;148/2020;2020_148_98;jäädä;2
1420;148/2020;2020_148_98;alle;3
1420;148/2020;2020_148_98;euro;5
1420;148/2020;2020_148_98;sama;1
1420;148/2020;2020_148_98;siksi;1
1420;148/2020;2020_148_98;minä;4
1420;148/2020;2020_148_98;ehdottaa;2
1420;148/2020;2020_148_98;pudottaa;1
1420;148/2020;2020_148_98;taksiala;1
1420;148/2020;2020_148_98;koska;2
1420;148/2020;2020_148_98;siellä;2
1420;148/2020;2020_148_98;paljon;1
1420;148/2020;2020_148_98;yksinyrittäjä;2
1420;148/2020;2020_148_98;siis;1
1420;148/2020;2020_148_98;suomi;1
1420;148/2020;2020_148_98;kymmenentuhatta;1
1420;148/2020;2020_148_98;joka;1
1420;148/2020;2020_148_98;helposti;1
1420;148/2020;2020_148_98;raja;2
1420;148/2020;2020_148_98;kun;1
1420;148/2020;2020_148_98;muu;1
1420;148/2020;2020_148_98;selvitä;1
1420;148/2020;2020_148_98;sieltä;1
1420;148/2020;2020_148_98;vastalause;1
1420;148/2020;2020_148_98;sali;1
1420;148/2020;2020_148_98;kuulostaa;1
1420;148/2020;2020_148_98;ehkä;1
1420;148/2020;2020_148_98;aika;1
1420;148/2020;2020_148_98;hyvätuloinen;1
1420;148/2020;2020_148_98;kansanedustaja;1
1420;148/2020;2020_148_98;rahasumma;1
1420;148/2020;2020_148_98;suuri;1
1420;148/2020;2020_148_98;summa;1
1420;148/2020;2020_148_98;kyllä;2
1420;148/2020;2020_148_98;toivoa;1
1420;148/2020;2020_148_98;täältä;1
1420;148/2020;2020_148_98;eduskunta;1
1420;148/2020;2020_148_98;lähteä;1
1420;148/2020;2020_148_98;sellainen;1
1420;148/2020;2020_148_98;signaali;1
1420;148/2020;2020_148_98;välittää;1
1420;148/2020;2020_148_98;hän;1
1420;148/2020;2020_148_98;niin;1
1420;148/2020;2020_148_98;näyttää;1
1420;148/2020;2020_148_98;käydä;1
1420;148/2020;2020_148_98;ikävä;1
1420;149/2020;2020_149_7;arvoisa;1
1420;149/2020;2020_149_7;rouva;1
1420;149/2020;2020_149_7;puhemies;1
1420;149/2020;2020_149_7;tehdä;1
1420;149/2020;2020_149_7;vastalause;1
1420;149/2020;2020_149_7;mukainen;1
1420;149/2020;2020_149_7;muutosesitys;1
1420;149/2020;2020_149_9;arvoisa;1
1420;149/2020;2020_149_9;rouva;1
1420;149/2020;2020_149_9;puhemies;1
1420;149/2020;2020_149_9;tehdä;1
1420;149/2020;2020_149_9;vastalause;1
1420;149/2020;2020_149_9;mukainen;1
1420;149/2020;2020_149_9;muutosesitys;1
1420;149/2020;2020_149_11;arvoisa;1
1420;149/2020;2020_149_11;rouva;1
1420;149/2020;2020_149_11;puhemies;1
1420;149/2020;2020_149_11;tehdä;1
1420;149/2020;2020_149_11;vastalause;1
1420;149/2020;2020_149_11;mukainen;1
1420;149/2020;2020_149_11;muutosesitys;1
1420;14/2021;2021_14_213;arvoisa;2
1420;14/2021;2021_14_213;rouva;1
1420;14/2021;2021_14_213;puhemies;2
1420;14/2021;2021_14_213;käsittely;1
1420;14/2021;2021_14_213;olla;8
1420;14/2021;2021_14_213;valtioneuvosto;1
1420;14/2021;2021_14_213;selonteko;1
1420;14/2021;2021_14_213;eu-politiikka;1
1420;14/2021;2021_14_213;se;4
1420;14/2021;2021_14_213;ei;8
1420;14/2021;2021_14_213;näyttää;2
1420;14/2021;2021_14_213;hyvä;1
1420;14/2021;2021_14_213;suomi;7
1420;14/2021;2021_14_213;itsenäisyys;1
1420;14/2021;2021_14_213;kanta;1
1420;14/2021;2021_14_213;kaikki;3
1420;14/2021;2021_14_213;mikä;1
1420;14/2021;2021_14_213;tämä;5
1420;14/2021;2021_14_213;hallitus;1
1420;14/2021;2021_14_213;nykyisin;1
1420;14/2021;2021_14_213;tehdä;4
1420;14/2021;2021_14_213;että;3
1420;14/2021;2021_14_213;minä;4
1420;14/2021;2021_14_213;ajaa;1
1420;14/2021;2021_14_213;kohti;1
1420;14/2021;2021_14_213;liittovaltio;2
1420;14/2021;2021_14_213;vaikka;1
1420;14/2021;2021_14_213;sellainen;4
1420;14/2021;2021_14_213;äänestää;2
1420;14/2021;2021_14_213;kun;1
1420;14/2021;2021_14_213;liittyminen;1
1420;14/2021;2021_14_213;eurooppa;5
1420;14/2021;2021_14_213;unioni;2
1420;14/2021;2021_14_213;hyväksyttävä;1
1420;14/2021;2021_14_213;politiikanteko;1
1420;14/2021;2021_14_213;kannattaa;6
1420;14/2021;2021_14_213;vapaa;3
1420;14/2021;2021_14_213;talousalue;1
1420;14/2021;2021_14_213;joka;6
1420;14/2021;2021_14_213;itsenäinen;1
1420;14/2021;2021_14_213;kansallisvaltio;2
1420;14/2021;2021_14_213;kauppa;1
1420;14/2021;2021_14_213;keskenään;1
1420;14/2021;2021_14_213;jokainen;1
1420;14/2021;2021_14_213;valtio;4
1420;14/2021;2021_14_213;päättää;2
1420;14/2021;2021_14_213;oma;8
1420;14/2021;2021_14_213;asia;4
1420;14/2021;2021_14_213;lainsäädäntö;1
1420;14/2021;2021_14_213;talouspolitiikka;1
1420;14/2021;2021_14_213;rajavalvonta;1
1420;14/2021;2021_14_213;ja;9
1420;14/2021;2021_14_213;maahanmuuttopolitiikka;1
1420;14/2021;2021_14_213;poliittinen;2
1420;14/2021;2021_14_213;kehitys;1
1420;14/2021;2021_14_213;eu;6
1420;14/2021;2021_14_213;iso;4
1420;14/2021;2021_14_213;pankki;1
1420;14/2021;2021_14_213;yhtiö;1
1420;14/2021;2021_14_213;käyttää;1
1420;14/2021;2021_14_213;päätösvalta;1
1420;14/2021;2021_14_213;pieni;2
1420;14/2021;2021_14_213;kuten;2
1420;14/2021;2021_14_213;kulkea;1
1420;14/2021;2021_14_213;ajopuu;1
1420;14/2021;2021_14_213;maksaa;1
1420;14/2021;2021_14_213;taata;2
1420;14/2021;2021_14_213;itse;1
1420;14/2021;2021_14_213;suuri;1
1420;14/2021;2021_14_213;velka;1
1420;14/2021;2021_14_213;jos;3
1420;14/2021;2021_14_213;muodostaa;1
1420;14/2021;2021_14_213;kauppaliitto;1
1420;14/2021;2021_14_213;vain;2
1420;14/2021;2021_14_213;erittäin;1
1420;14/2021;2021_14_213;löyhä;1
1420;14/2021;2021_14_213;suvereniteetti;1
1420;14/2021;2021_14_213;puolesta;1
1420;14/2021;2021_14_213;kontrolloida;1
1420;14/2021;2021_14_213;bryssel;1
1420;14/2021;2021_14_213;täällä;1
1420;14/2021;2021_14_213;eduskunta;1
1420;14/2021;2021_14_213;puuhastella;1
1420;14/2021;2021_14_213;kanssa;1
1420;14/2021;2021_14_213;niin;2
1420;14/2021;2021_14_213;eu-asia;1
1420;14/2021;2021_14_213;vastata;1
1420;14/2021;2021_14_213;ministeri;1
1420;14/2021;2021_14_213;tytti;1
1420;14/2021;2021_14_213;tuppurainen;1
1420;14/2021;2021_14_213;sanoa;1
1420;14/2021;2021_14_213;kansa;4
1420;14/2021;2021_14_213;ensin;2
1420;14/2021;2021_14_213;ajattelu;1
1420;14/2021;2021_14_213;vahingollinen;1
1420;14/2021;2021_14_213;lausunto;1
1420;14/2021;2021_14_213;hämmentää;1
1420;14/2021;2021_14_213;kyllä;1
1420;14/2021;2021_14_213;edustaja;1
1420;14/2021;2021_14_213;pitää;2
1420;14/2021;2021_14_213;ajatella;4
1420;14/2021;2021_14_213;maa;1
1420;14/2021;2021_14_213;voida;1
1420;14/2021;2021_14_213;kysyä;1
1420;14/2021;2021_14_213;kansanedustaja;1
1420;14/2021;2021_14_213;etu;1
1420;14/2021;2021_14_213;kuka;1
1420;14/2021;2021_14_213;sitten;1
1420;14/2021;2021_14_213;perussuomalaiset;1
1420;14/2021;2021_14_213;edustaa;1
1420;14/2021;2021_14_213;eu-linja;1
1420;14/2021;2021_14_213;ainoa;1
1420;14/2021;2021_14_213;oikea;1
1420;14/2021;2021_14_213;kestävä;1
1420;14/2021;2021_14_213;pohja;1
1420;14/2021;2021_14_213;myös;1
1420;14/2021;2021_14_213;kansalainen;1
1420;14/2021;2021_14_213;huomata;1
1420;14/2021;2021_14_213;kyselytutkimus;1
1420;14/2021;2021_14_213;mukaan;1
1420;14/2021;2021_14_213;noin;2
1420;14/2021;2021_14_213;puoli;2
1420;14/2021;2021_14_213;suomalainen;2
1420;14/2021;2021_14_213;suhtautua;1
1420;14/2021;2021_14_213;kielteisesti;1
1420;14/2021;2021_14_213;elpymispaketti;2
1420;14/2021;2021_14_213;siis;1
1420;14/2021;2021_14_213;perussuomalainen;1
1420;14/2021;2021_14_213;lähteä;1
1420;14/2021;2021_14_213;nettomaksaja;1
1420;14/2021;2021_14_213;oikeastaan;1
1420;14/2021;2021_14_213;mikään;1
1420;14/2021;2021_14_213;muu;1
1420;14/2021;2021_14_213;kiitos;1
1420;19/2021;2021_19_55;arvoisa;1
1420;19/2021;2021_19_55;rouva;1
1420;19/2021;2021_19_55;puhemies;1
1420;19/2021;2021_19_55;tosiaan;1
1420;19/2021;2021_19_55;talousvaliokunta;1
1420;19/2021;2021_19_55;kuulla;1
1420;19/2021;2021_19_55;laajasti;1
1420;19/2021;2021_19_55;asiantuntija;1
1420;19/2021;2021_19_55;ja;13
1420;19/2021;2021_19_55;kyllä;1
1420;19/2021;2021_19_55;se;14
1420;19/2021;2021_19_55;olla;18
1420;19/2021;2021_19_55;yksimielinen;1
1420;19/2021;2021_19_55;että;8
1420;19/2021;2021_19_55;tämä;10
1420;19/2021;2021_19_55;ravitsemisliike;1
1420;19/2021;2021_19_55;kolme;1
1420;19/2021;2021_19_55;viikko;1
1420;19/2021;2021_19_55;sulku;1
1420;19/2021;2021_19_55;nyt;1
1420;19/2021;2021_19_55;pakollinen;1
1420;19/2021;2021_19_55;myös;2
1420;19/2021;2021_19_55;ravintola-ala;2
1420;19/2021;2021_19_55;mieli;2
1420;19/2021;2021_19_55;näin;3
1420;19/2021;2021_19_55;pitää;2
1420;19/2021;2021_19_55;toimia;5
1420;19/2021;2021_19_55;moni;1
1420;19/2021;2021_19_55;muu;2
1420;19/2021;2021_19_55;eurooppa;1
1420;19/2021;2021_19_55;maa;1
1420;19/2021;2021_19_55;syy;1
1420;19/2021;2021_19_55;tieten;2
1420;19/2021;2021_19_55;tautitilanne;1
1420;19/2021;2021_19_55;ei;7
1420;19/2021;2021_19_55;räjähtää;1
1420;19/2021;2021_19_55;käsi;1
1420;19/2021;2021_19_55;proaktiivinen;1
1420;19/2021;2021_19_55;toiminta;3
1420;19/2021;2021_19_55;ennakoiva;1
1420;19/2021;2021_19_55;suomi;1
1420;19/2021;2021_19_55;erilainen;1
1420;19/2021;2021_19_55;rajoitus;1
1420;19/2021;2021_19_55;kanssa;3
1420;19/2021;2021_19_55;korona;1
1420;19/2021;2021_19_55;aika;2
1420;19/2021;2021_19_55;kohtuullinen;2
1420;19/2021;2021_19_55;hyvin;6
1420;19/2021;2021_19_55;paljon;3
1420;19/2021;2021_19_55;parannettava;1
1420;19/2021;2021_19_55;mutta;1
1420;19/2021;2021_19_55;sijaan;1
1420;19/2021;2021_19_55;korvaus;3
1420;19/2021;2021_19_55;tuki;4
1420;19/2021;2021_19_55;kovin;1
1420;19/2021;2021_19_55;mennä;1
1420;19/2021;2021_19_55;ohi;1
1420;19/2021;2021_19_55;sitten;3
1420;19/2021;2021_19_55;kustannustuki;1
1420;19/2021;2021_19_55;johtua;1
1420;19/2021;2021_19_55;kuunnella;2
1420;19/2021;2021_19_55;riittävästi;1
1420;19/2021;2021_19_55;joka;4
1420;19/2021;2021_19_55;koskea;2
1420;19/2021;2021_19_55;eli;1
1420;19/2021;2021_19_55;tapaus;1
1420;19/2021;2021_19_55;yrittäjä;1
1420;19/2021;2021_19_55;tarpeeksi;1
1420;19/2021;2021_19_55;tilanne;1
1420;19/2021;2021_19_55;kuten;1
1420;19/2021;2021_19_55;täällä;1
1420;19/2021;2021_19_55;edustaja;1
1420;19/2021;2021_19_55;kauma;1
1420;19/2021;2021_19_55;aikaisemmin;1
1420;19/2021;2021_19_55;sanoa;1
1420;19/2021;2021_19_55;niin;1
1420;19/2021;2021_19_55;kirjanpito;1
1420;19/2021;2021_19_55;kautta;1
1420;19/2021;2021_19_55;nähdä;2
1420;19/2021;2021_19_55;mikä;3
1420;19/2021;2021_19_55;yritys;1
1420;19/2021;2021_19_55;tapahtua;2
1420;19/2021;2021_19_55;sieltä;1
1420;19/2021;2021_19_55;todellinen;1
1420;19/2021;2021_19_55;tappio;1
1420;19/2021;2021_19_55;menetys;1
1420;19/2021;2021_19_55;mukaan;1
1420;19/2021;2021_19_55;todellisuus;1
1420;19/2021;2021_19_55;korvata;1
1420;19/2021;2021_19_55;lailla;1
1420;19/2021;2021_19_55;kehitellä;1
1420;19/2021;2021_19_55;jokin;1
1420;19/2021;2021_19_55;oma;1
1420;19/2021;2021_19_55;kummallinen;1
1420;19/2021;2021_19_55;korvausmalli;1
1420;19/2021;2021_19_55;osua;1
1420;19/2021;2021_19_55;kärsiä;1
1420;19/2021;2021_19_55;eniten;1
1420;19/2021;2021_19_55;taloudellisesti;1
1420;19/2021;2021_19_55;tehdä;2
1420;19/2021;2021_19_55;hetki;1
1420;19/2021;2021_19_55;päästä;1
1420;19/2021;2021_19_55;tai;1
1420;19/2021;2021_19_55;kohta;1
1420;19/2021;2021_19_55;pykälävastalause;1
1420;19/2021;2021_19_55;perustella;1
1420;19/2021;2021_19_55;vähän;2
1420;19/2021;2021_19_55;miksi;1
1420;19/2021;2021_19_55;eri;1
1420;19/2021;2021_19_55;esitys;1
1420;19/2021;2021_19_55;asiantuntijalausunto;1
1420;19/2021;2021_19_55;nousta;1
1420;19/2021;2021_19_55;usein;1
1420;19/2021;2021_19_55;esiin;1
1420;19/2021;2021_19_55;tieto;1
1420;19/2021;2021_19_55;ulkotila;1
1420;19/2021;2021_19_55;tartuntariski;1
1420;19/2021;2021_19_55;pieni;1
1420;19/2021;2021_19_55;minä;2
1420;19/2021;2021_19_55;ottaa;1
1420;19/2021;2021_19_55;yhteys;1
1420;19/2021;2021_19_55;esimerkiksi;1
1420;19/2021;2021_19_55;pohjois-suomi;1
1420;19/2021;2021_19_55;hiihtokeskus;1
1420;19/2021;2021_19_55;siellä;1
1420;19/2021;2021_19_55;pystyä;2
1420;19/2021;2021_19_55;turvallisesti;2
1420;19/2021;2021_19_55;ulkona;1
1420;19/2021;2021_19_55;väljä;1
1420;19/2021;2021_19_55;tila;1
1420;19/2021;2021_19_55;järjestää;2
1420;19/2021;2021_19_55;tarjoilu;1
1420;19/2021;2021_19_55;samalla;1
1420;19/2021;2021_19_55;esitellä;1
1420;19/2021;2021_19_55;lausumaehdotus;1
1420;19/2021;2021_19_55;eduskunta;1
1420;19/2021;2021_19_55;edellyttää;1
1420;19/2021;2021_19_55;ulkoterassi;1
1420;19/2021;2021_19_55;ruokailu;1
1420;19/2021;2021_19_55;anniskelu;1
1420;19/2021;2021_19_55;mahdollistaa;1
1420;19/2021;2021_19_55;jatkuminen;1
1420;19/2021;2021_19_55;rajoitusaika;1
1420;19/2021;2021_19_55;kiitos;1
1420;19/2021;2021_19_70;arvoisa;1
1420;19/2021;2021_19_70;rouva;1
1420;19/2021;2021_19_70;puhemies;1
1420;19/2021;2021_19_70;tehdä;1
1420;19/2021;2021_19_70;vastalause;1
1420;19/2021;2021_19_70;mukainen;1
1420;19/2021;2021_19_70;muutosehdotus;1
1420;20/2021;2021_20_55;arvoisa;1
1420;20/2021;2021_20_55;herra;1
1420;20/2021;2021_20_55;puhemies;1
1420;20/2021;2021_20_55;keskustella;1
1420;20/2021;2021_20_55;tämä;12
1420;20/2021;2021_20_55;ravintola;1
1420;20/2021;2021_20_55;kolme;1
1420;20/2021;2021_20_55;viikko;1
1420;20/2021;2021_20_55;sulkeminen;1
1420;20/2021;2021_20_55;ja;10
1420;20/2021;2021_20_55;täällä;1
1420;20/2021;2021_20_55;olla;25
1420;20/2021;2021_20_55;muutama;1
1420;20/2021;2021_20_55;hivenen;1
1420;20/2021;2021_20_55;provosoiva;1
1420;20/2021;2021_20_55;puheenvuoro;1
1420;20/2021;2021_20_55;joka;3
1420;20/2021;2021_20_55;ensin;2
1420;20/2021;2021_20_55;haluta;1
1420;20/2021;2021_20_55;vastata;1
1420;20/2021;2021_20_55;edustaja;2
1420;20/2021;2021_20_55;turtiainen;1
1420;20/2021;2021_20_55;esittää;1
1420;20/2021;2021_20_55;että;10
1420;20/2021;2021_20_55;joku;1
1420;20/2021;2021_20_55;salaliitto;1
1420;20/2021;2021_20_55;koko;1
1420;20/2021;2021_20_55;korkopandemia;1
1420;20/2021;2021_20_55;ei;2
1420;20/2021;2021_20_55;edes;1
1420;20/2021;2021_20_55;totta;1
1420;20/2021;2021_20_55;se;13
1420;20/2021;2021_20_55;nyt;1
1420;20/2021;2021_20_55;ihan;4
1420;20/2021;2021_20_55;täysi;1
1420;20/2021;2021_20_55;hölynpöly;1
1420;20/2021;2021_20_55;jos;6
1420;20/2021;2021_20_55;katsoa;2
1420;20/2021;2021_20_55;vaikka;1
1420;20/2021;2021_20_55;mikä;1
1420;20/2021;2021_20_55;tapahtua;3
1420;20/2021;2021_20_55;moni;1
1420;20/2021;2021_20_55;muu;1
1420;20/2021;2021_20_55;eurooppa;1
1420;20/2021;2021_20_55;maa;1
1420;20/2021;2021_20_55;hetki;1
1420;20/2021;2021_20_55;niin;5
1420;20/2021;2021_20_55;kun;1
1420;20/2021;2021_20_55;tuossa;1
1420;20/2021;2021_20_55;aamu;1
1420;20/2021;2021_20_55;esimerkiksi;2
1420;20/2021;2021_20_55;tekin;1
1420;20/2021;2021_20_55;luku;1
1420;20/2021;2021_20_55;siellä;4
1420;20/2021;2021_20_55;tartunta;2
1420;20/2021;2021_20_55;eilen;1
1420;20/2021;2021_20_55;korona;2
1420;20/2021;2021_20_55;liittyä;1
1420;20/2021;2021_20_55;kuolema;1
1420;20/2021;2021_20_55;kyllä;4
1420;20/2021;2021_20_55;tosi;1
1420;20/2021;2021_20_55;kyse;1
1420;20/2021;2021_20_55;portugali;1
1420;20/2021;2021_20_55;tammikuu;1
1420;20/2021;2021_20_55;loppu;1
1420;20/2021;2021_20_55;paha;1
1420;20/2021;2021_20_55;päivä;1
1420;20/2021;2021_20_55;erittäin;1
1420;20/2021;2021_20_55;aggressiivinen;1
1420;20/2021;2021_20_55;virus;1
1420;20/2021;2021_20_55;levitä;3
1420;20/2021;2021_20_55;antaa;1
1420;20/2021;2021_20_55;lindn;2
1420;20/2021;2021_20_55;sitten;5
1420;20/2021;2021_20_55;kritisoida;1
1420;20/2021;2021_20_55;minä;2
1420;20/2021;2021_20_55;lausumaehdotus;1
1420;20/2021;2021_20_55;perustua;1
1420;20/2021;2021_20_55;saada;1
1420;20/2021;2021_20_55;tietää;1
1420;20/2021;2021_20_55;kuuleminen;1
1420;20/2021;2021_20_55;ulkotila;3
1420;20/2021;2021_20_55;juuri;1
1420;20/2021;2021_20_55;vaan;1
1420;20/2021;2021_20_55;sisätila;3
1420;20/2021;2021_20_55;tulla;2
1420;20/2021;2021_20_55;toive;1
1420;20/2021;2021_20_55;pohjois-suomi;1
1420;20/2021;2021_20_55;laskettelukeskus;1
1420;20/2021;2021_20_55;muualla;1
1420;20/2021;2021_20_55;voida;2
1420;20/2021;2021_20_55;väljä;1
1420;20/2021;2021_20_55;järjestää;2
1420;20/2021;2021_20_55;tarjoilu;2
1420;20/2021;2021_20_55;nähdä;1
1420;20/2021;2021_20_55;jokin;1
1420;20/2021;2021_20_55;terassi;2
1420;20/2021;2021_20_55;tupakoida;1
1420;20/2021;2021_20_55;ihminen;2
1420;20/2021;2021_20_55;tarkoittaa;1
1420;20/2021;2021_20_55;vielä;1
1420;20/2021;2021_20_55;auki;1
1420;20/2021;2021_20_55;hän;2
1420;20/2021;2021_20_55;ulos;1
1420;20/2021;2021_20_55;tupakka;1
1420;20/2021;2021_20_55;tuskin;1
1420;20/2021;2021_20_55;paljon;1
1420;20/2021;2021_20_55;sulkea;1
1420;20/2021;2021_20_55;mutta;1
1420;20/2021;2021_20_55;tietty;1
1420;20/2021;2021_20_55;ravintolatyyppi;1
1420;20/2021;2021_20_55;tilanne;2
1420;20/2021;2021_20_55;pelastaa;1
1420;20/2021;2021_20_55;tehdä;3
1420;20/2021;2021_20_55;terveysturvallisesti;1
1420;20/2021;2021_20_55;ravintoloitsija;1
1420;20/2021;2021_20_55;osata;1
1420;20/2021;2021_20_55;luottaa;1
1420;20/2021;2021_20_55;eli;1
1420;20/2021;2021_20_55;vähän;1
1420;20/2021;2021_20_55;mutuilu;1
1420;20/2021;2021_20_55;vaikuttaa;1
1420;20/2021;2021_20_55;mieli;1
1420;20/2021;2021_20_55;hyvä;2
1420;20/2021;2021_20_55;hallitus;1
1420;20/2021;2021_20_55;näin;1
1420;20/2021;2021_20_55;päättäväinen;2
1420;20/2021;2021_20_55;toivoa;1
1420;20/2021;2021_20_55;yhtä;1
1420;20/2021;2021_20_55;korvata;1
1420;20/2021;2021_20_55;tappio;1
1420;20/2021;2021_20_55;silloin;1
1420;20/2021;2021_20_55;balanssi;1
1420;20/2021;2021_20_55;vastalause;1
1420;20/2021;2021_20_55;mukainen;1
1420;20/2021;2021_20_55;ponsiehdotus;1
1420;20/2021;2021_20_55;kuulua;1
1420;20/2021;2021_20_55;seuraavasti;1
1420;20/2021;2021_20_55;eduskunta;1
1420;20/2021;2021_20_55;edellyttää;1
1420;20/2021;2021_20_55;ulkoterassi;1
1420;20/2021;2021_20_55;pystyä;1
1420;20/2021;2021_20_55;ruokailu;1
1420;20/2021;2021_20_55;anniskelu;1
1420;20/2021;2021_20_55;turvallisesti;1
1420;20/2021;2021_20_55;mahdollistaa;1
1420;20/2021;2021_20_55;toiminta;1
1420;20/2021;2021_20_55;jatkuminen;1
1420;20/2021;2021_20_55;myös;1
1420;20/2021;2021_20_55;rajoitusaika;1
1420;27/2021;2021_27_190;arvoisa;3
1420;27/2021;2021_27_190;rouva;1
1420;27/2021;2021_27_190;puhemies;2
1420;27/2021;2021_27_190;lähetekeskustelu;1
1420;27/2021;2021_27_190;olla;27
1420;27/2021;2021_27_190;hallitus;5
1420;27/2021;2021_27_190;esitys;2
1420;27/2021;2021_27_190;eduskunta;1
1420;27/2021;2021_27_190;laki;5
1420;27/2021;2021_27_190;yritys;6
1420;27/2021;2021_27_190;määräaikainen;1
1420;27/2021;2021_27_190;kustannustuki;6
1420;27/2021;2021_27_190;antaa;1
1420;27/2021;2021_27_190;täydentäminen;1
1420;27/2021;2021_27_190;tämä;9
1420;27/2021;2021_27_190;täydentävä;4
1420;27/2021;2021_27_190;kolmonen;1
1420;27/2021;2021_27_190;joka;5
1420;27/2021;2021_27_190;se;3
1420;27/2021;2021_27_190;valmistua;1
1420;27/2021;2021_27_190;lähiaika;1
1420;27/2021;2021_27_190;koskea;1
1420;27/2021;2021_27_190;siis;2
1420;27/2021;2021_27_190;pieni;2
1420;27/2021;2021_27_190;ja;8
1420;27/2021;2021_27_190;mikroyritys;2
1420;27/2021;2021_27_190;määrätä;1
1420;27/2021;2021_27_190;sulkea;2
1420;27/2021;2021_27_190;koronapandemia;1
1420;27/2021;2021_27_190;takia;2
1420;27/2021;2021_27_190;erittäin;2
1420;27/2021;2021_27_190;hyvä;1
1420;27/2021;2021_27_190;että;8
1420;27/2021;2021_27_190;valmistaa;1
1420;27/2021;2021_27_190;tulla;3
1420;27/2021;2021_27_190;pikaisesti;1
1420;27/2021;2021_27_190;saakka;1
1420;27/2021;2021_27_190;viime;1
1420;27/2021;2021_27_190;vuosi;1
1420;27/2021;2021_27_190;voimaan;1
1420;27/2021;2021_27_190;ykkönen;1
1420;27/2021;2021_27_190;kakkonen;1
1420;27/2021;2021_27_190;heikosti;1
1420;27/2021;2021_27_190;suunnitella;1
1420;27/2021;2021_27_190;koska;1
1420;27/2021;2021_27_190;tuki;2
1420;27/2021;2021_27_190;saanti;1
1420;27/2021;2021_27_190;kriteeri;1
1420;27/2021;2021_27_190;jättää;1
1420;27/2021;2021_27_190;suuri;1
1420;27/2021;2021_27_190;osa;1
1420;27/2021;2021_27_190;ulkopuolelle;1
1420;27/2021;2021_27_190;hylätä;1
1420;27/2021;2021_27_190;päätös;2
1420;27/2021;2021_27_190;prosentti;3
1420;27/2021;2021_27_190;erityisesti;1
1420;27/2021;2021_27_190;moni;2
1420;27/2021;2021_27_190;korona;1
1420;27/2021;2021_27_190;kärsiä;1
1420;27/2021;2021_27_190;jäädä;1
1420;27/2021;2021_27_190;ilman;1
1420;27/2021;2021_27_190;ei;4
1420;27/2021;2021_27_190;kuunnella;2
1420;27/2021;2021_27_190;riittävä;1
1420;27/2021;2021_27_190;herkkä;1
1420;27/2021;2021_27_190;korva;1
1420;27/2021;2021_27_190;tarvitsija;1
1420;27/2021;2021_27_190;eli;1
1420;27/2021;2021_27_190;yrittäjä;4
1420;27/2021;2021_27_190;itse;1
1420;27/2021;2021_27_190;valiokunta;1
1420;27/2021;2021_27_190;kyllä;1
1420;27/2021;2021_27_190;kuulla;1
1420;27/2021;2021_27_190;etujärjestö;1
1420;27/2021;2021_27_190;muu;5
1420;27/2021;2021_27_190;asiantuntija;1
1420;27/2021;2021_27_190;mutta;2
1420;27/2021;2021_27_190;hän;1
1420;27/2021;2021_27_190;sanoma;1
1420;27/2021;2021_27_190;ottaa;2
1420;27/2021;2021_27_190;tosissaan;1
1420;27/2021;2021_27_190;vaikea;1
1420;27/2021;2021_27_190;ymmärtää;2
1420;27/2021;2021_27_190;mikä;2
1420;27/2021;2021_27_190;johtua;2
1420;27/2021;2021_27_190;liedä;1
1420;27/2021;2021_27_190;pääministeri;1
1420;27/2021;2021_27_190;sanna;1
1420;27/2021;2021_27_190;mari;1
1420;27/2021;2021_27_190;johtaa;1
1420;27/2021;2021_27_190;jonkinlainen;1
1420;27/2021;2021_27_190;asennevamma;1
1420;27/2021;2021_27_190;yrittäjyys;1
1420;27/2021;2021_27_190;kohtaan;1
1420;27/2021;2021_27_190;tai;5
1420;27/2021;2021_27_190;sitten;1
1420;27/2021;2021_27_190;kyse;1
1420;27/2021;2021_27_190;vain;1
1420;27/2021;2021_27_190;osaamattomuus;1
1420;27/2021;2021_27_190;kokemattomuus;1
1420;27/2021;2021_27_190;töppäily;2
1420;27/2021;2021_27_190;päätöksenteko;1
1420;27/2021;2021_27_190;entinen;1
1420;27/2021;2021_27_190;porvaripuolue;1
1420;27/2021;2021_27_190;keskusta;1
1420;27/2021;2021_27_190;mukana;1
1420;27/2021;2021_27_190;hämmentävä;1
1420;27/2021;2021_27_190;palata;1
1420;27/2021;2021_27_190;lakiesitys;2
1420;27/2021;2021_27_190;puhuja;1
1420;27/2021;2021_27_190;mikrofoni;2
1420;27/2021;2021_27_190;sulkeutua;1
1420;27/2021;2021_27_190;ensimmäinen;1
1420;27/2021;2021_27_190;varapuhemies;1
1420;27/2021;2021_27_190;tarja;1
1420;27/2021;2021_27_190;filatov;1
1420;27/2021;2021_27_190;edustaja;1
1420;27/2021;2021_27_190;hetki;1
1420;27/2021;2021_27_190;ilmeisesti;1
1420;27/2021;2021_27_190;nyt;2
1420;27/2021;2021_27_190;päällä;1
1420;27/2021;2021_27_190;no;1
1420;27/2021;2021_27_190;niin;1
1420;27/2021;2021_27_190;kiitos;1
1420;27/2021;2021_27_190;pitää;4
1420;27/2021;2021_27_190;poistaa;1
1420;27/2021;2021_27_190;vuorokausi;2
1420;27/2021;2021_27_190;omavastuuaika;1
1420;27/2021;2021_27_190;muuttaa;2
1420;27/2021;2021_27_190;kyseinen;1
1420;27/2021;2021_27_190;kohta;2
1420;27/2021;2021_27_190;siten;3
1420;27/2021;2021_27_190;kustannuskorvaus;1
1420;27/2021;2021_27_190;alkaa;1
1420;27/2021;2021_27_190;sulkupäivä;1
1420;27/2021;2021_27_190;numero;1
1420;27/2021;2021_27_190;yksi;1
1420;27/2021;2021_27_190;vaikka;1
1420;27/2021;2021_27_190;sulku;1
1420;27/2021;2021_27_190;kestää;1
1420;27/2021;2021_27_190;alle;1
1420;27/2021;2021_27_190;toinen;1
1420;27/2021;2021_27_190;vertailukuukausi;2
1420;27/2021;2021_27_190;ehdottaa;1
1420;27/2021;2021_27_190;helmikuu;2
1420;27/2021;2021_27_190;sopia;1
1420;27/2021;2021_27_190;kaikki;2
1420;27/2021;2021_27_190;vaan;1
1420;27/2021;2021_27_190;säätää;1
1420;27/2021;2021_27_190;joustavuus;1
1420;27/2021;2021_27_190;esimerkiksi;2
1420;27/2021;2021_27_190;vertailukohta;1
1420;27/2021;2021_27_190;voida;1
1420;27/2021;2021_27_190;joku;1
1420;27/2021;2021_27_190;hyvin;1
1420;27/2021;2021_27_190;soveltua;1
1420;27/2021;2021_27_190;kuukausi;1
1420;27/2021;2021_27_190;lisäksi;1
1420;27/2021;2021_27_190;huomioida;2
1420;27/2021;2021_27_190;erilainen;1
1420;27/2021;2021_27_190;ravintolayritys;1
1420;27/2021;2021_27_190;saada;1
1420;27/2021;2021_27_190;edelleen;1
1420;27/2021;2021_27_190;auki;1
1420;27/2021;2021_27_190;liikevaihto;1
1420;27/2021;2021_27_190;lisääntyä;1
1420;27/2021;2021_27_190;etätyö;1
1420;27/2021;2021_27_190;romahtaa;1
1420;27/2021;2021_27_190;tällainen;1
1420;27/2021;2021_27_190;ravintola;1
1420;27/2021;2021_27_190;muun;1
1420;27/2021;2021_27_190;muassa;1
1420;27/2021;2021_27_190;henkilöstö;1
1420;27/2021;2021_27_190;opiskelijaravintola;1
1420;27/2021;2021_27_190;mukaan;1
1420;27/2021;2021_27_190;perustuslakivaliokunta;1
1420;27/2021;2021_27_190;esittää;2
1420;27/2021;2021_27_190;kohtuullinen;1
1420;27/2021;2021_27_190;kompensaatio;1
1420;27/2021;2021_27_190;edellyttää;1
1420;27/2021;2021_27_190;suorittaa;1
1420;27/2021;2021_27_190;kulu;3
1420;27/2021;2021_27_190;korvaus;2
1420;27/2021;2021_27_190;määräytyä;1
1420;27/2021;2021_27_190;kertoa;1
1420;27/2021;2021_27_190;kiinnipito;1
1420;27/2021;2021_27_190;kohde;1
1420;27/2021;2021_27_190;liiketoiminta;3
1420;27/2021;2021_27_190;osuus;1
1420;27/2021;2021_27_190;luku;1
1420;27/2021;2021_27_190;tällöin;1
1420;27/2021;2021_27_190;määrä;1
1420;27/2021;2021_27_190;sijaan;1
1420;27/2021;2021_27_190;korvata;1
1420;27/2021;2021_27_190;tärkeä;1
1420;27/2021;2021_27_190;asiakastila;1
1420;27/2021;2021_27_190;viranomainen;1
1420;27/2021;2021_27_190;samanlainen;1
1420;27/2021;2021_27_190;mahdollisuus;1
1420;27/2021;2021_27_190;löytää;1
1420;27/2021;2021_27_190;kehittää;1
1420;27/2021;2021_27_190;korvaava;2
1420;27/2021;2021_27_190;tapaus;1
1420;27/2021;2021_27_190;luominen;1
1420;27/2021;2021_27_190;täysin;1
1420;27/2021;2021_27_190;mahdoton;1
1420;27/2021;2021_27_190;ministeri;1
1420;27/2021;2021_27_190;lintilä;1
1420;27/2021;2021_27_190;toivoa;1
1420;27/2021;2021_27_190;vihdoin;1
1420;33/2021;2021_33_175;arvoisa;5
1420;33/2021;2021_33_175;rouva;1
1420;33/2021;2021_33_175;puhemies;5
1420;33/2021;2021_33_175;eu;3
1420;33/2021;2021_33_175;elpymispaketti;3
1420;33/2021;2021_33_175;keskustelun;1
1420;33/2021;2021_33_175;yhteys;2
1420;33/2021;2021_33_175;helmikuu;3
1420;33/2021;2021_33_175;pääministeri;1
1420;33/2021;2021_33_175;sanna;2
1420;33/2021;2021_33_175;mari;3
1420;33/2021;2021_33_175;todeta;1
1420;33/2021;2021_33_175;että;11
1420;33/2021;2021_33_175;suomi;6
1420;33/2021;2021_33_175;pitää;9
1420;33/2021;2021_33_175;lähettää;1
1420;33/2021;2021_33_175;miljardi;3
1420;33/2021;2021_33_175;euro;3
1420;33/2021;2021_33_175;raha;4
1420;33/2021;2021_33_175;välimeri;2
1420;33/2021;2021_33_175;maa;8
1420;33/2021;2021_33_175;talous;3
1420;33/2021;2021_33_175;ja;17
1420;33/2021;2021_33_175;yritys;12
1420;33/2021;2021_33_175;tukeminen;3
1420;33/2021;2021_33_175;koska;5
1420;33/2021;2021_33_175;olla;29
1420;33/2021;2021_33_175;niin;5
1420;33/2021;2021_33_175;vauras;3
1420;33/2021;2021_33_175;valtiovarainministeri;1
1420;33/2021;2021_33_175;vanhanen;1
1420;33/2021;2021_33_175;se;21
1420;33/2021;2021_33_175;sijaan;1
1420;33/2021;2021_33_175;lausua;1
1420;33/2021;2021_33_175;maaliskuu;2
1420;33/2021;2021_33_175;puoli;1
1420;33/2021;2021_33_175;ei;15
1420;33/2021;2021_33_175;pystyä;1
1420;33/2021;2021_33_175;tukea;5
1420;33/2021;2021_33_175;oma;4
1420;33/2021;2021_33_175;paljon;2
1420;33/2021;2021_33_175;kuin;3
1420;33/2021;2021_33_175;muu;4
1420;33/2021;2021_33_175;pohjoismaa;1
1420;33/2021;2021_33_175;mikä;2
1420;33/2021;2021_33_175;ikä;1
1420;33/2021;2021_33_175;sekoilu;1
1420;33/2021;2021_33_175;tämä;20
1420;33/2021;2021_33_175;saada;2
1420;33/2021;2021_33_175;käsitys;1
1420;33/2021;2021_33_175;kun;3
1420;33/2021;2021_33_175;mutta;2
1420;33/2021;2021_33_175;sitten;5
1420;33/2021;2021_33_175;köyhä;1
1420;33/2021;2021_33_175;kotimaa;3
1420;33/2021;2021_33_175;tänään;1
1420;33/2021;2021_33_175;käsittely;2
1420;33/2021;2021_33_175;kustannustuki;8
1420;33/2021;2021_33_175;numero;2
1420;33/2021;2021_33_175;paketti;1
1420;33/2021;2021_33_175;siis;1
1420;33/2021;2021_33_175;toimia;1
1420;33/2021;2021_33_175;joka;3
1420;33/2021;2021_33_175;erityinen;3
1420;33/2021;2021_33_175;kärsiä;1
1420;33/2021;2021_33_175;korona;2
1420;33/2021;2021_33_175;kaksi;2
1420;33/2021;2021_33_175;edellinen;2
1420;33/2021;2021_33_175;käsitellä;1
1420;33/2021;2021_33_175;viime;1
1420;33/2021;2021_33_175;vuosi;2
1420;33/2021;2021_33_175;kesä;1
1420;33/2021;2021_33_175;lokakuu;1
1420;33/2021;2021_33_175;selvästi;1
1420;33/2021;2021_33_175;hyvä;1
1420;33/2021;2021_33_175;tuhat;1
1420;33/2021;2021_33_175;jäädä;3
1420;33/2021;2021_33_175;tuki;3
1420;33/2021;2021_33_175;ulkopuoli;2
1420;33/2021;2021_33_175;näin;2
1420;33/2021;2021_33_175;käydä;1
1420;33/2021;2021_33_175;hallitus;10
1420;33/2021;2021_33_175;asettaa;1
1420;33/2021;2021_33_175;saaminen;1
1420;33/2021;2021_33_175;väärä;1
1420;33/2021;2021_33_175;epäoikeudenmukainen;1
1420;33/2021;2021_33_175;hakukriteeri;3
1420;33/2021;2021_33_175;tietää;1
1420;33/2021;2021_33_175;tehdä;5
1420;33/2021;2021_33_175;tahallaan;1
1420;33/2021;2021_33_175;vai;1
1420;33/2021;2021_33_175;tahattomasti;1
1420;33/2021;2021_33_175;erityisesti;2
1420;33/2021;2021_33_175;iso;1
1420;33/2021;2021_33_175;osa;4
1420;33/2021;2021_33_175;mikroyrittäjä;1
1420;33/2021;2021_33_175;yksinyrittäjä;1
1420;33/2021;2021_33_175;jättää;1
1420;33/2021;2021_33_175;kylmästi;1
1420;33/2021;2021_33_175;ehkä;1
1420;33/2021;2021_33_175;osata;3
1420;33/2021;2021_33_175;vastata;2
1420;33/2021;2021_33_175;entinen;1
1420;33/2021;2021_33_175;porvari;1
1420;33/2021;2021_33_175;nykyinen;1
1420;33/2021;2021_33_175;vihervasemmistolainen;1
1420;33/2021;2021_33_175;keskustalainen;1
1420;33/2021;2021_33_175;ministeri;3
1420;33/2021;2021_33_175;lintilä;1
1420;33/2021;2021_33_175;yrittää;1
1420;33/2021;2021_33_175;alkuviikko;1
1420;33/2021;2021_33_175;töppäily;1
1420;33/2021;2021_33_175;johtua;1
1420;33/2021;2021_33_175;kokemattomuus;1
1420;33/2021;2021_33_175;kysyä;1
1420;33/2021;2021_33_175;miksi;2
1420;33/2021;2021_33_175;laki;1
1420;33/2021;2021_33_175;jos;5
1420;33/2021;2021_33_175;kuunnella;2
1420;33/2021;2021_33_175;katsoa;1
1420;33/2021;2021_33_175;keskusta;2
1420;33/2021;2021_33_175;sinä;1
1420;33/2021;2021_33_175;avainasema;1
1420;33/2021;2021_33_175;kustannustukiasia;1
1420;33/2021;2021_33_175;punavihreä;1
1420;33/2021;2021_33_175;puolue;1
1420;33/2021;2021_33_175;kiinnostunut;2
1420;33/2021;2021_33_175;suomalainen;3
1420;33/2021;2021_33_175;yrittäjä;5
1420;33/2021;2021_33_175;kohtalo;1
1420;33/2021;2021_33_175;sosiaalidemokraatti;1
1420;33/2021;2021_33_175;vasemmistoliitto;1
1420;33/2021;2021_33_175;tunnetusti;1
1420;33/2021;2021_33_175;yrittäjyys;2
1420;33/2021;2021_33_175;edistäminen;1
1420;33/2021;2021_33_175;kiinnostus;1
1420;33/2021;2021_33_175;kohtaan;1
1420;33/2021;2021_33_175;liittyä;1
1420;33/2021;2021_33_175;lähinnä;1
1420;33/2021;2021_33_175;verotus;1
1420;33/2021;2021_33_175;miten;1
1420;33/2021;2021_33_175;työntää;1
1420;33/2021;2021_33_175;käsi;1
1420;33/2021;2021_33_175;syvemmälle;1
1420;33/2021;2021_33_175;tasku;1
1420;33/2021;2021_33_175;vihreät;1
1420;33/2021;2021_33_175;puolesta;1
1420;33/2021;2021_33_175;hiilidioksidipää;1
1420;33/2021;2021_33_175;mikään;2
1420;33/2021;2021_33_175;asia;1
1420;33/2021;2021_33_175;ajattelu;1
1420;33/2021;2021_33_175;aika;2
1420;33/2021;2021_33_175;anteeksipyyntö;1
1420;33/2021;2021_33_175;suunta;1
1420;33/2021;2021_33_175;paikallaan;1
1420;33/2021;2021_33_175;kohta;1
1420;33/2021;2021_33_175;heti;1
1420;33/2021;2021_33_175;jälkeen;1
1420;33/2021;2021_33_175;tilanne;1
1420;33/2021;2021_33_175;korjaaminen;1
1420;33/2021;2021_33_175;aukaista;1
1420;33/2021;2021_33_175;uudelleen;2
1420;33/2021;2021_33_175;haku;2
1420;33/2021;2021_33_175;uusi;2
1420;33/2021;2021_33_175;tarkoittaa;1
1420;33/2021;2021_33_175;pieni;2
1420;33/2021;2021_33_175;merkitä;1
1420;33/2021;2021_33_175;käytäntö;1
1420;33/2021;2021_33_175;yhtään;1
1420;33/2021;2021_33_175;haluta;1
1420;33/2021;2021_33_175;muistuttaa;1
1420;33/2021;2021_33_175;prosentti;6
1420;33/2021;2021_33_175;mikroyritys;1
1420;33/2021;2021_33_175;perussuomalaiset;1
1420;33/2021;2021_33_175;esittää;4
1420;33/2021;2021_33_175;muutos;1
1420;33/2021;2021_33_175;minä;1
1420;33/2021;2021_33_175;uskoa;1
1420;33/2021;2021_33_175;nyt;3
1420;33/2021;2021_33_175;onneksi;1
1420;33/2021;2021_33_175;korjata;2
1420;33/2021;2021_33_175;virhe;1
1420;33/2021;2021_33_175;kolmonen;1
1420;33/2021;2021_33_175;silti;1
1420;33/2021;2021_33_175;edelleen;1
1420;33/2021;2021_33_175;sanominen;1
1420;33/2021;2021_33_175;luetella;1
1420;33/2021;2021_33_175;lyhyesti;1
1420;33/2021;2021_33_175;kansanedustaja;1
1420;33/2021;2021_33_175;tarkkaan;1
1420;33/2021;2021_33_175;tulla;2
1420;33/2021;2021_33_175;avata;1
1420;33/2021;2021_33_175;oikeudenmukainen;1
1420;33/2021;2021_33_175;piiri;1
1420;33/2021;2021_33_175;päästä;1
1420;33/2021;2021_33_175;liikevaihto;1
1420;33/2021;2021_33_175;pudota;1
1420;33/2021;2021_33_175;kuten;2
1420;33/2021;2021_33_175;korvausaste;2
1420;33/2021;2021_33_175;toimitila;1
1420;33/2021;2021_33_175;sulku;1
1420;33/2021;2021_33_175;nostaa;1
1420;33/2021;2021_33_175;tärkeä;1
1420;33/2021;2021_33_175;ravintola;1
1420;33/2021;2021_33_175;kuntosali;1
1420;33/2021;2021_33_175;sulkea;1
1420;33/2021;2021_33_175;määrätä;1
1420;33/2021;2021_33_175;kanta;1
1420;33/2021;2021_33_175;vertailukuukausi;1
1420;33/2021;2021_33_175;sulkutoimi;1
1420;33/2021;2021_33_175;muuttaa;1
1420;33/2021;2021_33_175;kuluva;1
1420;33/2021;2021_33_175;liiketoiminta;1
1420;33/2021;2021_33_175;normaali;1
1420;33/2021;2021_33_175;kuukausi;1
1420;33/2021;2021_33_175;esimerkiksi;1
1420;33/2021;2021_33_175;tai;2
1420;33/2021;2021_33_175;lopuksi;1
1420;33/2021;2021_33_175;sanoa;1
1420;33/2021;2021_33_175;ennen;1
1420;33/2021;2021_33_175;kukaan;1
1420;33/2021;2021_33_175;alkaa;1
1420;33/2021;2021_33_175;moittia;1
1420;33/2021;2021_33_175;perussuomalainen;1
1420;33/2021;2021_33_175;ehdotus;1
1420;33/2021;2021_33_175;kiinni;1
1420;33/2021;2021_33_175;avokätisesti;1
1420;33/2021;2021_33_175;oikeudenmukaisesti;1
1420;33/2021;2021_33_175;arvo;1
1420;33/2021;2021_33_175;kipata;1
1420;33/2021;2021_33_175;etelä;1
1420;33/2021;2021_33_175;itä-eurooppa;1
1420;33/2021;2021_33_175;eduskunta;2
1420;33/2021;2021_33_175;järjetön;1
1420;33/2021;2021_33_175;hyväksyä;1
1420;33/2021;2021_33_175;kevät;1
1420;33/2021;2021_33_175;myös;1
1420;33/2021;2021_33_175;kehitysapu;1
1420;33/2021;2021_33_175;lapata;1
1420;33/2021;2021_33_175;koko;1
1420;33/2021;2021_33_175;lisää;1
1420;33/2021;2021_33_175;suositella;1
1420;33/2021;2021_33_175;hylätä;1
1420;33/2021;2021_33_175;käyttää;2
1420;33/2021;2021_33_175;täällä;2
1420;33/2021;2021_33_175;rahasumma;2
1420;33/2021;2021_33_175;eli;1
1420;33/2021;2021_33_175;vaikutus;1
1420;33/2021;2021_33_175;hyvin;1
1420;33/2021;2021_33_175;älykkäästi;1
1420;33/2021;2021_33_175;vastalause;1
1420;33/2021;2021_33_175;pykälämuutosehdotus;1
1420;33/2021;2021_33_175;seuraava;1
1420;33/2021;2021_33_175;tiistai;3
1420;33/2021;2021_33_175;ensimmäinen;1
1420;33/2021;2021_33_175;varapuhemies;1
1420;33/2021;2021_33_175;tarja;1
1420;33/2021;2021_33_175;filatov;1
1420;33/2021;2021_33_175;kyllä;1
1420;33/2021;2021_33_175;voida;1
1420;33/2021;2021_33_175;kokonaan;1
1420;33/2021;2021_33_175;kummi;1
1420;33/2021;2021_33_175;veikko;1
1420;33/2021;2021_33_175;vallin;1
1420;33/2021;2021_33_175;äänestys;1
1420;33/2021;2021_33_175;okei;1
1420;33/2021;2021_33_175;kiitos;1
1420;38/2021;2021_38_6;arvoisa;2
1420;38/2021;2021_38_6;puhemies;1
1420;38/2021;2021_38_6;korona;4
1420;38/2021;2021_38_6;pitää;3
1420;38/2021;2021_38_6;torjua;2
1420;38/2021;2021_38_6;mutta;3
1420;38/2021;2021_38_6;niin;3
1420;38/2021;2021_38_6;konkurssi;2
1420;38/2021;2021_38_6;ikävä;1
1420;38/2021;2021_38_6;sanoa;1
1420;38/2021;2021_38_6;näin;1
1420;38/2021;2021_38_6;alkaa;1
1420;38/2021;2021_38_6;näyttää;3
1420;38/2021;2021_38_6;se;12
1420;38/2021;2021_38_6;että;11
1420;38/2021;2021_38_6;pääministeri;2
1420;38/2021;2021_38_6;sanna;3
1420;38/2021;2021_38_6;mari;3
1420;38/2021;2021_38_6;hallitus;9
1420;38/2021;2021_38_6;tavoitella;1
1420;38/2021;2021_38_6;päätös;1
1420;38/2021;2021_38_6;eurooppa;1
1420;38/2021;2021_38_6;ennätys;1
1420;38/2021;2021_38_6;käsittely;1
1420;38/2021;2021_38_6;olla;26
1420;38/2021;2021_38_6;järjestys;1
1420;38/2021;2021_38_6;kolmas;1
1420;38/2021;2021_38_6;yritys;12
1420;38/2021;2021_38_6;kustannustukilaki;3
1420;38/2021;2021_38_6;kaksi;1
1420;38/2021;2021_38_6;edellinen;1
1420;38/2021;2021_38_6;valmistua;1
1420;38/2021;2021_38_6;viime;3
1420;38/2021;2021_38_6;kesä;1
1420;38/2021;2021_38_6;ja;20
1420;38/2021;2021_38_6;syksy;1
1420;38/2021;2021_38_6;hyvä;1
1420;38/2021;2021_38_6;asiantuntijakuuleminen;1
1420;38/2021;2021_38_6;huolimatta;1
1420;38/2021;2021_38_6;tyriä;1
1420;38/2021;2021_38_6;laki;1
1420;38/2021;2021_38_6;pahasti;1
1420;38/2021;2021_38_6;aikainen;2
1420;38/2021;2021_38_6;hakukriteeri;3
1420;38/2021;2021_38_6;tehdä;3
1420;38/2021;2021_38_6;joko;2
1420;38/2021;2021_38_6;tarkoitus;1
1420;38/2021;2021_38_6;tai;4
1420;38/2021;2021_38_6;osaamattomuus;1
1420;38/2021;2021_38_6;johtua;2
1420;38/2021;2021_38_6;liian;1
1420;38/2021;2021_38_6;vaikea;1
1420;38/2021;2021_38_6;seurata;1
1420;38/2021;2021_38_6;lähes;3
1420;38/2021;2021_38_6;prosentti;3
1420;38/2021;2021_38_6;joka;5
1420;38/2021;2021_38_6;hakea;2
1420;38/2021;2021_38_6;tuki;7
1420;38/2021;2021_38_6;ahdinko;1
1420;38/2021;2021_38_6;jäädä;3
1420;38/2021;2021_38_6;ilman;1
1420;38/2021;2021_38_6;moni;2
1420;38/2021;2021_38_6;jättää;2
1420;38/2021;2021_38_6;koska;3
1420;38/2021;2021_38_6;huomata;1
1420;38/2021;2021_38_6;kriteeri;1
1420;38/2021;2021_38_6;itse;1
1420;38/2021;2021_38_6;mahdoton;1
1420;38/2021;2021_38_6;ennen;1
1420;38/2021;2021_38_6;talous;1
1420;38/2021;2021_38_6;terve;1
1420;38/2021;2021_38_6;saada;4
1420;38/2021;2021_38_6;vain;1
1420;38/2021;2021_38_6;mikä;1
1420;38/2021;2021_38_6;tarvita;2
1420;38/2021;2021_38_6;selviytyä;1
1420;38/2021;2021_38_6;juuri;1
1420;38/2021;2021_38_6;väärä;1
1420;38/2021;2021_38_6;takia;1
1420;38/2021;2021_38_6;minä;4
1420;38/2021;2021_38_6;perussuomalainen;1
1420;38/2021;2021_38_6;kuunnella;1
1420;38/2021;2021_38_6;tarkka;1
1420;38/2021;2021_38_6;korva;1
1420;38/2021;2021_38_6;asiantuntija;1
1420;38/2021;2021_38_6;muun;1
1420;38/2021;2021_38_6;muassa;1
1420;38/2021;2021_38_6;suomi;7
1420;38/2021;2021_38_6;yrittäjä;6
1420;38/2021;2021_38_6;matkailu;1
1420;38/2021;2021_38_6;ravintola-ala;1
1420;38/2021;2021_38_6;tapahtuma-ala;1
1420;38/2021;2021_38_6;muutosehdotus;2
1420;38/2021;2021_38_6;valiokunta;1
1420;38/2021;2021_38_6;täällä;2
1420;38/2021;2021_38_6;istuntosali;1
1420;38/2021;2021_38_6;viitata;1
1420;38/2021;2021_38_6;kinnas;1
1420;38/2021;2021_38_6;muutosvaatimus;1
1420;38/2021;2021_38_6;erityisesti;3
1420;38/2021;2021_38_6;keskusta;2
1420;38/2021;2021_38_6;suhtautua;1
1420;38/2021;2021_38_6;ylimielisesti;1
1420;38/2021;2021_38_6;jo;3
1420;38/2021;2021_38_6;piikitellä;1
1420;38/2021;2021_38_6;sali;1
1420;38/2021;2021_38_6;nyt;3
1420;38/2021;2021_38_6;tämä;5
1420;38/2021;2021_38_6;tunnustaa;1
1420;38/2021;2021_38_6;virhe;2
1420;38/2021;2021_38_6;piikittely;1
1420;38/2021;2021_38_6;loppua;1
1420;38/2021;2021_38_6;edelleen;1
1420;38/2021;2021_38_6;kustannustuki;2
1420;38/2021;2021_38_6;kolmonen;1
1420;38/2021;2021_38_6;liittyä;1
1420;38/2021;2021_38_6;sulkukorvaus;1
1420;38/2021;2021_38_6;valuvika;1
1420;38/2021;2021_38_6;aikaisemmin;1
1420;38/2021;2021_38_6;pykälämuutosehdotus;1
1420;38/2021;2021_38_6;verrokkikuukausi;1
1420;38/2021;2021_38_6;esitellä;1
1420;38/2021;2021_38_6;vastalause;2
1420;38/2021;2021_38_6;lausumaehdotus;4
1420;38/2021;2021_38_6;eduskunta;4
1420;38/2021;2021_38_6;edellyttää;4
1420;38/2021;2021_38_6;mahdollistaa;1
1420;38/2021;2021_38_6;aiempi;2
1420;38/2021;2021_38_6;tukikausi;1
1420;38/2021;2021_38_6;aika;3
1420;38/2021;2021_38_6;uusi;2
1420;38/2021;2021_38_6;haku;1
1420;38/2021;2021_38_6;siten;1
1420;38/2021;2021_38_6;laskennallinen;1
1420;38/2021;2021_38_6;alle;2
1420;38/2021;2021_38_6;euro;3
1420;38/2021;2021_38_6;liikevaihto;1
1420;38/2021;2021_38_6;raja;1
1420;38/2021;2021_38_6;voida;1
1420;38/2021;2021_38_6;korvaus;1
1420;38/2021;2021_38_6;taannehtivasti;1
1420;38/2021;2021_38_6;aiemmin;1
1420;38/2021;2021_38_6;hylätä;1
1420;38/2021;2021_38_6;hakemus;2
1420;38/2021;2021_38_6;uudelleen;1
1420;38/2021;2021_38_6;nojalla;1
1420;38/2021;2021_38_6;kiireisesti;1
1420;38/2021;2021_38_6;valmistella;1
1420;38/2021;2021_38_6;tukimalli;1
1420;38/2021;2021_38_6;apu;1
1420;38/2021;2021_38_6;suuri;1
1420;38/2021;2021_38_6;toimija;1
1420;38/2021;2021_38_6;henkilöstö;1
1420;38/2021;2021_38_6;opiskelijaravintola;1
1420;38/2021;2021_38_6;liiketoiminta;1
1420;38/2021;2021_38_6;huomattava;1
1420;38/2021;2021_38_6;tosiasiallinen;1
1420;38/2021;2021_38_6;vähentymä;1
1420;38/2021;2021_38_6;huomioida;1
1420;38/2021;2021_38_6;korvata;1
1420;38/2021;2021_38_6;kohtuullinen;1
1420;38/2021;2021_38_6;määrin;1
1420;38/2021;2021_38_6;pyrkiä;1
1420;38/2021;2021_38_6;kustannustukihakuprosessi;1
1420;38/2021;2021_38_6;yksinkertaistaminen;1
1420;38/2021;2021_38_6;tiedottaa;3
1420;38/2021;2021_38_6;hyvin;2
1420;38/2021;2021_38_6;tarjolla;1
1420;38/2021;2021_38_6;hakeminen;1
1420;38/2021;2021_38_6;helppous;1
1420;38/2021;2021_38_6;epävarmuus;1
1420;38/2021;2021_38_6;vähentää;1
1420;38/2021;2021_38_6;mahdollimman;1
1420;38/2021;2021_38_6;varhainen;1
1420;38/2021;2021_38_6;vaihe;1
1420;38/2021;2021_38_6;epidemiologinen;1
1420;38/2021;2021_38_6;luku;1
1420;38/2021;2021_38_6;taso;1
1420;38/2021;2021_38_6;rajoitus;1
1420;38/2021;2021_38_6;kaavailla;1
1420;38/2021;2021_38_6;lisätä;1
1420;38/2021;2021_38_6;purkaa;1
1420;38/2021;2021_38_6;samaten;1
1420;38/2021;2021_38_6;tuleva;1
1420;38/2021;2021_38_6;tukiohjelma;1
1420;38/2021;2021_38_6;tavoite;1
1420;38/2021;2021_38_6;nykyinen;1
1420;38/2021;2021_38_6;siis;1
1420;38/2021;2021_38_6;jatkaa;1
1420;38/2021;2021_38_6;vielä;1
1420;38/2021;2021_38_6;hetki;1
1420;38/2021;2021_38_6;päivä;1
1420;38/2021;2021_38_6;lukea;1
1420;38/2021;2021_38_6;talouslehti;1
1420;38/2021;2021_38_6;kaikki;2
1420;38/2021;2021_38_6;eu-maa;2
1420;38/2021;2021_38_6;heikko;1
1420;38/2021;2021_38_6;tukea;5
1420;38/2021;2021_38_6;oma;2
1420;38/2021;2021_38_6;suhde;1
1420;38/2021;2021_38_6;bruttokansantuote;1
1420;38/2021;2021_38_6;eniten;1
1420;38/2021;2021_38_6;sellainen;1
1420;38/2021;2021_38_6;maa;4
1420;38/2021;2021_38_6;kuin;4
1420;38/2021;2021_38_6;espanja;1
1420;38/2021;2021_38_6;ranska;1
1420;38/2021;2021_38_6;italia;1
1420;38/2021;2021_38_6;kreikka;1
1420;38/2021;2021_38_6;ei;4
1420;38/2021;2021_38_6;hämmentävä;1
1420;38/2021;2021_38_6;tieto;1
1420;38/2021;2021_38_6;eu-komissio;1
1420;38/2021;2021_38_6;tilasto;1
1420;38/2021;2021_38_6;fakta;1
1420;38/2021;2021_38_6;talouselämälehti;1
1420;38/2021;2021_38_6;kirjoittaa;1
1420;38/2021;2021_38_6;aihe;1
1420;38/2021;2021_38_6;yritystuki;1
1420;38/2021;2021_38_6;vertaaminen;1
1420;38/2021;2021_38_6;täysin;1
1420;38/2021;2021_38_6;yksiselitteinen;1
1420;38/2021;2021_38_6;esimerkiksi;1
1420;38/2021;2021_38_6;käyttö;1
1420;38/2021;2021_38_6;vakiintunut;1
1420;38/2021;2021_38_6;lomautusjärjestelmä;1
1420;38/2021;2021_38_6;näkyä;1
1420;38/2021;2021_38_6;tukitilasto;1
1420;38/2021;2021_38_6;kun;3
1420;38/2021;2021_38_6;taas;1
1420;38/2021;2021_38_6;tanska;1
1420;38/2021;2021_38_6;jakaa;2
1420;38/2021;2021_38_6;suoraan;1
1420;38/2021;2021_38_6;palkkatuki;1
1420;38/2021;2021_38_6;vaikeus;1
1420;38/2021;2021_38_6;ajautua;1
1420;38/2021;2021_38_6;suunta;1
1420;38/2021;2021_38_6;kuitenkin;1
1420;38/2021;2021_38_6;selvä;1
1420;38/2021;2021_38_6;kitsaasti;1
1420;38/2021;2021_38_6;muu;3
1420;38/2021;2021_38_6;valtiovarainministeri;1
1420;38/2021;2021_38_6;vanhanen;1
1420;38/2021;2021_38_6;todeta;2
1420;38/2021;2021_38_6;jokin;1
1420;38/2021;2021_38_6;sitten;1
1420;38/2021;2021_38_6;vähemmän;1
1420;38/2021;2021_38_6;pohjoismaa;1
1420;38/2021;2021_38_6;vauras;3
1420;38/2021;2021_38_6;jussi;1
1420;38/2021;2021_38_6;halla-aho;1
1420;38/2021;2021_38_6;paitsi;1
1420;38/2021;2021_38_6;raha;1
1420;38/2021;2021_38_6;puolesta;2
1420;38/2021;2021_38_6;etelä-eurooppa;1
1420;38/2021;2021_38_6;avokätisesti;1
1420;38/2021;2021_38_6;miljardi;1
1420;38/2021;2021_38_6;lahjoitus;1
1420;38/2021;2021_38_6;elpymispaketti;1
1420;38/2021;2021_38_6;kautta;1
1420;38/2021;2021_38_6;välihuuto;1
1420;38/2021;2021_38_6;koettaa;1
1420;38/2021;2021_38_6;siellä;1
1420;38/2021;2021_38_6;päättää;1
1420;38/2021;2021_38_6;vai;1
1420;38/2021;2021_38_6;köyhä;1
1420;38/2021;2021_38_6;tämmöinen;1
1420;38/2021;2021_38_6;sekoilu;1
1420;38/2021;2021_38_6;viedä;1
1420;38/2021;2021_38_6;uskottavuus;1
1420;38/2021;2021_38_6;viimeinen;1
1420;38/2021;2021_38_6;ripe;1
1420;38/2021;2021_38_6;suomalainen;4
1420;38/2021;2021_38_6;silmä;1
1420;38/2021;2021_38_6;tänään;1
1420;38/2021;2021_38_6;sinä;1
1420;38/2021;2021_38_6;hallituspuolue;2
1420;38/2021;2021_38_6;mahdollisuus;1
1420;38/2021;2021_38_6;puoli;1
1420;38/2021;2021_38_6;äänestää;1
1420;38/2021;2021_38_6;samalla;1
1420;38/2021;2021_38_6;ilmaista;1
1420;38/2021;2021_38_6;halu;1
1420;38/2021;2021_38_6;korjata;1
1420;38/2021;2021_38_6;pieni;1
1420;38/2021;2021_38_6;mikroyritys;1
1420;38/2021;2021_38_6;kipeästi;1
1420;38/2021;2021_38_6;kurittaa;1
1420;38/2021;2021_38_6;yli;1
1420;38/2021;2021_38_6;vuosi;1
1420;38/2021;2021_38_6;arvoinen;1
1420;38/2021;2021_38_6;kansanedustaja;1
1420;38/2021;2021_38_6;vilpitön;1
1420;38/2021;2021_38_6;tahtotilanne;1
1420;38/2021;2021_38_6;auttaa;1
1420;38/2021;2021_38_6;kiitos;1
1420;55/2021;2021_55_407;arvoisa;2
1420;55/2021;2021_55_407;rouva;2
1420;55/2021;2021_55_407;puhemies;2
1420;55/2021;2021_55_407;käsittely;1
1420;55/2021;2021_55_407;olla;24
1420;55/2021;2021_55_407;tämä;13
1420;55/2021;2021_55_407;surullisenkuuluinen;1
1420;55/2021;2021_55_407;eu;2
1420;55/2021;2021_55_407;elpymispaketti;3
1420;55/2021;2021_55_407;tai;3
1420;55/2021;2021_55_407;hyvin;1
1420;55/2021;2021_55_407;kuvata;1
1420;55/2021;2021_55_407;nimi;1
1420;55/2021;2021_55_407;voida;2
1420;55/2021;2021_55_407;vedätyspaketti;3
1420;55/2021;2021_55_407;mari;2
1420;55/2021;2021_55_407;hallitus;1
1420;55/2021;2021_55_407;tarina;1
1420;55/2021;2021_55_407;paketti;2
1420;55/2021;2021_55_407;ympärillä;1
1420;55/2021;2021_55_407;muuttua;1
1420;55/2021;2021_55_407;reilu;3
1420;55/2021;2021_55_407;puoli;1
1420;55/2021;2021_55_407;vuosi;3
1420;55/2021;2021_55_407;aika;2
1420;55/2021;2021_55_407;ensin;1
1420;55/2021;2021_55_407;pitää;2
1420;55/2021;2021_55_407;tärkeä;3
1420;55/2021;2021_55_407;suomi;9
1420;55/2021;2021_55_407;vienti;1
1420;55/2021;2021_55_407;kun;5
1420;55/2021;2021_55_407;selvitä;1
1420;55/2021;2021_55_407;se;8
1420;55/2021;2021_55_407;niin;4
1420;55/2021;2021_55_407;valtava;2
1420;55/2021;2021_55_407;ei;7
1420;55/2021;2021_55_407;ollenkaan;1
1420;55/2021;2021_55_407;seuraavaksi;1
1420;55/2021;2021_55_407;alkaa;2
1420;55/2021;2021_55_407;puhua;1
1420;55/2021;2021_55_407;solidaarisuus;2
1420;55/2021;2021_55_407;ja;19
1420;55/2021;2021_55_407;luottamuspääoma;2
1420;55/2021;2021_55_407;nyt;1
1420;55/2021;2021_55_407;muka;1
1420;55/2021;2021_55_407;osoittaa;1
1420;55/2021;2021_55_407;itse;1
1420;55/2021;2021_55_407;suuri;2
1420;55/2021;2021_55_407;vauras;1
1420;55/2021;2021_55_407;maa;2
1420;55/2021;2021_55_407;lähettää;3
1420;55/2021;2021_55_407;sinne;3
1420;55/2021;2021_55_407;rahasumma;1
1420;55/2021;2021_55_407;lahja;1
1420;55/2021;2021_55_407;järki;1
1420;55/2021;2021_55_407;häivä;1
1420;55/2021;2021_55_407;jos;3
1420;55/2021;2021_55_407;raha;4
1420;55/2021;2021_55_407;menettää;1
1420;55/2021;2021_55_407;jokin;1
1420;55/2021;2021_55_407;mystinen;1
1420;55/2021;2021_55_407;saada;1
1420;55/2021;2021_55_407;mainehaitta;2
1420;55/2021;2021_55_407;mieli;2
1420;55/2021;2021_55_407;täysi;1
1420;55/2021;2021_55_407;hämäys;1
1420;55/2021;2021_55_407;harhautus;1
1420;55/2021;2021_55_407;tämmöinen;1
1420;55/2021;2021_55_407;puhe;1
1420;55/2021;2021_55_407;tulla;2
1420;55/2021;2021_55_407;enemmän;1
1420;55/2021;2021_55_407;suostua;1
1420;55/2021;2021_55_407;välimeri;1
1420;55/2021;2021_55_407;poliitikko;1
1420;55/2021;2021_55_407;pankinjohtaja;1
1420;55/2021;2021_55_407;nauraa;2
1420;55/2021;2021_55_407;parta;1
1420;55/2021;2021_55_407;sorvata;1
1420;55/2021;2021_55_407;seuraava;1
1420;55/2021;2021_55_407;tyhmä;1
1420;55/2021;2021_55_407;joka;4
1420;55/2021;2021_55_407;pyytää;1
1420;55/2021;2021_55_407;vaan;1
1420;55/2021;2021_55_407;antaa;1
1420;55/2021;2021_55_407;todellinen;1
1420;55/2021;2021_55_407;tarkoitus;1
1420;55/2021;2021_55_407;avata;1
1420;55/2021;2021_55_407;portti;1
1420;55/2021;2021_55_407;liittovaltiokehitys;1
1420;55/2021;2021_55_407;itsemääräämisoikeus;1
1420;55/2021;2021_55_407;alasajo;1
1420;55/2021;2021_55_407;federalisti;1
1420;55/2021;2021_55_407;tavoite;1
1420;55/2021;2021_55_407;tulonsiirtounioni;1
1420;55/2021;2021_55_407;pysyvästi;1
1420;55/2021;2021_55_407;maksaja;1
1420;55/2021;2021_55_407;rooli;1
1420;55/2021;2021_55_407;muu;2
1420;55/2021;2021_55_407;väittää;1
1420;55/2021;2021_55_407;muunnella;1
1420;55/2021;2021_55_407;totuus;1
1420;55/2021;2021_55_407;ymmärtää;1
1420;55/2021;2021_55_407;kuva;1
1420;55/2021;2021_55_407;mikä;1
1420;55/2021;2021_55_407;käynti;1
1420;55/2021;2021_55_407;kakkosasu;1
1420;55/2021;2021_55_407;portugali;6
1420;55/2021;2021_55_407;jo;2
1420;55/2021;2021_55_407;yli;1
1420;55/2021;2021_55_407;siellä;1
1420;55/2021;2021_55_407;yleinen;1
1420;55/2021;2021_55_407;vitsi;1
1420;55/2021;2021_55_407;sinisilmäisyys;1
1420;55/2021;2021_55_407;minä;4
1420;55/2021;2021_55_407;usein;1
1420;55/2021;2021_55_407;kysyä;2
1420;55/2021;2021_55_407;valtio;1
1420;55/2021;2021_55_407;taas;2
1420;55/2021;2021_55_407;loppu;1
1420;55/2021;2021_55_407;sinä;1
1420;55/2021;2021_55_407;sieltä;1
1420;55/2021;2021_55_407;rikas;1
1420;55/2021;2021_55_407;lisää;1
1420;55/2021;2021_55_407;sitten;3
1420;55/2021;2021_55_407;portugalilainen;3
1420;55/2021;2021_55_407;ystävä;2
1420;55/2021;2021_55_407;päälle;1
1420;55/2021;2021_55_407;näin;1
1420;55/2021;2021_55_407;hän;3
1420;55/2021;2021_55_407;vitsailla;2
1420;55/2021;2021_55_407;kreikka;1
1420;55/2021;2021_55_407;kriisi;1
1420;55/2021;2021_55_407;rahapaketti;1
1420;55/2021;2021_55_407;pankkitukipaketti;1
1420;55/2021;2021_55_407;keski;1
1420;55/2021;2021_55_407;etelä-eurooppa;1
1420;55/2021;2021_55_407;pankki;1
1420;55/2021;2021_55_407;kaikki;1
1420;55/2021;2021_55_407;kuorrutus;1
1420;55/2021;2021_55_407;vihreä;1
1420;55/2021;2021_55_407;siirtymä;1
1420;55/2021;2021_55_407;huuhaa;1
1420;55/2021;2021_55_407;kuoria;1
1420;55/2021;2021_55_407;pois;1
1420;55/2021;2021_55_407;elpymisvedätyspaketti;2
1420;55/2021;2021_55_407;yhteys;1
1420;55/2021;2021_55_407;odottaa;1
1420;55/2021;2021_55_407;vain;1
1420;55/2021;2021_55_407;että;3
1420;55/2021;2021_55_407;miljardi;3
1420;55/2021;2021_55_407;päästä;1
1420;55/2021;2021_55_407;rakentaa;1
1420;55/2021;2021_55_407;tie;1
1420;55/2021;2021_55_407;silta;1
1420;55/2021;2021_55_407;tunneli;1
1420;55/2021;2021_55_407;tuppukylä;1
1420;55/2021;2021_55_407;väliin;1
1420;55/2021;2021_55_407;muuten;1
1420;55/2021;2021_55_407;hyvä;1
1420;55/2021;2021_55_407;imuroida;1
1420;55/2021;2021_55_407;erilainen;1
1420;55/2021;2021_55_407;projektiraha;1
1420;55/2021;2021_55_407;kokonaisveroaste;1
1420;55/2021;2021_55_407;prosentti;4
1420;55/2021;2021_55_407;ruoka;1
1420;55/2021;2021_55_407;arvonlisävero;1
1420;55/2021;2021_55_407;pääministeri;1
1420;55/2021;2021_55_407;sanna;1
1420;55/2021;2021_55_407;valtiovarainministeri;1
1420;55/2021;2021_55_407;matti;1
1420;55/2021;2021_55_407;vanhanen;1
1420;55/2021;2021_55_407;paikka;1
1420;55/2021;2021_55_407;tukea;1
1420;55/2021;2021_55_407;euro;1
1420;55/2021;2021_55_407;joutua;1
1420;55/2021;2021_55_407;maksaa;2
1420;55/2021;2021_55_407;tarkemmin;1
1420;55/2021;2021_55_407;oikein;1
1420;55/2021;2021_55_407;suomalainen;1
1420;55/2021;2021_55_407;korkea;1
1420;55/2021;2021_55_407;vero;1
1420;55/2021;2021_55_407;jotta;1
1420;55/2021;2021_55_407;tarvita;1
1420;55/2021;2021_55_407;esimerkiksi;1
1420;55/2021;2021_55_407;sosiaalidemokraatti;1
1420;55/2021;2021_55_407;sellainen;1
1420;55/2021;2021_55_407;peli;1
1420;55/2021;2021_55_407;eurooppa;1
1420;55/2021;2021_55_407;unioni;1
1420;55/2021;2021_55_407;touhu;1
1420;55/2021;2021_55_407;äänestää;1
1420;55/2021;2021_55_407;ehdottomasti;1
1420;55/2021;2021_55_407;kiitos;1
1420;55/2021;2021_55_455;arvoisa;1
1420;55/2021;2021_55_455;rouva;1
1420;55/2021;2021_55_455;puhemies;1
1420;55/2021;2021_55_455;puhua;1
1420;55/2021;2021_55_455;seuraavaksi;1
1420;55/2021;2021_55_455;eu;13
1420;55/2021;2021_55_455;luonne;1
1420;55/2021;2021_55_455;minne;1
1420;55/2021;2021_55_455;olla;12
1420;55/2021;2021_55_455;matka;1
1420;55/2021;2021_55_455;perussopimus;1
1420;55/2021;2021_55_455;ja;14
1420;55/2021;2021_55_455;sääntö;1
1420;55/2021;2021_55_455;rikkoa;1
1420;55/2021;2021_55_455;nyt;2
1420;55/2021;2021_55_455;se;5
1420;55/2021;2021_55_455;verran;1
1420;55/2021;2021_55_455;epäilyttävästi;1
1420;55/2021;2021_55_455;että;2
1420;55/2021;2021_55_455;jokin;1
1420;55/2021;2021_55_455;iso;1
1420;55/2021;2021_55_455;tekeillä;1
1420;55/2021;2021_55_455;itse;2
1420;55/2021;2021_55_455;mieli;2
1420;55/2021;2021_55_455;ottaa;1
1420;55/2021;2021_55_455;korona;1
1420;55/2021;2021_55_455;varjo;1
1420;55/2021;2021_55_455;kiireesti;1
1420;55/2021;2021_55_455;kaikki;1
1420;55/2021;2021_55_455;päätösvalta;1
1420;55/2021;2021_55_455;mikä;1
1420;55/2021;2021_55_455;kansallisvaltio;1
1420;55/2021;2021_55_455;suostua;1
1420;55/2021;2021_55_455;antaa;1
1420;55/2021;2021_55_455;tämä;2
1420;55/2021;2021_55_455;näköpiiri;1
1420;55/2021;2021_55_455;muun;2
1420;55/2021;2021_55_455;muassa;2
1420;55/2021;2021_55_455;eu-vero;1
1420;55/2021;2021_55_455;vaikka;1
1420;55/2021;2021_55_455;ei;4
1420;55/2021;2021_55_455;koskaan;2
1420;55/2021;2021_55_455;pitää;2
1420;55/2021;2021_55_455;tulla;3
1420;55/2021;2021_55_455;minä;3
1420;55/2021;2021_55_455;tuputtaa;1
1420;55/2021;2021_55_455;aikaistaa;1
1420;55/2021;2021_55_455;pankkiunioni;1
1420;55/2021;2021_55_455;yhteinen;3
1420;55/2021;2021_55_455;talletussuoja;2
1420;55/2021;2021_55_455;siis;1
1420;55/2021;2021_55_455;ajatella;1
1420;55/2021;2021_55_455;suomalainen;2
1420;55/2021;2021_55_455;pankki;2
1420;55/2021;2021_55_455;italialainen;1
1420;55/2021;2021_55_455;kuulostaa;1
1420;55/2021;2021_55_455;kovin;1
1420;55/2021;2021_55_455;lupaava;1
1420;55/2021;2021_55_455;pyrkiä;1
1420;55/2021;2021_55_455;jokainen;1
1420;55/2021;2021_55_455;kukkaro;1
1420;55/2021;2021_55_455;koska;1
1420;55/2021;2021_55_455;europyramidi;1
1420;55/2021;2021_55_455;saada;1
1420;55/2021;2021_55_455;lisää;1
1420;55/2021;2021_55_455;raha;1
1420;55/2021;2021_55_455;tai;2
1420;55/2021;2021_55_455;luhistua;1
1420;55/2021;2021_55_455;eu-parlamentti;1
1420;55/2021;2021_55_455;jo;2
1420;55/2021;2021_55_455;vuosi;1
1420;55/2021;2021_55_455;eräs;1
1420;55/2021;2021_55_455;viisas;1
1420;55/2021;2021_55_455;ystävä;1
1420;55/2021;2021_55_455;työ;1
1420;55/2021;2021_55_455;virkamies;1
1420;55/2021;2021_55_455;pyytää;1
1420;55/2021;2021_55_455;hän;4
1420;55/2021;2021_55_455;verrata;1
1420;55/2021;2021_55_455;eurooppa;1
1420;55/2021;2021_55_455;unioni;1
1420;55/2021;2021_55_455;soviet;1
1420;55/2021;2021_55_455;union;1
1420;55/2021;2021_55_455;eli;1
1420;55/2021;2021_55_455;edesmennyt;1
1420;55/2021;2021_55_455;neuvostoliitto;11
1420;55/2021;2021_55_455;kirjoittaa;1
1420;55/2021;2021_55_455;näin;1
1420;55/2021;2021_55_455;alkaa;1
1420;55/2021;2021_55_455;yhä;1
1420;55/2021;2021_55_455;enemmän;1
1420;55/2021;2021_55_455;vaikuttaa;1
1420;55/2021;2021_55_455;entinen;1
1420;55/2021;2021_55_455;instituutio;1
1420;55/2021;2021_55_455;rakenne;1
1420;55/2021;2021_55_455;neuvosto;2
1420;55/2021;2021_55_455;komissaari;2
1420;55/2021;2021_55_455;soittaa;1
1420;55/2021;2021_55_455;hälytyskello;1
1420;55/2021;2021_55_455;ongelma;2
1420;55/2021;2021_55_455;syy;1
1420;55/2021;2021_55_455;paikantaa;1
1420;55/2021;2021_55_455;sosialismi;1
1420;55/2021;2021_55_455;puute;2
1420;55/2021;2021_55_455;eurooppalainen;1
1420;55/2021;2021_55_455;ratkaisu;1
1420;55/2021;2021_55_455;haluta;3
1420;55/2021;2021_55_455;luoda;2
1420;55/2021;2021_55_455;neuvostoihminen;1
1420;55/2021;2021_55_455;eu-kansalainen;1
1420;55/2021;2021_55_455;kuten;3
1420;55/2021;2021_55_455;niin;2
1420;55/2021;2021_55_455;myös;4
1420;55/2021;2021_55_455;eri;2
1420;55/2021;2021_55_455;kansallinen;1
1420;55/2021;2021_55_455;itsenäisyysliike;1
1420;55/2021;2021_55_455;nähdä;2
1420;55/2021;2021_55_455;uhka;1
1420;55/2021;2021_55_455;valtakunta;1
1420;55/2021;2021_55_455;yhtenäisyys;3
1420;55/2021;2021_55_455;olemassaolo;1
1420;55/2021;2021_55_455;kansallismielinen;1
1420;55/2021;2021_55_455;ihminen;1
1420;55/2021;2021_55_455;syyttää;1
1420;55/2021;2021_55_455;fasisti;1
1420;55/2021;2021_55_455;muu;2
1420;55/2021;2021_55_455;ruma;1
1420;55/2021;2021_55_455;nimi;1
1420;55/2021;2021_55_455;jos;1
1420;55/2021;2021_55_455;johtaja;2
1420;55/2021;2021_55_455;eu-mielinen;2
1420;55/2021;2021_55_455;kanssa;1
1420;55/2021;2021_55_455;esimerkiksi;2
1420;55/2021;2021_55_455;maahanmuutto;2
1420;55/2021;2021_55_455;väestönsiirto;2
1420;55/2021;2021_55_455;vihapuhuja;1
1420;55/2021;2021_55_455;heikentää;1
1420;55/2021;2021_55_455;alueellinen;1
1420;55/2021;2021_55_455;identiteetti;1
1420;55/2021;2021_55_455;apu;2
1420;55/2021;2021_55_455;samoin;2
1420;55/2021;2021_55_455;tehdä;1
1420;55/2021;2021_55_455;pakkotaakanjako;1
1420;55/2021;2021_55_455;pehmeä;1
1420;55/2021;2021_55_455;ylläpitäminen;1
1420;55/2021;2021_55_455;keino;1
1420;55/2021;2021_55_455;neuvostotasavalta;1
1420;55/2021;2021_55_455;välinen;1
1420;55/2021;2021_55_455;tulonsiirto;2
1420;55/2021;2021_55_455;elvytysrahasto;1
1420;55/2021;2021_55_455;kova;1
1420;55/2021;2021_55_455;vaikuttaminen;1
1420;55/2021;2021_55_455;muoto;1
1420;55/2021;2021_55_455;katalonialainen;1
1420;55/2021;2021_55_455;äänestäjä;1
1420;55/2021;2021_55_455;pamputtaa;1
1420;55/2021;2021_55_455;vangita;1
1420;55/2021;2021_55_455;lokakuu;1
1420;55/2021;2021_55_455;kun;1
1420;55/2021;2021_55_455;uhata;1
1420;55/2021;2021_55_455;euroalue;1
1420;55/2021;2021_55_455;sama;1
1420;55/2021;2021_55_455;tapahtua;2
1420;55/2021;2021_55_455;suomi;2
1420;55/2021;2021_55_455;kaltainen;1
1420;55/2021;2021_55_455;pieni;2
1420;55/2021;2021_55_455;jäsenmaa;2
1420;55/2021;2021_55_455;vihjata;1
1420;55/2021;2021_55_455;mainehaitta;1
1420;55/2021;2021_55_455;eu-järjestelmä;1
1420;55/2021;2021_55_455;mikäli;1
1420;55/2021;2021_55_455;alistua;1
1420;55/2021;2021_55_455;eu-rintama;1
1420;55/2021;2021_55_455;eu-eliitti;1
1420;55/2021;2021_55_455;saneluvalta;1
1420;55/2021;2021_55_455;alle;1
1420;55/2021;2021_55_455;kansa;1
1420;55/2021;2021_55_455;äänestää;1
1420;55/2021;2021_55_455;johtaa;1
1420;55/2021;2021_55_455;oikeaoppinen;1
1420;55/2021;2021_55_455;joukko;2
1420;55/2021;2021_55_455;etujoukko;1
1420;55/2021;2021_55_455;kommunisti;1
1420;55/2021;2021_55_455;poliittinen;1
1420;55/2021;2021_55_455;luokka;1
1420;55/2021;2021_55_455;valita;1
1420;55/2021;2021_55_455;komissio;1
1420;55/2021;2021_55_455;puheenjohtaja;1
1420;55/2021;2021_55_455;oma;1
1420;55/2021;2021_55_455;nimitysprosessi;1
1420;55/2021;2021_55_455;kriittinen;1
1420;55/2021;2021_55_455;voida;1
1420;55/2021;2021_55_455;nöyryyttää;1
1420;55/2021;2021_55_455;hylätä;1
1420;55/2021;2021_55_455;komissaariehdotus;1
1420;55/2021;2021_55_455;unkari;1
1420;55/2021;2021_55_455;kohta;1
1420;57/2021;2021_57_22;arvoisa;1
1420;57/2021;2021_57_22;rouva;1
1420;57/2021;2021_57_22;puhemies;1
1420;57/2021;2021_57_22;olla;29
1420;57/2021;2021_57_22;erittäin;1
1420;57/2021;2021_57_22;tärkeä;2
1420;57/2021;2021_57_22;että;14
1420;57/2021;2021_57_22;pitää;3
1420;57/2021;2021_57_22;tämä;20
1420;57/2021;2021_57_22;puhe;2
1420;57/2021;2021_57_22;elpymispaketti;2
1420;57/2021;2021_57_22;se;18
1420;57/2021;2021_57_22;moni;2
1420;57/2021;2021_57_22;ulottuvuus;1
1420;57/2021;2021_57_22;nyt;5
1420;57/2021;2021_57_22;sali;1
1420;57/2021;2021_57_22;kuulla;1
1420;57/2021;2021_57_22;päivä;3
1420;57/2021;2021_57_22;aika;4
1420;57/2021;2021_57_22;sieltä;1
1420;57/2021;2021_57_22;sosiaalidemokraatti;1
1420;57/2021;2021_57_22;puoli;2
1420;57/2021;2021_57_22;ja;14
1420;57/2021;2021_57_22;myös;2
1420;57/2021;2021_57_22;keskusta;1
1420;57/2021;2021_57_22;kaikki;3
1420;57/2021;2021_57_22;asiantuntija;4
1420;57/2021;2021_57_22;mieli;3
1420;57/2021;2021_57_22;valtava;1
1420;57/2021;2021_57_22;järkevä;1
1420;57/2021;2021_57_22;hyvä;1
1420;57/2021;2021_57_22;ihmetellä;1
1420;57/2021;2021_57_22;ihan;1
1420;57/2021;2021_57_22;pokka;1
1420;57/2021;2021_57_22;sellainen;1
1420;57/2021;2021_57_22;väittää;2
1420;57/2021;2021_57_22;koska;1
1420;57/2021;2021_57_22;minä;10
1420;57/2021;2021_57_22;lukea;3
1420;57/2021;2021_57_22;asiantuntijalausunto;3
1420;57/2021;2021_57_22;valiokunta;1
1420;57/2021;2021_57_22;itse;2
1420;57/2021;2021_57_22;usea;1
1420;57/2021;2021_57_22;lausunto;1
1420;57/2021;2021_57_22;kerta;2
1420;57/2021;2021_57_22;ei;12
1420;57/2021;2021_57_22;ollenkaan;1
1420;57/2021;2021_57_22;paikka;1
1420;57/2021;2021_57_22;puoltaa;1
1420;57/2021;2021_57_22;ajatella;2
1420;57/2021;2021_57_22;ilta;1
1420;57/2021;2021_57_22;täältä;1
1420;57/2021;2021_57_22;pönttö;1
1420;57/2021;2021_57_22;laittaa;1
1420;57/2021;2021_57_22;video;3
1420;57/2021;2021_57_22;liikkeelle;1
1420;57/2021;2021_57_22;voida;8
1420;57/2021;2021_57_22;sanoa;3
1420;57/2021;2021_57_22;voimakas;1
1420;57/2021;2021_57_22;jos;4
1420;57/2021;2021_57_22;erä;1
1420;57/2021;2021_57_22;jakaa;2
1420;57/2021;2021_57_22;tuhat;1
1420;57/2021;2021_57_22;keskiverto;1
1420;57/2021;2021_57_22;facebook-profiili;1
1420;57/2021;2021_57_22;omistaja;1
1420;57/2021;2021_57_22;kaveri;1
1420;57/2021;2021_57_22;siellä;1
1420;57/2021;2021_57_22;niin;3
1420;57/2021;2021_57_22;potentiaalinen;1
1420;57/2021;2021_57_22;näkijä;1
1420;57/2021;2021_57_22;syy;1
1420;57/2021;2021_57_22;kansalainen;1
1420;57/2021;2021_57_22;arvioida;2
1420;57/2021;2021_57_22;mikä;2
1420;57/2021;2021_57_22;oikeasti;1
1420;57/2021;2021_57_22;aloittaa;1
1420;57/2021;2021_57_22;raimo;2
1420;57/2021;2021_57_22;ilaskivi;4
1420;57/2021;2021_57_22;entinen;1
1420;57/2021;2021_57_22;kokoomus;1
1420;57/2021;2021_57_22;kansanedustaja;1
1420;57/2021;2021_57_22;europarlamentaarikko;1
1420;57/2021;2021_57_22;helsinki;2
1420;57/2021;2021_57_22;kaupunginjohtaja;1
1420;57/2021;2021_57_22;ekonomisti;2
1420;57/2021;2021_57_22;mielipidekirjoitus;1
1420;57/2021;2021_57_22;sanoma;1
1420;57/2021;2021_57_22;suomi;7
1420;57/2021;2021_57_22;luottaa;5
1420;57/2021;2021_57_22;eurooppa;1
1420;57/2021;2021_57_22;unioni;5
1420;57/2021;2021_57_22;pieni;2
1420;57/2021;2021_57_22;jatko;2
1420;57/2021;2021_57_22;käyttää;3
1420;57/2021;2021_57_22;vain;2
1420;57/2021;2021_57_22;lasku;2
1420;57/2021;2021_57_22;maksaja;2
1420;57/2021;2021_57_22;keskustelu;1
1420;57/2021;2021_57_22;miljardi;1
1420;57/2021;2021_57_22;euro;2
1420;57/2021;2021_57_22;elvytyspaketti;2
1420;57/2021;2021_57_22;käydä;1
1420;57/2021;2021_57_22;viime;1
1420;57/2021;2021_57_22;kierros;1
1420;57/2021;2021_57_22;sotkea;1
1420;57/2021;2021_57_22;kuin;2
1420;57/2021;2021_57_22;ennättää;1
1420;57/2021;2021_57_22;viimeinen;1
1420;57/2021;2021_57_22;kysymys;2
1420;57/2021;2021_57_22;kuulua;1
1420;57/2021;2021_57_22;suuri;3
1420;57/2021;2021_57_22;eu-maa;1
1420;57/2021;2021_57_22;hyväksyä;2
1420;57/2021;2021_57_22;tehdä;2
1420;57/2021;2021_57_22;käsite;1
1420;57/2021;2021_57_22;selvä;2
1420;57/2021;2021_57_22;maksaa;2
1420;57/2021;2021_57_22;netto;2
1420;57/2021;2021_57_22;jäsenmaksu;1
1420;57/2021;2021_57_22;laiminlyönti;1
1420;57/2021;2021_57_22;erota;1
1420;57/2021;2021_57_22;täällä;1
1420;57/2021;2021_57_22;valtiovarainministeri;1
1420;57/2021;2021_57_22;vanhanen;1
1420;57/2021;2021_57_22;suu;1
1420;57/2021;2021_57_22;eroaminen;1
1420;57/2021;2021_57_22;lähes;1
1420;57/2021;2021_57_22;kyse;4
1420;57/2021;2021_57_22;eri;1
1420;57/2021;2021_57_22;kuinka;1
1420;57/2021;2021_57_22;käsitellä;2
1420;57/2021;2021_57_22;mittava;1
1420;57/2021;2021_57_22;markkina;1
1420;57/2021;2021_57_22;hankkia;1
1420;57/2021;2021_57_22;rahoituspaketti;1
1420;57/2021;2021_57_22;jäsenmaa;2
1420;57/2021;2021_57_22;talous;4
1420;57/2021;2021_57_22;elvytys;2
1420;57/2021;2021_57_22;kuvitella;1
1420;57/2021;2021_57_22;summa;1
1420;57/2021;2021_57_22;siten;1
1420;57/2021;2021_57_22;jokainen;2
1420;57/2021;2021_57_22;saada;1
1420;57/2021;2021_57_22;osuus;2
1420;57/2021;2021_57_22;joka;3
1420;57/2021;2021_57_22;maksuvalmius;1
1420;57/2021;2021_57_22;lisätä;2
1420;57/2021;2021_57_22;elvyttää;2
1420;57/2021;2021_57_22;kukaan;1
1420;57/2021;2021_57_22;joutua;1
1420;57/2021;2021_57_22;kuten;1
1420;57/2021;2021_57_22;hallitus;1
1420;57/2021;2021_57_22;neuvottelija;1
1420;57/2021;2021_57_22;sopimusehdotus;1
1420;57/2021;2021_57_22;mukaan;1
1420;57/2021;2021_57_22;asianlaita;1
1420;57/2021;2021_57_22;luovuttaa;1
1420;57/2021;2021_57_22;toinen;2
1420;57/2021;2021_57_22;kuivattaa;1
1420;57/2021;2021_57_22;oma;2
1420;57/2021;2021_57_22;näin;2
1420;57/2021;2021_57_22;siis;5
1420;57/2021;2021_57_22;hesari;1
1420;57/2021;2021_57_22;hän;1
1420;57/2021;2021_57_22;jatkaa;2
1420;57/2021;2021_57_22;rakennevirhe;1
1420;57/2021;2021_57_22;tulla;2
1420;57/2021;2021_57_22;jäsen;1
1420;57/2021;2021_57_22;yhteistoimi;1
1420;57/2021;2021_57_22;korjata;1
1420;57/2021;2021_57_22;ennen;1
1420;57/2021;2021_57_22;paketti;3
1420;57/2021;2021_57_22;lopullinen;1
1420;57/2021;2021_57_22;hyväksyminen;2
1420;57/2021;2021_57_22;suhteellinen;1
1420;57/2021;2021_57_22;kilpailukyky;2
1420;57/2021;2021_57_22;nettosaaja;1
1420;57/2021;2021_57_22;hyvin;1
1420;57/2021;2021_57_22;parantaa;1
1420;57/2021;2021_57_22;tuote;1
1420;57/2021;2021_57_22;nähden;1
1420;57/2021;2021_57_22;kanta;1
1420;57/2021;2021_57_22;jyrätä;1
1420;57/2021;2021_57_22;tällainen;1
1420;57/2021;2021_57_22;tulos;1
1420;57/2021;2021_57_22;tappio;1
1420;57/2021;2021_57_22;myöntäminen;1
1420;57/2021;2021_57_22;ero;1
1420;57/2021;2021_57_22;tai;1
1420;57/2021;2021_57_22;luottamuspula;1
1420;57/2021;2021_57_22;luominen;1
1420;57/2021;2021_57_22;eu;2
1420;57/2021;2021_57_22;perustuslakivaliokunta;1
1420;57/2021;2021_57_22;näkemys;1
1420;57/2021;2021_57_22;hehkuttaa;1
1420;57/2021;2021_57_22;penni;1
1420;57/2021;2021_57_22;veri;1
1420;57/2021;2021_57_22;painoarvo;1
1420;57/2021;2021_57_22;piiri;1
1420;57/2021;2021_57_22;silloin;1
1420;57/2021;2021_57_22;kun;1
1420;57/2021;2021_57_22;alkaa;1
1420;57/2021;2021_57_22;seuraava;2
1420;57/2021;2021_57_22;yhteisvastuullisuus;1
1420;57/2021;2021_57_22;mahdollisuus;1
1420;57/2021;2021_57_22;saksa;1
1420;57/2021;2021_57_22;ranska;1
1420;57/2021;2021_57_22;kesken;1
1420;57/2021;2021_57_22;jo;1
1420;57/2021;2021_57_22;keskustella;1
1420;57/2021;2021_57_22;ongelma;1
1420;57/2021;2021_57_22;päinvastainen;1
1420;57/2021;2021_57_22;sitten;2
1420;57/2021;2021_57_22;aina;1
1420;57/2021;2021_57_22;tietää;1
1420;57/2021;2021_57_22;tulkita;1
1420;57/2021;2021_57_22;edustaja;1
1420;57/2021;2021_57_22;kiljunen;1
1420;57/2021;2021_57_22;kannattaa;1
1420;57/2021;2021_57_22;kirjoitus;1
1420;57/2021;2021_57_115;arvoisa;2
1420;57/2021;2021_57_115;rouva;1
1420;57/2021;2021_57_115;puhemies;2
1420;57/2021;2021_57_115;se;12
1420;57/2021;2021_57_115;lisäksi;1
1420;57/2021;2021_57_115;että;8
1420;57/2021;2021_57_115;perussuomalainen;2
1420;57/2021;2021_57_115;olla;17
1420;57/2021;2021_57_115;täällä;4
1420;57/2021;2021_57_115;eduskunta;3
1420;57/2021;2021_57_115;timanttinen;1
1420;57/2021;2021_57_115;eduskuntaryhmä;1
1420;57/2021;2021_57_115;ja;15
1420;57/2021;2021_57_115;ryhmäkanslia;1
1420;57/2021;2021_57_115;minä;3
1420;57/2021;2021_57_115;huippuporukka;1
1420;57/2021;2021_57_115;tuolla;1
1420;57/2021;2021_57_115;kunnanvaltuusto;1
1420;57/2021;2021_57_115;jäsenistö;1
1420;57/2021;2021_57_115;saada;3
1420;57/2021;2021_57_115;paljon;4
1420;57/2021;2021_57_115;viesti;1
1420;57/2021;2021_57_115;sieltä;2
1420;57/2021;2021_57_115;myös;3
1420;57/2021;2021_57_115;oppia;1
1420;57/2021;2021_57_115;sähköposti;2
1420;57/2021;2021_57_115;tulla;1
1420;57/2021;2021_57_115;kymmenen;1
1420;57/2021;2021_57_115;päivä;1
1420;57/2021;2021_57_115;tämä;10
1420;57/2021;2021_57_115;yksi;1
1420;57/2021;2021_57_115;joka;1
1420;57/2021;2021_57_115;haluta;1
1420;57/2021;2021_57_115;nyt;4
1420;57/2021;2021_57_115;lukea;3
1420;57/2021;2021_57_115;tamperelainen;1
1420;57/2021;2021_57_115;kaupunginvaltuutettu;2
1420;57/2021;2021_57_115;aarne;4
1420;57/2021;2021_57_115;raevaara;2
1420;57/2021;2021_57_115;toivoa;1
1420;57/2021;2021_57_115;hän;3
1420;57/2021;2021_57_115;kirjoittaa;2
1420;57/2021;2021_57_115;kolumni;1
1420;57/2021;2021_57_115;aikoa;1
1420;57/2021;2021_57_115;tehdä;1
1420;57/2021;2021_57_115;koska;1
1420;57/2021;2021_57_115;opetus;1
1420;57/2021;2021_57_115;usein;1
1420;57/2021;2021_57_115;mikä;1
1420;57/2021;2021_57_115;tapahtua;2
1420;57/2021;2021_57_115;kunta;2
1420;57/2021;2021_57_115;tai;1
1420;57/2021;2021_57_115;aina;2
1420;57/2021;2021_57_115;suuri;1
1420;57/2021;2021_57_115;kaupunki;1
1420;57/2021;2021_57_115;päässä;1
1420;57/2021;2021_57_115;sama;2
1420;57/2021;2021_57_115;henkilö;1
1420;57/2021;2021_57_115;päättää;1
1420;57/2021;2021_57_115;eli;2
1420;57/2021;2021_57_115;tampere;3
1420;57/2021;2021_57_115;malli;1
1420;57/2021;2021_57_115;siirtyä;2
1420;57/2021;2021_57_115;valtakunta;1
1420;57/2021;2021_57_115;taso;1
1420;57/2021;2021_57_115;lisätä;2
1420;57/2021;2021_57_115;velka;4
1420;57/2021;2021_57_115;veronkorotus;1
1420;57/2021;2021_57_115;hanke;2
1420;57/2021;2021_57_115;perustella;1
1420;57/2021;2021_57_115;mielikuva;1
1420;57/2021;2021_57_115;päätösvalta;1
1420;57/2021;2021_57_115;siirtää;1
1420;57/2021;2021_57_115;yhä;3
1420;57/2021;2021_57_115;kauemmaksi;1
1420;57/2021;2021_57_115;maksaja;2
1420;57/2021;2021_57_115;säästö;1
1420;57/2021;2021_57_115;leikata;1
1420;57/2021;2021_57_115;tärkeä;1
1420;57/2021;2021_57_115;palvelu;1
1420;57/2021;2021_57_115;velkaantuneisuus;1
1420;57/2021;2021_57_115;nousta;2
1420;57/2021;2021_57_115;sanna;1
1420;57/2021;2021_57_115;mari;5
1420;57/2021;2021_57_115;valtuusto;1
1420;57/2021;2021_57_115;puheenjohtajakausi;1
1420;57/2021;2021_57_115;ennätysnopeus;1
1420;57/2021;2021_57_115;meno;1
1420;57/2021;2021_57_115;jatkua;1
1420;57/2021;2021_57_115;kun;2
1420;57/2021;2021_57_115;pääministeri;3
1420;57/2021;2021_57_115;suomi;7
1420;57/2021;2021_57_115;eu;4
1420;57/2021;2021_57_115;elvytysrahasto;4
1420;57/2021;2021_57_115;vastuu;2
1420;57/2021;2021_57_115;kustannus;1
1420;57/2021;2021_57_115;enemmän;1
1420;57/2021;2021_57_115;kuin;1
1420;57/2021;2021_57_115;maksaa;1
1420;57/2021;2021_57_115;sotakorvaus;1
1420;57/2021;2021_57_115;vuosi;2
1420;57/2021;2021_57_115;rikkoa;1
1420;57/2021;2021_57_115;sopimus;1
1420;57/2021;2021_57_115;oikeusvaltioperiaate;1
1420;57/2021;2021_57_115;perussopimus;2
1420;57/2021;2021_57_115;kieltää;1
1420;57/2021;2021_57_115;unioni;1
1420;57/2021;2021_57_115;toiminta;1
1420;57/2021;2021_57_115;rahoittaminen;1
1420;57/2021;2021_57_115;yhteisvastuu;1
1420;57/2021;2021_57_115;jäsenmaa;1
1420;57/2021;2021_57_115;sopia;1
1420;57/2021;2021_57_115;järjestely;1
1420;57/2021;2021_57_115;ei;3
1420;57/2021;2021_57_115;tilapäinen;1
1420;57/2021;2021_57_115;aluksi;1
1420;57/2021;2021_57_115;voimassa;1
1420;57/2021;2021_57_115;luku;1
1420;57/2021;2021_57_115;loppu;2
1420;57/2021;2021_57_115;mennessä;1
1420;57/2021;2021_57_115;puitteissa;1
1420;57/2021;2021_57_115;ilmestyä;1
1420;57/2021;2021_57_115;uusi;2
1420;57/2021;2021_57_115;rahasto;2
1420;57/2021;2021_57_115;tarve;1
1420;57/2021;2021_57_115;seuraava;2
1420;57/2021;2021_57_115;kerta;1
1420;57/2021;2021_57_115;tukisääntö;1
1420;57/2021;2021_57_115;ohittaminen;1
1420;57/2021;2021_57_115;voida;2
1420;57/2021;2021_57_115;todeta;1
1420;57/2021;2021_57_115;muuttua;1
1420;57/2021;2021_57_115;tapa;1
1420;57/2021;2021_57_115;jälkeen;2
1420;57/2021;2021_57_115;ratkaisu;1
1420;57/2021;2021_57_115;hyvin;1
1420;57/2021;2021_57_115;todennäköisesti;1
1420;57/2021;2021_57_115;eu-vero;1
1420;57/2021;2021_57_115;verorasite;1
1420;57/2021;2021_57_115;mahdollinen;1
1420;57/2021;2021_57_115;nostaa;1
1420;57/2021;2021_57_115;suunnitella;1
1420;57/2021;2021_57_115;prosentti;1
1420;57/2021;2021_57_115;ilman;1
1420;57/2021;2021_57_115;nykyinen;2
1420;57/2021;2021_57_115;vero;2
1420;57/2021;2021_57_115;voimallinen;1
1420;57/2021;2021_57_115;leikkaaminen;1
1420;57/2021;2021_57_115;tie;1
1420;57/2021;2021_57_115;pää;1
1420;57/2021;2021_57_115;hyvinvointivaltio;1
1420;57/2021;2021_57_115;alasajo;1
1420;57/2021;2021_57_115;voitto;1
1420;57/2021;2021_57_115;neuvotella;3
1420;57/2021;2021_57_115;muutama;1
1420;57/2021;2021_57_115;sata;1
1420;57/2021;2021_57_115;miljoona;2
1420;57/2021;2021_57_115;lisää;1
1420;57/2021;2021_57_115;avustus;1
1420;57/2021;2021_57_115;ruotsi;1
1420;57/2021;2021_57_115;tanska;1
1420;57/2021;2021_57_115;itävalta;1
1420;57/2021;2021_57_115;hollanti;1
1420;57/2021;2021_57_115;miljardi;1
1420;57/2021;2021_57_115;jäsenmaksualennus;1
1420;57/2021;2021_57_115;vuosittainen;1
1420;57/2021;2021_57_115;maksu;1
1420;57/2021;2021_57_115;mieli;1
1420;57/2021;2021_57_115;ylittää;1
1420;57/2021;2021_57_115;valtuus;1
1420;57/2021;2021_57_115;hyväksyminen;1
1420;57/2021;2021_57_115;yhteys;1
1420;57/2021;2021_57_115;kokonaisuus;1
1420;57/2021;2021_57_115;kansallinen;1
1420;57/2021;2021_57_115;etu;1
1420;57/2021;2021_57_115;vastainen;1
1420;57/2021;2021_57_115;tarkoittaa;1
1420;57/2021;2021_57_115;niin;2
1420;57/2021;2021_57_115;huomattava;1
1420;57/2021;2021_57_115;muutos;1
1420;57/2021;2021_57_115;rakenne;1
1420;57/2021;2021_57_115;sekä;2
1420;57/2021;2021_57_115;pitää;1
1420;57/2021;2021_57_115;antaa;1
1420;57/2021;2021_57_115;mahdollisuus;1
1420;57/2021;2021_57_115;esittää;1
1420;57/2021;2021_57_115;oma;2
1420;57/2021;2021_57_115;käsitys;1
1420;57/2021;2021_57_115;asia;2
1420;57/2021;2021_57_115;perusteellinen;1
1420;57/2021;2021_57_115;kansalaiskeskustelu;1
1420;57/2021;2021_57_115;järjestää;1
1420;57/2021;2021_57_115;kansanäänestys;2
1420;57/2021;2021_57_115;no;1
1420;57/2021;2021_57_115;tietää;1
1420;57/2021;2021_57_115;miten;1
1420;57/2021;2021_57_115;kansalaisaloite;1
1420;57/2021;2021_57_115;jo;3
1420;57/2021;2021_57_115;käydä;2
1420;57/2021;2021_57_115;huonosti;1
1420;57/2021;2021_57_115;itse;1
1420;57/2021;2021_57_115;teksti;1
1420;57/2021;2021_57_115;näyttää;1
1420;57/2021;2021_57_115;jäädä;1
1420;57/2021;2021_57_115;jumiin;1
1420;57/2021;2021_57_115;laina;1
1420;57/2021;2021_57_115;kuten;1
1420;57/2021;2021_57_115;ensin;1
1420;57/2021;2021_57_115;mukana;1
1420;57/2021;2021_57_115;velkaannuttaa;2
1420;57/2021;2021_57_115;järjetön;1
1420;57/2021;2021_57_115;kallis;1
1420;57/2021;2021_57_115;ratikkahankinta;1
1420;57/2021;2021_57_115;muu;1
1420;57/2021;2021_57_115;ökyhanke;1
1420;57/2021;2021_57_115;elpymispaketti;1
1420;57/2021;2021_57_115;aivan;1
1420;57/2021;2021_57_115;selvästi;1
1420;57/2021;2021_57_115;sosiaalidemokraatti;1
1420;57/2021;2021_57_115;talousoppi;1
1420;57/2021;2021_57_115;perustua;1
1420;57/2021;2021_57_115;holtiton;1
1420;57/2021;2021_57_115;velkaantuminen;1
1420;57/2021;2021_57_115;korottaminen;1
1420;57/2021;2021_57_115;valtio;1
1420;57/2021;2021_57_115;sanoa;1
1420;57/2021;2021_57_115;seurata;1
1420;57/2021;2021_57_115;video;1
1420;57/2021;2021_57_115;katsoa;1
1420;57/2021;2021_57_115;tuhat;1
1420;57/2021;2021_57_115;kymmenentuhatta;1
1420;57/2021;2021_57_115;satatuhatta;1
1420;57/2021;2021_57_115;ihminen;1
1420;57/2021;2021_57_115;sitten;1
1420;57/2021;2021_57_115;lähteä;1
1420;57/2021;2021_57_115;sosiaalinen;1
1420;57/2021;2021_57_115;media;1
1420;57/2021;2021_57_115;liikkeelle;1
1420;57/2021;2021_57_115;kyllä;2
1420;57/2021;2021_57_115;tänne;1
1420;57/2021;2021_57_115;lähettää;1
1420;57/2021;2021_57_115;mielipide;1
1420;57/2021;2021_57_115;kansanedustaja;1
1420;57/2021;2021_57_115;ottaa;1
1420;57/2021;2021_57_115;vakavasti;1
1420;57/2021;2021_57_115;kiitos;1
1420;57/2021;2021_57_131;arvoisa;1
1420;57/2021;2021_57_131;rouva;1
1420;57/2021;2021_57_131;puhemies;1
1420;57/2021;2021_57_131;kuten;1
1420;57/2021;2021_57_131;aikainen;1
1420;57/2021;2021_57_131;puhe;1
1420;57/2021;2021_57_131;sanoa;7
1420;57/2021;2021_57_131;olla;24
1420;57/2021;2021_57_131;hämmästellä;1
1420;57/2021;2021_57_131;että;12
1420;57/2021;2021_57_131;täällä;5
1420;57/2021;2021_57_131;sali;2
1420;57/2021;2021_57_131;kuulla;2
1420;57/2021;2021_57_131;moni;3
1420;57/2021;2021_57_131;kerta;1
1420;57/2021;2021_57_131;varsinkin;2
1420;57/2021;2021_57_131;vasen;1
1420;57/2021;2021_57_131;laita;1
1420;57/2021;2021_57_131;kaikki;3
1420;57/2021;2021_57_131;asiantuntija;7
1420;57/2021;2021_57_131;yksimielinen;2
1420;57/2021;2021_57_131;tämä;16
1420;57/2021;2021_57_131;elpymispaketti;2
1420;57/2021;2021_57_131;kuitenkin;1
1420;57/2021;2021_57_131;talousvaliokunta;1
1420;57/2021;2021_57_131;hyvin;3
1420;57/2021;2021_57_131;erilainen;1
1420;57/2021;2021_57_131;mielipide;1
1420;57/2021;2021_57_131;ja;11
1420;57/2021;2021_57_131;voida;5
1420;57/2021;2021_57_131;ei;3
1420;57/2021;2021_57_131;se;15
1420;57/2021;2021_57_131;hyvä;2
1420;57/2021;2021_57_131;suomi;2
1420;57/2021;2021_57_131;itse;2
1420;57/2021;2021_57_131;asiassa;1
1420;57/2021;2021_57_131;aika;2
1420;57/2021;2021_57_131;kriittinen;1
1420;57/2021;2021_57_131;kansalainen;2
1420;57/2021;2021_57_131;tieto;1
1420;57/2021;2021_57_131;asiantuntijalausunto;3
1420;57/2021;2021_57_131;löytyä;1
1420;57/2021;2021_57_131;eduskunta;2
1420;57/2021;2021_57_131;sivu;1
1420;57/2021;2021_57_131;jälkeen;1
1420;57/2021;2021_57_131;kun;1
1420;57/2021;2021_57_131;asia;4
1420;57/2021;2021_57_131;käsitellä;1
1420;57/2021;2021_57_131;siellä;1
1420;57/2021;2021_57_131;käydä;2
1420;57/2021;2021_57_131;lukea;3
1420;57/2021;2021_57_131;mikä;5
1420;57/2021;2021_57_131;oikeasti;2
1420;57/2021;2021_57_131;usein;1
1420;57/2021;2021_57_131;värittyä;1
1420;57/2021;2021_57_131;tai;2
1420;57/2021;2021_57_131;toinen;1
1420;57/2021;2021_57_131;vaihtoehto;1
1420;57/2021;2021_57_131;osa;4
1420;57/2021;2021_57_131;edustaja;1
1420;57/2021;2021_57_131;ymmärtää;2
1420;57/2021;2021_57_131;hän;2
1420;57/2021;2021_57_131;siksi;1
1420;57/2021;2021_57_131;ajatella;2
1420;57/2021;2021_57_131;alkaa;2
1420;57/2021;2021_57_131;nyt;1
1420;57/2021;2021_57_131;tulevaisuus;1
1420;57/2021;2021_57_131;täältä;1
1420;57/2021;2021_57_131;kyseinen;1
1420;57/2021;2021_57_131;käsittely;1
1420;57/2021;2021_57_131;yhteys;1
1420;57/2021;2021_57_131;jolloin;1
1420;57/2021;2021_57_131;jokainen;1
1420;57/2021;2021_57_131;miettiä;1
1420;57/2021;2021_57_131;sitten;7
1420;57/2021;2021_57_131;värittää;1
1420;57/2021;2021_57_131;syöttää;1
1420;57/2021;2021_57_131;pajunköysi;1
1420;57/2021;2021_57_131;silmä;1
1420;57/2021;2021_57_131;räpäyttää;1
1420;57/2021;2021_57_131;tällainen;2
1420;57/2021;2021_57_131;iso;1
1420;57/2021;2021_57_131;kuin;1
1420;57/2021;2021_57_131;poliitikko;1
1420;57/2021;2021_57_131;puolue;1
1420;57/2021;2021_57_131;oma;1
1420;57/2021;2021_57_131;lehmä;1
1420;57/2021;2021_57_131;oja;1
1420;57/2021;2021_57_131;niin;1
1420;57/2021;2021_57_131;sanotusti;1
1420;57/2021;2021_57_131;eu;3
1420;57/2021;2021_57_131;sellainen;1
1420;57/2021;2021_57_131;laitos;1
1420;57/2021;2021_57_131;helposti;1
1420;57/2021;2021_57_131;korruptoida;1
1420;57/2021;2021_57_131;mieli;1
1420;57/2021;2021_57_131;ruveta;1
1420;57/2021;2021_57_131;palvella;1
1420;57/2021;2021_57_131;mutta;2
1420;57/2021;2021_57_131;kyllä;1
1420;57/2021;2021_57_131;joka;3
1420;57/2021;2021_57_131;luottaa;1
1420;57/2021;2021_57_131;puolueeton;1
1420;57/2021;2021_57_131;kertoa;2
1420;57/2021;2021_57_131;neutraalisti;1
1420;57/2021;2021_57_131;tiede;1
1420;57/2021;2021_57_131;kautta;2
1420;57/2021;2021_57_131;taloustiede;2
1420;57/2021;2021_57_131;fakta;1
1420;57/2021;2021_57_131;vähän;1
1420;57/2021;2021_57_131;lausunto;3
1420;57/2021;2021_57_131;pääekonomisti;1
1420;57/2021;2021_57_131;dosentti;1
1420;57/2021;2021_57_131;tuomas;2
1420;57/2021;2021_57_131;malinen;2
1420;57/2021;2021_57_131;minuutti;2
1420;57/2021;2021_57_131;aikaraja;2
1420;57/2021;2021_57_131;minä;2
1420;57/2021;2021_57_131;keskeyttää;2
1420;57/2021;2021_57_131;aina;1
1420;57/2021;2021_57_131;kohta;1
1420;57/2021;2021_57_131;jatkaa;2
1420;57/2021;2021_57_131;ottaa;1
1420;57/2021;2021_57_131;uusi;3
1420;57/2021;2021_57_131;ensimmäinen;1
1420;57/2021;2021_57_131;varapuhemies;1
1420;57/2021;2021_57_131;tarja;1
1420;57/2021;2021_57_131;filatov;1
1420;57/2021;2021_57_131;tuo;1
1420;57/2021;2021_57_131;yksi;1
1420;57/2021;2021_57_131;puhemiesneuvosto;1
1420;57/2021;2021_57_131;sopia;1
1420;57/2021;2021_57_131;sebastian;1
1420;57/2021;2021_57_131;tynkkynen;1
1420;57/2021;2021_57_131;juuri;2
1420;57/2021;2021_57_131;yrittää;1
1420;57/2021;2021_57_131;joo;1
1420;57/2021;2021_57_131;eli;2
1420;57/2021;2021_57_131;lainaus;1
1420;57/2021;2021_57_131;siis;1
1420;57/2021;2021_57_131;elpymisrahasto;3
1420;57/2021;2021_57_131;euro;3
1420;57/2021;2021_57_131;kohtalo;1
1420;57/2021;2021_57_131;eurooppa;2
1420;57/2021;2021_57_131;komissio;1
1420;57/2021;2021_57_131;esittää;1
1420;57/2021;2021_57_131;miljardi;1
1420;57/2021;2021_57_131;elvytysrahasto;1
1420;57/2021;2021_57_131;toistaa;1
1420;57/2021;2021_57_131;kaava;1
1420;57/2021;2021_57_131;havaita;1
1420;57/2021;2021_57_131;käytäntö;1
1420;57/2021;2021_57_131;mennyt;1
1420;57/2021;2021_57_131;yhteisvaluutta-alue;1
1420;57/2021;2021_57_131;edetä;1
1420;57/2021;2021_57_131;vain;2
1420;57/2021;2021_57_131;liittovaltio;2
1420;57/2021;2021_57_131;exitmekanismi;1
1420;57/2021;2021_57_131;luominen;1
1420;57/2021;2021_57_131;hajoaminen;1
1420;57/2021;2021_57_131;rahasto;3
1420;57/2021;2021_57_131;aukaista;1
1420;57/2021;2021_57_131;tie;1
1420;57/2021;2021_57_131;äärimmäinen;1
1420;57/2021;2021_57_131;tärkeä;1
1420;57/2021;2021_57_131;päätös;1
1420;57/2021;2021_57_131;edessä;1
1420;57/2021;2021_57_131;koska;1
1420;57/2021;2021_57_131;luoda;3
1420;57/2021;2021_57_131;ylikansallinen;2
1420;57/2021;2021_57_131;kansallisvaltio;1
1420;57/2021;2021_57_131;ylle;1
1420;57/2021;2021_57_131;velkakerros;2
1420;57/2021;2021_57_131;valuuttaliitto;1
1420;57/2021;2021_57_131;historia;2
1420;57/2021;2021_57_131;osoittaa;1
1420;57/2021;2021_57_131;tulonsiirto;1
1420;57/2021;2021_57_131;jäsenvaltio;1
1420;57/2021;2021_57_131;välillä;1
1420;57/2021;2021_57_131;ratkaiseva;1
1420;57/2021;2021_57_131;valuutta-alue;1
1420;57/2021;2021_57_131;selviytyminen;1
1420;57/2021;2021_57_131;kanta;1
1420;57/2021;2021_57_131;tarkoittaa;1
1420;57/2021;2021_57_131;jos;1
1420;57/2021;2021_57_131;euroalue;1
1420;57/2021;2021_57_131;tulla;1
1420;57/2021;2021_57_131;todennäköisesti;1
1420;57/2021;2021_57_131;käyttää;1
1420;57/2021;2021_57_131;toistuvasti;2
1420;57/2021;2021_57_131;uudelleen;1
1420;57/2021;2021_57_131;ensisijainen;1
1420;57/2021;2021_57_131;tehtävä;1
1420;57/2021;2021_57_131;liittyä;2
1420;57/2021;2021_57_131;koronavirus;2
1420;57/2021;2021_57_131;mikään;1
1420;57/2021;2021_57_131;laki;1
1420;57/2021;2021_57_131;näkyä;1
1420;57/2021;2021_57_131;esimerkiksi;1
1420;57/2021;2021_57_131;avustus;1
1420;57/2021;2021_57_131;jakokriteeri;1
1420;57/2021;2021_57_131;aiheuttaa;1
1420;57/2021;2021_57_131;talousisku;1
1420;57/2021;2021_57_131;pieni;1
1420;57/2021;2021_57_131;tarkoitus;1
1420;57/2021;2021_57_131;säilyttää;1
1420;57/2021;2021_57_131;nykykoostumus;1
1420;57/2021;2021_57_131;tiivistetysti;1
1420;57/2021;2021_57_131;läpi;1
1420;57/2021;2021_57_131;löydös;1
1420;57/2021;2021_57_131;johtopäätös;1
1420;57/2021;2021_57_131;tausta;1
1420;57/2021;2021_57_131;johdanto;1
1420;57/2021;2021_57_131;valuuttaunioni;1
1420;57/2021;2021_57_131;yhteisvaluutta;1
1420;57/2021;2021_57_131;altistua;1
1420;57/2021;2021_57_131;rahapolitiikka;1
1420;57/2021;2021_57_131;kilpailukyky;1
1420;57/2021;2021_57_131;tuotanto;1
1420;57/2021;2021_57_131;kohdistua;1
1420;57/2021;2021_57_131;sokea;1
1420;57/2021;2021_57_131;päättyä;1
1420;57/2021;2021_57_131;hetki;1
1420;57/2021;2021_57_131;päästä;1
1420;57/2021;2021_57_143;arvoisa;1
1420;57/2021;2021_57_143;rouva;1
1420;57/2021;2021_57_143;puhemies;2
1420;57/2021;2021_57_143;jatkaa;3
1420;57/2021;2021_57_143;se;9
1420;57/2021;2021_57_143;mikä;2
1420;57/2021;2021_57_143;edellinen;1
1420;57/2021;2021_57_143;puhe;1
1420;57/2021;2021_57_143;jäädä;1
1420;57/2021;2021_57_143;esitellä;1
1420;57/2021;2021_57_143;siis;2
1420;57/2021;2021_57_143;dosentti;2
1420;57/2021;2021_57_143;tuomas;1
1420;57/2021;2021_57_143;malinen;2
1420;57/2021;2021_57_143;asiantuntijalausunto;1
1420;57/2021;2021_57_143;koskien;1
1420;57/2021;2021_57_143;elpymisrahasto;1
1420;57/2021;2021_57_143;johdanto;1
1420;57/2021;2021_57_143;valuuttaunioni;1
1420;57/2021;2021_57_143;historia;2
1420;57/2021;2021_57_143;kertoa;1
1420;57/2021;2021_57_143;että;2
1420;57/2021;2021_57_143;yhteisvaluutta;4
1420;57/2021;2021_57_143;olla;16
1420;57/2021;2021_57_143;toistuvasti;1
1420;57/2021;2021_57_143;altistua;1
1420;57/2021;2021_57_143;rahapolitiikka;1
1420;57/2021;2021_57_143;kilpailukyky;2
1420;57/2021;2021_57_143;ja;5
1420;57/2021;2021_57_143;tuotanto;1
1420;57/2021;2021_57_143;kohdistua;3
1420;57/2021;2021_57_143;sokea;2
1420;57/2021;2021_57_143;tämä;5
1420;57/2021;2021_57_143;tarkoittaa;1
1420;57/2021;2021_57_143;esimerkiksi;4
1420;57/2021;2021_57_143;jokin;3
1420;57/2021;2021_57_143;maa;16
1420;57/2021;2021_57_143;kohdata;2
1420;57/2021;2021_57_143;epäsymmetrinen;2
1420;57/2021;2021_57_143;talouskriisi;3
1420;57/2021;2021_57_143;kuten;2
1420;57/2021;2021_57_143;kreikka;1
1420;57/2021;2021_57_143;tai;6
1420;57/2021;2021_57_143;koko;3
1420;57/2021;2021_57_143;alue;1
1420;57/2021;2021_57_143;symmetrinen;1
1420;57/2021;2021_57_143;sokki;3
1420;57/2021;2021_57_143;esim;2
1420;57/2021;2021_57_143;koronavirus;2
1420;57/2021;2021_57_143;aiheuttaa;2
1420;57/2021;2021_57_143;talous;8
1420;57/2021;2021_57_143;sulkutoimi;1
1420;57/2021;2021_57_143;valuutta-alue;3
1420;57/2021;2021_57_143;ominaispiirre;1
1420;57/2021;2021_57_143;johtua;1
1420;57/2021;2021_57_143;iskeä;1
1420;57/2021;2021_57_143;sitten;1
1420;57/2021;2021_57_143;yksittäinen;1
1420;57/2021;2021_57_143;tulla;1
1420;57/2021;2021_57_143;aina;1
1420;57/2021;2021_57_143;johtaa;2
1420;57/2021;2021_57_143;reaktio;1
1420;57/2021;2021_57_143;jäsenmaa;4
1420;57/2021;2021_57_143;kesken;1
1420;57/2021;2021_57_143;moni;1
1420;57/2021;2021_57_143;tapa;1
1420;57/2021;2021_57_143;taloudellisesti;1
1420;57/2021;2021_57_143;erilainen;1
1420;57/2021;2021_57_143;tahtoa;1
1420;57/2021;2021_57_143;heikentää;1
1420;57/2021;2021_57_143;jo;1
1420;57/2021;2021_57_143;ennestään;1
1420;57/2021;2021_57_143;heikko;1
1420;57/2021;2021_57_143;euroalue;1
1420;57/2021;2021_57_143;ei;5
1420;57/2021;2021_57_143;lähentyminen;1
1420;57/2021;2021_57_143;eli;1
1420;57/2021;2021_57_143;konvergenssi;1
1420;57/2021;2021_57_143;vaan;1
1420;57/2021;2021_57_143;ero;3
1420;57/2021;2021_57_143;päinvastoin;1
1420;57/2021;2021_57_143;kasvaa;1
1420;57/2021;2021_57_143;uusi;1
1420;57/2021;2021_57_143;ilmiö;1
1420;57/2021;2021_57_143;valuuttaliitto;1
1420;57/2021;2021_57_143;myös;3
1420;57/2021;2021_57_143;poistaa;2
1420;57/2021;2021_57_143;oma;7
1420;57/2021;2021_57_143;valuuttakurssi;6
1420;57/2021;2021_57_143;joka;1
1420;57/2021;2021_57_143;ulkoinen;3
1420;57/2021;2021_57_143;arvo;3
1420;57/2021;2021_57_143;lasku;2
1420;57/2021;2021_57_143;auttaa;1
1420;57/2021;2021_57_143;toinen;2
1420;57/2021;2021_57_143;yhteisvaluutta-alue;1
1420;57/2021;2021_57_143;toisin;1
1420;57/2021;2021_57_143;sanoen;1
1420;57/2021;2021_57_143;kärsiä;1
1420;57/2021;2021_57_143;enemmän;1
1420;57/2021;2021_57_143;kuin;1
1420;57/2021;2021_57_143;riippumatta;1
1420;57/2021;2021_57_143;vai;1
1420;57/2021;2021_57_143;rahaliitto;1
1420;57/2021;2021_57_143;isku;1
1420;57/2021;2021_57_143;poikkeus;1
1420;57/2021;2021_57_143;tehtävä;3
1420;57/2021;2021_57_143;väliltä;1
1420;57/2021;2021_57_143;keskeinen;1
1420;57/2021;2021_57_143;tasapainotusmekanismi;1
1420;57/2021;2021_57_143;tasata;2
1420;57/2021;2021_57_143;välinen;2
1420;57/2021;2021_57_143;kilpailukykyero;2
1420;57/2021;2021_57_143;rajoittaa;3
1420;57/2021;2021_57_143;valtio;5
1420;57/2021;2021_57_143;holtiton;1
1420;57/2021;2021_57_143;velkaantuminen;2
1420;57/2021;2021_57_143;joustaa;2
1420;57/2021;2021_57_143;tarve;1
1420;57/2021;2021_57_143;mukaan;3
1420;57/2021;2021_57_143;koska;2
1420;57/2021;2021_57_143;heijastella;1
1420;57/2021;2021_57_143;tila;1
1420;57/2021;2021_57_143;osa;1
1420;57/2021;2021_57_143;syntyä;1
1420;57/2021;2021_57_143;korkea;2
1420;57/2021;2021_57_143;matala;1
1420;57/2021;2021_57_143;palkankorotus;1
1420;57/2021;2021_57_143;tuottavuuskasvu;1
1420;57/2021;2021_57_143;sääntely;1
1420;57/2021;2021_57_143;työkulttuuri;1
1420;57/2021;2021_57_143;muu;2
1420;57/2021;2021_57_143;rakenne;1
1420;57/2021;2021_57_143;riippua;1
1420;57/2021;2021_57_143;tekijä;1
1420;57/2021;2021_57_143;yhdenmukaistuminen;1
1420;57/2021;2021_57_143;välillä;1
1420;57/2021;2021_57_143;viedä;1
1420;57/2021;2021_57_143;erittäin;1
1420;57/2021;2021_57_143;pitkään;1
1420;57/2021;2021_57_143;välttämättä;1
1420;57/2021;2021_57_143;tapahtua;1
1420;57/2021;2021_57_143;koskaan;1
1420;57/2021;2021_57_143;valuutta;4
1420;57/2021;2021_57_143;usein;1
1420;57/2021;2021_57_143;halu;1
1420;57/2021;2021_57_143;velkaantua;1
1420;57/2021;2021_57_143;etenkin;1
1420;57/2021;2021_57_143;pieni;1
1420;57/2021;2021_57_143;turvautua;1
1420;57/2021;2021_57_143;lainanotto;1
1420;57/2021;2021_57_143;kansainvälinen;2
1420;57/2021;2021_57_143;rahoitusmarkkina;1
1420;57/2021;2021_57_143;jos;4
1420;57/2021;2021_57_143;laskea;2
1420;57/2021;2021_57_143;devalvoitua;1
1420;57/2021;2021_57_143;sijoittaja;1
1420;57/2021;2021_57_143;menettää;1
1420;57/2021;2021_57_143;luottamus;1
1420;57/2021;2021_57_143;hoito;1
1420;57/2021;2021_57_143;nostaa;2
1420;57/2021;2021_57_143;velanhoitokustannus;1
1420;57/2021;2021_57_143;yleensä;2
1420;57/2021;2021_57_143;tärkeä;1
1420;57/2021;2021_57_143;kuitenkin;1
1420;57/2021;2021_57_143;tarjota;1
1420;57/2021;2021_57_143;vientisektori;1
1420;57/2021;2021_57_143;vetoapu;2
1420;57/2021;2021_57_143;taantuma;2
1420;57/2021;2021_57_143;vienti;3
1420;57/2021;2021_57_143;erikoistua;1
1420;57/2021;2021_57_143;suomi;5
1420;57/2021;2021_57_143;maailmanlaajuinen;1
1420;57/2021;2021_57_143;vientituote;1
1420;57/2021;2021_57_143;globaali;1
1420;57/2021;2021_57_143;kysyntä;1
1420;57/2021;2021_57_143;syy;1
1420;57/2021;2021_57_143;alaspäin;1
1420;57/2021;2021_57_143;tehdä;2
1420;57/2021;2021_57_143;tuote;2
1420;57/2021;2021_57_143;halpa;1
1420;57/2021;2021_57_143;markkina;1
1420;57/2021;2021_57_143;parantaa;1
1420;57/2021;2021_57_143;hintakilpailukyky;1
1420;57/2021;2021_57_143;markka;1
1420;57/2021;2021_57_143;devalvaatio;1
1420;57/2021;2021_57_143;kelluttama;1
1420;57/2021;2021_57_143;seurata;1
1420;57/2021;2021_57_143;devalvoituminen;1
1420;57/2021;2021_57_143;luku;1
1420;57/2021;2021_57_143;alku;1
1420;57/2021;2021_57_143;talouslama;1
1420;57/2021;2021_57_143;vuosi;2
1420;57/2021;2021_57_143;sellainen;1
1420;57/2021;2021_57_143;tarjolla;1
1420;57/2021;2021_57_143;näkyä;1
1420;57/2021;2021_57_143;yritys;1
1420;57/2021;2021_57_143;tilastollinen;1
1420;57/2021;2021_57_143;simulaatio;1
1420;57/2021;2021_57_143;tuolloin;1
1420;57/2021;2021_57_143;nousta;1
1420;57/2021;2021_57_143;nopeasti;1
1420;57/2021;2021_57_143;näin;1
1420;57/2021;2021_57_143;hän;1
1420;57/2021;2021_57_143;tutkimus;1
1420;57/2021;2021_57_143;ensimmäinen;1
1420;57/2021;2021_57_143;kvartaali;1
1420;57/2021;2021_57_143;volyymi;1
1420;57/2021;2021_57_143;minuutti;1
1420;57/2021;2021_57_143;yli;1
1420;57/2021;2021_57_143;prosentti;1
1420;57/2021;2021_57_143;minä;1
1420;57/2021;2021_57_143;hetki;1
1420;57/2021;2021_57_143;päästä;1
1420;57/2021;2021_57_519;arvoisa;2
1420;57/2021;2021_57_519;rouva;2
1420;57/2021;2021_57_519;puhemies;2
1420;57/2021;2021_57_519;tämä;10
1420;57/2021;2021_57_519;elpymispaketti;4
1420;57/2021;2021_57_519;pitää;6
1420;57/2021;2021_57_519;nimetä;1
1420;57/2021;2021_57_519;uudelleen;1
1420;57/2021;2021_57_519;koska;1
1420;57/2021;2021_57_519;ei;7
1420;57/2021;2021_57_519;olla;30
1420;57/2021;2021_57_519;kysymys;1
1420;57/2021;2021_57_519;elvytys;1
1420;57/2021;2021_57_519;se;11
1420;57/2021;2021_57_519;minä;3
1420;57/2021;2021_57_519;jo;3
1420;57/2021;2021_57_519;kaikki;1
1420;57/2021;2021_57_519;täällä;1
1420;57/2021;2021_57_519;tietää;1
1420;57/2021;2021_57_519;kuvaava;1
1420;57/2021;2021_57_519;nimi;1
1420;57/2021;2021_57_519;moraalikatopaketti;3
1420;57/2021;2021_57_519;mukana;1
1420;57/2021;2021_57_519;jokainen;1
1420;57/2021;2021_57_519;talousvaliokunta;1
1420;57/2021;2021_57_519;kokous;1
1420;57/2021;2021_57_519;joka;1
1420;57/2021;2021_57_519;asia;2
1420;57/2021;2021_57_519;käsitellä;1
1420;57/2021;2021_57_519;laaja;1
1420;57/2021;2021_57_519;asiantuntijakuulemiset;1
1420;57/2021;2021_57_519;usea;2
1420;57/2021;2021_57_519;asiantuntija;1
1420;57/2021;2021_57_519;mieli;2
1420;57/2021;2021_57_519;että;5
1420;57/2021;2021_57_519;jos;5
1420;57/2021;2021_57_519;alkaa;4
1420;57/2021;2021_57_519;kylvää;1
1420;57/2021;2021_57_519;miljardi;2
1420;57/2021;2021_57_519;euro;2
1420;57/2021;2021_57_519;vastikkeeton;1
1420;57/2021;2021_57_519;lahjaraha;1
1420;57/2021;2021_57_519;etelä;1
1420;57/2021;2021_57_519;ja;10
1420;57/2021;2021_57_519;itä-eurooppa;1
1420;57/2021;2021_57_519;niin;3
1420;57/2021;2021_57_519;syntyä;1
1420;57/2021;2021_57_519;moraalikato;4
1420;57/2021;2021_57_519;raha;6
1420;57/2021;2021_57_519;saada;4
1420;57/2021;2021_57_519;maa;4
1420;57/2021;2021_57_519;näin;3
1420;57/2021;2021_57_519;tulla;3
1420;57/2021;2021_57_519;varmuus;1
1420;57/2021;2021_57_519;käydä;2
1420;57/2021;2021_57_519;poliitikko;2
1420;57/2021;2021_57_519;ilmainen;2
1420;57/2021;2021_57_519;huono;1
1420;57/2021;2021_57_519;yhdistelmä;1
1420;57/2021;2021_57_519;poliittinen;1
1420;57/2021;2021_57_519;päättäjä;1
1420;57/2021;2021_57_519;moraali;2
1420;57/2021;2021_57_519;kadota;1
1420;57/2021;2021_57_519;moni;2
1420;57/2021;2021_57_519;taso;5
1420;57/2021;2021_57_519;veronmaksaja;3
1420;57/2021;2021_57_519;piikki;1
1420;57/2021;2021_57_519;auki;1
1420;57/2021;2021_57_519;kuten;2
1420;57/2021;2021_57_519;ensimmäinen;1
1420;57/2021;2021_57_519;muuten;1
1420;57/2021;2021_57_519;holtiton;1
1420;57/2021;2021_57_519;taloudenpito;1
1420;57/2021;2021_57_519;harrastaa;1
1420;57/2021;2021_57_519;päästä;2
1420;57/2021;2021_57_519;nostaa;1
1420;57/2021;2021_57_519;holtittomuus;1
1420;57/2021;2021_57_519;uusi;1
1420;57/2021;2021_57_519;kun;4
1420;57/2021;2021_57_519;tieto;1
1420;57/2021;2021_57_519;mikään;2
1420;57/2021;2021_57_519;menokuri;1
1420;57/2021;2021_57_519;tarvita;3
1420;57/2021;2021_57_519;kiinni;1
1420;57/2021;2021_57_519;säästää;1
1420;57/2021;2021_57_519;suomalainen;2
1420;57/2021;2021_57_519;hätä;1
1420;57/2021;2021_57_519;loppua;1
1420;57/2021;2021_57_519;pääministeri;1
1420;57/2021;2021_57_519;mar;1
1420;57/2021;2021_57_519;eurooppaministeri;1
1420;57/2021;2021_57_519;tytti;1
1420;57/2021;2021_57_519;tuppurainen;1
1420;57/2021;2021_57_519;bryssel;1
1420;57/2021;2021_57_519;luvata;1
1420;57/2021;2021_57_519;vaikka;1
1420;57/2021;2021_57_519;muu;1
1420;57/2021;2021_57_519;väittää;1
1420;57/2021;2021_57_519;samppanja;1
1420;57/2021;2021_57_519;maistella;1
1420;57/2021;2021_57_519;simpukka;1
1420;57/2021;2021_57_519;syödä;1
1420;57/2021;2021_57_519;diili;1
1420;57/2021;2021_57_519;tehdä;2
1420;57/2021;2021_57_519;ilmeisesti;1
1420;57/2021;2021_57_519;verran;1
1420;57/2021;2021_57_519;hyvä;1
1420;57/2021;2021_57_519;tarjoilu;1
1420;57/2021;2021_57_519;ministerikaksikko;1
1420;57/2021;2021_57_519;unohtaa;1
1420;57/2021;2021_57_519;irrottaa;1
1420;57/2021;2021_57_519;seitsemänvuotinen;1
1420;57/2021;2021_57_519;budjetti;1
1420;57/2021;2021_57_519;eli;1
1420;57/2021;2021_57_519;kehys;1
1420;57/2021;2021_57_519;kallis;1
1420;57/2021;2021_57_519;unohdus;1
1420;57/2021;2021_57_519;kaksi;1
1420;57/2021;2021_57_519;neuvotella;1
1420;57/2021;2021_57_519;erikseen;1
1420;57/2021;2021_57_519;tuki;1
1420;57/2021;2021_57_519;alhainen;1
1420;57/2021;2021_57_519;kokonaisveroaste;2
1420;57/2021;2021_57_519;kuin;1
1420;57/2021;2021_57_519;suomi;3
1420;57/2021;2021_57_519;selvitä;1
1420;57/2021;2021_57_519;googlata;1
1420;57/2021;2021_57_519;sana;1
1420;57/2021;2021_57_519;lapata;1
1420;57/2021;2021_57_519;esimerkiksi;1
1420;57/2021;2021_57_519;espanja;2
1420;57/2021;2021_57_519;kreikka;1
1420;57/2021;2021_57_519;portugali;1
1420;57/2021;2021_57_519;verotus;1
1420;57/2021;2021_57_519;korottaa;1
1420;57/2021;2021_57_519;mutta;2
1420;57/2021;2021_57_519;tukiraha;1
1420;57/2021;2021_57_519;jakaa;1
1420;57/2021;2021_57_519;jatkuva;2
1420;57/2021;2021_57_519;veronkorotuspaine;1
1420;57/2021;2021_57_519;enää;1
1420;57/2021;2021_57_519;vain;2
1420;57/2021;2021_57_519;afrikka;1
1420;57/2021;2021_57_519;kehitysavu;1
1420;57/2021;2021_57_519;kohde;1
1420;57/2021;2021_57_519;vaan;1
1420;57/2021;2021_57_519;nyt;1
1420;57/2021;2021_57_519;myös;2
1420;57/2021;2021_57_519;suuri;1
1420;57/2021;2021_57_519;vauras;1
1420;57/2021;2021_57_519;eurooppa;1
1420;57/2021;2021_57_519;muka;1
1420;57/2021;2021_57_519;tarve;1
1420;57/2021;2021_57_519;toinen;1
1420;57/2021;2021_57_519;eu;1
1420;57/2021;2021_57_519;syytää;1
1420;57/2021;2021_57_519;valtava;1
1420;57/2021;2021_57_519;rahasumma;1
1420;57/2021;2021_57_519;vihreä;2
1420;57/2021;2021_57_519;siirtyä;1
1420;57/2021;2021_57_519;keksiä;1
1420;57/2021;2021_57_519;mitä;2
1420;57/2021;2021_57_519;hullu;1
1420;57/2021;2021_57_519;hanke;1
1420;57/2021;2021_57_519;esimerkki;1
1420;57/2021;2021_57_519;kuulua;1
1420;57/2021;2021_57_519;kanariansaaret;1
1420;57/2021;2021_57_519;ehdottaa;1
1420;57/2021;2021_57_519;raidehanke;1
1420;57/2021;2021_57_519;pieni;1
1420;57/2021;2021_57_519;saari;1
1420;57/2021;2021_57_519;rakentaa;1
1420;57/2021;2021_57_519;täysin;2
1420;57/2021;2021_57_519;tarpeeton;1
1420;57/2021;2021_57_519;rautatieverkosto;1
1420;57/2021;2021_57_519;aiempi;1
1420;57/2021;2021_57_519;vuosi;1
1420;57/2021;2021_57_519;sinne;1
1420;57/2021;2021_57_519;pumpata;1
1420;57/2021;2021_57_519;eu-raha;1
1420;57/2021;2021_57_519;moottoritietunneli;1
1420;57/2021;2021_57_519;siltaprojekti;1
1420;57/2021;2021_57_519;nettomaksaja;1
1420;57/2021;2021_57_519;osa;2
1420;57/2021;2021_57_519;maksaa;1
1420;57/2021;2021_57_519;leena;1
1420;57/2021;2021_57_519;meri;1
1420;57/2021;2021_57_519;tietysti;1
1420;57/2021;2021_57_519;kolmas;1
1420;57/2021;2021_57_519;mafiataso;1
1420;57/2021;2021_57_519;italia;2
1420;57/2021;2021_57_519;poliisi;2
1420;57/2021;2021_57_519;mukaan;1
1420;57/2021;2021_57_519;järjestäytyä;1
1420;57/2021;2021_57_519;rikollisuus;1
1420;57/2021;2021_57_519;pitkään;1
1420;57/2021;2021_57_519;etevä;1
1420;57/2021;2021_57_519;imuroida;1
1420;57/2021;2021_57_519;eu-tuki;1
1420;57/2021;2021_57_519;mafianvastainen;1
1420;57/2021;2021_57_519;dia;1
1420;57/2021;2021_57_519;johtaja;1
1420;57/2021;2021_57_519;giuseppe;1
1420;57/2021;2021_57_519;governale;1
1420;57/2021;2021_57_519;ennustaa;1
1420;57/2021;2021_57_519;mafiapomo;1
1420;57/2021;2021_57_519;sukeltaa;1
1420;57/2021;2021_57_519;rahameri;1
1420;57/2021;2021_57_519;kautta;1
1420;57/2021;2021_57_519;enemmän;1
1420;57/2021;2021_57_519;jako;3
1420;57/2021;2021_57_519;sitä;1
1420;57/2021;2021_57_519;pyrkiä;1
1420;57/2021;2021_57_519;eu-hillotolppa;1
1420;57/2021;2021_57_519;kiikari;1
1420;57/2021;2021_57_519;riittävä;1
1420;57/2021;2021_57_519;löysä;1
1420;57/2021;2021_57_519;valmis;3
1420;57/2021;2021_57_519;syöttää;1
1420;57/2021;2021_57_519;pajunköysi;1
1420;57/2021;2021_57_519;äänestäjä;1
1420;57/2021;2021_57_519;kertoa;1
1420;57/2021;2021_57_519;satu;1
1420;57/2021;2021_57_519;luottamuspääoma;1
1420;57/2021;2021_57_519;mainehaitta;1
1420;57/2021;2021_57_519;äänestää;1
1420;57/2021;2021_57_519;järki;1
1420;57/2021;2021_57_519;vailla;1
1420;57/2021;2021_57_519;puolesta;1
1420;57/2021;2021_57_519;mika;1
1420;57/2021;2021_57_519;niikko;1
1420;57/2021;2021_57_519;demari;1
1420;57/2021;2021_57_519;juuri;1
1420;57/2021;2021_57_519;tapahtua;1
1420;57/2021;2021_57_519;silmä;1
1420;57/2021;2021_57_519;edessä;1
1420;57/2021;2021_57_519;eduskunta;1
1420;57/2021;2021_57_519;hyväksyä;3
1420;57/2021;2021_57_519;perussuomalainen;1
1420;57/2021;2021_57_519;iso;1
1420;57/2021;2021_57_519;kansalainen;1
1420;57/2021;2021_57_519;lopuksi;1
1420;57/2021;2021_57_519;haluta;1
1420;57/2021;2021_57_519;kiittää;1
1420;57/2021;2021_57_519;sata;1
1420;57/2021;2021_57_519;kannustusviesti;1
1420;57/2021;2021_57_519;muutama;1
1420;57/2021;2021_57_519;päivä;1
1420;57/2021;2021_57_519;aika;1
1420;57/2021;2021_57_519;lämmittää;1
1420;57/2021;2021_57_519;sydän;1
1420;57/2021;2021_57_519;auttaa;1
1420;57/2021;2021_57_519;jaksaa;1
1420;57/2021;2021_57_519;kiitos;1
1420;65/2021;2021_65_142;arvoisa;4
1420;65/2021;2021_65_142;herra;1
1420;65/2021;2021_65_142;puhemies;4
1420;65/2021;2021_65_142;tapahtuma-ala;6
1420;65/2021;2021_65_142;olla;23
1420;65/2021;2021_65_142;majoitus;1
1420;65/2021;2021_65_142;ja;19
1420;65/2021;2021_65_142;ravintola-ala;1
1420;65/2021;2021_65_142;tapa;4
1420;65/2021;2021_65_142;kaikkein;1
1420;65/2021;2021_65_142;eniten;1
1420;65/2021;2021_65_142;koronarajoitus;4
1420;65/2021;2021_65_142;kärsiä;1
1420;65/2021;2021_65_142;liiketoiminta-ala;1
1420;65/2021;2021_65_142;menetys;1
1420;65/2021;2021_65_142;valtava;2
1420;65/2021;2021_65_142;kun;2
1420;65/2021;2021_65_142;koko;3
1420;65/2021;2021_65_142;ala;3
1420;65/2021;2021_65_142;pysähtyä;1
1420;65/2021;2021_65_142;kuin;2
1420;65/2021;2021_65_142;seinä;1
1420;65/2021;2021_65_142;kaikki;1
1420;65/2021;2021_65_142;liiketoiminta;1
1420;65/2021;2021_65_142;tekeminen;1
1420;65/2021;2021_65_142;edellytys;1
1420;65/2021;2021_65_142;estää;1
1420;65/2021;2021_65_142;valtiovalta;1
1420;65/2021;2021_65_142;päätös;1
1420;65/2021;2021_65_142;tämä;5
1420;65/2021;2021_65_142;sulku;1
1420;65/2021;2021_65_142;rajoitustoimi;1
1420;65/2021;2021_65_142;koskea;1
1420;65/2021;2021_65_142;määrä;1
1420;65/2021;2021_65_142;eri;1
1420;65/2021;2021_65_142;ammattilainen;1
1420;65/2021;2021_65_142;looginen;1
1420;65/2021;2021_65_142;että;7
1420;65/2021;2021_65_142;valtio;1
1420;65/2021;2021_65_142;myös;2
1420;65/2021;2021_65_142;korvata;2
1420;65/2021;2021_65_142;täysimääräisesti;1
1420;65/2021;2021_65_142;tai;4
1420;65/2021;2021_65_142;aina;1
1420;65/2021;2021_65_142;kohtuullinen;1
1420;65/2021;2021_65_142;määrin;1
1420;65/2021;2021_65_142;aiheuttaa;1
1420;65/2021;2021_65_142;tappio;1
1420;65/2021;2021_65_142;vahinko;1
1420;65/2021;2021_65_142;esimerkki;1
1420;65/2021;2021_65_142;voida;1
1420;65/2021;2021_65_142;mainita;1
1420;65/2021;2021_65_142;kunta;1
1420;65/2021;2021_65_142;kohta;1
1420;65/2021;2021_65_142;erittäin;2
1420;65/2021;2021_65_142;avokätisesti;1
1420;65/2021;2021_65_142;koronatappio;1
1420;65/2021;2021_65_142;jo;1
1420;65/2021;2021_65_142;ylikorvata;1
1420;65/2021;2021_65_142;mutta;2
1420;65/2021;2021_65_142;jokin;1
1420;65/2021;2021_65_142;syy;1
1420;65/2021;2021_65_142;ei;3
1420;65/2021;2021_65_142;arvostaa;1
1420;65/2021;2021_65_142;sama;2
1420;65/2021;2021_65_142;julkinen;1
1420;65/2021;2021_65_142;sektori;2
1420;65/2021;2021_65_142;vaikea;2
1420;65/2021;2021_65_142;käsittää;1
1420;65/2021;2021_65_142;työntekijä;1
1420;65/2021;2021_65_142;yrittäjä;2
1420;65/2021;2021_65_142;tarvita;2
1420;65/2021;2021_65_142;säännöllinen;1
1420;65/2021;2021_65_142;tulo;2
1420;65/2021;2021_65_142;selvitä;1
1420;65/2021;2021_65_142;päivittäinen;1
1420;65/2021;2021_65_142;meno;1
1420;65/2021;2021_65_142;kulttuuriala;3
1420;65/2021;2021_65_142;ammattijärjestö;2
1420;65/2021;2021_65_142;vaatia;2
1420;65/2021;2021_65_142;epäkohta;1
1420;65/2021;2021_65_142;korjaaminen;1
1420;65/2021;2021_65_142;vetoomus;1
1420;65/2021;2021_65_142;tehdä;2
1420;65/2021;2021_65_142;muusikko;3
1420;65/2021;2021_65_142;liitto;2
1420;65/2021;2021_65_142;taide;2
1420;65/2021;2021_65_142;teatteri;1
1420;65/2021;2021_65_142;mediatyöntekijä;1
1420;65/2021;2021_65_142;näyttelijäliitto;1
1420;65/2021;2021_65_142;järjestö;2
1420;65/2021;2021_65_142;mukaan;1
1420;65/2021;2021_65_142;epätasa-arvo;1
1420;65/2021;2021_65_142;suhteen;1
1420;65/2021;2021_65_142;jatkua;1
1420;65/2021;2021_65_142;läpi;1
1420;65/2021;2021_65_142;kriisiaika;1
1420;65/2021;2021_65_142;muu;1
1420;65/2021;2021_65_142;toimiala;1
1420;65/2021;2021_65_142;avata;2
1420;65/2021;2021_65_142;nyt;1
1420;65/2021;2021_65_142;tilanne;3
1420;65/2021;2021_65_142;helpottaa;1
1420;65/2021;2021_65_142;exitsuunnitelma;1
1420;65/2021;2021_65_142;mukaisesti;1
1420;65/2021;2021_65_142;kohdella;1
1420;65/2021;2021_65_142;tasa-arvoisesti;1
1420;65/2021;2021_65_142;peruste;1
1420;65/2021;2021_65_142;tapahtumateollisuus;2
1420;65/2021;2021_65_142;ry;1
1420;65/2021;2021_65_142;lausunto;1
1420;65/2021;2021_65_142;hyvin;2
1420;65/2021;2021_65_142;erityisluonne;1
1420;65/2021;2021_65_142;korostaa;1
1420;65/2021;2021_65_142;erilainen;1
1420;65/2021;2021_65_142;yritys;2
1420;65/2021;2021_65_142;huomiointi;1
1420;65/2021;2021_65_142;puute;1
1420;65/2021;2021_65_142;alihankintayritys;1
1420;65/2021;2021_65_142;toiminta;2
1420;65/2021;2021_65_142;perustua;1
1420;65/2021;2021_65_142;se;3
1420;65/2021;2021_65_142;palvella;1
1420;65/2021;2021_65_142;laaja-alainen;1
1420;65/2021;2021_65_142;tapahtuma;4
1420;65/2021;2021_65_142;kenttä;1
1420;65/2021;2021_65_142;vain;1
1420;65/2021;2021_65_142;yksittäinen;3
1420;65/2021;2021_65_142;sisältö;1
1420;65/2021;2021_65_142;toisinpäin;1
1420;65/2021;2021_65_142;sekä;2
1420;65/2021;2021_65_142;musiikkiklubi;1
1420;65/2021;2021_65_142;festivaali;1
1420;65/2021;2021_65_142;kesäteatteri;1
1420;65/2021;2021_65_142;urheilukisa;1
1420;65/2021;2021_65_142;messutapahtuma;1
1420;65/2021;2021_65_142;yritystilaisuus;1
1420;65/2021;2021_65_142;seminaari;1
1420;65/2021;2021_65_142;markkina;1
1420;65/2021;2021_65_142;alihankintaverkosto;1
1420;65/2021;2021_65_142;palvelu;1
1420;65/2021;2021_65_142;tekijä;1
1420;65/2021;2021_65_142;pitkälle;1
1420;65/2021;2021_65_142;erikoistua;1
1420;65/2021;2021_65_142;osaaminen;1
1420;65/2021;2021_65_142;kokea;1
1420;65/2021;2021_65_142;purkaminen;1
1420;65/2021;2021_65_142;lähteä;1
1420;65/2021;2021_65_142;käynti;1
1420;65/2021;2021_65_142;epäreilu;1
1420;65/2021;2021_65_142;paula;1
1420;65/2021;2021_65_142;vesala;1
1420;65/2021;2021_65_142;somepäivitys;1
1420;65/2021;2021_65_142;ihmetellä;1
1420;65/2021;2021_65_142;miksi;1
1420;65/2021;2021_65_142;sata;1
1420;65/2021;2021_65_142;ihminen;1
1420;65/2021;2021_65_142;saada;2
1420;65/2021;2021_65_142;mennä;1
1420;65/2021;2021_65_142;korkeasaari;1
1420;65/2021;2021_65_142;eläintarha;1
1420;65/2021;2021_65_142;katsoa;1
1420;65/2021;2021_65_142;apina;1
1420;65/2021;2021_65_142;jos;1
1420;65/2021;2021_65_142;esiintyjä;1
1420;65/2021;2021_65_142;yleisö;1
1420;65/2021;2021_65_142;rajata;1
1420;65/2021;2021_65_142;kuusi;1
1420;65/2021;2021_65_142;henkilö;1
1420;65/2021;2021_65_142;kieltämättä;1
1420;65/2021;2021_65_142;keksiä;1
1420;65/2021;2021_65_142;mikään;1
1420;65/2021;2021_65_142;järkevä;1
1420;65/2021;2021_65_142;perustelu;1
1420;65/2021;2021_65_142;talousvaliokunta;1
1420;65/2021;2021_65_142;mietintö;1
1420;65/2021;2021_65_142;todeta;1
1420;65/2021;2021_65_142;vaikka;1
1420;65/2021;2021_65_142;korkopandemia;1
1420;65/2021;2021_65_142;liittyä;1
1420;65/2021;2021_65_142;rajoitus;1
1420;65/2021;2021_65_142;suoranaisesti;1
1420;65/2021;2021_65_142;kieltää;1
1420;65/2021;2021_65_142;järjestäminen;2
1420;65/2021;2021_65_142;moni;1
1420;65/2021;2021_65_142;osa;1
1420;65/2021;2021_65_142;vaikeutua;1
1420;65/2021;2021_65_142;estyä;1
1420;65/2021;2021_65_142;tosiasiallisesti;1
1420;65/2021;2021_65_142;kielto;1
1420;65/2021;2021_65_142;rinnastua;1
1420;65/2021;2021_65_142;kotikaupunki;1
1420;65/2021;2021_65_142;tampere;1
1420;65/2021;2021_65_142;tunnettu;1
1420;65/2021;2021_65_142;upea;1
1420;65/2021;2021_65_142;musiikkifestivaali;1
1420;65/2021;2021_65_142;kuten;1
1420;65/2021;2021_65_142;south;1
1420;65/2021;2021_65_142;park;1
1420;65/2021;2021_65_142;sauna;1
1420;65/2021;2021_65_142;tammerfest;1
1420;65/2021;2021_65_142;blockfest;1
1420;65/2021;2021_65_142;tarkoittaa;1
1420;65/2021;2021_65_142;asiakas;1
1420;65/2021;2021_65_142;hotelli;1
1420;65/2021;2021_65_142;ravintola;1
1420;65/2021;2021_65_142;taksi;1
1420;65/2021;2021_65_142;kauppa;1
1420;65/2021;2021_65_142;työllistää;1
1420;65/2021;2021_65_142;vaikutus;1
1420;65/2021;2021_65_142;merkittävä;1
1420;65/2021;2021_65_142;tärkeä;1
1420;65/2021;2021_65_142;ennakoitava;1
1420;65/2021;2021_65_142;turvattu;1
1420;65/2021;2021_65_142;koronakriisi;1
1420;65/2021;2021_65_142;jälkeen;1
1420;65/2021;2021_65_142;alkaa;1
1420;65/2021;2021_65_142;normalisoitua;1
1420;65/2021;2021_65_142;lisäksi;1
1420;65/2021;2021_65_142;muistaa;1
1420;65/2021;2021_65_142;laaja;1
1420;65/2021;2021_65_142;ekosysteemi;1
1420;65/2021;2021_65_142;kuulua;1
1420;65/2021;2021_65_142;alihankkija;1
1420;65/2021;2021_65_142;toiminimi;1
1420;65/2021;2021_65_142;yksi;1
1420;65/2021;2021_65_142;henki;1
1420;65/2021;2021_65_142;ammatinharjoittaja;1
1420;65/2021;2021_65_142;freelancertoimija;1
1420;65/2021;2021_65_142;peruutus;1
1420;65/2021;2021_65_142;sattua;1
1420;65/2021;2021_65_142;todella;1
1420;65/2021;2021_65_142;huono;1
1420;65/2021;2021_65_142;täytyä;2
1420;65/2021;2021_65_142;korjata;2
1420;65/2021;2021_65_142;välittömästi;1
1420;65/2021;2021_65_142;kannattaa;1
1420;65/2021;2021_65_142;edustaja;1
1420;65/2021;2021_65_142;vähämäki;1
1420;65/2021;2021_65_142;epäluottamuslause;1
1420;65/2021;2021_65_142;lausumaehdotus;1
1420;76/2021;2021_76_102;arvoisa;3
1420;76/2021;2021_76_102;herra;1
1420;76/2021;2021_76_102;puhemies;3
1420;76/2021;2021_76_102;esittää;1
1420;76/2021;2021_76_102;perussuomalainen;2
1420;76/2021;2021_76_102;vastalause;2
1420;76/2021;2021_76_102;lausumaehdotus;3
1420;76/2021;2021_76_102;lukea;1
1420;76/2021;2021_76_102;ensin;1
1420;76/2021;2021_76_102;perustelu;2
1420;76/2021;2021_76_102;ja;14
1420;76/2021;2021_76_102;sitten;1
1420;76/2021;2021_76_102;kolme;2
1420;76/2021;2021_76_102;hallitus;5
1420;76/2021;2021_76_102;esitys;2
1420;76/2021;2021_76_102;tarkoitus;1
1420;76/2021;2021_76_102;olla;13
1420;76/2021;2021_76_102;panna;1
1420;76/2021;2021_76_102;täytäntöön;1
1420;76/2021;2021_76_102;uudelleen;1
1420;76/2021;2021_76_102;laatia;1
1420;76/2021;2021_76_102;uusiutuva;6
1420;76/2021;2021_76_102;energia;7
1420;76/2021;2021_76_102;koskea;2
1420;76/2021;2021_76_102;eu;2
1420;76/2021;2021_76_102;red;4
1420;76/2021;2021_76_102;ii;4
1420;76/2021;2021_76_102;direktiivi;3
1420;76/2021;2021_76_102;liikenne;5
1420;76/2021;2021_76_102;edistäminen;1
1420;76/2021;2021_76_102;sääntely;1
1420;76/2021;2021_76_102;osa;2
1420;76/2021;2021_76_102;suomi;5
1420;76/2021;2021_76_102;asettaa;1
1420;76/2021;2021_76_102;selvästi;1
1420;76/2021;2021_76_102;tavoite;2
1420;76/2021;2021_76_102;korkea;2
1420;76/2021;2021_76_102;biopolttoaine;4
1420;76/2021;2021_76_102;käyttötavoite;1
1420;76/2021;2021_76_102;mikä;1
1420;76/2021;2021_76_102;tulla;1
1420;76/2021;2021_76_102;tarpeettomasti;1
1420;76/2021;2021_76_102;nostaa;1
1420;76/2021;2021_76_102;polttoainekustannus;1
1420;76/2021;2021_76_102;absoluuttinen;1
1420;76/2021;2021_76_102;suhteellinen;1
1420;76/2021;2021_76_102;hintataso;1
1420;76/2021;2021_76_102;siten;3
1420;76/2021;2021_76_102;heikentää;2
1420;76/2021;2021_76_102;yritys;2
1420;76/2021;2021_76_102;kilpailukyky;2
1420;76/2021;2021_76_102;laajentaa;1
1420;76/2021;2021_76_102;kansallinen;3
1420;76/2021;2021_76_102;jakeluvelvoite;3
1420;76/2021;2021_76_102;soveltamisala;1
1420;76/2021;2021_76_102;biokaasu;1
1420;76/2021;2021_76_102;muu;2
1420;76/2021;2021_76_102;kuin;1
1420;76/2021;2021_76_102;biologinen;1
1420;76/2021;2021_76_102;alkuperä;1
1420;76/2021;2021_76_102;uusiutua;1
1420;76/2021;2021_76_102;nestemäinen;1
1420;76/2021;2021_76_102;kaasumainen;1
1420;76/2021;2021_76_102;polttoaine;2
1420;76/2021;2021_76_102;tämä;2
1420;76/2021;2021_76_102;kannatettava;1
1420;76/2021;2021_76_102;muutos;1
1420;76/2021;2021_76_102;sillä;2
1420;76/2021;2021_76_102;markkinalähtöisyys;1
1420;76/2021;2021_76_102;tulevaisuus;2
1420;76/2021;2021_76_102;teknologia;1
1420;76/2021;2021_76_102;kehittyminen;1
1420;76/2021;2021_76_102;voida;3
1420;76/2021;2021_76_102;yhdessä;1
1420;76/2021;2021_76_102;tuottaa;1
1420;76/2021;2021_76_102;nyt;1
1420;76/2021;2021_76_102;vaikeasti;1
1420;76/2021;2021_76_102;ennakoida;1
1420;76/2021;2021_76_102;lopputulema;1
1420;76/2021;2021_76_102;perussuomalaiset;1
1420;76/2021;2021_76_102;mieli;1
1420;76/2021;2021_76_102;erityisesti;1
1420;76/2021;2021_76_102;vety;2
1420;76/2021;2021_76_102;nousta;1
1420;76/2021;2021_76_102;nykyinen;1
1420;76/2021;2021_76_102;merkittävä;1
1420;76/2021;2021_76_102;rooli;1
1420;76/2021;2021_76_102;fossiilinen;1
1420;76/2021;2021_76_102;ekologinen;1
1420;76/2021;2021_76_102;korvaaja;1
1420;76/2021;2021_76_102;direktiivin;1
1420;76/2021;2021_76_102;mukaan;1
1420;76/2021;2021_76_102;lähde;1
1420;76/2021;2021_76_102;peräisin;1
1420;76/2021;2021_76_102;osuus;2
1420;76/2021;2021_76_102;vähintään;2
1420;76/2021;2021_76_102;prosentti;3
1420;76/2021;2021_76_102;loppukulutus;2
1420;76/2021;2021_76_102;vuosi;2
1420;76/2021;2021_76_102;linjata;1
1420;76/2021;2021_76_102;vastaava;1
1420;76/2021;2021_76_102;tavoitetaso;2
1420;76/2021;2021_76_102;ympäristö;1
1420;76/2021;2021_76_102;energiapoliittinen;1
1420;76/2021;2021_76_102;ohjelma;1
1420;76/2021;2021_76_102;kirjoittaa;1
1420;76/2021;2021_76_102;seuraavasti;1
1420;76/2021;2021_76_102;polttoneste;1
1420;76/2021;2021_76_102;ei;4
1420;76/2021;2021_76_102;pitää;1
1420;76/2021;2021_76_102;ottaa;1
1420;76/2021;2021_76_102;käyttö;3
1420;76/2021;2021_76_102;eu-maa;1
1420;76/2021;2021_76_102;aikaisemmin;1
1420;76/2021;2021_76_102;tai;2
1420;76/2021;2021_76_102;koska;1
1420;76/2021;2021_76_102;se;1
1420;76/2021;2021_76_102;haitata;1
1420;76/2021;2021_76_102;kohtuuttomasti;1
1420;76/2021;2021_76_102;kuljetusyritys;1
1420;76/2021;2021_76_102;toiminta;1
1420;76/2021;2021_76_102;teollisuus;1
1420;76/2021;2021_76_102;kauppa;1
1420;76/2021;2021_76_102;edellytys;1
1420;76/2021;2021_76_102;liian;1
1420;76/2021;2021_76_102;kireä;1
1420;76/2021;2021_76_102;sekoitevelvollisuus;1
1420;76/2021;2021_76_102;lisäksi;1
1420;76/2021;2021_76_102;kustannusrasite;1
1420;76/2021;2021_76_102;myös;1
1420;76/2021;2021_76_102;kotitalous;3
1420;76/2021;2021_76_102;välttämätön;1
1420;76/2021;2021_76_102;kulu;1
1420;76/2021;2021_76_102;jolloin;1
1420;76/2021;2021_76_102;hinta;2
1420;76/2021;2021_76_102;kohoaminen;1
1420;76/2021;2021_76_102;vähentää;1
1420;76/2021;2021_76_102;liikennemäärä;1
1420;76/2021;2021_76_102;vaan;1
1420;76/2021;2021_76_102;mennä;1
1420;76/2021;2021_76_102;suoraan;1
1420;76/2021;2021_76_102;leikata;1
1420;76/2021;2021_76_102;ostovoima;2
1420;76/2021;2021_76_102;kansantalous;1
1420;76/2021;2021_76_102;dynaamisuus;1
1420;76/2021;2021_76_102;korottaminen;1
1420;76/2021;2021_76_102;sinällään;1
1420;76/2021;2021_76_102;edes;1
1420;76/2021;2021_76_102;varmistaa;1
1420;76/2021;2021_76_102;ympäristötavoite;1
1420;76/2021;2021_76_102;edistyminen;1
1420;76/2021;2021_76_102;tuotanto;1
1420;76/2021;2021_76_102;ympäristövaikutus;1
1420;76/2021;2021_76_102;vaihdella;1
1420;76/2021;2021_76_102;saatavuus;1
1420;76/2021;2021_76_102;rajallinen;1
1420;76/2021;2021_76_102;edellä;1
1420;76/2021;2021_76_102;peruste;1
1420;76/2021;2021_76_102;ehdottaa;1
1420;76/2021;2021_76_102;että;5
1420;76/2021;2021_76_102;lakiehdotus;1
1420;76/2021;2021_76_102;hyväksyä;2
1420;76/2021;2021_76_102;muutoin;1
1420;76/2021;2021_76_102;valiokunta;1
1420;76/2021;2021_76_102;mietintö;1
1420;76/2021;2021_76_102;mukainen;1
1420;76/2021;2021_76_102;mutta;1
1420;76/2021;2021_76_102;lausuma;1
1420;76/2021;2021_76_102;eduskunta;3
1420;76/2021;2021_76_102;edellyttää;3
1420;76/2021;2021_76_102;muuttaa;1
1420;76/2021;2021_76_102;minimitaso;1
1420;76/2021;2021_76_102;selvittää;1
1420;76/2021;2021_76_102;kuinka;1
1420;76/2021;2021_76_102;edistää;1
1420;76/2021;2021_76_102;liikennepolttoainepolttoaine;1
1420;76/2021;2021_76_102;tehdä;1
1420;76/2021;2021_76_102;vetytalous;1
1420;76/2021;2021_76_102;edelläkävijä;1
1420;76/2021;2021_76_102;sekoitevelvoite;1
1420;76/2021;2021_76_102;kiristäminen;1
1420;76/2021;2021_76_102;suomalainen;1
1420;78/2021;2021_78_113;arvoisa;1
1420;78/2021;2021_78_113;puhemies;1
1420;78/2021;2021_78_113;tehdä;1
1420;78/2021;2021_78_113;perussuomalainen;1
1420;78/2021;2021_78_113;vastalause;1
1420;78/2021;2021_78_113;mukainen;1
1420;78/2021;2021_78_113;pykälämuutosehdotus;1
1420;78/2021;2021_78_115;arvoisa;1
1420;78/2021;2021_78_115;puhemies;1
1420;78/2021;2021_78_115;tehdä;1
1420;78/2021;2021_78_115;perussuomalainen;1
1420;78/2021;2021_78_115;vastalause;1
1420;78/2021;2021_78_115;mukainen;1
1420;78/2021;2021_78_115;pykälämuutosehdotus;1
1420;81/2021;2021_81_182;arvoisa;1
1420;81/2021;2021_81_182;rouva;1
1420;81/2021;2021_81_182;puhemies;1
1420;81/2021;2021_81_182;nyt;2
1420;81/2021;2021_81_182;olla;21
1420;81/2021;2021_81_182;käsittely;1
1420;81/2021;2021_81_182;järjestys;1
1420;81/2021;2021_81_182;neljäs;2
1420;81/2021;2021_81_182;kustannustukilaki;4
1420;81/2021;2021_81_182;hallitus;8
1420;81/2021;2021_81_182;esitys;1
1420;81/2021;2021_81_182;se;12
1420;81/2021;2021_81_182;aikainen;1
1420;81/2021;2021_81_182;ei;6
1420;81/2021;2021_81_182;riittävä;2
1420;81/2021;2021_81_182;hyvin;4
1420;81/2021;2021_81_182;valmistella;3
1420;81/2021;2021_81_182;moni;1
1420;81/2021;2021_81_182;korona;1
1420;81/2021;2021_81_182;kärsiä;1
1420;81/2021;2021_81_182;yrittäjä;4
1420;81/2021;2021_81_182;ja;12
1420;81/2021;2021_81_182;yritys;2
1420;81/2021;2021_81_182;saada;3
1420;81/2021;2021_81_182;tuki;5
1420;81/2021;2021_81_182;riittävästi;1
1420;81/2021;2021_81_182;tai;5
1420;81/2021;2021_81_182;tulla;4
1420;81/2021;2021_81_182;oikea;1
1420;81/2021;2021_81_182;aika;4
1420;81/2021;2021_81_182;minä;2
1420;81/2021;2021_81_182;perussuomalainen;1
1420;81/2021;2021_81_182;tämä;6
1420;81/2021;2021_81_182;matka;1
1420;81/2021;2021_81_182;varrella;1
1420;81/2021;2021_81_182;jokainen;1
1420;81/2021;2021_81_182;tehdä;2
1420;81/2021;2021_81_182;muutosehdotus;1
1420;81/2021;2021_81_182;mutta;2
1420;81/2021;2021_81_182;täällä;2
1420;81/2021;2021_81_182;menestyä;1
1420;81/2021;2021_81_182;jälkikäteen;1
1420;81/2021;2021_81_182;kyllä;1
1420;81/2021;2021_81_182;korjailla;1
1420;81/2021;2021_81_182;tekeminen;1
1420;81/2021;2021_81_182;korjata;1
1420;81/2021;2021_81_182;vähän;1
1420;81/2021;2021_81_182;haluta;1
1420;81/2021;2021_81_182;antaa;1
1420;81/2021;2021_81_182;tunnustus;1
1420;81/2021;2021_81_182;myös;4
1420;81/2021;2021_81_182;kokoomus;2
1420;81/2021;2021_81_182;että;18
1420;81/2021;2021_81_182;mukana;1
1420;81/2021;2021_81_182;muutosesitys;1
1420;81/2021;2021_81_182;hyvä;1
1420;81/2021;2021_81_182;sali;2
1420;81/2021;2021_81_182;toinen;1
1420;81/2021;2021_81_182;puolue;1
1420;81/2021;2021_81_182;joka;9
1420;81/2021;2021_81_182;ymmärtää;1
1420;81/2021;2021_81_182;tuska;2
1420;81/2021;2021_81_182;tällainen;1
1420;81/2021;2021_81_182;tilanne;1
1420;81/2021;2021_81_182;kun;1
1420;81/2021;2021_81_182;liiketoiminta;1
1420;81/2021;2021_81_182;sulkea;1
1420;81/2021;2021_81_182;vaikeuttaa;1
1420;81/2021;2021_81_182;merkittävästi;1
1420;81/2021;2021_81_182;yksi;1
1420;81/2021;2021_81_182;syy;1
1420;81/2021;2021_81_182;miksi;1
1420;81/2021;2021_81_182;vasen;2
1420;81/2021;2021_81_182;puoli;2
1420;81/2021;2021_81_182;hävitä;1
1420;81/2021;2021_81_182;vaali;1
1420;81/2021;2021_81_182;vaikka;1
1420;81/2021;2021_81_182;sinä;1
1420;81/2021;2021_81_182;sieltä;1
1420;81/2021;2021_81_182;löytyä;1
1420;81/2021;2021_81_182;ymmärrys;1
1420;81/2021;2021_81_182;niin;1
1420;81/2021;2021_81_182;kuitenkin;1
1420;81/2021;2021_81_182;työntekijä;3
1420;81/2021;2021_81_182;sama;2
1420;81/2021;2021_81_182;pitkä;1
1420;81/2021;2021_81_182;toimi;1
1420;81/2021;2021_81_182;pieni;1
1420;81/2021;2021_81_182;tulo;1
1420;81/2021;2021_81_182;vastalause;1
1420;81/2021;2021_81_182;mukainen;1
1420;81/2021;2021_81_182;lausumaehdotus;2
1420;81/2021;2021_81_182;toivo;1
1420;81/2021;2021_81_182;mukaan;2
1420;81/2021;2021_81_182;sitten;1
1420;81/2021;2021_81_182;siellä;1
1420;81/2021;2021_81_182;kuulua;1
1420;81/2021;2021_81_182;seuraavasti;1
1420;81/2021;2021_81_182;eduskunta;15
1420;81/2021;2021_81_182;edellyttää;14
1420;81/2021;2021_81_182;mahdollistaa;2
1420;81/2021;2021_81_182;aiempi;1
1420;81/2021;2021_81_182;kustannustuki;5
1420;81/2021;2021_81_182;tukikausi;1
1420;81/2021;2021_81_182;uusi;1
1420;81/2021;2021_81_182;haku;1
1420;81/2021;2021_81_182;siten;2
1420;81/2021;2021_81_182;laskennallinen;1
1420;81/2021;2021_81_182;jäädä;2
1420;81/2021;2021_81_182;alle;2
1420;81/2021;2021_81_182;euro;2
1420;81/2021;2021_81_182;liikevaihto;1
1420;81/2021;2021_81_182;raja;1
1420;81/2021;2021_81_182;voida;1
1420;81/2021;2021_81_182;korvaus;1
1420;81/2021;2021_81_182;taannehtivasti;1
1420;81/2021;2021_81_182;joko;1
1420;81/2021;2021_81_182;aiemmin;1
1420;81/2021;2021_81_182;hylätä;1
1420;81/2021;2021_81_182;hakemus;2
1420;81/2021;2021_81_182;uudelleen;2
1420;81/2021;2021_81_182;jättää;1
1420;81/2021;2021_81_182;nojalla;1
1420;81/2021;2021_81_182;ravintolasulku;1
1420;81/2021;2021_81_182;jälkeinen;1
1420;81/2021;2021_81_182;säännös;1
1420;81/2021;2021_81_182;ravitsemisliike;2
1420;81/2021;2021_81_182;avaaminen;1
1420;81/2021;2021_81_182;kannattavasti;1
1420;81/2021;2021_81_182;erityyppinen;1
1420;81/2021;2021_81_182;riskiprofiili;1
1420;81/2021;2021_81_182;huomioida;2
1420;81/2021;2021_81_182;anniskelu;1
1420;81/2021;2021_81_182;arvonlisävero;1
1420;81/2021;2021_81_182;alentaa;1
1420;81/2021;2021_81_182;tilapäisesti;2
1420;81/2021;2021_81_182;prosentti;2
1420;81/2021;2021_81_182;viini;1
1420;81/2021;2021_81_182;ulosmyynti;1
1420;81/2021;2021_81_182;sallia;1
1420;81/2021;2021_81_182;anniskeluoikeus;1
1420;81/2021;2021_81_182;omata;1
1420;81/2021;2021_81_182;ravintola;1
1420;81/2021;2021_81_182;ympärivuotinen;1
1420;81/2021;2021_81_182;säännöllisesti;1
1420;81/2021;2021_81_182;järjestää;1
1420;81/2021;2021_81_182;tapahtuma;2
1420;81/2021;2021_81_182;lukea;1
1420;81/2021;2021_81_182;tapahtumatakuu;2
1420;81/2021;2021_81_182;piiri;3
1420;81/2021;2021_81_182;laajentaa;1
1420;81/2021;2021_81_182;toimija;1
1420;81/2021;2021_81_182;arvonlisäverovelvollisuus;1
1420;81/2021;2021_81_182;ulkopuolella;1
1420;81/2021;2021_81_182;suuri;1
1420;81/2021;2021_81_182;musiikkifestivaali;1
1420;81/2021;2021_81_182;järjestäjä;1
1420;81/2021;2021_81_182;jo;1
1420;81/2021;2021_81_182;ennen;1
1420;81/2021;2021_81_182;voimaantulo;1
1420;81/2021;2021_81_182;perua;1
1420;81/2021;2021_81_182;kesä;1
1420;81/2021;2021_81_182;tilaisuus;1
1420;81/2021;2021_81_182;varmistaa;1
1420;81/2021;2021_81_182;tapa;1
1420;81/2021;2021_81_182;kuin;1
1420;81/2021;2021_81_182;vuosi;1
1420;81/2021;2021_81_182;tapahtumatuki;1
1420;81/2021;2021_81_182;kattaa;1
1420;81/2021;2021_81_182;ennakkovalmistelu;1
1420;81/2021;2021_81_182;syntyä;1
1420;81/2021;2021_81_182;todentaa;1
1420;81/2021;2021_81_182;kustannus;1
1420;81/2021;2021_81_182;valtioneuvosto;1
1420;81/2021;2021_81_182;tuoda;2
1420;81/2021;2021_81_182;ripeästi;1
1420;81/2021;2021_81_182;kohdistua;2
1420;81/2021;2021_81_182;syyskausi;1
1420;81/2021;2021_81_182;epävarmuus;1
1420;81/2021;2021_81_182;vähentää;1
1420;81/2021;2021_81_182;tiedottaa;2
1420;81/2021;2021_81_182;mahdollimman;1
1420;81/2021;2021_81_182;varhainen;1
1420;81/2021;2021_81_182;vaihe;1
1420;81/2021;2021_81_182;epidemiologinen;1
1420;81/2021;2021_81_182;luku;1
1420;81/2021;2021_81_182;taso;1
1420;81/2021;2021_81_182;rajoitus;1
1420;81/2021;2021_81_182;kaavailla;1
1420;81/2021;2021_81_182;lisätä;1
1420;81/2021;2021_81_182;purkaa;1
1420;81/2021;2021_81_182;samaten;1
1420;81/2021;2021_81_182;tuleva;2
1420;81/2021;2021_81_182;tukiohjelma;1
1420;81/2021;2021_81_182;tavoite;1
1420;81/2021;2021_81_182;nykyinen;1
1420;81/2021;2021_81_182;siirtyä;1
1420;81/2021;2021_81_182;asti;1
1420;81/2021;2021_81_182;käyttää;1
1420;81/2021;2021_81_182;takautua;1
1420;81/2021;2021_81_182;malli;1
1420;81/2021;2021_81_182;tukijakso;1
1420;81/2021;2021_81_182;tulevaisuus;1
1420;81/2021;2021_81_182;alkaa;1
1420;81/2021;2021_81_182;painottaa;1
1420;81/2021;2021_81_182;työllisyys;1
1420;81/2021;2021_81_182;merkitys;1
1420;81/2021;2021_81_182;luokitella;1
1420;81/2021;2021_81_182;palkka;1
1420;81/2021;2021_81_182;kulu;1
1420;81/2021;2021_81_182;mahdollinen;1
1420;81/2021;2021_81_182;huolehtia;1
1420;81/2021;2021_81_182;tapahtumateollisuus;1
1420;81/2021;2021_81_182;saattaminen;1
1420;81/2021;2021_81_182;sulkemiskorvaus;1
1420;81/2021;2021_81_182;korottaa;1
1420;81/2021;2021_81_182;tukikatto;1
1420;81/2021;2021_81_182;mahdollisuus;1
1420;81/2021;2021_81_182;alv-pohjainen;1
1420;81/2021;2021_81_182;kannattavuusmittari;1
1420;81/2021;2021_81_182;heikkous;1
1420;81/2021;2021_81_182;esimerkiksi;1
1420;81/2021;2021_81_182;muotiala;1
1420;81/2021;2021_81_182;osa;1
1420;81/2021;2021_81_182;pyrkiä;1
1420;81/2021;2021_81_182;harkinnanvaraisuus;1
1420;81/2021;2021_81_182;jousto;1
1420;81/2021;2021_81_182;tukimekanismi;1
1420;81/2021;2021_81_182;kiitos;1
1420;81/2021;2021_81_196;arvoisa;1
1420;81/2021;2021_81_196;rouva;1
1420;81/2021;2021_81_196;puhemies;1
1420;81/2021;2021_81_196;kannattaa;1
1420;92/2021;2021_92_176;arvoisa;1
1420;92/2021;2021_92_176;herra;1
1420;92/2021;2021_92_176;puhemies;1
1420;92/2021;2021_92_176;tämä;2
1420;92/2021;2021_92_176;hallitus;4
1420;92/2021;2021_92_176;esitys;1
1420;92/2021;2021_92_176;näyttää;1
1420;92/2021;2021_92_176;taas;1
1420;92/2021;2021_92_176;askel;1
1420;92/2021;2021_92_176;liittovaltio;2
1420;92/2021;2021_92_176;suunta;1
1420;92/2021;2021_92_176;pankki;3
1420;92/2021;2021_92_176;yhteinen;2
1420;92/2021;2021_92_176;kriisiratkaisurahasto;1
1420;92/2021;2021_92_176;kautta;1
1420;92/2021;2021_92_176;euromaa;1
1420;92/2021;2021_92_176;olla;10
1420;92/2021;2021_92_176;jo;1
1420;92/2021;2021_92_176;yhteisvastuullinen;1
1420;92/2021;2021_92_176;toinen;1
1420;92/2021;2021_92_176;kuvitella;1
1420;92/2021;2021_92_176;että;4
1420;92/2021;2021_92_176;tarpeeksi;1
1420;92/2021;2021_92_176;iso;1
1420;92/2021;2021_92_176;kriisi;1
1420;92/2021;2021_92_176;tuo;1
1420;92/2021;2021_92_176;kassa;2
1420;92/2021;2021_92_176;ei;9
1420;92/2021;2021_92_176;riittää;1
1420;92/2021;2021_92_176;jolloin;1
1420;92/2021;2021_92_176;pelastaminen;1
1420;92/2021;2021_92_176;tarvita;2
1420;92/2021;2021_92_176;evm;2
1420;92/2021;2021_92_176;vara;1
1420;92/2021;2021_92_176;siksi;1
1420;92/2021;2021_92_176;hakea;1
1420;92/2021;2021_92_176;nyt;1
1420;92/2021;2021_92_176;takaus;2
1420;92/2021;2021_92_176;eli;1
1420;92/2021;2021_92_176;suomalainen;1
1420;92/2021;2021_92_176;veronmaksaja;1
1420;92/2021;2021_92_176;minä;5
1420;92/2021;2021_92_176;sanoa;4
1420;92/2021;2021_92_176;kaikki;1
1420;92/2021;2021_92_176;voida;3
1420;92/2021;2021_92_176;aina;2
1420;92/2021;2021_92_176;suomi;1
1420;92/2021;2021_92_176;lähes;1
1420;92/2021;2021_92_176;koskaan;1
1420;92/2021;2021_92_176;mikään;1
1420;92/2021;2021_92_176;mikä;2
1420;92/2021;2021_92_176;eu;2
1420;92/2021;2021_92_176;syöttää;1
1420;92/2021;2021_92_176;itsenäisyys;1
1420;92/2021;2021_92_176;murentaminen;1
1420;92/2021;2021_92_176;kyllä;1
1420;92/2021;2021_92_176;ja;2
1420;92/2021;2021_92_176;kokoomus;1
1420;92/2021;2021_92_176;joskus;1
1420;92/2021;2021_92_176;edes;1
1420;92/2021;2021_92_176;kerran;1
1420;92/2021;2021_92_176;jokin;1
1420;92/2021;2021_92_176;kun;2
1420;92/2021;2021_92_176;vedättää;1
1420;92/2021;2021_92_176;ihan;1
1420;92/2021;2021_92_176;vaikka;1
1420;92/2021;2021_92_176;koe;1
1420;92/2021;2021_92_176;sellainen;1
1420;92/2021;2021_92_176;tuntua;1
1420;92/2021;2021_92_176;väittää;1
1420;92/2021;2021_92_176;myös;2
1420;92/2021;2021_92_176;tarkkarajainen;1
1420;92/2021;2021_92_176;kokonaisuus;1
1420;92/2021;2021_92_176;niin;2
1420;92/2021;2021_92_176;se;2
1420;92/2021;2021_92_176;muka;1
1420;92/2021;2021_92_176;kunnes;1
1420;92/2021;2021_92_176;enää;1
1420;92/2021;2021_92_176;järjestelmä;1
1420;92/2021;2021_92_176;piikki;1
1420;92/2021;2021_92_176;saada;1
1420;92/2021;2021_92_176;perustaa;1
1420;92/2021;2021_92_176;myöhemmin;1
1420;92/2021;2021_92_176;muuttaa;1
1420;92/2021;2021_92_176;koko;1
1420;92/2021;2021_92_176;sallittu;1
1420;92/2021;2021_92_176;käyttötapa;1
1420;92/2021;2021_92_176;kuten;1
1420;92/2021;2021_92_176;parhaillaan;1
1420;92/2021;2021_92_176;tehdä;1
1420;92/2021;2021_92_176;elpymispaketti;1
1420;92/2021;2021_92_176;hämmästyttää;1
1420;92/2021;2021_92_176;täällä;1
1420;92/2021;2021_92_176;yhtään;1
1420;92/2021;2021_92_176;ministeri;3
1420;92/2021;2021_92_176;paikka;2
1420;92/2021;2021_92_176;ilmeisesti;1
1420;92/2021;2021_92_176;muu;1
1420;92/2021;2021_92_176;kiire;1
1420;92/2021;2021_92_176;tai;1
1420;92/2021;2021_92_176;sitten;1
1420;92/2021;2021_92_176;pelätä;1
1420;92/2021;2021_92_176;vastata;2
1420;92/2021;2021_92_176;kritiikki;1
1420;92/2021;2021_92_176;vasen;1
1420;92/2021;2021_92_176;bujettiriihi;1
1420;92/2021;2021_92_176;no;1
1420;92/2021;2021_92_176;ehkä;1
1420;92/2021;2021_92_176;yksi;1
1420;92/2021;2021_92_176;ehtiä;1
1420;92/2021;2021_92_176;sieltä;1
1420;92/2021;2021_92_176;näin;1
1420;92/2021;2021_92_176;tärkeä;1
1420;92/2021;2021_92_176;asia;1
1420;92/2021;2021_92_176;pitää;1
1420;92/2021;2021_92_176;mennä;1
1420;92/2021;2021_92_176;piilo;1
1420;92/2021;2021_92_176;vaan;1
1420;92/2021;2021_92_176;tulla;1
1420;92/2021;2021_92_176;tänne;1
1420;92/2021;2021_92_176;tekeminen;1
1420;92/2021;2021_92_176;kiitos;1
1420;96/2021;2021_96_103;arvoisa;1
1420;96/2021;2021_96_103;puhemies;1
1420;96/2021;2021_96_103;käsittely;1
1420;96/2021;2021_96_103;olla;18
1420;96/2021;2021_96_103;kehityspolitiikka;1
1420;96/2021;2021_96_103;ylivaalikautinen;1
1420;96/2021;2021_96_103;selonteko;1
1420;96/2021;2021_96_103;tämä;8
1420;96/2021;2021_96_103;aikaisemmin;1
1420;96/2021;2021_96_103;edustaja;1
1420;96/2021;2021_96_103;hassi;1
1420;96/2021;2021_96_103;sanoa;3
1420;96/2021;2021_96_103;että;5
1420;96/2021;2021_96_103;väestönkasvu;1
1420;96/2021;2021_96_103;ei;4
1420;96/2021;2021_96_103;enää;1
1420;96/2021;2021_96_103;ongelma;2
1420;96/2021;2021_96_103;muualla;1
1420;96/2021;2021_96_103;kuin;1
1420;96/2021;2021_96_103;sahara;2
1420;96/2021;2021_96_103;eteläpuolinen;1
1420;96/2021;2021_96_103;afrikka;2
1420;96/2021;2021_96_103;kyllä;1
1420;96/2021;2021_96_103;se;8
1420;96/2021;2021_96_103;erittäin;1
1420;96/2021;2021_96_103;moni;2
1420;96/2021;2021_96_103;muu;1
1420;96/2021;2021_96_103;maa;2
1420;96/2021;2021_96_103;esimerkiksi;1
1420;96/2021;2021_96_103;afganistan;1
1420;96/2021;2021_96_103;irak;1
1420;96/2021;2021_96_103;iran;1
1420;96/2021;2021_96_103;pakistan;1
1420;96/2021;2021_96_103;ja;4
1420;96/2021;2021_96_103;niin;2
1420;96/2021;2021_96_103;edelleen;1
1420;96/2021;2021_96_103;sitten;1
1420;96/2021;2021_96_103;täällä;1
1420;96/2021;2021_96_103;aika;2
1420;96/2021;2021_96_103;paljon;1
1420;96/2021;2021_96_103;viitata;2
1420;96/2021;2021_96_103;erilainen;1
1420;96/2021;2021_96_103;kirja;6
1420;96/2021;2021_96_103;itse;2
1420;96/2021;2021_96_103;eräs;1
1420;96/2021;2021_96_103;joka;2
1420;96/2021;2021_96_103;kirjoittaa;2
1420;96/2021;2021_96_103;eläke;1
1420;96/2021;2021_96_103;siirtyä;1
1420;96/2021;2021_96_103;suurlähettiläs;1
1420;96/2021;2021_96_103;matti;2
1420;96/2021;2021_96_103;kääriäinen;5
1420;96/2021;2021_96_103;nimi;1
1420;96/2021;2021_96_103;kehitysavu;3
1420;96/2021;2021_96_103;kirous;1
1420;96/2021;2021_96_103;lainata;1
1420;96/2021;2021_96_103;haastattelu;1
1420;96/2021;2021_96_103;julkaisu;1
1420;96/2021;2021_96_103;kehitysapuhanke;1
1420;96/2021;2021_96_103;kestää;1
1420;96/2021;2021_96_103;jo;3
1420;96/2021;2021_96_103;vuosi;2
1420;96/2021;2021_96_103;mutta;1
1420;96/2021;2021_96_103;vaikutus;1
1420;96/2021;2021_96_103;vaivautua;1
1420;96/2021;2021_96_103;arvioida;1
1420;96/2021;2021_96_103;jälkikäteen;1
1420;96/2021;2021_96_103;tietää;1
1420;96/2021;2021_96_103;henkilökohtaisesti;1
1420;96/2021;2021_96_103;hanke;1
1420;96/2021;2021_96_103;jäljellä;1
1420;96/2021;2021_96_103;yhtään;1
1420;96/2021;2021_96_103;mikään;1
1420;96/2021;2021_96_103;ulkoasianeuvos;1
1420;96/2021;2021_96_103;lainaus;1
1420;96/2021;2021_96_103;jatkua;1
1420;96/2021;2021_96_103;äärimmäinen;2
1420;96/2021;2021_96_103;köyhyys;2
1420;96/2021;2021_96_103;lisääntyä;1
1420;96/2021;2021_96_103;etelänpuoleinen;1
1420;96/2021;2021_96_103;kehitysyhteistyö;2
1420;96/2021;2021_96_103;kohde;1
1420;96/2021;2021_96_103;pääsyy;1
1420;96/2021;2021_96_103;todellinen;1
1420;96/2021;2021_96_103;yhteinen;1
1420;96/2021;2021_96_103;sitoutuminen;1
1420;96/2021;2021_96_103;poistaminen;1
1420;96/2021;2021_96_103;vähentäminen;1
1420;96/2021;2021_96_103;hän;3
1420;96/2021;2021_96_103;mukaan;1
1420;96/2021;2021_96_103;yksi;1
1420;96/2021;2021_96_103;liittyä;1
1420;96/2021;2021_96_103;myytti;1
1420;96/2021;2021_96_103;voida;1
1420;96/2021;2021_96_103;vaikuttaa;1
1420;96/2021;2021_96_103;kohdemaa;1
1420;96/2021;2021_96_103;demokratia;1
1420;96/2021;2021_96_103;hyvä;1
1420;96/2021;2021_96_103;hallinto;1
1420;96/2021;2021_96_103;ihmisoikeus;1
1420;96/2021;2021_96_103;vahvistaminen;1
1420;96/2021;2021_96_103;käytäntö;1
1420;96/2021;2021_96_103;pyrkimys;1
1420;96/2021;2021_96_103;länsimainen;1
1420;96/2021;2021_96_103;demokratiakäytäntö;1
1420;96/2021;2021_96_103;luominen;1
1420;96/2021;2021_96_103;köyhä;1
1420;96/2021;2021_96_103;kehitysmaa;1
1420;96/2021;2021_96_103;tuottaa;1
1420;96/2021;2021_96_103;päinvastainen;1
1420;96/2021;2021_96_103;tulos;2
1420;96/2021;2021_96_103;todeta;1
1420;96/2021;2021_96_103;ministeri;1
1420;96/2021;2021_96_103;ehtiä;1
1420;96/2021;2021_96_103;lähteä;1
1420;96/2021;2021_96_103;kysyä;1
1420;96/2021;2021_96_103;hää;1
1420;96/2021;2021_96_103;kun;1
1420;96/2021;2021_96_103;nyt;1
1420;96/2021;2021_96_103;kokemus;1
1420;96/2021;2021_96_103;aihe;1
1420;96/2021;2021_96_103;oikea;1
1420;96/2021;2021_96_103;mikä;1
1420;96/2021;2021_96_103;kertoa;1
1420;96/2021;2021_96_103;kiitos;1
1420;96/2021;2021_96_143;arvoisa;2
1420;96/2021;2021_96_143;rouva;1
1420;96/2021;2021_96_143;puhemies;2
1420;96/2021;2021_96_143;tämä;6
1420;96/2021;2021_96_143;edustaja;1
1420;96/2021;2021_96_143;pia;1
1420;96/2021;2021_96_143;kauma;1
1420;96/2021;2021_96_143;esitellä;1
1420;96/2021;2021_96_143;lakialoite;2
1420;96/2021;2021_96_143;olla;18
1420;96/2021;2021_96_143;erittäin;2
1420;96/2021;2021_96_143;järkevä;1
1420;96/2021;2021_96_143;ja;4
1420;96/2021;2021_96_143;kannatettava;1
1420;96/2021;2021_96_143;käsittely;1
1420;96/2021;2021_96_143;siis;3
1420;96/2021;2021_96_143;ravintolapalvelu;2
1420;96/2021;2021_96_143;yhteys;1
1420;96/2021;2021_96_143;myydä;1
1420;96/2021;2021_96_143;alkoholijuoma;6
1420;96/2021;2021_96_143;arvonlisävero;1
1420;96/2021;2021_96_143;alentaminen;1
1420;96/2021;2021_96_143;prosentti;3
1420;96/2021;2021_96_143;kuten;2
1420;96/2021;2021_96_143;tietää;2
1420;96/2021;2021_96_143;koronantorjuntatoimi;1
1420;96/2021;2021_96_143;aiheuttaa;2
1420;96/2021;2021_96_143;suuri;2
1420;96/2021;2021_96_143;tappio;2
1420;96/2021;2021_96_143;ravintola-ala;2
1420;96/2021;2021_96_143;yritys;1
1420;96/2021;2021_96_143;korona;1
1420;96/2021;2021_96_143;tietysti;1
1420;96/2021;2021_96_143;pitää;5
1420;96/2021;2021_96_143;torjua;1
1420;96/2021;2021_96_143;mutta;1
1420;96/2021;2021_96_143;sama;1
1420;96/2021;2021_96_143;aika;1
1420;96/2021;2021_96_143;myös;1
1420;96/2021;2021_96_143;korvata;1
1420;96/2021;2021_96_143;rajoitustoimi;1
1420;96/2021;2021_96_143;aiheutua;1
1420;96/2021;2021_96_143;riittävästi;1
1420;96/2021;2021_96_143;näin;1
1420;96/2021;2021_96_143;ei;1
1420;96/2021;2021_96_143;tapahtua;2
1420;96/2021;2021_96_143;eu;2
1420;96/2021;2021_96_143;hyväksyä;1
1420;96/2021;2021_96_143;direktiivi;1
1420;96/2021;2021_96_143;muutos;2
1420;96/2021;2021_96_143;jo;2
1420;96/2021;2021_96_143;maaliskuu;1
1420;96/2021;2021_96_143;se;4
1420;96/2021;2021_96_143;palvelu;1
1420;96/2021;2021_96_143;piiri;1
1420;96/2021;2021_96_143;joka;1
1420;96/2021;2021_96_143;voida;2
1420;96/2021;2021_96_143;soveltaa;1
1420;96/2021;2021_96_143;alentaa;2
1420;96/2021;2021_96_143;arvonlisäverokanta;1
1420;96/2021;2021_96_143;kädenojennus;1
1420;96/2021;2021_96_143;suunta;2
1420;96/2021;2021_96_143;eli;1
1420;96/2021;2021_96_143;alv-alennus;1
1420;96/2021;2021_96_143;suomi;8
1420;96/2021;2021_96_143;oma;1
1420;96/2021;2021_96_143;eduskunta;1
1420;96/2021;2021_96_143;päätösvalta;1
1420;96/2021;2021_96_143;tärkeä;1
1420;96/2021;2021_96_143;verotus;6
1420;96/2021;2021_96_143;anniskeluravintola;1
1420;96/2021;2021_96_143;mieli;2
1420;96/2021;2021_96_143;alennus;1
1420;96/2021;2021_96_143;jäädä;1
1420;96/2021;2021_96_143;pysyvä;1
1420;96/2021;2021_96_143;kaikki;1
1420;96/2021;2021_96_143;oudosti;1
1420;96/2021;2021_96_143;käyttäytyä;1
1420;96/2021;2021_96_143;maa;4
1420;96/2021;2021_96_143;että;3
1420;96/2021;2021_96_143;alkoholi;1
1420;96/2021;2021_96_143;juoda;1
1420;96/2021;2021_96_143;kotona;1
1420;96/2021;2021_96_143;minä;2
1420;96/2021;2021_96_143;melko;1
1420;96/2021;2021_96_143;kehittymätön;1
1420;96/2021;2021_96_143;ravintolakulttuuri;2
1420;96/2021;2021_96_143;moni;2
1420;96/2021;2021_96_143;muu;1
1420;96/2021;2021_96_143;verrata;3
1420;96/2021;2021_96_143;toinen;1
1420;96/2021;2021_96_143;kummallisuus;1
1420;96/2021;2021_96_143;matkustajatuonti;1
1420;96/2021;2021_96_143;kaksi;1
1420;96/2021;2021_96_143;kerta;2
1420;96/2021;2021_96_143;ravintola;1
1420;96/2021;2021_96_143;anniskelu;1
1420;96/2021;2021_96_143;nähden;1
1420;96/2021;2021_96_143;täytyä;1
1420;96/2021;2021_96_143;saada;1
1420;96/2021;2021_96_143;keventää;2
1420;96/2021;2021_96_143;eurooppalainen;2
1420;96/2021;2021_96_143;taso;1
1420;96/2021;2021_96_143;erityisesti;2
1420;96/2021;2021_96_143;olut;4
1420;96/2021;2021_96_143;verottaa;1
1420;96/2021;2021_96_143;ankaristi;1
1420;96/2021;2021_96_143;koko;1
1420;96/2021;2021_96_143;panimoliitto;1
1420;96/2021;2021_96_143;mukaan;1
1420;96/2021;2021_96_143;viro;1
1420;96/2021;2021_96_143;olutvero;1
1420;96/2021;2021_96_143;kaksinkertainen;1
1420;96/2021;2021_96_143;saksa;1
1420;96/2021;2021_96_143;lähes;1
1420;96/2021;2021_96_143;kertainen;1
1420;96/2021;2021_96_143;korkea;1
1420;96/2021;2021_96_143;juoma;1
1420;96/2021;2021_96_143;kallis;3
1420;96/2021;2021_96_143;matkailumaa;1
1420;96/2021;2021_96_143;maine;2
1420;96/2021;2021_96_143;kun;2
1420;96/2021;2021_96_143;keskieurooppalainen;1
1420;96/2021;2021_96_143;tura;1
1420;96/2021;2021_96_143;tulla;1
1420;96/2021;2021_96_143;havaita;1
1420;96/2021;2021_96_143;laadukas;1
1420;96/2021;2021_96_143;maksaa;1
1420;96/2021;2021_96_143;neljä;1
1420;96/2021;2021_96_143;tai;1
1420;96/2021;2021_96_143;viisi;1
1420;96/2021;2021_96_143;enemmän;1
1420;96/2021;2021_96_143;kuin;1
1420;96/2021;2021_96_143;kotimaa;1
1420;96/2021;2021_96_143;lähteä;1
1420;96/2021;2021_96_143;saman;1
1420;96/2021;2021_96_143;tien;1
1420;96/2021;2021_96_143;someviesti;1
1420;96/2021;2021_96_143;ystävä;1
1420;96/2021;2021_96_143;jäätävä;1
1420;96/2021;2021_96_143;jättää;1
1420;96/2021;2021_96_143;matkustaa;1
1420;96/2021;2021_96_143;koska;1
1420;96/2021;2021_96_143;huomioida;1
1420;96/2021;2021_96_143;säätää;1
1420;96/2021;2021_96_143;vihdoin;1
1420;96/2021;2021_96_143;siirtyä;1
1420;96/2021;2021_96_143;selvästi;1
1420;96/2021;2021_96_143;matala;1
1420;96/2021;2021_96_143;lähetekeskustelu;1
1420;96/2021;2021_96_143;toteutua;1
1420;96/2021;2021_96_143;askel;1
1420;96/2021;2021_96_143;kiitos;1
1420;98/2021;2021_98_241;arvoisa;4
1420;98/2021;2021_98_241;puhemies;4
1420;98/2021;2021_98_241;tänään;2
1420;98/2021;2021_98_241;käsittely;1
1420;98/2021;2021_98_241;olla;28
1420;98/2021;2021_98_241;esitys;1
1420;98/2021;2021_98_241;eurooppa;3
1420;98/2021;2021_98_241;vakausmekanismi;1
1420;98/2021;2021_98_241;evm;2
1420;98/2021;2021_98_241;ryhtyä;1
1420;98/2021;2021_98_241;pankki;5
1420;98/2021;2021_98_241;viimesijainen;1
1420;98/2021;2021_98_241;tukija;1
1420;98/2021;2021_98_241;jos;4
1420;98/2021;2021_98_241;kaikki;1
1420;98/2021;2021_98_241;vuosi;3
1420;98/2021;2021_98_241;varrella;1
1420;98/2021;2021_98_241;kerätä;1
1420;98/2021;2021_98_241;kriisikassamaksu;1
1420;98/2021;2021_98_241;ei;11
1420;98/2021;2021_98_241;riittää;1
1420;98/2021;2021_98_241;pelastaa;1
1420;98/2021;2021_98_241;maksaja;4
1420;98/2021;2021_98_241;päätyä;2
1420;98/2021;2021_98_241;eli;3
1420;98/2021;2021_98_241;eurooppalainen;1
1420;98/2021;2021_98_241;veronmaksaja;2
1420;98/2021;2021_98_241;kun;6
1420;98/2021;2021_98_241;välimeri;1
1420;98/2021;2021_98_241;maa;2
1420;98/2021;2021_98_241;koronapoikkeustoimi;1
1420;98/2021;2021_98_241;jälkeen;1
1420;98/2021;2021_98_241;kriisiytyä;1
1420;98/2021;2021_98_241;ensin;1
1420;98/2021;2021_98_241;suomalainen;3
1420;98/2021;2021_98_241;asia;4
1420;98/2021;2021_98_241;hyvin;1
1420;98/2021;2021_98_241;hoitaa;1
1420;98/2021;2021_98_241;maksaa;3
1420;98/2021;2021_98_241;itse;2
1420;98/2021;2021_98_241;kipeä;1
1420;98/2021;2021_98_241;se;11
1420;98/2021;2021_98_241;pystyä;1
1420;98/2021;2021_98_241;enempää;1
1420;98/2021;2021_98_241;loppu;1
1420;98/2021;2021_98_241;suomi;10
1420;98/2021;2021_98_241;rooli;1
1420;98/2021;2021_98_241;eu;4
1420;98/2021;2021_98_241;mikään;3
1420;98/2021;2021_98_241;tämä;11
1420;98/2021;2021_98_241;uusi;1
1420;98/2021;2021_98_241;yhteisvaluutta;2
1420;98/2021;2021_98_241;luoda;1
1420;98/2021;2021_98_241;euro;7
1420;98/2021;2021_98_241;perustaminen;1
1420;98/2021;2021_98_241;johtaa;1
1420;98/2021;2021_98_241;werner-raportti;1
1420;98/2021;2021_98_241;kertoa;2
1420;98/2021;2021_98_241;että;12
1420;98/2021;2021_98_241;talous;1
1420;98/2021;2021_98_241;ja;14
1420;98/2021;2021_98_241;rahaliitto;2
1420;98/2021;2021_98_241;toimia;2
1420;98/2021;2021_98_241;hiiva;1
1420;98/2021;2021_98_241;poliittinen;1
1420;98/2021;2021_98_241;unioni;1
1420;98/2021;2021_98_241;syntyminen;1
1420;98/2021;2021_98_241;joka;3
1420;98/2021;2021_98_241;ilman;2
1420;98/2021;2021_98_241;yhteinen;4
1420;98/2021;2021_98_241;raha;2
1420;98/2021;2021_98_241;voida;4
1420;98/2021;2021_98_241;selvitä;1
1420;98/2021;2021_98_241;jo;1
1420;98/2021;2021_98_241;sitten;1
1420;98/2021;2021_98_241;tietää;1
1420;98/2021;2021_98_241;kestää;1
1420;98/2021;2021_98_241;liittovaltio;5
1420;98/2021;2021_98_241;mutta;1
1420;98/2021;2021_98_241;poliittisesti;1
1420;98/2021;2021_98_241;mahdoton;1
1420;98/2021;2021_98_241;siksi;1
1420;98/2021;2021_98_241;ajatella;1
1420;98/2021;2021_98_241;kriisi;1
1420;98/2021;2021_98_241;varjolla;1
1420;98/2021;2021_98_241;askel;2
1420;98/2021;2021_98_241;toteuttaa;1
1420;98/2021;2021_98_241;vastoin;2
1420;98/2021;2021_98_241;äänestäjä;2
1420;98/2021;2021_98_241;tahto;1
1420;98/2021;2021_98_241;vaalipuhe;1
1420;98/2021;2021_98_241;minä;6
1420;98/2021;2021_98_241;syöttää;1
1420;98/2021;2021_98_241;pajunköysi;1
1420;98/2021;2021_98_241;silmä;1
1420;98/2021;2021_98_241;räpäyttää;1
1420;98/2021;2021_98_241;demari;1
1420;98/2021;2021_98_241;vihreä;1
1420;98/2021;2021_98_241;vasemmisto;1
1420;98/2021;2021_98_241;kelvata;1
1420;98/2021;2021_98_241;koska;1
1420;98/2021;2021_98_241;kyse;1
1420;98/2021;2021_98_241;velka;4
1420;98/2021;2021_98_241;alamaisuus;1
1420;98/2021;2021_98_241;rakentaa;2
1420;98/2021;2021_98_241;suurvaltaprojekti;1
1420;98/2021;2021_98_241;sdp;1
1420;98/2021;2021_98_241;puheenjohtaja;2
1420;98/2021;2021_98_241;pääministeri;1
1420;98/2021;2021_98_241;paavo;1
1420;98/2021;2021_98_241;lipponen;1
1420;98/2021;2021_98_241;juntata;1
1420;98/2021;2021_98_241;luku;1
1420;98/2021;2021_98_241;euromaa;2
1420;98/2021;2021_98_241;niin;1
1420;98/2021;2021_98_241;asiantuntija;1
1420;98/2021;2021_98_241;korva;1
1420;98/2021;2021_98_241;punottaa;1
1420;98/2021;2021_98_241;sali;1
1420;98/2021;2021_98_241;hän;2
1420;98/2021;2021_98_241;lausua;1
1420;98/2021;2021_98_241;huhtikuu;1
1420;98/2021;2021_98_241;näin;4
1420;98/2021;2021_98_241;keskusta;3
1420;98/2021;2021_98_241;väittää;1
1420;98/2021;2021_98_241;käyttöönotto;1
1420;98/2021;2021_98_241;merkitä;1
1420;98/2021;2021_98_241;miten;2
1420;98/2021;2021_98_241;edustaja;3
1420;98/2021;2021_98_241;kääriäinen;2
1420;98/2021;2021_98_241;julma;2
1420;98/2021;2021_98_241;liittovaltiokehitys;1
1420;98/2021;2021_98_241;tosi;1
1420;98/2021;2021_98_241;sinä;6
1420;98/2021;2021_98_241;siellä;1
1420;98/2021;2021_98_241;savo;1
1420;98/2021;2021_98_241;esitellä;1
1420;98/2021;2021_98_241;pimeä;2
1420;98/2021;2021_98_241;pelottelu;2
1420;98/2021;2021_98_241;maalata;1
1420;98/2021;2021_98_241;mörkö;1
1420;98/2021;2021_98_241;seinä;1
1420;98/2021;2021_98_241;joudua;1
1420;98/2021;2021_98_241;sieltä;1
1420;98/2021;2021_98_241;vielä;1
1420;98/2021;2021_98_241;pyyhkiä;1
1420;98/2021;2021_98_241;kokoomus;1
1420;98/2021;2021_98_241;sisältä;1
1420;98/2021;2021_98_241;kuulua;2
1420;98/2021;2021_98_241;välillä;1
1420;98/2021;2021_98_241;epäilevä;1
1420;98/2021;2021_98_241;ääni;1
1420;98/2021;2021_98_241;ihan;1
1420;98/2021;2021_98_241;mikä;2
1420;98/2021;2021_98_241;luvata;1
1420;98/2021;2021_98_241;juha;1
1420;98/2021;2021_98_241;sipilä;3
1420;98/2021;2021_98_241;vasta;2
1420;98/2021;2021_98_241;valita;1
1420;98/2021;2021_98_241;pitää;2
1420;98/2021;2021_98_241;järjestää;1
1420;98/2021;2021_98_241;kansanäänestys;1
1420;98/2021;2021_98_241;liittyä;1
1420;98/2021;2021_98_241;eurobondi;1
1420;98/2021;2021_98_241;mukaan;2
1420;98/2021;2021_98_241;selvä;1
1420;98/2021;2021_98_241;ikuisesti;1
1420;98/2021;2021_98_241;myönteinen;1
1420;98/2021;2021_98_241;päätös;1
1420;98/2021;2021_98_241;tehdä;2
1420;98/2021;2021_98_241;pelätä;1
1420;98/2021;2021_98_241;linja;1
1420;98/2021;2021_98_241;päättää;1
1420;98/2021;2021_98_241;eduskunta;1
1420;98/2021;2021_98_241;enää;1
1420;98/2021;2021_98_241;tehtävä;1
1420;98/2021;2021_98_241;koko;1
1420;98/2021;2021_98_241;aika;1
1420;98/2021;2021_98_241;valmis;1
1420;98/2021;2021_98_241;tulla;2
1420;98/2021;2021_98_241;keskustalainen;1
1420;98/2021;2021_98_241;tuskin;1
1420;98/2021;2021_98_241;saada;1
1420;98/2021;2021_98_241;sana;1
1420;98/2021;2021_98_241;suu;1
1420;98/2021;2021_98_241;aihe;1
1420;98/2021;2021_98_241;ruoskia;1
1420;98/2021;2021_98_241;rehellisyys;1
1420;98/2021;2021_98_241;syyllistyä;1
1420;98/2021;2021_98_241;mies;1
1420;98/2021;2021_98_241;hannu;1
1420;98/2021;2021_98_241;hosa;1
1420;98/2021;2021_98_241;tasavalta;1
1420;98/2021;2021_98_241;presidentti;1
1420;98/2021;2021_98_241;sauli;1
1420;98/2021;2021_98_241;niinistö;2
1420;98/2021;2021_98_241;kysyä;1
1420;98/2021;2021_98_241;jäädä;1
1420;98/2021;2021_98_241;ulkopuoli;1
1420;98/2021;2021_98_241;vastata;1
1420;98/2021;2021_98_241;pöytä;2
1420;98/2021;2021_98_241;kukaan;1
1420;98/2021;2021_98_241;uskoa;2
1420;98/2021;2021_98_241;toisenlainen;1
1420;98/2021;2021_98_241;tieto;1
1420;98/2021;2021_98_241;sellainen;2
1420;98/2021;2021_98_241;syntyä;2
1420;98/2021;2021_98_241;siis;1
1420;98/2021;2021_98_241;ennen;3
1420;98/2021;2021_98_241;ekp;1
1420;98/2021;2021_98_241;painaminen;1
1420;98/2021;2021_98_241;koronakriisi;1
1420;98/2021;2021_98_241;elpymispaketti;1
1420;98/2021;2021_98_241;kutsua;1
1420;98/2021;2021_98_241;kuppauspaketti;1
1420;98/2021;2021_98_241;suostuminen;1
1420;98/2021;2021_98_241;alijäämä;1
1420;98/2021;2021_98_241;työttömyysvakuutuskassa;1
1420;98/2021;2021_98_241;pankkiunioni;1
1420;98/2021;2021_98_241;tällainen;3
1420;98/2021;2021_98_241;huijaus;1
1420;98/2021;2021_98_241;seurata;1
1420;98/2021;2021_98_241;hyvä;1
1420;98/2021;2021_98_241;syyttää;1
1420;98/2021;2021_98_241;populismi;1
1420;98/2021;2021_98_241;huomauttaa;1
1420;98/2021;2021_98_241;virhe;1
1420;98/2021;2021_98_241;kuvitella;1
1420;98/2021;2021_98_241;kansanvalta;1
1420;98/2021;2021_98_241;halveksiminen;1
1420;98/2021;2021_98_241;legitimiteetti;1
1420;98/2021;2021_98_241;pohja;1
1420;98/2021;2021_98_241;historia;1
1420;98/2021;2021_98_241;unohtaa;1
1420;98/2021;2021_98_241;meno;2
1420;98/2021;2021_98_241;ydinvoimapuisto;1
1420;98/2021;2021_98_241;hiilinielu;1
1420;98/2021;2021_98_241;pakolaisleiri;1
1420;98/2021;2021_98_241;kreikkalainen;1
1420;98/2021;2021_98_241;eläke;1
1420;98/2021;2021_98_241;italia;1
1420;98/2021;2021_98_241;säästöpankki;1
1420;98/2021;2021_98_241;takaaja;1
1420;98/2021;2021_98_241;saksa;1
1420;98/2021;2021_98_241;ranska;1
1420;98/2021;2021_98_241;johtaja;1
1420;98/2021;2021_98_241;kuuliainen;1
1420;98/2021;2021_98_241;alamainen;1
1420;98/2021;2021_98_241;joulupukki;1
1420;98/2021;2021_98_241;omistaa;1
1420;98/2021;2021_98_241;luxemburgilainen;1
1420;98/2021;2021_98_241;sijoitusrahasto;1
1420;98/2021;2021_98_241;tarvita;1
1420;98/2021;2021_98_241;valoisa;1
1420;98/2021;2021_98_241;tulevaisuus;2
1420;98/2021;2021_98_241;jokainen;1
1420;98/2021;2021_98_241;kansallisvaltio;1
1420;98/2021;2021_98_241;todellisuus;1
1420;98/2021;2021_98_241;itsemääräämisoikeus;1
1420;98/2021;2021_98_241;vastuu;1
1420;98/2021;2021_98_241;vain;1
1420;98/2021;2021_98_241;oma;1
1420;98/2021;2021_98_241;rajavalvonta;1
1420;98/2021;2021_98_241;itsenäinen;1
1420;98/2021;2021_98_241;rahapolitiikka;1
1420;98/2021;2021_98_241;herätä;1
1420;98/2021;2021_98_241;selittää;1
1420;98/2021;2021_98_241;rehellisesti;1
1420;98/2021;2021_98_241;myöntää;1
1420;98/2021;2021_98_241;korjata;1
1420;98/2021;2021_98_241;eurovirhe;1
1420;98/2021;2021_98_241;haluta;1
1420;98/2021;2021_98_241;kunniallisuus;1
1420;98/2021;2021_98_241;kiitos;1
1420;117/2021;2021_117_3;arvoisa;2
1420;117/2021;2021_117_3;puhemies;1
1420;117/2021;2021_117_3;sähkö;3
1420;117/2021;2021_117_3;ja;3
1420;117/2021;2021_117_3;polttoaine;2
1420;117/2021;2021_117_3;hinta;2
1420;117/2021;2021_117_3;olla;5
1420;117/2021;2021_117_3;nousta;1
1420;117/2021;2021_117_3;valtavasti;1
1420;117/2021;2021_117_3;ministeri;1
1420;117/2021;2021_117_3;harakka;1
1420;117/2021;2021_117_3;sanoa;1
1420;117/2021;2021_117_3;kevät;1
1420;117/2021;2021_117_3;että;1
1420;117/2021;2021_117_3;litra;2
1420;117/2021;2021_117_3;ysivitos;1
1420;117/2021;2021_117_3;maksaa;3
1420;117/2021;2021_117_3;sama;3
1420;117/2021;2021_117_3;kuin;1
1420;117/2021;2021_117_3;hallituskausi;2
1420;117/2021;2021_117_3;alku;1
1420;117/2021;2021_117_3;se;3
1420;117/2021;2021_117_3;tulla;1
1420;117/2021;2021_117_3;tämä;4
1420;117/2021;2021_117_3;loppu;1
1420;117/2021;2021_117_3;huhhuh;1
1420;117/2021;2021_117_3;mikä;2
1420;117/2021;2021_117_3;muunnella;1
1420;117/2021;2021_117_3;totuus;1
1420;117/2021;2021_117_3;vielä;1
1420;117/2021;2021_117_3;mieli;1
1420;117/2021;2021_117_3;ysivitonen;1
1420;117/2021;2021_117_3;keskihinta;1
1420;117/2021;2021_117_3;jo;1
1420;117/2021;2021_117_3;yli;2
1420;117/2021;2021_117_3;euro;3
1420;117/2021;2021_117_3;vuosi;2
1420;117/2021;2021_117_3;sitten;1
1420;117/2021;2021_117_3;alle;1
1420;117/2021;2021_117_3;kilometri;1
1420;117/2021;2021_117_3;työmatka;1
1420;117/2021;2021_117_3;ajaa;1
1420;117/2021;2021_117_3;nyt;1
1420;117/2021;2021_117_3;enemmän;1
1420;117/2021;2021_117_3;kaikki;1
1420;117/2021;2021_117_3;pois;1
1420;117/2021;2021_117_3;muu;1
1420;117/2021;2021_117_3;kuten;1
1420;117/2021;2021_117_3;ihminen;1
1420;117/2021;2021_117_3;ruokapöytä;1
1420;117/2021;2021_117_3;ei;1
1420;117/2021;2021_117_3;ehtiä;1
1420;117/2021;2021_117_3;puheenvuoro;1
1420;117/2021;2021_117_3;edes;1
1420;117/2021;2021_117_3;aloittaa;1
1420;117/2021;2021_117_3;hintakriisi;1
1420;117/2021;2021_117_3;hallitus;1
1420;117/2021;2021_117_3;aikoa;1
1420;117/2021;2021_117_3;tehdä;1
1420;117/2021;2021_117_3;tilanne;1
1420;117/2021;2021_117_3;perussuomalaiset;1
1420;117/2021;2021_117_3;esittää;1
1420;117/2021;2021_117_3;pikainen;1
1420;117/2021;2021_117_3;toimi;1
1420;117/2021;2021_117_3;laskeminen;1
1420;117/2021;2021_117_3;sopia;1
1420;117/2021;2021_117_3;sinä;1
1420;139/2021;2021_139_12;arvoisa;1
1420;139/2021;2021_139_12;puhemies;1
1420;139/2021;2021_139_12;kannattaa;1
1420;139/2021;2021_139_12;edustaja;1
1420;139/2021;2021_139_12;meri;1
1420;139/2021;2021_139_12;esitys;1
1420;142/2021;2021_142_257;arvoisa;2
1420;142/2021;2021_142_257;herra;2
1420;142/2021;2021_142_257;puhemies;3
1420;142/2021;2021_142_257;käsittely;1
1420;142/2021;2021_142_257;olla;9
1420;142/2021;2021_142_257;talousvaliokunta;1
1420;142/2021;2021_142_257;mietintö;3
1420;142/2021;2021_142_257;hallitus;1
1420;142/2021;2021_142_257;esitys;1
1420;142/2021;2021_142_257;eduskunta;1
1420;142/2021;2021_142_257;laki;2
1420;142/2021;2021_142_257;yritys;1
1420;142/2021;2021_142_257;määräaikainen;1
1420;142/2021;2021_142_257;kustannustuki;1
1420;142/2021;2021_142_257;antaa;1
1420;142/2021;2021_142_257;muuttaminen;1
1420;142/2021;2021_142_257;kohtalainen;1
1420;142/2021;2021_142_257;hyvä;1
1420;142/2021;2021_142_257;ja;2
1420;142/2021;2021_142_257;se;2
1420;142/2021;2021_142_257;voida;2
1420;142/2021;2021_142_257;pääosin;1
1420;142/2021;2021_142_257;hyväksyä;1
1420;142/2021;2021_142_257;siellä;1
1420;142/2021;2021_142_257;kuitenkin;1
1420;142/2021;2021_142_257;kohta;2
1420;142/2021;2021_142_257;joka;1
1420;142/2021;2021_142_257;vihjata;1
1420;142/2021;2021_142_257;koronapassi;2
1420;142/2021;2021_142_257;käyttö;1
1420;142/2021;2021_142_257;laajentaminen;1
1420;142/2021;2021_142_257;sellainen;1
1420;142/2021;2021_142_257;laajennus;1
1420;142/2021;2021_142_257;johtaa;1
1420;142/2021;2021_142_257;rokotepakko;3
1420;142/2021;2021_142_257;ei;4
1420;142/2021;2021_142_257;valiokunta;1
1420;142/2021;2021_142_257;käsitellä;1
1420;142/2021;2021_142_257;tämä;5
1420;142/2021;2021_142_257;passiasia;1
1420;142/2021;2021_142_257;juuri;1
1420;142/2021;2021_142_257;lainkaan;1
1420;142/2021;2021_142_257;joten;1
1420;142/2021;2021_142_257;kyseinen;1
1420;142/2021;2021_142_257;mennä;1
1420;142/2021;2021_142_257;asia;2
1420;142/2021;2021_142_257;edelle;1
1420;142/2021;2021_142_257;perussuomalaiset;1
1420;142/2021;2021_142_257;vastustaa;2
1420;142/2021;2021_142_257;korkotoimenpide;1
1420;142/2021;2021_142_257;ohjaaminen;1
1420;142/2021;2021_142_257;käytäntö;2
1420;142/2021;2021_142_257;suunta;1
1420;142/2021;2021_142_257;yhä;1
1420;142/2021;2021_142_257;laaja;1
1420;142/2021;2021_142_257;edellyttäminen;2
1420;142/2021;2021_142_257;yhdistää;1
1420;142/2021;2021_142_257;testaaminen;1
1420;142/2021;2021_142_257;liittyä;1
1420;142/2021;2021_142_257;hankaluus;1
1420;142/2021;2021_142_257;kustannus;1
1420;142/2021;2021_142_257;sama;1
1420;142/2021;2021_142_257;kuin;1
1420;142/2021;2021_142_257;rokote;3
1420;142/2021;2021_142_257;mikä;2
1420;142/2021;2021_142_257;esittää;3
1420;142/2021;2021_142_257;koronarokotevastaisuus;1
1420;142/2021;2021_142_257;koska;1
1420;142/2021;2021_142_257;osoittaa;1
1420;142/2021;2021_142_257;hyöty;1
1420;142/2021;2021_142_257;asiayhteys;1
1420;142/2021;2021_142_257;minä;2
1420;142/2021;2021_142_257;mahdollisesti;1
1420;142/2021;2021_142_257;johtava;1
1420;142/2021;2021_142_257;toimenpide;1
1420;142/2021;2021_142_257;yleinen;1
1420;142/2021;2021_142_257;taso;1
1420;142/2021;2021_142_257;todeta;1
1420;142/2021;2021_142_257;oma;2
1420;142/2021;2021_142_257;mielipide;2
1420;142/2021;2021_142_257;että;2
1420;142/2021;2021_142_257;kukin;1
1420;142/2021;2021_142_257;ottaa;3
1420;142/2021;2021_142_257;tai;2
1420;142/2021;2021_142_257;pitää;2
1420;142/2021;2021_142_257;vapaaehtoinen;1
1420;142/2021;2021_142_257;kukaan;1
1420;142/2021;2021_142_257;uhkailla;1
1420;142/2021;2021_142_257;pakottaa;1
1420;142/2021;2021_142_257;esimerkiksi;1
1420;142/2021;2021_142_257;koronarokote;1
1420;142/2021;2021_142_257;näin;1
1420;142/2021;2021_142_257;siis;1
1420;142/2021;2021_142_257;vastalause;1
1420;142/2021;2021_142_257;perusteluteksti;1
1420;142/2021;2021_142_257;poistaa;1
1420;142/2021;2021_142_257;kiitos;1
1420;165/2021;2021_165_52;arvoisa;1
1420;165/2021;2021_165_52;rouva;1
1420;165/2021;2021_165_52;puhemies;1
1420;165/2021;2021_165_52;hyvä;2
1420;165/2021;2021_165_52;sosiaaliturva;3
1420;165/2021;2021_165_52;yrittäjä;4
1420;165/2021;2021_165_52;olla;11
1420;165/2021;2021_165_52;että;3
1420;165/2021;2021_165_52;kaikki;1
1420;165/2021;2021_165_52;rajoitus;6
1420;165/2021;2021_165_52;lopettaa;1
1420;165/2021;2021_165_52;mahdollimman;2
1420;165/2021;2021_165_52;nopeasti;2
1420;165/2021;2021_165_52;kompata;1
1420;165/2021;2021_165_52;edustaja;1
1420;165/2021;2021_165_52;kauma;1
1420;165/2021;2021_165_52;tällainen;3
1420;165/2021;2021_165_52;exit;1
1420;165/2021;2021_165_52;eli;2
1420;165/2021;2021_165_52;ulospääsysuunnitelma;1
1420;165/2021;2021_165_52;pitää;2
1420;165/2021;2021_165_52;tehdä;2
1420;165/2021;2021_165_52;pikaisesti;1
1420;165/2021;2021_165_52;suomi;2
1420;165/2021;2021_165_52;aina;1
1420;165/2021;2021_165_52;sanoa;2
1420;165/2021;2021_165_52;edelläkävijä;1
1420;165/2021;2021_165_52;se;2
1420;165/2021;2021_165_52;ja;8
1420;165/2021;2021_165_52;tämä;7
1420;165/2021;2021_165_52;nyt;1
1420;165/2021;2021_165_52;näyttää;1
1420;165/2021;2021_165_52;perässähiihtäjä;1
1420;165/2021;2021_165_52;moni;1
1420;165/2021;2021_165_52;maa;2
1420;165/2021;2021_165_52;jo;3
1420;165/2021;2021_165_52;purkaa;2
1420;165/2021;2021_165_52;exitsuunnitelma;1
1420;165/2021;2021_165_52;julkistaa;1
1420;165/2021;2021_165_52;itse;1
1420;165/2021;2021_165_52;tuo;1
1420;165/2021;2021_165_52;istuntotauko;1
1420;165/2021;2021_165_52;pari;1
1420;165/2021;2021_165_52;viikko;2
1420;165/2021;2021_165_52;toinen;1
1420;165/2021;2021_165_52;eurooppa;1
1420;165/2021;2021_165_52;joka;2
1420;165/2021;2021_165_52;ei;5
1420;165/2021;2021_165_52;mikään;1
1420;165/2021;2021_165_52;ravintolarajoitus;1
1420;165/2021;2021_165_52;koronapassi;1
1420;165/2021;2021_165_52;kysellä;1
1420;165/2021;2021_165_52;korona;1
1420;165/2021;2021_165_52;voida;1
1420;165/2021;2021_165_52;suhtautua;2
1420;165/2021;2021_165_52;hyvin;1
1420;165/2021;2021_165_52;eri;1
1420;165/2021;2021_165_52;tapa;1
1420;165/2021;2021_165_52;riippua;1
1420;165/2021;2021_165_52;politiikka;1
1420;165/2021;2021_165_52;poliitikko;1
1420;165/2021;2021_165_52;miten;1
1420;165/2021;2021_165_52;äärimmäinen;1
1420;165/2021;2021_165_52;virkistävä;1
1420;165/2021;2021_165_52;sellainen;1
1420;165/2021;2021_165_52;paikka;1
1420;165/2021;2021_165_52;elää;1
1420;165/2021;2021_165_52;normaali;1
1420;165/2021;2021_165_52;elämä;1
1420;165/2021;2021_165_52;kummallinen;1
1420;165/2021;2021_165_52;sulku;2
1420;165/2021;2021_165_52;perään;2
1420;165/2021;2021_165_52;todella;1
1420;165/2021;2021_165_52;sekava;2
1420;165/2021;2021_165_52;poliittinen;1
1420;165/2021;2021_165_52;päätös;1
1420;165/2021;2021_165_52;teko;1
1420;165/2021;2021_165_52;asiantuntija;1
1420;165/2021;2021_165_52;enää;1
1420;165/2021;2021_165_52;kunnolla;1
1420;165/2021;2021_165_52;kuunnella;1
1420;165/2021;2021_165_52;vaan;1
1420;165/2021;2021_165_52;ajaa;1
1420;165/2021;2021_165_52;vain;1
1420;165/2021;2021_165_52;jokin;1
1420;165/2021;2021_165_52;oma;1
1420;165/2021;2021_165_52;ideologia;1
1420;165/2021;2021_165_52;kuten;1
1420;165/2021;2021_165_52;kurittaminen;1
1420;165/2021;2021_165_52;nöyryyttäminen;1
1420;165/2021;2021_165_52;täytyä;1
1420;165/2021;2021_165_52;loppua;1
1420;165/2021;2021_165_52;jos;1
1420;165/2021;2021_165_52;kuitenkin;1
1420;165/2021;2021_165_52;jatkaa;2
1420;165/2021;2021_165_52;niin;1
1420;165/2021;2021_165_52;sinne;1
1420;165/2021;2021_165_52;toukokuu;1
1420;165/2021;2021_165_52;loppu;1
1420;165/2021;2021_165_52;asti;1
1420;165/2021;2021_165_52;neljä;1
1420;165/2021;2021_165_52;viisi;1
1420;165/2021;2021_165_52;laki;1
1420;165/2021;2021_165_52;säätää;1
1420;165/2021;2021_165_52;kiitos;1
1420;166/2021;2021_166_44;arvoisa;1
1420;166/2021;2021_166_44;herra;1
1420;166/2021;2021_166_44;puhemies;1
1420;166/2021;2021_166_44;puhua;2
1420;166/2021;2021_166_44;yrittäjä;2
1420;166/2021;2021_166_44;sosiaaliturva;1
1420;166/2021;2021_166_44;jälleen;1
1420;166/2021;2021_166_44;kerran;1
1420;166/2021;2021_166_44;tämä;8
1420;166/2021;2021_166_44;korona;1
1420;166/2021;2021_166_44;aika;2
1420;166/2021;2021_166_44;ja;5
1420;166/2021;2021_166_44;hyvä;2
1420;166/2021;2021_166_44;että;6
1420;166/2021;2021_166_44;toimia;1
1420;166/2021;2021_166_44;mutta;1
1420;166/2021;2021_166_44;kyllä;2
1420;166/2021;2021_166_44;kansalainen;2
1420;166/2021;2021_166_44;herätä;1
1420;166/2021;2021_166_44;kysymys;1
1420;166/2021;2021_166_44;aina;2
1420;166/2021;2021_166_44;suomi;1
1420;166/2021;2021_166_44;ravintola;1
1420;166/2021;2021_166_44;kuntosali;1
1420;166/2021;2021_166_44;tapahtuma;1
1420;166/2021;2021_166_44;niin;3
1420;166/2021;2021_166_44;edelleen;1
1420;166/2021;2021_166_44;tulevaisuus;1
1420;166/2021;2021_166_44;sulkea;1
1420;166/2021;2021_166_44;jos;2
1420;166/2021;2021_166_44;esimerkiksi;1
1420;166/2021;2021_166_44;joutua;1
1420;166/2021;2021_166_44;tehohoito;2
1420;166/2021;2021_166_44;joku;1
1420;166/2021;2021_166_44;variantti;1
1420;166/2021;2021_166_44;tai;1
1420;166/2021;2021_166_44;pöpö;1
1420;166/2021;2021_166_44;takia;1
1420;166/2021;2021_166_44;jatkua;1
1420;166/2021;2021_166_44;vuosi;1
1420;166/2021;2021_166_44;toinen;1
1420;166/2021;2021_166_44;minä;3
1420;166/2021;2021_166_44;väki;1
1420;166/2021;2021_166_44;vanheta;1
1420;166/2021;2021_166_44;erilainen;1
1420;166/2021;2021_166_44;influenssa;1
1420;166/2021;2021_166_44;saada;1
1420;166/2021;2021_166_44;varmasti;1
1420;166/2021;2021_166_44;vähän;1
1420;166/2021;2021_166_44;samanlainen;1
1420;166/2021;2021_166_44;ilmiö;2
1420;166/2021;2021_166_44;tarve;1
1420;166/2021;2021_166_44;saattaa;1
1420;166/2021;2021_166_44;lisääntyä;1
1420;166/2021;2021_166_44;ei;1
1420;166/2021;2021_166_44;voida;1
1420;166/2021;2021_166_44;olla;4
1420;166/2021;2021_166_44;tulla;1
1420;166/2021;2021_166_44;jokatalvinen;1
1420;166/2021;2021_166_44;mennä;1
1420;166/2021;2021_166_44;näin;1
1420;166/2021;2021_166_44;sali;1
1420;166/2021;2021_166_44;käydä;1
1420;166/2021;2021_166_44;keskustelu;1
1420;166/2021;2021_166_44;miten;1
1420;166/2021;2021_166_44;jatko;1
1420;166/2021;2021_166_44;edetä;1
1420;166/2021;2021_166_44;rajoitus;1
1420;166/2021;2021_166_44;kanssa;1
1420;166/2021;2021_166_44;sairaalakapasiteetti;1
1420;166/2021;2021_166_44;alkaa;1
1420;166/2021;2021_166_44;kova;1
1420;166/2021;2021_166_44;pitää;1
1420;166/2021;2021_166_44;lisätä;1
1420;166/2021;2021_166_44;se;2
1420;166/2021;2021_166_44;kapasiteetti;1
1420;166/2021;2021_166_44;raha;2
1420;166/2021;2021_166_44;koska;1
1420;166/2021;2021_166_44;ympäri;1
1420;166/2021;2021_166_44;maailma;1
1420;166/2021;2021_166_44;kylvää;1
1420;166/2021;2021_166_44;tällainen;1
1420;166/2021;2021_166_44;näkemys;1
1420;166/2021;2021_166_44;kiitos;1
1420;14/2022;2022_14_240;arvoisa;3
1420;14/2022;2022_14_240;puhemies;3
1420;14/2022;2022_14_240;käsittely;2
1420;14/2022;2022_14_240;olla;36
1420;14/2022;2022_14_240;yritys;7
1420;14/2022;2022_14_240;kustannustuki;10
1420;14/2022;2022_14_240;kutonen;2
1420;14/2022;2022_14_240;ja;21
1420;14/2022;2022_14_240;sulkemiskorvaus;1
1420;14/2022;2022_14_240;kaksi;1
1420;14/2022;2022_14_240;vuosi;1
1420;14/2022;2022_14_240;kestää;1
1420;14/2022;2022_14_240;koronatoimi;1
1420;14/2022;2022_14_240;takia;2
1420;14/2022;2022_14_240;valtio;2
1420;14/2022;2022_14_240;pyrkiä;1
1420;14/2022;2022_14_240;korvata;1
1420;14/2022;2022_14_240;rajoitus;3
1420;14/2022;2022_14_240;sulkutoimi;1
1420;14/2022;2022_14_240;aiheuttaa;1
1420;14/2022;2022_14_240;vahinko;1
1420;14/2022;2022_14_240;hyvä;3
1420;14/2022;2022_14_240;näin;1
1420;14/2022;2022_14_240;ei;12
1420;14/2022;2022_14_240;tämä;8
1420;14/2022;2022_14_240;sulku;2
1420;14/2022;2022_14_240;rajoitustoimi;1
1420;14/2022;2022_14_240;yrittäjä;5
1420;14/2022;2022_14_240;vika;2
1420;14/2022;2022_14_240;tai;1
1420;14/2022;2022_14_240;vastuu;1
1420;14/2022;2022_14_240;no;1
1420;14/2022;2022_14_240;miten;2
1420;14/2022;2022_14_240;korvaaminen;1
1420;14/2022;2022_14_240;onnistua;1
1420;14/2022;2022_14_240;vastaus;1
1420;14/2022;2022_14_240;että;9
1420;14/2022;2022_14_240;erityinen;1
1420;14/2022;2022_14_240;hyvin;3
1420;14/2022;2022_14_240;tuki;6
1420;14/2022;2022_14_240;voida;3
1420;14/2022;2022_14_240;hakea;1
1420;14/2022;2022_14_240;lyhyt;1
1420;14/2022;2022_14_240;muutama;1
1420;14/2022;2022_14_240;kuukausi;3
1420;14/2022;2022_14_240;pätkä;1
1420;14/2022;2022_14_240;jokainen;1
1420;14/2022;2022_14_240;hakukierros;1
1420;14/2022;2022_14_240;hakukriteeri;2
1420;14/2022;2022_14_240;epätarkkuus;1
1420;14/2022;2022_14_240;osittain;1
1420;14/2022;2022_14_240;epäonnistua;1
1420;14/2022;2022_14_240;minä;5
1420;14/2022;2022_14_240;perussuomalainen;3
1420;14/2022;2022_14_240;matka;1
1420;14/2022;2022_14_240;varrella;1
1420;14/2022;2022_14_240;yrittää;1
1420;14/2022;2022_14_240;puuttua;1
1420;14/2022;2022_14_240;mutta;3
1420;14/2022;2022_14_240;hallitus;8
1420;14/2022;2022_14_240;kuunnella;1
1420;14/2022;2022_14_240;ensimmäinen;1
1420;14/2022;2022_14_240;kesäkuu;1
1420;14/2022;2022_14_240;tehdä;3
1420;14/2022;2022_14_240;jo;3
1420;14/2022;2022_14_240;muutosehdotus;1
1420;14/2022;2022_14_240;sanoa;2
1420;14/2022;2022_14_240;mieli;3
1420;14/2022;2022_14_240;myöntäminen;1
1420;14/2022;2022_14_240;edellyttää;1
1420;14/2022;2022_14_240;liikevaihtoraja;2
1420;14/2022;2022_14_240;pitää;2
1420;14/2022;2022_14_240;madaltaa;1
1420;14/2022;2022_14_240;jotta;1
1420;14/2022;2022_14_240;huomioida;2
1420;14/2022;2022_14_240;pieni;2
1420;14/2022;2022_14_240;ehdotus;3
1420;14/2022;2022_14_240;äänestää;3
1420;14/2022;2022_14_240;kumo;3
1420;14/2022;2022_14_240;elinkeinoministeri;1
1420;14/2022;2022_14_240;piikitellä;1
1420;14/2022;2022_14_240;sali;2
1420;14/2022;2022_14_240;kun;4
1420;14/2022;2022_14_240;esitellä;1
1420;14/2022;2022_14_240;havainto;1
1420;14/2022;2022_14_240;epäkohta;1
1420;14/2022;2022_14_240;se;13
1420;14/2022;2022_14_240;hän;1
1420;14/2022;2022_14_240;politikointi;1
1420;14/2022;2022_14_240;sitten;2
1420;14/2022;2022_14_240;käydä;2
1420;14/2022;2022_14_240;tuoda;2
1420;14/2022;2022_14_240;lokakuu;1
1420;14/2022;2022_14_240;esitys;1
1420;14/2022;2022_14_240;kuitenkin;2
1420;14/2022;2022_14_240;ottaa;2
1420;14/2022;2022_14_240;neuvo;1
1420;14/2022;2022_14_240;vaari;1
1420;14/2022;2022_14_240;poistaa;1
1420;14/2022;2022_14_240;tuo;3
1420;14/2022;2022_14_240;virhe;1
1420;14/2022;2022_14_240;siis;1
1420;14/2022;2022_14_240;korjata;1
1420;14/2022;2022_14_240;ehdottaa;6
1420;14/2022;2022_14_240;vaan;2
1420;14/2022;2022_14_240;vasta;2
1420;14/2022;2022_14_240;neljä;2
1420;14/2022;2022_14_240;myöhemmin;1
1420;14/2022;2022_14_240;jättää;2
1420;14/2022;2022_14_240;talousvaliokunta;3
1420;14/2022;2022_14_240;vastalause;3
1420;14/2022;2022_14_240;joka;3
1420;14/2022;2022_14_240;alaraja;2
1420;14/2022;2022_14_240;laskeminen;1
1420;14/2022;2022_14_240;tuhat;2
1420;14/2022;2022_14_240;euro;3
1420;14/2022;2022_14_240;valtiokonttori;1
1420;14/2022;2022_14_240;raportoida;1
1420;14/2022;2022_14_240;toinen;1
1420;14/2022;2022_14_240;suuri;1
1420;14/2022;2022_14_240;syy;1
1420;14/2022;2022_14_240;hakemus;1
1420;14/2022;2022_14_240;hylkääminen;1
1420;14/2022;2022_14_240;aikaisemmin;1
1420;14/2022;2022_14_240;moni;3
1420;14/2022;2022_14_240;kansanedustaja;1
1420;14/2022;2022_14_240;tonni;2
1420;14/2022;2022_14_240;kuulostaa;1
1420;14/2022;2022_14_240;pikkuraha;1
1420;14/2022;2022_14_240;ajatella;1
1420;14/2022;2022_14_240;asia;1
1420;14/2022;2022_14_240;niin;1
1420;14/2022;2022_14_240;iso;1
1420;14/2022;2022_14_240;raha;1
1420;14/2022;2022_14_240;silloin;1
1420;14/2022;2022_14_240;pankkitili;1
1420;14/2022;2022_14_240;tyhjä;1
1420;14/2022;2022_14_240;lasku;1
1420;14/2022;2022_14_240;maksaa;1
1420;14/2022;2022_14_240;pudottaminen;2
1420;14/2022;2022_14_240;kelvata;2
1420;14/2022;2022_14_240;jälleen;2
1420;14/2022;2022_14_240;sama;1
1420;14/2022;2022_14_240;toistua;1
1420;14/2022;2022_14_240;jatkua;2
1420;14/2022;2022_14_240;kolmonen;1
1420;14/2022;2022_14_240;maaliskuu;1
1420;14/2022;2022_14_240;nyt;3
1420;14/2022;2022_14_240;vähän;1
1420;14/2022;2022_14_240;aika;6
1420;14/2022;2022_14_240;taas;2
1420;14/2022;2022_14_240;kulua;2
1420;14/2022;2022_14_240;pitkä;1
1420;14/2022;2022_14_240;vielä;2
1420;14/2022;2022_14_240;kolmas;1
1420;14/2022;2022_14_240;mahdollistaa;1
1420;14/2022;2022_14_240;aiempi;1
1420;14/2022;2022_14_240;uusi;1
1420;14/2022;2022_14_240;haku;1
1420;14/2022;2022_14_240;siten;1
1420;14/2022;2022_14_240;ilman;1
1420;14/2022;2022_14_240;jäädä;1
1420;14/2022;2022_14_240;saada;3
1420;14/2022;2022_14_240;korvaus;1
1420;14/2022;2022_14_240;taannehtivasti;1
1420;14/2022;2022_14_240;hallituspuolue;1
1420;14/2022;2022_14_240;kriteeri;2
1420;14/2022;2022_14_240;sopia;1
1420;14/2022;2022_14_240;nelonen;1
1420;14/2022;2022_14_240;tulla;1
1420;14/2022;2022_14_240;toukokuu;1
1420;14/2022;2022_14_240;haluta;2
1420;14/2022;2022_14_240;kohdentaa;1
1420;14/2022;2022_14_240;erityisesti;1
1420;14/2022;2022_14_240;tapahtuma-ala;1
1420;14/2022;2022_14_240;kärsiä;1
1420;14/2022;2022_14_240;todella;1
1420;14/2022;2022_14_240;paljon;2
1420;14/2022;2022_14_240;koronarajoitus;1
1420;14/2022;2022_14_240;vaikka;1
1420;14/2022;2022_14_240;paketti;1
1420;14/2022;2022_14_240;kerta;1
1420;14/2022;2022_14_240;yhdessä;1
1420;14/2022;2022_14_240;kokoomus;1
1420;14/2022;2022_14_240;kanssa;1
1420;14/2022;2022_14_240;parannus;2
1420;14/2022;2022_14_240;muun;2
1420;14/2022;2022_14_240;muassa;2
1420;14/2022;2022_14_240;musiikkiala;1
1420;14/2022;2022_14_240;ammatinharjoittaja;1
1420;14/2022;2022_14_240;musiikkifestivaali;1
1420;14/2022;2022_14_240;järjestäjä;1
1420;14/2022;2022_14_240;liikevaihto;2
1420;14/2022;2022_14_240;alenema;2
1420;14/2022;2022_14_240;omavastuu;2
1420;14/2022;2022_14_240;heti;1
1420;14/2022;2022_14_240;suostua;2
1420;14/2022;2022_14_240;pudottaa;1
1420;14/2022;2022_14_240;mainita;1
1420;14/2022;2022_14_240;prosentti;4
1420;14/2022;2022_14_240;mikä;1
1420;14/2022;2022_14_240;oikein;1
1420;14/2022;2022_14_240;siksi;2
1420;14/2022;2022_14_240;yksityiskohtainen;1
1420;14/2022;2022_14_240;pykälämuutosesitys;1
1420;14/2022;2022_14_240;mukainen;1
1420;14/2022;2022_14_240;tapa;1
1420;14/2022;2022_14_240;eli;1
1420;14/2022;2022_14_240;riittää;1
1420;14/2022;2022_14_240;lopuksi;1
1420;14/2022;2022_14_240;korostaa;1
1420;14/2022;2022_14_240;suomi;4
1420;14/2022;2022_14_240;kitsas;1
1420;14/2022;2022_14_240;tukea;2
1420;14/2022;2022_14_240;verrata;1
1420;14/2022;2022_14_240;muu;3
1420;14/2022;2022_14_240;eurooppa;2
1420;14/2022;2022_14_240;maa;2
1420;14/2022;2022_14_240;tieto;1
1420;14/2022;2022_14_240;mukaan;1
1420;14/2022;2022_14_240;häntäpää;1
1420;14/2022;2022_14_240;suora;1
1420;14/2022;2022_14_240;koronatuki;1
1420;14/2022;2022_14_240;toimittaa;1
1420;14/2022;2022_14_240;kansainvälinen;1
1420;14/2022;2022_14_240;vertailu;1
1420;14/2022;2022_14_240;puutteellinen;1
1420;14/2022;2022_14_240;mietintö;1
1420;14/2022;2022_14_240;lausumaehdotus;1
1420;14/2022;2022_14_240;toivoa;1
1420;14/2022;2022_14_240;hartaasti;1
1420;14/2022;2022_14_240;myös;2
1420;14/2022;2022_14_240;vasemmistolainen;1
1420;14/2022;2022_14_240;osa;1
1420;14/2022;2022_14_240;oppi;1
1420;14/2022;2022_14_240;vastaava;1
1420;14/2022;2022_14_240;epätasa-arvo;1
1420;14/2022;2022_14_240;syrjintä;1
1420;14/2022;2022_14_240;enää;1
1420;14/2022;2022_14_240;koskaan;1
1420;14/2022;2022_14_240;kohdistua;1
1420;14/2022;2022_14_240;suomalainen;1
1420;14/2022;2022_14_240;kriisi;2
1420;14/2022;2022_14_240;näköjään;1
1420;14/2022;2022_14_240;pukata;1
1420;14/2022;2022_14_240;koko;1
1420;14/2022;2022_14_240;lisää;1
1420;14/2022;2022_14_240;elpymisväline;1
1420;14/2022;2022_14_240;eu;1
1420;14/2022;2022_14_240;vedätysrahasto;1
1420;14/2022;2022_14_240;kautta;1
1420;14/2022;2022_14_240;italia;1
1420;14/2022;2022_14_240;espanja;1
1420;14/2022;2022_14_240;erittäin;1
1420;14/2022;2022_14_240;avokätisesti;1
1420;14/2022;2022_14_240;lisätä;1
1420;14/2022;2022_14_240;yhteisvelkavastuu;1
1420;14/2022;2022_14_240;pitkälle;1
1420;14/2022;2022_14_240;tulevaisuus;1
1420;14/2022;2022_14_240;jos;1
1420;14/2022;2022_14_240;miljardi;1
1420;14/2022;2022_14_240;käyttää;1
1420;14/2022;2022_14_240;kotimaa;1
1420;14/2022;2022_14_240;kuten;1
1420;14/2022;2022_14_240;asiantuntija;1
1420;14/2022;2022_14_240;hyöty;1
1420;14/2022;2022_14_240;talous;1
1420;14/2022;2022_14_240;huomattavasti;1
1420;14/2022;2022_14_240;kiitos;1
1420;16/2022;2022_16_2;arvoisa;1
1420;16/2022;2022_16_2;puhemies;1
1420;16/2022;2022_16_2;tehdä;1
1420;16/2022;2022_16_2;perussuomalainen;1
1420;16/2022;2022_16_2;vastalause;1
1420;16/2022;2022_16_2;mukainen;1
1420;16/2022;2022_16_2;muutosehdotus;1
1420;72/2022;2022_72_134;arvoisa;2
1420;72/2022;2022_72_134;herra;1
1420;72/2022;2022_72_134;puhemies;2
1420;72/2022;2022_72_134;käsittely;1
1420;72/2022;2022_72_134;olla;9
1420;72/2022;2022_72_134;hallitus;1
1420;72/2022;2022_72_134;esitys;1
1420;72/2022;2022_72_134;laki;2
1420;72/2022;2022_72_134;energiaintensiivinen;1
1420;72/2022;2022_72_134;teollisuus;3
1420;72/2022;2022_72_134;sähköistämistuki;1
1420;72/2022;2022_72_134;talousvaliokunta;1
1420;72/2022;2022_72_134;mietintö;1
1420;72/2022;2022_72_134;jo;2
1420;72/2022;2022_72_134;sellainen;1
1420;72/2022;2022_72_134;kohtuullinen;1
1420;72/2022;2022_72_134;hyvä;1
1420;72/2022;2022_72_134;mutta;1
1420;72/2022;2022_72_134;täydennys;1
1420;72/2022;2022_72_134;tehdä;1
1420;72/2022;2022_72_134;seuraava;1
1420;72/2022;2022_72_134;lausumaehdotus;4
1420;72/2022;2022_72_134;kuulua;2
1420;72/2022;2022_72_134;siis;2
1420;72/2022;2022_72_134;näin;2
1420;72/2022;2022_72_134;eduskunta;1
1420;72/2022;2022_72_134;edellyttää;1
1420;72/2022;2022_72_134;että;4
1420;72/2022;2022_72_134;tukiohjelma;2
1420;72/2022;2022_72_134;vaikuttavuus;1
1420;72/2022;2022_72_134;seurata;1
1420;72/2022;2022_72_134;ja;4
1420;72/2022;2022_72_134;tarvita;1
1420;72/2022;2022_72_134;poistaa;1
1420;72/2022;2022_72_134;miljoona;1
1420;72/2022;2022_72_134;euro;1
1420;72/2022;2022_72_134;yritys;2
1420;72/2022;2022_72_134;konsernikohtainen;1
1420;72/2022;2022_72_134;yläraja;1
1420;72/2022;2022_72_134;nostaa;1
1420;72/2022;2022_72_134;tuki-intensiteetti;2
1420;72/2022;2022_72_134;eu;1
1420;72/2022;2022_72_134;sallia;1
1420;72/2022;2022_72_134;maksimi;1
1420;72/2022;2022_72_134;sekä;1
1420;72/2022;2022_72_134;jatkaa;1
1420;72/2022;2022_72_134;pitkä;1
1420;72/2022;2022_72_134;ajanjakso;1
1420;72/2022;2022_72_134;sitten;1
1420;72/2022;2022_72_134;lyhyt;2
1420;72/2022;2022_72_134;perustelu;1
1420;72/2022;2022_72_134;tämä;1
1420;72/2022;2022_72_134;elinkeinoelämä;1
1420;72/2022;2022_72_134;laajasti;1
1420;72/2022;2022_72_134;se;5
1420;72/2022;2022_72_134;mieli;1
1420;72/2022;2022_72_134;mikäli;1
1420;72/2022;2022_72_134;jäädä;1
1420;72/2022;2022_72_134;liian;2
1420;72/2022;2022_72_134;alas;1
1420;72/2022;2022_72_134;antaa;2
1420;72/2022;2022_72_134;kilpailuetu;1
1420;72/2022;2022_72_134;jäsenmaa;1
1420;72/2022;2022_72_134;joka;1
1420;72/2022;2022_72_134;tukea;1
1420;72/2022;2022_72_134;täysimääräisesti;1
1420;72/2022;2022_72_134;täytyä;1
1420;72/2022;2022_72_134;myös;3
1420;72/2022;2022_72_134;muistaa;1
1420;72/2022;2022_72_134;suomalainen;1
1420;72/2022;2022_72_134;menestyminen;1
1420;72/2022;2022_72_134;varmistaminen;1
1420;72/2022;2022_72_134;itse;1
1420;72/2022;2022_72_134;ilmastoteko;1
1420;72/2022;2022_72_134;samalla;1
1420;72/2022;2022_72_134;varmistaa;1
1420;72/2022;2022_72_134;tuotanto;1
1420;72/2022;2022_72_134;säilyminen;1
1420;72/2022;2022_72_134;kotimaa;1
1420;72/2022;2022_72_134;tieten;1
1420;72/2022;2022_72_134;positiivinen;1
1420;72/2022;2022_72_134;työllisyysvaikutus;1
1420;72/2022;2022_72_134;työpaikka;1
1420;72/2022;2022_72_134;pitää;3
1420;72/2022;2022_72_134;suomi;2
1420;72/2022;2022_72_134;kriittinen;1
1420;72/2022;2022_72_134;tärkeä;1
1420;72/2022;2022_72_134;eurooppa;1
1420;72/2022;2022_72_134;talousnäkymä;1
1420;72/2022;2022_72_134;heiketä;1
1420;72/2022;2022_72_134;nopeasti;2
1420;72/2022;2022_72_134;ei;1
1420;72/2022;2022_72_134;saada;1
1420;72/2022;2022_72_134;yhtään;1
1420;72/2022;2022_72_134;etulyöntiasema;1
1420;72/2022;2022_72_134;keskeinen;1
1420;72/2022;2022_72_134;kilpailijamaa;1
1420;72/2022;2022_72_134;vaan;1
1420;72/2022;2022_72_134;minä;1
1420;72/2022;2022_72_134;luoda;1
1420;72/2022;2022_72_134;oma;1
1420;72/2022;2022_72_134;optimaalinen;1
1420;72/2022;2022_72_134;toimintaympäristö;1
1420;72/2022;2022_72_134;usea;1
1420;72/2022;2022_72_134;asiantuntijalausunto;1
1420;72/2022;2022_72_134;nousta;1
1420;72/2022;2022_72_134;esiin;1
1420;72/2022;2022_72_134;esittää;1
1420;72/2022;2022_72_134;tukikausi;1
1420;72/2022;2022_72_134;tarve;1
1420;72/2022;2022_72_134;mukaan;1
1420;72/2022;2022_72_134;pidentää;1
1420;72/2022;2022_72_134;kansainvälinen;1
1420;72/2022;2022_72_134;tilanne;1
1420;72/2022;2022_72_134;reagoida;1
1420;72/2022;2022_72_134;kiitos;1
1420;108/2022;2022_108_101;arvoisa;2
1420;108/2022;2022_108_101;puhemies;2
1420;108/2022;2022_108_101;tämä;4
1420;108/2022;2022_108_101;yhteys;1
1420;108/2022;2022_108_101;kun;1
1420;108/2022;2022_108_101;käsitellä;1
1420;108/2022;2022_108_101;kuljetusala;1
1420;108/2022;2022_108_101;ja;9
1420;108/2022;2022_108_101;koneala;2
1420;108/2022;2022_108_101;polttoainetuki;2
1420;108/2022;2022_108_101;haluta;1
1420;108/2022;2022_108_101;sanoa;1
1420;108/2022;2022_108_101;jokin;1
1420;108/2022;2022_108_101;polttoaine;5
1420;108/2022;2022_108_101;hintamuodostus;1
1420;108/2022;2022_108_101;hinta;4
1420;108/2022;2022_108_101;nostaa;2
1420;108/2022;2022_108_101;kuten;2
1420;108/2022;2022_108_101;tietää;1
1420;108/2022;2022_108_101;venäjä;2
1420;108/2022;2022_108_101;hyökkäyssota;1
1420;108/2022;2022_108_101;seuraus;2
1420;108/2022;2022_108_101;talouspakote;1
1420;108/2022;2022_108_101;vastapakote;1
1420;108/2022;2022_108_101;käynti;1
1420;108/2022;2022_108_101;olla;7
1420;108/2022;2022_108_101;aseellinen;1
1420;108/2022;2022_108_101;sota;2
1420;108/2022;2022_108_101;lisäksi;2
1420;108/2022;2022_108_101;kauppasota;1
1420;108/2022;2022_108_101;joka;2
1420;108/2022;2022_108_101;tarkoitus;1
1420;108/2022;2022_108_101;saada;2
1420;108/2022;2022_108_101;lopettaa;1
1420;108/2022;2022_108_101;järjetön;1
1420;108/2022;2022_108_101;hyökkäys;1
1420;108/2022;2022_108_101;toivottavasti;2
1420;108/2022;2022_108_101;näin;1
1420;108/2022;2022_108_101;myös;2
1420;108/2022;2022_108_101;käydä;1
1420;108/2022;2022_108_101;ukraina;1
1420;108/2022;2022_108_101;rauha;1
1420;108/2022;2022_108_101;mahdollisimman;1
1420;108/2022;2022_108_101;nopeasti;1
1420;108/2022;2022_108_101;suomi;1
1420;108/2022;2022_108_101;liiallinen;1
1420;108/2022;2022_108_101;kunnianhimo;1
1420;108/2022;2022_108_101;päästötavoite;1
1420;108/2022;2022_108_101;erilainen;1
1420;108/2022;2022_108_101;vihreä;1
1420;108/2022;2022_108_101;siirtymä;1
1420;108/2022;2022_108_101;sopimus;1
1420;108/2022;2022_108_101;liittyä;1
1420;108/2022;2022_108_101;jakelu;1
1420;108/2022;2022_108_101;sekoitevelvoite;1
1420;108/2022;2022_108_101;hiilidioksidimaksu;1
1420;108/2022;2022_108_101;tiukka;1
1420;108/2022;2022_108_101;aikataulu;1
1420;108/2022;2022_108_101;niin;1
1420;108/2022;2022_108_101;edelleen;1
1420;108/2022;2022_108_101;vaikuttaa;1
1420;108/2022;2022_108_101;korottavasti;1
1420;108/2022;2022_108_101;kiihdyttää;1
1420;108/2022;2022_108_101;inflaatio;3
1420;108/2022;2022_108_101;tänään;1
1420;108/2022;2022_108_101;taas;1
1420;108/2022;2022_108_101;edustaja;1
1420;108/2022;2022_108_101;hoskonen;1
1420;108/2022;2022_108_101;mainita;1
1420;108/2022;2022_108_101;kuulla;1
1420;108/2022;2022_108_101;talousvaliokunta;1
1420;108/2022;2022_108_101;mikä;1
1420;108/2022;2022_108_101;tulema;1
1420;108/2022;2022_108_101;pitää;3
1420;108/2022;2022_108_101;kohta;1
1420;108/2022;2022_108_101;lähivuosi;1
1420;108/2022;2022_108_101;kiihtyä;2
1420;108/2022;2022_108_101;puolesta;1
1420;108/2022;2022_108_101;köyhdyttää;1
1420;108/2022;2022_108_101;kansalainen;1
1420;108/2022;2022_108_101;heikentää;1
1420;108/2022;2022_108_101;moni;1
1420;108/2022;2022_108_101;yritys;2
1420;108/2022;2022_108_101;toiminta;1
1420;108/2022;2022_108_101;yhdistää;1
1420;108/2022;2022_108_101;korko;1
1420;108/2022;2022_108_101;nousu;1
1420;108/2022;2022_108_101;kotitalous;1
1420;108/2022;2022_108_101;koko;1
1420;108/2022;2022_108_101;kansantalous;1
1420;108/2022;2022_108_101;myrkky;1
1420;108/2022;2022_108_101;ei;2
1420;108/2022;2022_108_101;mikään;1
1420;108/2022;2022_108_101;osa;1
1420;108/2022;2022_108_101;toivottava;1
1420;108/2022;2022_108_101;järkevä;1
1420;108/2022;2022_108_101;hyväksyttävä;1
1420;108/2022;2022_108_101;politiikka;1
1420;108/2022;2022_108_101;että;1
1420;108/2022;2022_108_101;eduskuntatalo;1
1420;108/2022;2022_108_101;käsin;1
1420;108/2022;2022_108_101;tehdä;2
1420;108/2022;2022_108_101;päätös;1
1420;108/2022;2022_108_101;kuluttajahinta;1
1420;108/2022;2022_108_101;nousta;1
1420;108/2022;2022_108_101;ihminen;1
1420;108/2022;2022_108_101;ostovoima;1
1420;108/2022;2022_108_101;heiketä;1
1420;108/2022;2022_108_101;hallitus;1
1420;108/2022;2022_108_101;esitys;1
1420;108/2022;2022_108_101;ehdottaa;1
1420;108/2022;2022_108_101;kuljetus;1
1420;108/2022;2022_108_101;viisi;1
1420;108/2022;2022_108_101;sentti;2
1420;108/2022;2022_108_101;litra;2
1420;108/2022;2022_108_101;tietty;1
1420;108/2022;2022_108_101;ajanjakso;1
1420;108/2022;2022_108_101;se;2
1420;108/2022;2022_108_101;liian;1
1420;108/2022;2022_108_101;vähän;1
1420;108/2022;2022_108_101;kahdeksan;1
1420;108/2022;2022_108_101;eli;1
1420;108/2022;2022_108_101;antaa;1
1420;108/2022;2022_108_101;lupaus;1
1420;108/2022;2022_108_101;miljoona;1
1420;108/2022;2022_108_101;tuki;1
1420;108/2022;2022_108_101;täytyä;1
1420;108/2022;2022_108_101;kiinni;1
1420;108/2022;2022_108_101;siksi;1
1420;108/2022;2022_108_101;minä;1
1420;108/2022;2022_108_101;perussuomalainen;1
1420;108/2022;2022_108_101;yhdessä;1
1420;108/2022;2022_108_101;kokoomus;1
1420;108/2022;2022_108_101;kanssa;1
1420;108/2022;2022_108_101;laki;1
1420;108/2022;2022_108_101;pykälävastalause;1
1420;108/2022;2022_108_129;kiitos;2
1420;108/2022;2022_108_129;arvoisa;1
1420;108/2022;2022_108_129;puhemies;1
1420;108/2022;2022_108_129;kyllä;1
1420;108/2022;2022_108_129;hämmästellä;1
1420;108/2022;2022_108_129;keskusta;1
1420;108/2022;2022_108_129;linja;1
1420;108/2022;2022_108_129;tämä;3
1420;108/2022;2022_108_129;kuljetus;1
1420;108/2022;2022_108_129;ja;3
1420;108/2022;2022_108_129;koneyrittäjä;1
1420;108/2022;2022_108_129;polttoainetua;1
1420;108/2022;2022_108_129;ari;1
1420;108/2022;2022_108_129;torniainen;1
1420;108/2022;2022_108_129;se;5
1420;108/2022;2022_108_129;haluta;1
1420;108/2022;2022_108_129;tukea;1
1420;108/2022;2022_108_129;tuomas;1
1420;108/2022;2022_108_129;kettunen;1
1420;108/2022;2022_108_129;minä;1
1420;108/2022;2022_108_129;ihmetellä;2
1420;108/2022;2022_108_129;perussuomalainen;2
1420;108/2022;2022_108_129;talouslinja;1
1420;108/2022;2022_108_129;olla;5
1420;108/2022;2022_108_129;sinä;2
1420;108/2022;2022_108_129;niin;1
1420;108/2022;2022_108_129;kauan;1
1420;108/2022;2022_108_129;siellä;1
1420;108/2022;2022_108_129;sosialismi;1
1420;108/2022;2022_108_129;puoli;1
1420;108/2022;2022_108_129;että;3
1420;108/2022;2022_108_129;unohtaa;1
1420;108/2022;2022_108_129;pienyrittäjä;1
1420;108/2022;2022_108_129;tällainen;1
1420;108/2022;2022_108_129;porvarillinen;1
1420;108/2022;2022_108_129;talouspolitiikka;1
1420;108/2022;2022_108_129;ei;2
1420;108/2022;2022_108_129;tarvita;1
1420;108/2022;2022_108_129;kauheasti;1
1420;108/2022;2022_108_129;sitten;1
1420;108/2022;2022_108_129;kannatuslukema;1
1420;108/2022;2022_108_129;tulevaisuus;1
1420;108/2022;2022_108_129;miksi;1
1420;108/2022;2022_108_129;mennä;1
1420;108/2022;2022_108_129;alaspäin;1
1420;108/2022;2022_108_129;nyt;1
1420;108/2022;2022_108_129;yksi;1
1420;108/2022;2022_108_129;paikka;1
1420;108/2022;2022_108_129;vähän;1
1420;108/2022;2022_108_129;kääntää;1
1420;108/2022;2022_108_129;kelkka;1
1420;108/2022;2022_108_129;tulla;1
1420;108/2022;2022_108_129;mukaan;1
1420;108/2022;2022_108_129;kokoomus;1
1420;108/2022;2022_108_129;esitys;1
1420;108/2022;2022_108_129;antaa;1
1420;108/2022;2022_108_129;koko;1
1420;108/2022;2022_108_129;raha;1
1420;108/2022;2022_108_129;mikä;1
1420;108/2022;2022_108_129;budjetoida;1
1420;108/2022;2022_108_129;miljoona;1
1420;108/2022;2022_108_129;sinne;1
1420;108/2022;2022_108_129;lähteä;1
1420;108/2022;2022_108_129;ottaa;1
1420;108/2022;2022_108_143;arvoisa;1
1420;108/2022;2022_108_143;puhemies;1
1420;108/2022;2022_108_143;kyllä;2
1420;108/2022;2022_108_143;tämä;4
1420;108/2022;2022_108_143;kun;2
1420;108/2022;2022_108_143;vihreä;2
1420;108/2022;2022_108_143;kuunnella;1
1420;108/2022;2022_108_143;tulla;2
1420;108/2022;2022_108_143;sellainen;2
1420;108/2022;2022_108_143;tunne;1
1420;108/2022;2022_108_143;että;8
1420;108/2022;2022_108_143;ihan;1
1420;108/2022;2022_108_143;kuin;1
1420;108/2022;2022_108_143;toivoa;2
1420;108/2022;2022_108_143;tuolla;1
1420;108/2022;2022_108_143;tie;2
1420;108/2022;2022_108_143;ei;3
1420;108/2022;2022_108_143;olla;7
1420;108/2022;2022_108_143;yhtään;2
1420;108/2022;2022_108_143;rekka;1
1420;108/2022;2022_108_143;tai;2
1420;108/2022;2022_108_143;auto;1
1420;108/2022;2022_108_143;mari;1
1420;108/2022;2022_108_143;holopainen;1
1420;108/2022;2022_108_143;välihuuto;1
1420;108/2022;2022_108_143;kaikki;2
1420;108/2022;2022_108_143;jäädä;1
1420;108/2022;2022_108_143;vain;1
1420;108/2022;2022_108_143;tyhjä;1
1420;108/2022;2022_108_143;tankki;1
1420;108/2022;2022_108_143;jonnekin;1
1420;108/2022;2022_108_143;viereen;1
1420;108/2022;2022_108_143;minä;3
1420;108/2022;2022_108_143;haluta;1
1420;108/2022;2022_108_143;muistuttaa;1
1420;108/2022;2022_108_143;asia;3
1420;108/2022;2022_108_143;kuljetusala;2
1420;108/2022;2022_108_143;maksaa;1
1420;108/2022;2022_108_143;tosi;2
1420;108/2022;2022_108_143;paljon;3
1420;108/2022;2022_108_143;vero;2
1420;108/2022;2022_108_143;nyt;3
1420;108/2022;2022_108_143;muistaa;1
1420;108/2022;2022_108_143;tarkkaan;1
1420;108/2022;2022_108_143;yksi;1
1420;108/2022;2022_108_143;polttoainelitra;1
1420;108/2022;2022_108_143;mutta;2
1420;108/2022;2022_108_143;semmoinen;1
1420;108/2022;2022_108_143;nyrkkisääntö;1
1420;108/2022;2022_108_143;se;7
1420;108/2022;2022_108_143;puoli;1
1420;108/2022;2022_108_143;jos;1
1420;108/2022;2022_108_143;sitten;2
1420;108/2022;2022_108_143;palauttaa;1
1420;108/2022;2022_108_143;viisi;1
1420;108/2022;2022_108_143;sentti;3
1420;108/2022;2022_108_143;kahdeksan;2
1420;108/2022;2022_108_143;hyvin;1
1420;108/2022;2022_108_143;lyhyt;1
1420;108/2022;2022_108_143;aikaväli;1
1420;108/2022;2022_108_143;niin;1
1420;108/2022;2022_108_143;vähintään;1
1420;108/2022;2022_108_143;reilu;1
1420;108/2022;2022_108_143;tällainen;1
1420;108/2022;2022_108_143;kriisi;1
1420;108/2022;2022_108_143;koska;1
1420;108/2022;2022_108_143;veronmaksu;1
1420;108/2022;2022_108_143;jatkua;1
1420;108/2022;2022_108_143;taas;1
1420;108/2022;2022_108_143;olo;1
1420;108/2022;2022_108_143;normalisoitua;1
1420;108/2022;2022_108_143;ja;4
1420;108/2022;2022_108_143;valtio;1
1420;108/2022;2022_108_143;kassa;1
1420;108/2022;2022_108_143;kilistä;1
1420;108/2022;2022_108_143;koneala;1
1420;108/2022;2022_108_143;polttoaine;1
1420;108/2022;2022_108_143;käyttää;1
1420;108/2022;2022_108_143;alkaa;1
1420;108/2022;2022_108_143;verotua;1
1420;108/2022;2022_108_143;eli;1
1420;108/2022;2022_108_143;edelleen;1
1420;108/2022;2022_108_143;katsoa;2
1420;108/2022;2022_108_143;keskusta;2
1420;108/2022;2022_108_143;ymmärtää;1
1420;108/2022;2022_108_143;vihervasemmisto;1
1420;108/2022;2022_108_143;taipua;1
1420;108/2022;2022_108_143;sinä;1
1420;108/2022;2022_108_143;vastaan;1
1420;108/2022;2022_108_143;saada;1
1420;108/2022;2022_108_143;vielä;1
1420;108/2022;2022_108_143;muuttua;1
1420;110/2022;2022_110_3;arvoisa;1
1420;110/2022;2022_110_3;puhemies;1
1420;110/2022;2022_110_3;kannattaa;1
1420;110/2022;2022_110_5;arvoisa;1
1420;110/2022;2022_110_5;puhemies;1
1420;110/2022;2022_110_5;kannattaa;1
1420;110/2022;2022_110_5;edustaja;1
1420;110/2022;2022_110_5;sankelo;1
1420;110/2022;2022_110_5;tehdä;1
1420;110/2022;2022_110_5;esitys;1
1420;131/2022;2022_131_202;arvoisa;1
1420;131/2022;2022_131_202;puhemies;3
1420;131/2022;2022_131_202;käsittely;2
1420;131/2022;2022_131_202;olla;7
1420;131/2022;2022_131_202;lakiesitys;2
1420;131/2022;2022_131_202;joka;4
1420;131/2022;2022_131_202;uhata;1
1420;131/2022;2022_131_202;nostaa;2
1420;131/2022;2022_131_202;liikenne;3
1420;131/2022;2022_131_202;käyttää;1
1420;131/2022;2022_131_202;polttoaine;7
1420;131/2022;2022_131_202;hinta;7
1420;131/2022;2022_131_202;pitkälle;1
1420;131/2022;2022_131_202;tulevaisuus;1
1420;131/2022;2022_131_202;kyse;1
1420;131/2022;2022_131_202;siis;2
1420;131/2022;2022_131_202;laki;3
1420;131/2022;2022_131_202;velvoittaa;1
1420;131/2022;2022_131_202;sekoittaa;1
1420;131/2022;2022_131_202;tavallinen;2
1420;131/2022;2022_131_202;kallis;1
1420;131/2022;2022_131_202;biopolttoaine;2
1420;131/2022;2022_131_202;tämä;7
1420;131/2022;2022_131_202;perustella;1
1420;131/2022;2022_131_202;päästö;1
1420;131/2022;2022_131_202;vähentäminen;1
1420;131/2022;2022_131_202;jos;2
1420;131/2022;2022_131_202;astua;1
1420;131/2022;2022_131_202;voimaan;1
1420;131/2022;2022_131_202;jakeluvelvoite;3
1420;131/2022;2022_131_202;kiristää;1
1420;131/2022;2022_131_202;ja;6
1420;131/2022;2022_131_202;korottaa;1
1420;131/2022;2022_131_202;entisestään;2
1420;131/2022;2022_131_202;vuosi;1
1420;131/2022;2022_131_202;tulla;1
1420;131/2022;2022_131_202;merkittävä;2
1420;131/2022;2022_131_202;vaikutus;2
1420;131/2022;2022_131_202;kuluttaja;1
1420;131/2022;2022_131_202;kotitalous;2
1420;131/2022;2022_131_202;kuljetusala;1
1420;131/2022;2022_131_202;yritys;2
1420;131/2022;2022_131_202;koko;1
1420;131/2022;2022_131_202;kansantalous;1
1420;131/2022;2022_131_202;se;3
1420;131/2022;2022_131_202;negatiivinen;1
1420;131/2022;2022_131_202;jokin;1
1420;131/2022;2022_131_202;perustelu;1
1420;131/2022;2022_131_202;viestintävaliokunta;1
1420;131/2022;2022_131_202;kiinnittää;1
1420;131/2022;2022_131_202;huomio;1
1420;131/2022;2022_131_202;lisääntyä;1
1420;131/2022;2022_131_202;liikenneköyhyys;2
1420;131/2022;2022_131_202;korotus;1
1420;131/2022;2022_131_202;osua;1
1420;131/2022;2022_131_202;kipeästi;1
1420;131/2022;2022_131_202;alin;1
1420;131/2022;2022_131_202;tuloluokka;1
1420;131/2022;2022_131_202;polttoainekustannus;1
1420;131/2022;2022_131_202;muodostaa;1
1420;131/2022;2022_131_202;suuri;2
1420;131/2022;2022_131_202;osa;1
1420;131/2022;2022_131_202;kokonaiskulutus;1
1420;131/2022;2022_131_202;suomi;5
1420;131/2022;2022_131_202;liikkuminen;1
1420;131/2022;2022_131_202;vapaasti;1
1420;131/2022;2022_131_202;onnistua;1
1420;131/2022;2022_131_202;laaja;1
1420;131/2022;2022_131_202;alue;1
1420;131/2022;2022_131_202;vain;1
1420;131/2022;2022_131_202;henkilöauto;1
1420;131/2022;2022_131_202;ei;8
1420;131/2022;2022_131_202;kaupunki;1
1420;131/2022;2022_131_202;asua;1
1420;131/2022;2022_131_202;ilmastopaniikki;1
1420;131/2022;2022_131_202;vajota;1
1420;131/2022;2022_131_202;ihminen;2
1420;131/2022;2022_131_202;ymmärtää;2
1420;131/2022;2022_131_202;näköjään;1
1420;131/2022;2022_131_202;moni;1
1420;131/2022;2022_131_202;kansanedustaja;2
1420;131/2022;2022_131_202;sekoittaminen;1
1420;131/2022;2022_131_202;sekaan;1
1420;131/2022;2022_131_202;pitää;3
1420;131/2022;2022_131_202;pakko;1
1420;131/2022;2022_131_202;lisätä;1
1420;131/2022;2022_131_202;herra;2
1420;131/2022;2022_131_202;inflaatio;2
1420;131/2022;2022_131_202;riivata;1
1420;131/2022;2022_131_202;jo;1
1420;131/2022;2022_131_202;nyt;3
1420;131/2022;2022_131_202;kohota;1
1420;131/2022;2022_131_202;mutta;1
1420;131/2022;2022_131_202;palkka;1
1420;131/2022;2022_131_202;seurata;1
1420;131/2022;2022_131_202;perässä;1
1420;131/2022;2022_131_202;kun;1
1420;131/2022;2022_131_202;kansalainen;3
1420;131/2022;2022_131_202;käyttövara;1
1420;131/2022;2022_131_202;huveta;1
1420;131/2022;2022_131_202;alkaa;1
1420;131/2022;2022_131_202;talous;1
1420;131/2022;2022_131_202;sakata;1
1420;131/2022;2022_131_202;erittäin;1
1420;131/2022;2022_131_202;huono;1
1420;131/2022;2022_131_202;politiikka;1
1420;131/2022;2022_131_202;kiihdyttää;1
1420;131/2022;2022_131_202;lainsäädäntö;1
1420;131/2022;2022_131_202;kautta;1
1420;131/2022;2022_131_202;kuten;2
1420;131/2022;2022_131_202;tehdä;2
1420;131/2022;2022_131_202;keskittää;1
1420;131/2022;2022_131_202;tekeminen;1
1420;131/2022;2022_131_202;ostovoima;1
1420;131/2022;2022_131_202;lisääminen;1
1420;131/2022;2022_131_202;korottaminen;1
1420;131/2022;2022_131_202;luopua;1
1420;131/2022;2022_131_202;täysin;1
1420;131/2022;2022_131_202;perusteeton;1
1420;131/2022;2022_131_202;ilmastokunnianhimo;2
1420;131/2022;2022_131_202;siirtyä;1
1420;131/2022;2022_131_202;muu;1
1420;131/2022;2022_131_202;eurooppa;2
1420;131/2022;2022_131_202;tahti;1
1420;131/2022;2022_131_202;ilmastotoimi;2
1420;131/2022;2022_131_202;riittää;1
1420;131/2022;2022_131_202;peruste;1
1420;131/2022;2022_131_202;fakta;1
1420;131/2022;2022_131_202;että;3
1420;131/2022;2022_131_202;itse;1
1420;131/2022;2022_131_202;keksiä;1
1420;131/2022;2022_131_202;kansallinen;1
1420;131/2022;2022_131_202;kurittaa;1
1420;131/2022;2022_131_202;vaikuttaa;1
1420;131/2022;2022_131_202;ilmasto;1
1420;131/2022;2022_131_202;mikään;2
1420;131/2022;2022_131_202;tapa;2
1420;131/2022;2022_131_202;toistaa;1
1420;131/2022;2022_131_202;liika;1
1420;131/2022;2022_131_202;kunnianhimo;1
1420;131/2022;2022_131_202;köyhdyttää;1
1420;131/2022;2022_131_202;haitata;1
1420;131/2022;2022_131_202;murentaa;1
1420;131/2022;2022_131_202;hyvinvointivaltio;1
1420;131/2022;2022_131_202;rahoituspohja;1
1420;131/2022;2022_131_202;siksi;1
1420;131/2022;2022_131_202;minä;1
1420;131/2022;2022_131_202;perussuomalainen;1
1420;131/2022;2022_131_202;vastalause;1
1420;131/2022;2022_131_202;sisältää;1
1420;131/2022;2022_131_202;seuraava;1
1420;131/2022;2022_131_202;kaksi;1
1420;131/2022;2022_131_202;lausumaehdotus;1
1420;131/2022;2022_131_202;eduskunta;2
1420;131/2022;2022_131_202;edellyttää;2
1420;131/2022;2022_131_202;taso;1
1420;131/2022;2022_131_202;muutos;1
1420;131/2022;2022_131_202;aiheuttaa;1
1420;131/2022;2022_131_202;lisäkustannus;1
1420;131/2022;2022_131_202;hakea;1
1420;131/2022;2022_131_202;erityisolosuhde;1
1420;131/2022;2022_131_202;vedota;1
1420;131/2022;2022_131_202;unioni;1
1420;131/2022;2022_131_202;erillislupa;1
1420;131/2022;2022_131_202;poiketa;1
1420;131/2022;2022_131_202;vähimmäisvaatimus;1
1420;131/2022;2022_131_202;kiitos;1
1420;136/2022;2022_136_174;arvoisa;1
1420;136/2022;2022_136_174;puhemies;1
1420;136/2022;2022_136_174;tosiaan;1
1420;136/2022;2022_136_174;minä;2
1420;136/2022;2022_136_174;perussuomalainen;2
1420;136/2022;2022_136_174;olla;6
1420;136/2022;2022_136_174;jo;1
1420;136/2022;2022_136_174;pitkään;1
1420;136/2022;2022_136_174;se;3
1420;136/2022;2022_136_174;mieli;1
1420;136/2022;2022_136_174;että;3
1420;136/2022;2022_136_174;tämä;10
1420;136/2022;2022_136_174;suomi;4
1420;136/2022;2022_136_174;ylikunnianhimo;1
1420;136/2022;2022_136_174;hyödytön;1
1420;136/2022;2022_136_174;pitää;1
1420;136/2022;2022_136_174;takia;1
1420;136/2022;2022_136_174;luopua;1
1420;136/2022;2022_136_174;perusteeton;1
1420;136/2022;2022_136_174;kunnianhimo;2
1420;136/2022;2022_136_174;ja;4
1420;136/2022;2022_136_174;siirtyä;1
1420;136/2022;2022_136_174;muu;1
1420;136/2022;2022_136_174;eurooppa;2
1420;136/2022;2022_136_174;tahti;1
1420;136/2022;2022_136_174;ilmastotoimi;2
1420;136/2022;2022_136_174;ruotsi;1
1420;136/2022;2022_136_174;hiilineutraaliustavoite;1
1420;136/2022;2022_136_174;vuosi;1
1420;136/2022;2022_136_174;tanska;1
1420;136/2022;2022_136_174;liika;1
1420;136/2022;2022_136_174;kuten;1
1420;136/2022;2022_136_174;käsittely;1
1420;136/2022;2022_136_174;lakiesitys;1
1420;136/2022;2022_136_174;köyhdyttää;1
1420;136/2022;2022_136_174;ihminen;1
1420;136/2022;2022_136_174;haitata;1
1420;136/2022;2022_136_174;yritys;1
1420;136/2022;2022_136_174;murentaa;1
1420;136/2022;2022_136_174;hyvinvointivaltio;1
1420;136/2022;2022_136_174;rahoituspohja;1
1420;136/2022;2022_136_174;siksi;1
1420;136/2022;2022_136_174;tehdä;1
1420;136/2022;2022_136_174;vastalause;1
1420;136/2022;2022_136_174;joka;1
1420;136/2022;2022_136_174;äsken;1
1420;136/2022;2022_136_174;esitellä;1
1420;136/2022;2022_136_174;kaksi;1
1420;136/2022;2022_136_174;lausumaehdotus;1
1420;136/2022;2022_136_174;lukea;1
1420;136/2022;2022_136_174;vielä;1
1420;136/2022;2022_136_174;kertaalleen;1
1420;136/2022;2022_136_174;eduskunta;2
1420;136/2022;2022_136_174;edellyttää;2
1420;136/2022;2022_136_174;jakeluvelvoite;2
1420;136/2022;2022_136_174;taso;1
1420;136/2022;2022_136_174;muutos;1
1420;136/2022;2022_136_174;ei;1
1420;136/2022;2022_136_174;aiheuttaa;1
1420;136/2022;2022_136_174;merkittävä;1
1420;136/2022;2022_136_174;lisäkustannus;1
1420;136/2022;2022_136_174;polttoaine;1
1420;136/2022;2022_136_174;hinta;1
1420;136/2022;2022_136_174;hakea;1
1420;136/2022;2022_136_174;erityisolosuhde;1
1420;136/2022;2022_136_174;vedota;1
1420;136/2022;2022_136_174;unioni;1
1420;136/2022;2022_136_174;erillislupa;1
1420;136/2022;2022_136_174;poiketa;1
1420;136/2022;2022_136_174;vähimmäisvaatimus;1
1420;136/2022;2022_136_174;kiitos;1
1420;155/2022;2022_155_35;arvoisa;2
1420;155/2022;2022_155_35;puhemies;2
1420;155/2022;2022_155_35;hallitus;4
1420;155/2022;2022_155_35;esitys;1
1420;155/2022;2022_155_35;ilmastorahasto;12
1420;155/2022;2022_155_35;oy;8
1420;155/2022;2022_155_35;liittyä;3
1420;155/2022;2022_155_35;vahvasti;1
1420;155/2022;2022_155_35;sanna;1
1420;155/2022;2022_155_35;marin;1
1420;155/2022;2022_155_35;tavoite;3
1420;155/2022;2022_155_35;joka;7
1420;155/2022;2022_155_35;suomi;1
1420;155/2022;2022_155_35;olla;15
1420;155/2022;2022_155_35;hiilineutraali;1
1420;155/2022;2022_155_35;vuosi;2
1420;155/2022;2022_155_35;eli;2
1420;155/2022;2022_155_35;paljon;1
1420;155/2022;2022_155_35;ennen;1
1420;155/2022;2022_155_35;minä;3
1420;155/2022;2022_155_35;keskeinen;1
1420;155/2022;2022_155_35;verrokkimaa;1
1420;155/2022;2022_155_35;esimerkiksi;1
1420;155/2022;2022_155_35;ruotsi;1
1420;155/2022;2022_155_35;tanska;1
1420;155/2022;2022_155_35;ja;15
1420;155/2022;2022_155_35;saksa;1
1420;155/2022;2022_155_35;oma;2
1420;155/2022;2022_155_35;sana;1
1420;155/2022;2022_155_35;mukaan;2
1420;155/2022;2022_155_35;valtio;4
1420;155/2022;2022_155_35;erityistehtäväyhtiö;1
1420;155/2022;2022_155_35;toiminta;2
1420;155/2022;2022_155_35;keskittyä;1
1420;155/2022;2022_155_35;ilmastomuutos;2
1420;155/2022;2022_155_35;torjuminen;1
1420;155/2022;2022_155_35;teollisuus;1
1420;155/2022;2022_155_35;vähähiilisyys;1
1420;155/2022;2022_155_35;vauhdittaminen;1
1420;155/2022;2022_155_35;digitalisaatio;1
1420;155/2022;2022_155_35;edistäminen;1
1420;155/2022;2022_155_35;alun;1
1420;155/2022;2022_155_35;perin;1
1420;155/2022;2022_155_35;kyseinen;2
1420;155/2022;2022_155_35;yhtiö;3
1420;155/2022;2022_155_35;juha;1
1420;155/2022;2022_155_35;sipilä;1
1420;155/2022;2022_155_35;luomus;1
1420;155/2022;2022_155_35;nimi;1
1420;155/2022;2022_155_35;vake;1
1420;155/2022;2022_155_35;ei;7
1420;155/2022;2022_155_35;tuottaa;1
1420;155/2022;2022_155_35;mikään;1
1420;155/2022;2022_155_35;muu;1
1420;155/2022;2022_155_35;kuin;3
1420;155/2022;2022_155_35;miljoona;1
1420;155/2022;2022_155_35;euro;2
1420;155/2022;2022_155_35;tappio;1
1420;155/2022;2022_155_35;minkälainen;1
1420;155/2022;2022_155_35;sijoituspolitiikka;2
1420;155/2022;2022_155_35;tämä;6
1420;155/2022;2022_155_35;uudelleen;1
1420;155/2022;2022_155_35;nimetä;1
1420;155/2022;2022_155_35;sitten;1
1420;155/2022;2022_155_35;harjoittaa;1
1420;155/2022;2022_155_35;sivu;1
1420;155/2022;2022_155_35;kertoa;2
1420;155/2022;2022_155_35;seuraavasti;1
1420;155/2022;2022_155_35;pyrkiä;1
1420;155/2022;2022_155_35;päätöksenteko;1
1420;155/2022;2022_155_35;se;8
1420;155/2022;2022_155_35;että;6
1420;155/2022;2022_155_35;sijoittaa;3
1420;155/2022;2022_155_35;pääoma;5
1420;155/2022;2022_155_35;palautua;1
1420;155/2022;2022_155_35;täysimääräisesti;1
1420;155/2022;2022_155_35;yli;2
1420;155/2022;2022_155_35;aika;3
1420;155/2022;2022_155_35;portfolio;1
1420;155/2022;2022_155_35;tarkastella;1
1420;155/2022;2022_155_35;sisältyä;1
1420;155/2022;2022_155_35;kuitenkin;1
1420;155/2022;2022_155_35;riski;1
1420;155/2022;2022_155_35;vuoksi;2
1420;155/2022;2022_155_35;palautuminen;3
1420;155/2022;2022_155_35;yksittäinen;1
1420;155/2022;2022_155_35;rahoituspäätös;1
1420;155/2022;2022_155_35;osa;2
1420;155/2022;2022_155_35;merkittävä;3
1420;155/2022;2022_155_35;epävarmuus;2
1420;155/2022;2022_155_35;lisäksi;2
1420;155/2022;2022_155_35;aikajänne;1
1420;155/2022;2022_155_35;pitkä;1
1420;155/2022;2022_155_35;siis;3
1420;155/2022;2022_155_35;itse;2
1420;155/2022;2022_155_35;todeta;2
1420;155/2022;2022_155_35;jo;2
1420;155/2022;2022_155_35;nyt;4
1420;155/2022;2022_155_35;tulla;4
1420;155/2022;2022_155_35;vetää;1
1420;155/2022;2022_155_35;jarru;1
1420;155/2022;2022_155_35;ehto;1
1420;155/2022;2022_155_35;tahto;1
1420;155/2022;2022_155_35;edistää;1
1420;155/2022;2022_155_35;tämäntyyppinen;1
1420;155/2022;2022_155_35;riskibisnes;1
1420;155/2022;2022_155_35;yhteiskunnallinen;2
1420;155/2022;2022_155_35;vaikuttavuus;2
1420;155/2022;2022_155_35;tuotto;4
1420;155/2022;2022_155_35;maksimointi;1
1420;155/2022;2022_155_35;sijaan;1
1420;155/2022;2022_155_35;niin;1
1420;155/2022;2022_155_35;sanottu;1
1420;155/2022;2022_155_35;tärkeä;1
1420;155/2022;2022_155_35;varallisuus;1
1420;155/2022;2022_155_35;saada;2
1420;155/2022;2022_155_35;oikeasti;1
1420;155/2022;2022_155_35;jokin;1
1420;155/2022;2022_155_35;suomalainen;4
1420;155/2022;2022_155_35;kansallisvarallisuus;3
1420;155/2022;2022_155_35;väärinkäyttö;1
1420;155/2022;2022_155_35;vielä;2
1420;155/2022;2022_155_35;hullu;1
1420;155/2022;2022_155_35;asia;1
1420;155/2022;2022_155_35;tehdä;1
1420;155/2022;2022_155_35;toimitusjohtaja;1
1420;155/2022;2022_155_35;tai;1
1420;155/2022;2022_155_35;tuskin;1
1420;155/2022;2022_155_35;voida;2
1420;155/2022;2022_155_35;edes;2
1420;155/2022;2022_155_35;potku;1
1420;155/2022;2022_155_35;vaikka;1
1420;155/2022;2022_155_35;hän;1
1420;155/2022;2022_155_35;kuinka;1
1420;155/2022;2022_155_35;hassata;1
1420;155/2022;2022_155_35;raha;3
1420;155/2022;2022_155_35;ideologinen;1
1420;155/2022;2022_155_35;hanke;1
1420;155/2022;2022_155_35;varsinainen;1
1420;155/2022;2022_155_35;unelmaduuni;1
1420;155/2022;2022_155_35;yritysjohto;1
1420;155/2022;2022_155_35;kun;3
1420;155/2022;2022_155_35;viskoa;1
1420;155/2022;2022_155_35;sinne;1
1420;155/2022;2022_155_35;tänne;1
1420;155/2022;2022_155_35;lähes;1
1420;155/2022;2022_155_35;ilman;1
1420;155/2022;2022_155_35;vastuu;1
1420;155/2022;2022_155_35;kunhan;1
1420;155/2022;2022_155_35;viskominen;1
1420;155/2022;2022_155_35;riittävä;1
1420;155/2022;2022_155_35;vihreä;1
1420;155/2022;2022_155_35;vähähiilinen;1
1420;155/2022;2022_155_35;digitaalinen;1
1420;155/2022;2022_155_35;kuten;1
1420;155/2022;2022_155_35;kaikki;1
1420;155/2022;2022_155_35;tietää;1
1420;155/2022;2022_155_35;elää;1
1420;155/2022;2022_155_35;poikkeuksellinen;1
1420;155/2022;2022_155_35;viime;1
1420;155/2022;2022_155_35;hetki;2
1420;155/2022;2022_155_35;korko;1
1420;155/2022;2022_155_35;nousta;1
1420;155/2022;2022_155_35;ihminen;1
1420;155/2022;2022_155_35;ostovoima;1
1420;155/2022;2022_155_35;heiketä;1
1420;155/2022;2022_155_35;yhä;1
1420;155/2022;2022_155_35;usea;1
1420;155/2022;2022_155_35;kansalainen;1
1420;155/2022;2022_155_35;huomata;1
1420;155/2022;2022_155_35;köyhtyä;1
1420;155/2022;2022_155_35;pankkitili;1
1420;155/2022;2022_155_35;saldo;1
1420;155/2022;2022_155_35;huveta;1
1420;155/2022;2022_155_35;inflaatio;1
1420;155/2022;2022_155_35;laukata;1
1420;155/2022;2022_155_35;eläminen;1
1420;155/2022;2022_155_35;kallistua;1
1420;155/2022;2022_155_35;jos;1
1420;155/2022;2022_155_35;koskaan;1
1420;155/2022;2022_155_35;katse;1
1420;155/2022;2022_155_35;kääntää;1
1420;155/2022;2022_155_35;liian;1
1420;155/2022;2022_155_35;nopeasti;1
1420;155/2022;2022_155_35;toteuttaa;1
1420;155/2022;2022_155_35;ilmastotavoite;1
1420;155/2022;2022_155_35;takaisin;1
1420;155/2022;2022_155_35;tavallinen;1
1420;155/2022;2022_155_35;arki;1
1420;155/2022;2022_155_35;haaste;1
1420;155/2022;2022_155_35;oikea;1
1420;155/2022;2022_155_35;poseerata;2
1420;155/2022;2022_155_35;ilmastokunnianhimo;1
1420;155/2022;2022_155_35;kuka;1
1420;155/2022;2022_155_35;asiassa;1
1420;155/2022;2022_155_35;selvitä;1
1420;155/2022;2022_155_35;toistaa;1
1420;155/2022;2022_155_35;riskisijoitusyhtiö;1
1420;155/2022;2022_155_35;näyttää;1
1420;155/2022;2022_155_35;mitata;1
1420;155/2022;2022_155_35;tulos;1
1420;155/2022;2022_155_35;enemmän;1
1420;155/2022;2022_155_35;hiilidioksidi;1
1420;155/2022;2022_155_35;strategia;1
1420;155/2022;2022_155_35;hyväksyä;1
1420;155/2022;2022_155_35;kohdentaa;1
1420;155/2022;2022_155_35;rahoitus;1
1420;155/2022;2022_155_35;hyvin;1
1420;155/2022;2022_155_35;riskipitoinen;1
1420;155/2022;2022_155_35;kohde;2
1420;155/2022;2022_155_35;sellainen;1
1420;155/2022;2022_155_35;yksityinen;3
1420;155/2022;2022_155_35;sijoittaja;3
1420;155/2022;2022_155_35;kiertää;1
1420;155/2022;2022_155_35;kaukaa;1
1420;155/2022;2022_155_35;tappioriski;1
1420;155/2022;2022_155_35;torjua;1
1420;155/2022;2022_155_35;vähäpäästöinen;1
1420;155/2022;2022_155_35;tuote;1
1420;155/2022;2022_155_35;kysytty;1
1420;155/2022;2022_155_35;ulkomaa;1
1420;155/2022;2022_155_35;löytyä;1
1420;155/2022;2022_155_35;mikäli;1
1420;155/2022;2022_155_35;innovaatio;1
1420;155/2022;2022_155_35;nähdä;1
1420;155/2022;2022_155_35;liiketoiminnallisesti;1
1420;155/2022;2022_155_35;taloudellisesti;1
1420;155/2022;2022_155_35;kannattava;1
1420;155/2022;2022_155_35;vara;1
1420;155/2022;2022_155_35;käyttää;1
1420;155/2022;2022_155_35;liikeidea;1
1420;155/2022;2022_155_35;lähtökohtaisesti;1
1420;155/2022;2022_155_35;lähteä;1
1420;155/2022;2022_155_35;pitää;2
1420;155/2022;2022_155_35;hoitaa;1
1420;155/2022;2022_155_35;vastuullisesti;1
1420;155/2022;2022_155_35;optimaalinen;1
1420;155/2022;2022_155_35;hakea;1
1420;155/2022;2022_155_35;varma;1
1420;155/2022;2022_155_35;päälle;1
1420;155/2022;2022_155_35;turvata;1
1420;155/2022;2022_155_35;säilyvyys;1
1420;155/2022;2022_155_35;syy;1
1420;155/2022;2022_155_35;palauttaa;1
1420;155/2022;2022_155_35;osakeyhtiö;1
1420;155/2022;2022_155_35;lakkauttaa;1
1420;155/2022;2022_155_35;kiitos;1
1420;155/2022;2022_155_47;arvoisa;1
1420;155/2022;2022_155_47;puhemies;1
1420;155/2022;2022_155_47;tehdä;2
1420;155/2022;2022_155_47;tämä;2
1420;155/2022;2022_155_47;valiokunta;1
1420;155/2022;2022_155_47;mietintö;2
1420;155/2022;2022_155_47;vastalause;1
1420;155/2022;2022_155_47;joka;1
1420;155/2022;2022_155_47;sisältyä;1
1420;155/2022;2022_155_47;kolme;1
1420;155/2022;2022_155_47;muutosehdotus;1
1420;155/2022;2022_155_47;esittää;1
1420;155/2022;2022_155_47;se;5
1420;155/2022;2022_155_47;nyt;1
1420;155/2022;2022_155_47;perustelu;3
1420;155/2022;2022_155_47;huomauttaa;1
1420;155/2022;2022_155_47;raha;1
1420;155/2022;2022_155_47;ja;6
1420;155/2022;2022_155_47;finanssipolitiikka;1
1420;155/2022;2022_155_47;ero;1
1420;155/2022;2022_155_47;itsenäinen;1
1420;155/2022;2022_155_47;rahapolitiikka;5
1420;155/2022;2022_155_47;ei;2
1420;155/2022;2022_155_47;voida;3
1420;155/2022;2022_155_47;puuttua;1
1420;155/2022;2022_155_47;politiikkatavoite;1
1420;155/2022;2022_155_47;kuten;1
1420;155/2022;2022_155_47;vihreä;3
1420;155/2022;2022_155_47;siirtyä;1
1420;155/2022;2022_155_47;tai;1
1420;155/2022;2022_155_47;kilpailukyky;2
1420;155/2022;2022_155_47;huolehtiminen;1
1420;155/2022;2022_155_47;esimerkiksi;1
1420;155/2022;2022_155_47;siirtymä;2
1420;155/2022;2022_155_47;tulla;1
1420;155/2022;2022_155_47;pitää;2
1420;155/2022;2022_155_47;poliittinen;1
1420;155/2022;2022_155_47;päämäärä;2
1420;155/2022;2022_155_47;joten;1
1420;155/2022;2022_155_47;kuulua;3
1420;155/2022;2022_155_47;demokraattinen;1
1420;155/2022;2022_155_47;seuranta;1
1420;155/2022;2022_155_47;vastuu;1
1420;155/2022;2022_155_47;alle;1
1420;155/2022;2022_155_47;haluta;1
1420;155/2022;2022_155_47;tällainen;2
1420;155/2022;2022_155_47;tukea;1
1420;155/2022;2022_155_47;ratkaista;1
1420;155/2022;2022_155_47;vaalitulos;1
1420;155/2022;2022_155_47;tavoite;1
1420;155/2022;2022_155_47;siten;1
1420;155/2022;2022_155_47;vaali;1
1420;155/2022;2022_155_47;valitsematon;1
1420;155/2022;2022_155_47;keskuspankkiiri;1
1420;155/2022;2022_155_47;toinen;2
1420;155/2022;2022_155_47;muistuttaa;1
1420;155/2022;2022_155_47;että;4
1420;155/2022;2022_155_47;euroalue;2
1420;155/2022;2022_155_47;yhteinen;2
1420;155/2022;2022_155_47;olla;4
1420;155/2022;2022_155_47;luoda;1
1420;155/2022;2022_155_47;jäsenmaa;3
1420;155/2022;2022_155_47;tasavertainen;2
1420;155/2022;2022_155_47;periaate;1
1420;155/2022;2022_155_47;vaara;1
1420;155/2022;2022_155_47;murentua;1
1420;155/2022;2022_155_47;mikäli;1
1420;155/2022;2022_155_47;räätälöidä;1
1420;155/2022;2022_155_47;rahapoliittinen;2
1420;155/2022;2022_155_47;erityiskohtelu;1
1420;155/2022;2022_155_47;tällöin;1
1420;155/2022;2022_155_47;niin;2
1420;155/2022;2022_155_47;sanottu;2
1420;155/2022;2022_155_47;moraalikato-ongelma;2
1420;155/2022;2022_155_47;lisääntyä;1
1420;155/2022;2022_155_47;ongelma;1
1420;155/2022;2022_155_47;syy;2
1420;155/2022;2022_155_47;kiinnittää;1
1420;155/2022;2022_155_47;erityinen;2
1420;155/2022;2022_155_47;huomio;1
1420;155/2022;2022_155_47;tulkinta;1
1420;155/2022;2022_155_47;tuki;1
1420;155/2022;2022_155_47;yksin;1
1420;155/2022;2022_155_47;eurooppa;3
1420;155/2022;2022_155_47;keskuspankki;1
1420;155/2022;2022_155_47;sitten;1
1420;155/2022;2022_155_47;ehdotus;1
1420;155/2022;2022_155_47;ehdottaa;1
1420;155/2022;2022_155_47;kappale;3
1420;155/2022;2022_155_47;viimeinen;2
1420;155/2022;2022_155_47;virke;3
1420;155/2022;2022_155_47;loppu;1
1420;155/2022;2022_155_47;poistaa;2
1420;155/2022;2022_155_47;sana;1
1420;155/2022;2022_155_47;sekä;1
1420;155/2022;2022_155_47;miten;1
1420;155/2022;2022_155_47;auttaa;1
1420;155/2022;2022_155_47;vähentää;1
1420;155/2022;2022_155_47;ilmastomuutos;1
1420;155/2022;2022_155_47;vaikutus;1
1420;155/2022;2022_155_47;talousvaliokunta;1
1420;155/2022;2022_155_47;tärkeä;1
1420;155/2022;2022_155_47;edistäminen;1
1420;155/2022;2022_155_47;noudattaa;1
1420;155/2022;2022_155_47;koskea;2
1420;155/2022;2022_155_47;päätös;1
1420;155/2022;2022_155_47;perusta;1
1420;155/2022;2022_155_47;rahoitusvakaus;1
1420;155/2022;2022_155_47;näkökohta;1
1420;155/2022;2022_155_47;ohella;1
1420;155/2022;2022_155_47;neljäs;1
1420;155/2022;2022_155_47;lisätä;1
1420;155/2022;2022_155_47;luonne;1
1420;155/2022;2022_155_47;tosin;1
1420;155/2022;2022_155_47;kohtelu;1
1420;155/2022;2022_155_47;mikä;1
1420;155/2022;2022_155_47;vaarantua;1
1420;155/2022;2022_155_47;maakohtainen;1
1420;155/2022;2022_155_47;toimenpide;1
1420;155/2022;2022_155_47;johtaa;1
1420;158/2022;2022_158_103;arvoisa;1
1420;158/2022;2022_158_103;puhemies;1
1420;158/2022;2022_158_103;jättää;1
1420;158/2022;2022_158_103;talousvaliokunta;1
1420;158/2022;2022_158_103;mietintö;1
1420;158/2022;2022_158_103;vastalause;2
1420;158/2022;2022_158_103;että;3
1420;158/2022;2022_158_103;lakiehdotus;1
1420;158/2022;2022_158_103;hylätä;1
1420;158/2022;2022_158_103;tuo;1
1420;158/2022;2022_158_103;ensimmäinen;1
1420;158/2022;2022_158_103;käsittely;1
1420;158/2022;2022_158_103;perustella;1
1420;158/2022;2022_158_103;hyvin;1
1420;158/2022;2022_158_103;perusteellisesti;1
1420;158/2022;2022_158_103;miksi;1
1420;158/2022;2022_158_103;tämä;1
1420;158/2022;2022_158_103;ilmastorahasto;2
1420;158/2022;2022_158_103;oy;4
1420;158/2022;2022_158_103;ei;1
1420;158/2022;2022_158_103;tarvita;1
1420;158/2022;2022_158_103;lyhyesti;1
1420;158/2022;2022_158_103;sanoa;1
1420;158/2022;2022_158_103;katsoa;1
1420;158/2022;2022_158_103;tarpeellinen;1
1420;158/2022;2022_158_103;investointi;1
1420;158/2022;2022_158_103;muun;1
1420;158/2022;2022_158_103;muassa;1
1420;158/2022;2022_158_103;vihreä;1
1420;158/2022;2022_158_103;siirtymä;1
1420;158/2022;2022_158_103;toteutua;1
1420;158/2022;2022_158_103;yksityinen;1
1420;158/2022;2022_158_103;pääoma;2
1420;158/2022;2022_158_103;ja;2
1420;158/2022;2022_158_103;jo;1
1420;158/2022;2022_158_103;olla;3
1420;158/2022;2022_158_103;instrumentti;2
1420;158/2022;2022_158_103;valtio;1
1420;158/2022;2022_158_103;teollisuussijoitus;1
1420;158/2022;2022_158_103;finnvera;1
1420;158/2022;2022_158_103;solidium;1
1420;158/2022;2022_158_103;business;1
1420;158/2022;2022_158_103;finland;1
1420;158/2022;2022_158_103;joten;1
1420;158/2022;2022_158_103;ihan;1
1420;158/2022;2022_158_103;riittävästi;1
1420;158/2022;2022_158_103;löytyä;1
1420;158/2022;2022_158_103;tehdä;1
1420;158/2022;2022_158_103;perussuomalainen;1
1420;158/2022;2022_158_103;mukainen;1
1420;158/2022;2022_158_103;hylkäysehdotus;1
1420;158/2022;2022_158_103;sekä;1
1420;158/2022;2022_158_103;lausumaehdotus;1
1420;158/2022;2022_158_103;joka;1
1420;158/2022;2022_158_103;kuulua;1
1420;158/2022;2022_158_103;seuraavasti;1
1420;158/2022;2022_158_103;eduskunta;1
1420;158/2022;2022_158_103;edellyttää;1
1420;158/2022;2022_158_103;hallitus;1
1420;158/2022;2022_158_103;aloittaa;1
1420;158/2022;2022_158_103;lainvalmistelu;1
1420;158/2022;2022_158_103;vake;1
1420;158/2022;2022_158_103;palauttaminen;1
1420;158/2022;2022_158_103;kyseinen;1
1420;158/2022;2022_158_103;osakeyhtiö;1
1420;158/2022;2022_158_103;lakkauttaminen;1
1420;167/2022;2022_167_107;arvoisa;2
1420;167/2022;2022_167_107;herra;1
1420;167/2022;2022_167_107;puhemies;2
1420;167/2022;2022_167_107;hallitus;1
1420;167/2022;2022_167_107;esitys;1
1420;167/2022;2022_167_107;kaivoslaki;1
1420;167/2022;2022_167_107;uudistaminen;2
1420;167/2022;2022_167_107;olla;8
1420;167/2022;2022_167_107;tärkeä;4
1420;167/2022;2022_167_107;sillä;1
1420;167/2022;2022_167_107;se;2
1420;167/2022;2022_167_107;vaikuttaa;4
1420;167/2022;2022_167_107;merkittävästi;2
1420;167/2022;2022_167_107;niin;1
1420;167/2022;2022_167_107;suomi;1
1420;167/2022;2022_167_107;huoltovarmuus;1
1420;167/2022;2022_167_107;kuin;2
1420;167/2022;2022_167_107;myös;3
1420;167/2022;2022_167_107;työllisyys;1
1420;167/2022;2022_167_107;ja;11
1420;167/2022;2022_167_107;kansallinen;2
1420;167/2022;2022_167_107;turvallisuus;2
1420;167/2022;2022_167_107;tärkeys;1
1420;167/2022;2022_167_107;korostaa;2
1420;167/2022;2022_167_107;moni;2
1420;167/2022;2022_167_107;eri;1
1420;167/2022;2022_167_107;taho;1
1420;167/2022;2022_167_107;perussuomalainen;2
1420;167/2022;2022_167_107;lisäksi;1
1420;167/2022;2022_167_107;kaivostoiminta;6
1420;167/2022;2022_167_107;todella;1
1420;167/2022;2022_167_107;ihminen;1
1420;167/2022;2022_167_107;elämä;1
1420;167/2022;2022_167_107;muutos;1
1420;167/2022;2022_167_107;paikallinen;4
1420;167/2022;2022_167_107;asukas;4
1420;167/2022;2022_167_107;oikeus;2
1420;167/2022;2022_167_107;puolustaminen;1
1420;167/2022;2022_167_107;perustua;2
1420;167/2022;2022_167_107;jatko;3
1420;167/2022;2022_167_107;kunta;2
1420;167/2022;2022_167_107;laatia;1
1420;167/2022;2022_167_107;asemakaava;2
1420;167/2022;2022_167_107;tai;2
1420;167/2022;2022_167_107;oikeusvaikutteinen;1
1420;167/2022;2022_167_107;yleiskaava;1
1420;167/2022;2022_167_107;jolloin;1
1420;167/2022;2022_167_107;voida;2
1420;167/2022;2022_167_107;päättää;1
1420;167/2022;2022_167_107;kaava;1
1420;167/2022;2022_167_107;laadinta;1
1420;167/2022;2022_167_107;mahdollinen;1
1420;167/2022;2022_167_107;kaivosalue;1
1420;167/2022;2022_167_107;kuntalainen;2
1420;167/2022;2022_167_107;näin;1
1420;167/2022;2022_167_107;ollen;1
1420;167/2022;2022_167_107;hyvä;4
1420;167/2022;2022_167_107;mahdollisuus;1
1420;167/2022;2022_167_107;esimerkiksi;1
1420;167/2022;2022_167_107;rajaaminen;1
1420;167/2022;2022_167_107;ajankohtainen;1
1420;167/2022;2022_167_107;tieto;3
1420;167/2022;2022_167_107;koulutus;1
1420;167/2022;2022_167_107;tulla;7
1420;167/2022;2022_167_107;kuitenkin;1
1420;167/2022;2022_167_107;lisätä;2
1420;167/2022;2022_167_107;kuntataso;1
1420;167/2022;2022_167_107;jotta;2
1420;167/2022;2022_167_107;päätös;1
1420;167/2022;2022_167_107;oikea;1
1420;167/2022;2022_167_107;tutkimus;1
1420;167/2022;2022_167_107;vuosittainen;1
1420;167/2022;2022_167_107;yleisötilaisuus;2
1420;167/2022;2022_167_107;oiva;1
1420;167/2022;2022_167_107;keino;1
1420;167/2022;2022_167_107;vuoropuhelu;1
1420;167/2022;2022_167_107;paikallisesti;1
1420;167/2022;2022_167_107;kokea;1
1420;167/2022;2022_167_107;kuulla;1
1420;167/2022;2022_167_107;vaikutusmahdollisuus;2
1420;167/2022;2022_167_107;liittyä;2
1420;167/2022;2022_167_107;kiinteästi;1
1420;167/2022;2022_167_107;tiedottaminen;2
1420;167/2022;2022_167_107;alue;2
1420;167/2022;2022_167_107;tarpeeksi;1
1420;167/2022;2022_167_107;tuleva;1
1420;167/2022;2022_167_107;hanke;2
1420;167/2022;2022_167_107;vuorovaikutus;1
1420;167/2022;2022_167_107;yrittäjä;4
1420;167/2022;2022_167_107;viranomainen;2
1420;167/2022;2022_167_107;välillä;1
1420;167/2022;2022_167_107;entisestään;1
1420;167/2022;2022_167_107;parantaminen;1
1420;167/2022;2022_167_107;osa;2
1420;167/2022;2022_167_107;parantaa;3
1420;167/2022;2022_167_107;viranomaisyhteistyö;1
1420;167/2022;2022_167_107;tiivistää;2
1420;167/2022;2022_167_107;laki;1
1420;167/2022;2022_167_107;valmis;1
1420;167/2022;2022_167_107;päivittää;1
1420;167/2022;2022_167_107;päivitystarve;1
1420;167/2022;2022_167_107;ilmetä;1
1420;167/2022;2022_167_107;elanto;1
1420;167/2022;2022_167_107;erityisesti;1
1420;167/2022;2022_167_107;mikä;1
1420;167/2022;2022_167_107;elinkeino;3
1420;167/2022;2022_167_107;vahvasti;1
1420;167/2022;2022_167_107;luonto;1
1420;167/2022;2022_167_107;matkailuala;1
1420;167/2022;2022_167_107;perussuomalaiset;1
1420;167/2022;2022_167_107;puolustaa;1
1420;167/2022;2022_167_107;pitää;4
1420;167/2022;2022_167_107;ettäei;1
1420;167/2022;2022_167_107;vaarantua;1
1420;167/2022;2022_167_107;aiheutua;1
1420;167/2022;2022_167_107;merkittävä;1
1420;167/2022;2022_167_107;haitta;1
1420;167/2022;2022_167_107;vuoksi;1
1420;167/2022;2022_167_107;vielä;1
1420;167/2022;2022_167_107;lyhyesti;1
1420;167/2022;2022_167_107;yleisesti;3
1420;167/2022;2022_167_107;kannattaa;2
1420;167/2022;2022_167_107;asia;1
1420;167/2022;2022_167_107;tämä;1
1420;167/2022;2022_167_107;lakiesitys;1
1420;167/2022;2022_167_107;tiedonsaanti;2
1420;167/2022;2022_167_107;päätösvalta;1
1420;167/2022;2022_167_107;ehdotus;1
1420;167/2022;2022_167_107;vuosittain;1
1420;167/2022;2022_167_107;että;1
1420;167/2022;2022_167_107;edellyttää;1
1420;167/2022;2022_167_107;yleis;1
1420;167/2022;2022_167_107;hyväksyntä;1
1420;167/2022;2022_167_107;kuten;1
1420;167/2022;2022_167_107;aikaisemmin;1
1420;167/2022;2022_167_107;mainita;1
1420;167/2022;2022_167_107;yhteistyö;1
1420;167/2022;2022_167_107;saamelainen;1
1420;167/2022;2022_167_107;tehdä;1
1420;167/2022;2022_167_107;kirjaus;1
1420;167/2022;2022_167_107;varausjärjestelmä;1
1420;167/2022;2022_167_107;kiristys;1
1420;167/2022;2022_167_107;huomioiminen;1
1420;167/2022;2022_167_107;erityinen;1
1420;167/2022;2022_167_107;kiitos;1
1420;169/2022;2022_169_111;arvoisa;3
1420;169/2022;2022_169_111;herra;1
1420;169/2022;2022_169_111;puhemies;3
1420;169/2022;2022_169_111;hallitus;3
1420;169/2022;2022_169_111;esitys;3
1420;169/2022;2022_169_111;ehdottaa;1
1420;169/2022;2022_169_111;kuluttajaluotto;1
1420;169/2022;2022_169_111;kuten;2
1420;169/2022;2022_169_111;esimerkiksi;1
1420;169/2022;2022_169_111;pikavippi;8
1420;169/2022;2022_169_111;ja;14
1420;169/2022;2022_169_111;osamaksuluotto;1
1420;169/2022;2022_169_111;korkokatto;6
1420;169/2022;2022_169_111;laskeminen;1
1420;169/2022;2022_169_111;nykyinen;1
1420;169/2022;2022_169_111;prosentti;12
1420;169/2022;2022_169_111;viitekorko;2
1420;169/2022;2022_169_111;sitoa;1
1420;169/2022;2022_169_111;tulla;7
1420;169/2022;2022_169_111;maksimi;2
1420;169/2022;2022_169_111;suunta;1
1420;169/2022;2022_169_111;olla;32
1420;169/2022;2022_169_111;oikea;1
1420;169/2022;2022_169_111;mutta;4
1420;169/2022;2022_169_111;ei;15
1420;169/2022;2022_169_111;suinkin;2
1420;169/2022;2022_169_111;riittävä;1
1420;169/2022;2022_169_111;esittää;4
1420;169/2022;2022_169_111;vastalause;2
1420;169/2022;2022_169_111;että;10
1420;169/2022;2022_169_111;pitää;4
1420;169/2022;2022_169_111;plus;1
1420;169/2022;2022_169_111;yhteensä;1
1420;169/2022;2022_169_111;eli;1
1420;169/2022;2022_169_111;prosenttiyksikkö;1
1420;169/2022;2022_169_111;vähemmän;2
1420;169/2022;2022_169_111;kuin;4
1420;169/2022;2022_169_111;perustelu;1
1420;169/2022;2022_169_111;tämä;9
1420;169/2022;2022_169_111;löytyä;2
1420;169/2022;2022_169_111;myös;2
1420;169/2022;2022_169_111;asiantuntijalausunto;1
1420;169/2022;2022_169_111;suomalainen;2
1420;169/2022;2022_169_111;velkaantua;1
1420;169/2022;2022_169_111;koskaan;1
1420;169/2022;2022_169_111;liian;2
1420;169/2022;2022_169_111;moni;3
1420;169/2022;2022_169_111;jo;4
1420;169/2022;2022_169_111;ylivelkaantua;2
1420;169/2022;2022_169_111;pari;1
1420;169/2022;2022_169_111;vuosikymmen;1
1420;169/2022;2022_169_111;aika;1
1420;169/2022;2022_169_111;velkaantuminen;4
1420;169/2022;2022_169_111;kokea;1
1420;169/2022;2022_169_111;muutos;2
1420;169/2022;2022_169_111;sillä;1
1420;169/2022;2022_169_111;velka;2
1420;169/2022;2022_169_111;nykyään;1
1420;169/2022;2022_169_111;helppo;2
1420;169/2022;2022_169_111;saada;2
1420;169/2022;2022_169_111;eri;1
1420;169/2022;2022_169_111;muoto;1
1420;169/2022;2022_169_111;hetki;1
1420;169/2022;2022_169_111;mielijohde;1
1420;169/2022;2022_169_111;kun;2
1420;169/2022;2022_169_111;vanhempi;1
1420;169/2022;2022_169_111;isovanhempi;1
1420;169/2022;2022_169_111;osata;1
1420;169/2022;2022_169_111;vielä;2
1420;169/2022;2022_169_111;säästää;1
1420;169/2022;2022_169_111;niin;1
1420;169/2022;2022_169_111;päivä;1
1420;169/2022;2022_169_111;enemmän;1
1420;169/2022;2022_169_111;sääntö;1
1420;169/2022;2022_169_111;poikkeus;1
1420;169/2022;2022_169_111;ostaa;1
1420;169/2022;2022_169_111;osamaksu;1
1420;169/2022;2022_169_111;tai;2
1420;169/2022;2022_169_111;nostaa;1
1420;169/2022;2022_169_111;yllättävä;1
1420;169/2022;2022_169_111;rahantarve;1
1420;169/2022;2022_169_111;iskeä;1
1420;169/2022;2022_169_111;ymmärtää;1
1420;169/2022;2022_169_111;kuinka;1
1420;169/2022;2022_169_111;paha;2
1420;169/2022;2022_169_111;velkakierre;3
1420;169/2022;2022_169_111;huoleton;1
1420;169/2022;2022_169_111;pikavippaaminen;1
1420;169/2022;2022_169_111;voida;4
1420;169/2022;2022_169_111;johtaa;1
1420;169/2022;2022_169_111;rahakas;1
1420;169/2022;2022_169_111;tapa;1
1420;169/2022;2022_169_111;tehdä;4
1420;169/2022;2022_169_111;bisnes;2
1420;169/2022;2022_169_111;pikavippitoiminta;1
1420;169/2022;2022_169_111;rantautua;1
1420;169/2022;2022_169_111;suomi;1
1420;169/2022;2022_169_111;vuosi;3
1420;169/2022;2022_169_111;muutama;1
1420;169/2022;2022_169_111;myöhemmin;1
1420;169/2022;2022_169_111;markkina;1
1420;169/2022;2022_169_111;kymmenen;2
1420;169/2022;2022_169_111;ala;1
1420;169/2022;2022_169_111;toimija;1
1420;169/2022;2022_169_111;raha;1
1420;169/2022;2022_169_111;talouskasvatus;2
1420;169/2022;2022_169_111;syy;3
1420;169/2022;2022_169_111;aloittaa;1
1420;169/2022;2022_169_111;nuori;2
1420;169/2022;2022_169_111;pitäen;1
1420;169/2022;2022_169_111;vaikka;1
1420;169/2022;2022_169_111;kaikki;3
1420;169/2022;2022_169_111;seuraus;1
1420;169/2022;2022_169_111;harkitsematon;1
1420;169/2022;2022_169_111;minä;3
1420;169/2022;2022_169_111;muuttaa;1
1420;169/2022;2022_169_111;lainsäädäntö;2
1420;169/2022;2022_169_111;siten;1
1420;169/2022;2022_169_111;ehkäistä;1
1420;169/2022;2022_169_111;aiheutua;1
1420;169/2022;2022_169_111;haitta;2
1420;169/2022;2022_169_111;mahdollinen;1
1420;169/2022;2022_169_111;koulu;1
1420;169/2022;2022_169_111;tapahtua;1
1420;169/2022;2022_169_111;tärkeä;2
1420;169/2022;2022_169_111;osa;1
1420;169/2022;2022_169_111;opetus;1
1420;169/2022;2022_169_111;se;9
1420;169/2022;2022_169_111;korvata;1
1420;169/2022;2022_169_111;kotoa;1
1420;169/2022;2022_169_111;rahakasvatus;1
1420;169/2022;2022_169_111;perhe;1
1420;169/2022;2022_169_111;sisällä;1
1420;169/2022;2022_169_111;esimerkki;2
1420;169/2022;2022_169_111;rahankäytös;1
1420;169/2022;2022_169_111;siirtyä;1
1420;169/2022;2022_169_111;helposti;1
1420;169/2022;2022_169_111;eteenpäin;1
1420;169/2022;2022_169_111;lapsi;1
1420;169/2022;2022_169_111;välttämättä;1
1420;169/2022;2022_169_111;hyvä;3
1420;169/2022;2022_169_111;vaan;1
1420;169/2022;2022_169_111;päinvastoin;1
1420;169/2022;2022_169_111;siksi;1
1420;169/2022;2022_169_111;estää;1
1420;169/2022;2022_169_111;rahankäyttäjä;1
1420;169/2022;2022_169_111;yhteiskunta;2
1420;169/2022;2022_169_111;mahdollistaa;1
1420;169/2022;2022_169_111;edesauttaa;1
1420;169/2022;2022_169_111;yksilö;1
1420;169/2022;2022_169_111;heinäkuu;1
1420;169/2022;2022_169_111;kuluttajansuojalaki;2
1420;169/2022;2022_169_111;väliaikainen;1
1420;169/2022;2022_169_111;joka;4
1420;169/2022;2022_169_111;rajoittaa;1
1420;169/2022;2022_169_111;tietty;1
1420;169/2022;2022_169_111;kulutusluotto;1
1420;169/2022;2022_169_111;enimmäiskorko;2
1420;169/2022;2022_169_111;korona-aika;3
1420;169/2022;2022_169_111;kieltää;1
1420;169/2022;2022_169_111;suoramarkkinointi;1
1420;169/2022;2022_169_111;perustella;1
1420;169/2022;2022_169_111;rajoitus;1
1420;169/2022;2022_169_111;velkaongelma;2
1420;169/2022;2022_169_111;ennalta;1
1420;169/2022;2022_169_111;ehkäiseminen;1
1420;169/2022;2022_169_111;ennaltaehkäisy;1
1420;169/2022;2022_169_111;nimenomaan;1
1420;169/2022;2022_169_111;jatkaa;1
1420;169/2022;2022_169_111;koska;1
1420;169/2022;2022_169_111;korko;1
1420;169/2022;2022_169_111;alentaminen;1
1420;169/2022;2022_169_111;markkinointi;1
1420;169/2022;2022_169_111;kielto;1
1420;169/2022;2022_169_111;kokemus;1
1420;169/2022;2022_169_111;mikä;3
1420;169/2022;2022_169_111;ettäei;1
1420;169/2022;2022_169_111;jatko;1
1420;169/2022;2022_169_111;rajata;1
1420;169/2022;2022_169_111;selvitä;1
1420;169/2022;2022_169_111;mutaei;1
1420;169/2022;2022_169_111;ylivelkaantuminen;1
1420;169/2022;2022_169_111;liittyä;1
1420;169/2022;2022_169_111;ongelma;3
1420;169/2022;2022_169_111;mikään;2
1420;169/2022;2022_169_111;kadota;1
1420;169/2022;2022_169_111;jälkeen;1
1420;169/2022;2022_169_111;kuluttajaliitto;2
1420;169/2022;2022_169_111;lausunto;1
1420;169/2022;2022_169_111;todeta;2
1420;169/2022;2022_169_111;luku;1
1420;169/2022;2022_169_111;mukainen;2
1420;169/2022;2022_169_111;alentaa;2
1420;169/2022;2022_169_111;nyt;2
1420;169/2022;2022_169_111;sijaan;2
1420;169/2022;2022_169_111;perussuomalainen;1
1420;169/2022;2022_169_111;talousvaliokunta;1
1420;169/2022;2022_169_111;kilpailu;1
1420;169/2022;2022_169_111;kuluttajavirasto;1
1420;169/2022;2022_169_111;julkaista;1
1420;169/2022;2022_169_111;pikaluotto;4
1420;169/2022;2022_169_111;ottaa;3
1420;169/2022;2022_169_111;maksuvaikeus;1
1420;169/2022;2022_169_111;tutkimusraportti;1
1420;169/2022;2022_169_111;arvioida;1
1420;169/2022;2022_169_111;noin;1
1420;169/2022;2022_169_111;aikuisväestö;1
1420;169/2022;2022_169_111;vuosittain;1
1420;169/2022;2022_169_111;tarkoittaa;1
1420;169/2022;2022_169_111;siis;3
1420;169/2022;2022_169_111;tuhat;1
1420;169/2022;2022_169_111;ihminen;3
1420;169/2022;2022_169_111;pieni;1
1420;169/2022;2022_169_111;mukana;1
1420;169/2022;2022_169_111;luottokortti;1
1420;169/2022;2022_169_111;osamaksuvelka;1
1420;169/2022;2022_169_111;kansalainen;1
1420;169/2022;2022_169_111;huolestuttava;1
1420;169/2022;2022_169_111;havainto;1
1420;169/2022;2022_169_111;raportti;2
1420;169/2022;2022_169_111;talousongelma;1
1420;169/2022;2022_169_111;erityinen;2
1420;169/2022;2022_169_111;korostua;1
1420;169/2022;2022_169_111;yhteys;1
1420;169/2022;2022_169_111;toinen;1
1420;169/2022;2022_169_111;pikalaina;1
1420;169/2022;2022_169_111;kuluttaja;2
1420;169/2022;2022_169_111;kertoa;2
1420;169/2022;2022_169_111;kahdeksan;2
1420;169/2022;2022_169_111;kerta;2
1420;169/2022;2022_169_111;todennäköisesti;1
1420;169/2022;2022_169_111;jokin;1
1420;169/2022;2022_169_111;muu;1
1420;169/2022;2022_169_111;luotto;2
1420;169/2022;2022_169_111;hälyttävä;1
1420;169/2022;2022_169_111;pikavippaama;1
1420;169/2022;2022_169_111;hillitä;1
1420;169/2022;2022_169_111;lisäksi;1
1420;169/2022;2022_169_111;mukaan;1
1420;169/2022;2022_169_111;vaikuttaa;1
1420;169/2022;2022_169_111;erityisesti;2
1420;169/2022;2022_169_111;kouluttaa;1
1420;169/2022;2022_169_111;työtön;1
1420;169/2022;2022_169_111;mies;1
1420;169/2022;2022_169_111;pienituloinen;1
1420;169/2022;2022_169_111;sekä;1
1420;169/2022;2022_169_111;yksin;1
1420;169/2022;2022_169_111;asua;1
1420;169/2022;2022_169_111;kohdistua;1
1420;169/2022;2022_169_111;haavoittuva;1
1420;169/2022;2022_169_111;asema;1
1420;169/2022;2022_169_111;myöntää;1
1420;169/2022;2022_169_111;edelleen;1
1420;169/2022;2022_169_111;sellainen;1
1420;169/2022;2022_169_111;maksukyky;1
1420;169/2022;2022_169_111;riittää;1
1420;169/2022;2022_169_111;takaisinmaksu;1
1420;169/2022;2022_169_111;selviytyminen;1
1420;169/2022;2022_169_111;järki;1
1420;169/2022;2022_169_111;toiminta;1
1420;169/2022;2022_169_111;yksinkertaisesti;1
1420;169/2022;2022_169_111;vastuuton;1
1420;169/2022;2022_169_111;perustua;1
1420;169/2022;2022_169_111;talousvaikeus;1
1420;169/2022;2022_169_111;tilanne;1
1420;169/2022;2022_169_111;jatkua;1
1420;169/2022;2022_169_111;näin;1
1420;169/2022;2022_169_111;nousta;1
1420;169/2022;2022_169_111;esiin;1
1420;169/2022;2022_169_111;yhtään;1
1420;169/2022;2022_169_111;painava;1
1420;169/2022;2022_169_111;miksi;1
1420;169/2022;2022_169_111;korkea;1
1420;169/2022;2022_169_111;muutosehdotus;1
1420;169/2022;2022_169_111;kiitos;1
1420;170/2022;2022_170_2;arvoisa;1
1420;170/2022;2022_170_2;puhemies;1
1420;170/2022;2022_170_2;tehdä;1
1420;170/2022;2022_170_2;perussuomalainen;1
1420;170/2022;2022_170_2;muutosesitys;1
1420;170/2022;2022_170_2;mukainen;1
1420;170/2022;2022_170_2;pykälämuutosesitys;1
1420;173/2022;2022_173_207;arvoisa;3
1420;173/2022;2022_173_207;puhemies;3
1420;173/2022;2022_173_207;eduskunta;1
1420;173/2022;2022_173_207;olla;25
1420;173/2022;2022_173_207;tänään;1
1420;173/2022;2022_173_207;käsittely;1
1420;173/2022;2022_173_207;hallitus;2
1420;173/2022;2022_173_207;esitys;2
1420;173/2022;2022_173_207;eläin;12
1420;173/2022;2022_173_207;hyvinvointi;2
1420;173/2022;2022_173_207;ja;13
1420;173/2022;2022_173_207;se;14
1420;173/2022;2022_173_207;liittyä;2
1420;173/2022;2022_173_207;laki;3
1420;173/2022;2022_173_207;yksi;1
1420;173/2022;2022_173_207;erityinen;2
1420;173/2022;2022_173_207;tärkeä;1
1420;173/2022;2022_173_207;muutos;3
1420;173/2022;2022_173_207;joka;5
1420;173/2022;2022_173_207;kuulua;2
1420;173/2022;2022_173_207;näin;1
1420;173/2022;2022_173_207;teurastus;4
1420;173/2022;2022_173_207;koskea;3
1420;173/2022;2022_173_207;pykälä;1
1420;173/2022;2022_173_207;ehdottaa;1
1420;173/2022;2022_173_207;muuttaa;2
1420;173/2022;2022_173_207;siten;1
1420;173/2022;2022_173_207;että;4
1420;173/2022;2022_173_207;aina;1
1420;173/2022;2022_173_207;tainnuttaa;1
1420;173/2022;2022_173_207;ennen;1
1420;173/2022;2022_173_207;verenlasku;1
1420;173/2022;2022_173_207;paitsi;1
1420;173/2022;2022_173_207;uskonnollinen;2
1420;173/2022;2022_173_207;syy;4
1420;173/2022;2022_173_207;noudattaa;1
1420;173/2022;2022_173_207;myös;6
1420;173/2022;2022_173_207;yksityiskäyttö;1
1420;173/2022;2022_173_207;teurastaa;1
1420;173/2022;2022_173_207;siipikarja;1
1420;173/2022;2022_173_207;tämä;9
1420;173/2022;2022_173_207;ilmeisesti;1
1420;173/2022;2022_173_207;nyt;1
1420;173/2022;2022_173_207;luopua;1
1420;173/2022;2022_173_207;eräs;1
1420;173/2022;2022_173_207;uskonto;7
1420;173/2022;2022_173_207;askel;1
1420;173/2022;2022_173_207;kohti;1
1420;173/2022;2022_173_207;kunnioittava;1
1420;173/2022;2022_173_207;yhteiskunta;1
1420;173/2022;2022_173_207;ei;10
1420;173/2022;2022_173_207;säätää;3
1420;173/2022;2022_173_207;tapa;3
1420;173/2022;2022_173_207;ikivanha;1
1420;173/2022;2022_173_207;jäänne;1
1420;173/2022;2022_173_207;peruste;3
1420;173/2022;2022_173_207;tuotantoeläin;2
1420;173/2022;2022_173_207;pitää;5
1420;173/2022;2022_173_207;kohdella;2
1420;173/2022;2022_173_207;yhtä;1
1420;173/2022;2022_173_207;kunnioittavasti;1
1420;173/2022;2022_173_207;kuin;1
1420;173/2022;2022_173_207;lemmikki;1
1420;173/2022;2022_173_207;esimerkiksi;1
1420;173/2022;2022_173_207;kissa;1
1420;173/2022;2022_173_207;koira;1
1420;173/2022;2022_173_207;ruotsi;2
1420;173/2022;2022_173_207;norja;1
1420;173/2022;2022_173_207;tanska;1
1420;173/2022;2022_173_207;ilman;2
1420;173/2022;2022_173_207;tainnutus;4
1420;173/2022;2022_173_207;kieltää;2
1420;173/2022;2022_173_207;kielto;2
1420;173/2022;2022_173_207;voimassa;1
1420;173/2022;2022_173_207;jo;2
1420;173/2022;2022_173_207;vuosi;1
1420;173/2022;2022_173_207;miten;2
1420;173/2022;2022_173_207;siis;2
1420;173/2022;2022_173_207;mahdollinen;1
1420;173/2022;2022_173_207;sivistysvaltio;2
1420;173/2022;2022_173_207;suomi;7
1420;173/2022;2022_173_207;jatkaa;1
1420;173/2022;2022_173_207;takapajuinen;1
1420;173/2022;2022_173_207;rituaaliteurastus;1
1420;173/2022;2022_173_207;eli;3
1420;173/2022;2022_173_207;sanoa;1
1420;173/2022;2022_173_207;rääkkäysteurastus;6
1420;173/2022;2022_173_207;rääkkäys;1
1420;173/2022;2022_173_207;mikään;3
1420;173/2022;2022_173_207;muu;3
1420;173/2022;2022_173_207;arvostella;1
1420;173/2022;2022_173_207;tai;5
1420;173/2022;2022_173_207;ottaa;2
1420;173/2022;2022_173_207;kanta;2
1420;173/2022;2022_173_207;mikä;5
1420;173/2022;2022_173_207;kukakin;1
1420;173/2022;2022_173_207;saada;1
1420;173/2022;2022_173_207;uskoa;1
1420;173/2022;2022_173_207;sijaan;1
1420;173/2022;2022_173_207;aiheuttaa;2
1420;173/2022;2022_173_207;tarpeeton;1
1420;173/2022;2022_173_207;julma;1
1420;173/2022;2022_173_207;kärsimys;1
1420;173/2022;2022_173_207;yhteys;1
1420;173/2022;2022_173_207;voida;4
1420;173/2022;2022_173_207;ikinä;1
1420;173/2022;2022_173_207;koskaan;1
1420;173/2022;2022_173_207;laittaa;2
1420;173/2022;2022_173_207;kärsiä;1
1420;173/2022;2022_173_207;eu;1
1420;173/2022;2022_173_207;tuomioistuin;1
1420;173/2022;2022_173_207;linjata;1
1420;173/2022;2022_173_207;ettäei;2
1420;173/2022;2022_173_207;joustaa;1
1420;173/2022;2022_173_207;lainsäädäntö;1
1420;173/2022;2022_173_207;täysi;1
1420;173/2022;2022_173_207;mahdollisuus;1
1420;173/2022;2022_173_207;joustaminen;1
1420;173/2022;2022_173_207;asia;2
1420;173/2022;2022_173_207;johtaa;1
1420;173/2022;2022_173_207;jatko;2
1420;173/2022;2022_173_207;joutua;1
1420;173/2022;2022_173_207;sallia;1
1420;173/2022;2022_173_207;sietää;1
1420;173/2022;2022_173_207;vain;1
1420;173/2022;2022_173_207;joku;2
1420;173/2022;2022_173_207;kulttuuri;1
1420;173/2022;2022_173_207;siksi;2
1420;173/2022;2022_173_207;sopiva;1
1420;173/2022;2022_173_207;kysyä;2
1420;173/2022;2022_173_207;rääkkäysteurastaminen;1
1420;173/2022;2022_173_207;salliminen;2
1420;173/2022;2022_173_207;tulevaisuus;1
1420;173/2022;2022_173_207;harjoittaa;2
1420;173/2022;2022_173_207;eläinrääkkäys;3
1420;173/2022;2022_173_207;kaikki;2
1420;173/2022;2022_173_207;asua;1
1420;173/2022;2022_173_207;kunnioittaa;1
1420;173/2022;2022_173_207;ihminen;4
1420;173/2022;2022_173_207;tietää;1
1420;173/2022;2022_173_207;haluta;1
1420;173/2022;2022_173_207;lisätä;2
1420;173/2022;2022_173_207;vetovoimatekijä;1
1420;173/2022;2022_173_207;radikaali;1
1420;173/2022;2022_173_207;ääriliike;1
1420;173/2022;2022_173_207;halu;1
1420;173/2022;2022_173_207;koska;1
1420;173/2022;2022_173_207;osa;1
1420;173/2022;2022_173_207;harrastaa;1
1420;173/2022;2022_173_207;rituaali;2
1420;173/2022;2022_173_207;kaula;2
1420;173/2022;2022_173_207;katkaisu;2
1420;173/2022;2022_173_207;tehdä;4
1420;173/2022;2022_173_207;samanaikaisesti;1
1420;173/2022;2022_173_207;mikäli;2
1420;173/2022;2022_173_207;epäonnistua;1
1420;173/2022;2022_173_207;jättää;1
1420;173/2022;2022_173_207;toinen;1
1420;173/2022;2022_173_207;ehtiä;1
1420;173/2022;2022_173_207;aloittaa;1
1420;173/2022;2022_173_207;jos;1
1420;173/2022;2022_173_207;niin;1
1420;173/2022;2022_173_207;sitten;1
1420;173/2022;2022_173_207;perustella;1
1420;173/2022;2022_173_207;määrä;2
1420;173/2022;2022_173_207;vähäinen;1
1420;173/2022;2022_173_207;mieli;1
1420;173/2022;2022_173_207;tulla;3
1420;173/2022;2022_173_207;ratkaiseva;1
1420;173/2022;2022_173_207;tekijä;1
1420;173/2022;2022_173_207;eläinsuojelulaki;1
1420;173/2022;2022_173_207;eettisesti;2
1420;173/2022;2022_173_207;oikein;2
1420;173/2022;2022_173_207;kestävästi;2
1420;173/2022;2022_173_207;perustelu;1
1420;173/2022;2022_173_207;kestävä;1
1420;173/2022;2022_173_207;minä;4
1420;173/2022;2022_173_207;lailla;1
1420;173/2022;2022_173_207;muoto;2
1420;173/2022;2022_173_207;tapahtua;1
1420;173/2022;2022_173_207;kuinka;1
1420;173/2022;2022_173_207;vähän;1
1420;173/2022;2022_173_207;paljon;1
1420;173/2022;2022_173_207;tahansa;1
1420;173/2022;2022_173_207;kieltäminen;1
1420;173/2022;2022_173_207;ainoa;1
1420;173/2022;2022_173_207;huomioida;1
1420;173/2022;2022_173_207;kukaan;1
1420;173/2022;2022_173_207;laiton;1
1420;173/2022;2022_173_207;rääkkäysteurastama;1
1420;173/2022;2022_173_207;eläinsuojelurikos;1
1420;173/2022;2022_173_207;antaa;2
1420;173/2022;2022_173_207;rangaistus;1
1420;173/2022;2022_173_207;tarpeeksi;1
1420;173/2022;2022_173_207;kova;1
1420;173/2022;2022_173_207;vahva;1
1420;173/2022;2022_173_207;viesti;1
1420;173/2022;2022_173_207;hyväksyä;1
1420;173/2022;2022_173_207;rääkkääminen;1
1420;173/2022;2022_173_207;syntyä;1
1420;173/2022;2022_173_207;hyödyke;1
1420;173/2022;2022_173_207;päättää;1
1420;173/2022;2022_173_207;kuolla;1
1420;173/2022;2022_173_207;valta;1
1420;173/2022;2022_173_207;käyttää;1
1420;173/2022;2022_173_207;vihdoin;1
1420;173/2022;2022_173_207;aika;1
1420;173/2022;2022_173_207;linjaus;1
1420;173/2022;2022_173_207;edelle;1
1420;173/2022;2022_173_207;kannattaa;1
1420;173/2022;2022_173_207;kiertäminen;1
1420;173/2022;2022_173_207;perussuomalainen;1
1420;173/2022;2022_173_207;lausuma;1
1420;173/2022;2022_173_207;kiitos;1
