speaker_id;session;speech_id;word;word_n
1447;16/2019;2019_16_195;arvoisa;2
1447;16/2019;2019_16_195;rouva;2
1447;16/2019;2019_16_195;puhemies;2
1447;16/2019;2019_16_195;niin;2
1447;16/2019;2019_16_195;kuin;1
1447;16/2019;2019_16_195;tämä;19
1447;16/2019;2019_16_195;olla;35
1447;16/2019;2019_16_195;saada;3
1447;16/2019;2019_16_195;todeta;1
1447;16/2019;2019_16_195;hallitusohjelma;9
1447;16/2019;2019_16_195;todella;2
1447;16/2019;2019_16_195;laaja;1
1447;16/2019;2019_16_195;kokonaisuus;2
1447;16/2019;2019_16_195;monenlainen;1
1447;16/2019;2019_16_195;asia;4
1447;16/2019;2019_16_195;se;19
1447;16/2019;2019_16_195;ei;3
1447;16/2019;2019_16_195;tehdä;3
1447;16/2019;2019_16_195;maailma;1
1447;16/2019;2019_16_195;edes;2
1447;16/2019;2019_16_195;suomi;3
1447;16/2019;2019_16_195;valmis;1
1447;16/2019;2019_16_195;mutta;4
1447;16/2019;2019_16_195;muuttaa;2
1447;16/2019;2019_16_195;kyllä;3
1447;16/2019;2019_16_195;suunta;3
1447;16/2019;2019_16_195;joka;5
1447;16/2019;2019_16_195;viime;1
1447;16/2019;2019_16_195;vuosi;1
1447;16/2019;2019_16_195;mennä;1
1447;16/2019;2019_16_195;oikeudenmukainen;1
1447;16/2019;2019_16_195;ja;25
1447;16/2019;2019_16_195;tulevaisuus;1
1447;16/2019;2019_16_195;suuntautua;1
1447;16/2019;2019_16_195;itsetarkoitus;1
1447;16/2019;2019_16_195;kaikki;3
1447;16/2019;2019_16_195;edellinen;1
1447;16/2019;2019_16_195;hallitus;5
1447;16/2019;2019_16_195;jokin;1
1447;16/2019;2019_16_195;merkittävä;2
1447;16/2019;2019_16_195;korjaus;2
1447;16/2019;2019_16_195;suunnanmuutos;1
1447;16/2019;2019_16_195;aktiivimalli;2
1447;16/2019;2019_16_195;purkaminen;2
1447;16/2019;2019_16_195;yksi;1
1447;16/2019;2019_16_195;eriarvoisuus;1
1447;16/2019;2019_16_195;poistaa;1
1447;16/2019;2019_16_195;pakko;1
1447;16/2019;2019_16_195;nykyinen;1
1447;16/2019;2019_16_195;moni;2
1447;16/2019;2019_16_195;aidosti;1
1447;16/2019;2019_16_195;aktiivisuus;1
1447;16/2019;2019_16_195;huolimatta;1
1447;16/2019;2019_16_195;vain;1
1447;16/2019;2019_16_195;työttömyysturva;1
1447;16/2019;2019_16_195;leikkuri;1
1447;16/2019;2019_16_195;korjata;3
1447;16/2019;2019_16_195;onneksi;1
1447;16/2019;2019_16_195;toimenpide;1
1447;16/2019;2019_16_195;jo;2
1447;16/2019;2019_16_195;aloittaa;1
1447;16/2019;2019_16_195;muutos;1
1447;16/2019;2019_16_195;viedä;2
1447;16/2019;2019_16_195;läpi;1
1447;16/2019;2019_16_195;nopeasti;1
1447;16/2019;2019_16_195;tavoite;1
1447;16/2019;2019_16_195;työllisyys;2
1447;16/2019;2019_16_195;parantaminen;1
1447;16/2019;2019_16_195;tarvita;2
1447;16/2019;2019_16_195;muunkinlainen;1
1447;16/2019;2019_16_195;toimi;1
1447;16/2019;2019_16_195;ottaa;4
1447;16/2019;2019_16_195;vahvasti;1
1447;16/2019;2019_16_195;kanta;2
1447;16/2019;2019_16_195;että;8
1447;16/2019;2019_16_195;nostaa;1
1447;16/2019;2019_16_195;keino;2
1447;16/2019;2019_16_195;valmistella;1
1447;16/2019;2019_16_195;kolmikanta;1
1447;16/2019;2019_16_195;siellä;1
1447;16/2019;2019_16_195;jos;1
1447;16/2019;2019_16_195;mikä;1
1447;16/2019;2019_16_195;voida;3
1447;16/2019;2019_16_195;tuloksekkaasti;1
1447;16/2019;2019_16_195;oikeudenmukaisesti;1
1447;16/2019;2019_16_195;yhteisesti;2
1447;16/2019;2019_16_195;eteenpäin;1
1447;16/2019;2019_16_195;päästä;1
1447;16/2019;2019_16_195;vaikuttaa;1
1447;16/2019;2019_16_195;merkittävästi;1
1447;16/2019;2019_16_195;myös;5
1447;16/2019;2019_16_195;lapsiperhe;1
1447;16/2019;2019_16_195;arki;1
1447;16/2019;2019_16_195;erityinen;1
1447;16/2019;2019_16_195;iloinen;1
1447;16/2019;2019_16_195;vihdoin;2
1447;16/2019;2019_16_195;uusperhe;1
1447;16/2019;2019_16_195;huomio;1
1447;16/2019;2019_16_195;ohjelma;2
1447;16/2019;2019_16_195;haluta;2
1447;16/2019;2019_16_195;parantaa;3
1447;16/2019;2019_16_195;vuorovanhemmuusperhe;1
1447;16/2019;2019_16_195;asema;1
1447;16/2019;2019_16_195;asumistuki;1
1447;16/2019;2019_16_195;muu;1
1447;16/2019;2019_16_195;sosiaaliturva;1
1447;16/2019;2019_16_195;lisäksi;1
1447;16/2019;2019_16_195;yksinhuoltaja;1
1447;16/2019;2019_16_195;monilapsinen;1
1447;16/2019;2019_16_195;perhe;1
1447;16/2019;2019_16_195;toimeentulo;1
1447;16/2019;2019_16_195;minä;3
1447;16/2019;2019_16_195;yhteinen;2
1447;16/2019;2019_16_195;huolenaihe;1
1447;16/2019;2019_16_195;takuu;1
1447;16/2019;2019_16_195;syntyvyys;1
1447;16/2019;2019_16_195;lasku;1
1447;16/2019;2019_16_195;muuttaminen;1
1447;16/2019;2019_16_195;tukea;2
1447;16/2019;2019_16_195;eri;1
1447;16/2019;2019_16_195;hyvä;5
1447;16/2019;2019_16_195;kollega;1
1447;16/2019;2019_16_195;vanhustenhoito;1
1447;16/2019;2019_16_195;keskiö;1
1447;16/2019;2019_16_195;vanhus;2
1447;16/2019;2019_16_195;huono;1
1447;16/2019;2019_16_195;kohtelu;2
1447;16/2019;2019_16_195;viimeksi;1
1447;16/2019;2019_16_195;tänään;3
1447;16/2019;2019_16_195;muun;2
1447;16/2019;2019_16_195;muassa;2
1447;16/2019;2019_16_195;keski-suomi;1
1447;16/2019;2019_16_195;eläkeläisjärjestö;1
1447;16/2019;2019_16_195;neuvottelukunta;1
1447;16/2019;2019_16_195;tuoda;2
1447;16/2019;2019_16_195;terveinen;1
1447;16/2019;2019_16_195;kantaa;1
1447;16/2019;2019_16_195;huoli;2
1447;16/2019;2019_16_195;hän;1
1447;16/2019;2019_16_195;vastata;1
1447;16/2019;2019_16_195;henkilöstömitoitus;1
1447;16/2019;2019_16_195;saaminen;1
1447;16/2019;2019_16_195;laki;1
1447;16/2019;2019_16_195;tärkeä;3
1447;16/2019;2019_16_195;samalla;1
1447;16/2019;2019_16_195;muistaa;1
1447;16/2019;2019_16_195;hoitohenkilökunta;1
1447;16/2019;2019_16_195;työolot;1
1447;16/2019;2019_16_195;työ;1
1447;16/2019;2019_16_195;kuorma;1
1447;16/2019;2019_16_195;pystyä;3
1447;16/2019;2019_16_195;hoitaja;1
1447;16/2019;2019_16_195;saatavuus;1
1447;16/2019;2019_16_195;huolehtia;1
1447;16/2019;2019_16_195;houkutteleva;1
1447;16/2019;2019_16_195;motivoiva;1
1447;16/2019;2019_16_195;työnkuva;1
1447;16/2019;2019_16_195;riittävä;1
1447;16/2019;2019_16_195;palkka;1
1447;16/2019;2019_16_195;tahtotila;2
1447;16/2019;2019_16_195;pieni;1
1447;16/2019;2019_16_195;eläke;1
1447;16/2019;2019_16_195;taso;1
1447;16/2019;2019_16_195;hallituskausi;1
1447;16/2019;2019_16_195;eläkeläisköyhyys;1
1447;16/2019;2019_16_195;tulla;2
1447;16/2019;2019_16_195;vähentää;1
1447;16/2019;2019_16_195;eläkkeensaaja;1
1447;16/2019;2019_16_195;ilmaista;1
1447;16/2019;2019_16_195;näkemys;1
1447;16/2019;2019_16_195;nyt;1
1447;16/2019;2019_16_195;toivo;3
1447;16/2019;2019_16_195;selkeä;1
1447;16/2019;2019_16_195;tuo;1
1447;16/2019;2019_16_195;kirjaus;1
1447;16/2019;2019_16_195;koko;1
1447;16/2019;2019_16_195;saavutettavuus;1
1447;16/2019;2019_16_195;investointi;1
1447;16/2019;2019_16_195;raideliikenne;1
1447;16/2019;2019_16_195;väylä;1
1447;16/2019;2019_16_195;liikenneturvallisuus;1
1447;16/2019;2019_16_195;erittäin;5
1447;16/2019;2019_16_195;matkustajaliikenne;1
1447;16/2019;2019_16_195;ennen;1
1447;16/2019;2019_16_195;kaikkea;1
1447;16/2019;2019_16_195;vientiteollisuus;1
1447;16/2019;2019_16_195;täällä;1
1447;16/2019;2019_16_195;käydä;1
1447;16/2019;2019_16_195;keskustelu;2
1447;16/2019;2019_16_195;kuulla;1
1447;16/2019;2019_16_195;puheenvuoro;3
1447;16/2019;2019_16_195;edustaja;4
1447;16/2019;2019_16_195;kanerva;1
1447;16/2019;2019_16_195;vehviläinen;1
1447;16/2019;2019_16_195;kuinka;2
1447;16/2019;2019_16_195;käsittely;1
1447;16/2019;2019_16_195;ehkä;1
1447;16/2019;2019_16_195;tarkastella;1
1447;16/2019;2019_16_195;jatko;2
1447;16/2019;2019_16_195;jotenkin;2
1447;16/2019;2019_16_195;järkevä;2
1447;16/2019;2019_16_195;täytyä;1
1447;16/2019;2019_16_195;yhtyä;2
1447;16/2019;2019_16_195;tällainen;1
1447;16/2019;2019_16_195;uusi;1
1447;16/2019;2019_16_195;mielenkiintoinen;1
1447;16/2019;2019_16_195;seurata;1
1447;16/2019;2019_16_195;kokous;1
1447;16/2019;2019_16_195;päivä;2
1447;16/2019;2019_16_195;edistyminen;1
1447;16/2019;2019_16_195;toivoa;1
1447;16/2019;2019_16_195;jonkinlainen;1
1447;16/2019;2019_16_195;parannus;1
1447;16/2019;2019_16_195;aikaiseksi;1
1447;16/2019;2019_16_195;samoin;1
1447;16/2019;2019_16_195;satonen;1
1447;16/2019;2019_16_195;pitää;2
1447;16/2019;2019_16_195;aiemmin;1
1447;16/2019;2019_16_195;politiikka;1
1447;16/2019;2019_16_195;uudistaa;1
1447;16/2019;2019_16_195;oppositioasetelma;1
1447;16/2019;2019_16_195;sellainen;1
1447;16/2019;2019_16_195;sali;1
1447;16/2019;2019_16_195;pysyä;1
1447;16/2019;2019_16_195;helppo;1
1447;16/2019;2019_16_195;tyytyväinen;1
1447;16/2019;2019_16_195;oikein;1
1447;16/2019;2019_16_195;mielellään;1
1447;16/2019;2019_16_195;äänestys;1
1447;16/2019;2019_16_195;huomenna;1
1447;46/2019;2019_46_193;arvoisa;3
1447;46/2019;2019_46_193;puhemies;2
1447;46/2019;2019_46_193;hyvä;7
1447;46/2019;2019_46_193;kuulija;2
1447;46/2019;2019_46_193;olla;24
1447;46/2019;2019_46_193;alku;1
1447;46/2019;2019_46_193;alkaen;1
1447;46/2019;2019_46_193;ajatella;1
1447;46/2019;2019_46_193;että;9
1447;46/2019;2019_46_193;lähtökohta;1
1447;46/2019;2019_46_193;politiikka;5
1447;46/2019;2019_46_193;ottaa;2
1447;46/2019;2019_46_193;avoin;1
1447;46/2019;2019_46_193;positiivinen;2
1447;46/2019;2019_46_193;ja;36
1447;46/2019;2019_46_193;tulevaisuus;4
1447;46/2019;2019_46_193;suuntautua;2
1447;46/2019;2019_46_193;asenne;1
1447;46/2019;2019_46_193;antero;1
1447;46/2019;2019_46_193;laukkanen;1
1447;46/2019;2019_46_193;toivoa;4
1447;46/2019;2019_46_193;voida;5
1447;46/2019;2019_46_193;kunnioittaa;1
1447;46/2019;2019_46_193;toinen;2
1447;46/2019;2019_46_193;eri;2
1447;46/2019;2019_46_193;mieli;1
1447;46/2019;2019_46_193;henkilökohtaisuus;1
1447;46/2019;2019_46_193;mennä;1
1447;46/2019;2019_46_193;se;15
1447;46/2019;2019_46_193;mikä;3
1447;46/2019;2019_46_193;tämä;17
1447;46/2019;2019_46_193;talo;1
1447;46/2019;2019_46_193;tehdä;3
1447;46/2019;2019_46_193;ratkaisukeskeinen;1
1447;46/2019;2019_46_193;yhteishenkinen;1
1447;46/2019;2019_46_193;demokraattinen;1
1447;46/2019;2019_46_193;päätöksentekojärjestelmä;1
1447;46/2019;2019_46_193;varmasti;1
1447;46/2019;2019_46_193;niin;1
1447;46/2019;2019_46_193;kaikki;3
1447;46/2019;2019_46_193;ei;3
1447;46/2019;2019_46_193;saada;5
1447;46/2019;2019_46_193;mutta;1
1447;46/2019;2019_46_193;erittäin;1
1447;46/2019;2019_46_193;ylpeä;1
1447;46/2019;2019_46_193;hallitus;6
1447;46/2019;2019_46_193;muuttaa;1
1447;46/2019;2019_46_193;suunta;2
1447;46/2019;2019_46_193;talousarvio;2
1447;46/2019;2019_46_193;haluta;4
1447;46/2019;2019_46_193;panostaa;4
1447;46/2019;2019_46_193;eriarvoisuus;1
1447;46/2019;2019_46_193;poistaminen;1
1447;46/2019;2019_46_193;ihminen;2
1447;46/2019;2019_46_193;hyvinvointi;6
1447;46/2019;2019_46_193;tuloero;1
1447;46/2019;2019_46_193;pienentäminen;1
1447;46/2019;2019_46_193;budjetti;2
1447;46/2019;2019_46_193;keskeinen;1
1447;46/2019;2019_46_193;edistysaskel;1
1447;46/2019;2019_46_193;kasvattaa;1
1447;46/2019;2019_46_193;pienituloinen;1
1447;46/2019;2019_46_193;eläkeläinen;1
1447;46/2019;2019_46_193;tulo;2
1447;46/2019;2019_46_193;ostovoima;1
1447;46/2019;2019_46_193;arvovalinta;1
1447;46/2019;2019_46_193;kohti;1
1447;46/2019;2019_46_193;oikeudenmukainen;2
1447;46/2019;2019_46_193;suomi;3
1447;46/2019;2019_46_193;reilu;2
1447;46/2019;2019_46_193;valtiovarainministeriö;1
1447;46/2019;2019_46_193;laskelma;1
1447;46/2019;2019_46_193;mukaan;1
1447;46/2019;2019_46_193;nostaa;1
1447;46/2019;2019_46_193;käyttää;3
1447;46/2019;2019_46_193;noin;1
1447;46/2019;2019_46_193;prosentti;2
1447;46/2019;2019_46_193;suomalainen;1
1447;46/2019;2019_46_193;siis;2
1447;46/2019;2019_46_193;kansalainen;1
1447;46/2019;2019_46_193;enemmän;1
1447;46/2019;2019_46_193;raha;2
1447;46/2019;2019_46_193;kuin;1
1447;46/2019;2019_46_193;aiemmin;1
1447;46/2019;2019_46_193;erinomainen;1
1447;46/2019;2019_46_193;hieno;1
1447;46/2019;2019_46_193;asia;1
1447;46/2019;2019_46_193;kuitenkaan;1
1447;46/2019;2019_46_193;ratkaista;1
1447;46/2019;2019_46_193;ongelma;1
1447;46/2019;2019_46_193;minä;5
1447;46/2019;2019_46_193;nuori;3
1447;46/2019;2019_46_193;tarvita;1
1447;46/2019;2019_46_193;ammatillinen;1
1447;46/2019;2019_46_193;koulutus;3
1447;46/2019;2019_46_193;ammattikorkeakoulu;1
1447;46/2019;2019_46_193;yliopisto;1
1447;46/2019;2019_46_193;lisärahoitus;1
1447;46/2019;2019_46_193;indeksikorotus;2
1447;46/2019;2019_46_193;päälle;1
1447;46/2019;2019_46_193;osaaminen;1
1447;46/2019;2019_46_193;laadukas;1
1447;46/2019;2019_46_193;lapsi;2
1447;46/2019;2019_46_193;oppivelvollisuus;2
1447;46/2019;2019_46_193;laajentaminen;2
1447;46/2019;2019_46_193;myös;3
1447;46/2019;2019_46_193;käynti;1
1447;46/2019;2019_46_193;oma;3
1447;46/2019;2019_46_193;poika;1
1447;46/2019;2019_46_193;aloittaa;1
1447;46/2019;2019_46_193;ammattikoulu;1
1447;46/2019;2019_46_193;syksy;1
1447;46/2019;2019_46_193;aamu;1
1447;46/2019;2019_46_193;yli;1
1447;46/2019;2019_46_193;euro;2
1447;46/2019;2019_46_193;lasku;1
1447;46/2019;2019_46_193;työväline;1
1447;46/2019;2019_46_193;vaate;1
1447;46/2019;2019_46_193;mahdollistaa;4
1447;46/2019;2019_46_193;jokainen;3
1447;46/2019;2019_46_193;opiskella;1
1447;46/2019;2019_46_193;ammatti;1
1447;46/2019;2019_46_193;vanhempi;1
1447;46/2019;2019_46_193;tulotaso;1
1447;46/2019;2019_46_193;riippumatta;1
1447;46/2019;2019_46_193;kyse;1
1447;46/2019;2019_46_193;investointi;1
1447;46/2019;2019_46_193;ehkä;1
1447;46/2019;2019_46_193;eläke;1
1447;46/2019;2019_46_193;maksu;1
1447;46/2019;2019_46_193;maa;1
1447;46/2019;2019_46_193;talous;1
1447;46/2019;2019_46_193;kantokyky;1
1447;46/2019;2019_46_193;riippuvainen;2
1447;46/2019;2019_46_193;työllisyysaste;2
1447;46/2019;2019_46_193;kehitys;1
1447;46/2019;2019_46_193;päivänselvä;1
1447;46/2019;2019_46_193;sali;1
1447;46/2019;2019_46_193;mahdollisuus;3
1447;46/2019;2019_46_193;tulla;1
1447;46/2019;2019_46_193;toimi;1
1447;46/2019;2019_46_193;palkka;1
1447;46/2019;2019_46_193;työ;1
1447;46/2019;2019_46_193;tänään;2
1447;46/2019;2019_46_193;kuulla;2
1447;46/2019;2019_46_193;negatiivinen;1
1447;46/2019;2019_46_193;spekulaatio;1
1447;46/2019;2019_46_193;huolimatta;2
1447;46/2019;2019_46_193;aidosti;1
1447;46/2019;2019_46_193;aktiivinen;1
1447;46/2019;2019_46_193;työllisyyspolitiikka;2
1447;46/2019;2019_46_193;kulmakivi;1
1447;46/2019;2019_46_193;entinen;1
1447;46/2019;2019_46_193;yksilöllinen;1
1447;46/2019;2019_46_193;palvelu;2
1447;46/2019;2019_46_193;palkkatuki;1
1447;46/2019;2019_46_193;voimakas;1
1447;46/2019;2019_46_193;lisääminen;1
1447;46/2019;2019_46_193;panostaminen;1
1447;46/2019;2019_46_193;osatyökykyinen;1
1447;46/2019;2019_46_193;työllistyä;1
1447;46/2019;2019_46_193;työttömyysjakso;1
1447;46/2019;2019_46_193;lyhentäminen;1
1447;46/2019;2019_46_193;osallisuus;1
1447;46/2019;2019_46_193;yhteiskunta;1
1447;46/2019;2019_46_193;vähentää;1
1447;46/2019;2019_46_193;syrjäytyminen;1
1447;46/2019;2019_46_193;lisätä;1
1447;46/2019;2019_46_193;aktiivimalli;1
1447;46/2019;2019_46_193;leikkuri;1
1447;46/2019;2019_46_193;kaltainen;1
1447;46/2019;2019_46_193;epäoikeudenmukainen;1
1447;46/2019;2019_46_193;keino;1
1447;46/2019;2019_46_193;kuitenkin;2
1447;46/2019;2019_46_193;onneksi;1
1447;46/2019;2019_46_193;päättyä;2
1447;46/2019;2019_46_193;vuosivaihde;1
1447;46/2019;2019_46_193;hallitusohjelma;1
1447;46/2019;2019_46_193;puheenvuoro;1
1447;46/2019;2019_46_193;tunnistaa;1
1447;46/2019;2019_46_193;alueellinen;1
1447;46/2019;2019_46_193;eriarvoistuminen;1
1447;46/2019;2019_46_193;vahvasti;2
1447;46/2019;2019_46_193;kanta;1
1447;46/2019;2019_46_193;edelleen;1
1447;46/2019;2019_46_193;vienti;4
1447;46/2019;2019_46_193;siksi;1
1447;46/2019;2019_46_193;käynnistää;1
1447;46/2019;2019_46_193;kansainvälinen;1
1447;46/2019;2019_46_193;kasvu;1
1447;46/2019;2019_46_193;ohjelma;1
1447;46/2019;2019_46_193;miljoona;1
1447;46/2019;2019_46_193;lisäpanostus;1
1447;46/2019;2019_46_193;merkittävä;2
1447;46/2019;2019_46_193;panostus;4
1447;46/2019;2019_46_193;kasvattaminen;1
1447;46/2019;2019_46_193;edistäminen;1
1447;46/2019;2019_46_193;liikenneverkko;1
1447;46/2019;2019_46_193;tukea;2
1447;46/2019;2019_46_193;työllisyys;1
1447;46/2019;2019_46_193;aluekehitys;1
1447;46/2019;2019_46_193;parantaa;1
1447;46/2019;2019_46_193;yritys;1
1447;46/2019;2019_46_193;toimintamahdollisuus;1
1447;46/2019;2019_46_193;auttaa;1
1447;46/2019;2019_46_193;edistää;1
1447;46/2019;2019_46_193;raideliikenne;1
1447;46/2019;2019_46_193;työssäkäyntialue;1
1447;46/2019;2019_46_193;laajeneminen;1
1447;46/2019;2019_46_193;tasoittaa;1
1447;46/2019;2019_46_193;kiinteistö;1
1447;46/2019;2019_46_193;arvonkehitys;1
1447;46/2019;2019_46_193;pitkä;1
1447;46/2019;2019_46_193;aikaväli;1
1447;46/2019;2019_46_193;esimerkiksi;1
1447;46/2019;2019_46_193;biokaasuohjelma;1
1447;46/2019;2019_46_193;alue;2
1447;46/2019;2019_46_193;kehittyminen;1
1447;46/2019;2019_46_193;aluepolitiikka;1
1447;46/2019;2019_46_193;saavutettavuus;1
1447;46/2019;2019_46_193;vahvuus;1
1447;46/2019;2019_46_193;huomioida;1
1447;46/2019;2019_46_193;puheenjohtaja;1
1447;46/2019;2019_46_193;saatavuus;1
1447;46/2019;2019_46_193;riippua;1
1447;46/2019;2019_46_193;kuinka;1
1447;46/2019;2019_46_193;asuinseutu;1
1447;46/2019;2019_46_193;kunta;3
1447;46/2019;2019_46_193;kaupunki;1
1447;46/2019;2019_46_193;kohta;1
1447;46/2019;2019_46_193;huojentua;1
1447;46/2019;2019_46_193;lukea;1
1447;46/2019;2019_46_193;vuosi;1
1447;46/2019;2019_46_193;talousarvioesitys;2
1447;46/2019;2019_46_193;leikkauspolitiikka;1
1447;46/2019;2019_46_193;palauttaa;1
1447;46/2019;2019_46_193;sitoumus;1
1447;46/2019;2019_46_193;luoda;1
1447;46/2019;2019_46_193;huolehtia;1
1447;46/2019;2019_46_193;osa;1
1447;46/2019;2019_46_193;kuntalainen;1
1447;46/2019;2019_46_193;joka;1
1447;46/2019;2019_46_193;kääntää;1
1447;64/2019;2019_64_71;arvoisa;2
1447;64/2019;2019_64_71;puhemies;2
1447;64/2019;2019_64_71;hyvä;7
1447;64/2019;2019_64_71;kuulija;1
1447;64/2019;2019_64_71;saada;2
1447;64/2019;2019_64_71;tänään;1
1447;64/2019;2019_64_71;käsitellä;1
1447;64/2019;2019_64_71;aloite;4
1447;64/2019;2019_64_71;joka;5
1447;64/2019;2019_64_71;todella;1
1447;64/2019;2019_64_71;olla;40
1447;64/2019;2019_64_71;vaikutus;3
1447;64/2019;2019_64_71;tulevaisuus;2
1447;64/2019;2019_64_71;metsänhoito;1
1447;64/2019;2019_64_71;ja;34
1447;64/2019;2019_64_71;teollisuus;1
1447;64/2019;2019_64_71;tulevaisuudennäkymä;1
1447;64/2019;2019_64_71;minä;8
1447;64/2019;2019_64_71;huoli;3
1447;64/2019;2019_64_71;maailmanlaajuinen;2
1447;64/2019;2019_64_71;metsäkato;8
1447;64/2019;2019_64_71;metsä;13
1447;64/2019;2019_64_71;tila;1
1447;64/2019;2019_64_71;heikkeneminen;2
1447;64/2019;2019_64_71;se;8
1447;64/2019;2019_64_71;kuinka;2
1447;64/2019;2019_64_71;kestävä;2
1447;64/2019;2019_64_71;hoito;1
1447;64/2019;2019_64_71;käyttö;2
1447;64/2019;2019_64_71;suojelu;1
1447;64/2019;2019_64_71;kiinnittää;1
1447;64/2019;2019_64_71;huomio;2
1447;64/2019;2019_64_71;niin;2
1447;64/2019;2019_64_71;suomi;7
1447;64/2019;2019_64_71;kuin;3
1447;64/2019;2019_64_71;maailmanlaajuisesti;2
1447;64/2019;2019_64_71;samoin;1
1447;64/2019;2019_64_71;luonto;5
1447;64/2019;2019_64_71;monimuotoisuus;6
1447;64/2019;2019_64_71;turvaaminen;1
1447;64/2019;2019_64_71;keskiö;1
1447;64/2019;2019_64_71;päätös;3
1447;64/2019;2019_64_71;tehdä;6
1447;64/2019;2019_64_71;sama;2
1447;64/2019;2019_64_71;aika;3
1447;64/2019;2019_64_71;myös;6
1447;64/2019;2019_64_71;metsäteollisuus;1
1447;64/2019;2019_64_71;kilpailukyky;1
1447;64/2019;2019_64_71;ylläpitäminen;2
1447;64/2019;2019_64_71;parantaminen;1
1447;64/2019;2019_64_71;avohakku;2
1447;64/2019;2019_64_71;kieltäminen;2
1447;64/2019;2019_64_71;ei;5
1447;64/2019;2019_64_71;kuitenkaan;1
1447;64/2019;2019_64_71;ratkaisu;3
1447;64/2019;2019_64_71;sellainen;3
1447;64/2019;2019_64_71;tilanne;1
1447;64/2019;2019_64_71;että;8
1447;64/2019;2019_64_71;tämä;9
1447;64/2019;2019_64_71;esittää;1
1447;64/2019;2019_64_71;muoto;1
1447;64/2019;2019_64_71;tarve;2
1447;64/2019;2019_64_71;kasvaa;3
1447;64/2019;2019_64_71;enemmän;1
1447;64/2019;2019_64_71;käyttää;3
1447;64/2019;2019_64_71;ymmärtää;2
1447;64/2019;2019_64_71;ilmastokeskustelu;1
1447;64/2019;2019_64_71;ilmapiiri;1
1447;64/2019;2019_64_71;vain;2
1447;64/2019;2019_64_71;sitoa;1
1447;64/2019;2019_64_71;ilmakehä;1
1447;64/2019;2019_64_71;hiilidioksidi;1
1447;64/2019;2019_64_71;hiili;1
1447;64/2019;2019_64_71;kerryttäminen;1
1447;64/2019;2019_64_71;onnistua;1
1447;64/2019;2019_64_71;hoitaa;1
1447;64/2019;2019_64_71;metsätalous;2
1447;64/2019;2019_64_71;tulla;3
1447;64/2019;2019_64_71;sallia;1
1447;64/2019;2019_64_71;sekä;1
1447;64/2019;2019_64_71;avohakkuu;1
1447;64/2019;2019_64_71;jatkuva;2
1447;64/2019;2019_64_71;kasvatus;3
1447;64/2019;2019_64_71;nyt;2
1447;64/2019;2019_64_71;erilainen;1
1447;64/2019;2019_64_71;tapa;1
1447;64/2019;2019_64_71;eri;4
1447;64/2019;2019_64_71;paikka;1
1447;64/2019;2019_64_71;painottaa;1
1447;64/2019;2019_64_71;eu;3
1447;64/2019;2019_64_71;metsäpinta-ala;3
1447;64/2019;2019_64_71;viime;1
1447;64/2019;2019_64_71;vuosikymmen;1
1447;64/2019;2019_64_71;mutta;1
1447;64/2019;2019_64_71;jatkua;1
1447;64/2019;2019_64_71;maailma;4
1447;64/2019;2019_64_71;erittäin;3
1447;64/2019;2019_64_71;huolestuttava;1
1447;64/2019;2019_64_71;vauhti;1
1447;64/2019;2019_64_71;syy;2
1447;64/2019;2019_64_71;muun;2
1447;64/2019;2019_64_71;muassa;2
1447;64/2019;2019_64_71;väestönkasvu;1
1447;64/2019;2019_64_71;kautta;1
1447;64/2019;2019_64_71;ruoka;1
1447;64/2019;2019_64_71;rehu;1
1447;64/2019;2019_64_71;puu;1
1447;64/2019;2019_64_71;muu;1
1447;64/2019;2019_64_71;hyödyke;2
1447;64/2019;2019_64_71;lisätä;1
1447;64/2019;2019_64_71;seikka;1
1447;64/2019;2019_64_71;tiedonpuute;1
1447;64/2019;2019_64_71;heikko;1
1447;64/2019;2019_64_71;hallinto;1
1447;64/2019;2019_64_71;laiton;1
1447;64/2019;2019_64_71;toiminta;1
1447;64/2019;2019_64_71;maatalous;1
1447;64/2019;2019_64_71;alue;4
1447;64/2019;2019_64_71;laajeneminen;1
1447;64/2019;2019_64_71;metsäpalo;1
1447;64/2019;2019_64_71;torjuminen;1
1447;64/2019;2019_64_71;tarvita;2
1447;64/2019;2019_64_71;kukin;1
1447;64/2019;2019_64_71;maa;4
1447;64/2019;2019_64_71;sisällä;1
1447;64/2019;2019_64_71;yksilöllinen;1
1447;64/2019;2019_64_71;toimi;1
1447;64/2019;2019_64_71;kuluttaja;1
1447;64/2019;2019_64_71;tietoisuus;1
1447;64/2019;2019_64_71;lisääminen;1
1447;64/2019;2019_64_71;mikä;1
1447;64/2019;2019_64_71;kauppa;1
1447;64/2019;2019_64_71;tuote;2
1447;64/2019;2019_64_71;eettisesti;1
1447;64/2019;2019_64_71;ekologisesti;1
1447;64/2019;2019_64_71;tuottaa;1
1447;64/2019;2019_64_71;minkälainen;2
1447;64/2019;2019_64_71;maankäyttö;1
1447;64/2019;2019_64_71;kohdistua;1
1447;64/2019;2019_64_71;kulutusjälki;1
1447;64/2019;2019_64_71;esimerkiksi;1
1447;64/2019;2019_64_71;palmuöljy;1
1447;64/2019;2019_64_71;liha;1
1447;64/2019;2019_64_71;soija;1
1447;64/2019;2019_64_71;kaakao;1
1447;64/2019;2019_64_71;maissi;1
1447;64/2019;2019_64_71;aiheuttaa;4
1447;64/2019;2019_64_71;kannustaa;1
1447;64/2019;2019_64_71;ihminen;1
1447;64/2019;2019_64_71;valinta;1
1447;64/2019;2019_64_71;voida;4
1447;64/2019;2019_64_71;luoda;1
1447;64/2019;2019_64_71;miljoona;1
1447;64/2019;2019_64_71;sosiaalinen;1
1447;64/2019;2019_64_71;asema;1
1447;64/2019;2019_64_71;parantaa;1
1447;64/2019;2019_64_71;työpaikka;1
1447;64/2019;2019_64_71;ympäri;1
1447;64/2019;2019_64_71;täällä;1
1447;64/2019;2019_64_71;politiikka;1
1447;64/2019;2019_64_71;ennakoitava;1
1447;64/2019;2019_64_71;pitkäjänteinen;1
1447;64/2019;2019_64_71;avohakkuukielto;2
1447;64/2019;2019_64_71;koskea;1
1447;64/2019;2019_64_71;valtio;2
1447;64/2019;2019_64_71;omistaa;2
1447;64/2019;2019_64_71;alueellinen;2
1447;64/2019;2019_64_71;voimaantulo;1
1447;64/2019;2019_64_71;metsämaa;1
1447;64/2019;2019_64_71;suuri;2
1447;64/2019;2019_64_71;osa;1
1447;64/2019;2019_64_71;sijaita;2
1447;64/2019;2019_64_71;pohjois;1
1447;64/2019;2019_64_71;itä-suomi;1
1447;64/2019;2019_64_71;oikea;2
1447;64/2019;2019_64_71;kyllä;1
1447;64/2019;2019_64_71;epäoikeudenmukaisuus;1
1447;64/2019;2019_64_71;merkittävä;1
1447;64/2019;2019_64_71;paikallinen;1
1447;64/2019;2019_64_71;mikko;1
1447;64/2019;2019_64_71;kärnä;1
1447;64/2019;2019_64_71;asia;1
1447;64/2019;2019_64_71;kokonaisuus;1
1447;64/2019;2019_64_71;tarkastella;1
1447;64/2019;2019_64_71;huomata;1
1447;64/2019;2019_64_71;vuosittainen;1
1447;64/2019;2019_64_71;päätehakkuu;1
1447;64/2019;2019_64_71;uudistamisala;1
1447;64/2019;2019_64_71;yksi;2
1447;64/2019;2019_64_71;prosentti;4
1447;64/2019;2019_64_71;hannu;1
1447;64/2019;2019_64_71;hoskonen;1
1447;64/2019;2019_64_71;aivan;2
1447;64/2019;2019_64_71;oikein;1
1447;64/2019;2019_64_71;siis;2
1447;64/2019;2019_64_71;koko;3
1447;64/2019;2019_64_71;täysin;1
1447;64/2019;2019_64_71;suojella;5
1447;64/2019;2019_64_71;tai;1
1447;64/2019;2019_64_71;rajoitettu;1
1447;64/2019;2019_64_71;iso;1
1447;64/2019;2019_64_71;osuus;2
1447;64/2019;2019_64_71;tiukasti;2
1447;64/2019;2019_64_71;puoli;3
1447;64/2019;2019_64_71;hhoh;1
1447;64/2019;2019_64_71;arto;1
1447;64/2019;2019_64_71;satonen;1
1447;64/2019;2019_64_71;ylpeä;2
1447;64/2019;2019_64_71;kertoa;1
1447;64/2019;2019_64_71;yli;1
1447;64/2019;2019_64_71;talousmetsä;1
1447;64/2019;2019_64_71;sertifioida;1
1447;64/2019;2019_64_71;todeta;1
1447;64/2019;2019_64_71;toimiva;1
1447;64/2019;2019_64_71;metsälaki;1
1447;64/2019;2019_64_71;tietää;1
1447;64/2019;2019_64_71;metsäsektori;1
1447;64/2019;2019_64_71;toimija;2
1447;64/2019;2019_64_71;ottaa;1
1447;64/2019;2019_64_71;vakavasti;1
1447;64/2019;2019_64_71;ilmasto;1
1447;64/2019;2019_64_71;liittyä;1
1447;64/2019;2019_64_71;kysymys;1
1447;64/2019;2019_64_71;aidosti;1
1447;64/2019;2019_64_71;mukana;1
1447;64/2019;2019_64_71;työ;2
1447;64/2019;2019_64_71;jo;1
1447;64/2019;2019_64_71;vuosi;1
1447;64/2019;2019_64_71;huolehtiminen;1
1447;64/2019;2019_64_71;laajapohjainen;1
1447;64/2019;2019_64_71;yhteistyö;2
1447;64/2019;2019_64_71;tärkeä;1
1447;64/2019;2019_64_71;kaikki;1
1447;64/2019;2019_64_71;tavoite;2
1447;64/2019;2019_64_71;metsälaji;1
1447;64/2019;2019_64_71;uhanalaisuuskehitys;1
1447;64/2019;2019_64_71;pysäyttäminen;1
1447;64/2019;2019_64_71;korjaaminen;1
1447;64/2019;2019_64_71;laajasti;1
1447;64/2019;2019_64_71;kanssa;1
1447;64/2019;2019_64_71;perustua;2
1447;64/2019;2019_64_71;tutkia;2
1447;64/2019;2019_64_71;tieto;4
1447;64/2019;2019_64_71;tunne;1
1447;64/2019;2019_64_71;iloinen;1
1447;64/2019;2019_64_71;metsähallitus;1
1447;64/2019;2019_64_71;syksy;1
1447;64/2019;2019_64_71;ilmoittaa;1
1447;64/2019;2019_64_71;perustaa;1
1447;64/2019;2019_64_71;jotta;1
1447;64/2019;2019_64_71;luotettava;1
1447;64/2019;2019_64_71;käytäntö;1
1447;64/2019;2019_64_71;testata;1
1447;64/2019;2019_64_71;antaa;1
1447;64/2019;2019_64_71;metsänkasvatus;1
1447;64/2019;2019_64_71;rajaava;1
1447;64/2019;2019_64_71;keino;1
1447;64/2019;2019_64_71;vahingollinen;1
1447;64/2019;2019_64_71;eduskunta;1
1447;64/2019;2019_64_71;puhe;2
1447;64/2019;2019_64_71;hallitus;1
1447;64/2019;2019_64_71;keskustalainen;1
1447;64/2019;2019_64_71;puheenvuoro;1
1447;64/2019;2019_64_71;loistava;1
1447;66/2019;2019_66_152;arvoisa;1
1447;66/2019;2019_66_152;puhemies;1
1447;66/2019;2019_66_152;tämä;2
1447;66/2019;2019_66_152;esitys;2
1447;66/2019;2019_66_152;ehdottaa;1
1447;66/2019;2019_66_152;pelastusopisto;4
1447;66/2019;2019_66_152;antaa;2
1447;66/2019;2019_66_152;laki;2
1447;66/2019;2019_66_152;opiskeluoikeus;1
1447;66/2019;2019_66_152;keskeyttämisperuste;2
1447;66/2019;2019_66_152;väliaikainen;2
1447;66/2019;2019_66_152;olla;9
1447;66/2019;2019_66_152;vastaisuus;1
1447;66/2019;2019_66_152;asevelvollisuus;1
1447;66/2019;2019_66_152;siviilipalvelusaika;1
1447;66/2019;2019_66_152;ja;7
1447;66/2019;2019_66_152;nainen;1
1447;66/2019;2019_66_152;vapaaehtoinen;1
1447;66/2019;2019_66_152;asepalvelus;1
1447;66/2019;2019_66_152;lainmukainen;1
1447;66/2019;2019_66_152;palvelus;1
1447;66/2019;2019_66_152;suorittaminen;2
1447;66/2019;2019_66_152;sekä;1
1447;66/2019;2019_66_152;äitiys;1
1447;66/2019;2019_66_152;isyys;1
1447;66/2019;2019_66_152;vanhempainvapaa;1
1447;66/2019;2019_66_152;tai;2
1447;66/2019;2019_66_152;muu;1
1447;66/2019;2019_66_152;perustella;1
1447;66/2019;2019_66_152;syy;1
1447;66/2019;2019_66_152;esimerkiksi;2
1447;66/2019;2019_66_152;lähiomainen;1
1447;66/2019;2019_66_152;sairaus;1
1447;66/2019;2019_66_152;vamma;1
1447;66/2019;2019_66_152;edellyttää;1
1447;66/2019;2019_66_152;hoitotyö;1
1447;66/2019;2019_66_152;opiskelu;2
1447;66/2019;2019_66_152;keskeyttäminen;1
1447;66/2019;2019_66_152;tutkinto;1
1447;66/2019;2019_66_152;kesken;1
1447;66/2019;2019_66_152;lopettaminen;1
1447;66/2019;2019_66_152;harvinainen;1
1447;66/2019;2019_66_152;mutta;1
1447;66/2019;2019_66_152;yhdenvertaistaa;1
1447;66/2019;2019_66_152;oppilas;1
1447;66/2019;2019_66_152;ammatillinen;1
1447;66/2019;2019_66_152;koulutus;2
1447;66/2019;2019_66_152;poliisiammattikorkeakoulu;1
1447;66/2019;2019_66_152;yliopisto;1
1447;66/2019;2019_66_152;voida;1
1447;66/2019;2019_66_152;hakemus;1
1447;66/2019;2019_66_152;keskeyttää;1
1447;66/2019;2019_66_152;enintään;1
1447;66/2019;2019_66_152;yksi;1
1447;66/2019;2019_66_152;vuosi;1
1447;66/2019;2019_66_152;määräaika;1
1447;66/2019;2019_66_152;raskaus;1
1447;66/2019;2019_66_152;synnytys;1
1447;66/2019;2019_66_152;vuoksi;1
1447;66/2019;2019_66_152;kuitenkin;3
1447;66/2019;2019_66_152;sellainen;1
1447;66/2019;2019_66_152;seikka;1
1447;66/2019;2019_66_152;että;2
1447;66/2019;2019_66_152;ottaa;1
1447;66/2019;2019_66_152;huomio;1
1447;66/2019;2019_66_152;se;1
1447;66/2019;2019_66_152;opiskelija;2
1447;66/2019;2019_66_152;joka;1
1447;66/2019;2019_66_152;mahdollisesti;1
1447;66/2019;2019_66_152;aika;1
1447;66/2019;2019_66_152;saada;1
1447;66/2019;2019_66_152;usea;1
1447;66/2019;2019_66_152;lapsi;1
1447;66/2019;2019_66_152;kokonaisuus;2
1447;66/2019;2019_66_152;huomioida;1
1447;66/2019;2019_66_152;tiivis;1
1447;66/2019;2019_66_152;kolme;1
1447;66/2019;2019_66_152;lukukausi;1
1447;66/2019;2019_66_152;perustellusti;1
1447;66/2019;2019_66_152;jatko;1
1447;66/2019;2019_66_152;kyetä;1
1447;66/2019;2019_66_152;ennakoida;1
1447;66/2019;2019_66_152;sijoittuminen;1
1447;66/2019;2019_66_152;opintojakso;1
1447;66/2019;2019_66_152;tulkinta;1
1447;66/2019;2019_66_152;opinto;1
1447;66/2019;2019_66_152;siirtäminen;1
1447;66/2019;2019_66_152;pystyä;1
1447;66/2019;2019_66_152;tarkastella;1
1447;66/2019;2019_66_152;tapauskohtaisesti;1
1447;66/2019;2019_66_152;kohtuuton;1
1447;66/2019;2019_66_152;tilanne;1
1447;66/2019;2019_66_152;välttää;1
1447;66/2019;2019_66_156;herra;1
1447;66/2019;2019_66_156;puhemies;1
1447;66/2019;2019_66_156;tämä;10
1447;66/2019;2019_66_156;lakiehdotus;1
1447;66/2019;2019_66_156;siis;1
1447;66/2019;2019_66_156;nimenomaan;1
1447;66/2019;2019_66_156;täydentää;1
1447;66/2019;2019_66_156;aluekehittäminen;2
1447;66/2019;2019_66_156;rahoitusväline;1
1447;66/2019;2019_66_156;ja;13
1447;66/2019;2019_66_156;tukea;1
1447;66/2019;2019_66_156;maakuntaliitto;2
1447;66/2019;2019_66_156;tehtävä;2
1447;66/2019;2019_66_156;aluekehitysviranomainen;1
1447;66/2019;2019_66_156;rooli;1
1447;66/2019;2019_66_156;kokonaisuus;1
1447;66/2019;2019_66_156;niin;2
1447;66/2019;2019_66_156;kuin;2
1447;66/2019;2019_66_156;edustaja;1
1447;66/2019;2019_66_156;kankaanniemi;1
1447;66/2019;2019_66_156;todeta;1
1447;66/2019;2019_66_156;olla;19
1447;66/2019;2019_66_156;kyse;1
1447;66/2019;2019_66_156;miljoona;3
1447;66/2019;2019_66_156;euro;2
1447;66/2019;2019_66_156;raha;1
1447;66/2019;2019_66_156;erityisesti;1
1447;66/2019;2019_66_156;kiinnittää;1
1447;66/2019;2019_66_156;sama;1
1447;66/2019;2019_66_156;asia;1
1447;66/2019;2019_66_156;huomio;1
1447;66/2019;2019_66_156;että;4
1447;66/2019;2019_66_156;määräraha;4
1447;66/2019;2019_66_156;vain;1
1447;66/2019;2019_66_156;kohdentaa;1
1447;66/2019;2019_66_156;suoraan;1
1447;66/2019;2019_66_156;maakunta;3
1447;66/2019;2019_66_156;omaehtoinen;1
1447;66/2019;2019_66_156;kehittäminen;2
1447;66/2019;2019_66_156;mennä;1
1447;66/2019;2019_66_156;sopimusperusteinen;1
1447;66/2019;2019_66_156;yhteistyö;1
1447;66/2019;2019_66_156;tärkeä;4
1447;66/2019;2019_66_156;tavoite;1
1447;66/2019;2019_66_156;edistää;1
1447;66/2019;2019_66_156;alue;1
1447;66/2019;2019_66_156;kaupunki;1
1447;66/2019;2019_66_156;kunta;1
1447;66/2019;2019_66_156;kestävä;1
1447;66/2019;2019_66_156;kasvu;1
1447;66/2019;2019_66_156;mutta;2
1447;66/2019;2019_66_156;erittäin;1
1447;66/2019;2019_66_156;rahoitus;5
1447;66/2019;2019_66_156;joustava;1
1447;66/2019;2019_66_156;se;1
1447;66/2019;2019_66_156;mahdollinen;1
1447;66/2019;2019_66_156;käyttää;1
1447;66/2019;2019_66_156;katsoa;1
1447;66/2019;2019_66_156;kehittämistoimi;1
1447;66/2019;2019_66_156;mikään;1
1447;66/2019;2019_66_156;tulokseton;1
1447;66/2019;2019_66_156;hankehumppa;1
1447;66/2019;2019_66_156;ei;2
1447;66/2019;2019_66_156;saada;2
1447;66/2019;2019_66_156;tulla;1
1447;66/2019;2019_66_156;lisäksi;1
1447;66/2019;2019_66_156;huomioida;1
1447;66/2019;2019_66_156;työ;1
1447;66/2019;2019_66_156;elinkeinoministeriö;1
1447;66/2019;2019_66_156;jäädä;1
1447;66/2019;2019_66_156;jakaminen;1
1447;66/2019;2019_66_156;valmistella;1
1447;66/2019;2019_66_156;yhdessä;1
1447;66/2019;2019_66_156;kanssa;1
1447;66/2019;2019_66_156;hän;1
1447;66/2019;2019_66_156;toivoa;1
1447;66/2019;2019_66_156;äärimmäinen;1
1447;66/2019;2019_66_156;keskittyminen;1
1447;66/2019;2019_66_156;edistäminen;1
1447;66/2019;2019_66_156;koko;1
1447;66/2019;2019_66_156;maa;1
1447;66/2019;2019_66_156;etu;1
1447;66/2019;2019_66_156;vaikka;1
1447;66/2019;2019_66_156;suuruus;1
1447;66/2019;2019_66_156;melko;1
1447;66/2019;2019_66_156;pieni;1
1447;66/2019;2019_66_156;kriteeri;1
1447;66/2019;2019_66_156;samanlainen;1
1447;66/2019;2019_66_156;eri;1
1447;66/2019;2019_66_156;avoin;1
1447;66/2019;2019_66_156;läpinäkyvä;1
1447;66/2019;2019_66_156;oikeudenmukainen;1
1447;66/2019;2019_66_156;byrokratia;1
1447;66/2019;2019_66_156;saaminen;1
1447;66/2019;2019_66_156;este;1
1447;66/2019;2019_66_156;tehdä;1
1447;66/2019;2019_66_156;toimi;1
1447;66/2019;2019_66_156;myös;1
1447;66/2019;2019_66_156;jälkikäteen;1
1447;66/2019;2019_66_156;pystyä;1
1447;66/2019;2019_66_156;mitata;1
1447;66/2019;2019_66_156;hankeraportti;1
1447;66/2019;2019_66_156;julkinen;1
1447;70/2019;2019_70_97;arvoisa;2
1447;70/2019;2019_70_97;puhemies;2
1447;70/2019;2019_70_97;tämä;10
1447;70/2019;2019_70_97;hallitus;9
1447;70/2019;2019_70_97;talouspolitiikka;1
1447;70/2019;2019_70_97;päämäärä;1
1447;70/2019;2019_70_97;olla;16
1447;70/2019;2019_70_97;hyvinvointi;2
1447;70/2019;2019_70_97;lisääminen;1
1447;70/2019;2019_70_97;työllisyys;4
1447;70/2019;2019_70_97;nostaminen;2
1447;70/2019;2019_70_97;eriarvoisuus;1
1447;70/2019;2019_70_97;vähentäminen;1
1447;70/2019;2019_70_97;ja;32
1447;70/2019;2019_70_97;tuloero;1
1447;70/2019;2019_70_97;pienentäminen;1
1447;70/2019;2019_70_97;tietysti;1
1447;70/2019;2019_70_97;huomioida;1
1447;70/2019;2019_70_97;myös;5
1447;70/2019;2019_70_97;talous;4
1447;70/2019;2019_70_97;kehittyminen;1
1447;70/2019;2019_70_97;riski;1
1447;70/2019;2019_70_97;epävarmuus;1
1447;70/2019;2019_70_97;väestö;1
1447;70/2019;2019_70_97;ikääntyminen;1
1447;70/2019;2019_70_97;syntyvyys;1
1447;70/2019;2019_70_97;raju;1
1447;70/2019;2019_70_97;heikkeneminen;1
1447;70/2019;2019_70_97;vaikeuttaa;1
1447;70/2019;2019_70_97;julkinen;2
1447;70/2019;2019_70_97;hallinta;3
1447;70/2019;2019_70_97;työllisyysaste;1
1447;70/2019;2019_70_97;avainasema;1
1447;70/2019;2019_70_97;kokonaisuus;2
1447;70/2019;2019_70_97;yhdessä;2
1447;70/2019;2019_70_97;sosiaali;2
1447;70/2019;2019_70_97;terveyspalvelu;1
1447;70/2019;2019_70_97;kulukehitys;1
1447;70/2019;2019_70_97;kanssa;2
1447;70/2019;2019_70_97;sali;2
1447;70/2019;2019_70_97;kuulla;1
1447;70/2019;2019_70_97;negatiivinen;1
1447;70/2019;2019_70_97;argumentti;1
1447;70/2019;2019_70_97;huolimatta;1
1447;70/2019;2019_70_97;tarttua;1
1447;70/2019;2019_70_97;hoito;1
1447;70/2019;2019_70_97;usea;2
1447;70/2019;2019_70_97;eri;1
1447;70/2019;2019_70_97;toimi;5
1447;70/2019;2019_70_97;aiempi;1
1447;70/2019;2019_70_97;terveydenhuolto;1
1447;70/2019;2019_70_97;uudistusyritys;1
1447;70/2019;2019_70_97;ottaa;1
1447;70/2019;2019_70_97;oppi;1
1447;70/2019;2019_70_97;jatko;2
1447;70/2019;2019_70_97;uudistus;2
1447;70/2019;2019_70_97;viedä;1
1447;70/2019;2019_70_97;eteenpäin;1
1447;70/2019;2019_70_97;asiakas;1
1447;70/2019;2019_70_97;palvelu;1
1447;70/2019;2019_70_97;edellä;1
1447;70/2019;2019_70_97;ennaltaehkäisy;1
1447;70/2019;2019_70_97;peruspalvelu;1
1447;70/2019;2019_70_97;panostaa;6
1447;70/2019;2019_70_97;haluta;4
1447;70/2019;2019_70_97;osatyökykyinen;1
1447;70/2019;2019_70_97;pitkäaikaistyötön;1
1447;70/2019;2019_70_97;vammainen;1
1447;70/2019;2019_70_97;työllistyminen;1
1447;70/2019;2019_70_97;este;1
1447;70/2019;2019_70_97;poistaminen;1
1447;70/2019;2019_70_97;esimerkiksi;1
1447;70/2019;2019_70_97;yksinyrittäjä;1
1447;70/2019;2019_70_97;voida;1
1447;70/2019;2019_70_97;saada;1
1447;70/2019;2019_70_97;tuki;1
1447;70/2019;2019_70_97;ensimmäinen;1
1447;70/2019;2019_70_97;työntekijä;1
1447;70/2019;2019_70_97;palkkaaminen;1
1447;70/2019;2019_70_97;palkkatuki;1
1447;70/2019;2019_70_97;lisätä;1
1447;70/2019;2019_70_97;byrokratia;1
1447;70/2019;2019_70_97;vähentää;1
1447;70/2019;2019_70_97;entinen;1
1447;70/2019;2019_70_97;joustava;1
1447;70/2019;2019_70_97;selkeä;1
1447;70/2019;2019_70_97;malli;1
1447;70/2019;2019_70_97;yhä;1
1447;70/2019;2019_70_97;hyödyntää;1
1447;70/2019;2019_70_97;moni;1
1447;70/2019;2019_70_97;ala;1
1447;70/2019;2019_70_97;kohtaanto-ongelma;1
1447;70/2019;2019_70_97;pureutua;1
1447;70/2019;2019_70_97;koulutusjärjestelmä;1
1447;70/2019;2019_70_97;varhaiskasvatus;1
1447;70/2019;2019_70_97;ryhmäkoko;1
1447;70/2019;2019_70_97;pienentää;1
1447;70/2019;2019_70_97;panostus;1
1447;70/2019;2019_70_97;koulutus;1
1447;70/2019;2019_70_97;tutkimus;1
1447;70/2019;2019_70_97;merkittävä;1
1447;70/2019;2019_70_97;kaikki;1
1447;70/2019;2019_70_97;nämä;1
1447;70/2019;2019_70_97;jälkeen;1
1447;70/2019;2019_70_97;tärkeä;1
1447;70/2019;2019_70_97;tavoite;1
1447;70/2019;2019_70_97;normaali;1
1447;70/2019;2019_70_97;kansantalous;1
1447;70/2019;2019_70_97;tilanne;2
1447;70/2019;2019_70_97;se;7
1447;70/2019;2019_70_97;että;4
1447;70/2019;2019_70_97;tasapaino;1
1447;70/2019;2019_70_97;vuosi;1
1447;70/2019;2019_70_97;hallitusohjelma;1
1447;70/2019;2019_70_97;muu;1
1447;70/2019;2019_70_97;toimenpide;1
1447;70/2019;2019_70_97;toteuttaa;1
1447;70/2019;2019_70_97;laajuus;1
1447;70/2019;2019_70_97;kuin;2
1447;70/2019;2019_70_97;kehys;1
1447;70/2019;2019_70_97;puitteissa;1
1447;70/2019;2019_70_97;mahdollinen;1
1447;70/2019;2019_70_97;varmistaa;1
1447;70/2019;2019_70_97;vastuullinen;1
1447;70/2019;2019_70_97;pitkäjänteinen;1
1447;70/2019;2019_70_97;taloudellinen;1
1447;70/2019;2019_70_97;vakaus;1
1447;70/2019;2019_70_97;edistää;1
1447;70/2019;2019_70_97;menopolitiikka;1
1447;70/2019;2019_70_97;näkymä;1
1447;70/2019;2019_70_97;minä;4
1447;70/2019;2019_70_97;realiteetti;2
1447;70/2019;2019_70_97;rakentaminen;1
1447;70/2019;2019_70_97;tarve;1
1447;70/2019;2019_70_97;vähetä;1
1447;70/2019;2019_70_97;investointi;1
1447;70/2019;2019_70_97;kasvu;1
1447;70/2019;2019_70_97;hidastua;2
1447;70/2019;2019_70_97;kautta;2
1447;70/2019;2019_70_97;vienti;2
1447;70/2019;2019_70_97;eläkeläinen;2
1447;70/2019;2019_70_97;määrä;1
1447;70/2019;2019_70_97;kasvaa;1
1447;70/2019;2019_70_97;kunta;3
1447;70/2019;2019_70_97;linja;1
1447;70/2019;2019_70_97;haasteellinen;1
1447;70/2019;2019_70_97;tunnistaa;1
1447;70/2019;2019_70_97;tarvita;3
1447;70/2019;2019_70_97;tehdä;4
1447;70/2019;2019_70_97;aktiivinen;1
1447;70/2019;2019_70_97;politiikka;2
1447;70/2019;2019_70_97;eteen;1
1447;70/2019;2019_70_97;parata;1
1447;70/2019;2019_70_97;kehittyä;2
1447;70/2019;2019_70_97;positiivisesti;2
1447;70/2019;2019_70_97;mutta;1
1447;70/2019;2019_70_97;rakenteellinen;1
1447;70/2019;2019_70_97;asenneilmapiiri;1
1447;70/2019;2019_70_97;muuttuminen;1
1447;70/2019;2019_70_97;niin;1
1447;70/2019;2019_70_97;yli;1
1447;70/2019;2019_70_97;vuotiailta;1
1447;70/2019;2019_70_97;mahdollisuus;1
1447;70/2019;2019_70_97;vielä;1
1447;70/2019;2019_70_97;uudelleentyöllistyä;1
1447;70/2019;2019_70_97;työskennellä;1
1447;70/2019;2019_70_97;yritys;1
1447;70/2019;2019_70_97;valtio;1
1447;70/2019;2019_70_97;hyvä;2
1447;70/2019;2019_70_97;johtaminen;1
1447;70/2019;2019_70_97;työhyvinvointi;1
1447;70/2019;2019_70_97;merkitys;1
1447;70/2019;2019_70_97;ymmärtäminen;1
1447;70/2019;2019_70_97;joka;1
1447;70/2019;2019_70_97;ihminen;1
1447;70/2019;2019_70_97;positiivinen;1
1447;70/2019;2019_70_97;vaikutus;1
1447;70/2019;2019_70_97;tahto;1
1447;70/2019;2019_70_97;erilainen;1
1447;70/2019;2019_70_97;oikea;1
1447;70/2019;2019_70_97;laita;1
1447;70/2019;2019_70_97;ei;2
1447;70/2019;2019_70_97;valtava;1
1447;70/2019;2019_70_97;leikkaus;1
1447;70/2019;2019_70_97;sosiaaliturva;1
1447;70/2019;2019_70_97;eläke;1
1447;70/2019;2019_70_97;kankaanniemi;1
1447;70/2019;2019_70_97;päinvastoin;1
1447;70/2019;2019_70_97;inhimillisyys;1
1447;70/2019;2019_70_97;oikeudenmukaisuus;1
1447;70/2019;2019_70_97;nimenomaan;1
1447;70/2019;2019_70_97;huonompiosainen;1
1447;70/2019;2019_70_97;toimeentulo;1
1447;70/2019;2019_70_97;arki;1
1447;70/2019;2019_70_97;pärjääminen;1
1447;70/2019;2019_70_97;uskoa;1
1447;70/2019;2019_70_97;suomalainen;1
1447;70/2019;2019_70_97;työvoima;1
1447;70/2019;2019_70_97;elinkustannus;1
1447;70/2019;2019_70_97;hillitseminen;1
1447;70/2019;2019_70_97;infra;1
1447;70/2019;2019_70_97;saavutettavuus;1
1447;70/2019;2019_70_97;kansalainen;1
1447;70/2019;2019_70_97;tulevaisuus;1
1447;70/2019;2019_70_97;kiitos;1
1447;72/2019;2019_72_69;rouva;1
1447;72/2019;2019_72_69;puhemies;1
1447;72/2019;2019_72_69;ei;6
1447;72/2019;2019_72_69;malttaa;1
1447;72/2019;2019_72_69;olla;16
1447;72/2019;2019_72_69;ottaa;2
1447;72/2019;2019_72_69;osa;1
1447;72/2019;2019_72_69;tämä;22
1447;72/2019;2019_72_69;keskustelu;1
1447;72/2019;2019_72_69;kun;1
1447;72/2019;2019_72_69;kanssa;1
1447;72/2019;2019_72_69;hallintovaliokunta;1
1447;72/2019;2019_72_69;jäsen;1
1447;72/2019;2019_72_69;asia;9
1447;72/2019;2019_72_69;nyt;2
1447;72/2019;2019_72_69;moni;2
1447;72/2019;2019_72_69;kuukausi;1
1447;72/2019;2019_72_69;pohtia;1
1447;72/2019;2019_72_69;erinomainen;1
1447;72/2019;2019_72_69;hyvä;1
1447;72/2019;2019_72_69;puheenvuoro;1
1447;72/2019;2019_72_69;edustaja;3
1447;72/2019;2019_72_69;aiemmin;1
1447;72/2019;2019_72_69;nimenomainen;2
1447;72/2019;2019_72_69;aittakumpu;1
1447;72/2019;2019_72_69;mainita;1
1447;72/2019;2019_72_69;kantapalvelu;1
1447;72/2019;2019_72_69;ja;16
1447;72/2019;2019_72_69;alaikäinen;1
1447;72/2019;2019_72_69;lapsi;3
1447;72/2019;2019_72_69;tieto;4
1447;72/2019;2019_72_69;saanti;1
1447;72/2019;2019_72_69;koskea;1
1447;72/2019;2019_72_69;sitten;4
1447;72/2019;2019_72_69;mäkisalo-ropponen;1
1447;72/2019;2019_72_69;risikko;1
1447;72/2019;2019_72_69;mennä;2
1447;72/2019;2019_72_69;terveydenhuolto;1
1447;72/2019;2019_72_69;tietovenanto-oikeus;1
1447;72/2019;2019_72_69;tietojenantovelvollisuusseikka;1
1447;72/2019;2019_72_69;turvallisuusseikka;1
1447;72/2019;2019_72_69;niin;6
1447;72/2019;2019_72_69;voida;1
1447;72/2019;2019_72_69;sairaanhoitaja;1
1447;72/2019;2019_72_69;todeta;1
1447;72/2019;2019_72_69;muu;1
1447;72/2019;2019_72_69;kuin;1
1447;72/2019;2019_72_69;että;8
1447;72/2019;2019_72_69;todella;2
1447;72/2019;2019_72_69;haasteellinen;2
1447;72/2019;2019_72_69;viidakko;1
1447;72/2019;2019_72_69;tiimoilta;1
1447;72/2019;2019_72_69;tulla;2
1447;72/2019;2019_72_69;kysymys;1
1447;72/2019;2019_72_69;se;13
1447;72/2019;2019_72_69;milloin;1
1447;72/2019;2019_72_69;tietosuoja;1
1447;72/2019;2019_72_69;vahva;1
1447;72/2019;2019_72_69;oikeus;3
1447;72/2019;2019_72_69;antaa;1
1447;72/2019;2019_72_69;vaikka;1
1447;72/2019;2019_72_69;vastuu;1
1447;72/2019;2019_72_69;esimerkiksi;3
1447;72/2019;2019_72_69;vanha;1
1447;72/2019;2019_72_69;jokin;1
1447;72/2019;2019_72_69;seikka;3
1447;72/2019;2019_72_69;itse;1
1447;72/2019;2019_72_69;leski;1
1447;72/2019;2019_72_69;törmätä;1
1447;72/2019;2019_72_69;usea;1
1447;72/2019;2019_72_69;kerta;1
1447;72/2019;2019_72_69;pankkiasia;1
1447;72/2019;2019_72_69;hoitaa;3
1447;72/2019;2019_72_69;minä;4
1447;72/2019;2019_72_69;velvollisuus;2
1447;72/2019;2019_72_69;mutta;1
1447;72/2019;2019_72_69;saada;2
1447;72/2019;2019_72_69;kyllä;2
1447;72/2019;2019_72_69;puhua;2
1447;72/2019;2019_72_69;erittäin;1
1447;72/2019;2019_72_69;kohta;1
1447;72/2019;2019_72_69;vielä;2
1447;72/2019;2019_72_69;tuo;1
1447;72/2019;2019_72_69;pankkilaki;1
1447;72/2019;2019_72_69;justi;1
1447;72/2019;2019_72_69;nettipankkitunnus;1
1447;72/2019;2019_72_69;alle;1
1447;72/2019;2019_72_69;vuotias;1
1447;72/2019;2019_72_69;sinä;1
1447;72/2019;2019_72_69;tarvita;2
1447;72/2019;2019_72_69;semmoinen;1
1447;72/2019;2019_72_69;moninainen;2
1447;72/2019;2019_72_69;verkko;1
1447;72/2019;2019_72_69;joka;2
1447;72/2019;2019_72_69;yhdenmukaisuus;1
1447;72/2019;2019_72_69;koko;1
1447;72/2019;2019_72_69;suomi;1
1447;72/2019;2019_72_69;vain;1
1447;72/2019;2019_72_69;joku;1
1447;72/2019;2019_72_69;viranhaltija;2
1447;72/2019;2019_72_69;päättää;1
1447;72/2019;2019_72_69;mikä;3
1447;72/2019;2019_72_69;raja;1
1447;72/2019;2019_72_69;syy;1
1447;72/2019;2019_72_69;nimenomaisesti;1
1447;72/2019;2019_72_69;tietosuojavaltuutettu;3
1447;72/2019;2019_72_69;rooli;1
1447;72/2019;2019_72_69;korostua;1
1447;72/2019;2019_72_69;toimisto;1
1447;72/2019;2019_72_69;siis;1
1447;72/2019;2019_72_69;yksi;1
1447;72/2019;2019_72_69;kaksi;1
1447;72/2019;2019_72_69;apulaistietosuojavaltuutettu;1
1447;72/2019;2019_72_69;elikkä;1
1447;72/2019;2019_72_69;kolme;1
1447;72/2019;2019_72_69;henki;1
1447;72/2019;2019_72_69;voima;1
1447;72/2019;2019_72_69;pitää;2
1447;72/2019;2019_72_69;tällainen;1
1447;72/2019;2019_72_69;kokonaisuus;1
1447;72/2019;2019_72_69;hallita;1
1447;72/2019;2019_72_69;toivottavasti;1
1447;72/2019;2019_72_69;sali;1
1447;72/2019;2019_72_69;talo;1
1447;72/2019;2019_72_69;kaikki;4
1447;72/2019;2019_72_69;valiokunta;1
1447;72/2019;2019_72_69;huomio;1
1447;72/2019;2019_72_69;koska;1
1447;72/2019;2019_72_69;koskettaa;1
1447;72/2019;2019_72_69;resurssiasia;1
1447;72/2019;2019_72_69;nimenomaan;1
1447;72/2019;2019_72_69;neuvonta;1
1447;72/2019;2019_72_69;ohjaus;1
1447;72/2019;2019_72_69;varmaan;1
1447;72/2019;2019_72_69;oleellinen;1
1447;72/2019;2019_72_69;sektori;1
1447;72/2019;2019_72_69;jokainen;1
1447;12/2020;2020_12_37;herra;1
1447;12/2020;2020_12_37;puhemies;1
1447;12/2020;2020_12_37;tämä;12
1447;12/2020;2020_12_37;edustaja;1
1447;12/2020;2020_12_37;filatov;1
1447;12/2020;2020_12_37;ansiokkaasti;1
1447;12/2020;2020_12_37;kertoa;1
1447;12/2020;2020_12_37;se;8
1447;12/2020;2020_12_37;kuinka;1
1447;12/2020;2020_12_37;ongelmallinen;1
1447;12/2020;2020_12_37;prosessi;2
1447;12/2020;2020_12_37;monesti;1
1447;12/2020;2020_12_37;osata;1
1447;12/2020;2020_12_37;olla;11
1447;12/2020;2020_12_37;eu;1
1447;12/2020;2020_12_37;tietosuoja-asetus;1
1447;12/2020;2020_12_37;luoda;1
1447;12/2020;2020_12_37;minä;5
1447;12/2020;2020_12_37;monenlainen;1
1447;12/2020;2020_12_37;mutka;2
1447;12/2020;2020_12_37;ja;7
1447;12/2020;2020_12_37;toivottavasti;4
1447;12/2020;2020_12_37;jokin;1
1447;12/2020;2020_12_37;kohta;1
1447;12/2020;2020_12_37;saada;3
1447;12/2020;2020_12_37;suora;1
1447;12/2020;2020_12_37;niin;2
1447;12/2020;2020_12_37;että;7
1447;12/2020;2020_12_37;aidosti;1
1447;12/2020;2020_12_37;etu;1
1447;12/2020;2020_12_37;työllistämispalvelu;1
1447;12/2020;2020_12_37;sellainen;2
1447;12/2020;2020_12_37;seikka;1
1447;12/2020;2020_12_37;haluta;1
1447;12/2020;2020_12_37;kuitenkin;1
1447;12/2020;2020_12_37;keskustelu;1
1447;12/2020;2020_12_37;vielä;1
1447;12/2020;2020_12_37;tuoda;1
1447;12/2020;2020_12_37;lisää;2
1447;12/2020;2020_12_37;sekä;2
1447;12/2020;2020_12_37;viranomainen;1
1447;12/2020;2020_12_37;työtön;1
1447;12/2020;2020_12_37;työnhakija;1
1447;12/2020;2020_12_37;oikeus;1
1447;12/2020;2020_12_37;velvollisuus;1
1447;12/2020;2020_12_37;kokonaisuus;1
1447;12/2020;2020_12_37;ottaa;2
1447;12/2020;2020_12_37;huomio;2
1447;12/2020;2020_12_37;koko;1
1447;12/2020;2020_12_37;joustava;1
1447;12/2020;2020_12_37;tarkoituksenmukainen;1
1447;12/2020;2020_12_37;kuntakokeilu;1
1447;12/2020;2020_12_37;muutamaan;1
1447;12/2020;2020_12_37;kerta;1
1447;12/2020;2020_12_37;viitata;1
1447;12/2020;2020_12_37;itse;1
1447;12/2020;2020_12_37;tulla;2
1447;12/2020;2020_12_37;tuo;1
1447;12/2020;2020_12_37;keski-suomi;1
1447;12/2020;2020_12_37;jämsä;1
1447;12/2020;2020_12_37;kaupunki;2
1447;12/2020;2020_12_37;joka;1
1447;12/2020;2020_12_37;yhteisyritys;2
1447;12/2020;2020_12_37;sotepalvelu;1
1447;12/2020;2020_12_37;yksityinen;2
1447;12/2020;2020_12_37;yritys;1
1447;12/2020;2020_12_37;kanssa;2
1447;12/2020;2020_12_37;tehdä;2
1447;12/2020;2020_12_37;siellä;1
1447;12/2020;2020_12_37;törmätä;1
1447;12/2020;2020_12_37;sama;1
1447;12/2020;2020_12_37;tietosaantioikeusasia;1
1447;12/2020;2020_12_37;muutama;1
1447;12/2020;2020_12_37;kerran;1
1447;12/2020;2020_12_37;sopimus;1
1447;12/2020;2020_12_37;velvoittaa;1
1447;12/2020;2020_12_37;työllistämisvelvoite;1
1447;12/2020;2020_12_37;mutta;1
1447;12/2020;2020_12_37;tieto;1
1447;12/2020;2020_12_37;ei;3
1447;12/2020;2020_12_37;sitten;1
1447;12/2020;2020_12_37;antaa;1
1447;12/2020;2020_12_37;kuka;1
1447;12/2020;2020_12_37;mahdollisesti;1
1447;12/2020;2020_12_37;voida;2
1447;12/2020;2020_12_37;työllistää;2
1447;12/2020;2020_12_37;moni;1
1447;12/2020;2020_12_37;muu;1
1447;12/2020;2020_12_37;moninainen;1
1447;12/2020;2020_12_37;ongelma;1
1447;12/2020;2020_12_37;kenttä;1
1447;12/2020;2020_12_37;myös;1
1447;12/2020;2020_12_37;moninaistua;1
1447;12/2020;2020_12_37;yhteistyö;1
1447;12/2020;2020_12_37;tiedonsaanti;2
1447;12/2020;2020_12_37;yhteinen;1
1447;12/2020;2020_12_37;tavoite;1
1447;12/2020;2020_12_37;varmasti;1
1447;12/2020;2020_12_37;ihminen;1
1447;12/2020;2020_12_37;raja-aita;1
1447;12/2020;2020_12_37;oma;1
1447;12/2020;2020_12_37;toimi;1
1447;12/2020;2020_12_37;sujuvasti;1
1447;12/2020;2020_12_37;jatkaa;1
1447;21/2020;2020_21_7;arvoisa;1
1447;21/2020;2020_21_7;puhemies;1
1447;21/2020;2020_21_7;tarkoitus;3
1447;21/2020;2020_21_7;olla;14
1447;21/2020;2020_21_7;siis;3
1447;21/2020;2020_21_7;tunnistaa;3
1447;21/2020;2020_21_7;poikkeuksellinen;2
1447;21/2020;2020_21_7;tulva;2
1447;21/2020;2020_21_7;ja;10
1447;21/2020;2020_21_7;se;2
1447;21/2020;2020_21_7;aiheutua;2
1447;21/2020;2020_21_7;vahinko;3
1447;21/2020;2020_21_7;altis;2
1447;21/2020;2020_21_7;kohde;2
1447;21/2020;2020_21_7;esittää;1
1447;21/2020;2020_21_7;toimenpide;1
1447;21/2020;2020_21_7;estäminen;1
1447;21/2020;2020_21_7;vähentäminen;1
1447;21/2020;2020_21_7;tulvatilanne;1
1447;21/2020;2020_21_7;lisäksi;1
1447;21/2020;2020_21_7;ottaa;3
1447;21/2020;2020_21_7;huomio;2
1447;21/2020;2020_21_7;muu;2
1447;21/2020;2020_21_7;tavanomainen;1
1447;21/2020;2020_21_7;poiketa;1
1447;21/2020;2020_21_7;vesiolo;2
1447;21/2020;2020_21_7;kuten;1
1447;21/2020;2020_21_7;täällä;2
1447;21/2020;2020_21_7;jo;1
1447;21/2020;2020_21_7;mainita;1
1447;21/2020;2020_21_7;rankkasade;1
1447;21/2020;2020_21_7;kuivuus;2
1447;21/2020;2020_21_7;tilanne;2
1447;21/2020;2020_21_7;hallinta;1
1447;21/2020;2020_21_7;tämä;7
1447;21/2020;2020_21_7;esitys;2
1447;21/2020;2020_21_7;parantaa;1
1447;21/2020;2020_21_7;aidosti;3
1447;21/2020;2020_21_7;varautuminen;1
1447;21/2020;2020_21_7;sää;1
1447;21/2020;2020_21_7;muutos;1
1447;21/2020;2020_21_7;joka;5
1447;21/2020;2020_21_7;ei;4
1447;21/2020;2020_21_7;ennakoida;1
1447;21/2020;2020_21_7;aina;1
1447;21/2020;2020_21_7;vähentyä;1
1447;21/2020;2020_21_7;ilmastomuutos;2
1447;21/2020;2020_21_7;aihepiiri;1
1447;21/2020;2020_21_7;vastata;1
1447;21/2020;2020_21_7;oma;1
1447;21/2020;2020_21_7;osa;1
1447;21/2020;2020_21_7;myös;3
1447;21/2020;2020_21_7;valmistautuminen;1
1447;21/2020;2020_21_7;kyse;1
1447;21/2020;2020_21_7;suunnittelujärjestelmä;1
1447;21/2020;2020_21_7;merkittävä;1
1447;21/2020;2020_21_7;mahdollinen;1
1447;21/2020;2020_21_7;taloudellinen;1
1447;21/2020;2020_21_7;mutta;1
1447;21/2020;2020_21_7;inhimillinen;1
1447;21/2020;2020_21_7;riski;1
1447;21/2020;2020_21_7;hetki;1
1447;21/2020;2020_21_7;minä;2
1447;21/2020;2020_21_7;ehkä;1
1447;21/2020;2020_21_7;riittävästi;1
1447;21/2020;2020_21_7;osata;1
1447;21/2020;2020_21_7;kaikki;1
1447;21/2020;2020_21_7;varautua;1
1447;21/2020;2020_21_7;niin;2
1447;21/2020;2020_21_7;kuin;1
1447;21/2020;2020_21_7;kertoa;1
1447;21/2020;2020_21_7;esimerkki;1
1447;21/2020;2020_21_7;keski-suomi;1
1447;21/2020;2020_21_7;kunta;1
1447;21/2020;2020_21_7;vesi;1
1447;21/2020;2020_21_7;löytyä;1
1447;21/2020;2020_21_7;asia;1
1447;21/2020;2020_21_7;puuttua;1
1447;21/2020;2020_21_7;hyvissä;1
1447;21/2020;2020_21_7;ajoin;1
1447;21/2020;2020_21_7;jotta;1
1447;21/2020;2020_21_7;pystyä;1
1447;21/2020;2020_21_7;vesihuolto;1
1447;21/2020;2020_21_7;pitää;1
1447;21/2020;2020_21_7;huoli;1
1447;21/2020;2020_21_7;toivottavasti;1
1447;21/2020;2020_21_7;lakiesitys;1
1447;21/2020;2020_21_7;laajasti;1
1447;21/2020;2020_21_7;eri;1
1447;21/2020;2020_21_7;päätöksenteko;1
1447;21/2020;2020_21_7;taso;1
1447;21/2020;2020_21_7;käyttö;1
1447;21/2020;2020_21_7;jäädä;1
1447;21/2020;2020_21_7;vain;1
1447;21/2020;2020_21_7;paperi;1
1447;21/2020;2020_21_7;joukko;1
1447;50/2020;2020_50_22;arvoisa;1
1447;50/2020;2020_50_22;puhemies;1
1447;50/2020;2020_50_22;ehkä;1
1447;50/2020;2020_50_22;tämä;36
1447;50/2020;2020_50_22;kohta;4
1447;50/2020;2020_50_22;olla;42
1447;50/2020;2020_50_22;hyvä;2
1447;50/2020;2020_50_22;muistaa;2
1447;50/2020;2020_50_22;se;26
1447;50/2020;2020_50_22;mikä;2
1447;50/2020;2020_50_22;tosiasiallisesti;2
1447;50/2020;2020_50_22;keskustella;1
1447;50/2020;2020_50_22;ja;18
1447;50/2020;2020_50_22;tosiasia;1
1447;50/2020;2020_50_22;joka;5
1447;50/2020;2020_50_22;muuttua;1
1447;50/2020;2020_50_22;puhua;1
1447;50/2020;2020_50_22;siis;3
1447;50/2020;2020_50_22;väliaikainen;2
1447;50/2020;2020_50_22;kausityöntekijä;1
1447;50/2020;2020_50_22;mahdollisuus;2
1447;50/2020;2020_50_22;vaihtaa;5
1447;50/2020;2020_50_22;työnantaja;2
1447;50/2020;2020_50_22;tai;5
1447;50/2020;2020_50_22;toimiala;2
1447;50/2020;2020_50_22;kriisitilanne;1
1447;50/2020;2020_50_22;kyse;1
1447;50/2020;2020_50_22;vain;2
1447;50/2020;2020_50_22;että;22
1447;50/2020;2020_50_22;haluta;3
1447;50/2020;2020_50_22;mahdollistaa;1
1447;50/2020;2020_50_22;täällä;3
1447;50/2020;2020_50_22;maa;3
1447;50/2020;2020_50_22;päivänselvä;2
1447;50/2020;2020_50_22;ei;13
1447;50/2020;2020_50_22;yksin;1
1447;50/2020;2020_50_22;ratkaista;1
1447;50/2020;2020_50_22;koko;3
1447;50/2020;2020_50_22;maatalous;2
1447;50/2020;2020_50_22;puutarha-ala;2
1447;50/2020;2020_50_22;ongelma;2
1447;50/2020;2020_50_22;hetki;5
1447;50/2020;2020_50_22;niin;5
1447;50/2020;2020_50_22;kuin;2
1447;50/2020;2020_50_22;valiokunta;2
1447;50/2020;2020_50_22;kokous;1
1447;50/2020;2020_50_22;taitaa;2
1447;50/2020;2020_50_22;todeta;3
1447;50/2020;2020_50_22;rikka;2
1447;50/2020;2020_50_22;rokka;2
1447;50/2020;2020_50_22;mutta;6
1447;50/2020;2020_50_22;yksi;2
1447;50/2020;2020_50_22;oleellinen;1
1447;50/2020;2020_50_22;osa;4
1447;50/2020;2020_50_22;minä;12
1447;50/2020;2020_50_22;sellainen;4
1447;50/2020;2020_50_22;keino;3
1447;50/2020;2020_50_22;lainmuutos;1
1447;50/2020;2020_50_22;muuttaa;1
1447;50/2020;2020_50_22;tilanne;4
1447;50/2020;2020_50_22;vaan;1
1447;50/2020;2020_50_22;tarvita;4
1447;50/2020;2020_50_22;usea;3
1447;50/2020;2020_50_22;kokonainen;1
1447;50/2020;2020_50_22;asia;7
1447;50/2020;2020_50_22;kiireellinen;1
1447;50/2020;2020_50_22;maatila;4
1447;50/2020;2020_50_22;varsinais-suomi;1
1447;50/2020;2020_50_22;aidosti;1
1447;50/2020;2020_50_22;jo;6
1447;50/2020;2020_50_22;siellä;3
1447;50/2020;2020_50_22;tehdä;5
1447;50/2020;2020_50_22;päätös;2
1447;50/2020;2020_50_22;istuttaa;2
1447;50/2020;2020_50_22;vai;1
1447;50/2020;2020_50_22;kyllä;1
1447;50/2020;2020_50_22;todella;1
1447;50/2020;2020_50_22;toivoa;1
1447;50/2020;2020_50_22;sali;2
1447;50/2020;2020_50_22;lähteä;1
1447;50/2020;2020_50_22;viesti;1
1447;50/2020;2020_50_22;istua;1
1447;50/2020;2020_50_22;hoitaa;1
1447;50/2020;2020_50_22;oma;3
1447;50/2020;2020_50_22;osuus;1
1447;50/2020;2020_50_22;työntekijävoima;1
1447;50/2020;2020_50_22;sitten;2
1447;50/2020;2020_50_22;kausi;1
1447;50/2020;2020_50_22;aika;3
1447;50/2020;2020_50_22;saada;3
1447;50/2020;2020_50_22;monenlainen;1
1447;50/2020;2020_50_22;toimi;3
1447;50/2020;2020_50_22;huomata;1
1447;50/2020;2020_50_22;muutos;2
1447;50/2020;2020_50_22;voimassa;1
1447;50/2020;2020_50_22;lokakuu;1
1447;50/2020;2020_50_22;loppu;1
1447;50/2020;2020_50_22;erittäin;2
1447;50/2020;2020_50_22;ratkaiseva;1
1447;50/2020;2020_50_22;kokonaisuus;2
1447;50/2020;2020_50_22;malttaa;3
1447;50/2020;2020_50_22;mainita;3
1447;50/2020;2020_50_22;myös;4
1447;50/2020;2020_50_22;metsätalousministeriö;1
1447;50/2020;2020_50_22;lausunto;2
1447;50/2020;2020_50_22;metsätalousvaliokunta;1
1447;50/2020;2020_50_22;kriittinen;2
1447;50/2020;2020_50_22;tehtävä;1
1447;50/2020;2020_50_22;käynti;1
1447;50/2020;2020_50_22;kevättyö;1
1447;50/2020;2020_50_22;kokoomus;1
1447;50/2020;2020_50_22;muutamaan;1
1447;50/2020;2020_50_22;kerta;1
1447;50/2020;2020_50_22;turkistalous;1
1447;50/2020;2020_50_22;ensimmäinen;1
1447;50/2020;2020_50_22;itse;1
1447;50/2020;2020_50_22;tulla;3
1447;50/2020;2020_50_22;mieli;1
1447;50/2020;2020_50_22;kuinka;1
1447;50/2020;2020_50_22;huoltovarmuusasia;1
1447;50/2020;2020_50_22;liittyä;1
1447;50/2020;2020_50_22;turkistarhaus;1
1447;50/2020;2020_50_22;oleellisesti;1
1447;50/2020;2020_50_22;tarkoittaa;1
1447;50/2020;2020_50_22;eläintuotanto;1
1447;50/2020;2020_50_22;eläinsuojelullinen;2
1447;50/2020;2020_50_22;pitää;1
1447;50/2020;2020_50_22;huoli;1
1447;50/2020;2020_50_22;ala;3
1447;50/2020;2020_50_22;hoitua;1
1447;50/2020;2020_50_22;eläintila;1
1447;50/2020;2020_50_22;ulkomaalainen;2
1447;50/2020;2020_50_22;kausityövoima;2
1447;50/2020;2020_50_22;puute;1
1447;50/2020;2020_50_22;voida;5
1447;50/2020;2020_50_22;aiheuttaa;1
1447;50/2020;2020_50_22;vakava;1
1447;50/2020;2020_50_22;varmasti;2
1447;50/2020;2020_50_22;kukaan;1
1447;50/2020;2020_50_22;lisätä;1
1447;50/2020;2020_50_22;mtk;2
1447;50/2020;2020_50_22;korostaa;1
1447;50/2020;2020_50_22;nimenomaisesti;1
1447;50/2020;2020_50_22;viime;1
1447;50/2020;2020_50_22;viikko;1
1447;50/2020;2020_50_22;selvitys;1
1447;50/2020;2020_50_22;mukaan;1
1447;50/2020;2020_50_22;nyt;2
1447;50/2020;2020_50_22;suuri;2
1447;50/2020;2020_50_22;välitön;1
1447;50/2020;2020_50_22;tarve;2
1447;50/2020;2020_50_22;puutarhayritys;1
1447;50/2020;2020_50_22;ottaa;3
1447;50/2020;2020_50_22;kanta;2
1447;50/2020;2020_50_22;kaikki;1
1447;50/2020;2020_50_22;edistää;1
1447;50/2020;2020_50_22;kotimainen;2
1447;50/2020;2020_50_22;työvoima;1
1447;50/2020;2020_50_22;saatavuus;2
1447;50/2020;2020_50_22;esittää;1
1447;50/2020;2020_50_22;työntekijä;6
1447;50/2020;2020_50_22;muu;3
1447;50/2020;2020_50_22;ymmärtää;1
1447;50/2020;2020_50_22;otsikko;1
1447;50/2020;2020_50_22;alla;1
1447;50/2020;2020_50_22;perussuomalainen;2
1447;50/2020;2020_50_22;vaatia;1
1447;50/2020;2020_50_22;hallintovaliokunta;2
1447;50/2020;2020_50_22;työttömyysturva;2
1447;50/2020;2020_50_22;alle;1
1447;50/2020;2020_50_22;kuulua;1
1447;50/2020;2020_50_22;uskoa;1
1447;50/2020;2020_50_22;alainen;1
1447;50/2020;2020_50_22;ihmetellä;1
1447;50/2020;2020_50_22;kovasti;1
1447;50/2020;2020_50_22;ajatella;1
1447;50/2020;2020_50_22;oikein;1
1447;50/2020;2020_50_22;puutarha;2
1447;50/2020;2020_50_22;vakituinen;2
1447;50/2020;2020_50_22;työ;2
1447;50/2020;2020_50_22;joutua;1
1447;50/2020;2020_50_22;eriarvoinen;1
1447;50/2020;2020_50_22;asema;1
1447;50/2020;2020_50_22;palkka;3
1447;50/2020;2020_50_22;suhteen;1
1447;50/2020;2020_50_22;sinne;1
1447;50/2020;2020_50_22;sekä;1
1447;50/2020;2020_50_22;työttömyyspäiväraha;1
1447;50/2020;2020_50_22;ansionmenetyskorvaus;1
1447;50/2020;2020_50_22;kun;1
1447;50/2020;2020_50_22;pieni;1
1447;50/2020;2020_50_22;erikoinen;1
1447;50/2020;2020_50_22;asetelma;1
1447;50/2020;2020_50_22;no;1
1447;50/2020;2020_50_22;esitys;1
1447;50/2020;2020_50_22;saatavuusharkinta;1
1447;50/2020;2020_50_22;edustaja;2
1447;50/2020;2020_50_22;heinäluoma;1
1447;50/2020;2020_50_22;tuossa;1
1447;50/2020;2020_50_22;semi;1
1447;50/2020;2020_50_22;jos;2
1447;50/2020;2020_50_22;lomauttaa;1
1447;50/2020;2020_50_22;ihminen;1
1447;50/2020;2020_50_22;halpa;1
1447;50/2020;2020_50_22;lainsäädäntö;1
1447;50/2020;2020_50_22;ennen;1
1447;50/2020;2020_50_22;moni;3
1447;50/2020;2020_50_22;eri;2
1447;50/2020;2020_50_22;ratkaiseminen;2
1447;50/2020;2020_50_22;tulostaa;1
1447;50/2020;2020_50_22;sanoa;1
1447;50/2020;2020_50_22;vielä;1
1447;50/2020;2020_50_22;tänään;1
1447;50/2020;2020_50_22;jatkopäätös;1
1447;50/2020;2020_50_22;poikkeus;1
1447;50/2020;2020_50_22;jokin;1
1447;50/2020;2020_50_22;vuosilomalaki;1
1447;50/2020;2020_50_22;työaikalaki;1
1447;50/2020;2020_50_22;työsopimuslaki;1
1447;50/2020;2020_50_22;asetus;2
1447;50/2020;2020_50_22;koskea;1
1447;50/2020;2020_50_22;kuten;1
1447;50/2020;2020_50_22;sosiaali;1
1447;50/2020;2020_50_22;terveydenhuolto;1
1447;50/2020;2020_50_22;poikkeuslaki;1
1447;50/2020;2020_50_22;käyttäminen;1
1447;50/2020;2020_50_22;hyvin;1
1447;50/2020;2020_50_22;tarpeellinen;1
1447;50/2020;2020_50_22;elintarviketeollisuus;1
1447;50/2020;2020_50_22;ruokahuolto;2
1447;50/2020;2020_50_22;varmistaminen;1
1447;50/2020;2020_50_22;toimia;2
1447;50/2020;2020_50_22;rohkea;1
1447;50/2020;2020_50_22;nopea;1
1447;50/2020;2020_50_22;sektori;1
1447;81/2020;2020_81_35;arvoisa;1
1447;81/2020;2020_81_35;puhemies;1
1447;81/2020;2020_81_35;tämä;12
1447;81/2020;2020_81_35;hallitus;1
1447;81/2020;2020_81_35;esitys;7
1447;81/2020;2020_81_35;tarkoitus;1
1447;81/2020;2020_81_35;olla;19
1447;81/2020;2020_81_35;väliaikaisesti;1
1447;81/2020;2020_81_35;mahdollistaa;1
1447;81/2020;2020_81_35;maatalous;1
1447;81/2020;2020_81_35;luopumistuki;2
1447;81/2020;2020_81_35;oikeuttaa;1
1447;81/2020;2020_81_35;tuensaaja;3
1447;81/2020;2020_81_35;ansiotyö;1
1447;81/2020;2020_81_35;käynti;1
1447;81/2020;2020_81_35;ja;15
1447;81/2020;2020_81_35;huoltovarmuus;3
1447;81/2020;2020_81_35;turvaaminen;2
1447;81/2020;2020_81_35;poikkeusolo;1
1447;81/2020;2020_81_35;oma;1
1447;81/2020;2020_81_35;osa;2
1447;81/2020;2020_81_35;laki;1
1447;81/2020;2020_81_35;tarkoittaa;1
1447;81/2020;2020_81_35;tulla;1
1447;81/2020;2020_81_35;voimaan;1
1447;81/2020;2020_81_35;mahdollimman;1
1447;81/2020;2020_81_35;pian;1
1447;81/2020;2020_81_35;se;10
1447;81/2020;2020_81_35;erinomainen;1
1447;81/2020;2020_81_35;asia;1
1447;81/2020;2020_81_35;tarve;1
1447;81/2020;2020_81_35;tila;1
1447;81/2020;2020_81_35;jo;2
1447;81/2020;2020_81_35;kova;1
1447;81/2020;2020_81_35;varmasti;2
1447;81/2020;2020_81_35;myös;4
1447;81/2020;2020_81_35;estää;1
1447;81/2020;2020_81_35;pimeä;1
1447;81/2020;2020_81_35;työ;3
1447;81/2020;2020_81_35;määrä;1
1447;81/2020;2020_81_35;kanta;2
1447;81/2020;2020_81_35;erittäin;3
1447;81/2020;2020_81_35;tärkeä;2
1447;81/2020;2020_81_35;maa;1
1447;81/2020;2020_81_35;puutarhatila;1
1447;81/2020;2020_81_35;aidosti;1
1447;81/2020;2020_81_35;mahdollinen;3
1447;81/2020;2020_81_35;saada;1
1447;81/2020;2020_81_35;kotimainen;2
1447;81/2020;2020_81_35;ammattitaitoinen;1
1447;81/2020;2020_81_35;työvoima;4
1447;81/2020;2020_81_35;niin;3
1447;81/2020;2020_81_35;kuin;3
1447;81/2020;2020_81_35;edustaja;1
1447;81/2020;2020_81_35;kiviranta;1
1447;81/2020;2020_81_35;aiemmin;2
1447;81/2020;2020_81_35;todeta;1
1447;81/2020;2020_81_35;motivoitunut;1
1447;81/2020;2020_81_35;tehdä;1
1447;81/2020;2020_81_35;ei;2
1447;81/2020;2020_81_35;voida;3
1447;81/2020;2020_81_35;kommentoida;1
1447;81/2020;2020_81_35;mtk;2
1447;81/2020;2020_81_35;lausunto;2
1447;81/2020;2020_81_35;muutama;1
1447;81/2020;2020_81_35;kohta;2
1447;81/2020;2020_81_35;lakiesitys;1
1447;81/2020;2020_81_35;koskea;2
1447;81/2020;2020_81_35;nimenomaisesti;1
1447;81/2020;2020_81_35;että;4
1447;81/2020;2020_81_35;moni;1
1447;81/2020;2020_81_35;maatila;2
1447;81/2020;2020_81_35;hetki;1
1447;81/2020;2020_81_35;kasvaa;1
1447;81/2020;2020_81_35;huoli;2
1447;81/2020;2020_81_35;osaava;1
1447;81/2020;2020_81_35;saatavuus;1
1447;81/2020;2020_81_35;tuleva;1
1447;81/2020;2020_81_35;kesä;1
1447;81/2020;2020_81_35;kasvukausi;2
1447;81/2020;2020_81_35;tuoda;2
1447;81/2020;2020_81_35;työtehtävä;1
1447;81/2020;2020_81_35;eläin;1
1447;81/2020;2020_81_35;hyvinvointi;1
1447;81/2020;2020_81_35;kotieläintila;1
1447;81/2020;2020_81_35;epidemiatilanne;1
1447;81/2020;2020_81_35;työvoimaongelma;1
1447;81/2020;2020_81_35;ottaa;2
1447;81/2020;2020_81_35;käsitellä;1
1447;81/2020;2020_81_35;muutosesitys;1
1447;81/2020;2020_81_35;yksi;1
1447;81/2020;2020_81_35;keino;1
1447;81/2020;2020_81_35;turvata;1
1447;81/2020;2020_81_35;saaja;1
1447;81/2020;2020_81_35;mukaisesti;1
1447;81/2020;2020_81_35;noin;1
1447;81/2020;2020_81_35;kappale;1
1447;81/2020;2020_81_35;joka;3
1447;81/2020;2020_81_35;mahdollisesti;1
1447;81/2020;2020_81_35;työllistyä;2
1447;81/2020;2020_81_35;tuo;1
1447;81/2020;2020_81_35;mainita;2
1447;81/2020;2020_81_35;henkilö;1
1447;81/2020;2020_81_35;kuitenkin;1
1447;81/2020;2020_81_35;juuri;1
1447;81/2020;2020_81_35;kriittinen;1
1447;81/2020;2020_81_35;osaaminen;1
1447;81/2020;2020_81_35;tarvittava;1
1447;81/2020;2020_81_35;ymmärrettävä;1
1447;81/2020;2020_81_35;kaikki;1
1447;81/2020;2020_81_35;enää;1
1447;81/2020;2020_81_35;kun;1
1447;81/2020;2020_81_35;keski-ikä;1
1447;81/2020;2020_81_35;yli;1
1447;81/2020;2020_81_35;vuosi;1
1447;81/2020;2020_81_35;tapaus;1
1447;81/2020;2020_81_35;hyvä;1
1447;81/2020;2020_81_35;kannatettava;1
1447;81/2020;2020_81_35;ehkä;1
1447;81/2020;2020_81_35;seuraava;1
1447;81/2020;2020_81_35;opiskelija;1
1447;81/2020;2020_81_35;opintotuki;1
1447;81/2020;2020_81_35;vuosittainen;1
1447;81/2020;2020_81_35;tuloraja;1
1447;81/2020;2020_81_35;nostaminen;1
1447;81/2020;2020_81_35;tai;1
1447;81/2020;2020_81_35;poistaminen;1
1447;81/2020;2020_81_35;täällä;1
1447;81/2020;2020_81_35;aiempi;1
1447;81/2020;2020_81_35;puheenvuoro;1
1447;81/2020;2020_81_35;esiin;1
1447;81/2020;2020_81_35;kriisi;1
1447;81/2020;2020_81_35;jälkeen;1
1447;81/2020;2020_81_35;minä;3
1447;81/2020;2020_81_35;viimein;1
1447;81/2020;2020_81_35;päästä;1
1447;81/2020;2020_81_35;keskustelu;2
1447;81/2020;2020_81_35;ratkaista;1
1447;81/2020;2020_81_35;pitkä;2
1447;81/2020;2020_81_35;aikaväli;2
1447;81/2020;2020_81_35;puutarha-ala;1
1447;81/2020;2020_81_35;matalapalkka-ala;1
1447;81/2020;2020_81_35;kiinnostavuus;1
1447;81/2020;2020_81_35;tulevaisuus;1
1447;81/2020;2020_81_35;tarvita;1
1447;81/2020;2020_81_35;laaja;1
1447;81/2020;2020_81_35;tuottaja;1
1447;81/2020;2020_81_35;kuluttajahinta;1
1447;81/2020;2020_81_35;maatalousstrategia;1
1447;81/2020;2020_81_35;ministeri;1
1447;81/2020;2020_81_35;alku;1
1447;81/2020;2020_81_35;ruoka;1
1447;81/2020;2020_81_35;pitää;1
1447;81/2020;2020_81_35;tehtävä;1
1447;94/2020;2020_94_41;arvoisa;1
1447;94/2020;2020_94_41;puhemies;1
1447;94/2020;2020_94_41;hallitus;1
1447;94/2020;2020_94_41;esitys;1
1447;94/2020;2020_94_41;ehdottaa;1
1447;94/2020;2020_94_41;säätää;1
1447;94/2020;2020_94_41;laki;4
1447;94/2020;2020_94_41;henkilötiedot;1
1447;94/2020;2020_94_41;käsittely;2
1447;94/2020;2020_94_41;maahanmuuttohallinto;1
1447;94/2020;2020_94_41;tämä;6
1447;94/2020;2020_94_41;korvata;1
1447;94/2020;2020_94_41;muun;2
1447;94/2020;2020_94_41;muassa;2
1447;94/2020;2020_94_41;aiempi;1
1447;94/2020;2020_94_41;ulkomaalaisrekisterilaki;1
1447;94/2020;2020_94_41;ja;8
1447;94/2020;2020_94_41;vastaanottolaki;1
1447;94/2020;2020_94_41;lakimuutos;4
1447;94/2020;2020_94_41;olla;19
1447;94/2020;2020_94_41;tarpeen;1
1447;94/2020;2020_94_41;henkilötietolaki;1
1447;94/2020;2020_94_41;vaatimus;1
1447;94/2020;2020_94_41;muuttua;1
1447;94/2020;2020_94_41;eu;1
1447;94/2020;2020_94_41;tietosuoja-asetus;1
1447;94/2020;2020_94_41;voimaantulo;2
1447;94/2020;2020_94_41;vuoksi;1
1447;94/2020;2020_94_41;ei;4
1447;94/2020;2020_94_41;kyse;1
1447;94/2020;2020_94_41;vähäpätöinen;1
1447;94/2020;2020_94_41;muutos;2
1447;94/2020;2020_94_41;pelkkä;1
1447;94/2020;2020_94_41;tekninen;1
1447;94/2020;2020_94_41;vaikka;1
1447;94/2020;2020_94_41;perusratkaisu;1
1447;94/2020;2020_94_41;tarkoitus;1
1447;94/2020;2020_94_41;pysyä;1
1447;94/2020;2020_94_41;mahdollimman;1
1447;94/2020;2020_94_41;muuttumaton;1
1447;94/2020;2020_94_41;oleellinen;1
1447;94/2020;2020_94_41;tärkeä;1
1447;94/2020;2020_94_41;pitää;3
1447;94/2020;2020_94_41;huoli;1
1447;94/2020;2020_94_41;viranomainen;5
1447;94/2020;2020_94_41;riittävä;1
1447;94/2020;2020_94_41;tietosaantioikeus;4
1447;94/2020;2020_94_41;rekisteri;1
1447;94/2020;2020_94_41;sisältää;1
1447;94/2020;2020_94_41;salassa;1
1447;94/2020;2020_94_41;arkaluontoinen;1
1447;94/2020;2020_94_41;tieto;1
1447;94/2020;2020_94_41;mutta;2
1447;94/2020;2020_94_41;se;7
1447;94/2020;2020_94_41;siirtyminen;1
1447;94/2020;2020_94_41;toinen;1
1447;94/2020;2020_94_41;tarvita;1
1447;94/2020;2020_94_41;vaivaton;1
1447;94/2020;2020_94_41;tarkoituksenmukainen;1
1447;94/2020;2020_94_41;valmistella;1
1447;94/2020;2020_94_41;jo;1
1447;94/2020;2020_94_41;pitkään;1
1447;94/2020;2020_94_41;nyt;1
1447;94/2020;2020_94_41;onneksi;1
1447;94/2020;2020_94_41;vaihe;1
1447;94/2020;2020_94_41;että;5
1447;94/2020;2020_94_41;voida;3
1447;94/2020;2020_94_41;edetä;2
1447;94/2020;2020_94_41;lakiehdotus;1
1447;94/2020;2020_94_41;joutua;1
1447;94/2020;2020_94_41;poistaa;1
1447;94/2020;2020_94_41;osio;1
1447;94/2020;2020_94_41;koskea;2
1447;94/2020;2020_94_41;automaattinen;2
1447;94/2020;2020_94_41;yksittäispäätös;1
1447;94/2020;2020_94_41;valmistelu;2
1447;94/2020;2020_94_41;todeta;3
1447;94/2020;2020_94_41;niin;1
1447;94/2020;2020_94_41;suuri;1
1447;94/2020;2020_94_41;periaatteellinen;1
1447;94/2020;2020_94_41;asia;2
1447;94/2020;2020_94_41;käsitellä;1
1447;94/2020;2020_94_41;oma;1
1447;94/2020;2020_94_41;itsenäinen;1
1447;94/2020;2020_94_41;kokonaisuus;1
1447;94/2020;2020_94_41;perusoikeus;1
1447;94/2020;2020_94_41;julkinen;1
1447;94/2020;2020_94_41;valta;1
1447;94/2020;2020_94_41;käyttö;1
1447;94/2020;2020_94_41;liittyä;1
1447;94/2020;2020_94_41;laajakantoinen;1
1447;94/2020;2020_94_41;oikeudellinen;1
1447;94/2020;2020_94_41;erityiskysymys;1
1447;94/2020;2020_94_41;huomioida;1
1447;94/2020;2020_94_41;työ;1
1447;94/2020;2020_94_41;saada;2
1447;94/2020;2020_94_41;jäädä;1
1447;94/2020;2020_94_41;tehdä;1
1447;94/2020;2020_94_41;tekoäly;1
1447;94/2020;2020_94_41;kasvaa;1
1447;94/2020;2020_94_41;määrä;1
1447;94/2020;2020_94_41;yhteiskunta;1
1447;94/2020;2020_94_41;hallintovaliokunta;1
1447;94/2020;2020_94_41;päätöksenteko;1
1447;94/2020;2020_94_41;lainsäädäntö;1
1447;94/2020;2020_94_41;kehittäminen;1
1447;94/2020;2020_94_41;välttämätön;1
1447;94/2020;2020_94_41;kiirehtiä;1
1447;94/2020;2020_94_41;hyväksyä;1
1447;94/2020;2020_94_41;hyvä;2
1447;94/2020;2020_94_41;mieli;1
1447;94/2020;2020_94_41;kohta;1
1447;94/2020;2020_94_41;kiittää;1
1447;94/2020;2020_94_41;kaikki;1
1447;94/2020;2020_94_41;lainvalmistelu;1
1447;94/2020;2020_94_41;osallistua;1
1447;94/2020;2020_94_41;professori;1
1447;94/2020;2020_94_41;mäenpää;1
1447;94/2020;2020_94_41;asiantuntijalausunto;1
1447;94/2020;2020_94_41;mietintöluonnos;1
1447;94/2020;2020_94_41;sisältyä;1
1447;94/2020;2020_94_41;sääntömuutos;1
1447;94/2020;2020_94_41;muotoilla;1
1447;94/2020;2020_94_41;täsmällisesti;1
1447;94/2020;2020_94_41;peruste;1
1447;94/2020;2020_94_41;olennainen;1
1447;94/2020;2020_94_41;tapa;1
1447;94/2020;2020_94_41;selventävästi;1
1447;94/2020;2020_94_41;katsoa;1
1447;94/2020;2020_94_41;korjata;1
1447;94/2020;2020_94_41;perustuslakivaliokunta;1
1447;94/2020;2020_94_41;ongelmallinen;1
1447;94/2020;2020_94_41;säännös;1
1447;94/2020;2020_94_41;jälkeen;1
1447;94/2020;2020_94_41;kuitenkin;1
1447;94/2020;2020_94_41;seurata;1
1447;94/2020;2020_94_41;toimima;1
1447;94/2020;2020_94_41;käytäntö;1
1447;94/2020;2020_94_41;eri;1
1447;94/2020;2020_94_41;kesken;1
1447;94/2020;2020_94_41;mikään;1
1447;94/2020;2020_94_41;tilanne;1
1447;94/2020;2020_94_41;vaarantua;1
1447;94/2020;2020_94_41;tai;2
1447;94/2020;2020_94_41;aiheuttaa;1
1447;94/2020;2020_94_41;kohtuuton;1
1447;94/2020;2020_94_41;vaiva;1
1447;94/2020;2020_94_41;haitta;1
1447;101/2020;2020_101_4;arvoisa;2
1447;101/2020;2020_101_4;puhemies;2
1447;101/2020;2020_101_4;kyse;1
1447;101/2020;2020_101_4;olla;20
1447;101/2020;2020_101_4;siis;1
1447;101/2020;2020_101_4;ehdotus;1
1447;101/2020;2020_101_4;joka;5
1447;101/2020;2020_101_4;kunta;15
1447;101/2020;2020_101_4;peruspalvelu;4
1447;101/2020;2020_101_4;valtionosuus;5
1447;101/2020;2020_101_4;korottaa;1
1447;101/2020;2020_101_4;koronavirus;1
1447;101/2020;2020_101_4;aiheuttaa;5
1447;101/2020;2020_101_4;kustannus;1
1447;101/2020;2020_101_4;kattaminen;1
1447;101/2020;2020_101_4;ja;12
1447;101/2020;2020_101_4;verotulo;1
1447;101/2020;2020_101_4;lasku;1
1447;101/2020;2020_101_4;taloudellinen;1
1447;101/2020;2020_101_4;haaste;3
1447;101/2020;2020_101_4;helpottaminen;1
1447;101/2020;2020_101_4;selvä;1
1447;101/2020;2020_101_4;että;7
1447;101/2020;2020_101_4;mikään;1
1447;101/2020;2020_101_4;raha;1
1447;101/2020;2020_101_4;ei;3
1447;101/2020;2020_101_4;riittää;1
1447;101/2020;2020_101_4;kattaa;1
1447;101/2020;2020_101_4;kaikki;3
1447;101/2020;2020_101_4;korona;2
1447;101/2020;2020_101_4;menetys;1
1447;101/2020;2020_101_4;lisäksi;2
1447;101/2020;2020_101_4;tilanne;1
1447;101/2020;2020_101_4;vaikea;1
1447;101/2020;2020_101_4;jo;1
1447;101/2020;2020_101_4;ennen;1
1447;101/2020;2020_101_4;tämä;4
1447;101/2020;2020_101_4;kriisi;4
1447;101/2020;2020_101_4;kuitenkin;1
1447;101/2020;2020_101_4;todella;2
1447;101/2020;2020_101_4;tärkeä;4
1447;101/2020;2020_101_4;hallitus;2
1447;101/2020;2020_101_4;asia;1
1447;101/2020;2020_101_4;nopeasti;2
1447;101/2020;2020_101_4;tarttua;1
1447;101/2020;2020_101_4;apu;2
1447;101/2020;2020_101_4;tulla;3
1447;101/2020;2020_101_4;myös;5
1447;101/2020;2020_101_4;sairaanhoitopiiri;1
1447;101/2020;2020_101_4;jotta;1
1447;101/2020;2020_101_4;kulu;1
1447;101/2020;2020_101_4;kumuloitua;1
1447;101/2020;2020_101_4;se;10
1447;101/2020;2020_101_4;kautta;2
1447;101/2020;2020_101_4;kontto;1
1447;101/2020;2020_101_4;pandemia;1
1447;101/2020;2020_101_4;rajoitustoimi;1
1447;101/2020;2020_101_4;vaikutus;2
1447;101/2020;2020_101_4;vaikka;1
1447;101/2020;2020_101_4;erilainen;1
1447;101/2020;2020_101_4;eri;3
1447;101/2020;2020_101_4;koulu;1
1447;101/2020;2020_101_4;päiväkoti;1
1447;101/2020;2020_101_4;kirjasto;1
1447;101/2020;2020_101_4;moni;1
1447;101/2020;2020_101_4;muu;1
1447;101/2020;2020_101_4;palvelu;1
1447;101/2020;2020_101_4;joutua;2
1447;101/2020;2020_101_4;tehdä;3
1447;101/2020;2020_101_4;erityinen;1
1447;101/2020;2020_101_4;järjestely;1
1447;101/2020;2020_101_4;koskea;1
1447;101/2020;2020_101_4;tukikokonaisuus;1
1447;101/2020;2020_101_4;koostua;1
1447;101/2020;2020_101_4;nyt;1
1447;101/2020;2020_101_4;usea;1
1447;101/2020;2020_101_4;toimenpide;2
1447;101/2020;2020_101_4;juuri;1
1447;101/2020;2020_101_4;vuoksi;1
1447;101/2020;2020_101_4;kohdella;1
1447;101/2020;2020_101_4;laki;1
1447;101/2020;2020_101_4;tarkoitus;1
1447;101/2020;2020_101_4;turvata;2
1447;101/2020;2020_101_4;järjestäminen;2
1447;101/2020;2020_101_4;tuki;1
1447;101/2020;2020_101_4;tarve;1
1447;101/2020;2020_101_4;valiokunta;4
1447;101/2020;2020_101_4;pitää;3
1447;101/2020;2020_101_4;suuri;1
1447;101/2020;2020_101_4;osa;2
1447;101/2020;2020_101_4;tukipaketti;1
1447;101/2020;2020_101_4;korotus;2
1447;101/2020;2020_101_4;jakaantua;1
1447;101/2020;2020_101_4;pyrkiä;1
1447;101/2020;2020_101_4;kompensoida;1
1447;101/2020;2020_101_4;erityyppinen;1
1447;101/2020;2020_101_4;talousvaikutus;1
1447;101/2020;2020_101_4;lisäys;1
1447;101/2020;2020_101_4;riippua;1
1447;101/2020;2020_101_4;muun;1
1447;101/2020;2020_101_4;muassa;1
1447;101/2020;2020_101_4;asukasmäärä;1
1447;101/2020;2020_101_4;alle;1
1447;101/2020;2020_101_4;vuotias;1
1447;101/2020;2020_101_4;vuosi;1
1447;101/2020;2020_101_4;täyttää;1
1447;101/2020;2020_101_4;määrä;1
1447;101/2020;2020_101_4;yleiskatteellinen;1
1447;101/2020;2020_101_4;eli;1
1447;101/2020;2020_101_4;saada;1
1447;101/2020;2020_101_4;itse;1
1447;101/2020;2020_101_4;päättää;1
1447;101/2020;2020_101_4;kuinka;1
1447;101/2020;2020_101_4;kohdentaa;1
1447;101/2020;2020_101_4;edellytys;1
1447;101/2020;2020_101_4;helpottaa;1
1447;101/2020;2020_101_4;poikkeustila;1
1447;101/2020;2020_101_4;johtua;1
1447;101/2020;2020_101_4;talous;2
1447;101/2020;2020_101_4;esitys;1
1447;101/2020;2020_101_4;tarkoittaa;1
1447;101/2020;2020_101_4;tapa;1
1447;101/2020;2020_101_4;huomionarvoinen;2
1447;101/2020;2020_101_4;työmäärä;1
1447;101/2020;2020_101_4;keskellä;1
1447;101/2020;2020_101_4;syy;1
1447;101/2020;2020_101_4;kiinnittää;1
1447;101/2020;2020_101_4;huomio;1
1447;101/2020;2020_101_4;opetus;1
1447;101/2020;2020_101_4;kulttuuriministeriö;1
1447;101/2020;2020_101_4;määrärahalisäys;1
1447;101/2020;2020_101_4;hakea;1
1447;101/2020;2020_101_4;erillinen;1
1447;101/2020;2020_101_4;hakumenettely;2
1447;101/2020;2020_101_4;tarpeeton;1
1447;101/2020;2020_101_4;hallinnollinen;1
1447;101/2020;2020_101_4;taakka;1
1447;101/2020;2020_101_4;tahtotila;1
1447;101/2020;2020_101_4;koko;1
1447;101/2020;2020_101_4;kuntakenttä;1
1447;101/2020;2020_101_4;tarvita;1
1447;101/2020;2020_101_4;toimintaedellytys;1
1447;101/2020;2020_101_4;vahvistaa;1
1447;101/2020;2020_101_4;pitkä;1
1447;101/2020;2020_101_4;aikaväli;1
1447;101/2020;2020_101_4;suunnitelma;1
1447;101/2020;2020_101_4;selättäminen;1
1447;125/2020;2020_125_134;arvoisa;2
1447;125/2020;2020_125_134;puhemies;2
1447;125/2020;2020_125_134;olla;35
1447;125/2020;2020_125_134;siis;3
1447;125/2020;2020_125_134;tänään;1
1447;125/2020;2020_125_134;aloittaa;1
1447;125/2020;2020_125_134;keskustelu;1
1447;125/2020;2020_125_134;ensi;1
1447;125/2020;2020_125_134;vuosi;4
1447;125/2020;2020_125_134;talousarvioesitys;3
1447;125/2020;2020_125_134;selvä;1
1447;125/2020;2020_125_134;että;3
1447;125/2020;2020_125_134;tilanne;4
1447;125/2020;2020_125_134;kaikki;4
1447;125/2020;2020_125_134;puolin;1
1447;125/2020;2020_125_134;hyvin;1
1447;125/2020;2020_125_134;epävarma;1
1447;125/2020;2020_125_134;tautitilanne;1
1447;125/2020;2020_125_134;minä;6
1447;125/2020;2020_125_134;eurooppa;1
1447;125/2020;2020_125_134;ja;22
1447;125/2020;2020_125_134;maailma;1
1447;125/2020;2020_125_134;määritellä;1
1447;125/2020;2020_125_134;oma;2
1447;125/2020;2020_125_134;osa;2
1447;125/2020;2020_125_134;tulevaisuus;3
1447;125/2020;2020_125_134;suunta;1
1447;125/2020;2020_125_134;silti;1
1447;125/2020;2020_125_134;katse;1
1447;125/2020;2020_125_134;tiukasti;1
1447;125/2020;2020_125_134;kun;2
1447;125/2020;2020_125_134;onnistua;2
1447;125/2020;2020_125_134;korona;3
1447;125/2020;2020_125_134;leviäminen;1
1447;125/2020;2020_125_134;estäminen;1
1447;125/2020;2020_125_134;myös;2
1447;125/2020;2020_125_134;talous;2
1447;125/2020;2020_125_134;uskoa;1
1447;125/2020;2020_125_134;jokainen;1
1447;125/2020;2020_125_134;edustaja;1
1447;125/2020;2020_125_134;huolissaan;1
1447;125/2020;2020_125_134;kasvaa;1
1447;125/2020;2020_125_134;valtionvelka;1
1447;125/2020;2020_125_134;määrä;1
1447;125/2020;2020_125_134;ei;6
1447;125/2020;2020_125_134;kukaan;1
1447;125/2020;2020_125_134;haluta;1
1447;125/2020;2020_125_134;jättää;1
1447;125/2020;2020_125_134;suuri;1
1447;125/2020;2020_125_134;velkapotti;1
1447;125/2020;2020_125_134;tuleva;1
1447;125/2020;2020_125_134;päätöksentekijä;1
1447;125/2020;2020_125_134;seuraava;1
1447;125/2020;2020_125_134;sukupolvi;1
1447;125/2020;2020_125_134;taakka;1
1447;125/2020;2020_125_134;mutta;2
1447;125/2020;2020_125_134;tämä;14
1447;125/2020;2020_125_134;velanotto;1
1447;125/2020;2020_125_134;nyt;2
1447;125/2020;2020_125_134;aito;1
1447;125/2020;2020_125_134;pakottava;1
1447;125/2020;2020_125_134;syy;1
1447;125/2020;2020_125_134;kunta;6
1447;125/2020;2020_125_134;taloudellinen;1
1447;125/2020;2020_125_134;jo;1
1447;125/2020;2020_125_134;valmis;1
1447;125/2020;2020_125_134;ennen;1
1447;125/2020;2020_125_134;kriisi;1
1447;125/2020;2020_125_134;erittäin;3
1447;125/2020;2020_125_134;haastava;1
1447;125/2020;2020_125_134;hallitus;6
1447;125/2020;2020_125_134;toinen;1
1447;125/2020;2020_125_134;perään;1
1447;125/2020;2020_125_134;antaa;1
1447;125/2020;2020_125_134;lisää;1
1447;125/2020;2020_125_134;tehtävä;3
1447;125/2020;2020_125_134;oikeastaan;1
1447;125/2020;2020_125_134;koko;1
1447;125/2020;2020_125_134;luku;1
1447;125/2020;2020_125_134;aika;1
1447;125/2020;2020_125_134;osoittaa;2
1447;125/2020;2020_125_134;kuitenkaan;2
1447;125/2020;2020_125_134;riittävästi;1
1447;125/2020;2020_125_134;raha;2
1447;125/2020;2020_125_134;toteuttaminen;1
1447;125/2020;2020_125_134;se;9
1447;125/2020;2020_125_134;pitkä;4
1447;125/2020;2020_125_134;aikaväli;4
1447;125/2020;2020_125_134;johtaa;1
1447;125/2020;2020_125_134;velkaantuminen;1
1447;125/2020;2020_125_134;haaste;1
1447;125/2020;2020_125_134;järjestää;1
1447;125/2020;2020_125_134;tarvittava;1
1447;125/2020;2020_125_134;asiallisesti;1
1447;125/2020;2020_125_134;tai;1
1447;125/2020;2020_125_134;kaksi;1
1447;125/2020;2020_125_134;voida;2
1447;125/2020;2020_125_134;ihme;1
1447;125/2020;2020_125_134;tehdä;3
1447;125/2020;2020_125_134;huoli;1
1447;125/2020;2020_125_134;kuitenkin;1
1447;125/2020;2020_125_134;ottaa;1
1447;125/2020;2020_125_134;vakavasti;1
1447;125/2020;2020_125_134;apu;1
1447;125/2020;2020_125_134;tulla;2
1447;125/2020;2020_125_134;mikään;1
1447;125/2020;2020_125_134;muu;1
1447;125/2020;2020_125_134;vaihtoehto;1
1447;125/2020;2020_125_134;kuin;2
1447;125/2020;2020_125_134;korvata;1
1447;125/2020;2020_125_134;esimerkiksi;1
1447;125/2020;2020_125_134;aiheutua;2
1447;125/2020;2020_125_134;kustannus;3
1447;125/2020;2020_125_134;sairaanhoitopiiri;1
1447;125/2020;2020_125_134;siksi;1
1447;125/2020;2020_125_134;ehdotus;1
1447;125/2020;2020_125_134;suunnata;1
1447;125/2020;2020_125_134;pelkästään;2
1447;125/2020;2020_125_134;koronavirustilanne;1
1447;125/2020;2020_125_134;välitön;1
1447;125/2020;2020_125_134;hoito;1
1447;125/2020;2020_125_134;palveluvelka;1
1447;125/2020;2020_125_134;purku;1
1447;125/2020;2020_125_134;kuntatalous;1
1447;125/2020;2020_125_134;tukeminen;1
1447;125/2020;2020_125_134;mennä;1
1447;125/2020;2020_125_134;miljardi;1
1447;125/2020;2020_125_134;euro;4
1447;125/2020;2020_125_134;potti;1
1447;125/2020;2020_125_134;tärkeä;2
1447;125/2020;2020_125_134;tarpeellinen;2
1447;125/2020;2020_125_134;huolehtia;1
1447;125/2020;2020_125_134;ihminen;1
1447;125/2020;2020_125_134;hän;1
1447;125/2020;2020_125_134;tarvita;1
1447;125/2020;2020_125_134;palvelu;1
1447;125/2020;2020_125_134;vara;1
1447;125/2020;2020_125_134;maksaminen;1
1447;125/2020;2020_125_134;merkitys;2
1447;125/2020;2020_125_134;kotikaupunki;1
1447;125/2020;2020_125_134;maakunta;3
1447;125/2020;2020_125_134;keski-suomi;3
1447;125/2020;2020_125_134;muuttaa;1
1447;125/2020;2020_125_134;erityinen;1
1447;125/2020;2020_125_134;elokuu;1
1447;125/2020;2020_125_134;loppu;2
1447;125/2020;2020_125_134;upm;2
1447;125/2020;2020_125_134;uutinen;2
1447;125/2020;2020_125_134;jälkeen;3
1447;125/2020;2020_125_134;tavoite;2
1447;125/2020;2020_125_134;sulkea;1
1447;125/2020;2020_125_134;kaipola;1
1447;125/2020;2020_125_134;paperitehdas;1
1447;125/2020;2020_125_134;mennessä;1
1447;125/2020;2020_125_134;irtisanoa;1
1447;125/2020;2020_125_134;työntekijä;1
1447;125/2020;2020_125_134;vaikutus;1
1447;125/2020;2020_125_134;alihankintaketju;1
1447;125/2020;2020_125_134;kanssa;1
1447;125/2020;2020_125_134;alue;3
1447;125/2020;2020_125_134;noin;3
1447;125/2020;2020_125_134;työpaikka;2
1447;125/2020;2020_125_134;prosentti;1
1447;125/2020;2020_125_134;jämsä;3
1447;125/2020;2020_125_134;vahva;1
1447;125/2020;2020_125_134;metsäteollisuus;1
1447;125/2020;2020_125_134;aikomus;1
1447;125/2020;2020_125_134;luovuttaa;1
1447;125/2020;2020_125_134;teollisuus;5
1447;125/2020;2020_125_134;kilpailla;1
1447;125/2020;2020_125_134;kansainvälinen;1
1447;125/2020;2020_125_134;markkina;1
1447;125/2020;2020_125_134;niin;1
1447;125/2020;2020_125_134;eu;3
1447;125/2020;2020_125_134;sisällä;2
1447;125/2020;2020_125_134;globaalisti;1
1447;125/2020;2020_125_134;kyetä;1
1447;125/2020;2020_125_134;suunnitelma;1
1447;125/2020;2020_125_134;energia;1
1447;125/2020;2020_125_134;vero;1
1447;125/2020;2020_125_134;koulutuspolitiikka;1
1447;125/2020;2020_125_134;sarka;1
1447;125/2020;2020_125_134;kilpailukyky;3
1447;125/2020;2020_125_134;parantaminen;2
1447;125/2020;2020_125_134;toive;1
1447;125/2020;2020_125_134;laskea;1
1447;125/2020;2020_125_134;sähkövero;1
1447;125/2020;2020_125_134;minimitaso;1
1447;125/2020;2020_125_134;esitys;2
1447;125/2020;2020_125_134;yksi;1
1447;125/2020;2020_125_134;pitkään;1
1447;125/2020;2020_125_134;kaivata;1
1447;125/2020;2020_125_134;ennustavuus;1
1447;125/2020;2020_125_134;parantaa;3
1447;125/2020;2020_125_134;tasoittaa;1
1447;125/2020;2020_125_134;mari;1
1447;125/2020;2020_125_134;teko;1
1447;125/2020;2020_125_134;sama;1
1447;125/2020;2020_125_134;yhteys;1
1447;125/2020;2020_125_134;todeta;1
1447;125/2020;2020_125_134;nykyinen;1
1447;125/2020;2020_125_134;päästökauppakompensaatio;1
1447;125/2020;2020_125_134;lakata;1
1447;125/2020;2020_125_134;vuosivaihde;1
1447;125/2020;2020_125_134;tilalle;1
1447;125/2020;2020_125_134;saada;2
1447;125/2020;2020_125_134;uusi;1
1447;125/2020;2020_125_134;edelleen;1
1447;125/2020;2020_125_134;kehittävä;1
1447;125/2020;2020_125_134;kannustava;1
1447;125/2020;2020_125_134;malli;1
1447;125/2020;2020_125_134;kohta;1
1447;125/2020;2020_125_134;kiittää;1
1447;125/2020;2020_125_134;tuki;1
1447;125/2020;2020_125_134;joka;1
1447;125/2020;2020_125_134;seutu;2
1447;125/2020;2020_125_134;kohdentaa;2
1447;125/2020;2020_125_134;rakennerahastovara;1
1447;125/2020;2020_125_134;kansallinen;1
1447;125/2020;2020_125_134;yritystuki;2
1447;125/2020;2020_125_134;kestävä;1
1447;125/2020;2020_125_134;kasvu;2
1447;125/2020;2020_125_134;elinvoima;1
1447;125/2020;2020_125_134;määräraha;1
1447;125/2020;2020_125_134;yhteensä;1
1447;125/2020;2020_125_134;miljoona;3
1447;125/2020;2020_125_134;yritys;1
1447;125/2020;2020_125_134;hyvä;2
1447;125/2020;2020_125_134;alku;1
1447;125/2020;2020_125_134;tarve;2
1447;125/2020;2020_125_134;ensimmäinen;1
1447;125/2020;2020_125_134;vaihe;2
1447;125/2020;2020_125_134;ajatella;1
1447;125/2020;2020_125_134;kanta;1
1447;125/2020;2020_125_134;iso;1
1447;125/2020;2020_125_134;tamperenjyväskylä-välin;1
1447;125/2020;2020_125_134;ratayhteys;1
1447;125/2020;2020_125_134;hanke;2
1447;125/2020;2020_125_134;suunnittelu;1
1447;125/2020;2020_125_134;päästä;1
1447;125/2020;2020_125_134;konkreettinen;1
1447;125/2020;2020_125_134;rakentaminen;1
1447;125/2020;2020_125_134;lisäksi;1
1447;125/2020;2020_125_134;äänekoskivälille;1
1447;125/2020;2020_125_134;rakentaa;1
1447;125/2020;2020_125_134;ohituskaista;1
1447;125/2020;2020_125_134;keskikaide;1
1447;125/2020;2020_125_134;molemmat;1
1447;125/2020;2020_125_134;tarkoitus;1
1447;125/2020;2020_125_134;elinkeinoelämä;1
1447;125/2020;2020_125_134;työssäkäynti;1
1447;125/2020;2020_125_134;edellytys;1
1447;125/2020;2020_125_134;kokonaisuus;1
1447;125/2020;2020_125_134;elvyttävä;1
1447;125/2020;2020_125_134;mikä;1
1447;125/2020;2020_125_134;taas;1
1447;125/2020;2020_125_134;tukea;1
1447;125/2020;2020_125_134;työllisyys;1
1447;125/2020;2020_125_134;siellä;1
1447;125/2020;2020_125_134;vaikea;1
1447;125/2020;2020_125_134;asia;2
1447;125/2020;2020_125_134;sellainen;1
1447;125/2020;2020_125_134;politiikka;1
1447;125/2020;2020_125_134;yhdessä;1
1447;125/2020;2020_125_134;sopia;1
1447;125/2020;2020_125_134;pitää;1
1447;125/2020;2020_125_134;kiinni;1
1447;125/2020;2020_125_134;työ;1
1447;125/2020;2020_125_134;eteen;1
1447;125/2020;2020_125_134;kiitos;1
1447;162/2020;2020_162_73;arvoisa;1
1447;162/2020;2020_162_73;puhemies;1
1447;162/2020;2020_162_73;käsittely;1
1447;162/2020;2020_162_73;olla;14
1447;162/2020;2020_162_73;lakiehdotus;1
1447;162/2020;2020_162_73;huoneistotieto;1
1447;162/2020;2020_162_73;ja;6
1447;162/2020;2020_162_73;asunto-osakeyhtiölaki;1
1447;162/2020;2020_162_73;muuttaminen;1
1447;162/2020;2020_162_73;se;4
1447;162/2020;2020_162_73;vaikuttaa;1
1447;162/2020;2020_162_73;melko;1
1447;162/2020;2020_162_73;tekninen;1
1447;162/2020;2020_162_73;aikalisämuutos;1
1447;162/2020;2020_162_73;mutta;1
1447;162/2020;2020_162_73;muutos;2
1447;162/2020;2020_162_73;kuitenkin;2
1447;162/2020;2020_162_73;tärkeä;1
1447;162/2020;2020_162_73;tämä;4
1447;162/2020;2020_162_73;koko;1
1447;162/2020;2020_162_73;laki;1
1447;162/2020;2020_162_73;kyse;3
1447;162/2020;2020_162_73;että;1
1447;162/2020;2020_162_73;asunto-osakeyhtiö;1
1447;162/2020;2020_162_73;pitää;2
1447;162/2020;2020_162_73;alun;3
1447;162/2020;2020_162_73;perin;3
1447;162/2020;2020_162_73;siirtää;1
1447;162/2020;2020_162_73;osakeluettelo;1
1447;162/2020;2020_162_73;sähköinen;2
1447;162/2020;2020_162_73;omistajamerkintä;2
1447;162/2020;2020_162_73;ylläpito;1
1447;162/2020;2020_162_73;maanmittauslaitos;1
1447;162/2020;2020_162_73;tehdä;2
1447;162/2020;2020_162_73;vuosi;3
1447;162/2020;2020_162_73;loppu;1
1447;162/2020;2020_162_73;mennessä;1
1447;162/2020;2020_162_73;nyt;1
1447;162/2020;2020_162_73;lisäaika;2
1447;162/2020;2020_162_73;melkein;1
1447;162/2020;2020_162_73;taloyhtiö;1
1447;162/2020;2020_162_73;joka;1
1447;162/2020;2020_162_73;vasta;1
1447;162/2020;2020_162_73;noin;1
1447;162/2020;2020_162_73;työ;1
1447;162/2020;2020_162_73;jäljellä;1
1447;162/2020;2020_162_73;joukko;1
1447;162/2020;2020_162_73;siis;1
1447;162/2020;2020_162_73;valtava;1
1447;162/2020;2020_162_73;tulla;2
1447;162/2020;2020_162_73;tarvita;1
1447;162/2020;2020_162_73;neuvonta;1
1447;162/2020;2020_162_73;ohjaus;1
1447;162/2020;2020_162_73;enemmän;1
1447;162/2020;2020_162_73;kuin;1
1447;162/2020;2020_162_73;ajatella;1
1447;162/2020;2020_162_73;jos;1
1447;162/2020;2020_162_73;yksi;1
1447;162/2020;2020_162_73;ei;1
1447;162/2020;2020_162_73;voida;1
1447;162/2020;2020_162_73;johtaa;1
1447;162/2020;2020_162_73;epätoivottava;1
1447;162/2020;2020_162_73;erittäin;1
1447;162/2020;2020_162_73;ruuhkainen;1
1447;162/2020;2020_162_73;tilanne;1
1447;162/2020;2020_162_73;osakehuoneisto;1
1447;162/2020;2020_162_73;hieno;1
1447;162/2020;2020_162_73;hyvä;1
1447;162/2020;2020_162_73;uudistus;1
1447;162/2020;2020_162_73;korvata;1
1447;162/2020;2020_162_73;vanha;1
1447;162/2020;2020_162_73;paperinen;1
1447;162/2020;2020_162_73;malli;1
1447;162/2020;2020_162_73;toivottavasti;1
1447;162/2020;2020_162_73;kokonaisuus;1
1447;162/2020;2020_162_73;myös;1
1447;162/2020;2020_162_73;kaikki;1
1447;162/2020;2020_162_73;tietoturva-asia;1
1447;162/2020;2020_162_73;huomioida;1
1447;163/2020;2020_163_2;arvoisa;1
1447;163/2020;2020_163_2;puhemies;1
1447;163/2020;2020_163_2;tämä;2
1447;163/2020;2020_163_2;esitys;2
1447;163/2020;2020_163_2;olla;8
1447;163/2020;2020_163_2;siis;4
1447;163/2020;2020_163_2;kyse;3
1447;163/2020;2020_163_2;koronapandemia;1
1447;163/2020;2020_163_2;aiheuttaa;2
1447;163/2020;2020_163_2;kokoontumisrajoitus;1
1447;163/2020;2020_163_2;ja;7
1447;163/2020;2020_163_2;tartuntariski;1
1447;163/2020;2020_163_2;paine;1
1447;163/2020;2020_163_2;järjestää;2
1447;163/2020;2020_163_2;lakisääteinen;1
1447;163/2020;2020_163_2;kiinteistötoimitus;1
1447;163/2020;2020_163_2;yhteismetsälaki;1
1447;163/2020;2020_163_2;yhteisaluelaki;1
1447;163/2020;2020_163_2;tarkoittaa;1
1447;163/2020;2020_163_2;osakaskunta;1
1447;163/2020;2020_163_2;kokous;4
1447;163/2020;2020_163_2;väliaikainen;1
1447;163/2020;2020_163_2;se;3
1447;163/2020;2020_163_2;tulla;1
1447;163/2020;2020_163_2;voimaan;1
1447;163/2020;2020_163_2;jo;1
1447;163/2020;2020_163_2;kevät;1
1447;163/2020;2020_163_2;nyt;1
1447;163/2020;2020_163_2;laki;1
1447;163/2020;2020_163_2;jatkaminen;1
1447;163/2020;2020_163_2;mahdollistaa;1
1447;163/2020;2020_163_2;järjestäminen;1
1447;163/2020;2020_163_2;etä;1
1447;163/2020;2020_163_2;tai;2
1447;163/2020;2020_163_2;rajoitetusti;1
1447;163/2020;2020_163_2;kirjallisesti;1
1447;163/2020;2020_163_2;siirtäminen;1
1447;163/2020;2020_163_2;alkuvuosi;1
1447;163/2020;2020_163_2;pandemia;1
1447;163/2020;2020_163_2;leviäminen;1
1447;163/2020;2020_163_2;ehkäiseminen;1
1447;163/2020;2020_163_2;huomioida;1
1447;163/2020;2020_163_2;että;1
1447;163/2020;2020_163_2;mahdollimman;2
1447;163/2020;2020_163_2;pian;1
1447;163/2020;2020_163_2;este;1
1447;163/2020;2020_163_2;lakkaaminen;1
1447;163/2020;2020_163_2;jälkeen;1
1447;163/2020;2020_163_2;vähäinen;1
1447;163/2020;2020_163_2;puuttuminen;1
1447;163/2020;2020_163_2;määritellä;1
1447;163/2020;2020_163_2;menettely;1
1447;163/2020;2020_163_2;päätäntävalta;1
1447;163/2020;2020_163_2;kuulua;1
1447;163/2020;2020_163_2;seikka;1
1447;163/2020;2020_163_2;käsittely;1
1447;163/2020;2020_163_2;ehdotus;1
1447;163/2020;2020_163_2;hyvin;1
1447;163/2020;2020_163_2;kannatettava;1
1447;163/2020;2020_163_4;arvoisa;1
1447;163/2020;2020_163_4;puhemies;1
1447;163/2020;2020_163_4;tämä;8
1447;163/2020;2020_163_4;olla;13
1447;163/2020;2020_163_4;kyse;2
1447;163/2020;2020_163_4;siis;1
1447;163/2020;2020_163_4;uusi;2
1447;163/2020;2020_163_4;rehulaki;1
1447;163/2020;2020_163_4;joka;2
1447;163/2020;2020_163_4;kumota;1
1447;163/2020;2020_163_4;aiempi;3
1447;163/2020;2020_163_4;samanniminen;1
1447;163/2020;2020_163_4;vanha;1
1447;163/2020;2020_163_4;laki;1
1447;163/2020;2020_163_4;paketti;2
1447;163/2020;2020_163_4;epäselvyys;1
1447;163/2020;2020_163_4;koota;1
1447;163/2020;2020_163_4;yhteen;1
1447;163/2020;2020_163_4;ja;12
1447;163/2020;2020_163_4;korjata;1
1447;163/2020;2020_163_4;lakiesitys;2
1447;163/2020;2020_163_4;selkiyttää;1
1447;163/2020;2020_163_4;toiminto;1
1447;163/2020;2020_163_4;verrata;1
1447;163/2020;2020_163_4;toimiva;1
1447;163/2020;2020_163_4;lainsäädäntö;1
1447;163/2020;2020_163_4;taata;1
1447;163/2020;2020_163_4;yhtäläinen;1
1447;163/2020;2020_163_4;kilpailuasetelma;1
1447;163/2020;2020_163_4;tasapuolisuus;1
1447;163/2020;2020_163_4;kilpailu;1
1447;163/2020;2020_163_4;ottaa;1
1447;163/2020;2020_163_4;kanta;1
1447;163/2020;2020_163_4;tärkeä;1
1447;163/2020;2020_163_4;keino;1
1447;163/2020;2020_163_4;voida;1
1447;163/2020;2020_163_4;huolehtia;1
1447;163/2020;2020_163_4;maatalous;1
1447;163/2020;2020_163_4;salmonellattomuus;1
1447;163/2020;2020_163_4;elintarvike;1
1447;163/2020;2020_163_4;turvallisuus;1
1447;163/2020;2020_163_4;muun;2
1447;163/2020;2020_163_4;muassa;2
1447;163/2020;2020_163_4;se;3
1447;163/2020;2020_163_4;valvonta;3
1447;163/2020;2020_163_4;ulottaminen;1
1447;163/2020;2020_163_4;kotirauha;1
1447;163/2020;2020_163_4;piiri;1
1447;163/2020;2020_163_4;nähdä;2
1447;163/2020;2020_163_4;perustella;1
1447;163/2020;2020_163_4;vaikuttavuus;1
1447;163/2020;2020_163_4;parata;1
1447;163/2020;2020_163_4;neuvonta;1
1447;163/2020;2020_163_4;ohjaus;1
1447;163/2020;2020_163_4;tehdä;1
1447;163/2020;2020_163_4;kirjaus;1
1447;163/2020;2020_163_4;tarkoituksenmukainen;2
1447;163/2020;2020_163_4;lakiehdotus;2
1447;163/2020;2020_163_4;myös;1
1447;163/2020;2020_163_4;osa;1
1447;163/2020;2020_163_4;harmaa;1
1447;163/2020;2020_163_4;talous;1
1447;163/2020;2020_163_4;torjunta;1
1447;163/2020;2020_163_4;esimerkiksi;1
1447;163/2020;2020_163_4;seuraamusmaksu;1
1447;163/2020;2020_163_4;hallinnollinen;1
1447;163/2020;2020_163_4;pakkokeino;1
1447;163/2020;2020_163_4;tapaus;1
1447;163/2020;2020_163_4;lisäys;1
1447;163/2020;2020_163_4;jälkeen;1
1447;163/2020;2020_163_4;kohdentaminen;1
1447;163/2020;2020_163_4;helppo;1
1447;163/2020;2020_163_4;tieto;2
1447;163/2020;2020_163_4;hankkiminen;1
1447;163/2020;2020_163_4;muu;3
1447;163/2020;2020_163_4;toimija;2
1447;163/2020;2020_163_4;kuten;1
1447;163/2020;2020_163_4;verottaja;1
1447;163/2020;2020_163_4;mahdollistua;1
1447;163/2020;2020_163_4;että;3
1447;163/2020;2020_163_4;tulla;1
1447;163/2020;2020_163_4;riittävä;2
1447;163/2020;2020_163_4;oikeus;1
1447;163/2020;2020_163_4;kuitenkin;1
1447;163/2020;2020_163_4;tosiasia;1
1447;163/2020;2020_163_4;vakuutusmaksu;1
1447;163/2020;2020_163_4;laiminlyönti;1
1447;163/2020;2020_163_4;vero;1
1447;163/2020;2020_163_4;yleinen;1
1447;163/2020;2020_163_4;maksu;1
1447;163/2020;2020_163_4;ulosotto;1
1447;163/2020;2020_163_4;määrä;1
1447;163/2020;2020_163_4;suora;1
1447;163/2020;2020_163_4;korrelaatio;1
1447;163/2020;2020_163_4;eläin;1
1447;163/2020;2020_163_4;hyvinvointi;1
1447;163/2020;2020_163_4;minä;1
1447;163/2020;2020_163_4;niin;1
1447;163/2020;2020_163_4;kuin;1
1447;163/2020;2020_163_4;moni;1
1447;163/2020;2020_163_4;sektori;1
1447;163/2020;2020_163_4;eri;1
1447;163/2020;2020_163_4;asia;1
1447;163/2020;2020_163_4;kiinnittää;1
1447;163/2020;2020_163_4;huomio;1
1447;163/2020;2020_163_4;viranomainen;1
1447;163/2020;2020_163_4;tarpeellinen;1
1447;163/2020;2020_163_4;tietovaihto;1
1447;163/2020;2020_163_4;mahdollinen;1
1447;163/2020;2020_163_4;kokonaisuus;1
1447;163/2020;2020_163_4;kannatettava;1
1447;163/2020;2020_163_4;odotettu;1
1447;163/2020;2020_163_4;korjattu;1
1447;163/2020;2020_163_7;ei;3
1447;163/2020;2020_163_7;arvoisa;1
1447;163/2020;2020_163_7;puhemies;1
1447;163/2020;2020_163_7;kyse;3
1447;163/2020;2020_163_7;olla;15
1447;163/2020;2020_163_7;siis;1
1447;163/2020;2020_163_7;suuri;2
1447;163/2020;2020_163_7;sisällöllinen;1
1447;163/2020;2020_163_7;muutos;1
1447;163/2020;2020_163_7;minä;1
1447;163/2020;2020_163_7;kansallinen;2
1447;163/2020;2020_163_7;laki;3
1447;163/2020;2020_163_7;lähinnä;2
1447;163/2020;2020_163_7;eurooppa;1
1447;163/2020;2020_163_7;parlamentti;1
1447;163/2020;2020_163_7;ja;14
1447;163/2020;2020_163_7;neuvosto;1
1447;163/2020;2020_163_7;asetus;1
1447;163/2020;2020_163_7;täytäntöönpano;1
1447;163/2020;2020_163_7;täydentäminen;1
1447;163/2020;2020_163_7;joka;2
1447;163/2020;2020_163_7;antaa;1
1447;163/2020;2020_163_7;onneksi;1
1447;163/2020;2020_163_7;reilusti;1
1447;163/2020;2020_163_7;liikkumavara;1
1447;163/2020;2020_163_7;tämä;8
1447;163/2020;2020_163_7;velvoite;1
1447;163/2020;2020_163_7;koskea;1
1447;163/2020;2020_163_7;eläin;3
1447;163/2020;2020_163_7;pitopaikka;1
1447;163/2020;2020_163_7;se;3
1447;163/2020;2020_163_7;vastuu;1
1447;163/2020;2020_163_7;toimija;2
1447;163/2020;2020_163_7;mutta;2
1447;163/2020;2020_163_7;esimerkiksi;2
1447;163/2020;2020_163_7;elintarvikejalostusyritys;1
1447;163/2020;2020_163_7;eläinkuljettaja;1
1447;163/2020;2020_163_7;välittäjä;1
1447;163/2020;2020_163_7;oma;1
1447;163/2020;2020_163_7;merkitys;1
1447;163/2020;2020_163_7;eri;2
1447;163/2020;2020_163_7;velvollisuus;1
1447;163/2020;2020_163_7;oikeus;1
1447;163/2020;2020_163_7;selkeä;1
1447;163/2020;2020_163_7;ymmärrettävä;1
1447;163/2020;2020_163_7;neuvonta;1
1447;163/2020;2020_163_7;asia;1
1447;163/2020;2020_163_7;riittävästi;1
1447;163/2020;2020_163_7;puitteissa;1
1447;163/2020;2020_163_7;tulli;1
1447;163/2020;2020_163_7;nyt;1
1447;163/2020;2020_163_7;esittää;1
1447;163/2020;2020_163_7;laaja;1
1447;163/2020;2020_163_7;viranomaisrooli;1
1447;163/2020;2020_163_7;mahdollistaa;2
1447;163/2020;2020_163_7;hyvä;2
1447;163/2020;2020_163_7;eläintautivalvonta;1
1447;163/2020;2020_163_7;aiempi;1
1447;163/2020;2020_163_7;virka-apupyyntö;1
1447;163/2020;2020_163_7;enää;1
1447;163/2020;2020_163_7;erikseen;1
1447;163/2020;2020_163_7;tarvita;1
1447;163/2020;2020_163_7;ajankohtainen;1
1447;163/2020;2020_163_7;huomio;2
1447;163/2020;2020_163_7;herättää;1
1447;163/2020;2020_163_7;esimerkki;1
1447;163/2020;2020_163_7;kokonaisuus;2
1447;163/2020;2020_163_7;kuitenkin;2
1447;163/2020;2020_163_7;koronapandemia;1
1447;163/2020;2020_163_7;tilanne;1
1447;163/2020;2020_163_7;tanska;1
1447;163/2020;2020_163_7;tulla;2
1447;163/2020;2020_163_7;ilmi;1
1447;163/2020;2020_163_7;minkki;1
1447;163/2020;2020_163_7;koronatartunta;1
1447;163/2020;2020_163_7;ihminen;2
1447;163/2020;2020_163_7;toinen;1
1447;163/2020;2020_163_7;erityisesti;1
1447;163/2020;2020_163_7;kiinnittää;1
1447;163/2020;2020_163_7;thl;1
1447;163/2020;2020_163_7;lausunto;2
1447;163/2020;2020_163_7;että;2
1447;163/2020;2020_163_7;eläintautilainsäädäntö;1
1447;163/2020;2020_163_7;valmistella;1
1447;163/2020;2020_163_7;siten;1
1447;163/2020;2020_163_7;havaita;1
1447;163/2020;2020_163_7;tällainen;1
1447;163/2020;2020_163_7;uusi;1
1447;163/2020;2020_163_7;välillä;1
1447;163/2020;2020_163_7;nopeasti;1
1447;163/2020;2020_163_7;tarttua;1
1447;163/2020;2020_163_7;vakava;1
1447;163/2020;2020_163_7;tauti;1
1447;163/2020;2020_163_7;lainsäädäntö;1
1447;163/2020;2020_163_7;nopea;1
1447;163/2020;2020_163_7;reagointi;1
1447;163/2020;2020_163_7;torjuntatoimenpide;1
1447;163/2020;2020_163_7;valiokunta;1
1447;163/2020;2020_163_7;mukaan;1
1447;163/2020;2020_163_7;lakiehdotus;1
1447;163/2020;2020_163_7;täyttää;1
1447;163/2020;2020_163_7;sellainen;1
1447;163/2020;2020_163_7;seikka;1
1447;163/2020;2020_163_7;hetki;1
1447;163/2020;2020_163_7;muistaa;1
1447;163/2020;2020_163_7;pitää;1
1447;163/2020;2020_163_7;aika;1
1447;163/2020;2020_163_7;tasalla;1
1447;163/2020;2020_163_7;huomioida;1
1447;163/2020;2020_163_7;myös;1
1447;163/2020;2020_163_7;ennakoivasti;1
1447;163/2020;2020_163_7;kotieläintuottaja;1
1447;163/2020;2020_163_7;kanta;1
1447;163/2020;2020_163_7;mahdollinen;2
1447;163/2020;2020_163_7;vahingonkorvaus;1
1447;163/2020;2020_163_7;suuruus;1
1447;163/2020;2020_163_7;korvausjärjestelmä;1
1447;163/2020;2020_163_7;aito;1
1447;163/2020;2020_163_7;toimivuus;1
1447;163/2020;2020_163_7;vaikuttavuus;1
1447;163/2020;2020_163_7;jotta;1
1447;163/2020;2020_163_7;menetys;1
1447;163/2020;2020_163_7;tila;1
1447;163/2020;2020_163_7;välttyä;1
1447;163/2020;2020_163_7;kaikki;1
1447;163/2020;2020_163_7;kaikkiaan;1
1447;163/2020;2020_163_7;kannatettava;1
1447;163/2020;2020_163_7;esitys;1
1447;163/2020;2020_163_9;arvoisa;1
1447;163/2020;2020_163_9;puhemies;1
1447;163/2020;2020_163_9;tämä;5
1447;163/2020;2020_163_9;laki;1
1447;163/2020;2020_163_9;apu;1
1447;163/2020;2020_163_9;kunta;3
1447;163/2020;2020_163_9;kannustaa;1
1447;163/2020;2020_163_9;kuntarakenne;2
1447;163/2020;2020_163_9;tiivistäminen;2
1447;163/2020;2020_163_9;vapaaehtoinen;1
1447;163/2020;2020_163_9;keino;2
1447;163/2020;2020_163_9;talous;1
1447;163/2020;2020_163_9;este;1
1447;163/2020;2020_163_9;poistaa;1
1447;163/2020;2020_163_9;olla;10
1447;163/2020;2020_163_9;huomioida;1
1447;163/2020;2020_163_9;että;2
1447;163/2020;2020_163_9;hetki;1
1447;163/2020;2020_163_9;minä;2
1447;163/2020;2020_163_9;ei;1
1447;163/2020;2020_163_9;voimassa;1
1447;163/2020;2020_163_9;lainsäädäntö;1
1447;163/2020;2020_163_9;joka;1
1447;163/2020;2020_163_9;tukea;1
1447;163/2020;2020_163_9;yhdistyä;1
1447;163/2020;2020_163_9;siis;1
1447;163/2020;2020_163_9;kyse;1
1447;163/2020;2020_163_9;harkinnanvarainen;1
1447;163/2020;2020_163_9;yhdistymistuki;1
1447;163/2020;2020_163_9;ja;3
1447;163/2020;2020_163_9;se;2
1447;163/2020;2020_163_9;myöntää;1
1447;163/2020;2020_163_9;valtio;1
1447;163/2020;2020_163_9;talousarviomääräraha;1
1447;163/2020;2020_163_9;puitteissa;1
1447;163/2020;2020_163_9;mikäli;1
1447;163/2020;2020_163_9;talousarvio;1
1447;163/2020;2020_163_9;varata;1
1447;163/2020;2020_163_9;määräraha;1
1447;163/2020;2020_163_9;avustus;2
1447;163/2020;2020_163_9;vähintään;1
1447;163/2020;2020_163_9;euro;1
1447;163/2020;2020_163_9;täytyä;1
1447;163/2020;2020_163_9;todella;1
1447;163/2020;2020_163_9;toivoa;1
1447;163/2020;2020_163_9;yhdistyminen;1
1447;163/2020;2020_163_9;saada;1
1447;163/2020;2020_163_9;esimerkiksi;1
1447;163/2020;2020_163_9;myötä;1
1447;163/2020;2020_163_9;liikkeelle;1
1447;163/2020;2020_163_9;koska;1
1447;163/2020;2020_163_9;yksi;1
1447;163/2020;2020_163_9;moni;1
1447;163/2020;2020_163_9;muu;1
1447;163/2020;2020_163_9;joukko;1
1447;163/2020;2020_163_9;demokratia;1
1447;163/2020;2020_163_9;vahvistaminen;1
1447;163/2020;2020_163_9;esitys;1
1447;163/2020;2020_163_9;erittäin;1
1447;163/2020;2020_163_9;hyvä;1
1447;163/2020;2020_163_9;kannatettava;1
1447;163/2020;2020_163_9;toivottavasti;1
1447;163/2020;2020_163_9;edetä;1
1447;78/2021;2021_78_69;kiitos;1
1447;78/2021;2021_78_69;arvoisa;1
1447;78/2021;2021_78_69;puhemies;1
1447;78/2021;2021_78_69;täällä;1
1447;78/2021;2021_78_69;olla;5
1447;78/2021;2021_78_69;puhe;1
1447;78/2021;2021_78_69;tämä;2
1447;78/2021;2021_78_69;aluevaali;3
1447;78/2021;2021_78_69;aluksi;1
1447;78/2021;2021_78_69;haluta;2
1447;78/2021;2021_78_69;kiittää;1
1447;78/2021;2021_78_69;kaikki;1
1447;78/2021;2021_78_69;ehdokas;1
1447;78/2021;2021_78_69;ja;4
1447;78/2021;2021_78_69;äänestäjä;1
1447;78/2021;2021_78_69;joka;1
1447;78/2021;2021_78_69;antaa;1
1447;78/2021;2021_78_69;vuosi;1
1447;78/2021;2021_78_69;arvokas;1
1447;78/2021;2021_78_69;panos;1
1447;78/2021;2021_78_69;kuntavaali;1
1447;78/2021;2021_78_69;ben;1
1447;78/2021;2021_78_69;zyskowicz;1
1447;78/2021;2021_78_69;oikein;1
1447;78/2021;2021_78_69;viisi;1
1447;78/2021;2021_78_69;vaille;1
1447;78/2021;2021_78_69;valmis;1
1447;78/2021;2021_78_69;sosiaali;1
1447;78/2021;2021_78_69;terveydenhuolto;1
1447;78/2021;2021_78_69;uudistus;2
1447;78/2021;2021_78_69;myötä;1
1447;78/2021;2021_78_69;seuraava;1
1447;78/2021;2021_78_69;minä;1
1447;78/2021;2021_78_69;vuoro;1
1447;78/2021;2021_78_69;soteuudistus;1
1447;78/2021;2021_78_69;tärkeä;2
1447;78/2021;2021_78_69;sillä;1
1447;78/2021;2021_78_69;peruspalvelu;1
1447;78/2021;2021_78_69;siirtää;1
1447;78/2021;2021_78_69;se;1
1447;78/2021;2021_78_69;iso;1
1447;78/2021;2021_78_69;hartia;1
1447;78/2021;2021_78_69;järjestämisvastuu;1
1447;78/2021;2021_78_69;kunta;1
1447;78/2021;2021_78_69;voida;2
1447;78/2021;2021_78_69;jälkeen;1
1447;78/2021;2021_78_69;keskittyä;1
1447;78/2021;2021_78_69;investoida;1
1447;78/2021;2021_78_69;enemmän;1
1447;78/2021;2021_78_69;muu;1
1447;78/2021;2021_78_69;kuntalainen;2
1447;78/2021;2021_78_69;asia;1
1447;78/2021;2021_78_69;kysyä;1
1447;78/2021;2021_78_69;oikeusministeri;1
1447;78/2021;2021_78_69;henriksson;1
1447;78/2021;2021_78_69;hyvinvointialue;1
1447;78/2021;2021_78_69;kun;1
1447;78/2021;2021_78_69;jatko;1
1447;78/2021;2021_78_69;paljon;1
1447;78/2021;2021_78_69;vartija;1
1447;78/2021;2021_78_69;niin;1
1447;78/2021;2021_78_69;mikä;1
1447;78/2021;2021_78_69;tehdä;1
1447;78/2021;2021_78_69;että;2
1447;78/2021;2021_78_69;ihminen;1
1447;78/2021;2021_78_69;osallistua;1
1447;78/2021;2021_78_69;aktiivisesti;1
1447;78/2021;2021_78_69;ääni;1
1447;78/2021;2021_78_69;tosiasiallisesti;1
1447;78/2021;2021_78_69;kuulua;1
1447;78/2021;2021_78_69;soteasia;1
1447;78/2021;2021_78_69;päättää;1
1447;78/2021;2021_78_69;myös;1
1447;78/2021;2021_78_69;tulevaisuus;1
1447;92/2021;2021_92_133;kiitos;3
1447;92/2021;2021_92_133;arvoisa;1
1447;92/2021;2021_92_133;puhemies;1
1447;92/2021;2021_92_133;tämä;8
1447;92/2021;2021_92_133;erinomainen;2
1447;92/2021;2021_92_133;raportti;3
1447;92/2021;2021_92_133;olla;17
1447;92/2021;2021_92_133;silmä;1
1447;92/2021;2021_92_133;avata;1
1447;92/2021;2021_92_133;lukea;3
1447;92/2021;2021_92_133;ehkä;1
1447;92/2021;2021_92_133;hieman;1
1447;92/2021;2021_92_133;pohdiskella;1
1447;92/2021;2021_92_133;se;10
1447;92/2021;2021_92_133;kuinka;1
1447;92/2021;2021_92_133;paljon;1
1447;92/2021;2021_92_133;ilmoitus;1
1447;92/2021;2021_92_133;jäädä;1
1447;92/2021;2021_92_133;tehdä;3
1447;92/2021;2021_92_133;minkälainen;1
1447;92/2021;2021_92_133;vuori;1
1447;92/2021;2021_92_133;aidosti;1
1447;92/2021;2021_92_133;puhua;1
1447;92/2021;2021_92_133;minä;5
1447;92/2021;2021_92_133;työ;3
1447;92/2021;2021_92_133;sitten;1
1447;92/2021;2021_92_133;kun;2
1447;92/2021;2021_92_133;kirja;1
1447;92/2021;2021_92_133;kovin;1
1447;92/2021;2021_92_133;lyhyt;1
1447;92/2021;2021_92_133;mutta;2
1447;92/2021;2021_92_133;ei;3
1447;92/2021;2021_92_133;taitaa;1
1447;92/2021;2021_92_133;tulla;2
1447;92/2021;2021_92_133;koskaan;1
1447;92/2021;2021_92_133;valmis;1
1447;92/2021;2021_92_133;keskustelu;1
1447;92/2021;2021_92_133;käyttää;1
1447;92/2021;2021_92_133;erittäin;2
1447;92/2021;2021_92_133;hyvä;1
1447;92/2021;2021_92_133;esimerkki;1
1447;92/2021;2021_92_133;esimerkiksi;1
1447;92/2021;2021_92_133;kehitysvammainen;1
1447;92/2021;2021_92_133;asema;1
1447;92/2021;2021_92_133;lääkäri;1
1447;92/2021;2021_92_133;pääsy;1
1447;92/2021;2021_92_133;ja;10
1447;92/2021;2021_92_133;neuvolatoiminta;1
1447;92/2021;2021_92_133;edelleen;1
1447;92/2021;2021_92_133;saada;1
1447;92/2021;2021_92_133;uutinen;1
1447;92/2021;2021_92_133;hoiva;1
1447;92/2021;2021_92_133;riittämätön;1
1447;92/2021;2021_92_133;taso;1
1447;92/2021;2021_92_133;hoitaja;1
1447;92/2021;2021_92_133;määrä;1
1447;92/2021;2021_92_133;riittämättömyys;1
1447;92/2021;2021_92_133;kukaan;1
1447;92/2021;2021_92_133;voida;3
1447;92/2021;2021_92_133;aina;1
1447;92/2021;2021_92_133;sanoa;1
1447;92/2021;2021_92_133;että;6
1447;92/2021;2021_92_133;asia;1
1447;92/2021;2021_92_133;yllättäen;1
1447;92/2021;2021_92_133;kiinnittää;1
1447;92/2021;2021_92_133;huomio;1
1447;92/2021;2021_92_133;nimenomaisesti;1
1447;92/2021;2021_92_133;kantelu;1
1447;92/2021;2021_92_133;ennätysmäärä;1
1447;92/2021;2021_92_133;käsittelyaika;1
1447;92/2021;2021_92_133;kuitenkin;1
1447;92/2021;2021_92_133;pysyä;1
1447;92/2021;2021_92_133;hallinta;1
1447;92/2021;2021_92_133;korkopandemia;1
1447;92/2021;2021_92_133;pistää;1
1447;92/2021;2021_92_133;paitsi;1
1447;92/2021;2021_92_133;perusoikeus;2
1447;92/2021;2021_92_133;myös;1
1447;92/2021;2021_92_133;valvontamekanismi;1
1447;92/2021;2021_92_133;koetus;1
1447;92/2021;2021_92_133;keskustella;1
1447;92/2021;2021_92_133;tänään;1
1447;92/2021;2021_92_133;aiemmin;1
1447;92/2021;2021_92_133;tartuntalaki;1
1447;92/2021;2021_92_133;muuttaminen;1
1447;92/2021;2021_92_133;koronapandemia;2
1447;92/2021;2021_92_133;rajoitustoimi;1
1447;92/2021;2021_92_133;purkaminen;1
1447;92/2021;2021_92_133;moni;1
1447;92/2021;2021_92_133;kohta;1
1447;92/2021;2021_92_133;yhteinen;1
1447;92/2021;2021_92_133;suu;1
1447;92/2021;2021_92_133;todeta;1
1447;92/2021;2021_92_133;lainsäädäntö;2
1447;92/2021;2021_92_133;osata;2
1447;92/2021;2021_92_133;varautua;1
1447;92/2021;2021_92_133;tämäntyyppinen;1
1447;92/2021;2021_92_133;pandemia;1
1447;92/2021;2021_92_133;edustaja;1
1447;92/2021;2021_92_133;essayah;1
1447;92/2021;2021_92_133;äsken;1
1447;92/2021;2021_92_133;mainita;1
1447;92/2021;2021_92_133;tärkeä;1
1447;92/2021;2021_92_133;jälkikäteen;1
1447;92/2021;2021_92_133;arvioida;2
1447;92/2021;2021_92_133;tarve;1
1447;92/2021;2021_92_133;joka;1
1447;92/2021;2021_92_133;tarvita;2
1447;92/2021;2021_92_133;täyttää;1
1447;92/2021;2021_92_133;helppo;1
1447;92/2021;2021_92_133;yhtyä;1
1447;92/2021;2021_92_133;apulaisoikeusasiamies;1
1447;92/2021;2021_92_133;ajatus;2
1447;92/2021;2021_92_133;korona;1
1447;92/2021;2021_92_133;haastaa;1
1447;92/2021;2021_92_133;perusoikeusjärjestelmä;1
1447;92/2021;2021_92_133;ennennäkemätön;1
1447;92/2021;2021_92_133;tapa;1
1447;92/2021;2021_92_133;tuleva;1
1447;92/2021;2021_92_133;vara;1
1447;92/2021;2021_92_133;aika;1
1447;92/2021;2021_92_133;toteuttaa;1
1447;92/2021;2021_92_133;rajoitus;1
1447;92/2021;2021_92_133;välttämätön;1
1447;92/2021;2021_92_133;suhteellisuusperiaate;1
1447;92/2021;2021_92_133;mukainen;2
1447;92/2021;2021_92_133;muutos;1
1447;92/2021;2021_92_133;viranomainen;1
1447;92/2021;2021_92_133;toiminta;1
1447;92/2021;2021_92_133;selkeytyä;1
1447;92/2021;2021_92_133;rooli;1
1447;92/2021;2021_92_133;selkeä;1
1447;92/2021;2021_92_133;varmistaa;1
1447;92/2021;2021_92_133;talo;1
1447;92/2021;2021_92_133;nopea;1
1447;92/2021;2021_92_133;reagointikyky;1
1447;92/2021;2021_92_133;erilainen;1
1447;92/2021;2021_92_133;tilanne;1
1447;92/2021;2021_92_133;tuoda;1
1447;92/2021;2021_92_133;mielenkiintoinen;1
1447;92/2021;2021_92_150;kiitos;2
1447;92/2021;2021_92_150;arvoisa;1
1447;92/2021;2021_92_150;puhemies;1
1447;92/2021;2021_92_150;tämä;6
1447;92/2021;2021_92_150;kela;9
1447;92/2021;2021_92_150;valtuutettu;1
1447;92/2021;2021_92_150;toimintakertomus;2
1447;92/2021;2021_92_150;olla;14
1447;92/2021;2021_92_150;kyllä;1
1447;92/2021;2021_92_150;todella;1
1447;92/2021;2021_92_150;tuhti;1
1447;92/2021;2021_92_150;tietopaketti;1
1447;92/2021;2021_92_150;toiminta;3
1447;92/2021;2021_92_150;kokonaisuus;1
1447;92/2021;2021_92_150;sieltä;2
1447;92/2021;2021_92_150;voida;5
1447;92/2021;2021_92_150;helposti;1
1447;92/2021;2021_92_150;löytää;2
1447;92/2021;2021_92_150;tieto;1
1447;92/2021;2021_92_150;muun;1
1447;92/2021;2021_92_150;muassa;1
1447;92/2021;2021_92_150;korona;1
1447;92/2021;2021_92_150;aiheuttaa;1
1447;92/2021;2021_92_150;vaikutus;1
1447;92/2021;2021_92_150;etuus;1
1447;92/2021;2021_92_150;kasvaa;1
1447;92/2021;2021_92_150;työmäärä;1
1447;92/2021;2021_92_150;ja;5
1447;92/2021;2021_92_150;hyvä;2
1447;92/2021;2021_92_150;tunnusluku;1
1447;92/2021;2021_92_150;koko;1
1447;92/2021;2021_92_150;ehkä;1
1447;92/2021;2021_92_150;se;5
1447;92/2021;2021_92_150;käyttää;2
1447;92/2021;2021_92_150;tällainen;1
1447;92/2021;2021_92_150;suunnannäyttäjä;1
1447;92/2021;2021_92_150;enemmän;1
1447;92/2021;2021_92_150;kuin;1
1447;92/2021;2021_92_150;osata;1
1447;92/2021;2021_92_150;niin;3
1447;92/2021;2021_92_150;täällä;2
1447;92/2021;2021_92_150;edustaja;1
1447;92/2021;2021_92_150;sarkomaa;1
1447;92/2021;2021_92_150;sanoa;1
1447;92/2021;2021_92_150;vähän;1
1447;92/2021;2021_92_150;suunta;1
1447;92/2021;2021_92_150;että;5
1447;92/2021;2021_92_150;syy;1
1447;92/2021;2021_92_150;saada;2
1447;92/2021;2021_92_150;ansaita;1
1447;92/2021;2021_92_150;arvo;1
1447;92/2021;2021_92_150;minä;2
1447;92/2021;2021_92_150;työ;1
1447;92/2021;2021_92_150;kiinnittää;1
1447;92/2021;2021_92_150;kuitenkin;1
1447;92/2021;2021_92_150;huomio;1
1447;92/2021;2021_92_150;kuinka;2
1447;92/2021;2021_92_150;ottaa;1
1447;92/2021;2021_92_150;it-toiminta;1
1447;92/2021;2021_92_150;hienosti;1
1447;92/2021;2021_92_150;haltuun;1
1447;92/2021;2021_92_150;puheenvuoro;1
1447;92/2021;2021_92_150;ei;1
1447;92/2021;2021_92_150;yksinkertainen;1
1447;92/2021;2021_92_150;työntekijä;1
1447;92/2021;2021_92_150;siirtyä;1
1447;92/2021;2021_92_150;etätyö;2
1447;92/2021;2021_92_150;mutta;1
1447;92/2021;2021_92_150;jos;2
1447;92/2021;2021_92_150;mennä;1
1447;92/2021;2021_92_150;perusoikeus;1
1447;92/2021;2021_92_150;ajatus;1
1447;92/2021;2021_92_150;eteenpäin;1
1447;92/2021;2021_92_150;huolimatta;1
1447;92/2021;2021_92_150;tietoturvallinen;1
1447;92/2021;2021_92_150;työskentely;1
1447;92/2021;2021_92_150;mahdollistaa;1
1447;92/2021;2021_92_150;kaikki;1
1447;92/2021;2021_92_150;kelalainen;1
1447;92/2021;2021_92_150;valtio;2
1447;92/2021;2021_92_150;muu;1
1447;92/2021;2021_92_150;toimija;2
1447;92/2021;2021_92_150;paljon;2
1447;92/2021;2021_92_150;oppiminen;1
1447;92/2021;2021_92_150;innovatiivinen;1
1447;92/2021;2021_92_150;ictosaaminen;1
1447;92/2021;2021_92_150;ajatusmaailma;1
1447;92/2021;2021_92_150;toimintavarmuus;1
1447;92/2021;2021_92_150;ohjelmisto;1
1447;92/2021;2021_92_150;ketteryys;1
1447;92/2021;2021_92_150;luotettavuus;1
1447;92/2021;2021_92_150;äärimmäinen;1
1447;92/2021;2021_92_150;tärkeä;1
1447;92/2021;2021_92_150;ominaisuus;1
1447;92/2021;2021_92_150;esimerkiksi;1
1447;92/2021;2021_92_150;hyvinvointialue;1
1447;92/2021;2021_92_150;aloittaa;1
1447;92/2021;2021_92_150;potilastietojärjestelmä;1
1447;92/2021;2021_92_150;tulla;1
1447;92/2021;2021_92_150;yhdistää;1
1447;92/2021;2021_92_150;alue;2
1447;92/2021;2021_92_150;uskoa;1
1447;92/2021;2021_92_150;antaa;1
1447;92/2021;2021_92_150;itse;1
1447;92/2021;2021_92_150;ajatella;1
1447;92/2021;2021_92_150;vaikka;1
1447;92/2021;2021_92_150;poliisi;1
1447;92/2021;2021_92_150;seurata;1
1447;92/2021;2021_92_150;aselupajärjestelmä;1
1447;92/2021;2021_92_150;jo;1
1447;92/2021;2021_92_150;vuosikausi;1
1447;92/2021;2021_92_150;yrittää;1
1447;92/2021;2021_92_150;aikaiseksi;1
1447;92/2021;2021_92_150;icta-asia;1
1447;92/2021;2021_92_150;onnistua;1
1447;92/2021;2021_92_150;toivoa;1
1447;92/2021;2021_92_150;yhteistyö;1
1447;92/2021;2021_92_150;eri;1
1447;92/2021;2021_92_150;kanssa;1
1447;92/2021;2021_92_150;asia;1
1447;92/2021;2021_92_150;tehdä;1
1447;92/2021;2021_92_150;erinomainen;1
1447;134/2021;2021_134_211;kiitos;2
1447;134/2021;2021_134_211;arvoisa;2
1447;134/2021;2021_134_211;puhemies;2
1447;134/2021;2021_134_211;aluksi;1
1447;134/2021;2021_134_211;haluta;3
1447;134/2021;2021_134_211;kiittää;1
1447;134/2021;2021_134_211;aloite;3
1447;134/2021;2021_134_211;tekijä;1
1447;134/2021;2021_134_211;keskustelu;3
1447;134/2021;2021_134_211;olla;24
1447;134/2021;2021_134_211;monipuolinen;1
1447;134/2021;2021_134_211;ja;23
1447;134/2021;2021_134_211;rakentava;1
1447;134/2021;2021_134_211;erittäin;1
1447;134/2021;2021_134_211;hyvä;3
1447;134/2021;2021_134_211;että;10
1447;134/2021;2021_134_211;tämä;11
1447;134/2021;2021_134_211;aihe;1
1447;134/2021;2021_134_211;käydä;2
1447;134/2021;2021_134_211;itse;2
1447;134/2021;2021_134_211;pitää;3
1447;134/2021;2021_134_211;kyse;1
1447;134/2021;2021_134_211;kansalaisaloite;2
1447;134/2021;2021_134_211;puheenvuoro;3
1447;134/2021;2021_134_211;lähetekeskustelu;2
1447;134/2021;2021_134_211;melkein;1
1447;134/2021;2021_134_211;tasan;1
1447;134/2021;2021_134_211;kaksi;1
1447;134/2021;2021_134_211;vuosi;1
1447;134/2021;2021_134_211;sitten;2
1447;134/2021;2021_134_211;nostaa;1
1447;134/2021;2021_134_211;se;10
1447;134/2021;2021_134_211;esiin;1
1447;134/2021;2021_134_211;muutama;1
1447;134/2021;2021_134_211;fakta;2
1447;134/2021;2021_134_211;liittyä;2
1447;134/2021;2021_134_211;asia;2
1447;134/2021;2021_134_211;sanoa;1
1447;134/2021;2021_134_211;jo;1
1447;134/2021;2021_134_211;silloin;1
1447;134/2021;2021_134_211;minä;2
1447;134/2021;2021_134_211;huoli;1
1447;134/2021;2021_134_211;maailmanlaajuinen;1
1447;134/2021;2021_134_211;metsäkato;1
1447;134/2021;2021_134_211;metsä;8
1447;134/2021;2021_134_211;tila;1
1447;134/2021;2021_134_211;heikkeneminen;1
1447;134/2021;2021_134_211;erityisesti;1
1447;134/2021;2021_134_211;vain;2
1447;134/2021;2021_134_211;kasvaa;1
1447;134/2021;2021_134_211;sitoa;1
1447;134/2021;2021_134_211;ilmakehä;1
1447;134/2021;2021_134_211;hiilidioksidi;1
1447;134/2021;2021_134_211;hiili;1
1447;134/2021;2021_134_211;kerryttäminen;1
1447;134/2021;2021_134_211;onnistua;1
1447;134/2021;2021_134_211;hoitaa;1
1447;134/2021;2021_134_211;erilainen;1
1447;134/2021;2021_134_211;tapa;3
1447;134/2021;2021_134_211;kasvatus;4
1447;134/2021;2021_134_211;eri;1
1447;134/2021;2021_134_211;paikka;1
1447;134/2021;2021_134_211;painottaa;1
1447;134/2021;2021_134_211;metsätalous;1
1447;134/2021;2021_134_211;monimuotoisuus;1
1447;134/2021;2021_134_211;ihmetys;1
1447;134/2021;2021_134_211;huomata;1
1447;134/2021;2021_134_211;kevät;1
1447;134/2021;2021_134_211;kuinka;1
1447;134/2021;2021_134_211;puhe;4
1447;134/2021;2021_134_211;ottaa;2
1447;134/2021;2021_134_211;ylioppilaskirjoitus;1
1447;134/2021;2021_134_211;äidinkieli;1
1447;134/2021;2021_134_211;koe;1
1447;134/2021;2021_134_211;yksi;1
1447;134/2021;2021_134_211;aineisto;1
1447;134/2021;2021_134_211;ylioppilaslautakunta;2
1447;134/2021;2021_134_211;todeta;2
1447;134/2021;2021_134_211;tuolloin;1
1447;134/2021;2021_134_211;muun;2
1447;134/2021;2021_134_211;muassa;2
1447;134/2021;2021_134_211;seuraava;1
1447;134/2021;2021_134_211;seikka;1
1447;134/2021;2021_134_211;tietysti;1
1447;134/2021;2021_134_211;ei;6
1447;134/2021;2021_134_211;tukea;1
1447;134/2021;2021_134_211;vaan;1
1447;134/2021;2021_134_211;nykyinen;1
1447;134/2021;2021_134_211;metsälaki;1
1447;134/2021;2021_134_211;kohdistaa;1
1447;134/2021;2021_134_211;kuulija;1
1447;134/2021;2021_134_211;joka;4
1447;134/2021;2021_134_211;taloudellinen;1
1447;134/2021;2021_134_211;arvo;2
1447;134/2021;2021_134_211;metsäteollisuus;1
1447;134/2021;2021_134_211;suomi;2
1447;134/2021;2021_134_211;kilpailukyky;1
1447;134/2021;2021_134_211;tärkeä;3
1447;134/2021;2021_134_211;voida;1
1447;134/2021;2021_134_211;enempää;1
1447;134/2021;2021_134_211;korostaa;3
1447;134/2021;2021_134_211;edelleen;4
1447;134/2021;2021_134_211;ylioppilastutkintolautakunta;1
1447;134/2021;2021_134_211;myös;2
1447;134/2021;2021_134_211;kieltää;1
1447;134/2021;2021_134_211;luontoarvo;1
1447;134/2021;2021_134_211;jatkuva;3
1447;134/2021;2021_134_211;hyöty;1
1447;134/2021;2021_134_211;mutta;1
1447;134/2021;2021_134_211;tarkastella;1
1447;134/2021;2021_134_211;avohakku;1
1447;134/2021;2021_134_211;vaihtoehto;1
1447;134/2021;2021_134_211;valinnanmahdollisuus;1
1447;134/2021;2021_134_211;näin;1
1447;134/2021;2021_134_211;yhä;1
1447;134/2021;2021_134_211;päätöksenteko;1
1447;134/2021;2021_134_211;perustua;2
1447;134/2021;2021_134_211;tieto;1
1447;134/2021;2021_134_211;tunne;1
1447;134/2021;2021_134_211;siksi;1
1447;134/2021;2021_134_211;runsaasti;1
1447;134/2021;2021_134_211;järkiperustelu;1
1447;134/2021;2021_134_211;vedota;2
1447;134/2021;2021_134_211;syytseuraus-suhteissuhteisiin;1
1447;134/2021;2021_134_211;faktatieto;1
1447;134/2021;2021_134_211;ala;2
1447;134/2021;2021_134_211;asiantuntija;3
1447;134/2021;2021_134_211;toimija;2
1447;134/2021;2021_134_211;siirtää;1
1447;134/2021;2021_134_211;huomio;2
1447;134/2021;2021_134_211;pois;1
1447;134/2021;2021_134_211;eu;1
1447;134/2021;2021_134_211;kokonaistilanne;1
1447;134/2021;2021_134_211;työ;2
1447;134/2021;2021_134_211;tehdä;3
1447;134/2021;2021_134_211;valiokunta;3
1447;134/2021;2021_134_211;päätös;2
1447;134/2021;2021_134_211;tulla;2
1447;134/2021;2021_134_211;hyväksyä;1
1447;134/2021;2021_134_211;syy;2
1447;134/2021;2021_134_211;perustella;1
1447;134/2021;2021_134_211;tu;1
1447;134/2021;2021_134_211;seuraussuhde;1
1447;134/2021;2021_134_211;kuunnella;1
1447;134/2021;2021_134_211;luottaa;1
1447;134/2021;2021_134_211;nojata;1
1447;134/2021;2021_134_211;he;1
1447;134/2021;2021_134_211;hieno;1
1447;134/2021;2021_134_211;mietintö;1
1447;134/2021;2021_134_211;yksimielinen;1
1447;134/2021;2021_134_211;metsäkeskustelu;1
1447;134/2021;2021_134_211;osa;1
1447;134/2021;2021_134_211;suomalainen;1
1447;134/2021;2021_134_211;yhteiskunnallinen;1
1447;134/2021;2021_134_211;poliitikko;1
1447;134/2021;2021_134_211;rohkeus;1
1447;134/2021;2021_134_211;suuri;1
1447;134/2021;2021_134_211;kuulla;1
1447;134/2021;2021_134_211;kattavasti;1
1447;134/2021;2021_134_211;päätyä;1
1447;134/2021;2021_134_211;esittää;1
1447;134/2021;2021_134_211;osuus;1
1447;134/2021;2021_134_211;valtio;1
1447;134/2021;2021_134_211;lisätä;1
1447;134/2021;2021_134_211;käsitellä;1
1447;134/2021;2021_134_211;aina;1
1447;134/2021;2021_134_211;olosuhde;1
1447;134/2021;2021_134_211;tavoite;1
1447;134/2021;2021_134_211;nähden;1
1447;134/2021;2021_134_211;mahdollinen;1
1447;139/2021;2021_139_18;arvoisa;3
1447;139/2021;2021_139_18;puhemies;3
1447;139/2021;2021_139_18;turvallisuus;6
1447;139/2021;2021_139_18;olla;34
1447;139/2021;2021_139_18;suuri;1
1447;139/2021;2021_139_18;sana;1
1447;139/2021;2021_139_18;maailma;2
1447;139/2021;2021_139_18;monimutkaistua;1
1447;139/2021;2021_139_18;se;16
1447;139/2021;2021_139_18;saada;2
1447;139/2021;2021_139_18;uusi;2
1447;139/2021;2021_139_18;piirre;1
1447;139/2021;2021_139_18;kansalainen;2
1447;139/2021;2021_139_18;luottamus;1
1447;139/2021;2021_139_18;että;10
1447;139/2021;2021_139_18;hän;1
1447;139/2021;2021_139_18;huolehtia;1
1447;139/2021;2021_139_18;tieto;1
1447;139/2021;2021_139_18;häiriötila;2
1447;139/2021;2021_139_18;varautua;1
1447;139/2021;2021_139_18;ja;32
1447;139/2021;2021_139_18;minä;5
1447;139/2021;2021_139_18;toimiva;1
1447;139/2021;2021_139_18;tiivis;1
1447;139/2021;2021_139_18;viranomaisverkosto;1
1447;139/2021;2021_139_18;valmius;1
1447;139/2021;2021_139_18;hoitaa;1
1447;139/2021;2021_139_18;poikkeustila;1
1447;139/2021;2021_139_18;kuulua;1
1447;139/2021;2021_139_18;konkreettinen;1
1447;139/2021;2021_139_18;suunnitelma;1
1447;139/2021;2021_139_18;käytäntö;1
1447;139/2021;2021_139_18;tekeminen;1
1447;139/2021;2021_139_18;kaikki;4
1447;139/2021;2021_139_18;tilanne;6
1447;139/2021;2021_139_18;kansallinen;3
1447;139/2021;2021_139_18;kokonaisturvallisuus;1
1447;139/2021;2021_139_18;turvata;2
1447;139/2021;2021_139_18;tämä;12
1447;139/2021;2021_139_18;asia;9
1447;139/2021;2021_139_18;ei;5
1447;139/2021;2021_139_18;eikä;1
1447;139/2021;2021_139_18;voida;3
1447;139/2021;2021_139_18;pieni;1
1447;139/2021;2021_139_18;epäilys;1
1447;139/2021;2021_139_18;tärkeä;4
1447;139/2021;2021_139_18;varmistaa;1
1447;139/2021;2021_139_18;selvä;1
1447;139/2021;2021_139_18;suomalainen;3
1447;139/2021;2021_139_18;myös;3
1447;139/2021;2021_139_18;toimija;2
1447;139/2021;2021_139_18;raja;3
1447;139/2021;2021_139_18;ulkopuolella;1
1447;139/2021;2021_139_18;jännite;1
1447;139/2021;2021_139_18;lisääntyä;1
1447;139/2021;2021_139_18;turvallisuustilanne;2
1447;139/2021;2021_139_18;viime;1
1447;139/2021;2021_139_18;aika;3
1447;139/2021;2021_139_18;tapahtua;1
1447;139/2021;2021_139_18;muutos;4
1447;139/2021;2021_139_18;samoin;1
1447;139/2021;2021_139_18;suomi;7
1447;139/2021;2021_139_18;turvallisuusympäristö;1
1447;139/2021;2021_139_18;jatkuva;1
1447;139/2021;2021_139_18;nopea;1
1447;139/2021;2021_139_18;kanta;2
1447;139/2021;2021_139_18;keskeinen;1
1447;139/2021;2021_139_18;pystyä;2
1447;139/2021;2021_139_18;viranomainen;2
1447;139/2021;2021_139_18;toimintakyky;2
1447;139/2021;2021_139_18;uhka;3
1447;139/2021;2021_139_18;vastaan;2
1447;139/2021;2021_139_18;edellyttää;2
1447;139/2021;2021_139_18;pitää;5
1447;139/2021;2021_139_18;lainsäädäntö;2
1447;139/2021;2021_139_18;tasalla;1
1447;139/2021;2021_139_18;nykyinen;1
1447;139/2021;2021_139_18;nojalla;1
1447;139/2021;2021_139_18;mahdollisuus;1
1447;139/2021;2021_139_18;puolustaa;2
1447;139/2021;2021_139_18;tarve;2
1447;139/2021;2021_139_18;vaatia;1
1447;139/2021;2021_139_18;laki;1
1447;139/2021;2021_139_18;tarkastella;1
1447;139/2021;2021_139_18;kuitenkin;1
1447;139/2021;2021_139_18;koko;4
1447;139/2021;2021_139_18;tehdä;2
1447;139/2021;2021_139_18;jos;2
1447;139/2021;2021_139_18;ilmetä;1
1447;139/2021;2021_139_18;poliittinen;2
1447;139/2021;2021_139_18;päättäjä;1
1447;139/2021;2021_139_18;nojata;1
1447;139/2021;2021_139_18;vahva;2
1447;139/2021;2021_139_18;oikeusvaltiopohja;1
1447;139/2021;2021_139_18;sekä;1
1447;139/2021;2021_139_18;kyvykkyys;1
1447;139/2021;2021_139_18;tunnistaa;2
1447;139/2021;2021_139_18;torjua;1
1447;139/2021;2021_139_18;tehokkaasti;1
1447;139/2021;2021_139_18;pelinappula;1
1447;139/2021;2021_139_18;rikkoa;1
1447;139/2021;2021_139_18;ulko;5
1447;139/2021;2021_139_18;turvallisuuspolitiikka;4
1447;139/2021;2021_139_18;pitkä;4
1447;139/2021;2021_139_18;perinteinen;1
1447;139/2021;2021_139_18;yhteistyö;4
1447;139/2021;2021_139_18;sopiminen;1
1447;139/2021;2021_139_18;linja;2
1447;139/2021;2021_139_18;valko-venäjä;2
1447;139/2021;2021_139_18;käynti;1
1447;139/2021;2021_139_18;kohde;1
1447;139/2021;2021_139_18;eu;5
1447;139/2021;2021_139_18;toimi;1
1447;139/2021;2021_139_18;suunnata;1
1447;139/2021;2021_139_18;tarkoitus;1
1447;139/2021;2021_139_18;näyttää;1
1447;139/2021;2021_139_18;perusarvo;1
1447;139/2021;2021_139_18;haastaminen;1
1447;139/2021;2021_139_18;epävakaus;1
1447;139/2021;2021_139_18;aiheuttaminen;1
1447;139/2021;2021_139_18;sisällä;1
1447;139/2021;2021_139_18;sosiaalidemokraatti;1
1447;139/2021;2021_139_18;mieli;1
1447;139/2021;2021_139_18;siirtolainen;1
1447;139/2021;2021_139_18;käyttäminen;1
1447;139/2021;2021_139_18;painostustoimi;1
1447;139/2021;2021_139_18;tuomita;1
1447;139/2021;2021_139_18;venäjä;1
1447;139/2021;2021_139_18;maaraja;1
1447;139/2021;2021_139_18;ulkoraja;1
1447;139/2021;2021_139_18;raja-aita;1
1447;139/2021;2021_139_18;rakentaminen;1
1447;139/2021;2021_139_18;maalailu;1
1447;139/2021;2021_139_18;valtava;2
1447;139/2021;2021_139_18;negatiivinen;1
1447;139/2021;2021_139_18;symbolinen;1
1447;139/2021;2021_139_18;merkitys;1
1447;139/2021;2021_139_18;viedä;1
1447;139/2021;2021_139_18;keskustelu;4
1447;139/2021;2021_139_18;paha;1
1447;139/2021;2021_139_18;kerran;1
1447;139/2021;2021_139_18;väärä;2
1447;139/2021;2021_139_18;ura;1
1447;139/2021;2021_139_18;ratkaisu;1
1447;139/2021;2021_139_18;etsiä;1
1447;139/2021;2021_139_18;ennaltaehkäisevästi;1
1447;139/2021;2021_139_18;kansainvälinen;3
1447;139/2021;2021_139_18;muun;1
1447;139/2021;2021_139_18;muassa;1
1447;139/2021;2021_139_18;diplomatia;1
1447;139/2021;2021_139_18;keino;1
1447;139/2021;2021_139_18;yksin;1
1447;139/2021;2021_139_18;ratkaista;1
1447;139/2021;2021_139_18;hybridiuhka;2
1447;139/2021;2021_139_18;yhteiskunta;4
1447;139/2021;2021_139_18;muu;2
1447;139/2021;2021_139_18;varautuminen;1
1447;139/2021;2021_139_18;yhä;1
1447;139/2021;2021_139_18;syvetä;1
1447;139/2021;2021_139_18;kattaa;1
1447;139/2021;2021_139_18;panostaa;1
1447;139/2021;2021_139_18;torjuminen;2
1447;139/2021;2021_139_18;kriisisietokyky;1
1447;139/2021;2021_139_18;kehittäminen;1
1447;139/2021;2021_139_18;lisäksi;1
1447;139/2021;2021_139_18;vahvistaa;1
1447;139/2021;2021_139_18;hybridi;1
1447;139/2021;2021_139_18;kyberuhka;1
1447;139/2021;2021_139_18;liittyä;1
1447;139/2021;2021_139_18;osaaminen;2
1447;139/2021;2021_139_18;jatkuvasti;1
1447;139/2021;2021_139_18;jotta;1
1447;139/2021;2021_139_18;pysyä;1
1447;139/2021;2021_139_18;korkea;1
1447;139/2021;2021_139_18;taso;1
1447;139/2021;2021_139_18;juuri;1
1447;139/2021;2021_139_18;esimerkki;1
1447;139/2021;2021_139_18;toimenpide;1
1447;139/2021;2021_139_18;joka;3
1447;139/2021;2021_139_18;tarvita;2
1447;139/2021;2021_139_18;uskoa;1
1447;139/2021;2021_139_18;puolustuspolitiikka;1
1447;139/2021;2021_139_18;yhdistää;1
1447;139/2021;2021_139_18;rakentava;2
1447;139/2021;2021_139_18;valtio;1
1447;139/2021;2021_139_18;kanssa;1
1447;139/2021;2021_139_18;vakaa;1
1447;139/2021;2021_139_18;ydin;1
1447;139/2021;2021_139_18;kunniakas;1
1447;139/2021;2021_139_18;historia;1
1447;139/2021;2021_139_18;rauha;1
1447;139/2021;2021_139_18;vakaus;2
1447;139/2021;2021_139_18;rakentaja;1
1447;139/2021;2021_139_18;avoin;1
1447;139/2021;2021_139_18;puolustaja;1
1447;139/2021;2021_139_18;työ;1
1447;139/2021;2021_139_18;tulla;1
1447;139/2021;2021_139_18;aktiivisesti;1
1447;139/2021;2021_139_18;jatkaa;1
1447;139/2021;2021_139_18;jokainen;1
1447;139/2021;2021_139_18;rooli;1
1447;139/2021;2021_139_18;kansakunta;1
1447;139/2021;2021_139_18;yhtenäisyys;1
1447;139/2021;2021_139_18;luominen;1
1447;139/2021;2021_139_18;kuinka;2
1447;139/2021;2021_139_18;riski;1
1447;139/2021;2021_139_18;poikkeava;1
1447;139/2021;2021_139_18;minkälainen;1
1447;139/2021;2021_139_18;keskustelukulttuuri;1
1447;139/2021;2021_139_18;vaalia;1
1447;139/2021;2021_139_18;vaikuttaa;1
1447;139/2021;2021_139_18;yhtenäinen;1
1447;139/2021;2021_139_18;yksimielisyys;1
1447;139/2021;2021_139_18;luoda;2
1447;139/2021;2021_139_18;toimia;1
1447;139/2021;2021_139_18;johdonmukaisesti;1
1447;139/2021;2021_139_18;antaa;1
1447;139/2021;2021_139_18;syntyä;1
1447;139/2021;2021_139_18;sellainen;1
1447;139/2021;2021_139_18;sisäinen;1
1447;139/2021;2021_139_18;jakolinja;1
1447;139/2021;2021_139_18;ulkoinen;1
1447;139/2021;2021_139_18;vaikuttamistoimi;1
1447;139/2021;2021_139_18;hyödyntää;1
1447;139/2021;2021_139_18;vielä;1
1447;139/2021;2021_139_18;kaksi;1
1447;139/2021;2021_139_18;viikko;1
1447;139/2021;2021_139_18;sitten;1
1447;139/2021;2021_139_18;näkemys;1
1447;139/2021;2021_139_18;osa;1
1447;139/2021;2021_139_18;hallituskyppositiokysymys;1
1447;139/2021;2021_139_18;vaan;1
1447;139/2021;2021_139_18;kysymys;1
1447;139/2021;2021_139_18;nimenomaan;1
1447;139/2021;2021_139_18;yhteinen;2
1447;139/2021;2021_139_18;välihuuto;3
1447;139/2021;2021_139_18;oikea;4
1447;139/2021;2021_139_18;sosiaalidemokraattinen;1
1447;139/2021;2021_139_18;eduskuntaryhmä;1
1447;139/2021;2021_139_18;surullinen;1
1447;139/2021;2021_139_18;oppositio;2
1447;139/2021;2021_139_18;politisoida;1
1447;139/2021;2021_139_18;aivan;1
1447;139/2021;2021_139_18;ennennäkemätön;1
1447;139/2021;2021_139_18;tapa;1
1447;139/2021;2021_139_18;kyseenalaistaa;1
1447;139/2021;2021_139_18;epätietoisuus;1
1447;139/2021;2021_139_18;kyky;1
1447;139/2021;2021_139_18;tehtävä;1
1447;139/2021;2021_139_18;haastaa;1
1447;139/2021;2021_139_18;hallitus;3
1447;139/2021;2021_139_18;mutta;1
1447;139/2021;2021_139_18;nyt;1
1447;139/2021;2021_139_18;valita;1
1447;139/2021;2021_139_18;kaataminen;1
1447;139/2021;2021_139_18;väline;1
1447;139/2021;2021_139_18;jussi;1
1447;139/2021;2021_139_18;halla-aho;1
1447;139/2021;2021_139_18;mikä;1
1447;139/2021;2021_139_18;ben;1
1447;139/2021;2021_139_18;zyskowicz;1
1447;139/2021;2021_139_18;välikysymys;1
1447;139/2021;2021_139_18;ilmoittaa;1
1447;139/2021;2021_139_18;ryhtyä;1
1447;139/2021;2021_139_18;tarkistava;1
1447;139/2021;2021_139_18;lainvalmistelutoimi;1
1447;139/2021;2021_139_18;jukka;1
1447;139/2021;2021_139_18;gustafsson;1
1447;139/2021;2021_139_18;taitaa;1
1447;139/2021;2021_139_18;tasavalta;1
1447;139/2021;2021_139_18;presidentti;1
1447;139/2021;2021_139_18;operaatio;1
1447;152/2021;2021_152_101;arvoisa;2
1447;152/2021;2021_152_101;puhemies;2
1447;152/2021;2021_152_101;turvallisuus;3
1447;152/2021;2021_152_101;tai;3
1447;152/2021;2021_152_101;turvattomuus;1
1447;152/2021;2021_152_101;kokemus;1
1447;152/2021;2021_152_101;olla;9
1447;152/2021;2021_152_101;minä;1
1447;152/2021;2021_152_101;kaikki;3
1447;152/2021;2021_152_101;yksilöllinen;1
1447;152/2021;2021_152_101;se;2
1447;152/2021;2021_152_101;muodostua;1
1447;152/2021;2021_152_101;muun;1
1447;152/2021;2021_152_101;muassa;1
1447;152/2021;2021_152_101;ihmissuhde;1
1447;152/2021;2021_152_101;jokapäiväinen;1
1447;152/2021;2021_152_101;toimeentulo;1
1447;152/2021;2021_152_101;valtasuhde;1
1447;152/2021;2021_152_101;syrjäytyminen;1
1447;152/2021;2021_152_101;ja;10
1447;152/2021;2021_152_101;ympärillä;1
1447;152/2021;2021_152_101;tapahtua;1
1447;152/2021;2021_152_101;väkivallanteko;1
1447;152/2021;2021_152_101;tapaturma;1
1447;152/2021;2021_152_101;maa;2
1447;152/2021;2021_152_101;sisäinen;1
1447;152/2021;2021_152_101;rakentua;1
1447;152/2021;2021_152_101;tämä;5
1447;152/2021;2021_152_101;asia;1
1447;152/2021;2021_152_101;juurisyy;1
1447;152/2021;2021_152_101;puuttuminen;1
1447;152/2021;2021_152_101;ennaltaehkäisy;1
1447;152/2021;2021_152_101;sekä;1
1447;152/2021;2021_152_101;kuinka;1
1447;152/2021;2021_152_101;viranomaistoiminta;1
1447;152/2021;2021_152_101;pystyä;1
1447;152/2021;2021_152_101;vastata;1
1447;152/2021;2021_152_101;hallitus;1
1447;152/2021;2021_152_101;tavoite;1
1447;152/2021;2021_152_101;poliisi;7
1447;152/2021;2021_152_101;resurssi;2
1447;152/2021;2021_152_101;varmistaminen;1
1447;152/2021;2021_152_101;niukkuus;1
1447;152/2021;2021_152_101;poukkoilevuus;1
1447;152/2021;2021_152_101;varjostaa;1
1447;152/2021;2021_152_101;työ;2
1447;152/2021;2021_152_101;jo;1
1447;152/2021;2021_152_101;pitkään;1
1447;152/2021;2021_152_101;määräraha;3
1447;152/2021;2021_152_101;kuitenkin;1
1447;152/2021;2021_152_101;nostaa;1
1447;152/2021;2021_152_101;vuosi;3
1447;152/2021;2021_152_101;lähtien;1
1447;152/2021;2021_152_101;yli;1
1447;152/2021;2021_152_101;miljoona;1
1447;152/2021;2021_152_101;euro;1
1447;152/2021;2021_152_101;suuri;1
1447;152/2021;2021_152_101;kuin;1
1447;152/2021;2021_152_101;koskaan;1
1447;152/2021;2021_152_101;aiemmin;1
1447;152/2021;2021_152_101;määrä;1
1447;152/2021;2021_152_101;lisääminen;1
1447;152/2021;2021_152_101;oma;1
1447;152/2021;2021_152_101;osa;1
1447;152/2021;2021_152_101;kysymys;1
1447;152/2021;2021_152_101;kansalainen;2
1447;152/2021;2021_152_101;luottamus;2
1447;152/2021;2021_152_101;säilyttäminen;1
1447;152/2021;2021_152_101;viranomainen;2
1447;152/2021;2021_152_101;mutta;1
1447;152/2021;2021_152_101;lisäys;1
1447;152/2021;2021_152_101;ei;2
1447;152/2021;2021_152_101;saada;1
1447;152/2021;2021_152_101;kulua;2
1447;152/2021;2021_152_101;pelkkä;1
1447;152/2021;2021_152_101;toimitila;1
1447;152/2021;2021_152_101;vuokra;1
1447;152/2021;2021_152_101;icthankinta;1
1447;152/2021;2021_152_101;mitä;2
1447;152/2021;2021_152_101;vähemmän;2
1447;152/2021;2021_152_101;rikos;1
1447;152/2021;2021_152_101;selvittää;1
1447;152/2021;2021_152_101;näkyä;1
1447;152/2021;2021_152_101;katukuva;1
1447;152/2021;2021_152_101;ympäri;1
1447;152/2021;2021_152_101;sitä;1
1447;152/2021;2021_152_101;enemmän;1
1447;152/2021;2021_152_101;rapautua;1
1447;152/2021;2021_152_101;ottaa;1
1447;152/2021;2021_152_101;omankädenoikeus;1
1447;152/2021;2021_152_101;käyttö;1
1447;152/2021;2021_152_101;moni;1
1447;152/2021;2021_152_101;tapa;1
1447;152/2021;2021_152_101;erikoinen;1
1447;152/2021;2021_152_101;raskas;1
1447;152/2021;2021_152_101;haluta;1
1447;152/2021;2021_152_101;kiittää;1
1447;152/2021;2021_152_101;ylläpito;1
1447;152/2021;2021_152_101;huolehtia;1
1447;152/2021;2021_152_101;muu;1
1447;152/2021;2021_152_101;tehdä;1
1447;152/2021;2021_152_101;tärkeä;1
1447;152/2021;2021_152_101;yhteiskunta;1
1447;152/2021;2021_152_101;tarvita;1
1447;152/2021;2021_152_101;erityisesti;1
1447;152/2021;2021_152_101;aika;1
1447;152/2021;2021_152_101;yhteistyö;1
1447;152/2021;2021_152_101;sektori;1
1447;152/2021;2021_152_101;kahtia;1
1447;152/2021;2021_152_101;jakaminen;1
1447;152/2021;2021_152_101;vihapuhe;1
1447;6/2022;2022_6_68;kiitos;1
1447;6/2022;2022_6_68;arvoisa;1
1447;6/2022;2022_6_68;puhemies;1
1447;6/2022;2022_6_68;tiedustelutoiminta;1
1447;6/2022;2022_6_68;olla;15
1447;6/2022;2022_6_68;tärkeä;1
1447;6/2022;2022_6_68;osa;1
1447;6/2022;2022_6_68;laaja;2
1447;6/2022;2022_6_68;kansallinen;2
1447;6/2022;2022_6_68;turvallisuus;2
1447;6/2022;2022_6_68;kehittäminen;1
1447;6/2022;2022_6_68;kokonaisuus;3
1447;6/2022;2022_6_68;joka;5
1447;6/2022;2022_6_68;pyrkiä;1
1447;6/2022;2022_6_68;ennakoida;1
1447;6/2022;2022_6_68;toimintaympäristö;1
1447;6/2022;2022_6_68;muutos;1
1447;6/2022;2022_6_68;ja;14
1447;6/2022;2022_6_68;torjua;1
1447;6/2022;2022_6_68;uhka;2
1447;6/2022;2022_6_68;ennakoivasti;1
1447;6/2022;2022_6_68;täällä;1
1447;6/2022;2022_6_68;tänään;1
1447;6/2022;2022_6_68;puhua;1
1447;6/2022;2022_6_68;paljon;1
1447;6/2022;2022_6_68;se;6
1447;6/2022;2022_6_68;että;2
1447;6/2022;2022_6_68;tarve;1
1447;6/2022;2022_6_68;arvioida;1
1447;6/2022;2022_6_68;tämä;10
1447;6/2022;2022_6_68;vain;1
1447;6/2022;2022_6_68;vähän;1
1447;6/2022;2022_6_68;aika;2
1447;6/2022;2022_6_68;voimassa;2
1447;6/2022;2022_6_68;laki;3
1447;6/2022;2022_6_68;vaikutus;1
1447;6/2022;2022_6_68;vielä;1
1447;6/2022;2022_6_68;jälkeen;1
1447;6/2022;2022_6_68;kyllä;1
1447;6/2022;2022_6_68;täysin;1
1447;6/2022;2022_6_68;sama;1
1447;6/2022;2022_6_68;mieli;2
1447;6/2022;2022_6_68;mutta;4
1447;6/2022;2022_6_68;samalla;1
1447;6/2022;2022_6_68;minä;3
1447;6/2022;2022_6_68;tarkastella;1
1447;6/2022;2022_6_68;moni;3
1447;6/2022;2022_6_68;muu;3
1447;6/2022;2022_6_68;rikollisuus;1
1447;6/2022;2022_6_68;torjunta;1
1447;6/2022;2022_6_68;liittyä;1
1447;6/2022;2022_6_68;jo;1
1447;6/2022;2022_6_68;kauemmin;1
1447;6/2022;2022_6_68;tiedustelutieto;1
1447;6/2022;2022_6_68;merkitys;3
1447;6/2022;2022_6_68;kasvaa;1
1447;6/2022;2022_6_68;verkottunut;1
1447;6/2022;2022_6_68;maailma;1
1447;6/2022;2022_6_68;yhä;1
1447;6/2022;2022_6_68;enemmän;1
1447;6/2022;2022_6_68;teknologistua;1
1447;6/2022;2022_6_68;laaja-alaistua;1
1447;6/2022;2022_6_68;ottaa;1
1447;6/2022;2022_6_68;käyttö;2
1447;6/2022;2022_6_68;sellainen;1
1447;6/2022;2022_6_68;toimintamuoto;1
1447;6/2022;2022_6_68;ei;1
1447;6/2022;2022_6_68;välttämättä;1
1447;6/2022;2022_6_68;mieltää;1
1447;6/2022;2022_6_68;vaara;1
1447;6/2022;2022_6_68;perinteinen;1
1447;6/2022;2022_6_68;edustaja;2
1447;6/2022;2022_6_68;wallinheimo;1
1447;6/2022;2022_6_68;viitata;2
1447;6/2022;2022_6_68;edellinen;1
1447;6/2022;2022_6_68;puheenvuoro;1
1447;6/2022;2022_6_68;tekoäly;1
1447;6/2022;2022_6_68;teknologia;2
1447;6/2022;2022_6_68;nopea;1
1447;6/2022;2022_6_68;kehittyminen;1
1447;6/2022;2022_6_68;mukana;2
1447;6/2022;2022_6_68;pysyminen;1
1447;6/2022;2022_6_68;vaatia;1
1447;6/2022;2022_6_68;myös;5
1447;6/2022;2022_6_68;jatko;1
1447;6/2022;2022_6_68;resurssi;1
1447;6/2022;2022_6_68;uusi;1
1447;6/2022;2022_6_68;innovaatio;1
1447;6/2022;2022_6_68;ennen;1
1447;6/2022;2022_6_68;kaikki;2
1447;6/2022;2022_6_68;pysymä;1
1447;6/2022;2022_6_68;tai;1
1447;6/2022;2022_6_68;mieluummin;1
1447;6/2022;2022_6_68;etunenä;2
1447;6/2022;2022_6_68;oleminen;1
1447;6/2022;2022_6_68;kari;1
1447;6/2022;2022_6_68;puhe;1
1447;6/2022;2022_6_68;sivistys;2
1447;6/2022;2022_6_68;ennaltaehkäisy;1
1447;6/2022;2022_6_68;esimerkiksi;2
1447;6/2022;2022_6_68;hybridivaikuttamistilanne;1
1447;6/2022;2022_6_68;kautta;1
1447;6/2022;2022_6_68;voida;1
1447;6/2022;2022_6_68;sanoa;1
1447;6/2022;2022_6_68;toimivaltuus;1
1447;6/2022;2022_6_68;käyttäminen;1
1447;6/2022;2022_6_68;suojelupoliisi;1
1447;6/2022;2022_6_68;sotilastiedustelu;1
1447;6/2022;2022_6_68;toiminta;1
1447;6/2022;2022_6_68;lähtökohtaisesti;1
1447;6/2022;2022_6_68;tehostua;1
1447;6/2022;2022_6_68;onnistua;1
1447;6/2022;2022_6_68;tehostama;1
1447;6/2022;2022_6_68;kaivata;1
1447;6/2022;2022_6_68;rikos;5
1447;6/2022;2022_6_68;selvittäminen;3
1447;6/2022;2022_6_68;biometrinen;1
1447;6/2022;2022_6_68;tunniste;1
1447;6/2022;2022_6_68;tuntua;1
1447;6/2022;2022_6_68;joskus;1
1447;6/2022;2022_6_68;unohtua;1
1447;6/2022;2022_6_68;uhri;2
1447;6/2022;2022_6_68;oikeus;2
1447;6/2022;2022_6_68;suhde;1
1447;6/2022;2022_6_68;yksilönsuoja;1
1447;6/2022;2022_6_68;keino;1
1447;6/2022;2022_6_68;oma;1
1447;6/2022;2022_6_68;toimi;1
1447;6/2022;2022_6_68;estää;1
1447;6/2022;2022_6_68;helpottaa;1
1447;6/2022;2022_6_68;nykyisin;1
1447;6/2022;2022_6_68;tietosuoja;1
1447;6/2022;2022_6_68;jokin;1
1447;6/2022;2022_6_68;kohta;1
1447;6/2022;2022_6_68;liian;1
1447;6/2022;2022_6_68;suuri;1
1447;6/2022;2022_6_68;unohtaa;1
1447;9/2022;2022_9_24;arvoisa;1
1447;9/2022;2022_9_24;puhemies;1
1447;9/2022;2022_9_24;sote-laki;1
1447;9/2022;2022_9_24;muuttaminen;1
1447;9/2022;2022_9_24;ja;11
1447;9/2022;2022_9_24;tukipalvelu;1
1447;9/2022;2022_9_24;siirtyminen;1
1447;9/2022;2022_9_24;siirtymäaika;3
1447;9/2022;2022_9_24;olla;21
1447;9/2022;2022_9_24;aiheuttaa;1
1447;9/2022;2022_9_24;kunta;2
1447;9/2022;2022_9_24;kyllä;1
1447;9/2022;2022_9_24;todella;1
1447;9/2022;2022_9_24;paljon;1
1447;9/2022;2022_9_24;haaste;3
1447;9/2022;2022_9_24;hieman;2
1447;9/2022;2022_9_24;epätietoisuus;1
1447;9/2022;2022_9_24;aikataulullisesti;1
1447;9/2022;2022_9_24;toteuttaa;2
1447;9/2022;2022_9_24;tämä;18
1447;9/2022;2022_9_24;järkevästi;3
1447;9/2022;2022_9_24;se;9
1447;9/2022;2022_9_24;vuoksi;1
1447;9/2022;2022_9_24;erittäin;2
1447;9/2022;2022_9_24;hyvä;3
1447;9/2022;2022_9_24;asia;2
1447;9/2022;2022_9_24;että;16
1447;9/2022;2022_9_24;nyt;4
1447;9/2022;2022_9_24;tulla;2
1447;9/2022;2022_9_24;alue;3
1447;9/2022;2022_9_24;kuunnella;1
1447;9/2022;2022_9_24;antaa;1
1447;9/2022;2022_9_24;myös;4
1447;9/2022;2022_9_24;aika;2
1447;9/2022;2022_9_24;hyvinvointialue;2
1447;9/2022;2022_9_24;pohtia;1
1447;9/2022;2022_9_24;kaikki;2
1447;9/2022;2022_9_24;järkevä;1
1447;9/2022;2022_9_24;ratkaisu;1
1447;9/2022;2022_9_24;tuottaa;1
1447;9/2022;2022_9_24;palvelu;1
1447;9/2022;2022_9_24;pitkä;1
1447;9/2022;2022_9_24;aikaväli;1
1447;9/2022;2022_9_24;sote-henkilöstö;1
1447;9/2022;2022_9_24;saatavuus;2
1447;9/2022;2022_9_24;ongelma;1
1447;9/2022;2022_9_24;puhua;1
1447;9/2022;2022_9_24;mutta;4
1447;9/2022;2022_9_24;vaikutus;1
1447;9/2022;2022_9_24;minä;1
1447;9/2022;2022_9_24;merkittävä;1
1447;9/2022;2022_9_24;ruokapalvelutyöntekijä;1
1447;9/2022;2022_9_24;puhtauspalvelutyöntekijä;1
1447;9/2022;2022_9_24;välinehuolto;1
1447;9/2022;2022_9_24;työntekijä;2
1447;9/2022;2022_9_24;uskoa;1
1447;9/2022;2022_9_24;merkitys;1
1447;9/2022;2022_9_24;puoli;1
1447;9/2022;2022_9_24;voida;3
1447;9/2022;2022_9_24;huokaista;1
1447;9/2022;2022_9_24;helpotus;1
1447;9/2022;2022_9_24;hän;1
1447;9/2022;2022_9_24;asema;1
1447;9/2022;2022_9_24;kokonaisuus;1
1447;9/2022;2022_9_24;katsoa;1
1447;9/2022;2022_9_24;varmasti;1
1447;9/2022;2022_9_24;kaikkein;1
1447;9/2022;2022_9_24;toivoa;3
1447;9/2022;2022_9_24;myöntää;1
1447;9/2022;2022_9_24;siirtymä;2
1447;9/2022;2022_9_24;auttaa;1
1447;9/2022;2022_9_24;siis;1
1447;9/2022;2022_9_24;mahdollinen;1
1447;9/2022;2022_9_24;pitkäaikainen;1
1447;9/2022;2022_9_24;malli;1
1447;9/2022;2022_9_24;järjestäminen;1
1447;9/2022;2022_9_24;edustaja;4
1447;9/2022;2022_9_24;heinonen;1
1447;9/2022;2022_9_24;täältä;1
1447;9/2022;2022_9_24;harmillisesti;1
1447;9/2022;2022_9_24;jo;1
1447;9/2022;2022_9_24;keretä;1
1447;9/2022;2022_9_24;poistua;1
1447;9/2022;2022_9_24;ottaa;1
1447;9/2022;2022_9_24;vähän;1
1447;9/2022;2022_9_24;kanta;1
1447;9/2022;2022_9_24;sote-uudistus;3
1447;9/2022;2022_9_24;teknisluonteinen;1
1447;9/2022;2022_9_24;muutos;2
1447;9/2022;2022_9_24;ehkä;2
1447;9/2022;2022_9_24;todeta;1
1447;9/2022;2022_9_24;niin;1
1447;9/2022;2022_9_24;ideologia;1
1447;9/2022;2022_9_24;ei;1
1447;9/2022;2022_9_24;muuttua;1
1447;9/2022;2022_9_24;vaan;1
1447;9/2022;2022_9_24;tehdä;3
1447;9/2022;2022_9_24;nimenomaan;1
1447;9/2022;2022_9_24;tarpeellinen;1
1447;9/2022;2022_9_24;selvä;1
1447;9/2022;2022_9_24;tarve;1
1447;9/2022;2022_9_24;berg;1
1447;9/2022;2022_9_24;kuvailla;1
1447;9/2022;2022_9_24;kirjahylly;1
1447;9/2022;2022_9_24;pystyttäminen;1
1447;9/2022;2022_9_24;itse;2
1447;9/2022;2022_9_24;käyttää;1
1447;9/2022;2022_9_24;kielikuva;1
1447;9/2022;2022_9_24;sipuli;1
1447;9/2022;2022_9_24;kuori;1
1447;9/2022;2022_9_24;saada;2
1447;9/2022;2022_9_24;jotenkin;1
1447;9/2022;2022_9_24;tuntua;1
1447;9/2022;2022_9_24;kokoomus;3
1447;9/2022;2022_9_24;vielä;2
1447;9/2022;2022_9_24;kirvellä;1
1447;9/2022;2022_9_24;ruveta;2
1447;9/2022;2022_9_24;sisus;1
1447;9/2022;2022_9_24;rivi;1
1447;9/2022;2022_9_24;suora;1
1447;9/2022;2022_9_24;jäädä;1
1447;9/2022;2022_9_24;sellainen;1
1447;9/2022;2022_9_24;kuva;1
1447;9/2022;2022_9_24;puheenjohtaja;1
1447;9/2022;2022_9_24;orpo;1
1447;9/2022;2022_9_24;kuitenkin;1
1447;9/2022;2022_9_24;alun;1
1447;9/2022;2022_9_24;perin;1
1447;9/2022;2022_9_24;vaali;1
1447;9/2022;2022_9_24;hyvin;1
1447;9/2022;2022_9_24;näkökulma;1
1447;9/2022;2022_9_24;haluta;1
1447;9/2022;2022_9_24;uudistus;1
1447;9/2022;2022_9_24;viedä;1
1447;9/2022;2022_9_24;aidosti;1
1447;9/2022;2022_9_24;eteenpäin;1
1447;9/2022;2022_9_24;näkyä;1
1447;9/2022;2022_9_24;siellä;1
1447;9/2022;2022_9_24;oikeastaan;1
1447;9/2022;2022_9_24;kysymys;1
1447;9/2022;2022_9_24;sitten;1
1447;9/2022;2022_9_24;kyllönen;1
1447;9/2022;2022_9_24;mainita;1
1447;9/2022;2022_9_24;eu-lainsäädäntö;2
1447;9/2022;2022_9_24;saattaa;1
1447;9/2022;2022_9_24;jokin;1
1447;9/2022;2022_9_24;tapaus;1
1447;9/2022;2022_9_24;eteen;1
1447;9/2022;2022_9_24;puitteissa;1
1447;9/2022;2022_9_24;mikään;1
1447;9/2022;2022_9_24;käsitys;1
1447;9/2022;2022_9_24;kuinka;1
1447;9/2022;2022_9_24;moni;1
1447;9/2022;2022_9_24;estää;1
1447;9/2022;2022_9_24;kiitos;1
1447;9/2022;2022_9_50;kiitos;1
1447;9/2022;2022_9_50;arvoisa;1
1447;9/2022;2022_9_50;puhemies;1
1447;9/2022;2022_9_50;määrätietoinen;1
1447;9/2022;2022_9_50;koulukiusaaminen;1
1447;9/2022;2022_9_50;ja;12
1447;9/2022;2022_9_50;väkivalta;1
1447;9/2022;2022_9_50;kitkeminen;1
1447;9/2022;2022_9_50;olla;10
1447;9/2022;2022_9_50;äärimmäinen;1
1447;9/2022;2022_9_50;tärkeä;2
1447;9/2022;2022_9_50;koulu;6
1447;9/2022;2022_9_50;pitää;1
1447;9/2022;2022_9_50;pystyä;1
1447;9/2022;2022_9_50;tehdä;1
1447;9/2022;2022_9_50;kiusaamisvapaa;1
1447;9/2022;2022_9_50;yhteisö;1
1447;9/2022;2022_9_50;koulurauha;2
1447;9/2022;2022_9_50;jokainen;1
1447;9/2022;2022_9_50;oppilas;1
1447;9/2022;2022_9_50;opettaja;1
1447;9/2022;2022_9_50;oikeus;1
1447;9/2022;2022_9_50;vastuu;3
1447;9/2022;2022_9_50;turvallinen;1
1447;9/2022;2022_9_50;oppiminen;1
1447;9/2022;2022_9_50;koko;1
1447;9/2022;2022_9_50;kouluyhteisö;1
1447;9/2022;2022_9_50;mutta;1
1447;9/2022;2022_9_50;myös;3
1447;9/2022;2022_9_50;perhe;2
1447;9/2022;2022_9_50;asennekasvatus;1
1447;9/2022;2022_9_50;myötä;1
1447;9/2022;2022_9_50;tapahtua;1
1447;9/2022;2022_9_50;kiusaaminen;2
1447;9/2022;2022_9_50;se;3
1447;9/2022;2022_9_50;puuttuminen;2
1447;9/2022;2022_9_50;kuitenkin;1
1447;9/2022;2022_9_50;ennen;1
1447;9/2022;2022_9_50;kaikkea;1
1447;9/2022;2022_9_50;oppilaitos;2
1447;9/2022;2022_9_50;henkilökunta;1
1447;9/2022;2022_9_50;riittävä;1
1447;9/2022;2022_9_50;työkalu;1
1447;9/2022;2022_9_50;tämä;2
1447;9/2022;2022_9_50;laki;1
1447;9/2022;2022_9_50;haluta;1
1447;9/2022;2022_9_50;lisätä;1
1447;9/2022;2022_9_50;yksi;1
1447;9/2022;2022_9_50;vaihtoehto;2
1447;9/2022;2022_9_50;tarvita;2
1447;9/2022;2022_9_50;vastainen;1
1447;9/2022;2022_9_50;työ;1
1447;9/2022;2022_9_50;tuki;2
1447;9/2022;2022_9_50;ohjaus;1
1447;9/2022;2022_9_50;palvelu;1
1447;9/2022;2022_9_50;niin;2
1447;9/2022;2022_9_50;kuin;2
1447;9/2022;2022_9_50;täällä;1
1447;9/2022;2022_9_50;jo;1
1447;9/2022;2022_9_50;keskustelu;1
1447;9/2022;2022_9_50;puhua;1
1447;9/2022;2022_9_50;huomioida;1
1447;9/2022;2022_9_50;että;1
1447;9/2022;2022_9_50;ei;2
1447;9/2022;2022_9_50;saada;2
1447;9/2022;2022_9_50;unohtaa;1
1447;9/2022;2022_9_50;kiusaaja;2
1447;9/2022;2022_9_50;hän;1
1447;9/2022;2022_9_50;mahdollinen;1
1447;9/2022;2022_9_50;tuentarve;1
1447;9/2022;2022_9_50;koti;1
1447;9/2022;2022_9_50;jääminen;1
1447;9/2022;2022_9_50;ilman;1
1447;9/2022;2022_9_50;apu;2
1447;9/2022;2022_9_50;poissulkeminen;1
1447;9/2022;2022_9_50;teko;1
1447;9/2022;2022_9_50;yleensä;1
1447;9/2022;2022_9_50;aina;1
1447;9/2022;2022_9_50;jokin;1
1447;9/2022;2022_9_50;syy;1
1447;9/2022;2022_9_50;lapsi;1
1447;9/2022;2022_9_50;huomioiminen;1
1447;52/2022;2022_52_21;kiitos;1
1447;52/2022;2022_52_21;arvoisa;1
1447;52/2022;2022_52_21;puhemies;1
1447;52/2022;2022_52_21;hyvä;2
1447;52/2022;2022_52_21;että;4
1447;52/2022;2022_52_21;tämä;5
1447;52/2022;2022_52_21;esitys;2
1447;52/2022;2022_52_21;nyt;5
1447;52/2022;2022_52_21;vihdoin;1
1447;52/2022;2022_52_21;tänne;1
1447;52/2022;2022_52_21;saada;2
1447;52/2022;2022_52_21;ja;10
1447;52/2022;2022_52_21;tietysti;1
1447;52/2022;2022_52_21;olla;20
1447;52/2022;2022_52_21;ensiarvoinen;1
1447;52/2022;2022_52_21;tärkeä;4
1447;52/2022;2022_52_21;turvata;1
1447;52/2022;2022_52_21;hyvinvointialue;2
1447;52/2022;2022_52_21;rahoitus;5
1447;52/2022;2022_52_21;varmistaa;1
1447;52/2022;2022_52_21;uudistus;1
1447;52/2022;2022_52_21;onnistuminen;1
1447;52/2022;2022_52_21;edellytys;1
1447;52/2022;2022_52_21;myös;3
1447;52/2022;2022_52_21;todella;1
1447;52/2022;2022_52_21;alue;1
1447;52/2022;2022_52_21;valmistelu;1
1447;52/2022;2022_52_21;rahoitustilanne;1
1447;52/2022;2022_52_21;seurata;2
1447;52/2022;2022_52_21;tarkasti;1
1447;52/2022;2022_52_21;mutta;1
1447;52/2022;2022_52_21;myöhemmin;1
1447;52/2022;2022_52_21;lakiesitys;1
1447;52/2022;2022_52_21;palaute;1
1447;52/2022;2022_52_21;peruste;1
1447;52/2022;2022_52_21;yliopistosairaala;3
1447;52/2022;2022_52_21;lisä;1
1447;52/2022;2022_52_21;jättää;1
1447;52/2022;2022_52_21;pois;1
1447;52/2022;2022_52_21;mikä;3
1447;52/2022;2022_52_21;kyllä;1
1447;52/2022;2022_52_21;erinomainen;1
1447;52/2022;2022_52_21;valinta;1
1447;52/2022;2022_52_21;niin;2
1447;52/2022;2022_52_21;kuin;2
1447;52/2022;2022_52_21;täällä;1
1447;52/2022;2022_52_21;moni;2
1447;52/2022;2022_52_21;jo;1
1447;52/2022;2022_52_21;kertoa;1
1447;52/2022;2022_52_21;lausuntoaika;1
1447;52/2022;2022_52_21;aiheellisesti;1
1447;52/2022;2022_52_21;kritisoida;1
1447;52/2022;2022_52_21;hallitus;1
1447;52/2022;2022_52_21;se;5
1447;52/2022;2022_52_21;reagoida;1
1447;52/2022;2022_52_21;kritiikki;1
1447;52/2022;2022_52_21;vaatia;1
1447;52/2022;2022_52_21;nykyinen;1
1447;52/2022;2022_52_21;järjestämislaki;1
1447;52/2022;2022_52_21;mukaan;1
1447;52/2022;2022_52_21;oikeus;1
1447;52/2022;2022_52_21;laskuttaa;1
1447;52/2022;2022_52_21;osittain;1
1447;52/2022;2022_52_21;päällekkäinen;1
1447;52/2022;2022_52_21;ei;3
1447;52/2022;2022_52_21;aina;1
1447;52/2022;2022_52_21;lisätä;1
1447;52/2022;2022_52_21;avoimuus;1
1447;52/2022;2022_52_21;jatko;2
1447;52/2022;2022_52_21;erillinen;2
1447;52/2022;2022_52_21;tutkimus;2
1447;52/2022;2022_52_21;koulutus;1
1447;52/2022;2022_52_21;innovaatiokulu;1
1447;52/2022;2022_52_21;aivan;1
1447;52/2022;2022_52_21;momentti;1
1447;52/2022;2022_52_21;oma;2
1447;52/2022;2022_52_21;maakunta;2
1447;52/2022;2022_52_21;keski-suomi;2
1447;52/2022;2022_52_21;erityinen;1
1447;52/2022;2022_52_21;asema;1
1447;52/2022;2022_52_21;keskussairaala;3
1447;52/2022;2022_52_21;näkyä;1
1447;52/2022;2022_52_21;toimia;1
1447;52/2022;2022_52_21;hyvin;2
1447;52/2022;2022_52_21;laaja;2
1447;52/2022;2022_52_21;repertuaari;1
1447;52/2022;2022_52_21;kehitys;1
1447;52/2022;2022_52_21;tavallinen;1
1447;52/2022;2022_52_21;suuri;1
1447;52/2022;2022_52_21;osuus;1
1447;52/2022;2022_52_21;verrata;1
1447;52/2022;2022_52_21;muu;1
1447;52/2022;2022_52_21;tällainen;1
1447;52/2022;2022_52_21;tehtävä;2
1447;52/2022;2022_52_21;huomioida;1
1447;52/2022;2022_52_21;etenkin;1
1447;52/2022;2022_52_21;kun;1
1447;52/2022;2022_52_21;tieto;1
1447;52/2022;2022_52_21;tahto;1
1447;52/2022;2022_52_21;tehdä;1
1447;52/2022;2022_52_21;entinen;1
1447;52/2022;2022_52_21;syvä;1
1447;52/2022;2022_52_21;yhteistyö;1
1447;52/2022;2022_52_21;kuopio;1
1447;52/2022;2022_52_21;yliopistollinen;1
1447;52/2022;2022_52_21;sairaala;1
1447;52/2022;2022_52_21;kanssa;1
1447;52/2022;2022_52_21;esimerkiksi;1
1447;52/2022;2022_52_21;lääkärikoulutus;1
1447;52/2022;2022_52_21;muutos;1
1447;52/2022;2022_52_21;jälkeen;1
1447;52/2022;2022_52_21;joka;1
1447;52/2022;2022_52_21;tapaus;1
1447;52/2022;2022_52_21;kuinka;1
1447;52/2022;2022_52_21;kunta;1
1447;52/2022;2022_52_21;selvitä;1
1447;52/2022;2022_52_21;jäljelle;1
1447;52/2022;2022_52_21;jäädä;1
1447;52/2022;2022_52_21;lakisääteinen;1
1447;52/2022;2022_52_21;pitää;1
1447;52/2022;2022_52_21;huoli;1
1447;52/2022;2022_52_21;kaikki;1
1447;52/2022;2022_52_21;mahdollisuus;1
1447;52/2022;2022_52_21;kehittää;1
1447;52/2022;2022_52_21;toiminta;1
1447;52/2022;2022_52_21;vain;1
1447;52/2022;2022_52_21;ylläpitää;1
1447;56/2022;2022_56_208;arvoisa;3
1447;56/2022;2022_56_208;puhemies;3
1447;56/2022;2022_56_208;tämä;12
1447;56/2022;2022_56_208;aika;5
1447;56/2022;2022_56_208;päivä;1
1447;56/2022;2022_56_208;voida;7
1447;56/2022;2022_56_208;aloittaa;1
1447;56/2022;2022_56_208;ja;26
1447;56/2022;2022_56_208;sanoa;2
1447;56/2022;2022_56_208;että;13
1447;56/2022;2022_56_208;paljon;2
1447;56/2022;2022_56_208;aihe;1
1447;56/2022;2022_56_208;olla;25
1447;56/2022;2022_56_208;jo;2
1447;56/2022;2022_56_208;keskustella;1
1447;56/2022;2022_56_208;tietysti;1
1447;56/2022;2022_56_208;aivan;1
1447;56/2022;2022_56_208;perustavanlaatuinen;1
1447;56/2022;2022_56_208;asia;4
1447;56/2022;2022_56_208;kun;1
1447;56/2022;2022_56_208;puhua;1
1447;56/2022;2022_56_208;suomi;10
1447;56/2022;2022_56_208;suomalainen;3
1447;56/2022;2022_56_208;turvallisuus;4
1447;56/2022;2022_56_208;turvallisuudentunne;1
1447;56/2022;2022_56_208;pitkäaikainen;1
1447;56/2022;2022_56_208;linja;1
1447;56/2022;2022_56_208;suunta;1
1447;56/2022;2022_56_208;muuttuminen;1
1447;56/2022;2022_56_208;turvallisuuspoliittinen;1
1447;56/2022;2022_56_208;päätös;8
1447;56/2022;2022_56_208;pohjimmiltaan;1
1447;56/2022;2022_56_208;kyse;1
1447;56/2022;2022_56_208;arvo;2
1447;56/2022;2022_56_208;se;14
1447;56/2022;2022_56_208;kuinka;2
1447;56/2022;2022_56_208;pitää;3
1447;56/2022;2022_56_208;kiinni;2
1447;56/2022;2022_56_208;rauha;1
1447;56/2022;2022_56_208;itsenäisyys;1
1447;56/2022;2022_56_208;elää;1
1447;56/2022;2022_56_208;hetki;1
1447;56/2022;2022_56_208;uudenlainen;1
1447;56/2022;2022_56_208;tilanne;4
1447;56/2022;2022_56_208;turvallisuusympäristö;1
1447;56/2022;2022_56_208;muuttua;3
1447;56/2022;2022_56_208;nopeasti;1
1447;56/2022;2022_56_208;merkittävästi;1
1447;56/2022;2022_56_208;pitkäaikaisesti;1
1447;56/2022;2022_56_208;minä;9
1447;56/2022;2022_56_208;kyetä;1
1447;56/2022;2022_56_208;muu;2
1447;56/2022;2022_56_208;vaikuttamiskeino;1
1447;56/2022;2022_56_208;huolimatta;2
1447;56/2022;2022_56_208;katsoa;1
1447;56/2022;2022_56_208;tuleva;1
1447;56/2022;2022_56_208;vaikutus;1
1447;56/2022;2022_56_208;pitkä;3
1447;56/2022;2022_56_208;aikaperspektiivi;1
1447;56/2022;2022_56_208;itsekkäästi;1
1447;56/2022;2022_56_208;kansalainen;1
1447;56/2022;2022_56_208;etu;1
1447;56/2022;2022_56_208;edellä;1
1447;56/2022;2022_56_208;tehdä;5
1447;56/2022;2022_56_208;joka;3
1447;56/2022;2022_56_208;vaikuttaa;3
1447;56/2022;2022_56_208;kokonaisturvallisuus;1
1447;56/2022;2022_56_208;vuosikymmen;1
1447;56/2022;2022_56_208;eteenpäin;1
1447;56/2022;2022_56_208;silti;1
1447;56/2022;2022_56_208;kaikki;2
1447;56/2022;2022_56_208;keskellä;1
1447;56/2022;2022_56_208;huoli;1
1447;56/2022;2022_56_208;itsemääräämisoikeus;1
1447;56/2022;2022_56_208;huomioida;1
1447;56/2022;2022_56_208;liittyä;1
1447;56/2022;2022_56_208;nato;3
1447;56/2022;2022_56_208;myös;4
1447;56/2022;2022_56_208;maa;2
1447;56/2022;2022_56_208;asema;1
1447;56/2022;2022_56_208;ajatella;2
1447;56/2022;2022_56_208;niin;1
1447;56/2022;2022_56_208;keskustelu;1
1447;56/2022;2022_56_208;ei;3
1447;56/2022;2022_56_208;käydä;1
1447;56/2022;2022_56_208;ilman;1
1447;56/2022;2022_56_208;pohtia;2
1447;56/2022;2022_56_208;turvallisuustilanne;1
1447;56/2022;2022_56_208;muutos;1
1447;56/2022;2022_56_208;kansainvälinen;1
1447;56/2022;2022_56_208;kansallinen;1
1447;56/2022;2022_56_208;yritys;4
1447;56/2022;2022_56_208;investointihalukkuus;1
1447;56/2022;2022_56_208;koronakriisi;1
1447;56/2022;2022_56_208;juuri;1
1447;56/2022;2022_56_208;toipua;1
1447;56/2022;2022_56_208;teollisuus;1
1447;56/2022;2022_56_208;matkailuala;1
1447;56/2022;2022_56_208;uusi;1
1447;56/2022;2022_56_208;edessä;1
1447;56/2022;2022_56_208;venäjä;2
1447;56/2022;2022_56_208;ukraina;1
1447;56/2022;2022_56_208;raakalaismainen;1
1447;56/2022;2022_56_208;hyökkäys;1
1447;56/2022;2022_56_208;jälkeen;3
1447;56/2022;2022_56_208;osa;2
1447;56/2022;2022_56_208;ulkomaalainen;1
1447;56/2022;2022_56_208;matkailija;2
1447;56/2022;2022_56_208;perua;1
1447;56/2022;2022_56_208;matka;1
1447;56/2022;2022_56_208;investointi;1
1447;56/2022;2022_56_208;aikaväli;1
1447;56/2022;2022_56_208;tulevaisuus;2
1447;56/2022;2022_56_208;suunnitelma;1
1447;56/2022;2022_56_208;odottaa;1
1447;56/2022;2022_56_208;pystyä;1
1447;56/2022;2022_56_208;turvata;2
1447;56/2022;2022_56_208;luottamus;1
1447;56/2022;2022_56_208;kannattaa;1
1447;56/2022;2022_56_208;investoida;1
1447;56/2022;2022_56_208;turvallinen;1
1447;56/2022;2022_56_208;monipuolinen;1
1447;56/2022;2022_56_208;houkutteleva;1
1447;56/2022;2022_56_208;vain;1
1447;56/2022;2022_56_208;näin;1
1447;56/2022;2022_56_208;varmistaa;1
1447;56/2022;2022_56_208;työ;1
1447;56/2022;2022_56_208;toimeentulo;1
1447;56/2022;2022_56_208;vielä;1
1447;56/2022;2022_56_208;huomenna;1
1447;56/2022;2022_56_208;vahva;2
1447;56/2022;2022_56_208;kulttuuri;1
1447;56/2022;2022_56_208;haluta;3
1447;56/2022;2022_56_208;itse;6
1447;56/2022;2022_56_208;moni;1
1447;56/2022;2022_56_208;oma;2
1447;56/2022;2022_56_208;elämä;1
1447;56/2022;2022_56_208;itsenäinen;1
1447;56/2022;2022_56_208;kyky;1
1447;56/2022;2022_56_208;arvostaa;1
1447;56/2022;2022_56_208;monesti;1
1447;56/2022;2022_56_208;pyrkiä;1
1447;56/2022;2022_56_208;nyt;2
1447;56/2022;2022_56_208;puolustus;2
1447;56/2022;2022_56_208;maanpuolustustahto;1
1447;56/2022;2022_56_208;joutua;1
1447;56/2022;2022_56_208;pärjätä;2
1447;56/2022;2022_56_208;yksin;3
1447;56/2022;2022_56_208;myöntää;1
1447;56/2022;2022_56_208;tulla;1
1447;56/2022;2022_56_208;jolloin;1
1447;56/2022;2022_56_208;yhdessä;1
1447;56/2022;2022_56_208;kanssa;3
1447;56/2022;2022_56_208;hyvin;1
1447;56/2022;2022_56_208;tukea;1
1447;56/2022;2022_56_208;valtioneuvosto;1
1447;56/2022;2022_56_208;esitys;1
1447;56/2022;2022_56_208;hakea;1
1447;56/2022;2022_56_208;jäsenyys;1
1447;56/2022;2022_56_208;ymmärtää;1
1447;56/2022;2022_56_208;yhteinen;1
1447;56/2022;2022_56_208;raja;1
1447;56/2022;2022_56_208;uskoa;2
1447;56/2022;2022_56_208;ruusuinen;1
1447;56/2022;2022_56_208;kuva;1
1447;56/2022;2022_56_208;ratkaista;1
1447;56/2022;2022_56_208;mutta;1
1447;56/2022;2022_56_208;toimia;1
1447;56/2022;2022_56_208;ennalta;1
1447;56/2022;2022_56_208;ehkäistä;1
1447;56/2022;2022_56_208;pidäke;1
1447;56/2022;2022_56_208;vaikka;1
1447;56/2022;2022_56_208;jatko;1
1447;56/2022;2022_56_208;huolehtia;1
1447;56/2022;2022_56_208;ensisijaisesti;1
1447;56/2022;2022_56_208;mahdollisuus;1
1447;56/2022;2022_56_208;saada;1
1447;56/2022;2022_56_208;tuki;1
1447;56/2022;2022_56_208;apu;1
1447;56/2022;2022_56_208;jos;1
1447;56/2022;2022_56_208;tarvita;1
1447;56/2022;2022_56_208;lopuksi;1
1447;56/2022;2022_56_208;kiittää;1
1447;56/2022;2022_56_208;valtionjohto;1
1447;56/2022;2022_56_208;pääministeri;1
1447;56/2022;2022_56_208;marin;1
1447;56/2022;2022_56_208;tasavalta;1
1447;56/2022;2022_56_208;presidentti;1
1447;56/2022;2022_56_208;niinistö;1
1447;56/2022;2022_56_208;johtajuus;1
1447;56/2022;2022_56_208;tapa;1
1447;56/2022;2022_56_208;prosessi;1
1447;56/2022;2022_56_208;hoitaa;1
1447;56/2022;2022_56_208;vapaus;1
1447;56/2022;2022_56_208;solidaarisuus;1
1447;56/2022;2022_56_208;edelleen;1
1447;72/2022;2022_72_94;kiitos;1
1447;72/2022;2022_72_94;arvoisa;1
1447;72/2022;2022_72_94;puhemies;1
1447;72/2022;2022_72_94;käsitellä;1
1447;72/2022;2022_72_94;täällä;2
1447;72/2022;2022_72_94;siis;2
1447;72/2022;2022_72_94;tarpeellinen;1
1447;72/2022;2022_72_94;ja;16
1447;72/2022;2022_72_94;ajankohtainen;1
1447;72/2022;2022_72_94;laki;2
1447;72/2022;2022_72_94;tämä;9
1447;72/2022;2022_72_94;nimenomaan;2
1447;72/2022;2022_72_94;äitiys;2
1447;72/2022;2022_72_94;isyyslaki;1
1447;72/2022;2022_72_94;yhdistää;1
1447;72/2022;2022_72_94;uusi;1
1447;72/2022;2022_72_94;vanhemmuuslaki;1
1447;72/2022;2022_72_94;olla;26
1447;72/2022;2022_72_94;syy;1
1447;72/2022;2022_72_94;huomioida;1
1447;72/2022;2022_72_94;että;8
1447;72/2022;2022_72_94;esitys;2
1447;72/2022;2022_72_94;ehdotus;1
1447;72/2022;2022_72_94;suhtautua;1
1447;72/2022;2022_72_94;lausunto;1
1447;72/2022;2022_72_94;suhteen;1
1447;72/2022;2022_72_94;pääosin;1
1447;72/2022;2022_72_94;hyvin;4
1447;72/2022;2022_72_94;myönteisesti;1
1447;72/2022;2022_72_94;selvä;1
1447;72/2022;2022_72_94;lapsi;3
1447;72/2022;2022_72_94;etu;2
1447;72/2022;2022_72_94;aina;3
1447;72/2022;2022_72_94;ottaa;1
1447;72/2022;2022_72_94;huomio;1
1447;72/2022;2022_72_94;ensisijaisesti;1
1447;72/2022;2022_72_94;vanhemmuus;1
1447;72/2022;2022_72_94;sekä;1
1447;72/2022;2022_72_94;isyys;2
1447;72/2022;2022_72_94;tulla;1
1447;72/2022;2022_72_94;tasapuolinen;1
1447;72/2022;2022_72_94;tasa-arvoinen;1
1447;72/2022;2022_72_94;yhdenvertaisuus;1
1447;72/2022;2022_72_94;tärkeä;1
1447;72/2022;2022_72_94;myös;3
1447;72/2022;2022_72_94;perhemuoto;1
1447;72/2022;2022_72_94;riippumatta;1
1447;72/2022;2022_72_94;perhe;2
1447;72/2022;2022_72_94;tilanne;3
1447;72/2022;2022_72_94;erilainen;2
1447;72/2022;2022_72_94;ennakkotunnustamismenettely;1
1447;72/2022;2022_72_94;sähköistäminen;1
1447;72/2022;2022_72_94;yksi;1
1447;72/2022;2022_72_94;sisällä;1
1447;72/2022;2022_72_94;asia;4
1447;72/2022;2022_72_94;se;9
1447;72/2022;2022_72_94;saada;2
1447;72/2022;2022_72_94;laaja;1
1447;72/2022;2022_72_94;kannatus;1
1447;72/2022;2022_72_94;itse;2
1447;72/2022;2022_72_94;kannattaa;1
1447;72/2022;2022_72_94;lämpimästi;1
1447;72/2022;2022_72_94;nykyinen;1
1447;72/2022;2022_72_94;tunnustamisjärjestelmä;1
1447;72/2022;2022_72_94;vanhanaikainen;1
1447;72/2022;2022_72_94;kankea;1
1447;72/2022;2022_72_94;jo;1
1447;72/2022;2022_72_94;alentava;1
1447;72/2022;2022_72_94;vastalause;1
1447;72/2022;2022_72_94;kyse;2
1447;72/2022;2022_72_94;hallitus;1
1447;72/2022;2022_72_94;ideologinen;3
1447;72/2022;2022_72_94;hanke;1
1447;72/2022;2022_72_94;tavoite;1
1447;72/2022;2022_72_94;sukupuolineutraalinen;1
1447;72/2022;2022_72_94;muoto;1
1447;72/2022;2022_72_94;vaikka;1
1447;72/2022;2022_72_94;minä;3
1447;72/2022;2022_72_94;kukin;1
1447;72/2022;2022_72_94;oma;1
1447;72/2022;2022_72_94;mielipide;1
1447;72/2022;2022_72_94;sukupuolineutraalius;1
1447;72/2022;2022_72_94;ei;2
1447;72/2022;2022_72_94;niin;3
1447;72/2022;2022_72_94;kuka;2
1447;72/2022;2022_72_94;vain;1
1447;72/2022;2022_72_94;rakastaa;1
1447;72/2022;2022_72_94;haluta;1
1447;72/2022;2022_72_94;muu;1
1447;72/2022;2022_72_94;pois;1
1447;72/2022;2022_72_94;välihuuto;1
1447;72/2022;2022_72_94;perussuomalainen;1
1447;72/2022;2022_72_94;ryhmä;1
1447;72/2022;2022_72_94;tunnustaa;1
1447;72/2022;2022_72_94;mikä;1
1447;72/2022;2022_72_94;todellinen;1
1447;72/2022;2022_72_94;elämä;1
1447;72/2022;2022_72_94;aika;1
1447;72/2022;2022_72_94;valiokunta;2
1447;72/2022;2022_72_94;esittää;1
1447;72/2022;2022_72_94;lausumaehdotus;2
1447;72/2022;2022_72_94;kumoamiskanne;1
1447;72/2022;2022_72_94;virheellisesti;1
1447;72/2022;2022_72_94;vahvistaa;1
1447;72/2022;2022_72_94;mahdollinen;1
1447;72/2022;2022_72_94;joka;1
1447;72/2022;2022_72_94;voida;3
1447;72/2022;2022_72_94;aidosti;1
1447;72/2022;2022_72_94;johtaa;1
1447;72/2022;2022_72_94;kohtuuton;1
1447;72/2022;2022_72_94;ensin;1
1447;72/2022;2022_72_94;ajatella;1
1447;72/2022;2022_72_94;pohtia;1
1447;72/2022;2022_72_94;kuinka;2
1447;72/2022;2022_72_94;jatko;1
1447;72/2022;2022_72_94;korjata;1
1447;72/2022;2022_72_94;onneksi;1
1447;72/2022;2022_72_94;edellyttää;1
1447;72/2022;2022_72_94;määräaikasääntely;1
1447;72/2022;2022_72_94;toimivuus;1
1447;72/2022;2022_72_94;vaikutus;1
1447;72/2022;2022_72_94;tarkastelu;1
1447;72/2022;2022_72_94;jotta;1
1447;72/2022;2022_72_94;myöhä;1
1447;72/2022;2022_72_94;vaihe;1
1447;72/2022;2022_72_94;vielä;1
1447;72/2022;2022_72_94;uudelleenarvioida;1
1447;72/2022;2022_72_94;toimia;1
1447;72/2022;2022_72_94;kanssa;1
1447;72/2022;2022_72_94;puheenvuoro;3
1447;72/2022;2022_72_94;viittaus;1
1447;72/2022;2022_72_94;arvolatautua;1
1447;72/2022;2022_72_94;kyllä;1
1447;72/2022;2022_72_94;kääntää;1
1447;72/2022;2022_72_94;osa;1
1447;72/2022;2022_72_94;arvolatautunut;1
1447;72/2022;2022_72_94;esiintyminen;1
1447;72/2022;2022_72_94;toinen;2
1447;72/2022;2022_72_94;sallia;1
1447;72/2022;2022_72_94;kieltää;1
1447;72/2022;2022_72_94;hyvä;2
1447;72/2022;2022_72_94;yhteiskunta;1
1447;72/2022;2022_72_94;kautta;1
1447;72/2022;2022_72_94;kaikki;1
1447;72/2022;2022_72_94;hyvinvointi;1
1447;72/2022;2022_72_94;kuin;1
1447;72/2022;2022_72_94;edustaja;1
1447;72/2022;2022_72_94;hyrkkö;1
1447;72/2022;2022_72_94;todeta;1
1447;72/2022;2022_72_94;tarvita;2
1447;72/2022;2022_72_94;enemmän;2
1447;72/2022;2022_72_94;hyväksyttävyys;1
1447;72/2022;2022_72_94;sallittavuus;1
1447;72/2022;2022_72_94;todella;1
1447;72/2022;2022_72_94;paljon;1
1447;83/2022;2022_83_52;arvoisa;2
1447;83/2022;2022_83_52;puhemies;2
1447;83/2022;2022_83_52;tämä;9
1447;83/2022;2022_83_52;kevät;1
1447;83/2022;2022_83_52;olla;25
1447;83/2022;2022_83_52;joutua;1
1447;83/2022;2022_83_52;käydä;3
1447;83/2022;2022_83_52;keskustelu;1
1447;83/2022;2022_83_52;sisäinen;1
1447;83/2022;2022_83_52;turvallisuus;5
1447;83/2022;2022_83_52;eurooppa;1
1447;83/2022;2022_83_52;ja;15
1447;83/2022;2022_83_52;koko;1
1447;83/2022;2022_83_52;maailma;1
1447;83/2022;2022_83_52;surullinen;1
1447;83/2022;2022_83_52;että;5
1447;83/2022;2022_83_52;rauha;1
1447;83/2022;2022_83_52;oikeusvaltio;1
1447;83/2022;2022_83_52;demokratia;1
1447;83/2022;2022_83_52;ei;5
1447;83/2022;2022_83_52;minä;7
1447;83/2022;2022_83_52;kaikki;5
1447;83/2022;2022_83_52;ulota;1
1447;83/2022;2022_83_52;edes;1
1447;83/2022;2022_83_52;tahtotila;1
1447;83/2022;2022_83_52;nyt;4
1447;83/2022;2022_83_52;keskustella;1
1447;83/2022;2022_83_52;maa;2
1447;83/2022;2022_83_52;suomi;2
1447;83/2022;2022_83_52;rajaturvallisuus;2
1447;83/2022;2022_83_52;vaikka;1
1447;83/2022;2022_83_52;tilanne;2
1447;83/2022;2022_83_52;rauhallinen;1
1447;83/2022;2022_83_52;kuulua;1
1447;83/2022;2022_83_52;velvollisuus;1
1447;83/2022;2022_83_52;pyrkiä;1
1447;83/2022;2022_83_52;keino;1
1447;83/2022;2022_83_52;turvata;1
1447;83/2022;2022_83_52;se;5
1447;83/2022;2022_83_52;ennaltaehkäistä;1
1447;83/2022;2022_83_52;kaikenlainen;1
1447;83/2022;2022_83_52;hybridivaikuttaminen;1
1447;83/2022;2022_83_52;kohtaan;1
1447;83/2022;2022_83_52;aina;2
1447;83/2022;2022_83_52;oikeus;1
1447;83/2022;2022_83_52;päättää;1
1447;83/2022;2022_83_52;kuka;1
1447;83/2022;2022_83_52;päästää;1
1447;83/2022;2022_83_52;sisälle;1
1447;83/2022;2022_83_52;laki;5
1447;83/2022;2022_83_52;voida;2
1447;83/2022;2022_83_52;parantaa;1
1447;83/2022;2022_83_52;rajavartiolaitos;1
1447;83/2022;2022_83_52;toiminta;1
1447;83/2022;2022_83_52;kansallinen;1
1447;83/2022;2022_83_52;varautuminen;3
1447;83/2022;2022_83_52;parata;1
1447;83/2022;2022_83_52;sama;1
1447;83/2022;2022_83_52;aika;1
1447;83/2022;2022_83_52;pitää;1
1447;83/2022;2022_83_52;tiivis;1
1447;83/2022;2022_83_52;yhteys;1
1447;83/2022;2022_83_52;eu;1
1447;83/2022;2022_83_52;suunta;1
1447;83/2022;2022_83_52;niin;2
1447;83/2022;2022_83_52;pitkä;2
1447;83/2022;2022_83_52;ulkoraja;1
1447;83/2022;2022_83_52;eu-raja;1
1447;83/2022;2022_83_52;valvonta;2
1447;83/2022;2022_83_52;löytyä;1
1447;83/2022;2022_83_52;riittävästi;1
1447;83/2022;2022_83_52;resurssi;1
1447;83/2022;2022_83_52;yhtenäinen;2
1447;83/2022;2022_83_52;näkemys;1
1447;83/2022;2022_83_52;tärkeys;1
1447;83/2022;2022_83_52;rajavartiolaki;1
1447;83/2022;2022_83_52;muutos;1
1447;83/2022;2022_83_52;yksi;2
1447;83/2022;2022_83_52;usea;1
1447;83/2022;2022_83_52;hallitus;1
1447;83/2022;2022_83_52;toimi;1
1447;83/2022;2022_83_52;joka;4
1447;83/2022;2022_83_52;vahvistaa;1
1447;83/2022;2022_83_52;valiokunta;1
1447;83/2022;2022_83_52;asiantuntijakuulemiset;1
1447;83/2022;2022_83_52;yksiselitteisesti;1
1447;83/2022;2022_83_52;ilmi;1
1447;83/2022;2022_83_52;turvapaikkahakemusmenettely;1
1447;83/2022;2022_83_52;saada;2
1447;83/2022;2022_83_52;hoitaa;1
1447;83/2022;2022_83_52;käsitellä;2
1447;83/2022;2022_83_52;järjestys;1
1447;83/2022;2022_83_52;muuttoliike;1
1447;83/2022;2022_83_52;välineellistäätilanne;1
1447;83/2022;2022_83_52;tällainen;1
1447;83/2022;2022_83_52;mahdollinen;1
1447;83/2022;2022_83_52;siksi;2
1447;83/2022;2022_83_52;luoda;1
1447;83/2022;2022_83_52;malli;1
1447;83/2022;2022_83_52;asteittain;1
1447;83/2022;2022_83_52;rajoittaa;1
1447;83/2022;2022_83_52;kansainvälinen;1
1447;83/2022;2022_83_52;suojelu;1
1447;83/2022;2022_83_52;hakemus;1
1447;83/2022;2022_83_52;vastaanottaminen;1
1447;83/2022;2022_83_52;esimerkiksi;1
1447;83/2022;2022_83_52;itäraja;1
1447;83/2022;2022_83_52;tai;1
1447;83/2022;2022_83_52;estää;1
1447;83/2022;2022_83_52;harmillinen;1
1447;83/2022;2022_83_52;talo;1
1447;83/2022;2022_83_52;asia;1
1447;83/2022;2022_83_52;lukea;1
1447;83/2022;2022_83_52;kuulla;1
1447;83/2022;2022_83_52;asiantuntija;2
1447;83/2022;2022_83_52;lausunto;1
1447;83/2022;2022_83_52;kuin;2
1447;83/2022;2022_83_52;alun;1
1447;83/2022;2022_83_52;perin;1
1447;83/2022;2022_83_52;oma;1
1447;83/2022;2022_83_52;ajatusmalli;1
1447;83/2022;2022_83_52;mukaan;1
1447;83/2022;2022_83_52;hyvä;3
1447;83/2022;2022_83_52;valmis;3
1447;83/2022;2022_83_52;mieluummin;1
1447;83/2022;2022_83_52;jo;1
1447;83/2022;2022_83_52;eilen;1
1447;83/2022;2022_83_52;tänään;1
1447;83/2022;2022_83_52;turvallinen;1
1447;83/2022;2022_83_52;arki;1
1447;83/2022;2022_83_52;viranomainen;1
1447;83/2022;2022_83_52;riittävä;1
1447;83/2022;2022_83_52;toimivaltuus;1
1447;83/2022;2022_83_52;ajantasainen;1
1447;83/2022;2022_83_52;tilannetieto;1
1447;83/2022;2022_83_52;saaminen;1
1447;83/2022;2022_83_52;selvittäminen;1
1447;83/2022;2022_83_52;perusasia;1
1447;83/2022;2022_83_52;huolehtia;1
1447;83/2022;2022_83_52;suuri;1
1447;83/2022;2022_83_52;tarkkuus;1
1447;83/2022;2022_83_52;tärkeä;2
1447;83/2022;2022_83_52;sali;1
1447;83/2022;2022_83_52;keskeinen;1
1447;83/2022;2022_83_52;viesti;1
1447;83/2022;2022_83_52;haluta;1
1447;83/2022;2022_83_52;kiittää;1
1447;83/2022;2022_83_52;hallintovaliokunta;1
1447;83/2022;2022_83_52;yksimielinen;1
1447;83/2022;2022_83_52;mietintö;1
1447;83/2022;2022_83_52;prosessi;1
1447;83/2022;2022_83_52;valmistelu;1
1447;83/2022;2022_83_52;liittyä;1
1447;83/2022;2022_83_52;loppu;1
1447;83/2022;2022_83_52;vielä;2
1447;83/2022;2022_83_52;yksittäinen;1
1447;83/2022;2022_83_52;mutta;1
1447;83/2022;2022_83_52;palanen;1
1447;83/2022;2022_83_52;kokonaisuus;1
1447;83/2022;2022_83_52;mikä;1
1447;83/2022;2022_83_52;kokonaisturvallisuus;1
1447;83/2022;2022_83_52;muodostua;1
1447;83/2022;2022_83_52;siis;1
1447;83/2022;2022_83_52;suomalainen;1
1447;83/2022;2022_83_52;kuitenkin;1
1447;83/2022;2022_83_52;kiitos;1
1447;83/2022;2022_83_52;mari-leena;1
1447;83/2022;2022_83_52;talvitie;1
1447;83/2022;2022_83_52;puheenvuoro;1
1447;83/2022;2022_83_52;sari;1
1447;83/2022;2022_83_52;multala;1
1447;85/2022;2022_85_123;kiitos;1
1447;85/2022;2022_85_123;arvoisa;1
1447;85/2022;2022_85_123;puhemies;1
1447;85/2022;2022_85_123;tämä;9
1447;85/2022;2022_85_123;hallitus;3
1447;85/2022;2022_85_123;esitys;3
1447;85/2022;2022_85_123;tuoda;1
1447;85/2022;2022_85_123;siis;1
1447;85/2022;2022_85_123;ulkomaalaislaki;1
1447;85/2022;2022_85_123;säännös;1
1447;85/2022;2022_85_123;pitkäaikainen;2
1447;85/2022;2022_85_123;oleskelu;1
1447;85/2022;2022_85_123;tarkoittaa;1
1447;85/2022;2022_85_123;viisumi;3
1447;85/2022;2022_85_123;eli;1
1447;85/2022;2022_85_123;niin;1
1447;85/2022;2022_85_123;sanottu;1
1447;85/2022;2022_85_123;kansallinen;1
1447;85/2022;2022_85_123;myöntäminen;1
1447;85/2022;2022_85_123;opiskelija;2
1447;85/2022;2022_85_123;tutkija;2
1447;85/2022;2022_85_123;sertifioida;1
1447;85/2022;2022_85_123;työnantaja;3
1447;85/2022;2022_85_123;työntekijä;1
1447;85/2022;2022_85_123;yritys;1
1447;85/2022;2022_85_123;johtotehtävä;1
1447;85/2022;2022_85_123;toimia;2
1447;85/2022;2022_85_123;sekä;2
1447;85/2022;2022_85_123;edellä;1
1447;85/2022;2022_85_123;mainita;3
1447;85/2022;2022_85_123;perheenjäsen;2
1447;85/2022;2022_85_123;tukea;1
1447;85/2022;2022_85_123;oma;1
1447;85/2022;2022_85_123;osa;2
1447;85/2022;2022_85_123;tavoite;1
1447;85/2022;2022_85_123;edistää;1
1447;85/2022;2022_85_123;koulutus;1
1447;85/2022;2022_85_123;ja;16
1447;85/2022;2022_85_123;työperusteinen;1
1447;85/2022;2022_85_123;maahanmuutto;3
1447;85/2022;2022_85_123;erityisesti;1
1447;85/2022;2022_85_123;se;12
1447;85/2022;2022_85_123;liittyä;1
1447;85/2022;2022_85_123;maahanmuuttomenettely;1
1447;85/2022;2022_85_123;sujuvoittama;1
1447;85/2022;2022_85_123;olla;13
1447;85/2022;2022_85_123;aidosti;1
1447;85/2022;2022_85_123;tarve;1
1447;85/2022;2022_85_123;syksy;1
1447;85/2022;2022_85_123;budjettiriihikirjaus;1
1447;85/2022;2022_85_123;mukaan;1
1447;85/2022;2022_85_123;laajentaa;1
1447;85/2022;2022_85_123;d-viisumi;1
1447;85/2022;2022_85_123;jo;1
1447;85/2022;2022_85_123;hallituskausi;1
1447;85/2022;2022_85_123;hän;2
1447;85/2022;2022_85_123;nyt;2
1447;85/2022;2022_85_123;kyse;2
1447;85/2022;2022_85_123;juha;1
1447;85/2022;2022_85_123;mäenpää;1
1447;85/2022;2022_85_123;sairas;1
1447;85/2022;2022_85_123;huomata;1
1447;85/2022;2022_85_123;että;5
1447;85/2022;2022_85_123;vain;1
1447;85/2022;2022_85_123;yksi;1
1447;85/2022;2022_85_123;kokonaisuus;2
1447;85/2022;2022_85_123;arvioida;1
1447;85/2022;2022_85_123;nopeuttaa;1
1447;85/2022;2022_85_123;maahantulo;1
1447;85/2022;2022_85_123;keskimäärin;1
1447;85/2022;2022_85_123;noin;1
1447;85/2022;2022_85_123;viikko;2
1447;85/2022;2022_85_123;kun;2
1447;85/2022;2022_85_123;myönteinen;1
1447;85/2022;2022_85_123;oleskelulupapäätös;1
1447;85/2022;2022_85_123;jälkeen;2
1447;85/2022;2022_85_123;ei;3
1447;85/2022;2022_85_123;enää;1
1447;85/2022;2022_85_123;tarvita;1
1447;85/2022;2022_85_123;jäädä;1
1447;85/2022;2022_85_123;odottaa;1
1447;85/2022;2022_85_123;oleskelulupakortti;1
1447;85/2022;2022_85_123;ulkomaa;1
1447;85/2022;2022_85_123;vaan;1
1447;85/2022;2022_85_123;henkilö;1
1447;85/2022;2022_85_123;voida;2
1447;85/2022;2022_85_123;matkustaa;1
1447;85/2022;2022_85_123;suomi;3
1447;85/2022;2022_85_123;välittömästi;1
1447;85/2022;2022_85_123;maahanmuuttovirasto;1
1447;85/2022;2022_85_123;myöntää;1
1447;85/2022;2022_85_123;oleskelulupa;1
1447;85/2022;2022_85_123;viisumitarra;1
1447;85/2022;2022_85_123;kiinnittää;2
1447;85/2022;2022_85_123;matkustusasiakirja;1
1447;85/2022;2022_85_123;vaikutus;2
1447;85/2022;2022_85_123;työ;1
1447;85/2022;2022_85_123;koulutusperäinen;1
1447;85/2022;2022_85_123;kanta;1
1447;85/2022;2022_85_123;kovin;1
1447;85/2022;2022_85_123;merkittävä;4
1447;85/2022;2022_85_123;mutta;2
1447;85/2022;2022_85_123;viedä;1
1447;85/2022;2022_85_123;toki;1
1447;85/2022;2022_85_123;tilanne;1
1447;85/2022;2022_85_123;hyvä;2
1447;85/2022;2022_85_123;suunta;1
1447;85/2022;2022_85_123;yksittäinen;1
1447;85/2022;2022_85_123;tapaus;1
1447;85/2022;2022_85_123;tuo;1
1447;85/2022;2022_85_123;tai;1
1447;85/2022;2022_85_123;kaksi;1
1447;85/2022;2022_85_123;aika;3
1447;85/2022;2022_85_123;joka;2
1447;85/2022;2022_85_123;helpottaa;1
1447;85/2022;2022_85_123;opinto;1
1447;85/2022;2022_85_123;tutkimustyö;1
1447;85/2022;2022_85_123;työskentely;1
1447;85/2022;2022_85_123;aloittaminen;1
1447;85/2022;2022_85_123;kuitenkin;1
1447;85/2022;2022_85_123;huomio;1
1447;85/2022;2022_85_123;myös;2
1447;85/2022;2022_85_123;kuinka;2
1447;85/2022;2022_85_123;muu;1
1447;85/2022;2022_85_123;työperäinen;1
1447;85/2022;2022_85_123;koskea;1
1447;85/2022;2022_85_123;asia;1
1447;85/2022;2022_85_123;kohdella;2
1447;85/2022;2022_85_123;julkinen;2
1447;85/2022;2022_85_123;yksityinen;2
1447;85/2022;2022_85_123;sektori;2
1447;85/2022;2022_85_123;välinen;1
1447;85/2022;2022_85_123;problematiikka;1
1447;85/2022;2022_85_123;viime;1
1447;85/2022;2022_85_123;puhua;1
1447;85/2022;2022_85_123;paljon;1
1447;85/2022;2022_85_123;hoitajapula;1
1447;85/2022;2022_85_123;ratkaiseminen;1
1447;85/2022;2022_85_123;osittain;1
1447;85/2022;2022_85_123;maa;1
1447;85/2022;2022_85_123;tulla;3
1447;85/2022;2022_85_123;hoitaja;1
1447;85/2022;2022_85_123;työnvälitys;1
1447;85/2022;2022_85_123;ohjeistus;1
1447;85/2022;2022_85_123;esiin;1
1447;85/2022;2022_85_123;ohjeistuspuute;1
1447;85/2022;2022_85_123;eri;1
1447;85/2022;2022_85_123;tapa;1
1447;85/2022;2022_85_123;työlupa;1
1447;85/2022;2022_85_123;antaminen;1
1447;85/2022;2022_85_123;edellinen;1
1447;85/2022;2022_85_123;puheenvuoro;1
1447;85/2022;2022_85_123;pidäke;1
1447;85/2022;2022_85_123;jaksaa;1
1447;85/2022;2022_85_123;uskoa;2
1447;85/2022;2022_85_123;valtti;1
1447;85/2022;2022_85_123;tulevaisuus;1
1447;85/2022;2022_85_123;minä;1
1447;85/2022;2022_85_123;vakaus;1
1447;85/2022;2022_85_123;turvallisuus;1
1447;85/2022;2022_85_123;vähäinen;1
1447;85/2022;2022_85_123;korruptio;1
1447;85/2022;2022_85_123;ennustettavuus;1
1447;85/2022;2022_85_123;yhteiskunta;1
1447;85/2022;2022_85_123;jatko;1
1447;85/2022;2022_85_123;pystyä;1
1447;85/2022;2022_85_123;houkutella;1
1447;85/2022;2022_85_123;ulkomaalainen;1
1447;85/2022;2022_85_123;työvoima;1
1447;85/2022;2022_85_145;kiitos;1
1447;85/2022;2022_85_145;arvoisa;1
1447;85/2022;2022_85_145;puhemies;1
1447;85/2022;2022_85_145;tämä;11
1447;85/2022;2022_85_145;esitys;2
1447;85/2022;2022_85_145;olla;13
1447;85/2022;2022_85_145;täällä;1
1447;85/2022;2022_85_145;kritisoida;1
1447;85/2022;2022_85_145;voimakkaasti;1
1447;85/2022;2022_85_145;ja;7
1447;85/2022;2022_85_145;minä;2
1447;85/2022;2022_85_145;kannattaa;1
1447;85/2022;2022_85_145;vastuullinen;1
1447;85/2022;2022_85_145;maahanmuutto;1
1447;85/2022;2022_85_145;alun;1
1447;85/2022;2022_85_145;perin;1
1447;85/2022;2022_85_145;sisäministeriö;1
1447;85/2022;2022_85_145;lähettää;1
1447;85/2022;2022_85_145;lausuntokierros;1
1447;85/2022;2022_85_145;esitysluonnos;1
1447;85/2022;2022_85_145;joka;2
1447;85/2022;2022_85_145;toimeentuloedellytys;1
1447;85/2022;2022_85_145;poistaa;1
1447;85/2022;2022_85_145;myös;4
1447;85/2022;2022_85_145;täysi-ikäinen;1
1447;85/2022;2022_85_145;kansainvälinen;1
1447;85/2022;2022_85_145;suojelu;1
1447;85/2022;2022_85_145;saada;3
1447;85/2022;2022_85_145;perheenkokoaja;1
1447;85/2022;2022_85_145;mutta;1
1447;85/2022;2022_85_145;huomio;2
1447;85/2022;2022_85_145;herättää;1
1447;85/2022;2022_85_145;nyt;4
1447;85/2022;2022_85_145;se;6
1447;85/2022;2022_85_145;että;5
1447;85/2022;2022_85_145;ei;4
1447;85/2022;2022_85_145;sisältyä;1
1447;85/2022;2022_85_145;lopullinen;1
1447;85/2022;2022_85_145;hallitus;1
1447;85/2022;2022_85_145;mauri;1
1447;85/2022;2022_85_145;peltokangas;1
1447;85/2022;2022_85_145;hieno;1
1447;85/2022;2022_85_145;toimeentulovaatimus;1
1447;85/2022;2022_85_145;alaikäinen;1
1447;85/2022;2022_85_145;poistaminen;1
1447;85/2022;2022_85_145;lisäksi;1
1447;85/2022;2022_85_145;lakiesitys;1
1447;85/2022;2022_85_145;ehdotus;1
1447;85/2022;2022_85_145;esittää;1
1447;85/2022;2022_85_145;muuttaa;1
1447;85/2022;2022_85_145;lapsi;2
1447;85/2022;2022_85_145;alaikäisyys;2
1447;85/2022;2022_85_145;määrittäminen;1
1447;85/2022;2022_85_145;perheenkokoama;1
1447;85/2022;2022_85_145;koskea;2
1447;85/2022;2022_85_145;tilanne;3
1447;85/2022;2022_85_145;säännös;1
1447;85/2022;2022_85_145;eurooppa;1
1447;85/2022;2022_85_145;unioni;1
1447;85/2022;2022_85_145;tuomioistuin;1
1447;85/2022;2022_85_145;ratkaisu;1
1447;85/2022;2022_85_145;johdosta;1
1447;85/2022;2022_85_145;tarkoittaa;1
1447;85/2022;2022_85_145;jatko;1
1447;85/2022;2022_85_145;määrittyä;1
1447;85/2022;2022_85_145;perheenjäsen;2
1447;85/2022;2022_85_145;oleskelulupahakemus;2
1447;85/2022;2022_85_145;jättämishetki;1
1447;85/2022;2022_85_145;mukaan;2
1447;85/2022;2022_85_145;enää;1
1447;85/2022;2022_85_145;hakemus;2
1447;85/2022;2022_85_145;ratkaisemishetki;1
1447;85/2022;2022_85_145;näin;1
1447;85/2022;2022_85_145;oleskelulupa;1
1447;85/2022;2022_85_145;saaminen;1
1447;85/2022;2022_85_145;riippua;1
1447;85/2022;2022_85_145;käsittelyaika;2
1447;85/2022;2022_85_145;pituus;1
1447;85/2022;2022_85_145;kertoa;2
1447;85/2022;2022_85_145;esimerkki;1
1447;85/2022;2022_85_145;jyväskylä;3
1447;85/2022;2022_85_145;afganistan;1
1447;85/2022;2022_85_145;kotoutua;2
1447;85/2022;2022_85_145;perheenisä;1
1447;85/2022;2022_85_145;tulla;2
1447;85/2022;2022_85_145;luokse;1
1447;85/2022;2022_85_145;tori;1
1447;85/2022;2022_85_145;kuinka;2
1447;85/2022;2022_85_145;hän;2
1447;85/2022;2022_85_145;tytär;3
1447;85/2022;2022_85_145;vuotias;1
1447;85/2022;2022_85_145;jättää;1
1447;85/2022;2022_85_145;viivästyä;2
1447;85/2022;2022_85_145;niin;1
1447;85/2022;2022_85_145;paljon;1
1447;85/2022;2022_85_145;lupa;1
1447;85/2022;2022_85_145;myöntää;1
1447;85/2022;2022_85_145;koska;1
1447;85/2022;2022_85_145;jo;1
1447;85/2022;2022_85_145;keretä;1
1447;85/2022;2022_85_145;täyttää;1
1447;85/2022;2022_85_145;työpaikka;2
1447;85/2022;2022_85_145;työlupa;1
1447;85/2022;2022_85_145;hakeminen;1
1447;85/2022;2022_85_145;usea;2
1447;85/2022;2022_85_145;kuukausi;2
1447;85/2022;2022_85_145;epäselvä;1
1447;85/2022;2022_85_145;säilyä;1
1447;85/2022;2022_85_145;odottelu;1
1447;85/2022;2022_85_145;jälkeen;1
1447;85/2022;2022_85_145;maahanmuuttovirasto;3
1447;85/2022;2022_85_145;venyä;1
1447;85/2022;2022_85_145;kohtuuton;1
1447;85/2022;2022_85_145;pystyä;1
1447;85/2022;2022_85_145;kiinnittää;1
1447;85/2022;2022_85_145;hallinta;1
1447;85/2022;2022_85_145;kun;1
1447;85/2022;2022_85_145;nimenomaan;1
1447;85/2022;2022_85_145;ukrainalainen;2
1447;85/2022;2022_85_145;suomi;2
1447;85/2022;2022_85_145;valtava;1
1447;85/2022;2022_85_145;määrä;1
1447;85/2022;2022_85_145;vaatia;1
1447;85/2022;2022_85_145;resurssi;1
1447;85/2022;2022_85_145;tärkeä;1
1447;85/2022;2022_85_145;ihminen;1
1447;85/2022;2022_85_145;nopeasti;1
1447;85/2022;2022_85_145;kiinni;1
1447;85/2022;2022_85_145;työelämä;1
1447;85/2022;2022_85_145;tuntua;1
1447;85/2022;2022_85_145;erityisesti;1
1447;85/2022;2022_85_145;yksi;1
1447;85/2022;2022_85_145;iso;1
1447;85/2022;2022_85_145;tulppa;1
1447;124/2022;2022_124_13;arvoisa;5
1447;124/2022;2022_124_13;puhemies;5
1447;124/2022;2022_124_13;käsitellä;1
1447;124/2022;2022_124_13;nyt;4
1447;124/2022;2022_124_13;valtioneuvosto;1
1447;124/2022;2022_124_13;selonteko;4
1447;124/2022;2022_124_13;eduskunta;2
1447;124/2022;2022_124_13;senaattikonserni;2
1447;124/2022;2022_124_13;ja;22
1447;124/2022;2022_124_13;valtio;7
1447;124/2022;2022_124_13;toimitilahallinto;1
1447;124/2022;2022_124_13;kyse;2
1447;124/2022;2022_124_13;olla;33
1447;124/2022;2022_124_13;perusteellinen;2
1447;124/2022;2022_124_13;joka;4
1447;124/2022;2022_124_13;vastata;1
1447;124/2022;2022_124_13;lausuma;1
1447;124/2022;2022_124_13;antaa;1
1447;124/2022;2022_124_13;kuva;1
1447;124/2022;2022_124_13;toiminta;3
1447;124/2022;2022_124_13;välttämätön;1
1447;124/2022;2022_124_13;että;7
1447;124/2022;2022_124_13;toimitila;3
1447;124/2022;2022_124_13;kehittää;2
1447;124/2022;2022_124_13;suunnitelmallisesti;2
1447;124/2022;2022_124_13;omistus;1
1447;124/2022;2022_124_13;noin;4
1447;124/2022;2022_124_13;miljardi;3
1447;124/2022;2022_124_13;euro;7
1447;124/2022;2022_124_13;rakentaa;1
1447;124/2022;2022_124_13;kiinteistöomaisuus;1
1447;124/2022;2022_124_13;pitää;2
1447;124/2022;2022_124_13;sisällä;1
1447;124/2022;2022_124_13;rakennus;4
1447;124/2022;2022_124_13;kerrospinta-ala;1
1447;124/2022;2022_124_13;miljoona;5
1447;124/2022;2022_124_13;neliömetri;1
1447;124/2022;2022_124_13;lähes;1
1447;124/2022;2022_124_13;puoli;1
1447;124/2022;2022_124_13;puolustusvoimat;1
1447;124/2022;2022_124_13;tila;4
1447;124/2022;2022_124_13;siis;1
1447;124/2022;2022_124_13;tämä;4
1447;124/2022;2022_124_13;omaisuus;1
1447;124/2022;2022_124_13;hallinta;2
1447;124/2022;2022_124_13;henkilö;1
1447;124/2022;2022_124_13;työpanos;1
1447;124/2022;2022_124_13;ohjautuminen;1
1447;124/2022;2022_124_13;senaattikiinteistö;4
1447;124/2022;2022_124_13;tehdä;3
1447;124/2022;2022_124_13;vuosi;4
1447;124/2022;2022_124_13;vuokrajärjestelmäuudistus;1
1447;124/2022;2022_124_13;aiempi;1
1447;124/2022;2022_124_13;markkinaehtoinen;1
1447;124/2022;2022_124_13;malli;2
1447;124/2022;2022_124_13;siirtyä;2
1447;124/2022;2022_124_13;asteittain;1
1447;124/2022;2022_124_13;omakustannusperusteinen;1
1447;124/2022;2022_124_13;voida;6
1447;124/2022;2022_124_13;erittäin;1
1447;124/2022;2022_124_13;onnistunut;1
1447;124/2022;2022_124_13;ratkaisu;4
1447;124/2022;2022_124_13;ei;4
1447;124/2022;2022_124_13;voitto;1
1447;124/2022;2022_124_13;sisäinen;1
1447;124/2022;2022_124_13;vuokraustoiminta;1
1447;124/2022;2022_124_13;osoittaa;1
1447;124/2022;2022_124_13;toimintamalli;1
1447;124/2022;2022_124_13;toimia;3
1447;124/2022;2022_124_13;varsin;1
1447;124/2022;2022_124_13;hyvin;1
1447;124/2022;2022_124_13;toimi;1
1447;124/2022;2022_124_13;kustannus;1
1447;124/2022;2022_124_13;saada;4
1447;124/2022;2022_124_13;säästää;1
1447;124/2022;2022_124_13;vuositaso;1
1447;124/2022;2022_124_13;yli;2
1447;124/2022;2022_124_13;jo;4
1447;124/2022;2022_124_13;usea;1
1447;124/2022;2022_124_13;aika;3
1447;124/2022;2022_124_13;keskittää;1
1447;124/2022;2022_124_13;kiinteistöhallinta;1
1447;124/2022;2022_124_13;tavoitella;1
1447;124/2022;2022_124_13;tehokas;1
1447;124/2022;2022_124_13;tarkoituksenmukainen;2
1447;124/2022;2022_124_13;tilankäyttö;2
1447;124/2022;2022_124_13;sekä;1
1447;124/2022;2022_124_13;virasto;4
1447;124/2022;2022_124_13;laitos;1
1447;124/2022;2022_124_13;yhdenmukainen;1
1447;124/2022;2022_124_13;kohtelu;1
1447;124/2022;2022_124_13;säästöhanke;1
1447;124/2022;2022_124_13;vuokrajärjestelmä;1
1447;124/2022;2022_124_13;muutos;1
1447;124/2022;2022_124_13;ansio;1
1447;124/2022;2022_124_13;toimitilakustannus;1
1447;124/2022;2022_124_13;nousta;1
1447;124/2022;2022_124_13;viime;1
1447;124/2022;2022_124_13;vaikka;1
1447;124/2022;2022_124_13;samanaikaisesti;1
1447;124/2022;2022_124_13;senaatti-kiinteistöt;1
1447;124/2022;2022_124_13;investoida;2
1447;124/2022;2022_124_13;toimitilakanta;1
1447;124/2022;2022_124_13;parantaminen;1
1447;124/2022;2022_124_13;käyttää;2
1447;124/2022;2022_124_13;kunnossapito;2
1447;124/2022;2022_124_13;korjaus;2
1447;124/2022;2022_124_13;toiminnallisesti;1
1447;124/2022;2022_124_13;hyvä;2
1447;124/2022;2022_124_13;kunto;1
1447;124/2022;2022_124_13;kuin;1
1447;124/2022;2022_124_13;aikaisemmin;1
1447;124/2022;2022_124_13;tärkeä;1
1447;124/2022;2022_124_13;kehittäminen;2
1447;124/2022;2022_124_13;jatkaa;1
1447;124/2022;2022_124_13;kiinteistö;3
1447;124/2022;2022_124_13;tukea;1
1447;124/2022;2022_124_13;entinen;1
1447;124/2022;2022_124_13;paremmin;1
1447;124/2022;2022_124_13;se;3
1447;124/2022;2022_124_13;ydintehtävä;1
1447;124/2022;2022_124_13;pieni;1
1447;124/2022;2022_124_13;kunta;1
1447;124/2022;2022_124_13;vastuu;2
1447;124/2022;2022_124_13;vaikkapa;1
1447;124/2022;2022_124_13;sairaanhoitajakoulutus;1
1447;124/2022;2022_124_13;vanhainkoti;1
1447;124/2022;2022_124_13;johtaja;1
1447;124/2022;2022_124_13;senaatti;3
1447;124/2022;2022_124_13;osaaminen;1
1447;124/2022;2022_124_13;ylläpito;1
1447;124/2022;2022_124_13;huolto;1
1447;124/2022;2022_124_13;sellainen;1
1447;124/2022;2022_124_13;esimerkiksi;2
1447;124/2022;2022_124_13;poliisipäällikkö;1
1447;124/2022;2022_124_13;tai;2
1447;124/2022;2022_124_13;museonjohtaja;1
1447;124/2022;2022_124_13;hoitaa;1
1447;124/2022;2022_124_13;hieno;1
1447;124/2022;2022_124_13;hallitus;1
1447;124/2022;2022_124_13;vauhdittaa;1
1447;124/2022;2022_124_13;toimitilastrategia;1
1447;124/2022;2022_124_13;toimeenpano;1
1447;124/2022;2022_124_13;näin;1
1447;124/2022;2022_124_13;säästö;3
1447;124/2022;2022_124_13;aiemmin;1
1447;124/2022;2022_124_13;enemmän;2
1447;124/2022;2022_124_13;tehostaminen;1
1447;124/2022;2022_124_13;onnistua;2
1447;124/2022;2022_124_13;kun;1
1447;124/2022;2022_124_13;eri;1
1447;124/2022;2022_124_13;yhdessä;1
1447;124/2022;2022_124_13;tarjota;1
1447;124/2022;2022_124_13;palvelu;4
1447;124/2022;2022_124_13;yhteinen;1
1447;124/2022;2022_124_13;palvelupiste;1
1447;124/2022;2022_124_13;samalla;2
1447;124/2022;2022_124_13;viedä;1
1447;124/2022;2022_124_13;käyntiasiointi;1
1447;124/2022;2022_124_13;lähemmäs;1
1447;124/2022;2022_124_13;ihminen;1
1447;124/2022;2022_124_13;parantaa;1
1447;124/2022;2022_124_13;aukioloaika;1
1447;124/2022;2022_124_13;huomioida;1
1447;124/2022;2022_124_13;myös;6
1447;124/2022;2022_124_13;lisääntyä;1
1447;124/2022;2022_124_13;digitaalinen;1
1447;124/2022;2022_124_13;digiloikka;1
1447;124/2022;2022_124_13;mukana;1
1447;124/2022;2022_124_13;luoda;1
1447;124/2022;2022_124_13;etätyömahdollisuus;1
1447;124/2022;2022_124_13;laatu;1
1447;124/2022;2022_124_13;saatavuus;1
1447;124/2022;2022_124_13;henkilöstö;1
1447;124/2022;2022_124_13;työolo;1
1447;124/2022;2022_124_13;kuitenkaan;1
1447;124/2022;2022_124_13;tinkiä;1
1447;124/2022;2022_124_13;varmistaa;1
1447;124/2022;2022_124_13;tarpeeton;1
1447;124/2022;2022_124_13;luopua;1
1447;124/2022;2022_124_13;iloinen;1
1447;124/2022;2022_124_13;vähentää;1
1447;124/2022;2022_124_13;harmaa;2
1447;124/2022;2022_124_13;talous;2
1447;124/2022;2022_124_13;työmaa;1
1447;124/2022;2022_124_13;suuri;1
1447;124/2022;2022_124_13;vaikeus;1
1447;124/2022;2022_124_13;torjunta;1
1447;124/2022;2022_124_13;rakennusala;1
1447;124/2022;2022_124_13;liittyä;1
1447;124/2022;2022_124_13;pitkä;1
1447;124/2022;2022_124_13;alihankintaketju;1
1447;124/2022;2022_124_13;uusi;2
1447;124/2022;2022_124_13;myötä;1
1447;124/2022;2022_124_13;päästö;1
1447;124/2022;2022_124_13;vähentyä;1
1447;124/2022;2022_124_13;viimeinen;1
1447;124/2022;2022_124_13;kymmenen;1
1447;124/2022;2022_124_13;prosentti;1
1447;124/2022;2022_124_13;valita;1
1447;124/2022;2022_124_13;oikea;1
1447;124/2022;2022_124_13;puurakentaminen;3
1447;124/2022;2022_124_13;pienentää;1
1447;124/2022;2022_124_13;elinkaari;1
1447;124/2022;2022_124_13;aikainen;1
1447;124/2022;2022_124_13;hiilijalanjälki;1
1447;124/2022;2022_124_13;linja;1
1447;124/2022;2022_124_13;kansallinen;1
1447;124/2022;2022_124_13;energia;1
1447;124/2022;2022_124_13;ilmastostrategia;1
1447;124/2022;2022_124_13;tavoite;1
1447;124/2022;2022_124_13;kanssa;1
1447;124/2022;2022_124_13;vaatia;1
1447;124/2022;2022_124_13;reilu;1
1447;124/2022;2022_124_13;lisääminen;1
1447;124/2022;2022_124_13;julkinen;2
1447;124/2022;2022_124_13;rakentaminen;1
1447;124/2022;2022_124_13;tuleva;2
1447;124/2022;2022_124_13;vuosikymmen;1
1447;124/2022;2022_124_13;suunnitelma;1
1447;124/2022;2022_124_13;sisältää;1
1447;124/2022;2022_124_13;yhteensä;2
1447;124/2022;2022_124_13;peruskorjausinvestointi;1
1447;124/2022;2022_124_13;sama;2
1447;124/2022;2022_124_13;ajanjakso;1
1447;124/2022;2022_124_13;osa;3
1447;124/2022;2022_124_13;esimerkki;1
1447;124/2022;2022_124_13;äänekoski;1
1447;124/2022;2022_124_13;käyttö;1
1447;124/2022;2022_124_13;ottaa;1
1447;124/2022;2022_124_13;ensimmäinen;1
1447;124/2022;2022_124_13;uudistaa;1
1447;124/2022;2022_124_13;poliisitalokonsepti;1
1447;124/2022;2022_124_13;mukainen;1
1447;124/2022;2022_124_13;poliisitalo;1
1447;124/2022;2022_124_13;konsepti;2
1447;124/2022;2022_124_13;suunnittelu;1
1447;124/2022;2022_124_13;ohjata;1
1447;124/2022;2022_124_13;poliisityö;1
1447;124/2022;2022_124_13;muuttua;1
1447;124/2022;2022_124_13;tarve;1
1447;124/2022;2022_124_13;tarkoitus;2
1447;124/2022;2022_124_13;lisätä;1
1447;124/2022;2022_124_13;hyvinvointi;1
1447;124/2022;2022_124_13;hyödyntää;1
1447;124/2022;2022_124_13;poliisitalohanke;1
1447;124/2022;2022_124_13;energiansäästö;1
1447;124/2022;2022_124_13;energiatehokkuus;1
1447;124/2022;2022_124_13;panostaminen;1
1447;124/2022;2022_124_13;keskeinen;1
1447;124/2022;2022_124_13;varautuminen;1
1447;124/2022;2022_124_13;säästäminen;1
1447;124/2022;2022_124_13;tarvita;1
1447;124/2022;2022_124_13;kaikki;1
1447;124/2022;2022_124_13;taho;1
1447;124/2022;2022_124_13;energiansäästötalkoo;1
1447;124/2022;2022_124_13;tulla;1
1447;124/2022;2022_124_13;osallistua;1
1447;124/2022;2022_124_13;talvi;1
1447;124/2022;2022_124_13;energiansäästöohjelma;1
1447;124/2022;2022_124_13;hakea;1
1447;124/2022;2022_124_13;samanlainen;1
1447;124/2022;2022_124_13;mahdollisuus;1
1447;124/2022;2022_124_13;jatko;1
1447;124/2022;2022_124_13;sdp;1
1447;124/2022;2022_124_13;eduskuntaryhmä;1
1447;124/2022;2022_124_13;haluta;1
1447;124/2022;2022_124_13;kiittää;1
1447;124/2022;2022_124_13;tekijäjoukko;1
1447;124/2022;2022_124_13;aktiivinen;1
1447;124/2022;2022_124_41;arvoisa;1
1447;124/2022;2022_124_41;puhemies;1
1447;124/2022;2022_124_41;ajatella;1
1447;124/2022;2022_124_41;niin;6
1447;124/2022;2022_124_41;että;10
1447;124/2022;2022_124_41;senaattikiinteistö;1
1447;124/2022;2022_124_41;tehdä;2
1447;124/2022;2022_124_41;vuokrausjärjestelmäuudistus;1
1447;124/2022;2022_124_41;markkinaehtoinen;1
1447;124/2022;2022_124_41;malli;2
1447;124/2022;2022_124_41;omakustannusperusteinen;1
1447;124/2022;2022_124_41;olla;21
1447;124/2022;2022_124_41;ratkaiseva;1
1447;124/2022;2022_124_41;rooli;2
1447;124/2022;2022_124_41;se;8
1447;124/2022;2022_124_41;kustannus;1
1447;124/2022;2022_124_41;saada;1
1447;124/2022;2022_124_41;säästää;1
1447;124/2022;2022_124_41;ja;12
1447;124/2022;2022_124_41;voida;3
1447;124/2022;2022_124_41;keskittää;1
1447;124/2022;2022_124_41;voimavara;1
1447;124/2022;2022_124_41;muun;1
1447;124/2022;2022_124_41;muassa;1
1447;124/2022;2022_124_41;tämä;5
1447;124/2022;2022_124_41;toimitilakanta;1
1447;124/2022;2022_124_41;parantaminen;1
1447;124/2022;2022_124_41;kunnossapito;1
1447;124/2022;2022_124_41;tärkeä;1
1447;124/2022;2022_124_41;toiminta;1
1447;124/2022;2022_124_41;kehittäminen;1
1447;124/2022;2022_124_41;jatkaa;1
1447;124/2022;2022_124_41;varsinainen;1
1447;124/2022;2022_124_41;tila;2
1447;124/2022;2022_124_41;käyttäjä;1
1447;124/2022;2022_124_41;kuunnella;1
1447;124/2022;2022_124_41;huolella;1
1447;124/2022;2022_124_41;liittyä;1
1447;124/2022;2022_124_41;suunnitelma;1
1447;124/2022;2022_124_41;ratkaisu;1
1447;124/2022;2022_124_41;ydinkäyttäjä;1
1447;124/2022;2022_124_41;merkittävä;1
1447;124/2022;2022_124_41;palaute;1
1447;124/2022;2022_124_41;kun;1
1447;124/2022;2022_124_41;ministeri;3
1447;124/2022;2022_124_41;kertoa;1
1447;124/2022;2022_124_41;parantua;1
1447;124/2022;2022_124_41;mutta;2
1447;124/2022;2022_124_41;aina;4
1447;124/2022;2022_124_41;yhteistyö;1
1447;124/2022;2022_124_41;ei;1
1447;124/2022;2022_124_41;aivan;1
1447;124/2022;2022_124_41;saumaton;1
1447;124/2022;2022_124_41;mielellään;1
1447;124/2022;2022_124_41;kuulla;1
1447;124/2022;2022_124_41;minkälainen;1
1447;124/2022;2022_124_41;ajatus;1
1447;124/2022;2022_124_41;kuinka;1
1447;124/2022;2022_124_41;minä;1
1447;124/2022;2022_124_41;hyvin;1
1447;124/2022;2022_124_41;vastata;1
1447;124/2022;2022_124_41;asiakas;1
1447;124/2022;2022_124_41;kokea;1
1447;124/2022;2022_124_41;sujuvuus;1
1447;124/2022;2022_124_41;vain;1
1447;124/2022;2022_124_41;entinen;1
1447;124/2022;2022_124_41;hyvä;1
1447;124/2022;2022_124_41;toinen;1
1447;124/2022;2022_124_41;näkökulma;1
1447;124/2022;2022_124_41;täällä;1
1447;124/2022;2022_124_41;paljon;1
1447;124/2022;2022_124_41;puhua;1
1447;124/2022;2022_124_41;etätyö;4
1447;124/2022;2022_124_41;lisääntyminen;2
1447;124/2022;2022_124_41;tuoda;1
1447;124/2022;2022_124_41;haaste;1
1447;124/2022;2022_124_41;helpotus;1
1447;124/2022;2022_124_41;nimenomaan;1
1447;124/2022;2022_124_41;helpottaa;1
1447;124/2022;2022_124_41;tilankäyttö;1
1447;124/2022;2022_124_41;tehostama;1
1447;124/2022;2022_124_41;kuin;1
1447;124/2022;2022_124_41;sitten;1
1447;124/2022;2022_124_41;sanoa;1
1447;124/2022;2022_124_41;iso;1
1447;124/2022;2022_124_41;osa;1
1447;124/2022;2022_124_41;valtio;2
1447;124/2022;2022_124_41;työntekijä;3
1447;124/2022;2022_124_41;pandemia;1
1447;124/2022;2022_124_41;aika;1
1447;124/2022;2022_124_41;jossakin;1
1447;124/2022;2022_124_41;määrin;1
1447;124/2022;2022_124_41;toimitilastrategia;1
1447;124/2022;2022_124_41;tavoite;1
1447;124/2022;2022_124_41;neljännes;1
1447;124/2022;2022_124_41;henkilöstö;1
1447;124/2022;2022_124_41;työskennellä;1
1447;124/2022;2022_124_41;virasto;1
1447;124/2022;2022_124_41;laitos;1
1447;124/2022;2022_124_41;yhteiskäyttötila;1
1447;124/2022;2022_124_41;vuosi;1
1447;124/2022;2022_124_41;mennessä;1
1447;124/2022;2022_124_41;nyt;1
1447;124/2022;2022_124_41;kysyä;1
1447;124/2022;2022_124_41;mahdollinen;1
1447;124/2022;2022_124_41;huomioida;1
1447;124/2022;2022_124_41;koko;1
1447;124/2022;2022_124_41;yhteiskunta;1
1447;124/2022;2022_124_41;lisääntyä;1
1447;124/2022;2022_124_41;moni;1
1447;124/2022;2022_124_41;muu;2
1447;124/2022;2022_124_41;tarve;1
1447;124/2022;2022_124_41;tällainen;3
1447;124/2022;2022_124_41;etätyötila;3
1447;124/2022;2022_124_41;käyttö;1
1447;124/2022;2022_124_41;oma;1
1447;124/2022;2022_124_41;kotikaupunki;1
1447;124/2022;2022_124_41;toimia;1
1447;124/2022;2022_124_41;loistavasti;1
1447;124/2022;2022_124_41;jämsä;1
1447;124/2022;2022_124_41;tehdas;1
1447;124/2022;2022_124_41;nimi;1
1447;124/2022;2022_124_41;käyttöaste;1
1447;124/2022;2022_124_41;kovin;1
1447;124/2022;2022_124_41;suuri;1
1447;124/2022;2022_124_41;rahoitus;1
1447;124/2022;2022_124_41;tietysti;1
1447;124/2022;2022_124_41;katko;1
1447;124/2022;2022_124_41;toisinaan;1
1447;124/2022;2022_124_41;jotenkin;1
1447;124/2022;2022_124_41;yhdistää;1
1447;124/2022;2022_124_41;myös;1
1447;124/2022;2022_124_41;yksityinen;1
1447;124/2022;2022_124_41;pystyä;1
1447;124/2022;2022_124_41;hyöty;1
1447;124/2022;2022_124_41;käyttää;1
1447;135/2022;2022_135_13;arvoisa;1
1447;135/2022;2022_135_13;puhemies;1
1447;135/2022;2022_135_13;suomalainen;1
1447;135/2022;2022_135_13;maatalous;2
1447;135/2022;2022_135_13;tilannekuva;1
1447;135/2022;2022_135_13;olla;7
1447;135/2022;2022_135_13;hyvin;1
1447;135/2022;2022_135_13;heikko;2
1447;135/2022;2022_135_13;yrittäjätulo;1
1447;135/2022;2022_135_13;laskea;1
1447;135/2022;2022_135_13;trendinomaisesti;1
1447;135/2022;2022_135_13;koko;1
1447;135/2022;2022_135_13;luku;1
1447;135/2022;2022_135_13;aika;1
1447;135/2022;2022_135_13;nykyinen;1
1447;135/2022;2022_135_13;kriisi;1
1447;135/2022;2022_135_13;suistaa;1
1447;135/2022;2022_135_13;jo;1
1447;135/2022;2022_135_13;ennestään;1
1447;135/2022;2022_135_13;tilanne;1
1447;135/2022;2022_135_13;alkutuotanto;2
1447;135/2022;2022_135_13;totaalinen;1
1447;135/2022;2022_135_13;ahdinko;2
1447;135/2022;2022_135_13;kotimainen;1
1447;135/2022;2022_135_13;ruoantuotanto;1
1447;135/2022;2022_135_13;jatkuminen;1
1447;135/2022;2022_135_13;ja;2
1447;135/2022;2022_135_13;elintarvikehuoltovarmuus;1
1447;135/2022;2022_135_13;turvata;1
1447;135/2022;2022_135_13;kaikki;1
1447;135/2022;2022_135_13;olosuhde;1
1447;135/2022;2022_135_13;tämä;1
1447;135/2022;2022_135_13;täytyä;1
1447;135/2022;2022_135_13;löytyä;2
1447;135/2022;2022_135_13;sekä;1
1447;135/2022;2022_135_13;tahto;1
1447;135/2022;2022_135_13;että;2
1447;135/2022;2022_135_13;resurssi;1
1447;135/2022;2022_135_13;sdp;1
1447;135/2022;2022_135_13;keskeinen;1
1447;135/2022;2022_135_13;näkemys;1
1447;135/2022;2022_135_13;aidosti;1
1447;135/2022;2022_135_13;kestävä;1
1447;135/2022;2022_135_13;ratkaisu;1
1447;135/2022;2022_135_13;vain;1
1447;135/2022;2022_135_13;ainoastaan;1
1447;135/2022;2022_135_13;markkina;1
1447;135/2022;2022_135_13;ei;1
1447;135/2022;2022_135_13;tukipolitiikka;1
1447;135/2022;2022_135_13;mikko;1
1447;135/2022;2022_135_13;savola;1
1447;135/2022;2022_135_13;näin;1
1447;135/2022;2022_135_13;se;1
1447;135/2022;2022_135_13;leena;1
1447;135/2022;2022_135_13;meri;1
1447;135/2022;2022_135_13;välihuuto;1
1447;20/2023;2023_20_127;kiitos;2
1447;20/2023;2023_20_127;arvoisa;1
1447;20/2023;2023_20_127;puhemies;1
1447;20/2023;2023_20_127;nopeus;1
1447;20/2023;2023_20_127;ja;8
1447;20/2023;2023_20_127;rikos;1
1447;20/2023;2023_20_127;estäminen;1
1447;20/2023;2023_20_127;ennaltaehkäisy;1
1447;20/2023;2023_20_127;olla;13
1447;20/2023;2023_20_127;varmasti;1
1447;20/2023;2023_20_127;se;7
1447;20/2023;2023_20_127;asia;3
1447;20/2023;2023_20_127;joka;2
1447;20/2023;2023_20_127;kaikki;1
1447;20/2023;2023_20_127;haluta;1
1447;20/2023;2023_20_127;edistää;1
1447;20/2023;2023_20_127;moni;2
1447;20/2023;2023_20_127;kerta;1
1447;20/2023;2023_20_127;todeta;1
1447;20/2023;2023_20_127;että;3
1447;20/2023;2023_20_127;hyvin;1
1447;20/2023;2023_20_127;vaikea;1
1447;20/2023;2023_20_127;pysyä;1
1447;20/2023;2023_20_127;rikollinen;1
1447;20/2023;2023_20_127;perässä;1
1447;20/2023;2023_20_127;erinomainen;1
1447;20/2023;2023_20_127;hyvä;2
1447;20/2023;2023_20_127;kohta;1
1447;20/2023;2023_20_127;nyt;1
1447;20/2023;2023_20_127;kiittää;1
1447;20/2023;2023_20_127;hallitus;1
1447;20/2023;2023_20_127;nimenomaisesti;1
1447;20/2023;2023_20_127;tämä;9
1447;20/2023;2023_20_127;esitys;1
1447;20/2023;2023_20_127;rajavartiolaitos;1
1447;20/2023;2023_20_127;poliisilaki;1
1447;20/2023;2023_20_127;muutos;1
1447;20/2023;2023_20_127;päivänselvä;1
1447;20/2023;2023_20_127;vähentää;1
1447;20/2023;2023_20_127;byrokratia;1
1447;20/2023;2023_20_127;mikä;1
1447;20/2023;2023_20_127;maa;1
1447;20/2023;2023_20_127;syy;1
1447;20/2023;2023_20_127;osa;1
1447;20/2023;2023_20_127;tehdä;1
1447;20/2023;2023_20_127;aika;1
1447;20/2023;2023_20_127;pysyminen;1
1447;20/2023;2023_20_127;totta;1
1447;20/2023;2023_20_127;kai;1
1447;20/2023;2023_20_127;tärkeä;1
1447;20/2023;2023_20_127;kun;1
1447;20/2023;2023_20_127;resurssi;1
1447;20/2023;2023_20_127;jo;2
1447;20/2023;2023_20_127;rajallinen;1
1447;20/2023;2023_20_127;niin;1
1447;20/2023;2023_20_127;käyttö;1
1447;20/2023;2023_20_127;järkevästi;1
1447;20/2023;2023_20_127;erittäin;2
1447;20/2023;2023_20_127;iloinen;1
1447;20/2023;2023_20_127;nimenomaan;1
1447;20/2023;2023_20_127;kuten;1
1447;20/2023;2023_20_127;mainita;1
1447;20/2023;2023_20_127;tuomioistuin;1
1447;20/2023;2023_20_127;käsittely;1
1447;20/2023;2023_20_127;nopeutuminen;1
1447;20/2023;2023_20_127;työmäärä;1
1447;20/2023;2023_20_127;vähentäminen;1
1447;20/2023;2023_20_127;siellä;2
1447;20/2023;2023_20_127;tarpeen;1
1447;20/2023;2023_20_127;todella;1
1447;20/2023;2023_20_127;paljon;1
1447;20/2023;2023_20_127;pitää;1
1447;20/2023;2023_20_127;saada;1
1447;20/2023;2023_20_127;eteenpäin;1
1447;20/2023;2023_20_127;jos;1
1447;20/2023;2023_20_127;keino;1
1447;20/2023;2023_20_127;löytää;1
1447;20/2023;2023_20_127;lisää;1
1447;20/2023;2023_20_127;mutta;2
1447;20/2023;2023_20_127;tietysti;1
1447;20/2023;2023_20_127;toivoa;1
1447;20/2023;2023_20_127;sitten;1
1447;20/2023;2023_20_127;suorittaa;1
1447;20/2023;2023_20_127;laki;1
1447;20/2023;2023_20_127;seuranta;1
1447;20/2023;2023_20_127;kuinka;1
1447;20/2023;2023_20_127;lähteä;1
1447;20/2023;2023_20_127;sujua;1
1447;20/2023;2023_20_127;tarkastella;1
1447;20/2023;2023_20_127;jatko;1
1447;20/2023;2023_20_127;vielä;1
1447;20/2023;2023_20_127;sieltä;1
1447;20/2023;2023_20_127;jokin;1
1447;20/2023;2023_20_127;muu;1
1447;20/2023;2023_20_127;porsaanreikä;1
1447;20/2023;2023_20_127;löytyä;1
1447;28/2023;2023_28_63;kiitos;2
1447;28/2023;2023_28_63;arvoisa;1
1447;28/2023;2023_28_63;puhemies;1
1447;28/2023;2023_28_63;lämmin;1
1447;28/2023;2023_28_63;myös;4
1447;28/2023;2023_28_63;oma;2
1447;28/2023;2023_28_63;puolesta;1
1447;28/2023;2023_28_63;aloitteentekijä;1
1447;28/2023;2023_28_63;edustaja;3
1447;28/2023;2023_28_63;suhonen;1
1447;28/2023;2023_28_63;kannattaa;1
1447;28/2023;2023_28_63;lämpimästi;1
1447;28/2023;2023_28_63;tämä;7
1447;28/2023;2023_28_63;lakiehdotus;1
1447;28/2023;2023_28_63;hyväksyminen;1
1447;28/2023;2023_28_63;partanen;1
1447;28/2023;2023_28_63;valitettavasti;1
1447;28/2023;2023_28_63;keretä;1
1447;28/2023;2023_28_63;jo;4
1447;28/2023;2023_28_63;poistua;1
1447;28/2023;2023_28_63;mutta;1
1447;28/2023;2023_28_63;aloittaa;1
1447;28/2023;2023_28_63;puheenvuoro;1
1447;28/2023;2023_28_63;jotenkin;1
1447;28/2023;2023_28_63;niin;3
1447;28/2023;2023_28_63;että;5
1447;28/2023;2023_28_63;paha;2
1447;28/2023;2023_28_63;mieli;2
1447;28/2023;2023_28_63;ja;13
1447;28/2023;2023_28_63;pettymys;2
1447;28/2023;2023_28_63;ei;5
1447;28/2023;2023_28_63;korvata;1
1447;28/2023;2023_28_63;tuntua;1
1447;28/2023;2023_28_63;kyllä;1
1447;28/2023;2023_28_63;se;15
1447;28/2023;2023_28_63;lausunto;3
1447;28/2023;2023_28_63;loukata;1
1447;28/2023;2023_28_63;erittäin;1
1447;28/2023;2023_28_63;pahasti;1
1447;28/2023;2023_28_63;työntekijä;1
1447;28/2023;2023_28_63;oikeus;2
1447;28/2023;2023_28_63;joka;4
1447;28/2023;2023_28_63;kärsiä;1
1447;28/2023;2023_28_63;aivan;2
1447;28/2023;2023_28_63;muu;1
1447;28/2023;2023_28_63;kuin;1
1447;28/2023;2023_28_63;työehto;2
1447;28/2023;2023_28_63;polkema;1
1447;28/2023;2023_28_63;tapahtua;1
1447;28/2023;2023_28_63;etenkin;1
1447;28/2023;2023_28_63;työmaa;1
1447;28/2023;2023_28_63;olla;13
1447;28/2023;2023_28_63;paljon;1
1447;28/2023;2023_28_63;alihankintayritys;1
1447;28/2023;2023_28_63;uhri;1
1447;28/2023;2023_28_63;usein;1
1447;28/2023;2023_28_63;nimenomaan;2
1447;28/2023;2023_28_63;ulkomaalainen;1
1447;28/2023;2023_28_63;hän;2
1447;28/2023;2023_28_63;aina;1
1447;28/2023;2023_28_63;tuntea;1
1447;28/2023;2023_28_63;kulttuuri;1
1447;28/2023;2023_28_63;tieten;1
1447;28/2023;2023_28_63;suuri;1
1447;28/2023;2023_28_63;ero;1
1447;28/2023;2023_28_63;kielitaito;1
1447;28/2023;2023_28_63;tuoda;1
1447;28/2023;2023_28_63;iso;1
1447;28/2023;2023_28_63;osa;1
1447;28/2023;2023_28_63;ihmetellä;3
1447;28/2023;2023_28_63;zyskowicz;1
1447;28/2023;2023_28_63;kun;1
1447;28/2023;2023_28_63;miksi;1
1447;28/2023;2023_28_63;minä;3
1447;28/2023;2023_28_63;esimerkiksi;2
1447;28/2023;2023_28_63;viimeskausi;1
1447;28/2023;2023_28_63;hallintovaliokunta;1
1447;28/2023;2023_28_63;kuulla;1
1447;28/2023;2023_28_63;rakennusliitto;1
1447;28/2023;2023_28_63;jos;1
1447;28/2023;2023_28_63;tänään;1
1447;28/2023;2023_28_63;käydä;1
1447;28/2023;2023_28_63;työpaikkatarkastus;1
1447;28/2023;2023_28_63;sieltä;1
1447;28/2023;2023_28_63;saattaa;1
1447;28/2023;2023_28_63;löytyä;1
1447;28/2023;2023_28_63;viisi;1
1447;28/2023;2023_28_63;vastentahtoisesti;1
1447;28/2023;2023_28_63;kevytyrittäjä;1
1447;28/2023;2023_28_63;tulla;1
1447;28/2023;2023_28_63;yrittäjä;1
1447;28/2023;2023_28_63;seuraava;1
1447;28/2023;2023_28_63;tarkastuskierros;1
1447;28/2023;2023_28_63;voida;5
1447;28/2023;2023_28_63;juuri;1
1447;28/2023;2023_28_63;asia;1
1447;28/2023;2023_28_63;aloite;2
1447;28/2023;2023_28_63;vaikuttaa;2
1447;28/2023;2023_28_63;tarkoitus;1
1447;28/2023;2023_28_63;torjua;2
1447;28/2023;2023_28_63;harmaa;1
1447;28/2023;2023_28_63;talous;1
1447;28/2023;2023_28_63;alipalkkaus;1
1447;28/2023;2023_28_63;nuori;3
1447;28/2023;2023_28_63;polkeminen;1
1447;28/2023;2023_28_63;yksi;1
1447;28/2023;2023_28_63;väline;1
1447;28/2023;2023_28_63;kaikki;1
1447;28/2023;2023_28_63;tietää;1
1447;28/2023;2023_28_63;kesätyöläinen;1
1447;28/2023;2023_28_63;työvuoro;1
1447;28/2023;2023_28_63;perua;3
1447;28/2023;2023_28_63;sääolosuhde;1
1447;28/2023;2023_28_63;vedota;1
1447;28/2023;2023_28_63;tai;1
1447;28/2023;2023_28_63;lähipiiri;1
1447;28/2023;2023_28_63;opiskelija;1
1447;28/2023;2023_28_63;tehdä;1
1447;28/2023;2023_28_63;paikallinen;1
1447;28/2023;2023_28_63;kauppa;1
1447;28/2023;2023_28_63;vuoro;3
1447;28/2023;2023_28_63;vaikka;1
1447;28/2023;2023_28_63;yksittäinen;1
1447;28/2023;2023_28_63;varata;1
1447;28/2023;2023_28_63;edellinen;1
1447;28/2023;2023_28_63;päivä;1
1447;28/2023;2023_28_63;normaali;2
1447;28/2023;2023_28_63;käytäntö;2
1447;28/2023;2023_28_63;toivoa;1
1447;28/2023;2023_28_63;työmarkkinat;1
1447;28/2023;2023_28_63;tällainen;1
1447;28/2023;2023_28_63;rehellinen;1
1447;28/2023;2023_28_63;yritys;1
1447;28/2023;2023_28_63;laki;1
1447;28/2023;2023_28_63;mikään;1
1447;28/2023;2023_28_63;haitta;1
1447;28/2023;2023_28_63;pia;1
1447;28/2023;2023_28_63;viitanen;1
1447;28/2023;2023_28_63;totta;1
1447;38/2023;2023_38_3;arvoisa;1
1447;38/2023;2023_38_3;puhemies;1
1447;38/2023;2023_38_3;viettää;1
1447;38/2023;2023_38_3;tänään;1
1447;38/2023;2023_38_3;kansainvälinen;1
1447;38/2023;2023_38_3;opettaja;6
1447;38/2023;2023_38_3;päivä;1
1447;38/2023;2023_38_3;suomi;1
1447;38/2023;2023_38_3;osata;1
1447;38/2023;2023_38_3;innostava;1
1447;38/2023;2023_38_3;ja;1
1447;38/2023;2023_38_3;kannustaa;1
1447;38/2023;2023_38_3;olla;5
1447;38/2023;2023_38_3;kansallinen;1
1447;38/2023;2023_38_3;ylpeys;1
1447;38/2023;2023_38_3;aihe;1
1447;38/2023;2023_38_3;tämä;4
1447;38/2023;2023_38_3;hetki;1
1447;38/2023;2023_38_3;moni;1
1447;38/2023;2023_38_3;kuitenkin;1
1447;38/2023;2023_38_3;ihmetellä;1
1447;38/2023;2023_38_3;hallitus;3
1447;38/2023;2023_38_3;tahto;1
1447;38/2023;2023_38_3;viedä;2
1447;38/2023;2023_38_3;uusi;2
1447;38/2023;2023_38_3;innokas;1
1447;38/2023;2023_38_3;kesä;1
1447;38/2023;2023_38_3;toimeentulo;1
1447;38/2023;2023_38_3;kun;1
1447;38/2023;2023_38_3;vastavalmistunut;1
1447;38/2023;2023_38_3;vielä;2
1447;38/2023;2023_38_3;vakipaikka;1
1447;38/2023;2023_38_3;vailla;2
1447;38/2023;2023_38_3;aloittaa;1
1447;38/2023;2023_38_3;syksy;1
1447;38/2023;2023_38_3;tehtävä;1
1447;38/2023;2023_38_3;kevätjuhla;1
1447;38/2023;2023_38_3;jälkeen;1
1447;38/2023;2023_38_3;edessä;1
1447;38/2023;2023_38_3;täysi;1
1447;38/2023;2023_38_3;ansioturva;1
1447;38/2023;2023_38_3;sijaan;1
1447;38/2023;2023_38_3;putoaminen;1
1447;38/2023;2023_38_3;peruspäiväraha;1
1447;38/2023;2023_38_3;minimiturva;1
1447;38/2023;2023_38_3;siksi;1
1447;38/2023;2023_38_3;että;1
1447;38/2023;2023_38_3;aikoa;1
1447;38/2023;2023_38_3;pidentää;1
1447;38/2023;2023_38_3;työssäoloehto;1
1447;38/2023;2023_38_3;täyttymisaika;1
1447;38/2023;2023_38_3;ministeri;1
1447;38/2023;2023_38_3;satonen;1
1447;38/2023;2023_38_3;aikamoinen;1
1447;38/2023;2023_38_3;suvivirsi;1
1447;38/2023;2023_38_3;sinä;2
1447;38/2023;2023_38_3;säveltää;1
1447;38/2023;2023_38_3;miksi;1
1447;38/2023;2023_38_3;haluta;1
1447;38/2023;2023_38_3;vakinainen;1
1447;38/2023;2023_38_3;työsuhde;1
1447;38/2023;2023_38_3;kesäansioturva;1
1447;40/2023;2023_40_753;arvoisa;3
1447;40/2023;2023_40_753;puhemies;3
1447;40/2023;2023_40_753;valtiovarainministeri;1
1447;40/2023;2023_40_753;purra;1
1447;40/2023;2023_40_753;sanoa;1
1447;40/2023;2023_40_753;oma;3
1447;40/2023;2023_40_753;talousarvio;1
1447;40/2023;2023_40_753;esittelypuheenvuoro;1
1447;40/2023;2023_40_753;eilen;1
1447;40/2023;2023_40_753;että;11
1447;40/2023;2023_40_753;arvovalinta;3
1447;40/2023;2023_40_753;kuulua;1
1447;40/2023;2023_40_753;minä;5
1447;40/2023;2023_40_753;poliitikko;1
1447;40/2023;2023_40_753;ja;32
1447;40/2023;2023_40_753;niin;3
1447;40/2023;2023_40_753;se;26
1447;40/2023;2023_40_753;olla;33
1447;40/2023;2023_40_753;tämä;6
1447;40/2023;2023_40_753;kuin;1
1447;40/2023;2023_40_753;aiempi;1
1447;40/2023;2023_40_753;talousarviokirja;1
1447;40/2023;2023_40_753;kyse;1
1447;40/2023;2023_40_753;mitä;1
1447;40/2023;2023_40_753;suuri;3
1447;40/2023;2023_40_753;määrin;1
1447;40/2023;2023_40_753;arvo;1
1447;40/2023;2023_40_753;käytäntö;4
1447;40/2023;2023_40_753;laittaminen;1
1447;40/2023;2023_40_753;puhe;1
1447;40/2023;2023_40_753;ei;7
1447;40/2023;2023_40_753;riittää;1
1447;40/2023;2023_40_753;pelkästään;1
1447;40/2023;2023_40_753;muutos;3
1447;40/2023;2023_40_753;saada;5
1447;40/2023;2023_40_753;aikaan;1
1447;40/2023;2023_40_753;tarvita;3
1447;40/2023;2023_40_753;teko;4
1447;40/2023;2023_40_753;täällä;3
1447;40/2023;2023_40_753;nyt;2
1447;40/2023;2023_40_753;tehdä;4
1447;40/2023;2023_40_753;hallitus;7
1447;40/2023;2023_40_753;kohde;1
1447;40/2023;2023_40_753;kohdistaa;1
1447;40/2023;2023_40_753;leikkaus;1
1447;40/2023;2023_40_753;erityisesti;4
1447;40/2023;2023_40_753;nuori;1
1447;40/2023;2023_40_753;yksinhuoltajaperhe;1
1447;40/2023;2023_40_753;yksin;1
1447;40/2023;2023_40_753;asua;1
1447;40/2023;2023_40_753;työtön;1
1447;40/2023;2023_40_753;puhua;2
1447;40/2023;2023_40_753;luvata;1
1447;40/2023;2023_40_753;kohtuullisuus;2
1447;40/2023;2023_40_753;kukaan;1
1447;40/2023;2023_40_753;joutua;2
1447;40/2023;2023_40_753;kohtuuton;1
1447;40/2023;2023_40_753;tilanne;3
1447;40/2023;2023_40_753;päätös;1
1447;40/2023;2023_40_753;vuoksi;1
1447;40/2023;2023_40_753;asiantuntija;1
1447;40/2023;2023_40_753;antaa;2
1447;40/2023;2023_40_753;lausunto;1
1447;40/2023;2023_40_753;huolimatta;1
1447;40/2023;2023_40_753;nähdä;1
1447;40/2023;2023_40_753;syy;3
1447;40/2023;2023_40_753;muuttaa;1
1447;40/2023;2023_40_753;valita;1
1447;40/2023;2023_40_753;valinta;1
1447;40/2023;2023_40_753;taloudenstilanne;1
1447;40/2023;2023_40_753;yksi;2
1447;40/2023;2023_40_753;historia;1
1447;40/2023;2023_40_753;veronalennus;1
1447;40/2023;2023_40_753;juuri;1
1447;40/2023;2023_40_753;suurituloinen;1
1447;40/2023;2023_40_753;alentaa;1
1447;40/2023;2023_40_753;olut;1
1447;40/2023;2023_40_753;verotus;1
1447;40/2023;2023_40_753;nostaa;1
1447;40/2023;2023_40_753;lääke;1
1447;40/2023;2023_40_753;arvonlisävero;1
1447;40/2023;2023_40_753;suu;1
1447;40/2023;2023_40_753;kertoa;2
1447;40/2023;2023_40_753;talous;1
1447;40/2023;2023_40_753;haluta;1
1447;40/2023;2023_40_753;tasapainottaa;1
1447;40/2023;2023_40_753;mutta;2
1447;40/2023;2023_40_753;jakaa;1
1447;40/2023;2023_40_753;kyllä;2
1447;40/2023;2023_40_753;varsin;1
1447;40/2023;2023_40_753;epäoikeudenmukaisesti;1
1447;40/2023;2023_40_753;tasapaino;1
1447;40/2023;2023_40_753;näkyä;1
1447;40/2023;2023_40_753;kansalainen;1
1447;40/2023;2023_40_753;kestää;1
1447;40/2023;2023_40_753;politiikka;1
1447;40/2023;2023_40_753;jos;1
1447;40/2023;2023_40_753;oikeudenmukaisesti;1
1447;40/2023;2023_40_753;tasapuolisesti;2
1447;40/2023;2023_40_753;kokonaisvaikutus;1
1447;40/2023;2023_40_753;huomioida;1
1447;40/2023;2023_40_753;vähätellä;1
1447;40/2023;2023_40_753;esimerkiksi;3
1447;40/2023;2023_40_753;solidaarisuusvero;1
1447;40/2023;2023_40_753;alaraja;1
1447;40/2023;2023_40_753;nosto;1
1447;40/2023;2023_40_753;maksaa;1
1447;40/2023;2023_40_753;vain;2
1447;40/2023;2023_40_753;miljoona;1
1447;40/2023;2023_40_753;euro;1
1447;40/2023;2023_40_753;raha;1
1447;40/2023;2023_40_753;todella;1
1447;40/2023;2023_40_753;käyttö;1
1447;40/2023;2023_40_753;vaikkapa;1
1447;40/2023;2023_40_753;hyvinvointipalvelu;1
1447;40/2023;2023_40_753;koulutuspuoli;1
1447;40/2023;2023_40_753;tai;1
1447;40/2023;2023_40_753;kunta;6
1447;40/2023;2023_40_753;tehtävä;5
1447;40/2023;2023_40_753;sote-uudistus;1
1447;40/2023;2023_40_753;jälkeen;1
1447;40/2023;2023_40_753;muuttua;1
1447;40/2023;2023_40_753;merkittävästi;1
1447;40/2023;2023_40_753;jatko;1
1447;40/2023;2023_40_753;perusopetus;1
1447;40/2023;2023_40_753;toinen;1
1447;40/2023;2023_40_753;aste;1
1447;40/2023;2023_40_753;varhaiskasvatus;1
1447;40/2023;2023_40_753;järjestäminen;1
1447;40/2023;2023_40_753;nykyinen;1
1447;40/2023;2023_40_753;valtionosuusjärjestelmä;2
1447;40/2023;2023_40_753;enää;1
1447;40/2023;2023_40_753;vastata;2
1447;40/2023;2023_40_753;uhka;1
1447;40/2023;2023_40_753;karsia;1
1447;40/2023;2023_40_753;jo;2
1447;40/2023;2023_40_753;lakisääteinen;1
1447;40/2023;2023_40_753;hoitaminen;1
1447;40/2023;2023_40_753;maakunta;1
1447;40/2023;2023_40_753;keski-suomi;1
1447;40/2023;2023_40_753;valtionosuus;2
1447;40/2023;2023_40_753;tippua;2
1447;40/2023;2023_40_753;yli;1
1447;40/2023;2023_40_753;prosentti;2
1447;40/2023;2023_40_753;kotikunta;1
1447;40/2023;2023_40_753;jämsä;1
1447;40/2023;2023_40_753;melkein;1
1447;40/2023;2023_40_753;rahoitusjärjestelmä;2
1447;40/2023;2023_40_753;eriyttää;1
1447;40/2023;2023_40_753;valtionosuusvähennys;1
1447;40/2023;2023_40_753;osua;1
1447;40/2023;2023_40_753;joka;8
1447;40/2023;2023_40_753;haaste;2
1447;40/2023;2023_40_753;valmis;1
1447;40/2023;2023_40_753;kaivata;1
1447;40/2023;2023_40_753;siis;2
1447;40/2023;2023_40_753;hyvin;3
1447;40/2023;2023_40_753;pikainen;1
1447;40/2023;2023_40_753;oikeudenmukainen;1
1447;40/2023;2023_40_753;uudistus;1
1447;40/2023;2023_40_753;kansainvälinen;2
1447;40/2023;2023_40_753;jännittynyt;1
1447;40/2023;2023_40_753;eilinen;1
1447;40/2023;2023_40_753;uutinen;3
1447;40/2023;2023_40_753;kaasuputki;1
1447;40/2023;2023_40_753;datakaapeli;1
1447;40/2023;2023_40_753;rikkoutuminen;1
1447;40/2023;2023_40_753;keskustelu;1
1447;40/2023;2023_40_753;tapahtuma;1
1447;40/2023;2023_40_753;tahallisuus;1
1447;40/2023;2023_40_753;ukraina;1
1447;40/2023;2023_40_753;sota;1
1447;40/2023;2023_40_753;sekä;2
1447;40/2023;2023_40_753;israel;1
1447;40/2023;2023_40_753;palestiina;1
1447;40/2023;2023_40_753;välinen;1
1447;40/2023;2023_40_753;luoda;2
1447;40/2023;2023_40_753;pelko;2
1447;40/2023;2023_40_753;epävarmuus;3
1447;40/2023;2023_40_753;aivan;1
1447;40/2023;2023_40_753;tavallinen;1
1447;40/2023;2023_40_753;ihminen;1
1447;40/2023;2023_40_753;markkina;2
1447;40/2023;2023_40_753;suomi;2
1447;40/2023;2023_40_753;erityinen;2
1447;40/2023;2023_40_753;tarkka;1
1447;40/2023;2023_40_753;sijainti;1
1447;40/2023;2023_40_753;venäjä;1
1447;40/2023;2023_40_753;naapuri;1
1447;40/2023;2023_40_753;aiheuttaa;2
1447;40/2023;2023_40_753;sijoittaja;1
1447;40/2023;2023_40_753;muun;1
1447;40/2023;2023_40_753;muassa;1
1447;40/2023;2023_40_753;matkailija;1
1447;40/2023;2023_40_753;rinnalla;1
1447;40/2023;2023_40_753;lukea;1
1447;40/2023;2023_40_753;vientiteollisuus;1
1447;40/2023;2023_40_753;rakennusteollisuus;1
1447;40/2023;2023_40_753;käynti;1
1447;40/2023;2023_40_753;turbulenssi;1
1447;40/2023;2023_40_753;kun;1
1447;40/2023;2023_40_753;vakaus;1
1447;40/2023;2023_40_753;usko;1
1447;40/2023;2023_40_753;näkymä;1
1447;40/2023;2023_40_753;tuleva;1
1447;40/2023;2023_40_753;sama;2
1447;40/2023;2023_40_753;aika;2
1447;40/2023;2023_40_753;lähteä;1
1447;40/2023;2023_40_753;horjuttaa;1
1447;40/2023;2023_40_753;työmarkkinat;2
1447;40/2023;2023_40_753;ennennäkemätön;1
1447;40/2023;2023_40_753;tapa;1
1447;40/2023;2023_40_753;vahvuus;1
1447;40/2023;2023_40_753;kilpailijamaa;1
1447;40/2023;2023_40_753;verrata;1
1447;40/2023;2023_40_753;yhteiskunta;1
1447;40/2023;2023_40_753;toimivuus;2
1447;40/2023;2023_40_753;julkinen;1
1447;40/2023;2023_40_753;hallinto;1
1447;40/2023;2023_40_753;avoimuus;1
1447;40/2023;2023_40_753;osaaminen;2
1447;40/2023;2023_40_753;osaava;1
1447;40/2023;2023_40_753;työvoima;1
1447;40/2023;2023_40_753;mikä;1
1447;40/2023;2023_40_753;suora;1
1447;40/2023;2023_40_753;yhteys;1
1447;40/2023;2023_40_753;myös;1
1447;40/2023;2023_40_753;tuottavuus;3
1447;40/2023;2023_40_753;edellytys;1
1447;40/2023;2023_40_753;työntekijä;4
1447;40/2023;2023_40_753;työ;1
1447;40/2023;2023_40_753;hän;2
1447;40/2023;2023_40_753;soveltua;1
1447;40/2023;2023_40_753;kyky;1
1447;40/2023;2023_40_753;pitää;1
1447;40/2023;2023_40_753;huoli;1
1447;40/2023;2023_40_753;kuinka;1
1447;40/2023;2023_40_753;reagoida;1
1447;40/2023;2023_40_753;kehittäminen;1
1447;40/2023;2023_40_753;heikentää;1
1447;40/2023;2023_40_753;koulutusmahdollisuus;1
1447;40/2023;2023_40_753;tärkeä;1
1447;40/2023;2023_40_753;puuttua;1
1447;40/2023;2023_40_753;juurisyy;1
1447;40/2023;2023_40_753;työllistyminen;1
1447;40/2023;2023_40_753;este;1
1447;40/2023;2023_40_753;työkyky;1
1447;40/2023;2023_40_753;terveys;1
1447;40/2023;2023_40_753;ikä;1
1447;40/2023;2023_40_753;merkittävä;1
1447;40/2023;2023_40_753;mainita;1
1447;40/2023;2023_40_753;lisäksi;1
1447;40/2023;2023_40_753;liikkuvuus;1
1447;40/2023;2023_40_753;sijoittua;1
1447;40/2023;2023_40_753;vertailijamaa;1
1447;40/2023;2023_40_753;nähden;1
1447;40/2023;2023_40_753;heikosti;1
1447;40/2023;2023_40_753;maa;3
1447;40/2023;2023_40_753;pärjätä;1
1447;40/2023;2023_40_753;pystyä;1
1447;40/2023;2023_40_753;yhdistää;1
1447;40/2023;2023_40_753;joustavuus;1
1447;40/2023;2023_40_753;oikeus;1
1447;40/2023;2023_40_753;suojelu;1
1447;40/2023;2023_40_753;osata;1
1447;40/2023;2023_40_753;varautua;1
1447;40/2023;2023_40_753;yllättävä;1
1447;40/2023;2023_40_753;huolehtia;1
1447;40/2023;2023_40_753;infras;1
1447;40/2023;2023_40_753;energia;1
1447;40/2023;2023_40_753;kohtuullinen;1
1447;40/2023;2023_40_753;hinta;1
1447;40/2023;2023_40_753;huoltovarmuus;1
1447;40/2023;2023_40_753;kanta;1
1447;40/2023;2023_40_753;paletti;1
1447;40/2023;2023_40_753;monipuolinen;1
1447;40/2023;2023_40_753;keskeinen;2
1447;40/2023;2023_40_753;kaikki;1
1447;40/2023;2023_40_753;luottamus;1
1447;40/2023;2023_40_753;osapuoli;2
1447;40/2023;2023_40_753;eri;2
1447;40/2023;2023_40_753;asia;2
1447;40/2023;2023_40_753;koskea;1
1447;40/2023;2023_40_753;päättää;2
1447;40/2023;2023_40_753;ottaa;1
1447;40/2023;2023_40_753;näkemys;1
1447;40/2023;2023_40_753;vaikutus;1
1447;40/2023;2023_40_753;huomio;1
1447;40/2023;2023_40_753;oleellinen;1
1447;40/2023;2023_40_753;puolueettomasti;1
1447;40/2023;2023_40_753;vaikutusarviointti;1
1447;40/2023;2023_40_753;suhtautua;1
1447;40/2023;2023_40_753;vakavasti;1
1447;40/2023;2023_40_753;paljon;1
1447;40/2023;2023_40_753;enemmän;1
1447;40/2023;2023_40_753;oikeudenmukaisuus;1
1447;59/2023;2023_59_289;arvoisa;1
1447;59/2023;2023_59_289;puhemies;1
1447;59/2023;2023_59_289;voida;4
1447;59/2023;2023_59_289;luetella;1
1447;59/2023;2023_59_289;pitkä;2
1447;59/2023;2023_59_289;lista;1
1447;59/2023;2023_59_289;se;8
1447;59/2023;2023_59_289;mikä;3
1447;59/2023;2023_59_289;kaikki;2
1447;59/2023;2023_59_289;hallitus;10
1447;59/2023;2023_59_289;esitys;1
1447;59/2023;2023_59_289;olla;29
1447;59/2023;2023_59_289;leikata;1
1447;59/2023;2023_59_289;nuori;12
1447;59/2023;2023_59_289;ja;23
1447;59/2023;2023_59_289;vaikuttaa;2
1447;59/2023;2023_59_289;esimerkiksi;3
1447;59/2023;2023_59_289;opiskelu;1
1447;59/2023;2023_59_289;suoriutuminen;1
1447;59/2023;2023_59_289;aika;2
1447;59/2023;2023_59_289;ottaa;1
1447;59/2023;2023_59_289;kuitenkin;2
1447;59/2023;2023_59_289;tämä;9
1447;59/2023;2023_59_289;puheenvuoro;1
1447;59/2023;2023_59_289;kärki;1
1447;59/2023;2023_59_289;työelämä;7
1447;59/2023;2023_59_289;asia;2
1447;59/2023;2023_59_289;sali;2
1447;59/2023;2023_59_289;tänään;3
1447;59/2023;2023_59_289;kertoa;4
1447;59/2023;2023_59_289;usea;2
1447;59/2023;2023_59_289;esimerkki;1
1447;59/2023;2023_59_289;määräaikainen;1
1447;59/2023;2023_59_289;työsopimus;1
1447;59/2023;2023_59_289;aiheuttaa;1
1447;59/2023;2023_59_289;epävarmuus;2
1447;59/2023;2023_59_289;kuinka;3
1447;59/2023;2023_59_289;laina;1
1447;59/2023;2023_59_289;saaminen;2
1447;59/2023;2023_59_289;usein;1
1447;59/2023;2023_59_289;jo;4
1447;59/2023;2023_59_289;osamaksukauppa;1
1447;59/2023;2023_59_289;kiinni;1
1447;59/2023;2023_59_289;vakituinen;1
1447;59/2023;2023_59_289;työ;7
1447;59/2023;2023_59_289;kaavailla;1
1447;59/2023;2023_59_289;heikennys;2
1447;59/2023;2023_59_289;luvata;1
1447;59/2023;2023_59_289;vain;2
1447;59/2023;2023_59_289;turvaton;2
1447;59/2023;2023_59_289;epävakaa;1
1447;59/2023;2023_59_289;tulevaisuus;1
1447;59/2023;2023_59_289;sallia;1
1447;59/2023;2023_59_289;perusteeton;1
1447;59/2023;2023_59_289;määräaikaisuus;2
1447;59/2023;2023_59_289;ohjata;1
1447;59/2023;2023_59_289;yhä;1
1447;59/2023;2023_59_289;pätkätyöllisyys;1
1447;59/2023;2023_59_289;kuin;2
1447;59/2023;2023_59_289;joutua;1
1447;59/2023;2023_59_289;vuosi;2
1447;59/2023;2023_59_289;koeaika;1
1447;59/2023;2023_59_289;kun;2
1447;59/2023;2023_59_289;ei;8
1447;59/2023;2023_59_289;enää;1
1447;59/2023;2023_59_289;tarvita;4
1447;59/2023;2023_59_289;peruste;1
1447;59/2023;2023_59_289;puhua;3
1447;59/2023;2023_59_289;paljon;1
1447;59/2023;2023_59_289;hän;3
1447;59/2023;2023_59_289;toimi;4
1447;59/2023;2023_59_289;haluta;4
1447;59/2023;2023_59_289;lisätä;1
1447;59/2023;2023_59_289;työllisyys;1
1447;59/2023;2023_59_289;hyvä;4
1447;59/2023;2023_59_289;mielenterveys;1
1447;59/2023;2023_59_289;hoito;1
1447;59/2023;2023_59_289;kyllä;1
1447;59/2023;2023_59_289;suuri;4
1447;59/2023;2023_59_289;merkitys;2
1447;59/2023;2023_59_289;minä;4
1447;59/2023;2023_59_289;elämä;1
1447;59/2023;2023_59_289;vielä;1
1447;59/2023;2023_59_289;minkälainen;2
1447;59/2023;2023_59_289;saada;1
1447;59/2023;2023_59_289;tehdä;7
1447;59/2023;2023_59_289;alle;1
1447;59/2023;2023_59_289;vuotias;1
1447;59/2023;2023_59_289;työntekijä;2
1447;59/2023;2023_59_289;pahoinvointi;1
1447;59/2023;2023_59_289;sairauspoissaolo;1
1447;59/2023;2023_59_289;eläköityminen;1
1447;59/2023;2023_59_289;kasvaa;1
1447;59/2023;2023_59_289;merkittävästi;1
1447;59/2023;2023_59_289;arvokas;1
1447;59/2023;2023_59_289;jos;1
1447;59/2023;2023_59_289;alkaa;1
1447;59/2023;2023_59_289;saatella;1
1447;59/2023;2023_59_289;huoli;1
1447;59/2023;2023_59_289;taloudellinen;1
1447;59/2023;2023_59_289;turva;1
1447;59/2023;2023_59_289;tuoda;1
1447;59/2023;2023_59_289;työpaikka;3
1447;59/2023;2023_59_289;löytyminen;1
1447;59/2023;2023_59_289;itse;2
1447;59/2023;2023_59_289;aina;1
1447;59/2023;2023_59_289;että;8
1447;59/2023;2023_59_289;lapsi;2
1447;59/2023;2023_59_289;työllistyä;1
1447;59/2023;2023_59_289;joka;5
1447;59/2023;2023_59_289;palkka;2
1447;59/2023;2023_59_289;neuvotella;1
1447;59/2023;2023_59_289;reilusti;1
1447;59/2023;2023_59_289;oikeudenmukaisesti;1
1447;59/2023;2023_59_289;luottaa;1
1447;59/2023;2023_59_289;kohdella;1
1447;59/2023;2023_59_289;tasavertainen;2
1447;59/2023;2023_59_289;työpari;1
1447;59/2023;2023_59_289;lähteä;1
1447;59/2023;2023_59_289;paikallisesti;1
1447;59/2023;2023_59_289;sopia;1
1447;59/2023;2023_59_289;työaika;1
1447;59/2023;2023_59_289;loma;1
1447;59/2023;2023_59_289;tai;4
1447;59/2023;2023_59_289;eri;2
1447;59/2023;2023_59_289;korvaus;1
1447;59/2023;2023_59_289;kuten;1
1447;59/2023;2023_59_289;ilta;1
1447;59/2023;2023_59_289;yö;1
1447;59/2023;2023_59_289;viikonloppulisä;1
1447;59/2023;2023_59_289;määrä;2
1447;59/2023;2023_59_289;koko;1
1447;59/2023;2023_59_289;lisä;1
1447;59/2023;2023_59_289;olemassaolo;1
1447;59/2023;2023_59_289;maksaminen;1
1447;59/2023;2023_59_289;aikataulu;1
1447;59/2023;2023_59_289;lomakorvaus;1
1447;59/2023;2023_59_289;samalla;1
1447;59/2023;2023_59_289;moni;2
1447;59/2023;2023_59_289;keino;1
1447;59/2023;2023_59_289;luoda;1
1447;59/2023;2023_59_289;työmarkkinat;1
1447;59/2023;2023_59_289;pitää;2
1447;59/2023;2023_59_289;reilu;1
1447;59/2023;2023_59_289;teko;2
1447;59/2023;2023_59_289;vuoropuhelu;1
1447;59/2023;2023_59_289;työnantaja;1
1447;59/2023;2023_59_289;välillä;1
1447;59/2023;2023_59_289;työolo;1
1447;59/2023;2023_59_289;parantaminen;1
1447;59/2023;2023_59_289;perhe-elämä;1
1447;59/2023;2023_59_289;yhdistäminen;1
1447;59/2023;2023_59_289;kasvuolo;1
1447;59/2023;2023_59_289;tukeminen;1
1447;59/2023;2023_59_289;kuorma;2
1447;59/2023;2023_59_289;jakautuminen;1
1447;59/2023;2023_59_289;sosiaali;1
1447;59/2023;2023_59_289;terveydenhuolto;1
1447;59/2023;2023_59_289;ala;1
1447;59/2023;2023_59_289;kautta;1
1447;59/2023;2023_59_289;aiheutua;1
1447;59/2023;2023_59_289;hallinta;1
1447;59/2023;2023_59_289;hallituspuolue;1
1447;59/2023;2023_59_289;edustaja;1
1447;59/2023;2023_59_289;täällä;1
1447;59/2023;2023_59_289;vähätellä;1
1447;59/2023;2023_59_289;puhuminen;1
1447;59/2023;2023_59_289;oppositio;2
1447;59/2023;2023_59_289;pelotella;1
1447;59/2023;2023_59_289;pelkkä;1
1447;59/2023;2023_59_289;propaganda;1
1447;59/2023;2023_59_289;kommentoida;1
1447;59/2023;2023_59_289;puhe;2
1447;59/2023;2023_59_289;lapsellinen;1
1447;59/2023;2023_59_289;nyt;1
1447;59/2023;2023_59_289;pakko;2
1447;59/2023;2023_59_289;kuulemma;1
1447;59/2023;2023_59_289;sitten;1
1447;59/2023;2023_59_289;kohta;1
1447;59/2023;2023_59_289;muistuttaa;1
1447;59/2023;2023_59_289;viime;1
1447;59/2023;2023_59_289;kausi;1
1447;59/2023;2023_59_289;marin;1
1447;59/2023;2023_59_289;maa;1
1447;59/2023;2023_59_289;työllinen;2
1447;59/2023;2023_59_289;enemmän;2
1447;59/2023;2023_59_289;edellinen;1
1447;59/2023;2023_59_289;aloittaa;1
1447;59/2023;2023_59_289;tulla;2
1447;59/2023;2023_59_289;tilanne;1
1447;59/2023;2023_59_289;tällainen;1
1447;59/2023;2023_59_289;leikkaus;2
1447;59/2023;2023_59_289;pääministeri;2
1447;59/2023;2023_59_289;orpo;2
1447;59/2023;2023_59_289;kerta;1
1447;59/2023;2023_59_289;viimeksi;1
1447;59/2023;2023_59_289;todeta;1
1447;59/2023;2023_59_289;ponnekkaasti;1
1447;59/2023;2023_59_289;perätä;2
1447;59/2023;2023_59_289;siis;1
1447;59/2023;2023_59_289;aikoa;1
1447;59/2023;2023_59_289;perääntyä;1
1447;59/2023;2023_59_289;vaikka;1
1447;59/2023;2023_59_289;asiantuntijalausunto;1
1447;59/2023;2023_59_289;vaikutusarviointi;1
1447;59/2023;2023_59_289;mukaan;2
1447;59/2023;2023_59_289;hyvin;1
1447;59/2023;2023_59_289;epävarma;1
1447;59/2023;2023_59_289;päätös;1
1447;59/2023;2023_59_289;johtaa;1
1447;59/2023;2023_59_289;arvio;1
1447;59/2023;2023_59_289;liittyä;1
1447;59/2023;2023_59_289;asiantuntija;1
1447;59/2023;2023_59_289;epävarmuustekijä;1
1447;59/2023;2023_59_289;työllisyysarvio;1
1447;59/2023;2023_59_289;suunta;1
1447;59/2023;2023_59_289;antaa;1
1447;59/2023;2023_59_289;mutta;1
1447;59/2023;2023_59_289;arvovalinta;1
1447;59/2023;2023_59_289;maksattaa;1
1447;59/2023;2023_59_289;muun;1
1447;59/2023;2023_59_289;muassa;1
1447;59/2023;2023_59_289;varakas;1
1447;59/2023;2023_59_289;veronalennus;1
1447;59/2023;2023_59_289;muu;1
1447;59/2023;2023_59_289;säästösuunnitelma;1
1447;59/2023;2023_59_289;lapsiperhe;1
1447;67/2023;2023_67_184;arvoisa;1
1447;67/2023;2023_67_184;puhemies;2
1447;67/2023;2023_67_184;täällä;2
1447;67/2023;2023_67_184;olla;25
1447;67/2023;2023_67_184;käydä;1
1447;67/2023;2023_67_184;hyvä;1
1447;67/2023;2023_67_184;keskustelu;2
1447;67/2023;2023_67_184;se;30
1447;67/2023;2023_67_184;minkälainen;1
1447;67/2023;2023_67_184;vaikutusarviointi;2
1447;67/2023;2023_67_184;tämä;6
1447;67/2023;2023_67_184;toimeentulotuki;5
1447;67/2023;2023_67_184;muutos;2
1447;67/2023;2023_67_184;tehdä;5
1447;67/2023;2023_67_184;kyllä;1
1447;67/2023;2023_67_184;tulla;1
1447;67/2023;2023_67_184;varmaan;1
1447;67/2023;2023_67_184;jo;3
1447;67/2023;2023_67_184;kaikki;1
1447;67/2023;2023_67_184;sali;1
1447;67/2023;2023_67_184;hyvin;2
1447;67/2023;2023_67_184;selvä;1
1447;67/2023;2023_67_184;että;8
1447;67/2023;2023_67_184;erinomainen;1
1447;67/2023;2023_67_184;puutteellinen;1
1447;67/2023;2023_67_184;ja;15
1447;67/2023;2023_67_184;vielä;3
1447;67/2023;2023_67_184;kun;1
1447;67/2023;2023_67_184;perustella;1
1447;67/2023;2023_67_184;usein;1
1447;67/2023;2023_67_184;työllisyys;1
1447;67/2023;2023_67_184;positiivinen;1
1447;67/2023;2023_67_184;vaikutus;1
1447;67/2023;2023_67_184;haluta;1
1447;67/2023;2023_67_184;ihminen;10
1447;67/2023;2023_67_184;saada;2
1447;67/2023;2023_67_184;työ;3
1447;67/2023;2023_67_184;niin;2
1447;67/2023;2023_67_184;kuitenkin;1
1447;67/2023;2023_67_184;muistaa;1
1447;67/2023;2023_67_184;juuri;2
1447;67/2023;2023_67_184;työllisyysvaikutus;1
1447;67/2023;2023_67_184;liittyä;4
1447;67/2023;2023_67_184;suuri;1
1447;67/2023;2023_67_184;epävarmuustekijä;1
1447;67/2023;2023_67_184;arvio;1
1447;67/2023;2023_67_184;asiantuntijakuuleminen;1
1447;67/2023;2023_67_184;kertoa;1
1447;67/2023;2023_67_184;vain;1
1447;67/2023;2023_67_184;suunta;2
1447;67/2023;2023_67_184;antaa;1
1447;67/2023;2023_67_184;sanoa;1
1447;67/2023;2023_67_184;tuossa;1
1447;67/2023;2023_67_184;aiemmin;1
1447;67/2023;2023_67_184;äärellä;1
1447;67/2023;2023_67_184;minä;11
1447;67/2023;2023_67_184;pitää;5
1447;67/2023;2023_67_184;laittaa;1
1447;67/2023;2023_67_184;paukku;1
1447;67/2023;2023_67_184;sinne;2
1447;67/2023;2023_67_184;juurisyy;4
1447;67/2023;2023_67_184;paljon;4
1447;67/2023;2023_67_184;enemmän;2
1447;67/2023;2023_67_184;asia;2
1447;67/2023;2023_67_184;vaikuttaa;2
1447;67/2023;2023_67_184;mikä;4
1447;67/2023;2023_67_184;takia;1
1447;67/2023;2023_67_184;ei;6
1447;67/2023;2023_67_184;työelämä;8
1447;67/2023;2023_67_184;vaan;1
1447;67/2023;2023_67_184;ajautua;1
1447;67/2023;2023_67_184;ehkä;1
1447;67/2023;2023_67_184;piiri;2
1447;67/2023;2023_67_184;hallitus;1
1447;67/2023;2023_67_184;nimenomaan;3
1447;67/2023;2023_67_184;nyt;2
1447;67/2023;2023_67_184;toimi;1
1447;67/2023;2023_67_184;joka;5
1447;67/2023;2023_67_184;ajaa;1
1447;67/2023;2023_67_184;kuuleminen;2
1447;67/2023;2023_67_184;esimerkiksi;2
1447;67/2023;2023_67_184;mielenterveysongelma;2
1447;67/2023;2023_67_184;yksi;1
1447;67/2023;2023_67_184;uusi;1
1447;67/2023;2023_67_184;todella;2
1447;67/2023;2023_67_184;iso;1
1447;67/2023;2023_67_184;laaja;1
1447;67/2023;2023_67_184;kansanterveydellinen;1
1447;67/2023;2023_67_184;ongelma;2
1447;67/2023;2023_67_184;miksi;1
1447;67/2023;2023_67_184;puuttua;5
1447;67/2023;2023_67_184;voida;2
1447;67/2023;2023_67_184;puhe;1
1447;67/2023;2023_67_184;vaatimus;1
1447;67/2023;2023_67_184;kasvaa;2
1447;67/2023;2023_67_184;muuttua;1
1447;67/2023;2023_67_184;välillä;1
1447;67/2023;2023_67_184;lisääntyä;3
1447;67/2023;2023_67_184;oikeasti;1
1447;67/2023;2023_67_184;osa;1
1447;67/2023;2023_67_184;erittäin;1
1447;67/2023;2023_67_184;rasittava;1
1447;67/2023;2023_67_184;tukea;1
1447;67/2023;2023_67_184;riittävästi;1
1447;67/2023;2023_67_184;selviytyä;1
1447;67/2023;2023_67_184;vaikka;1
1447;67/2023;2023_67_184;semmoinen;1
1447;67/2023;2023_67_184;välinen;1
1447;67/2023;2023_67_184;tietointensiivisyys;1
1447;67/2023;2023_67_184;äärimmäinen;2
1447;67/2023;2023_67_184;samoin;1
1447;67/2023;2023_67_184;tulosvastuullisuus;1
1447;67/2023;2023_67_184;kilpailuhenkisyys;1
1447;67/2023;2023_67_184;itseohjautuvuus;1
1447;67/2023;2023_67_184;pystyä;1
1447;67/2023;2023_67_184;ratketa;1
1447;67/2023;2023_67_184;leikata;2
1447;67/2023;2023_67_184;lisää;1
1447;67/2023;2023_67_184;mielenterveys;1
1447;67/2023;2023_67_184;johtua;1
1447;67/2023;2023_67_184;sairauspoissaolo;1
1447;67/2023;2023_67_184;erityisesti;1
1447;67/2023;2023_67_184;nuori;3
1447;67/2023;2023_67_184;huolestuttava;1
1447;67/2023;2023_67_184;jos;1
1447;67/2023;2023_67_184;tippua;1
1447;67/2023;2023_67_184;hän;1
1447;67/2023;2023_67_184;enää;1
1447;67/2023;2023_67_184;takaisin;1
1447;67/2023;2023_67_184;aina;2
1447;67/2023;2023_67_184;tällainen;1
1447;67/2023;2023_67_184;mielenterveyshäiriö;1
1447;67/2023;2023_67_184;kärsiä;1
1447;67/2023;2023_67_184;kolme;1
1447;67/2023;2023_67_184;prosentti;1
1447;67/2023;2023_67_184;työikäinen;1
1447;67/2023;2023_67_184;valtava;1
1447;67/2023;2023_67_184;määrä;1
1447;67/2023;2023_67_184;usea;1
1447;67/2023;2023_67_184;yksilö;1
1447;67/2023;2023_67_184;yhteiskunta;1
1447;67/2023;2023_67_184;yhtäaikainen;1
1447;67/2023;2023_67_184;taustatekijä;1
1447;67/2023;2023_67_184;perhe;1
1447;67/2023;2023_67_184;tuke;1
1447;67/2023;2023_67_184;lapsi;1
1447;67/2023;2023_67_184;kasvuolo;1
1447;67/2023;2023_67_184;tukeminen;1
1447;67/2023;2023_67_184;taloudellinen;2
1447;67/2023;2023_67_184;tilanne;2
1447;67/2023;2023_67_184;turvaaminen;2
1447;67/2023;2023_67_184;koputtaa;1
1447;67/2023;2023_67_323;kiitos;1
1447;67/2023;2023_67_323;arvoisa;1
1447;67/2023;2023_67_323;puhemies;1
1447;67/2023;2023_67_323;energiapolitiikka;2
1447;67/2023;2023_67_323;erityisesti;2
1447;67/2023;2023_67_323;pitkäjänteisyys;2
1447;67/2023;2023_67_323;ja;17
1447;67/2023;2023_67_323;ennakoitavuus;2
1447;67/2023;2023_67_323;olla;23
1447;67/2023;2023_67_323;varmasti;1
1447;67/2023;2023_67_323;yksi;1
1447;67/2023;2023_67_323;tärkeä;1
1447;67/2023;2023_67_323;asia;2
1447;67/2023;2023_67_323;se;24
1447;67/2023;2023_67_323;päätös;3
1447;67/2023;2023_67_323;mikä;4
1447;67/2023;2023_67_323;hyvänsä;1
1447;67/2023;2023_67_323;tämä;12
1447;67/2023;2023_67_323;ymmärtää;3
1447;67/2023;2023_67_323;että;5
1447;67/2023;2023_67_323;muutos;4
1447;67/2023;2023_67_323;nyt;2
1447;67/2023;2023_67_323;tehdä;4
1447;67/2023;2023_67_323;nopeus;1
1447;67/2023;2023_67_323;aiheuttaa;1
1447;67/2023;2023_67_323;moni;4
1447;67/2023;2023_67_323;yhtiö;2
1447;67/2023;2023_67_323;asiakas;1
1447;67/2023;2023_67_323;esimerkiksi;3
1447;67/2023;2023_67_323;teollisuuslaitos;1
1447;67/2023;2023_67_323;kuluttaja;2
1447;67/2023;2023_67_323;huomattava;1
1447;67/2023;2023_67_323;taloudellinen;2
1447;67/2023;2023_67_323;ongelma;1
1447;67/2023;2023_67_323;kun;7
1447;67/2023;2023_67_323;edustaja;1
1447;67/2023;2023_67_323;kulmuni;1
1447;67/2023;2023_67_323;kertoa;1
1447;67/2023;2023_67_323;tarkoittaa;3
1447;67/2023;2023_67_323;siellä;4
1447;67/2023;2023_67_323;keuruu;3
1447;67/2023;2023_67_323;ähtäri;1
1447;67/2023;2023_67_323;muu;1
1447;67/2023;2023_67_323;kunta;5
1447;67/2023;2023_67_323;niin;3
1447;67/2023;2023_67_323;juuri;1
1447;67/2023;2023_67_323;näin;1
1447;67/2023;2023_67_323;kyllä;5
1447;67/2023;2023_67_323;kyse;1
1447;67/2023;2023_67_323;myös;1
1447;67/2023;2023_67_323;minä;1
1447;67/2023;2023_67_323;huoltovarmuus;2
1447;67/2023;2023_67_323;riski;1
1447;67/2023;2023_67_323;osa;1
1447;67/2023;2023_67_323;kasvaa;1
1447;67/2023;2023_67_323;tiedostaa;1
1447;67/2023;2023_67_323;tällainen;1
1447;67/2023;2023_67_323;katsella;1
1447;67/2023;2023_67_323;tuossa;1
1447;67/2023;2023_67_323;vielä;1
1447;67/2023;2023_67_323;minkälainen;1
1447;67/2023;2023_67_323;mahdollisuus;2
1447;67/2023;2023_67_323;sattua;1
1447;67/2023;2023_67_323;oma;2
1447;67/2023;2023_67_323;kotikaupunki;2
1447;67/2023;2023_67_323;naapuri;1
1447;67/2023;2023_67_323;hetki;1
1447;67/2023;2023_67_323;maksaa;2
1447;67/2023;2023_67_323;euro;2
1447;67/2023;2023_67_323;megawattitunti;1
1447;67/2023;2023_67_323;energiamaksu;2
1447;67/2023;2023_67_323;vähän;1
1447;67/2023;2023_67_323;reilu;1
1447;67/2023;2023_67_323;viedä;1
1447;67/2023;2023_67_323;sinne;1
1447;67/2023;2023_67_323;hinta;2
1447;67/2023;2023_67_323;päästökauppa;1
1447;67/2023;2023_67_323;automaattisesti;1
1447;67/2023;2023_67_323;nousta;3
1447;67/2023;2023_67_323;no;2
1447;67/2023;2023_67_323;täällä;1
1447;67/2023;2023_67_323;tänään;1
1447;67/2023;2023_67_323;keskustella;1
1447;67/2023;2023_67_323;kuinka;1
1447;67/2023;2023_67_323;hallituspuolue;1
1447;67/2023;2023_67_323;huolissaan;1
1447;67/2023;2023_67_323;pienituloinen;1
1447;67/2023;2023_67_323;ihminen;1
1447;67/2023;2023_67_323;maksu;1
1447;67/2023;2023_67_323;kautta;1
1447;67/2023;2023_67_323;sitten;5
1447;67/2023;2023_67_323;kohta;1
1447;67/2023;2023_67_323;vain;1
1447;67/2023;2023_67_323;käytäntö;1
1447;67/2023;2023_67_323;taso;1
1447;67/2023;2023_67_323;puhua;1
1447;67/2023;2023_67_323;vaikka;1
1447;67/2023;2023_67_323;joka;2
1447;67/2023;2023_67_323;jo;2
1447;67/2023;2023_67_323;aikaisemmin;1
1447;67/2023;2023_67_323;varuskunta;1
1447;67/2023;2023_67_323;lähteä;1
1447;67/2023;2023_67_323;väestö;1
1447;67/2023;2023_67_323;vähetä;1
1447;67/2023;2023_67_323;koko;1
1447;67/2023;2023_67_323;aika;1
1447;67/2023;2023_67_323;suuri;2
1447;67/2023;2023_67_323;uusi;1
1447;67/2023;2023_67_323;investointi;1
1447;67/2023;2023_67_323;todellisuus;1
1447;67/2023;2023_67_323;todella;1
1447;67/2023;2023_67_323;pieni;1
1447;67/2023;2023_67_323;koska;1
1447;67/2023;2023_67_323;kaukolämpö;1
1447;67/2023;2023_67_323;merkitys;1
1447;67/2023;2023_67_323;kuitenkin;1
1447;67/2023;2023_67_323;ilmastomuutos;1
1447;67/2023;2023_67_323;yleisesti;1
1447;67/2023;2023_67_323;voida;1
1447;67/2023;2023_67_323;toivoa;1
1447;67/2023;2023_67_323;semmoinen;1
1447;67/2023;2023_67_323;erityinen;1
1447;67/2023;2023_67_323;yhteistuotantolaitos;1
1447;67/2023;2023_67_323;siis;1
1447;67/2023;2023_67_323;sähkö;1
1447;67/2023;2023_67_323;lämpö;1
1447;67/2023;2023_67_323;tuottaa;1
1447;67/2023;2023_67_323;erinomainen;1
1447;67/2023;2023_67_323;hyvä;1
1447;67/2023;2023_67_323;hyötysuhde;1
1447;67/2023;2023_67_323;mutta;1
1447;67/2023;2023_67_323;kustannus;1
1447;67/2023;2023_67_323;mahdollinen;1
1447;67/2023;2023_67_323;nousu;1
1447;67/2023;2023_67_323;jälkeen;1
1447;67/2023;2023_67_323;tulla;1
1447;67/2023;2023_67_323;kuntatilanne;1
1447;67/2023;2023_67_323;hyvin;1
1447;67/2023;2023_67_323;haasteellinen;1
1447;67/2023;2023_67_323;taloudenstilanne;1
1447;67/2023;2023_67_323;jokin;1
1447;67/2023;2023_67_323;taas;1
1447;67/2023;2023_67_323;ottaa;1
1447;67/2023;2023_67_323;eli;1
1447;67/2023;2023_67_323;pitkäkantoinen;1
1447;67/2023;2023_67_323;vaikutus;1
1447;69/2023;2023_69_42;kiitos;1
1447;69/2023;2023_69_42;arvoisa;1
1447;69/2023;2023_69_42;puhemies;1
1447;69/2023;2023_69_42;yrittää;3
1447;69/2023;2023_69_42;olla;23
1447;69/2023;2023_69_42;lyhyt;1
1447;69/2023;2023_69_42;kun;4
1447;69/2023;2023_69_42;tämä;17
1447;69/2023;2023_69_42;tulla;6
1447;69/2023;2023_69_42;päivänselvä;1
1447;69/2023;2023_69_42;sellainen;2
1447;69/2023;2023_69_42;asia;5
1447;69/2023;2023_69_42;että;9
1447;69/2023;2023_69_42;hallitus;4
1447;69/2023;2023_69_42;päätös;8
1447;69/2023;2023_69_42;ei;6
1447;69/2023;2023_69_42;muuttua;1
1447;69/2023;2023_69_42;vaikka;3
1447;69/2023;2023_69_42;asiantuntija-arvio;1
1447;69/2023;2023_69_42;vastaan;1
1447;69/2023;2023_69_42;täällä;2
1447;69/2023;2023_69_42;oppositio;1
1447;69/2023;2023_69_42;tuoda;1
1447;69/2023;2023_69_42;todella;1
1447;69/2023;2023_69_42;runsaasti;1
1447;69/2023;2023_69_42;esimerkki;1
1447;69/2023;2023_69_42;ja;13
1447;69/2023;2023_69_42;kertoa;1
1447;69/2023;2023_69_42;mikä;1
1447;69/2023;2023_69_42;takia;1
1447;69/2023;2023_69_42;kannattaa;1
1447;69/2023;2023_69_42;tällainen;1
1447;69/2023;2023_69_42;viedä;3
1447;69/2023;2023_69_42;eteenpäin;2
1447;69/2023;2023_69_42;niin;4
1447;69/2023;2023_69_42;näyttää;1
1447;69/2023;2023_69_42;se;10
1447;69/2023;2023_69_42;kyse;2
1447;69/2023;2023_69_42;vain;1
1447;69/2023;2023_69_42;ideologinen;1
1447;69/2023;2023_69_42;joka;4
1447;69/2023;2023_69_42;haluta;4
1447;69/2023;2023_69_42;mutta;1
1447;69/2023;2023_69_42;nimenomaan;2
1447;69/2023;2023_69_42;työttömyysturvalaki;1
1447;69/2023;2023_69_42;ennennäkemätön;1
1447;69/2023;2023_69_42;paketti;1
1447;69/2023;2023_69_42;leikkaus;4
1447;69/2023;2023_69_42;aika;1
1447;69/2023;2023_69_42;jolloin;1
1447;69/2023;2023_69_42;nähdä;1
1447;69/2023;2023_69_42;jo;2
1447;69/2023;2023_69_42;taantua;1
1447;69/2023;2023_69_42;tai;1
1447;69/2023;2023_69_42;aina;1
1447;69/2023;2023_69_42;sinne;1
1447;69/2023;2023_69_42;mennä;1
1447;69/2023;2023_69_42;juuri;3
1447;69/2023;2023_69_42;työtön;1
1447;69/2023;2023_69_42;lomautus;1
1447;69/2023;2023_69_42;entinen;1
1447;69/2023;2023_69_42;enemmän;1
1447;69/2023;2023_69_42;tehdä;5
1447;69/2023;2023_69_42;tietoisesti;2
1447;69/2023;2023_69_42;heikentää;2
1447;69/2023;2023_69_42;lapsiperhe;2
1447;69/2023;2023_69_42;asema;2
1447;69/2023;2023_69_42;asiantuntija;1
1447;69/2023;2023_69_42;kuunnella;1
1447;69/2023;2023_69_42;lisätä;3
1447;69/2023;2023_69_42;maa;1
1447;69/2023;2023_69_42;lapsiperheköyhyys;1
1447;69/2023;2023_69_42;ideologia;1
1447;69/2023;2023_69_42;kasaantuminen;1
1447;69/2023;2023_69_42;pienituloinen;4
1447;69/2023;2023_69_42;ihminen;1
1447;69/2023;2023_69_42;perhe;3
1447;69/2023;2023_69_42;kuinka;2
1447;69/2023;2023_69_42;vaikutus;2
1447;69/2023;2023_69_42;kertaantua;1
1447;69/2023;2023_69_42;siellä;1
1447;69/2023;2023_69_42;aivan;2
1447;69/2023;2023_69_42;käsittämätön;1
1447;69/2023;2023_69_42;kuulla;1
1447;69/2023;2023_69_42;muutos;2
1447;69/2023;2023_69_42;arki;1
1447;69/2023;2023_69_42;toimeentulo;1
1447;69/2023;2023_69_42;liittyä;1
1447;69/2023;2023_69_42;ruoka;1
1447;69/2023;2023_69_42;asuminen;1
1447;69/2023;2023_69_42;kuin;2
1447;69/2023;2023_69_42;perusasia;1
1447;69/2023;2023_69_42;kuten;1
1447;69/2023;2023_69_42;sähkö;1
1447;69/2023;2023_69_42;lääke;1
1447;69/2023;2023_69_42;erittäin;1
1447;69/2023;2023_69_42;tärkeä;1
1447;69/2023;2023_69_42;minä;1
1447;69/2023;2023_69_42;jokapäiväinen;1
1447;69/2023;2023_69_42;kela;1
1447;69/2023;2023_69_42;arvioida;1
1447;69/2023;2023_69_42;asua;1
1447;69/2023;2023_69_42;lapsi;2
1447;69/2023;2023_69_42;määrä;1
1447;69/2023;2023_69_42;prosentti;1
1447;69/2023;2023_69_42;toimeentulotuki;3
1447;69/2023;2023_69_42;tarve;1
1447;69/2023;2023_69_42;lisääntyä;3
1447;69/2023;2023_69_42;pitää;1
1447;69/2023;2023_69_42;viimesijainen;1
1447;69/2023;2023_69_42;etuus;1
1447;69/2023;2023_69_42;pitkäaikainen;1
1447;69/2023;2023_69_42;asiakkuus;1
1447;69/2023;2023_69_42;suora;1
1447;69/2023;2023_69_42;yhteys;1
1447;69/2023;2023_69_42;hyvinvointi;1
1447;69/2023;2023_69_42;terveys;1
1447;69/2023;2023_69_42;ongelma;2
1447;69/2023;2023_69_42;sekä;1
1447;69/2023;2023_69_42;ylisukupolvisuus;1
1447;69/2023;2023_69_42;huono-osaisuus;1
1447;69/2023;2023_69_42;nyt;1
1447;69/2023;2023_69_42;hyvinvointiongelma;1
1447;69/2023;2023_69_42;silloin;1
1447;69/2023;2023_69_42;talous;1
1447;69/2023;2023_69_42;entisestään;1
1447;69/2023;2023_69_42;muutama;1
1447;69/2023;2023_69_42;puheenvuoro;1
1447;69/2023;2023_69_42;esiin;1
1447;69/2023;2023_69_42;suuri;2
1447;69/2023;2023_69_42;osa;1
1447;69/2023;2023_69_42;tuensaaja;1
1447;69/2023;2023_69_42;nainen;2
1447;69/2023;2023_69_42;taas;1
1447;69/2023;2023_69_42;koskea;1
1447;69/2023;2023_69_42;hän;2
1447;69/2023;2023_69_42;elämä;1
1447;69/2023;2023_69_42;heikentäminen;1
1447;69/2023;2023_69_42;puhua;1
1447;69/2023;2023_69_42;puolustella;1
1447;69/2023;2023_69_42;korotus;2
1447;69/2023;2023_69_42;esimerkiksi;1
1447;69/2023;2023_69_42;lapsilisä;2
1447;69/2023;2023_69_42;neljäs;1
1447;69/2023;2023_69_42;viides;1
1447;69/2023;2023_69_42;jälkeen;1
1447;69/2023;2023_69_42;kaikki;1
1447;69/2023;2023_69_42;asiantuntijakuuleminen;1
1447;69/2023;2023_69_42;selvä;1
1447;69/2023;2023_69_42;riittää;1
1447;69/2023;2023_69_42;kompensoida;1
1447;69/2023;2023_69_42;kumuloitua;1
1447;69/2023;2023_69_42;vakuutella;1
1447;69/2023;2023_69_42;näkyä;1
1447;6/2024;2024_6_118;puhemies;1
1447;6/2024;2024_6_118;erittäin;2
1447;6/2024;2024_6_118;tärkeä;1
1447;6/2024;2024_6_118;keskustella;1
1447;6/2024;2024_6_118;tämä;16
1447;6/2024;2024_6_118;pilaantua;1
1447;6/2024;2024_6_118;alue;1
1447;6/2024;2024_6_118;puhdistaminen;2
1447;6/2024;2024_6_118;tukeminen;1
1447;6/2024;2024_6_118;niin;6
1447;6/2024;2024_6_118;kuin;2
1447;6/2024;2024_6_118;ministeri;2
1447;6/2024;2024_6_118;kertoa;1
1447;6/2024;2024_6_118;kustannus;1
1447;6/2024;2024_6_118;jako;1
1447;6/2024;2024_6_118;muuttua;1
1447;6/2024;2024_6_118;että;6
1447;6/2024;2024_6_118;prosentti;1
1447;6/2024;2024_6_118;ely;2
1447;6/2024;2024_6_118;voida;5
1447;6/2024;2024_6_118;maksaa;4
1447;6/2024;2024_6_118;ja;15
1447;6/2024;2024_6_118;erityinen;1
1447;6/2024;2024_6_118;vaara;1
1447;6/2024;2024_6_118;olla;26
1447;6/2024;2024_6_118;se;22
1447;6/2024;2024_6_118;myös;2
1447;6/2024;2024_6_118;kokonaan;1
1447;6/2024;2024_6_118;varmaan;1
1447;6/2024;2024_6_118;aina;1
1447;6/2024;2024_6_118;sellainen;2
1447;6/2024;2024_6_118;tilanne;3
1447;6/2024;2024_6_118;joka;6
1447;6/2024;2024_6_118;aiheuttaa;1
1447;6/2024;2024_6_118;paljon;1
1447;6/2024;2024_6_118;keskustelu;1
1447;6/2024;2024_6_118;huolettaa;1
1447;6/2024;2024_6_118;puhuttaa;1
1447;6/2024;2024_6_118;yleensä;1
1447;6/2024;2024_6_118;hyvin;3
1447;6/2024;2024_6_118;julkinen;1
1447;6/2024;2024_6_118;löytyä;1
1447;6/2024;2024_6_118;jos;1
1447;6/2024;2024_6_118;jonkinlainen;1
1447;6/2024;2024_6_118;mielipide;1
1447;6/2024;2024_6_118;mutta;1
1447;6/2024;2024_6_118;ihminen;1
1447;6/2024;2024_6_118;koskea;1
1447;6/2024;2024_6_118;huoli;2
1447;6/2024;2024_6_118;suuri;2
1447;6/2024;2024_6_118;asettaa;2
1447;6/2024;2024_6_118;vielä;1
1447;6/2024;2024_6_118;epäarvoinen;1
1447;6/2024;2024_6_118;asema;1
1447;6/2024;2024_6_118;sitten;5
1447;6/2024;2024_6_118;yritys;4
1447;6/2024;2024_6_118;toimija;4
1447;6/2024;2024_6_118;toimia;5
1447;6/2024;2024_6_118;oikein;1
1447;6/2024;2024_6_118;noudattaa;1
1447;6/2024;2024_6_118;sääntö;1
1447;6/2024;2024_6_118;huolehtia;1
1447;6/2024;2024_6_118;asia;2
1447;6/2024;2024_6_118;ei;4
1447;6/2024;2024_6_118;saada;1
1447;6/2024;2024_6_118;etu;1
1447;6/2024;2024_6_118;edustaja;1
1447;6/2024;2024_6_118;mikkonen;1
1447;6/2024;2024_6_118;sanoa;1
1447;6/2024;2024_6_118;minä;7
1447;6/2024;2024_6_118;täytyä;1
1447;6/2024;2024_6_118;erityisesti;1
1447;6/2024;2024_6_118;pitää;1
1447;6/2024;2024_6_118;saastuttaja;1
1447;6/2024;2024_6_118;pperiaate;1
1447;6/2024;2024_6_118;oma;1
1447;6/2024;2024_6_118;paikkakunta;1
1447;6/2024;2024_6_118;käynti;1
1447;6/2024;2024_6_118;jämsä;1
1447;6/2024;2024_6_118;kasata;1
1447;6/2024;2024_6_118;tontti;2
1447;6/2024;2024_6_118;aivan;1
1447;6/2024;2024_6_118;valtava;1
1447;6/2024;2024_6_118;määrä;1
1447;6/2024;2024_6_118;luvaton;1
1447;6/2024;2024_6_118;jätevuori;4
1447;6/2024;2024_6_118;nyt;2
1447;6/2024;2024_6_118;mennä;1
1447;6/2024;2024_6_118;konkurssi;1
1447;6/2024;2024_6_118;pystyä;3
1447;6/2024;2024_6_118;siivous;1
1447;6/2024;2024_6_118;yli;1
1447;6/2024;2024_6_118;seitsemän;1
1447;6/2024;2024_6_118;miljoona;2
1447;6/2024;2024_6_118;euro;3
1447;6/2024;2024_6_118;velka;1
1447;6/2024;2024_6_118;siivoaminen;1
1447;6/2024;2024_6_118;arvioida;1
1447;6/2024;2024_6_118;noin;1
1447;6/2024;2024_6_118;kaksi;1
1447;6/2024;2024_6_118;alun;1
1447;6/2024;2024_6_118;perin;1
1447;6/2024;2024_6_118;toiminta;2
1447;6/2024;2024_6_118;vakuusarvo;2
1447;6/2024;2024_6_118;aikamoinen;1
1447;6/2024;2024_6_118;ristiriita;1
1447;6/2024;2024_6_118;kuka;3
1447;6/2024;2024_6_118;vastuu;2
1447;6/2024;2024_6_118;kaupunki;1
1447;6/2024;2024_6_118;omistaja;1
1447;6/2024;2024_6_118;vai;2
1447;6/2024;2024_6_118;ketju;1
1447;6/2024;2024_6_118;mukana;1
1447;6/2024;2024_6_118;moni;1
1447;6/2024;2024_6_118;itse;1
1447;6/2024;2024_6_118;kiinnostaa;1
1447;6/2024;2024_6_118;mikä;2
1447;6/2024;2024_6_118;oppia;1
1447;6/2024;2024_6_118;tehdä;2
1447;6/2024;2024_6_118;toinen;1
1447;6/2024;2024_6_118;lailla;1
1447;6/2024;2024_6_118;siis;1
1447;6/2024;2024_6_118;kyse;1
1447;6/2024;2024_6_118;kymmenen;1
1447;6/2024;2024_6_118;vuosi;2
1447;6/2024;2024_6_118;vaan;1
1447;6/2024;2024_6_118;tapahtua;1
1447;6/2024;2024_6_118;ihan;1
1447;6/2024;2024_6_118;aika;1
1447;6/2024;2024_6_118;viranomaisketju;1
1447;6/2024;2024_6_118;aidosti;2
1447;6/2024;2024_6_118;selvillä;1
1447;6/2024;2024_6_118;tietää;1
1447;6/2024;2024_6_118;jokainen;1
1447;6/2024;2024_6_118;esimerkiksi;1
1447;6/2024;2024_6_118;tällainen;1
1447;6/2024;2024_6_118;kautta;1
1447;6/2024;2024_6_118;estää;1
1447;6/2024;2024_6_118;kehittyä;1
1447;6/2024;2024_6_118;kehittyminen;1
1447;6/2024;2024_6_118;miten;1
1447;6/2024;2024_6_118;ajatella;1
1447;6/2024;2024_6_118;kuinka;2
1447;6/2024;2024_6_118;viranomaistoiminta;1
1447;6/2024;2024_6_118;nimenomaan;1
1447;6/2024;2024_6_118;ennakoida;1
1447;6/2024;2024_6_118;jotta;1
1447;6/2024;2024_6_118;joutua;1
1447;6/2024;2024_6_118;keskellä;1
1447;6/2024;2024_6_118;ihmetellä;1
1447;8/2024;2024_8_252;herra;1
1447;8/2024;2024_8_252;puhemies;1
1447;8/2024;2024_8_252;ennen;2
1447;8/2024;2024_8_252;vaali;1
1447;8/2024;2024_8_252;olla;26
1447;8/2024;2024_8_252;liikkeellä;1
1447;8/2024;2024_8_252;paljon;2
1447;8/2024;2024_8_252;lupaus;1
1447;8/2024;2024_8_252;luvata;3
1447;8/2024;2024_8_252;ettäei;2
1447;8/2024;2024_8_252;kukaan;2
1447;8/2024;2024_8_252;tulla;4
1447;8/2024;2024_8_252;kohtuuton;1
1447;8/2024;2024_8_252;tilanne;4
1447;8/2024;2024_8_252;koulutus;1
1447;8/2024;2024_8_252;leikata;1
1447;8/2024;2024_8_252;porkkana;1
1447;8/2024;2024_8_252;keppi;1
1447;8/2024;2024_8_252;tai;4
1447;8/2024;2024_8_252;miten;1
1447;8/2024;2024_8_252;vaikka;1
1447;8/2024;2024_8_252;se;6
1447;8/2024;2024_8_252;puhe;1
1447;8/2024;2024_8_252;joka;9
1447;8/2024;2024_8_252;perussuomalainen;1
1447;8/2024;2024_8_252;edustaja;2
1447;8/2024;2024_8_252;todeta;1
1447;8/2024;2024_8_252;että;6
1447;8/2024;2024_8_252;mahdollinen;2
1447;8/2024;2024_8_252;työmarkkinauudistus;1
1447;8/2024;2024_8_252;toteuttaa;1
1447;8/2024;2024_8_252;työmarkkinaosapuoli;2
1447;8/2024;2024_8_252;kanssa;2
1447;8/2024;2024_8_252;sopia;1
1447;8/2024;2024_8_252;ja;19
1447;8/2024;2024_8_252;uudistus;1
1447;8/2024;2024_8_252;täytyä;1
1447;8/2024;2024_8_252;tehdä;4
1447;8/2024;2024_8_252;tarkkaan;1
1447;8/2024;2024_8_252;harkita;1
1447;8/2024;2024_8_252;liitto;1
1447;8/2024;2024_8_252;yhteistyö;1
1447;8/2024;2024_8_252;tarkoittaa;1
1447;8/2024;2024_8_252;meri;1
1447;8/2024;2024_8_252;vähämäki;1
1447;8/2024;2024_8_252;vastata;2
1447;8/2024;2024_8_252;näin;1
1447;8/2024;2024_8_252;sama;1
1447;8/2024;2024_8_252;järjestö;2
1447;8/2024;2024_8_252;valtiovarainministeri;1
1447;8/2024;2024_8_252;purra;1
1447;8/2024;2024_8_252;nimittää;2
1447;8/2024;2024_8_252;aiemmin;1
1447;8/2024;2024_8_252;tämä;12
1447;8/2024;2024_8_252;päivä;2
1447;8/2024;2024_8_252;keskustelu;2
1447;8/2024;2024_8_252;sorto;1
1447;8/2024;2024_8_252;solidaarisuusjärjestö;1
1447;8/2024;2024_8_252;ministeri;1
1447;8/2024;2024_8_252;rydman;1
1447;8/2024;2024_8_252;mafia;1
1447;8/2024;2024_8_252;presidentti;1
1447;8/2024;2024_8_252;niinistö;1
1447;8/2024;2024_8_252;peräänkuuluttaa;1
1447;8/2024;2024_8_252;valtiopäivät;1
1447;8/2024;2024_8_252;avajaispuheenvuoro;1
1447;8/2024;2024_8_252;sopiminen;3
1447;8/2024;2024_8_252;kulttuuri;1
1447;8/2024;2024_8_252;koko;1
1447;8/2024;2024_8_252;oppositio;2
1447;8/2024;2024_8_252;vaatia;1
1447;8/2024;2024_8_252;tänään;2
1447;8/2024;2024_8_252;hallitus;7
1447;8/2024;2024_8_252;avata;1
1447;8/2024;2024_8_252;aito;1
1447;8/2024;2024_8_252;neuvottelu;3
1447;8/2024;2024_8_252;kesken;1
1447;8/2024;2024_8_252;lopputulos;1
1447;8/2024;2024_8_252;ei;4
1447;8/2024;2024_8_252;valmis;1
1447;8/2024;2024_8_252;kirjoittaa;1
1447;8/2024;2024_8_252;kuinka;2
1447;8/2024;2024_8_252;pääministeri;2
1447;8/2024;2024_8_252;orpo;2
1447;8/2024;2024_8_252;kärjistää;1
1447;8/2024;2024_8_252;entisestään;1
1447;8/2024;2024_8_252;minkäänlainen;1
1447;8/2024;2024_8_252;ele;1
1447;8/2024;2024_8_252;suunta;1
1447;8/2024;2024_8_252;hän;2
1447;8/2024;2024_8_252;aloittaa;1
1447;8/2024;2024_8_252;haluta;1
1447;8/2024;2024_8_252;ratkaista;1
1447;8/2024;2024_8_252;vientivetoinen;1
1447;8/2024;2024_8_252;suomi;2
1447;8/2024;2024_8_252;vahvuus;2
1447;8/2024;2024_8_252;osaava;1
1447;8/2024;2024_8_252;kehittävä;1
1447;8/2024;2024_8_252;kouluttautua;1
1447;8/2024;2024_8_252;oma-aloitteinen;1
1447;8/2024;2024_8_252;työvoima;1
1447;8/2024;2024_8_252;vakaa;1
1447;8/2024;2024_8_252;poliittinen;2
1447;8/2024;2024_8_252;työmarkkinailmapiiri;1
1447;8/2024;2024_8_252;nyt;2
1447;8/2024;2024_8_252;sitten;1
1447;8/2024;2024_8_252;käydä;1
1447;8/2024;2024_8_252;saada;2
1447;8/2024;2024_8_252;lyhyt;1
1447;8/2024;2024_8_252;aika;2
1447;8/2024;2024_8_252;aikainen;1
1447;8/2024;2024_8_252;vuosikymmen;1
1447;8/2024;2024_8_252;laaja;1
1447;8/2024;2024_8_252;lakko;1
1447;8/2024;2024_8_252;epävarmuus;1
1447;8/2024;2024_8_252;kaikki;1
1447;8/2024;2024_8_252;lisäksi;1
1447;8/2024;2024_8_252;esimerkiksi;3
1447;8/2024;2024_8_252;lopettaa;1
1447;8/2024;2024_8_252;kokonaan;1
1447;8/2024;2024_8_252;aikuiskoulutustuki;1
1447;8/2024;2024_8_252;moni;1
1447;8/2024;2024_8_252;työntekijä;5
1447;8/2024;2024_8_252;voida;4
1447;8/2024;2024_8_252;lisätä;1
1447;8/2024;2024_8_252;osaaminen;1
1447;8/2024;2024_8_252;nimenomaan;1
1447;8/2024;2024_8_252;vaatimus;1
1447;8/2024;2024_8_252;lisääntyä;1
1447;8/2024;2024_8_252;samalla;1
1447;8/2024;2024_8_252;kun;1
1447;8/2024;2024_8_252;toimija;1
1447;8/2024;2024_8_252;näkemys;2
1447;8/2024;2024_8_252;koulutustaso;1
1447;8/2024;2024_8_252;nousu;1
1447;8/2024;2024_8_252;tärkeys;1
1447;8/2024;2024_8_252;ilmeinen;1
1447;8/2024;2024_8_252;yhteinen;1
1447;8/2024;2024_8_252;vaikea;1
1447;8/2024;2024_8_252;myös;4
1447;8/2024;2024_8_252;ymmärtää;1
1447;8/2024;2024_8_252;ajatus;1
1447;8/2024;2024_8_252;työttömyysturva;2
1447;8/2024;2024_8_252;muutos;2
1447;8/2024;2024_8_252;ajaa;1
1447;8/2024;2024_8_252;lomauttaa;1
1447;8/2024;2024_8_252;ansiosidonnainen;1
1447;8/2024;2024_8_252;laskea;1
1447;8/2024;2024_8_252;jo;2
1447;8/2024;2024_8_252;kahdeksan;1
1447;8/2024;2024_8_252;viikko;1
1447;8/2024;2024_8_252;lomautus;1
1447;8/2024;2024_8_252;jälkeen;1
1447;8/2024;2024_8_252;alle;1
1447;8/2024;2024_8_252;prosentti;1
1447;8/2024;2024_8_252;palkka;2
1447;8/2024;2024_8_252;osa-aikainen;1
1447;8/2024;2024_8_252;pieni;1
1447;8/2024;2024_8_252;erittäin;1
1447;8/2024;2024_8_252;vahingollinen;1
1447;8/2024;2024_8_252;toimi;3
1447;8/2024;2024_8_252;mutta;1
1447;8/2024;2024_8_252;vaikuttaa;2
1447;8/2024;2024_8_252;merkittävästi;1
1447;8/2024;2024_8_252;vientiala;1
1447;8/2024;2024_8_252;oikein;1
1447;8/2024;2024_8_252;turva;1
1447;8/2024;2024_8_252;puhua;2
1447;8/2024;2024_8_252;muun;1
1447;8/2024;2024_8_252;muassa;1
1447;8/2024;2024_8_252;ensimmäinen;1
1447;8/2024;2024_8_252;sairauslomapäivä;1
1447;8/2024;2024_8_252;palkattomuus;1
1447;8/2024;2024_8_252;merkitys;1
1447;8/2024;2024_8_252;määräaikaisuus;1
1447;8/2024;2024_8_252;peruste;1
1447;8/2024;2024_8_252;lieventäminen;1
1447;8/2024;2024_8_252;suojaosuus;1
1447;8/2024;2024_8_252;poistaminen;1
1447;8/2024;2024_8_252;vähätellä;1
1447;8/2024;2024_8_252;työelämä;2
1447;8/2024;2024_8_252;pitkä;1
1447;8/2024;2024_8_252;aikaväli;1
1447;8/2024;2024_8_252;yhteisvaikutus;1
1447;8/2024;2024_8_252;vain;1
1447;8/2024;2024_8_252;arvailla;1
1447;8/2024;2024_8_252;asiantuntija;2
1447;8/2024;2024_8_252;mukaan;2
1447;8/2024;2024_8_252;esitys;2
1447;8/2024;2024_8_252;yhteisvaikutusarviointi;1
1447;8/2024;2024_8_252;jäädä;2
1447;8/2024;2024_8_252;vähintään;1
1447;8/2024;2024_8_252;puutteellinen;1
1447;8/2024;2024_8_252;paikallinen;2
1447;8/2024;2024_8_252;puolesta;1
1447;8/2024;2024_8_252;holtiton;1
1447;8/2024;2024_8_252;johtaa;2
1447;8/2024;2024_8_252;suomalainen;1
1447;8/2024;2024_8_252;palkkataso;1
1447;8/2024;2024_8_252;laskeminen;1
1447;8/2024;2024_8_252;kohta;1
1447;8/2024;2024_8_252;enää;1
1447;8/2024;2024_8_252;pystyä;1
1447;8/2024;2024_8_252;sanoa;2
1447;8/2024;2024_8_252;mikä;2
1447;8/2024;2024_8_252;laillinen;1
1447;8/2024;2024_8_252;laiton;1
1447;8/2024;2024_8_252;ulkomaalainen;1
1447;8/2024;2024_8_252;hyväksikäyttö;1
1447;8/2024;2024_8_252;lisääntyminen;1
1447;8/2024;2024_8_252;käyttää;1
1447;8/2024;2024_8_252;retoriikka;2
1447;8/2024;2024_8_252;vääristellä;1
1447;8/2024;2024_8_252;vaikutus;1
1447;8/2024;2024_8_252;sali;2
1447;8/2024;2024_8_252;kovin;1
1447;8/2024;2024_8_252;erilainen;1
1447;8/2024;2024_8_252;ministeriaitio;1
1447;8/2024;2024_8_252;aivan;1
1447;8/2024;2024_8_252;käsittämätön;1
1447;8/2024;2024_8_252;jakava;1
1447;8/2024;2024_8_252;mahdollisuus;1
1447;8/2024;2024_8_252;ulos;1
1447;8/2024;2024_8_252;potero;1
1447;8/2024;2024_8_252;hakea;1
1447;8/2024;2024_8_252;ratkaisu;1
1447;8/2024;2024_8_252;asia;1
1447;8/2024;2024_8_252;aidosti;1
1447;8/2024;2024_8_252;työ;1
1447;8/2024;2024_8_252;perhe-elämä;1
1447;8/2024;2024_8_252;yhdistäminen;1
1447;9/2024;2024_9_203;arvoisa;2
1447;9/2024;2024_9_203;puhemies;2
1447;9/2024;2024_9_203;aikuiskoulutustuki;7
1447;9/2024;2024_9_203;ei;15
1447;9/2024;2024_9_203;saada;6
1447;9/2024;2024_9_203;lakkauttaa;3
1447;9/2024;2024_9_203;tämä;10
1447;9/2024;2024_9_203;olla;33
1447;9/2024;2024_9_203;selkeä;1
1447;9/2024;2024_9_203;viesti;1
1447;9/2024;2024_9_203;sekä;1
1447;9/2024;2024_9_203;kansalainen;2
1447;9/2024;2024_9_203;että;9
1447;9/2024;2024_9_203;hallitus;13
1447;9/2024;2024_9_203;lopettamisesitys;1
1447;9/2024;2024_9_203;vastata;2
1447;9/2024;2024_9_203;lausunnonantaja;1
1447;9/2024;2024_9_203;kolme;2
1447;9/2024;2024_9_203;neljä;1
1447;9/2024;2024_9_203;se;14
1447;9/2024;2024_9_203;mieli;1
1447;9/2024;2024_9_203;jo;3
1447;9/2024;2024_9_203;hallituspuolue;1
1447;9/2024;2024_9_203;oma;1
1447;9/2024;2024_9_203;kannattaja;2
1447;9/2024;2024_9_203;haluta;3
1447;9/2024;2024_9_203;tukimuoto;3
1447;9/2024;2024_9_203;lakkauttaminen;2
1447;9/2024;2024_9_203;varsinkaan;1
1447;9/2024;2024_9_203;kokoomus;1
1447;9/2024;2024_9_203;heti;1
1447;9/2024;2024_9_203;alku;1
1447;9/2024;2024_9_203;kysyä;1
1447;9/2024;2024_9_203;miksi;2
1447;9/2024;2024_9_203;ajaa;1
1447;9/2024;2024_9_203;jääräpäisesti;1
1447;9/2024;2024_9_203;poistaminen;1
1447;9/2024;2024_9_203;kun;4
1447;9/2024;2024_9_203;tuki;5
1447;9/2024;2024_9_203;lausuntopalaute;1
1447;9/2024;2024_9_203;esitys;1
1447;9/2024;2024_9_203;kertoa;2
1447;9/2024;2024_9_203;karu;1
1447;9/2024;2024_9_203;kieli;1
1447;9/2024;2024_9_203;lausunto;2
1447;9/2024;2024_9_203;antaja;1
1447;9/2024;2024_9_203;kaikkiaan;1
1447;9/2024;2024_9_203;joka;1
1447;9/2024;2024_9_203;ainoastaan;2
1447;9/2024;2024_9_203;poisto;1
1447;9/2024;2024_9_203;kannattaa;2
1447;9/2024;2024_9_203;varaus;1
1447;9/2024;2024_9_203;vain;3
1447;9/2024;2024_9_203;suomi;1
1447;9/2024;2024_9_203;yrittäjä;3
1447;9/2024;2024_9_203;varauksettomasti;1
1447;9/2024;2024_9_203;siis;2
1447;9/2024;2024_9_203;veto-oikeus;1
1447;9/2024;2024_9_203;muu;2
1447;9/2024;2024_9_203;osapuoli;1
1447;9/2024;2024_9_203;mukaan;1
1447;9/2024;2024_9_203;kuulua;1
1447;9/2024;2024_9_203;asia;2
1447;9/2024;2024_9_203;jyväskylä;1
1447;9/2024;2024_9_203;avoin;1
1447;9/2024;2024_9_203;yliopisto;1
1447;9/2024;2024_9_203;todeta;1
1447;9/2024;2024_9_203;hyvin;2
1447;9/2024;2024_9_203;leikata;1
1447;9/2024;2024_9_203;koulutus;3
1447;9/2024;2024_9_203;päinvastoin;1
1447;9/2024;2024_9_203;lupaus;1
1447;9/2024;2024_9_203;tehdä;3
1447;9/2024;2024_9_203;toinen;2
1447;9/2024;2024_9_203;suunta;2
1447;9/2024;2024_9_203;kuitenkin;1
1447;9/2024;2024_9_203;suora;1
1447;9/2024;2024_9_203;leikkaus;2
1447;9/2024;2024_9_203;aikuinen;2
1447;9/2024;2024_9_203;mahdollisuus;6
1447;9/2024;2024_9_203;opiskella;2
1447;9/2024;2024_9_203;työ;2
1447;9/2024;2024_9_203;ohessa;1
1447;9/2024;2024_9_203;suoraan;2
1447;9/2024;2024_9_203;melkein;1
1447;9/2024;2024_9_203;miljoona;1
1447;9/2024;2024_9_203;ja;13
1447;9/2024;2024_9_203;jatkuva;2
1447;9/2024;2024_9_203;oppiminen;2
1447;9/2024;2024_9_203;ylläpitäminen;1
1447;9/2024;2024_9_203;merkillinen;1
1447;9/2024;2024_9_203;myös;1
1447;9/2024;2024_9_203;maksaa;3
1447;9/2024;2024_9_203;valtio;2
1447;9/2024;2024_9_203;vara;1
1447;9/2024;2024_9_203;vaan;1
1447;9/2024;2024_9_203;rahoittaa;1
1447;9/2024;2024_9_203;työntekijä;2
1447;9/2024;2024_9_203;työnantaja;1
1447;9/2024;2024_9_203;itse;2
1447;9/2024;2024_9_203;työttömyysvakuutusmaksu;1
1447;9/2024;2024_9_203;kukkaro;1
1447;9/2024;2024_9_203;hölmö;1
1447;9/2024;2024_9_203;lopettaa;1
1447;9/2024;2024_9_203;toimiva;1
1447;9/2024;2024_9_203;järjestelmä;1
1447;9/2024;2024_9_203;rahoitusmalli;1
1447;9/2024;2024_9_203;nykyinen;3
1447;9/2024;2024_9_203;malli;4
1447;9/2024;2024_9_203;kehittäminen;1
1447;9/2024;2024_9_203;hyvä;3
1447;9/2024;2024_9_203;käydä;2
1447;9/2024;2024_9_203;ymmärrettävä;1
1447;9/2024;2024_9_203;jos;1
1447;9/2024;2024_9_203;valmistella;1
1447;9/2024;2024_9_203;jokin;1
1447;9/2024;2024_9_203;korvata;1
1447;9/2024;2024_9_203;tilalle;1
1447;9/2024;2024_9_203;nyt;2
1447;9/2024;2024_9_203;puhua;1
1447;9/2024;2024_9_203;ilman;1
1447;9/2024;2024_9_203;kukaan;1
1447;9/2024;2024_9_203;tietää;1
1447;9/2024;2024_9_203;mikä;3
1447;9/2024;2024_9_203;tulla;4
1447;9/2024;2024_9_203;kuka;1
1447;9/2024;2024_9_203;mahdollinen;1
1447;9/2024;2024_9_203;uusi;5
1447;9/2024;2024_9_203;toimivuus;1
1447;9/2024;2024_9_203;oikein;1
1447;9/2024;2024_9_203;aikuiskoulutustukimalli;1
1447;9/2024;2024_9_203;kehittää;2
1447;9/2024;2024_9_203;entinen;1
1447;9/2024;2024_9_203;nimenomaan;1
1447;9/2024;2024_9_203;työvoimapula-ala;1
1447;9/2024;2024_9_203;huutava;1
1447;9/2024;2024_9_203;työntekijätarve;1
1447;9/2024;2024_9_203;perus;1
1447;9/2024;2024_9_203;aste;1
1447;9/2024;2024_9_203;eteenpäin;1
1447;9/2024;2024_9_203;piiri;1
1447;9/2024;2024_9_203;mahdollistaa;1
1447;9/2024;2024_9_203;iso;1
1447;9/2024;2024_9_203;työntekijämäärä;1
1447;9/2024;2024_9_203;jatko;1
1447;9/2024;2024_9_203;uudelleenkouluttautuminen;1
1447;9/2024;2024_9_203;yli;1
1447;9/2024;2024_9_203;vuosi;1
1447;9/2024;2024_9_203;aika;3
1447;9/2024;2024_9_203;apu;3
1447;9/2024;2024_9_203;moni;1
1447;9/2024;2024_9_203;edetä;1
1447;9/2024;2024_9_203;tai;1
1447;9/2024;2024_9_203;kouluttautua;6
1447;9/2024;2024_9_203;kokonaan;1
1447;9/2024;2024_9_203;ala;5
1447;9/2024;2024_9_203;turva;1
1447;9/2024;2024_9_203;sairaanhoitaja;1
1447;9/2024;2024_9_203;surullinen;1
1447;9/2024;2024_9_203;mutta;1
1447;9/2024;2024_9_203;totta;1
1447;9/2024;2024_9_203;sali;1
1447;9/2024;2024_9_203;keskustella;1
1447;9/2024;2024_9_203;jäädä;2
1447;9/2024;2024_9_203;tunne;1
1447;9/2024;2024_9_203;etenkin;2
1447;9/2024;2024_9_203;hoitoala;1
1447;9/2024;2024_9_203;kouluttaminen;1
1447;9/2024;2024_9_203;ministeri;1
1447;9/2024;2024_9_203;satonen;1
1447;9/2024;2024_9_203;sanoa;1
1447;9/2024;2024_9_203;juuri;1
1447;9/2024;2024_9_203;vuoksi;1
1447;9/2024;2024_9_203;enää;2
1447;9/2024;2024_9_203;ajankohtainen;1
1447;9/2024;2024_9_203;ihminen;2
1447;9/2024;2024_9_203;pois;1
1447;9/2024;2024_9_203;sote-ala;2
1447;9/2024;2024_9_203;suuri;1
1447;9/2024;2024_9_203;kysymys;1
1447;9/2024;2024_9_203;ihme;1
1447;9/2024;2024_9_203;ammattilainen;1
1447;9/2024;2024_9_203;viedä;2
1447;9/2024;2024_9_203;kuinka;1
1447;9/2024;2024_9_203;aikoa;1
1447;9/2024;2024_9_203;ratkaista;1
1447;9/2024;2024_9_203;sosiaali;1
1447;9/2024;2024_9_203;terveydenhuolto;2
1447;9/2024;2024_9_203;työvoima;1
1447;9/2024;2024_9_203;saatavuus;1
1447;9/2024;2024_9_203;kouluttautuminen;1
1447;9/2024;2024_9_203;käyttää;1
1447;9/2024;2024_9_203;laajasti;1
1447;9/2024;2024_9_203;vuosittain;1
1447;9/2024;2024_9_203;lähes;1
1447;9/2024;2024_9_203;prosentti;1
1447;9/2024;2024_9_203;arvokas;1
1447;9/2024;2024_9_203;tavoite;1
1447;9/2024;2024_9_203;betonoida;1
1447;9/2024;2024_9_203;naisvaltainen;1
1447;9/2024;2024_9_203;palkkamalli;1
1447;9/2024;2024_9_203;vientivetoinen;1
1447;9/2024;2024_9_203;samoin;1
1447;9/2024;2024_9_203;ammatinvalinta-asia;1
1447;9/2024;2024_9_203;valita;1
1447;9/2024;2024_9_203;elämä;1
1447;9/2024;2024_9_203;sama;1
1447;9/2024;2024_9_203;myöntää;1
1447;9/2024;2024_9_203;hyvinvointialue;1
1447;9/2024;2024_9_203;riittävä;1
1447;9/2024;2024_9_203;rahoitus;1
1447;9/2024;2024_9_203;eri;2
1447;9/2024;2024_9_203;paikkakunta;2
1447;9/2024;2024_9_203;loppua;1
1447;9/2024;2024_9_203;toimipiste;1
1447;9/2024;2024_9_203;edes;1
1447;9/2024;2024_9_203;antaa;2
1447;9/2024;2024_9_203;kerta;1
1447;9/2024;2024_9_203;tietty;1
1447;9/2024;2024_9_203;vaihtoehto;1
1447;9/2024;2024_9_203;tarjota;1
1447;9/2024;2024_9_203;liikkuminen;1
1447;9/2024;2024_9_203;välillä;1
1447;9/2024;2024_9_203;täysin;1
1447;9/2024;2024_9_203;normaali;1
1447;9/2024;2024_9_203;näin;1
1447;9/2024;2024_9_203;pitää;1
1447;9/2024;2024_9_203;päätös;1
1447;9/2024;2024_9_203;syventää;1
1447;9/2024;2024_9_203;työmarkkinat;1
1447;9/2024;2024_9_203;osaajapula;1
1447;9/2024;2024_9_203;signaali;1
1447;9/2024;2024_9_203;ettäei;1
1447;9/2024;2024_9_203;kouluttautuma;1
1447;9/2024;2024_9_203;edistää;1
1447;9/2024;2024_9_203;puhe;1
1447;9/2024;2024_9_203;voida;1
1447;9/2024;2024_9_203;heittää;1
1447;9/2024;2024_9_203;romukoppa;1
1447;9/2024;2024_9_221;kiitos;1
1447;9/2024;2024_9_221;arvoisa;1
1447;9/2024;2024_9_221;puhemies;1
1447;9/2024;2024_9_221;ehkä;5
1447;9/2024;2024_9_221;ensimmäinen;1
1447;9/2024;2024_9_221;edustaja;4
1447;9/2024;2024_9_221;bergbom;1
1447;9/2024;2024_9_221;puheenvuoro;2
1447;9/2024;2024_9_221;se;33
1447;9/2024;2024_9_221;kun;6
1447;9/2024;2024_9_221;hän;2
1447;9/2024;2024_9_221;pitää;3
1447;9/2024;2024_9_221;tärkeä;1
1447;9/2024;2024_9_221;että;17
1447;9/2024;2024_9_221;tämä;17
1447;9/2024;2024_9_221;korvata;2
1447;9/2024;2024_9_221;malli;5
1447;9/2024;2024_9_221;tulla;6
1447;9/2024;2024_9_221;niin;7
1447;9/2024;2024_9_221;arvostaa;1
1447;9/2024;2024_9_221;voida;2
1447;9/2024;2024_9_221;heti;3
1447;9/2024;2024_9_221;reilusti;1
1447;9/2024;2024_9_221;sanoa;1
1447;9/2024;2024_9_221;olla;19
1447;9/2024;2024_9_221;harmillinen;1
1447;9/2024;2024_9_221;ei;7
1447;9/2024;2024_9_221;vielä;3
1447;9/2024;2024_9_221;ja;7
1447;9/2024;2024_9_221;toivoa;1
1447;9/2024;2024_9_221;nyt;2
1447;9/2024;2024_9_221;sitten;4
1447;9/2024;2024_9_221;siellä;4
1447;9/2024;2024_9_221;hallituspuolue;1
1447;9/2024;2024_9_221;edistää;1
1447;9/2024;2024_9_221;mahdollisimman;1
1447;9/2024;2024_9_221;nopeasti;1
1447;9/2024;2024_9_221;koska;1
1447;9/2024;2024_9_221;minä;11
1447;9/2024;2024_9_221;kaikki;1
1447;9/2024;2024_9_221;varmaan;1
1447;9/2024;2024_9_221;kaikkein;1
1447;9/2024;2024_9_221;suuri;2
1447;9/2024;2024_9_221;yhteinen;1
1447;9/2024;2024_9_221;tavoite;1
1447;9/2024;2024_9_221;mutta;3
1447;9/2024;2024_9_221;jotenkin;1
1447;9/2024;2024_9_221;puhe;1
1447;9/2024;2024_9_221;nimenomaan;3
1447;9/2024;2024_9_221;aikuiskoulutustuki;2
1447;9/2024;2024_9_221;lakkauttaminen;1
1447;9/2024;2024_9_221;kohta;1
1447;9/2024;2024_9_221;valtiontalous;1
1447;9/2024;2024_9_221;miten;1
1447;9/2024;2024_9_221;päästä;1
1447;9/2024;2024_9_221;joo;1
1447;9/2024;2024_9_221;laskea;1
1447;9/2024;2024_9_221;saada;4
1447;9/2024;2024_9_221;ihminen;2
1447;9/2024;2024_9_221;työ;3
1447;9/2024;2024_9_221;mikä;6
1447;9/2024;2024_9_221;kuin;1
1447;9/2024;2024_9_221;tosiasiallisesti;1
1447;9/2024;2024_9_221;vaikka;2
1447;9/2024;2024_9_221;sinne;1
1447;9/2024;2024_9_221;sote-ala;1
1447;9/2024;2024_9_221;vuosittain;1
1447;9/2024;2024_9_221;ammattilainen;2
1447;9/2024;2024_9_221;joka;3
1447;9/2024;2024_9_221;varmasti;2
1447;9/2024;2024_9_221;työllistyä;2
1447;9/2024;2024_9_221;takia;1
1447;9/2024;2024_9_221;lehtinen;2
1447;9/2024;2024_9_221;viittaus;1
1447;9/2024;2024_9_221;tuki;2
1447;9/2024;2024_9_221;kouluttautua;4
1447;9/2024;2024_9_221;sellainen;3
1447;9/2024;2024_9_221;ala;5
1447;9/2024;2024_9_221;edes;2
1447;9/2024;2024_9_221;aikoa;1
1447;9/2024;2024_9_221;kiinnostaa;1
1447;9/2024;2024_9_221;aina;1
1447;9/2024;2024_9_221;siis;1
1447;9/2024;2024_9_221;aikuinen;1
1447;9/2024;2024_9_221;lähteä;1
1447;9/2024;2024_9_221;apu;1
1447;9/2024;2024_9_221;ajatus;1
1447;9/2024;2024_9_221;tehdä;2
1447;9/2024;2024_9_221;ehdottomasti;2
1447;9/2024;2024_9_221;semmoinen;3
1447;9/2024;2024_9_221;kehittää;2
1447;9/2024;2024_9_221;pois;1
1447;9/2024;2024_9_221;tarkoitus;1
1447;9/2024;2024_9_221;kouluttaa;1
1447;9/2024;2024_9_221;jos;1
1447;9/2024;2024_9_221;ymmärtää;1
1447;9/2024;2024_9_221;oikein;1
1447;9/2024;2024_9_221;joku;1
1447;9/2024;2024_9_221;vertaus;1
1447;9/2024;2024_9_221;lentäjä;1
1447;9/2024;2024_9_221;kuinka;1
1447;9/2024;2024_9_221;varmistaa;1
1447;9/2024;2024_9_221;tuotosvanos-suhde;1
1447;9/2024;2024_9_221;vähän;1
1447;9/2024;2024_9_221;sama;1
1447;9/2024;2024_9_221;asia;1
1447;9/2024;2024_9_221;lääkäri;2
1447;9/2024;2024_9_221;koulutus;1
1447;9/2024;2024_9_221;mieli;1
1447;9/2024;2024_9_221;sinä;2
1447;9/2024;2024_9_221;yhteiskunta;1
1447;9/2024;2024_9_221;vara;1
1447;9/2024;2024_9_221;kallis;1
1447;9/2024;2024_9_221;ammatti;1
1447;9/2024;2024_9_221;myös;1
1447;9/2024;2024_9_221;sitoutua;1
1447;9/2024;2024_9_221;julkinen;2
1447;9/2024;2024_9_221;puoli;2
1447;9/2024;2024_9_221;oma;1
1447;9/2024;2024_9_221;tietty;1
1447;9/2024;2024_9_221;aika;1
1447;9/2024;2024_9_221;käydä;1
1447;9/2024;2024_9_221;hyöty;1
1447;9/2024;2024_9_221;karata;1
1447;9/2024;2024_9_221;jo;1
1447;9/2024;2024_9_221;muualle;1
1447;9/2024;2024_9_221;pystyä;1
1447;9/2024;2024_9_221;terveydenhuolto;1
1447;9/2024;2024_9_221;moni;1
1447;9/2024;2024_9_221;muu;1
1447;9/2024;2024_9_221;erityisesti;1
1447;9/2024;2024_9_221;nostaa;1
1447;9/2024;2024_9_221;suhonen;1
1447;9/2024;2024_9_221;viitata;1
1447;9/2024;2024_9_221;paloesimies;2
1447;9/2024;2024_9_221;ihan;3
1447;9/2024;2024_9_221;jäätävä;1
1447;9/2024;2024_9_221;oikeasti;1
1447;9/2024;2024_9_221;jälkeen;1
1447;9/2024;2024_9_221;prosentti;1
1447;9/2024;2024_9_221;käyttää;1
1447;9/2024;2024_9_221;tietää;1
1447;9/2024;2024_9_221;puute;1
1447;9/2024;2024_9_221;valtava;1
1447;9/2024;2024_9_221;minkälainen;1
1447;9/2024;2024_9_221;kuilu;1
1447;9/2024;2024_9_221;tippua;1
1447;9/2024;2024_9_221;kysymys;1
1447;16/2024;2024_16_323;herra;1
1447;16/2024;2024_16_323;puhemies;1
1447;16/2024;2024_16_323;aloittaa;1
1447;16/2024;2024_16_323;edellinen;1
1447;16/2024;2024_16_323;vaalikausi;1
1447;16/2024;2024_16_323;käydä;2
1447;16/2024;2024_16_323;keskustelu;3
1447;16/2024;2024_16_323;tuolileikki;1
1447;16/2024;2024_16_323;kun;1
1447;16/2024;2024_16_323;perussuomalainen;2
1447;16/2024;2024_16_323;sijoittaa;1
1447;16/2024;2024_16_323;silloin;1
1447;16/2024;2024_16_323;istua;1
1447;16/2024;2024_16_323;sali;2
1447;16/2024;2024_16_323;äärioikea;1
1447;16/2024;2024_16_323;laita;1
1447;16/2024;2024_16_323;tämä;6
1447;16/2024;2024_16_323;päivä;1
1447;16/2024;2024_16_323;peruste;1
1447;16/2024;2024_16_323;niin;2
1447;16/2024;2024_16_323;oikea;1
1447;16/2024;2024_16_323;reuna;1
1447;16/2024;2024_16_323;ei;3
1447;16/2024;2024_16_323;olla;12
1447;16/2024;2024_16_323;jonne;1
1447;16/2024;2024_16_323;istumapaikka;1
1447;16/2024;2024_16_323;poliittinen;1
1447;16/2024;2024_16_323;ajattelumalli;1
1447;16/2024;2024_16_323;mukaan;1
1447;16/2024;2024_16_323;kuulua;1
1447;16/2024;2024_16_323;juha;2
1447;16/2024;2024_16_323;mäenpää;2
1447;16/2024;2024_16_323;kiitos;1
1447;16/2024;2024_16_323;tänään;1
1447;16/2024;2024_16_323;joka;4
1447;16/2024;2024_16_323;hallituspuolue;1
1447;16/2024;2024_16_323;puoli;1
1447;16/2024;2024_16_323;yrittää;1
1447;16/2024;2024_16_323;saada;1
1447;16/2024;2024_16_323;näyttää;1
1447;16/2024;2024_16_323;lakko-oikeus;2
1447;16/2024;2024_16_323;rajoittaminen;2
1447;16/2024;2024_16_323;pieni;1
1447;16/2024;2024_16_323;juttu;1
1447;16/2024;2024_16_323;suuri;1
1447;16/2024;2024_16_323;merkitys;1
1447;16/2024;2024_16_323;työntekijä;2
1447;16/2024;2024_16_323;oikeus;1
1447;16/2024;2024_16_323;kanta;1
1447;16/2024;2024_16_323;väite;1
1447;16/2024;2024_16_323;pitää;3
1447;16/2024;2024_16_323;paikka;1
1447;16/2024;2024_16_323;jo;1
1447;16/2024;2024_16_323;pohjoismainen;1
1447;16/2024;2024_16_323;malli;2
1447;16/2024;2024_16_323;täällä;1
1447;16/2024;2024_16_323;päivätolkku;1
1447;16/2024;2024_16_323;hyvä;2
1447;16/2024;2024_16_323;mahdollinen;1
1447;16/2024;2024_16_323;kuitenkin;1
1447;16/2024;2024_16_323;että;2
1447;16/2024;2024_16_323;se;3
1447;16/2024;2024_16_323;vain;2
1447;16/2024;2024_16_323;ottaa;1
1447;16/2024;2024_16_323;palanen;1
1447;16/2024;2024_16_323;sieltä;1
1447;16/2024;2024_16_323;täältä;1
1447;16/2024;2024_16_323;ja;1
1447;16/2024;2024_16_323;hallitus;1
1447;16/2024;2024_16_323;esittää;1
1447;16/2024;2024_16_323;tapaus;1
1447;16/2024;2024_16_323;kaikki;1
1447;16/2024;2024_16_323;pala;1
1447;16/2024;2024_16_323;edullinen;1
1447;16/2024;2024_16_323;työnantaja;1
1447;16/2024;2024_16_323;selvä;1
1447;16/2024;2024_16_323;rajoitus;1
1447;16/2024;2024_16_323;haluta;1
1447;16/2024;2024_16_323;tehdä;2
1447;16/2024;2024_16_323;jotta;1
1447;16/2024;2024_16_323;jälkeen;1
1447;16/2024;2024_16_323;voida;2
1447;16/2024;2024_16_323;viedä;1
1447;16/2024;2024_16_323;läpi;1
1447;16/2024;2024_16_323;läjä;1
1447;16/2024;2024_16_323;lakiesitys;1
1447;16/2024;2024_16_323;tietää;1
1447;16/2024;2024_16_323;hyvin;1
1447;16/2024;2024_16_323;erilainen;1
1447;16/2024;2024_16_323;mielipide;1
1447;16/2024;2024_16_323;esitys;1
1447;16/2024;2024_16_323;tulla;1
1447;16/2024;2024_16_323;vaikuttaa;1
1447;16/2024;2024_16_323;merkittävästi;1
1447;16/2024;2024_16_323;kuinka;1
1447;16/2024;2024_16_323;solidaarisuus;1
1447;16/2024;2024_16_323;maa;1
1447;16/2024;2024_16_323;osoittaa;1
1447;16/2024;2024_16_323;nyt;1
1447;16/2024;2024_16_323;oikeistolainen;1
1447;16/2024;2024_16_323;politiikka;1
1447;16/2024;2024_16_323;suomi;1
1447;16/2024;2024_16_323;itsenäisyys;1
1447;16/2024;2024_16_323;aika;1
1447;20/2024;2024_20_195;herra;1
1447;20/2024;2024_20_195;puhemies;1
1447;20/2024;2024_20_195;ministeri;1
1447;20/2024;2024_20_195;satonen;1
1447;20/2024;2024_20_195;aloittaa;1
1447;20/2024;2024_20_195;tänään;1
1447;20/2024;2024_20_195;keskustelu;1
1447;20/2024;2024_20_195;sana;2
1447;20/2024;2024_20_195;hyvinvointivaltio;4
1447;20/2024;2024_20_195;ja;23
1447;20/2024;2024_20_195;työllisyys;1
1447;20/2024;2024_20_195;hieno;3
1447;20/2024;2024_20_195;uskoa;1
1447;20/2024;2024_20_195;että;16
1447;20/2024;2024_20_195;kaikki;6
1447;20/2024;2024_20_195;minä;14
1447;20/2024;2024_20_195;tämä;18
1447;20/2024;2024_20_195;sali;1
1447;20/2024;2024_20_195;pitää;7
1447;20/2024;2024_20_195;suomi;2
1447;20/2024;2024_20_195;kanta;1
1447;20/2024;2024_20_195;ratkaiseva;1
1447;20/2024;2024_20_195;tärkeä;1
1447;20/2024;2024_20_195;asia;4
1447;20/2024;2024_20_195;olla;62
1447;20/2024;2024_20_195;aivan;1
1447;20/2024;2024_20_195;varmasti;1
1447;20/2024;2024_20_195;sama;1
1447;20/2024;2024_20_195;tavoite;1
1447;20/2024;2024_20_195;se;23
1447;20/2024;2024_20_195;keino;2
1447;20/2024;2024_20_195;nyt;6
1447;20/2024;2024_20_195;sitten;2
1447;20/2024;2024_20_195;joka;13
1447;20/2024;2024_20_195;erottaa;1
1447;20/2024;2024_20_195;keinovalikoima;1
1447;20/2024;2024_20_195;hallitus;10
1447;20/2024;2024_20_195;valita;1
1447;20/2024;2024_20_195;saksi;1
1447;20/2024;2024_20_195;leikkaus;2
1447;20/2024;2024_20_195;linja;1
1447;20/2024;2024_20_195;mikään;2
1447;20/2024;2024_20_195;toimi;3
1447;20/2024;2024_20_195;ei;19
1447;20/2024;2024_20_195;vastata;2
1447;20/2024;2024_20_195;asiantuntija;2
1447;20/2024;2024_20_195;näkemys;1
1447;20/2024;2024_20_195;juurisyy;2
1447;20/2024;2024_20_195;vuoksi;3
1447;20/2024;2024_20_195;ihminen;2
1447;20/2024;2024_20_195;työllistyä;1
1447;20/2024;2024_20_195;työttömyys;1
1447;20/2024;2024_20_195;kohdata;2
1447;20/2024;2024_20_195;työttömyysturva;1
1447;20/2024;2024_20_195;porrastus;1
1447;20/2024;2024_20_195;mahdollinen;1
1447;20/2024;2024_20_195;tehdä;10
1447;20/2024;2024_20_195;merkittävästi;2
1447;20/2024;2024_20_195;oikeudenmukaisesti;1
1447;20/2024;2024_20_195;inhimillisesti;1
1447;20/2024;2024_20_195;aidosti;1
1447;20/2024;2024_20_195;kohtuuton;1
1447;20/2024;2024_20_195;epäoikeudenmukainen;1
1447;20/2024;2024_20_195;lisätä;2
1447;20/2024;2024_20_195;lapsiperheköyhyys;2
1447;20/2024;2024_20_195;leikata;2
1447;20/2024;2024_20_195;etenkin;3
1447;20/2024;2024_20_195;pienituloinen;1
1447;20/2024;2024_20_195;syrjäyttää;1
1447;20/2024;2024_20_195;hän;7
1447;20/2024;2024_20_195;reuna;1
1447;20/2024;2024_20_195;ajaa;1
1447;20/2024;2024_20_195;lapsi;2
1447;20/2024;2024_20_195;kuoppa;1
1447;20/2024;2024_20_195;tutkimus;2
1447;20/2024;2024_20_195;mukaan;3
1447;20/2024;2024_20_195;todella;7
1447;20/2024;2024_20_195;vaikea;1
1447;20/2024;2024_20_195;nousta;2
1447;20/2024;2024_20_195;hyvä;3
1447;20/2024;2024_20_195;sinä;1
1447;20/2024;2024_20_195;käynti;1
1447;20/2024;2024_20_195;todellinen;1
1447;20/2024;2024_20_195;purkuoperaatio;1
1447;20/2024;2024_20_195;vaikutus;2
1447;20/2024;2024_20_195;kukaan;1
1447;20/2024;2024_20_195;tietää;2
1447;20/2024;2024_20_195;niin;13
1447;20/2024;2024_20_195;vain;4
1447;20/2024;2024_20_195;työläinen;1
1447;20/2024;2024_20_195;muu;4
1447;20/2024;2024_20_195;tuntua;2
1447;20/2024;2024_20_195;minkäänlainen;1
1447;20/2024;2024_20_195;arvo;1
1447;20/2024;2024_20_195;edustaja;3
1447;20/2024;2024_20_195;väyrynen;1
1447;20/2024;2024_20_195;kertoa;6
1447;20/2024;2024_20_195;seuraus;1
1447;20/2024;2024_20_195;seurata;1
1447;20/2024;2024_20_195;kyllä;2
1447;20/2024;2024_20_195;toivoa;2
1447;20/2024;2024_20_195;laki;2
1447;20/2024;2024_20_195;voida;4
1447;20/2024;2024_20_195;vaikka;7
1447;20/2024;2024_20_195;määräaikainen;1
1447;20/2024;2024_20_195;jäädä;2
1447;20/2024;2024_20_195;tällainen;4
1447;20/2024;2024_20_195;ideologinen;1
1447;20/2024;2024_20_195;voima;1
1447;20/2024;2024_20_195;jos;2
1447;20/2024;2024_20_195;todeta;1
1447;20/2024;2024_20_195;positiivinen;1
1447;20/2024;2024_20_195;työllisyysvaikutus;1
1447;20/2024;2024_20_195;harkita;1
1447;20/2024;2024_20_195;määräaikaisuus;1
1447;20/2024;2024_20_195;tekeminen;1
1447;20/2024;2024_20_195;peruste;1
1447;20/2024;2024_20_195;täällä;4
1447;20/2024;2024_20_195;usea;2
1447;20/2024;2024_20_195;puheenvuoro;1
1447;20/2024;2024_20_195;käyttää;1
1447;20/2024;2024_20_195;pohjoismainen;1
1447;20/2024;2024_20_195;malli;1
1447;20/2024;2024_20_195;paikka;2
1447;20/2024;2024_20_195;myös;4
1447;20/2024;2024_20_195;pohjoismaa;1
1447;20/2024;2024_20_195;taloudellinen;2
1447;20/2024;2024_20_195;tilanne;4
1447;20/2024;2024_20_195;kuin;6
1447;20/2024;2024_20_195;no;3
1447;20/2024;2024_20_195;ottaa;1
1447;20/2024;2024_20_195;esimerkiksi;2
1447;20/2024;2024_20_195;tanska;5
1447;20/2024;2024_20_195;siellä;1
1447;20/2024;2024_20_195;hienosti;1
1447;20/2024;2024_20_195;jättipottiyritys;1
1447;20/2024;2024_20_195;lääkeala;1
1447;20/2024;2024_20_195;yritys;1
1447;20/2024;2024_20_195;novo;1
1447;20/2024;2024_20_195;nordisk;1
1447;20/2024;2024_20_195;erityinen;1
1447;20/2024;2024_20_195;lääke;1
1447;20/2024;2024_20_195;erinomainen;1
1447;20/2024;2024_20_195;asema;1
1447;20/2024;2024_20_195;laihdutuslääke;3
1447;20/2024;2024_20_195;muualla;1
1447;20/2024;2024_20_195;talous;4
1447;20/2024;2024_20_195;näkymä;1
1447;20/2024;2024_20_195;lääketeollisuus;1
1447;20/2024;2024_20_195;vaisu;1
1447;20/2024;2024_20_195;ilman;1
1447;20/2024;2024_20_195;suuri;5
1447;20/2024;2024_20_195;osa;2
1447;20/2024;2024_20_195;taantua;1
1447;20/2024;2024_20_195;innovaatio;1
1447;20/2024;2024_20_195;kun;5
1447;20/2024;2024_20_195;rikas;1
1447;20/2024;2024_20_195;rikastua;1
1447;20/2024;2024_20_195;samalla;1
1447;20/2024;2024_20_195;pulskistua;1
1447;20/2024;2024_20_195;tarve;1
1447;20/2024;2024_20_195;kuitenkaan;1
1447;20/2024;2024_20_195;kovin;1
1447;20/2024;2024_20_195;kovasti;1
1447;20/2024;2024_20_195;lämmitä;1
1447;20/2024;2024_20_195;tai;4
1447;20/2024;2024_20_195;perhe;1
1447;20/2024;2024_20_195;koskea;1
1447;20/2024;2024_20_195;tarvita;2
1447;20/2024;2024_20_195;raha;4
1447;20/2024;2024_20_195;jälkeen;1
1447;20/2024;2024_20_195;ylimääräinen;1
1447;20/2024;2024_20_195;meno;1
1447;20/2024;2024_20_195;harrastus;1
1447;20/2024;2024_20_195;syntymäpäiväjuhla;1
1447;20/2024;2024_20_195;järjestäminen;1
1447;20/2024;2024_20_195;toinen;1
1447;20/2024;2024_20_195;esimerkki;2
1447;20/2024;2024_20_195;ruotsi;5
1447;20/2024;2024_20_195;puhua;2
1447;20/2024;2024_20_195;mutta;4
1447;20/2024;2024_20_195;jengirikollisuus;1
1447;20/2024;2024_20_195;valitettavasti;1
1447;20/2024;2024_20_195;bergbom;1
1447;20/2024;2024_20_195;taannoin;1
1447;20/2024;2024_20_195;eräs;2
1447;20/2024;2024_20_195;asiantuntijaohjelma;1
1447;20/2024;2024_20_195;julistaa;1
1447;20/2024;2024_20_195;kuinka;2
1447;20/2024;2024_20_195;edes;1
1447;20/2024;2024_20_195;mikä;7
1447;20/2024;2024_20_195;saada;2
1447;20/2024;2024_20_195;laittaa;2
1447;20/2024;2024_20_195;paljon;1
1447;20/2024;2024_20_195;kuitenkin;1
1447;20/2024;2024_20_195;uutinen;1
1447;20/2024;2024_20_195;pula-aika;1
1447;20/2024;2024_20_195;budjetti;2
1447;20/2024;2024_20_195;jatkua;1
1447;20/2024;2024_20_195;vuosi;1
1447;20/2024;2024_20_195;syksy;1
1447;20/2024;2024_20_195;ennustaa;1
1447;20/2024;2024_20_195;huono;2
1447;20/2024;2024_20_195;taantuma;1
1447;20/2024;2024_20_195;syvä;1
1447;20/2024;2024_20_195;arvioida;1
1447;20/2024;2024_20_195;talousarvio;1
1447;20/2024;2024_20_195;tekoprosessi;1
1447;20/2024;2024_20_195;aika;1
1447;20/2024;2024_20_195;menolisäys;1
1447;20/2024;2024_20_195;kourallinen;1
1447;20/2024;2024_20_195;koska;1
1447;20/2024;2024_20_195;haluta;1
1447;20/2024;2024_20_195;tiukka;1
1447;20/2024;2024_20_195;lisäraha;1
1447;20/2024;2024_20_195;suunnata;1
1447;20/2024;2024_20_195;silti;1
1447;20/2024;2024_20_195;aikuiskoulutus;1
1447;20/2024;2024_20_195;puolustus;2
1447;20/2024;2024_20_195;lapsiperhe;1
1447;20/2024;2024_20_195;tilapäinen;1
1447;20/2024;2024_20_195;asumislisä;1
1447;20/2024;2024_20_195;jatkaa;1
1447;20/2024;2024_20_195;vaan;2
1447;20/2024;2024_20_195;lakkauttaa;2
1447;20/2024;2024_20_195;aikuiskoulutustuki;2
1447;20/2024;2024_20_195;onneksi;1
1447;20/2024;2024_20_195;vielä;2
1447;20/2024;2024_20_195;löytyä;3
1447;20/2024;2024_20_195;monesti;1
1447;20/2024;2024_20_195;kysyä;1
1447;20/2024;2024_20_195;oppositio;1
1447;20/2024;2024_20_195;vaihtoehto;2
1447;20/2024;2024_20_195;tarttua;1
1447;20/2024;2024_20_195;työllistyminen;4
1447;20/2024;2024_20_195;este;5
1447;20/2024;2024_20_195;osoittaa;1
1447;20/2024;2024_20_195;prosentti;4
1447;20/2024;2024_20_195;työtön;3
1447;20/2024;2024_20_195;terveysrajoite;2
1447;20/2024;2024_20_195;hyvinvointialue;2
1447;20/2024;2024_20_195;rahoitus;2
1447;20/2024;2024_20_195;sarkkinen;1
1447;20/2024;2024_20_195;äsken;1
1447;20/2024;2024_20_195;väestörakenne;2
1447;20/2024;2024_20_195;juuri;1
1447;20/2024;2024_20_195;jama;1
1447;20/2024;2024_20_195;ikääntyvä;1
1447;20/2024;2024_20_195;väestö;1
1447;20/2024;2024_20_195;terveyspalvelu;2
1447;20/2024;2024_20_195;enemmän;1
1447;20/2024;2024_20_195;päivänselvä;1
1447;20/2024;2024_20_195;kustannus;2
1447;20/2024;2024_20_195;tulla;1
1447;20/2024;2024_20_195;kulmakerroin;1
1447;20/2024;2024_20_195;yrittää;1
1447;20/2024;2024_20_195;madaltaa;1
1447;20/2024;2024_20_195;väkisin;1
1447;20/2024;2024_20_195;kasvaa;1
1447;20/2024;2024_20_195;haitata;1
1447;20/2024;2024_20_195;tuloksetto;1
1447;20/2024;2024_20_195;työnhaku;1
1447;20/2024;2024_20_195;hakea;1
1447;20/2024;2024_20_195;työ;10
1447;20/2024;2024_20_195;ammattitaito;1
1447;20/2024;2024_20_195;sopiva;1
1447;20/2024;2024_20_195;ilmoittaa;1
1447;20/2024;2024_20_195;saaminen;1
1447;20/2024;2024_20_195;työhaku;1
1447;20/2024;2024_20_195;merkittävä;3
1447;20/2024;2024_20_195;tulo;1
1447;20/2024;2024_20_195;ehkä;1
1447;20/2024;2024_20_195;erityisesti;1
1447;20/2024;2024_20_195;panos;1
1447;20/2024;2024_20_195;tulodesiili;1
1447;20/2024;2024_20_195;verotus;1
1447;20/2024;2024_20_195;vähentää;1
1447;20/2024;2024_20_195;työllisyystavoite;1
1447;20/2024;2024_20_195;taitaa;1
1447;20/2024;2024_20_195;karata;1
1447;20/2024;2024_20_195;kauemmaksi;1
1447;20/2024;2024_20_195;suomalainen;1
1447;20/2024;2024_20_195;työmarkkinat;1
1447;20/2024;2024_20_195;nähdä;1
1447;20/2024;2024_20_195;moni;1
1447;20/2024;2024_20_195;oecd-maa;1
1447;20/2024;2024_20_195;mielenterveys;1
1447;20/2024;2024_20_195;yksi;2
1447;20/2024;2024_20_195;hetki;1
1447;20/2024;2024_20_195;vaikeuttaa;2
1447;20/2024;2024_20_195;lähteminen;1
1447;20/2024;2024_20_195;usein;1
1447;20/2024;2024_20_195;syy;1
1447;20/2024;2024_20_195;lähes;1
1447;20/2024;2024_20_195;samanaikaisesti;1
1447;20/2024;2024_20_195;joko;1
1447;20/2024;2024_20_195;kaksi;1
1447;20/2024;2024_20_195;yhtään;1
1447;20/2024;2024_20_195;soveltuvuus;1
1447;20/2024;2024_20_195;osaaminen;1
1447;20/2024;2024_20_195;terveydentila;1
1447;20/2024;2024_20_195;riittävyys;1
1447;20/2024;2024_20_195;vastaus;1
1447;20/2024;2024_20_195;siis;1
1447;20/2024;2024_20_195;lopettaminen;1
1447;20/2024;2024_20_195;koulutus;1
1447;20/2024;2024_20_195;leikkaaminen;2
1447;20/2024;2024_20_195;tieto;1
1447;20/2024;2024_20_195;vaatimustaso;1
1447;20/2024;2024_20_195;liian;1
1447;20/2024;2024_20_195;korkea;1
1447;20/2024;2024_20_195;pääkaupunkiseutu;1
1447;20/2024;2024_20_195;ruokakauppaketju;1
1447;20/2024;2024_20_195;kysymys;1
1447;20/2024;2024_20_195;siivoustyö;1
1447;20/2024;2024_20_195;ostopalvelu;1
1447;20/2024;2024_20_195;siirtää;1
1447;20/2024;2024_20_195;kassahenkilökunta;1
1447;20/2024;2024_20_195;kielitaito;1
1447;20/2024;2024_20_195;alempi;1
1447;20/2024;2024_20_195;osaamistaso;1
1447;20/2024;2024_20_195;yhteiskunta;1
1447;20/2024;2024_20_195;vastuu;1
1447;20/2024;2024_20_195;erilainen;1
1447;21/2024;2024_21_46;arvoisa;4
1447;21/2024;2024_21_46;puhemies;4
1447;21/2024;2024_21_46;ei;9
1447;21/2024;2024_21_46;olla;21
1447;21/2024;2024_21_46;valmis;2
1447;21/2024;2024_21_46;puolittaa;1
1447;21/2024;2024_21_46;ansiosidonnainen;2
1447;21/2024;2024_21_46;turva;1
1447;21/2024;2024_21_46;porrastaa;1
1447;21/2024;2024_21_46;se;12
1447;21/2024;2024_21_46;mutta;2
1447;21/2024;2024_21_46;kuitenkin;1
1447;21/2024;2024_21_46;niin;5
1447;21/2024;2024_21_46;että;7
1447;21/2024;2024_21_46;kokonaisetuusmäärä;2
1447;21/2024;2024_21_46;merkittävästi;1
1447;21/2024;2024_21_46;laskea;2
1447;21/2024;2024_21_46;näin;2
1447;21/2024;2024_21_46;todeta;2
1447;21/2024;2024_21_46;nykyinen;1
1447;21/2024;2024_21_46;valtiovarainministeri;7
1447;21/2024;2024_21_46;purra;5
1447;21/2024;2024_21_46;ennen;2
1447;21/2024;2024_21_46;vaali;2
1447;21/2024;2024_21_46;ja;8
1447;21/2024;2024_21_46;kuinka;1
1447;21/2024;2024_21_46;sitten;1
1447;21/2024;2024_21_46;käydä;1
1447;21/2024;2024_21_46;kun;1
1447;21/2024;2024_21_46;valta;2
1447;21/2024;2024_21_46;päästä;1
1447;21/2024;2024_21_46;katteeton;1
1447;21/2024;2024_21_46;lupaus;2
1447;21/2024;2024_21_46;syntyä;1
1447;21/2024;2024_21_46;takkikääntö;1
1447;21/2024;2024_21_46;suomenennätys;1
1447;21/2024;2024_21_46;hallitus;6
1447;21/2024;2024_21_46;leikata;2
1447;21/2024;2024_21_46;nimenomaan;1
1447;21/2024;2024_21_46;ansioturva;2
1447;21/2024;2024_21_46;paljon;1
1447;21/2024;2024_21_46;dramaattisesti;1
1447;21/2024;2024_21_46;nimittäin;1
1447;21/2024;2024_21_46;nyt;3
1447;21/2024;2024_21_46;osa;1
1447;21/2024;2024_21_46;työtön;3
1447;21/2024;2024_21_46;jäädä;1
1447;21/2024;2024_21_46;työnhakija;2
1447;21/2024;2024_21_46;kesto;1
1447;21/2024;2024_21_46;lyhetä;1
1447;21/2024;2024_21_46;kaksi;2
1447;21/2024;2024_21_46;vuosi;1
1447;21/2024;2024_21_46;kuukausi;3
1447;21/2024;2024_21_46;sillä;1
1447;21/2024;2024_21_46;jo;1
1447;21/2024;2024_21_46;ensimmäinen;1
1447;21/2024;2024_21_46;porrastus;1
1447;21/2024;2024_21_46;tiputtaa;1
1447;21/2024;2024_21_46;hän;3
1447;21/2024;2024_21_46;peruspäiväraha;1
1447;21/2024;2024_21_46;aivan;2
1447;21/2024;2024_21_46;käsittämätön;1
1447;21/2024;2024_21_46;vain;1
1447;21/2024;2024_21_46;ansio-osa;1
1447;21/2024;2024_21_46;joka;6
1447;21/2024;2024_21_46;rahoittaa;1
1447;21/2024;2024_21_46;työttömyysturvavakuutusmaksu;1
1447;21/2024;2024_21_46;hallitusohjelma;1
1447;21/2024;2024_21_46;oma;1
1447;21/2024;2024_21_46;kirjaus;1
1447;21/2024;2024_21_46;mukaan;1
1447;21/2024;2024_21_46;valtio;1
1447;21/2024;2024_21_46;säästö;1
1447;21/2024;2024_21_46;tämä;9
1447;21/2024;2024_21_46;siis;1
1447;21/2024;2024_21_46;seitsemän;1
1447;21/2024;2024_21_46;miljoona;1
1447;21/2024;2024_21_46;euro;3
1447;21/2024;2024_21_46;kertoa;3
1447;21/2024;2024_21_46;mittasuhde;1
1447;21/2024;2024_21_46;asia;1
1447;21/2024;2024_21_46;leikkaus;4
1447;21/2024;2024_21_46;merkitä;1
1447;21/2024;2024_21_46;sata;2
1447;21/2024;2024_21_46;tulonmenetys;1
1447;21/2024;2024_21_46;menetys;2
1447;21/2024;2024_21_46;li;1
1447;21/2024;2024_21_46;andersson;1
1447;21/2024;2024_21_46;pikkuraha;1
1447;21/2024;2024_21_46;kokoomus;1
1447;21/2024;2024_21_46;mieli;1
1447;21/2024;2024_21_46;sali;2
1447;21/2024;2024_21_46;juuri;1
1447;21/2024;2024_21_46;iso;3
1447;21/2024;2024_21_46;summa;3
1447;21/2024;2024_21_46;jokin;1
1447;21/2024;2024_21_46;valtava;1
1447;21/2024;2024_21_46;todellisuus;3
1447;21/2024;2024_21_46;katastrofaalinen;1
1447;21/2024;2024_21_46;tavallinen;2
1447;21/2024;2024_21_46;ihminen;2
1447;21/2024;2024_21_46;yrittää;1
1447;21/2024;2024_21_46;selvitä;1
1447;21/2024;2024_21_46;arki;3
1447;21/2024;2024_21_46;lapsiperhe;1
1447;21/2024;2024_21_46;vanhempi;1
1447;21/2024;2024_21_46;etsiä;1
1447;21/2024;2024_21_46;työ;1
1447;21/2024;2024_21_46;yhteisvaikutus;1
1447;21/2024;2024_21_46;lapsikorotus;1
1447;21/2024;2024_21_46;poisto;1
1447;21/2024;2024_21_46;kanssa;1
1447;21/2024;2024_21_46;järkyttävä;1
1447;21/2024;2024_21_46;nähdä;1
1447;21/2024;2024_21_46;yhteinen;1
1447;21/2024;2024_21_46;kassa;1
1447;21/2024;2024_21_46;selvitys;1
1447;21/2024;2024_21_46;laskelma;1
1447;21/2024;2024_21_46;miten;4
1447;21/2024;2024_21_46;osua;1
1447;21/2024;2024_21_46;erilainen;1
1447;21/2024;2024_21_46;kotitalous;1
1447;21/2024;2024_21_46;vaikutus;1
1447;21/2024;2024_21_46;tarjota;1
1447;21/2024;2024_21_46;lisää;1
1447;21/2024;2024_21_46;saksi;3
1447;21/2024;2024_21_46;heikko;2
1447;21/2024;2024_21_46;asema;2
1447;21/2024;2024_21_46;tuntua;1
1447;21/2024;2024_21_46;retostella;1
1447;21/2024;2024_21_46;julkisuus;1
1447;21/2024;2024_21_46;tällainen;1
1447;21/2024;2024_21_46;käytös;1
1447;21/2024;2024_21_46;ennenkuulumaton;1
1447;21/2024;2024_21_46;koko;1
1447;21/2024;2024_21_46;suhtautua;1
1447;21/2024;2024_21_46;suomalainen;1
1447;21/2024;2024_21_46;puuttua;1
1447;21/2024;2024_21_46;kaikki;1
1447;21/2024;2024_21_46;keino;2
1447;21/2024;2024_21_46;saada;2
1447;21/2024;2024_21_46;kasvu;1
1447;21/2024;2024_21_46;suomi;1
1447;21/2024;2024_21_46;aikaiseksi;1
1447;21/2024;2024_21_46;investointi;1
1447;21/2024;2024_21_46;lisätä;2
1447;21/2024;2024_21_46;heikentää;2
1447;21/2024;2024_21_46;työttömyysturva;1
1447;21/2024;2024_21_46;tuottavuus;1
1447;21/2024;2024_21_46;työntekijä;1
1447;21/2024;2024_21_46;valtionvelka;1
1447;21/2024;2024_21_46;loppua;1
1447;21/2024;2024_21_46;pelkkä;1
1447;21/2024;2024_21_46;leikkaaminen;1
1447;21/2024;2024_21_46;kuten;1
1447;21/2024;2024_21_46;aina;1
1447;21/2024;2024_21_46;oikeisto;1
1447;21/2024;2024_21_46;rikas;1
1447;21/2024;2024_21_46;osallistua;1
1447;21/2024;2024_21_46;talkoo;1
1447;21/2024;2024_21_46;mikään;1
1447;21/2024;2024_21_46;tapa;1
1447;21/2024;2024_21_46;puhe;1
1447;21/2024;2024_21_46;kuin;1
1447;21/2024;2024_21_46;yö;1
1447;21/2024;2024_21_46;päivä;1
1447;21/2024;2024_21_46;verrata;1
1447;21/2024;2024_21_46;politiikka;1
1447;21/2024;2024_21_46;mikä;1
1447;21/2024;2024_21_46;puolue;1
1447;21/2024;2024_21_46;harjoittaa;1
1447;21/2024;2024_21_46;oikeushallitus;1
1447;21/2024;2024_21_46;oikeistohallitus;1
1447;21/2024;2024_21_46;kimmo;1
1447;21/2024;2024_21_46;kiljunen;1
1447;21/2024;2024_21_46;hyvä;1
1447;21/2024;2024_21_46;perussuomalaiset;1
1447;21/2024;2024_21_46;onnistua;1
1447;21/2024;2024_21_46;kaikkein;1
1447;21/2024;2024_21_46;hyvin;1
1447;21/2024;2024_21_46;pettää;1
1447;21/2024;2024_21_46;vaalilupaus;1
1447;21/2024;2024_21_46;siksi;1
1447;21/2024;2024_21_46;tänne;1
1447;21/2024;2024_21_46;vastata;1
1447;21/2024;2024_21_46;oikein;1
1447;21/2024;2024_21_46;mahdollinen;1
1447;21/2024;2024_21_46;sopia;1
1447;21/2024;2024_21_46;räätäli;2
1447;21/2024;2024_21_46;osata;2
1447;21/2024;2024_21_46;käyttää;2
1447;21/2024;2024_21_46;näyttää;1
1447;21/2024;2024_21_46;vahvasti;1
1447;21/2024;2024_21_92;arvoisa;2
1447;21/2024;2024_21_92;puhemies;2
1447;21/2024;2024_21_92;täällä;2
1447;21/2024;2024_21_92;olla;15
1447;21/2024;2024_21_92;käydä;2
1447;21/2024;2024_21_92;tänään;2
1447;21/2024;2024_21_92;erinomainen;1
1447;21/2024;2024_21_92;hyvä;1
1447;21/2024;2024_21_92;keskustelu;1
1447;21/2024;2024_21_92;se;12
1447;21/2024;2024_21_92;kuinka;2
1447;21/2024;2024_21_92;orpo;1
1447;21/2024;2024_21_92;saada;1
1447;21/2024;2024_21_92;palaute;1
1447;21/2024;2024_21_92;eu-parlamentti;1
1447;21/2024;2024_21_92;ja;9
1447;21/2024;2024_21_92;niin;3
1447;21/2024;2024_21_92;kuulua;2
1447;21/2024;2024_21_92;purra;4
1447;21/2024;2024_21_92;saksi;2
1447;21/2024;2024_21_92;viuhunta;1
1447;21/2024;2024_21_92;jo;1
1447;21/2024;2024_21_92;siellä;1
1447;21/2024;2024_21_92;parlamentti;1
1447;21/2024;2024_21_92;saakka;1
1447;21/2024;2024_21_92;nips;1
1447;21/2024;2024_21_92;naps;1
1447;21/2024;2024_21_92;pitkälle;1
1447;21/2024;2024_21_92;anne;1
1447;21/2024;2024_21_92;rintamäki;1
1447;21/2024;2024_21_92;välihuuto;1
1447;21/2024;2024_21_92;karu;1
1447;21/2024;2024_21_92;järkyttävä;1
1447;21/2024;2024_21_92;esimerkki;1
1447;21/2024;2024_21_92;nostaa;2
1447;21/2024;2024_21_92;ansiokkaasti;1
1447;21/2024;2024_21_92;esiin;2
1447;21/2024;2024_21_92;jos;2
1447;21/2024;2024_21_92;ei;5
1447;21/2024;2024_21_92;sinä;1
1447;21/2024;2024_21_92;uskoa;2
1447;21/2024;2024_21_92;minä;2
1447;21/2024;2024_21_92;edes;1
1447;21/2024;2024_21_92;asiantuntija;1
1447;21/2024;2024_21_92;mikä;1
1447;21/2024;2024_21_92;hän;3
1447;21/2024;2024_21_92;lausua;2
1447;21/2024;2024_21_92;tämä;12
1447;21/2024;2024_21_92;ihminen;1
1447;21/2024;2024_21_92;joka;3
1447;21/2024;2024_21_92;koskea;1
1447;21/2024;2024_21_92;kuulla;1
1447;21/2024;2024_21_92;asia;5
1447;21/2024;2024_21_92;ensin;1
1447;21/2024;2024_21_92;esimerkiksi;3
1447;21/2024;2024_21_92;akava;1
1447;21/2024;2024_21_92;kaikki;1
1447;21/2024;2024_21_92;työttömyysturva;1
1447;21/2024;2024_21_92;heikennys;1
1447;21/2024;2024_21_92;yhdistää;1
1447;21/2024;2024_21_92;kokonaisuus;1
1447;21/2024;2024_21_92;tulla;4
1447;21/2024;2024_21_92;liian;1
1447;21/2024;2024_21_92;suuri;1
1447;21/2024;2024_21_92;pudotus;1
1447;21/2024;2024_21_92;työtön;2
1447;21/2024;2024_21_92;tulotaso;1
1447;21/2024;2024_21_92;sttk;1
1447;21/2024;2024_21_92;todeta;1
1447;21/2024;2024_21_92;että;5
1447;21/2024;2024_21_92;ikäsidonnainen;1
1447;21/2024;2024_21_92;suojasäännös;1
1447;21/2024;2024_21_92;poistaminen;1
1447;21/2024;2024_21_92;lisätä;1
1447;21/2024;2024_21_92;köyhyys;1
1447;21/2024;2024_21_92;toimeentulo-ongelma;1
1447;21/2024;2024_21_92;etenkin;1
1447;21/2024;2024_21_92;yli;1
1447;21/2024;2024_21_92;vuotias;1
1447;21/2024;2024_21_92;ikäryhmä;1
1447;21/2024;2024_21_92;muutos;1
1447;21/2024;2024_21_92;myös;1
1447;21/2024;2024_21_92;kohdistua;1
1447;21/2024;2024_21_92;erityisesti;2
1447;21/2024;2024_21_92;yhteiskunta;1
1447;21/2024;2024_21_92;heikompiosainen;1
1447;21/2024;2024_21_92;eli;1
1447;21/2024;2024_21_92;vaikeus;1
1447;21/2024;2024_21_92;työllistyä;1
1447;21/2024;2024_21_92;avoin;1
1447;21/2024;2024_21_92;työmarkkinat;1
1447;21/2024;2024_21_92;toimintakyky;1
1447;21/2024;2024_21_92;tai;1
1447;21/2024;2024_21_92;osaaminen;1
1447;21/2024;2024_21_92;liittyä;1
1447;21/2024;2024_21_92;haaste;1
1447;21/2024;2024_21_92;vuoksi;1
1447;21/2024;2024_21_92;pam;1
1447;21/2024;2024_21_92;oma;2
1447;21/2024;2024_21_92;lausunto;1
1447;21/2024;2024_21_92;työllistämisvelvoitetyö;1
1447;21/2024;2024_21_92;tarvita;1
1447;21/2024;2024_21_92;eniten;1
1447;21/2024;2024_21_92;matalapalkkainen;1
1447;21/2024;2024_21_92;työsuhde;1
1447;21/2024;2024_21_92;työura;1
1447;21/2024;2024_21_92;tehdä;3
1447;21/2024;2024_21_92;ikääntynyt;1
1447;21/2024;2024_21_92;nainen;1
1447;21/2024;2024_21_92;juuri;1
1447;21/2024;2024_21_92;nyt;4
1447;21/2024;2024_21_92;kurittaa;1
1447;21/2024;2024_21_92;kummallinen;1
1447;21/2024;2024_21_92;miten;1
1447;21/2024;2024_21_92;näin;2
1447;21/2024;2024_21_92;lupaus;2
1447;21/2024;2024_21_92;perussuomalainen;1
1447;21/2024;2024_21_92;valtiovarainministeri;1
1447;21/2024;2024_21_92;näkyä;2
1447;21/2024;2024_21_92;perustella;2
1447;21/2024;2024_21_92;kertoa;2
1447;21/2024;2024_21_92;näkemys;1
1447;21/2024;2024_21_92;oikein;2
1447;21/2024;2024_21_92;jyrkästi;1
1447;21/2024;2024_21_92;pettää;1
1447;21/2024;2024_21_92;kun;1
1447;21/2024;2024_21_92;aivan;1
1447;21/2024;2024_21_92;selvä;1
1447;21/2024;2024_21_92;yrittää;1
1447;21/2024;2024_21_92;viedä;1
1447;21/2024;2024_21_92;eduskunta;1
1447;21/2024;2024_21_92;läpi;1
1447;21/2024;2024_21_92;kuin;1
1447;21/2024;2024_21_92;kumileimasin;1
1447;21/2024;2024_21_92;käyttää;1
1447;21/2024;2024_21_92;ministeri;2
1447;21/2024;2024_21_92;heiluttelu;1
1447;21/2024;2024_21_92;leikkuulauta;1
1447;21/2024;2024_21_92;elvistely;1
1447;21/2024;2024_21_92;saati;1
1447;21/2024;2024_21_92;vaalilupaus;1
1447;21/2024;2024_21_92;pettäminen;1
1447;21/2024;2024_21_92;vaihtoehto;1
1447;21/2024;2024_21_92;jättää;1
1447;21/2024;2024_21_92;syy;1
1447;21/2024;2024_21_92;esitys;1
1447;21/2024;2024_21_92;pöytä;1
1447;21/2024;2024_21_92;jättäminen;1
1447;21/2024;2024_21_92;tiistai;1
1447;21/2024;2024_21_92;täysistunto;1
1447;21/2024;2024_21_92;mennessä;1
1447;21/2024;2024_21_92;keksiä;1
1447;21/2024;2024_21_92;perustelu;1
1447;21/2024;2024_21_92;voida;1
1447;21/2024;2024_21_92;kiitos;1
1447;22/2024;2024_22_130;kiitos;1
1447;22/2024;2024_22_130;arvoisa;1
1447;22/2024;2024_22_130;puhemies;1
1447;22/2024;2024_22_130;tämä;11
1447;22/2024;2024_22_130;valiokunta;1
1447;22/2024;2024_22_130;puheenjohtaja;1
1447;22/2024;2024_22_130;jo;2
1447;22/2024;2024_22_130;kertoa;2
1447;22/2024;2024_22_130;mikä;2
1447;22/2024;2024_22_130;työntekijä;7
1447;22/2024;2024_22_130;lähettäminen;1
1447;22/2024;2024_22_130;olla;21
1447;22/2024;2024_22_130;kyse;1
1447;22/2024;2024_22_130;mutta;3
1447;22/2024;2024_22_130;ehkä;2
1447;22/2024;2024_22_130;hyvä;4
1447;22/2024;2024_22_130;todeta;4
1447;22/2024;2024_22_130;että;12
1447;22/2024;2024_22_130;alkuperäinen;1
1447;22/2024;2024_22_130;laki;1
1447;22/2024;2024_22_130;ja;11
1447;22/2024;2024_22_130;kuuleminen;3
1447;22/2024;2024_22_130;kuulla;2
1447;22/2024;2024_22_130;juuri;1
1447;22/2024;2024_22_130;direktiivi;1
1447;22/2024;2024_22_130;se;17
1447;22/2024;2024_22_130;joka;3
1447;22/2024;2024_22_130;nyt;1
1447;22/2024;2024_22_130;vaatia;1
1447;22/2024;2024_22_130;muutos;1
1447;22/2024;2024_22_130;oleellinen;1
1447;22/2024;2024_22_130;viranomainen;2
1447;22/2024;2024_22_130;pitää;2
1447;22/2024;2024_22_130;pystyä;2
1447;22/2024;2024_22_130;kontaktoida;1
1447;22/2024;2024_22_130;sinne;2
1447;22/2024;2024_22_130;lähettää;1
1447;22/2024;2024_22_130;maa;3
1447;22/2024;2024_22_130;eri;1
1447;22/2024;2024_22_130;hyvin;6
1447;22/2024;2024_22_130;erilainen;1
1447;22/2024;2024_22_130;suhde;1
1447;22/2024;2024_22_130;esimerkiksi;5
1447;22/2024;2024_22_130;vanhenemisaika;1
1447;22/2024;2024_22_130;keritä;1
1447;22/2024;2024_22_130;usein;1
1447;22/2024;2024_22_130;ylittyä;1
1447;22/2024;2024_22_130;ennen;1
1447;22/2024;2024_22_130;kuin;1
1447;22/2024;2024_22_130;tieto;2
1447;22/2024;2024_22_130;sieltä;1
1447;22/2024;2024_22_130;ulkomaa;1
1447;22/2024;2024_22_130;edes;1
1447;22/2024;2024_22_130;saada;4
1447;22/2024;2024_22_130;viitata;1
1447;22/2024;2024_22_130;vastatoimi;3
1447;22/2024;2024_22_130;kielto;3
1447;22/2024;2024_22_130;muotoilu;1
1447;22/2024;2024_22_130;kyllä;5
1447;22/2024;2024_22_130;osa;3
1447;22/2024;2024_22_130;asiantuntija;1
1447;22/2024;2024_22_130;tehoton;1
1447;22/2024;2024_22_130;ei;5
1447;22/2024;2024_22_130;tuoda;1
1447;22/2024;2024_22_130;aito;1
1447;22/2024;2024_22_130;työkalu;1
1447;22/2024;2024_22_130;oikeus;3
1447;22/2024;2024_22_130;voida;1
1447;22/2024;2024_22_130;konkreettisesti;1
1447;22/2024;2024_22_130;auttaa;1
1447;22/2024;2024_22_130;myös;4
1447;22/2024;2024_22_130;yksittäinen;1
1447;22/2024;2024_22_130;tosiasiallinen;1
1447;22/2024;2024_22_130;mahdollisuus;1
1447;22/2024;2024_22_130;lähteä;1
1447;22/2024;2024_22_130;oikeusprosessi;1
1447;22/2024;2024_22_130;mahdoton;1
1447;22/2024;2024_22_130;toteuttaa;1
1447;22/2024;2024_22_130;käyttää;2
1447;22/2024;2024_22_130;esimerkki;1
1447;22/2024;2024_22_130;jos;2
1447;22/2024;2024_22_130;rakennustyömies;1
1447;22/2024;2024_22_130;sairastua;1
1447;22/2024;2024_22_130;kesken;1
1447;22/2024;2024_22_130;keikka;1
1447;22/2024;2024_22_130;niin;5
1447;22/2024;2024_22_130;hän;4
1447;22/2024;2024_22_130;yleensä;2
1447;22/2024;2024_22_130;palata;2
1447;22/2024;2024_22_130;kotimaa;1
1447;22/2024;2024_22_130;kärsiä;1
1447;22/2024;2024_22_130;vahinko;1
1447;22/2024;2024_22_130;itse;1
1447;22/2024;2024_22_130;vahingonkorvaus;1
1447;22/2024;2024_22_130;tapaus;1
1447;22/2024;2024_22_130;vaikea;1
1447;22/2024;2024_22_130;kukaan;1
1447;22/2024;2024_22_130;velvoittaa;1
1447;22/2024;2024_22_130;tiedoton;1
1447;22/2024;2024_22_130;suomalainen;2
1447;22/2024;2024_22_130;työelämä;1
1447;22/2024;2024_22_130;vedota;1
1447;22/2024;2024_22_130;romanialainen;1
1447;22/2024;2024_22_130;kuusi;1
1447;22/2024;2024_22_130;euro;1
1447;22/2024;2024_22_130;tunti;1
1447;22/2024;2024_22_130;palkka;1
1447;22/2024;2024_22_130;paljon;2
1447;22/2024;2024_22_130;minä;2
1447;22/2024;2024_22_130;täällä;1
1447;22/2024;2024_22_130;suomi;1
1447;22/2024;2024_22_130;ymmärtää;1
1447;22/2024;2024_22_130;kuinka;3
1447;22/2024;2024_22_130;helppo;1
1447;22/2024;2024_22_130;ulkomaalainen;1
1447;22/2024;2024_22_130;sitten;2
1447;22/2024;2024_22_130;houkutella;1
1447;22/2024;2024_22_130;tänne;1
1447;22/2024;2024_22_130;valvoa;1
1447;22/2024;2024_22_130;työehtosopimus;1
1447;22/2024;2024_22_130;toteutua;1
1447;22/2024;2024_22_130;tasoittumisjakso;1
1447;22/2024;2024_22_130;korvata;1
1447;22/2024;2024_22_130;kun;1
1447;22/2024;2024_22_130;ihminen;1
1447;22/2024;2024_22_130;takaisin;1
1447;22/2024;2024_22_130;oma;1
1447;22/2024;2024_22_130;siellä;2
1447;22/2024;2024_22_130;tulla;3
1447;22/2024;2024_22_130;ilmi;1
1447;22/2024;2024_22_130;ay-liike;1
1447;22/2024;2024_22_130;kanneoikeus;1
1447;22/2024;2024_22_130;tehokas;1
1447;22/2024;2024_22_130;toimi;1
1447;22/2024;2024_22_130;asia;3
1447;22/2024;2024_22_130;eteenpäinvieminen;1
1447;22/2024;2024_22_130;paikallinen;4
1447;22/2024;2024_22_130;sopiminen;4
1447;22/2024;2024_22_130;esiin;1
1447;22/2024;2024_22_130;tasapuolisesti;1
1447;22/2024;2024_22_130;neuvotellen;1
1447;22/2024;2024_22_130;tapahtua;1
1447;22/2024;2024_22_130;erittäin;1
1447;22/2024;2024_22_130;mennä;1
1447;22/2024;2024_22_130;minimitaso;1
1447;22/2024;2024_22_130;alapuolelle;1
1447;22/2024;2024_22_130;holtittomasti;1
1447;22/2024;2024_22_130;lisätä;1
1447;22/2024;2024_22_130;palkkataso;1
1447;22/2024;2024_22_130;laskea;1
1447;23/2024;2024_23_4;arvoisa;1
1447;23/2024;2024_23_4;puhemies;1
1447;23/2024;2024_23_4;olla;16
1447;23/2024;2024_23_4;se;7
1447;23/2024;2024_23_4;kummallinen;1
1447;23/2024;2024_23_4;että;3
1447;23/2024;2024_23_4;hallitus;3
1447;23/2024;2024_23_4;itse;1
1447;23/2024;2024_23_4;haluta;1
1447;23/2024;2024_23_4;tämä;5
1447;23/2024;2024_23_4;keskustelu;1
1447;23/2024;2024_23_4;jatkua;2
1447;23/2024;2024_23_4;tänään;1
1447;23/2024;2024_23_4;ei;5
1447;23/2024;2024_23_4;vasta;1
1447;23/2024;2024_23_4;tiistai;1
1447;23/2024;2024_23_4;kun;3
1447;23/2024;2024_23_4;valtiovarainministeri;1
1447;23/2024;2024_23_4;yrittää;1
1447;23/2024;2024_23_4;antaa;1
1447;23/2024;2024_23_4;vielä;1
1447;23/2024;2024_23_4;enemmän;1
1447;23/2024;2024_23_4;aika;1
1447;23/2024;2024_23_4;valmistautua;1
1447;23/2024;2024_23_4;vastata;1
1447;23/2024;2024_23_4;kysymys;1
1447;23/2024;2024_23_4;mutta;2
1447;23/2024;2024_23_4;purra;2
1447;23/2024;2024_23_4;paikka;1
1447;23/2024;2024_23_4;edelleen;1
1447;23/2024;2024_23_4;näkyä;1
1447;23/2024;2024_23_4;perussuomalaiset;2
1447;23/2024;2024_23_4;vaalilupaus;1
1447;23/2024;2024_23_4;pettäminen;1
1447;23/2024;2024_23_4;oikea;1
1447;23/2024;2024_23_4;kolossaalinen;1
1447;23/2024;2024_23_4;takinkääntö;1
1447;23/2024;2024_23_4;joka;6
1447;23/2024;2024_23_4;vain;1
1447;23/2024;2024_23_4;yle;1
1447;23/2024;2024_23_4;ykkösaamu;1
1447;23/2024;2024_23_4;ennen;1
1447;23/2024;2024_23_4;eduskuntavaalit;1
1447;23/2024;2024_23_4;ministeri;1
1447;23/2024;2024_23_4;kertoa;1
1447;23/2024;2024_23_4;juontaja;1
1447;23/2024;2024_23_4;kysyä;1
1447;23/2024;2024_23_4;mielipide;1
1447;23/2024;2024_23_4;kokoomus;1
1447;23/2024;2024_23_4;tavoite;1
1447;23/2024;2024_23_4;puolittaa;2
1447;23/2024;2024_23_4;ansiosidonnainen;5
1447;23/2024;2024_23_4;kesto;2
1447;23/2024;2024_23_4;valmis;2
1447;23/2024;2024_23_4;turva;1
1447;23/2024;2024_23_4;porrastaa;1
1447;23/2024;2024_23_4;kuitenkin;1
1447;23/2024;2024_23_4;niin;2
1447;23/2024;2024_23_4;kokonaisetuusmäärä;1
1447;23/2024;2024_23_4;merkittävästi;1
1447;23/2024;2024_23_4;laskea;1
1447;23/2024;2024_23_4;nyt;3
1447;23/2024;2024_23_4;osa;1
1447;23/2024;2024_23_4;työtön;2
1447;23/2024;2024_23_4;jäädä;1
1447;23/2024;2024_23_4;työnhakija;1
1447;23/2024;2024_23_4;lyhetä;1
1447;23/2024;2024_23_4;kaksi;2
1447;23/2024;2024_23_4;vuosi;2
1447;23/2024;2024_23_4;kuukausi;1
1447;23/2024;2024_23_4;sillä;1
1447;23/2024;2024_23_4;jo;2
1447;23/2024;2024_23_4;ensimmäinen;1
1447;23/2024;2024_23_4;porrastus;1
1447;23/2024;2024_23_4;tiputtaa;1
1447;23/2024;2024_23_4;hän;1
1447;23/2024;2024_23_4;peruspäiväraha;1
1447;23/2024;2024_23_4;luvata;1
1447;23/2024;2024_23_4;pitää;1
1447;23/2024;2024_23_4;suomalainen;2
1447;23/2024;2024_23_4;puoli;1
1447;23/2024;2024_23_4;ja;6
1447;23/2024;2024_23_4;minä;2
1447;23/2024;2024_23_4;pohjoismaa;1
1447;23/2024;2024_23_4;matala;1
1447;23/2024;2024_23_4;keskituloinen;1
1447;23/2024;2024_23_4;saada;1
1447;23/2024;2024_23_4;pian;1
1447;23/2024;2024_23_4;yli;1
1447;23/2024;2024_23_4;euro;1
1447;23/2024;2024_23_4;vähemmän;1
1447;23/2024;2024_23_4;ansiosidontai;1
1447;23/2024;2024_23_4;kuin;2
1447;23/2024;2024_23_4;ruotsalainen;1
1447;23/2024;2024_23_4;sellainen;1
1447;23/2024;2024_23_4;pohjoismainen;1
1447;23/2024;2024_23_4;malli;1
1447;23/2024;2024_23_4;mikä;1
1447;23/2024;2024_23_4;täällä;2
1447;23/2024;2024_23_4;puhua;1
1447;23/2024;2024_23_4;esimerkiksi;3
1447;23/2024;2024_23_4;rakennusliitto;1
1447;23/2024;2024_23_4;asiakohta;1
1447;23/2024;2024_23_4;kommentoida;1
1447;23/2024;2024_23_4;kirjoittaa;1
1447;23/2024;2024_23_4;rakennusala;2
1447;23/2024;2024_23_4;työttömyysturva;2
1447;23/2024;2024_23_4;turvata;1
1447;23/2024;2024_23_4;ala;2
1447;23/2024;2024_23_4;suhdanneherkkä;1
1447;23/2024;2024_23_4;tilanne;3
1447;23/2024;2024_23_4;yritys;3
1447;23/2024;2024_23_4;ammattiosaaja;1
1447;23/2024;2024_23_4;taas;1
1447;23/2024;2024_23_4;käyttää;1
1447;23/2024;2024_23_4;suhdannetilanne;1
1447;23/2024;2024_23_4;kääntyä;1
1447;23/2024;2024_23_4;ominainen;1
1447;23/2024;2024_23_4;myös;3
1447;23/2024;2024_23_4;kausivaihtelu;1
1447;23/2024;2024_23_4;aiheuttaa;2
1447;23/2024;2024_23_4;vuosittainen;2
1447;23/2024;2024_23_4;talvi;3
1447;23/2024;2024_23_4;kutsua;1
1447;23/2024;2024_23_4;ilmiö;1
1447;23/2024;2024_23_4;esitys;1
1447;23/2024;2024_23_4;verrata;2
1447;23/2024;2024_23_4;usein;1
1447;23/2024;2024_23_4;suomi;2
1447;23/2024;2024_23_4;tanska;1
1447;23/2024;2024_23_4;sali;1
1447;23/2024;2024_23_4;usea;1
1447;23/2024;2024_23_4;kerta;1
1447;23/2024;2024_23_4;sääolosuhde;1
1447;23/2024;2024_23_4;maa;1
1447;23/2024;2024_23_4;kokonaispinta-ala;1
1447;23/2024;2024_23_4;sekä;2
1447;23/2024;2024_23_4;asukastiheys;1
1447;23/2024;2024_23_4;aivan;1
1447;23/2024;2024_23_4;toinen;2
1447;23/2024;2024_23_4;luokka;1
1447;23/2024;2024_23_4;rakentaminen;3
1447;23/2024;2024_23_4;haaste;1
1447;23/2024;2024_23_4;siten;1
1447;23/2024;2024_23_4;luontaisesti;1
1447;23/2024;2024_23_4;toisenlainen;1
1447;23/2024;2024_23_4;voimakkuus;1
1447;23/2024;2024_23_4;täysin;1
1447;23/2024;2024_23_4;työntekijä;1
1447;23/2024;2024_23_4;vaikuttamismahdollisuus;1
1447;23/2024;2024_23_4;ulkopuolella;1
1447;23/2024;2024_23_4;työ;2
1447;23/2024;2024_23_4;pakollinen;1
1447;23/2024;2024_23_4;vähentyminen;1
1447;23/2024;2024_23_4;tai;1
1447;23/2024;2024_23_4;pysähtyminen;1
1447;23/2024;2024_23_4;hyvä;1
1447;23/2024;2024_23_4;esimerkki;1
1447;23/2024;2024_23_4;asfalttityö;1
1447;23/2024;2024_23_4;voida;3
1447;23/2024;2024_23_4;käytäntö;1
1447;23/2024;2024_23_4;tehdä;1
1447;23/2024;2024_23_4;ollenkaan;1
1447;23/2024;2024_23_4;sama;1
1447;23/2024;2024_23_4;päteä;1
1447;23/2024;2024_23_4;moni;1
1447;23/2024;2024_23_4;muu;1
1447;23/2024;2024_23_4;osa-alue;1
1447;23/2024;2024_23_4;leikkuri;1
1447;23/2024;2024_23_4;luoda;1
1447;23/2024;2024_23_4;toistua;1
1447;23/2024;2024_23_4;työttömyys;1
1447;23/2024;2024_23_4;poistaa;1
1447;23/2024;2024_23_4;vähitellen;1
1447;23/2024;2024_23_4;osaava;1
1447;23/2024;2024_23_4;työvoima;1
1447;23/2024;2024_23_4;heikentää;1
1447;23/2024;2024_23_4;työnantaja;1
1447;23/2024;2024_23_4;kilpailukyky;1
1447;23/2024;2024_23_4;työturvallisuus;1
1447;23/2024;2024_23_4;laatu;1
1447;23/2024;2024_23_4;pimeä;1
1447;23/2024;2024_23_4;tekeminen;1
1447;23/2024;2024_23_4;houkuttelevuus;1
1447;23/2024;2024_23_4;lisääntyä;1
1447;23/2024;2024_23_4;yhteisvaikutus;1
1447;23/2024;2024_23_4;eri;1
1447;23/2024;2024_23_4;heikennys;1
1447;44/2024;2024_44_3;puhemies;1
1447;44/2024;2024_44_3;suomi;1
1447;44/2024;2024_44_3;sisäinen;1
1447;44/2024;2024_44_3;turvallisuus;2
1447;44/2024;2024_44_3;olla;6
1447;44/2024;2024_44_3;huolestuttaa;1
1447;44/2024;2024_44_3;kansalainen;1
1447;44/2024;2024_44_3;erityisen;1
1447;44/2024;2024_44_3;paljon;2
1447;44/2024;2024_44_3;tämä;2
1447;44/2024;2024_44_3;kevät;1
1447;44/2024;2024_44_3;edeltävä;1
1447;44/2024;2024_44_3;kuukausi;1
1447;44/2024;2024_44_3;aika;1
1447;44/2024;2024_44_3;tapahtua;1
1447;44/2024;2024_44_3;usea;1
1447;44/2024;2024_44_3;epäilty;1
1447;44/2024;2024_44_3;rikos;1
1447;44/2024;2024_44_3;luvallinen;1
1447;44/2024;2024_44_3;käsiase;1
1447;44/2024;2024_44_3;julkinen;1
1447;44/2024;2024_44_3;paikka;1
1447;44/2024;2024_44_3;ja;1
1447;44/2024;2024_44_3;rauha;1
1447;44/2024;2024_44_3;ei;3
1447;44/2024;2024_44_3;syntyä;1
1447;44/2024;2024_44_3;sana;1
1447;44/2024;2024_44_3;vaan;1
1447;44/2024;2024_44_3;aito;1
1447;44/2024;2024_44_3;teko;1
1447;44/2024;2024_44_3;saada;1
1447;44/2024;2024_44_3;lukea;1
1447;44/2024;2024_44_3;media;1
1447;44/2024;2024_44_3;että;2
1447;44/2024;2024_44_3;nykyinen;2
1447;44/2024;2024_44_3;aselaki;3
1447;44/2024;2024_44_3;voimaan;2
1447;44/2024;2024_44_3;tulla;1
1447;44/2024;2024_44_3;vuosi;1
1447;44/2024;2024_44_3;ennen;1
1447;44/2024;2024_44_3;myöntää;2
1447;44/2024;2024_44_3;aselupa;3
1447;44/2024;2024_44_3;jäädä;1
1447;44/2024;2024_44_3;silloin;1
1447;44/2024;2024_44_3;kun;1
1447;44/2024;2024_44_3;se;1
1447;44/2024;2024_44_3;täyttää;2
1447;44/2024;2024_44_3;uusi;1
1447;44/2024;2024_44_3;laki;1
1447;44/2024;2024_44_3;vaatimus;2
1447;44/2024;2024_44_3;sisäministeri;1
1447;44/2024;2024_44_3;rantanen;1
1447;44/2024;2024_44_3;kuinka;1
1447;44/2024;2024_44_3;minä;1
1447;44/2024;2024_44_3;vanha;1
1447;44/2024;2024_44_3;nojalla;1
1447;44/2024;2024_44_3;joka;1
1447;44/2024;2024_44_3;nykylainsäädäntö;1
1447;44/2024;2024_44_3;valmis;1
1447;44/2024;2024_44_3;muuttaa;1
1447;44/2024;2024_44_3;aselainsäädäntö;1
1447;44/2024;2024_44_3;niin;1
1447;44/2024;2024_44_3;kanssa;1
1447;44/2024;2024_44_3;ristiriita;1
1447;44/2024;2024_44_3;voimassaolo;1
1447;44/2024;2024_44_3;päättyä;1
1447;46/2024;2024_46_341;arvoisa;1
1447;46/2024;2024_46_341;puhemies;1
1447;46/2024;2024_46_341;olla;88
1447;46/2024;2024_46_341;yksi;1
1447;46/2024;2024_46_341;se;53
1447;46/2024;2024_46_341;työ;2
1447;46/2024;2024_46_341;ja;33
1447;46/2024;2024_46_341;tasa-arvovaliokunta;2
1447;46/2024;2024_46_341;jäsen;1
1447;46/2024;2024_46_341;tapa;1
1447;46/2024;2024_46_341;tehdä;2
1447;46/2024;2024_46_341;muistiinpano;1
1447;46/2024;2024_46_341;valita;1
1447;46/2024;2024_46_341;kausi;1
1447;46/2024;2024_46_341;alku;1
1447;46/2024;2024_46_341;muistivihko;1
1447;46/2024;2024_46_341;mörkövihko;2
1447;46/2024;2024_46_341;mutta;7
1447;46/2024;2024_46_341;ei;17
1447;46/2024;2024_46_341;voida;2
1447;46/2024;2024_46_341;kuvitella;1
1447;46/2024;2024_46_341;minkälainen;1
1447;46/2024;2024_46_341;mörkö;3
1447;46/2024;2024_46_341;sieltä;3
1447;46/2024;2024_46_341;oikein;2
1447;46/2024;2024_46_341;tulla;5
1447;46/2024;2024_46_341;aina;3
1447;46/2024;2024_46_341;osua;1
1447;46/2024;2024_46_341;kohta;2
1447;46/2024;2024_46_341;ehdottomasti;1
1447;46/2024;2024_46_341;sama;1
1447;46/2024;2024_46_341;mieli;1
1447;46/2024;2024_46_341;edustaja;2
1447;46/2024;2024_46_341;oinas-panuma;1
1447;46/2024;2024_46_341;kanssa;2
1447;46/2024;2024_46_341;että;25
1447;46/2024;2024_46_341;minä;14
1447;46/2024;2024_46_341;yritys;2
1447;46/2024;2024_46_341;joka;10
1447;46/2024;2024_46_341;huomioida;1
1447;46/2024;2024_46_341;työntekijä;2
1447;46/2024;2024_46_341;oikeus;1
1447;46/2024;2024_46_341;haluta;8
1447;46/2024;2024_46_341;aidosti;3
1447;46/2024;2024_46_341;neuvotella;2
1447;46/2024;2024_46_341;ajatella;1
1447;46/2024;2024_46_341;niin;11
1447;46/2024;2024_46_341;varmasti;2
1447;46/2024;2024_46_341;tulevaisuus;1
1447;46/2024;2024_46_341;pärjätä;2
1447;46/2024;2024_46_341;neuvottelutahto;1
1447;46/2024;2024_46_341;yhtä;1
1447;46/2024;2024_46_341;hyvin;1
1447;46/2024;2024_46_341;tämä;32
1447;46/2024;2024_46_341;kokonaisuus;2
1447;46/2024;2024_46_341;kyse;1
1447;46/2024;2024_46_341;työrauha;3
1447;46/2024;2024_46_341;aiemmin;3
1447;46/2024;2024_46_341;tavoitella;1
1447;46/2024;2024_46_341;nimenomaan;3
1447;46/2024;2024_46_341;saada;7
1447;46/2024;2024_46_341;aikaiseksi;1
1447;46/2024;2024_46_341;sopia;1
1447;46/2024;2024_46_341;nyt;8
1447;46/2024;2024_46_341;asia;4
1447;46/2024;2024_46_341;tiimoilta;2
1447;46/2024;2024_46_341;työryhmä;1
1447;46/2024;2024_46_341;taitaa;5
1447;46/2024;2024_46_341;enemmän;1
1447;46/2024;2024_46_341;sellainen;3
1447;46/2024;2024_46_341;kampaviinerikerho;1
1447;46/2024;2024_46_341;käydä;1
1447;46/2024;2024_46_341;vain;3
1447;46/2024;2024_46_341;lyödä;1
1447;46/2024;2024_46_341;leimaspöytä;1
1447;46/2024;2024_46_341;osa;1
1447;46/2024;2024_46_341;mikä;10
1447;46/2024;2024_46_341;hallitusohjelma;1
1447;46/2024;2024_46_341;lukea;1
1447;46/2024;2024_46_341;pöytä;1
1447;46/2024;2024_46_341;mikään;1
1447;46/2024;2024_46_341;tekeminen;1
1447;46/2024;2024_46_341;neuvotteleminen;1
1447;46/2024;2024_46_341;sopiminen;1
1447;46/2024;2024_46_341;merkitys;1
1447;46/2024;2024_46_341;kuinka;3
1447;46/2024;2024_46_341;itse;4
1447;46/2024;2024_46_341;ymmärtää;1
1447;46/2024;2024_46_341;kuin;4
1447;46/2024;2024_46_341;diarra;1
1447;46/2024;2024_46_341;edellä;1
1447;46/2024;2024_46_341;puhua;2
1447;46/2024;2024_46_341;pariteettiperiaate;1
1447;46/2024;2024_46_341;esimerkiksi;4
1447;46/2024;2024_46_341;hyvitys;1
1447;46/2024;2024_46_341;korotus;1
1447;46/2024;2024_46_341;järjestö;1
1447;46/2024;2024_46_341;kohdata;1
1447;46/2024;2024_46_341;kasvaa;1
1447;46/2024;2024_46_341;suuri;3
1447;46/2024;2024_46_341;vaje;1
1447;46/2024;2024_46_341;tämmöinen;1
1447;46/2024;2024_46_341;solidaarisuus;1
1447;46/2024;2024_46_341;puute;1
1447;46/2024;2024_46_341;esitys;3
1447;46/2024;2024_46_341;kun;4
1447;46/2024;2024_46_341;summa;1
1447;46/2024;2024_46_341;sekä;1
1447;46/2024;2024_46_341;työntekijäpuoli;2
1447;46/2024;2024_46_341;työnantajapuoli;1
1447;46/2024;2024_46_341;balanssi;2
1447;46/2024;2024_46_341;kyllä;5
1447;46/2024;2024_46_341;erityisesti;3
1447;46/2024;2024_46_341;rikkoa;1
1447;46/2024;2024_46_341;henkilökohtainen;2
1447;46/2024;2024_46_341;hyvitysseuraamus;1
1447;46/2024;2024_46_341;erityinen;4
1447;46/2024;2024_46_341;erikoinen;1
1447;46/2024;2024_46_341;jotenkin;2
1447;46/2024;2024_46_341;tuoda;4
1447;46/2024;2024_46_341;esiin;3
1447;46/2024;2024_46_341;kuulla;1
1447;46/2024;2024_46_341;usea;1
1447;46/2024;2024_46_341;kymmenen;2
1447;46/2024;2024_46_341;asiantuntija;8
1447;46/2024;2024_46_341;käsittely;1
1447;46/2024;2024_46_341;siellä;4
1447;46/2024;2024_46_341;kansainvälinen;1
1447;46/2024;2024_46_341;lainsäädäntö;1
1447;46/2024;2024_46_341;tai;2
1447;46/2024;2024_46_341;ilo;2
1447;46/2024;2024_46_341;seuraamus-säädöstö;1
1447;46/2024;2024_46_341;koska;1
1447;46/2024;2024_46_341;tällainen;4
1447;46/2024;2024_46_341;laki;1
1447;46/2024;2024_46_341;maailma;1
1447;46/2024;2024_46_341;jokin;3
1447;46/2024;2024_46_341;maa;3
1447;46/2024;2024_46_341;kuitenkin;2
1447;46/2024;2024_46_341;kertoa;3
1447;46/2024;2024_46_341;käsitellä;2
1447;46/2024;2024_46_341;harvoin;1
1447;46/2024;2024_46_341;sitten;4
1447;46/2024;2024_46_341;koskea;2
1447;46/2024;2024_46_341;venäjä;4
1447;46/2024;2024_46_341;liberia;1
1447;46/2024;2024_46_341;algeria;1
1447;46/2024;2024_46_341;hyvityssakko;1
1447;46/2024;2024_46_341;rajata;2
1447;46/2024;2024_46_341;työnjohto;1
1447;46/2024;2024_46_341;siis;2
1447;46/2024;2024_46_341;mennä;1
1447;46/2024;2024_46_341;kohti;1
1447;46/2024;2024_46_341;työmarkkinat;2
1447;46/2024;2024_46_341;lakiesitys;1
1447;46/2024;2024_46_341;taso;3
1447;46/2024;2024_46_341;edes;1
1447;46/2024;2024_46_341;vaan;4
1447;46/2024;2024_46_341;vielä;1
1447;46/2024;2024_46_341;alempana;1
1447;46/2024;2024_46_341;uskoa;1
1447;46/2024;2024_46_341;näin;3
1447;46/2024;2024_46_341;sisällä;1
1447;46/2024;2024_46_341;kannettava;1
1447;46/2024;2024_46_341;esimerkki;2
1447;46/2024;2024_46_341;myös;3
1447;46/2024;2024_46_341;lailla;1
1447;46/2024;2024_46_341;myötätuntotaistelu;2
1447;46/2024;2024_46_341;pohjakoulutus;1
1447;46/2024;2024_46_341;sairaanhoitaja;2
1447;46/2024;2024_46_341;voima;4
1447;46/2024;2024_46_341;vaikka;1
1447;46/2024;2024_46_341;työehtosopimusneuvottelu;1
1447;46/2024;2024_46_341;usein;1
1447;46/2024;2024_46_341;moni;1
1447;46/2024;2024_46_341;muu;3
1447;46/2024;2024_46_341;naisvaltainen;1
1447;46/2024;2024_46_341;pienipalkkainen;1
1447;46/2024;2024_46_341;ala;1
1447;46/2024;2024_46_341;yksittäinen;1
1447;46/2024;2024_46_341;ammattiyhdistysliike;1
1447;46/2024;2024_46_341;riittää;1
1447;46/2024;2024_46_341;hän;1
1447;46/2024;2024_46_341;tuki;2
1447;46/2024;2024_46_341;iso;1
1447;46/2024;2024_46_341;toimija;1
1447;46/2024;2024_46_341;jatko;1
1447;46/2024;2024_46_341;hallitus;4
1447;46/2024;2024_46_341;jo;3
1447;46/2024;2024_46_341;vientimalli;1
1447;46/2024;2024_46_341;erityisen;1
1447;46/2024;2024_46_341;kovasti;1
1447;46/2024;2024_46_341;koskettaa;1
1447;46/2024;2024_46_341;nainen;1
1447;46/2024;2024_46_341;matalapalkka-ala;1
1447;46/2024;2024_46_341;enää;1
1447;46/2024;2024_46_341;myötätuntolakka;1
1447;46/2024;2024_46_341;asiassa;1
1447;46/2024;2024_46_341;neuvottelu;4
1447;46/2024;2024_46_341;lyhentää;1
1447;46/2024;2024_46_341;tavoite;1
1447;46/2024;2024_46_341;hakea;3
1447;46/2024;2024_46_341;jotta;2
1447;46/2024;2024_46_341;nopeasti;1
1447;46/2024;2024_46_341;maali;1
1447;46/2024;2024_46_341;päästä;1
1447;46/2024;2024_46_341;taas;1
1447;46/2024;2024_46_341;jatkaa;1
1447;46/2024;2024_46_341;normaali;1
1447;46/2024;2024_46_341;työnteko;1
1447;46/2024;2024_46_341;mukaan;3
1447;46/2024;2024_46_341;ohjelma;1
1447;46/2024;2024_46_341;tilastollisesti;1
1447;46/2024;2024_46_341;esittää;2
1447;46/2024;2024_46_341;totuus;2
1447;46/2024;2024_46_341;lakko;4
1447;46/2024;2024_46_341;esiintyminen;1
1447;46/2024;2024_46_341;sana;2
1447;46/2024;2024_46_341;propaganda;1
1447;46/2024;2024_46_341;sanoa;1
1447;46/2024;2024_46_341;paljon;2
1447;46/2024;2024_46_341;vakavasti;1
1447;46/2024;2024_46_341;ottaa;3
1447;46/2024;2024_46_341;instituutti;1
1447;46/2024;2024_46_341;vertailla;1
1447;46/2024;2024_46_341;kolme;2
1447;46/2024;2024_46_341;vuosi;3
1447;46/2024;2024_46_341;tilasto;2
1447;46/2024;2024_46_341;vähintään;1
1447;46/2024;2024_46_341;perspektiivi;1
1447;46/2024;2024_46_341;tarkoitushakuinen;1
1447;46/2024;2024_46_341;avata;1
1447;46/2024;2024_46_341;pandora;1
1447;46/2024;2024_46_341;lipas;1
1447;46/2024;2024_46_341;ennen;1
1447;46/2024;2024_46_341;nähdä;2
1447;46/2024;2024_46_341;edessä;1
1447;46/2024;2024_46_341;entinen;1
1447;46/2024;2024_46_341;pitkä;1
1447;46/2024;2024_46_341;epäillä;1
1447;46/2024;2024_46_341;syksy;1
1447;46/2024;2024_46_341;mahtaa;1
1447;46/2024;2024_46_341;tapahtua;3
1447;46/2024;2024_46_341;tietää;1
1447;46/2024;2024_46_341;seuraava;1
1447;46/2024;2024_46_341;hirvittää;1
1447;46/2024;2024_46_341;hankala;1
1447;46/2024;2024_46_341;tilanne;1
1447;46/2024;2024_46_341;ajaa;1
1447;46/2024;2024_46_341;ranska;1
1447;46/2024;2024_46_341;tehdas;1
1447;46/2024;2024_46_341;valtaus;1
1447;46/2024;2024_46_341;houkutella;1
1447;46/2024;2024_46_341;peto;1
1447;46/2024;2024_46_341;suomi;2
1447;46/2024;2024_46_341;huolestuttava;1
1447;46/2024;2024_46_341;taustasyy;1
1447;46/2024;2024_46_341;tutkia;1
1447;46/2024;2024_46_341;ollenkaan;1
1447;46/2024;2024_46_341;vuoksi;1
1447;46/2024;2024_46_341;täällä;1
1447;46/2024;2024_46_341;takia;1
1447;46/2024;2024_46_341;kulua;1
1447;46/2024;2024_46_341;kevät;1
1447;46/2024;2024_46_341;aika;1
1447;46/2024;2024_46_341;ehkä;1
1447;46/2024;2024_46_341;syy;1
1447;46/2024;2024_46_341;katsoa;1
1447;46/2024;2024_46_341;peili;1
1447;46/2024;2024_46_341;todeta;1
1447;46/2024;2024_46_341;oma;1
1447;46/2024;2024_46_341;toiminta;1
1447;46/2024;2024_46_341;vaikuttaa;1
1447;46/2024;2024_46_341;neuvotteluyhteys;1
1447;46/2024;2024_46_341;rapautuminen;1
1447;46/2024;2024_46_341;kaikkein;1
1447;46/2024;2024_46_341;synti;1
1447;46/2024;2024_46_341;suhde;1
1447;46/2024;2024_46_341;työmarkkinaosapuoli;1
1447;46/2024;2024_46_341;kesken;1
1447;46/2024;2024_46_341;erittäin;1
1447;46/2024;2024_46_341;kireä;1
1447;46/2024;2024_46_341;keino;1
1447;46/2024;2024_46_341;palauttaa;1
1447;46/2024;2024_46_341;avainkysymys;1
1447;46/2024;2024_46_341;toivoa;1
1447;46/2024;2024_46_341;todella;1
1447;46/2024;2024_46_341;uudenlainen;1
1447;46/2024;2024_46_341;asento;1
1447;46/2024;2024_46_341;ylittää;1
1447;46/2024;2024_46_341;silta;1
1447;46/2024;2024_46_341;etsiä;1
1447;46/2024;2024_46_341;aito;1
1447;46/2024;2024_46_341;kohdistaa;1
1447;46/2024;2024_46_341;toimi;1
1447;46/2024;2024_46_341;yksipuolisesti;1
1447;46/2024;2024_46_341;kompromissi;1
1447;46/2024;2024_46_341;yhteinen;1
1447;46/2024;2024_46_341;näkemys;1
1447;46/2024;2024_46_341;suunta;1
1447;46/2024;2024_46_341;uudelleen;1
1447;46/2024;2024_46_355;kiitos;1
1447;46/2024;2024_46_355;arvoisa;1
1447;46/2024;2024_46_355;puhemies;1
1447;46/2024;2024_46_355;edellinen;1
1447;46/2024;2024_46_355;puheenvuoro;2
1447;46/2024;2024_46_355;jäädä;2
1447;46/2024;2024_46_355;vielä;1
1447;46/2024;2024_46_355;puhua;1
1447;46/2024;2024_46_355;se;24
1447;46/2024;2024_46_355;että;13
1447;46/2024;2024_46_355;kun;2
1447;46/2024;2024_46_355;kysymys;1
1447;46/2024;2024_46_355;olla;26
1447;46/2024;2024_46_355;nimenomaan;4
1447;46/2024;2024_46_355;kokonaisuus;2
1447;46/2024;2024_46_355;ja;12
1447;46/2024;2024_46_355;hallitus;5
1447;46/2024;2024_46_355;kokonaan;1
1447;46/2024;2024_46_355;käsitellä;1
1447;46/2024;2024_46_355;tai;1
1447;46/2024;2024_46_355;pohtia;4
1447;46/2024;2024_46_355;mikä;4
1447;46/2024;2024_46_355;muu;2
1447;46/2024;2024_46_355;vaihtoehto;1
1447;46/2024;2024_46_355;joka;2
1447;46/2024;2024_46_355;tämä;11
1447;46/2024;2024_46_355;sama;2
1447;46/2024;2024_46_355;asettaa;1
1447;46/2024;2024_46_355;tavoite;2
1447;46/2024;2024_46_355;päästä;1
1447;46/2024;2024_46_355;niin;4
1447;46/2024;2024_46_355;ei;6
1447;46/2024;2024_46_355;miettiä;1
1447;46/2024;2024_46_355;kyse;1
1447;46/2024;2024_46_355;myös;1
1447;46/2024;2024_46_355;aidosti;2
1447;46/2024;2024_46_355;sellainen;1
1447;46/2024;2024_46_355;tilanne;1
1447;46/2024;2024_46_355;työtaistelutoimenpide;1
1447;46/2024;2024_46_355;harkita;1
1447;46/2024;2024_46_355;laki;3
1447;46/2024;2024_46_355;voimaantulo;2
1447;46/2024;2024_46_355;jälkeen;1
1447;46/2024;2024_46_355;voida;2
1447;46/2024;2024_46_355;tietää;1
1447;46/2024;2024_46_355;laillinen;1
1447;46/2024;2024_46_355;vai;1
1447;46/2024;2024_46_355;laiton;1
1447;46/2024;2024_46_355;nyt;3
1447;46/2024;2024_46_355;kertoa;1
1447;46/2024;2024_46_355;mennä;1
1447;46/2024;2024_46_355;suunta;1
1447;46/2024;2024_46_355;kuin;3
1447;46/2024;2024_46_355;kilpailijamaa;1
1447;46/2024;2024_46_355;pohjoismaa;1
1447;46/2024;2024_46_355;minä;3
1447;46/2024;2024_46_355;esimerkki;1
1447;46/2024;2024_46_355;ruotsi;6
1447;46/2024;2024_46_355;tapahtua;1
1447;46/2024;2024_46_355;miksi;1
1447;46/2024;2024_46_355;esimerkiksi;1
1447;46/2024;2024_46_355;erilainen;1
1447;46/2024;2024_46_355;asema;1
1447;46/2024;2024_46_355;hetki;1
1447;46/2024;2024_46_355;suomi;1
1447;46/2024;2024_46_355;luku;2
1447;46/2024;2024_46_355;inflaatio;1
1447;46/2024;2024_46_355;kova;1
1447;46/2024;2024_46_355;silloin;1
1447;46/2024;2024_46_355;todeta;2
1447;46/2024;2024_46_355;tällainen;1
1447;46/2024;2024_46_355;hajauttaa;1
1447;46/2024;2024_46_355;malli;3
1447;46/2024;2024_46_355;toimia;1
1447;46/2024;2024_46_355;siellä;1
1447;46/2024;2024_46_355;antaa;1
1447;46/2024;2024_46_355;parri;1
1447;46/2024;2024_46_355;tarvita;1
1447;46/2024;2024_46_355;uusi;1
1447;46/2024;2024_46_355;palkkajärjestelmä;1
1447;46/2024;2024_46_355;käydä;1
1447;46/2024;2024_46_355;kaikki;1
1447;46/2024;2024_46_355;tehdä;3
1447;46/2024;2024_46_355;kompromissi;1
1447;46/2024;2024_46_355;pysyä;1
1447;46/2024;2024_46_355;pystyssä;1
1447;46/2024;2024_46_355;sieltä;1
1447;46/2024;2024_46_355;lähtien;1
1447;46/2024;2024_46_355;lakko;1
1447;46/2024;2024_46_355;vähissä;1
1447;46/2024;2024_46_355;mutta;3
1447;46/2024;2024_46_355;perustua;1
1447;46/2024;2024_46_355;keskusjärjestö;1
1447;46/2024;2024_46_355;vahva;1
1447;46/2024;2024_46_355;rooli;1
1447;46/2024;2024_46_355;pitää;1
1447;46/2024;2024_46_355;tärkeä;1
1447;46/2024;2024_46_355;erityisesti;1
1447;46/2024;2024_46_355;juuri;1
1447;46/2024;2024_46_355;mahdollistaa;1
1447;46/2024;2024_46_355;vakaus;1
1447;46/2024;2024_46_355;markkina;1
1447;46/2024;2024_46_355;vertaus;1
1447;46/2024;2024_46_355;täällä;2
1447;46/2024;2024_46_355;pohjoismainen;1
1447;46/2024;2024_46_355;kyllä;2
1447;46/2024;2024_46_355;tukea;1
1447;46/2024;2024_46_355;käytäntö;1
1447;46/2024;2024_46_355;edustaja;1
1447;46/2024;2024_46_355;räsänen;1
1447;46/2024;2024_46_355;joku;1
1447;46/2024;2024_46_355;sitten;2
1447;46/2024;2024_46_355;takia;1
1447;46/2024;2024_46_355;haluta;2
1447;46/2024;2024_46_355;erityinen;2
1447;46/2024;2024_46_355;vimma;1
1447;46/2024;2024_46_355;runto;1
1447;46/2024;2024_46_355;lävitse;2
1447;46/2024;2024_46_355;noin;1
1447;46/2024;2024_46_355;johtua;2
1447;46/2024;2024_46_355;oma;1
1447;46/2024;2024_46_355;toimi;1
1447;46/2024;2024_46_355;kokoomus;2
1447;46/2024;2024_46_355;alkaa;1
1447;46/2024;2024_46_355;pelottaa;1
1447;46/2024;2024_46_355;perussuomalainen;1
1447;46/2024;2024_46_355;kannatus;1
1447;46/2024;2024_46_355;alentuminen;1
1447;46/2024;2024_46_355;kaatuminen;1
1447;46/2024;2024_46_355;vuoksi;1
1447;46/2024;2024_46_355;runtata;1
1447;46/2024;2024_46_355;into;1
1447;46/2024;2024_46_355;koska;1
1447;46/2024;2024_46_355;ek;2
1447;46/2024;2024_46_355;kuitenkin;1
1447;46/2024;2024_46_355;osapuoli;1
1447;46/2024;2024_46_355;toivoa;1
1447;46/2024;2024_46_355;mahdollisimman;1
1447;46/2024;2024_46_355;nopeasti;1
1447;46/2024;2024_46_355;käskeä;1
1447;60/2024;2024_60_147;herra;1
1447;60/2024;2024_60_147;puhemies;1
1447;60/2024;2024_60_147;niin;6
1447;60/2024;2024_60_147;kuin;5
1447;60/2024;2024_60_147;tämä;12
1447;60/2024;2024_60_147;jo;2
1447;60/2024;2024_60_147;edustaja;2
1447;60/2024;2024_60_147;kalmari;2
1447;60/2024;2024_60_147;hieman;1
1447;60/2024;2024_60_147;kertoa;2
1447;60/2024;2024_60_147;se;28
1447;60/2024;2024_60_147;mikä;2
1447;60/2024;2024_60_147;laki;1
1447;60/2024;2024_60_147;olla;26
1447;60/2024;2024_60_147;kyse;3
1447;60/2024;2024_60_147;tavoite;1
1447;60/2024;2024_60_147;tarkka;1
1447;60/2024;2024_60_147;kriteeri;1
1447;60/2024;2024_60_147;kuinka;3
1447;60/2024;2024_60_147;laajasti;1
1447;60/2024;2024_60_147;kunnallinen;6
1447;60/2024;2024_60_147;palvelu;9
1447;60/2024;2024_60_147;jatko;2
1447;60/2024;2024_60_147;järjestää;2
1447;60/2024;2024_60_147;nimenomaan;5
1447;60/2024;2024_60_147;minkälainen;2
1447;60/2024;2024_60_147;rajata;1
1447;60/2024;2024_60_147;oikeus;1
1447;60/2024;2024_60_147;tai;1
1447;60/2024;2024_60_147;poikkeus;1
1447;60/2024;2024_60_147;yhtiöittämisvelvoite;1
1447;60/2024;2024_60_147;tehdä;3
1447;60/2024;2024_60_147;luettelo;1
1447;60/2024;2024_60_147;sellainen;3
1447;60/2024;2024_60_147;joka;5
1447;60/2024;2024_60_147;kunta;4
1447;60/2024;2024_60_147;mutta;1
1447;60/2024;2024_60_147;myös;4
1447;60/2024;2024_60_147;samalla;1
1447;60/2024;2024_60_147;lista;1
1447;60/2024;2024_60_147;eläinlääkäri;5
1447;60/2024;2024_60_147;sitten;3
1447;60/2024;2024_60_147;saada;4
1447;60/2024;2024_60_147;siellä;5
1447;60/2024;2024_60_147;tarjota;1
1447;60/2024;2024_60_147;ei;6
1447;60/2024;2024_60_147;välttämättä;1
1447;60/2024;2024_60_147;toimi;1
1447;60/2024;2024_60_147;ja;7
1447;60/2024;2024_60_147;tehtävä;4
1447;60/2024;2024_60_147;nyt;3
1447;60/2024;2024_60_147;kuitenkin;1
1447;60/2024;2024_60_147;jäädä;1
1447;60/2024;2024_60_147;selvittää;1
1447;60/2024;2024_60_147;yksityinen;3
1447;60/2024;2024_60_147;puoli;2
1447;60/2024;2024_60_147;eläin;2
1447;60/2024;2024_60_147;hyvinvointi;2
1447;60/2024;2024_60_147;minä;4
1447;60/2024;2024_60_147;kaikki;4
1447;60/2024;2024_60_147;tietää;2
1447;60/2024;2024_60_147;koronavuosi;1
1447;60/2024;2024_60_147;aika;1
1447;60/2024;2024_60_147;esimerkiksi;3
1447;60/2024;2024_60_147;koira;2
1447;60/2024;2024_60_147;ottaa;1
1447;60/2024;2024_60_147;todella;1
1447;60/2024;2024_60_147;paljon;4
1447;60/2024;2024_60_147;perhe;1
1447;60/2024;2024_60_147;lisää;1
1447;60/2024;2024_60_147;aidosti;3
1447;60/2024;2024_60_147;tilanne;1
1447;60/2024;2024_60_147;että;7
1447;60/2024;2024_60_147;aina;2
1447;60/2024;2024_60_147;etenkin;1
1447;60/2024;2024_60_147;kohtuuhintaisesti;1
1447;60/2024;2024_60_147;sieltä;1
1447;60/2024;2024_60_147;kautta;1
1447;60/2024;2024_60_147;kenttä;1
1447;60/2024;2024_60_147;tieten;2
1447;60/2024;2024_60_147;vielä;1
1447;60/2024;2024_60_147;laaja;1
1447;60/2024;2024_60_147;valvonta;1
1447;60/2024;2024_60_147;resurssi;1
1447;60/2024;2024_60_147;hyvin;2
1447;60/2024;2024_60_147;niukka;1
1447;60/2024;2024_60_147;epidemia;1
1447;60/2024;2024_60_147;turkiseläinpuoli;1
1447;60/2024;2024_60_147;kovin;1
1447;60/2024;2024_60_147;rasittaa;1
1447;60/2024;2024_60_147;valiokunta;2
1447;60/2024;2024_60_147;kuulla;1
1447;60/2024;2024_60_147;tuo;1
1447;60/2024;2024_60_147;koillis-lappi;1
1447;60/2024;2024_60_147;ympäristöterveydenhuolto;1
1447;60/2024;2024_60_147;kyllä;1
1447;60/2024;2024_60_147;erittäin;3
1447;60/2024;2024_60_147;havahduttava;1
1447;60/2024;2024_60_147;kuuleminen;1
1447;60/2024;2024_60_147;ehkä;1
1447;60/2024;2024_60_147;ymmärtää;1
1447;60/2024;2024_60_147;harvaan;1
1447;60/2024;2024_60_147;asua;1
1447;60/2024;2024_60_147;alue;1
1447;60/2024;2024_60_147;repertuaari;1
1447;60/2024;2024_60_147;voida;3
1447;60/2024;2024_60_147;kuulua;2
1447;60/2024;2024_60_147;nauta;1
1447;60/2024;2024_60_147;poro;1
1447;60/2024;2024_60_147;lähtien;1
1447;60/2024;2024_60_147;tarjolla;1
1447;60/2024;2024_60_147;lähin;1
1447;60/2024;2024_60_147;klinikka;1
1447;60/2024;2024_60_147;yli;1
1447;60/2024;2024_60_147;kilometri;1
1447;60/2024;2024_60_147;matka;1
1447;60/2024;2024_60_147;luoda;1
1447;60/2024;2024_60_147;perspektiivi;1
1447;60/2024;2024_60_147;tarjonta;1
1447;60/2024;2024_60_147;hän;2
1447;60/2024;2024_60_147;tuoda;1
1447;60/2024;2024_60_147;esiin;1
1447;60/2024;2024_60_147;henkilöstö;1
1447;60/2024;2024_60_147;vara;1
1447;60/2024;2024_60_147;minkäänlainen;1
1447;60/2024;2024_60_147;rikkoutuminen;1
1447;60/2024;2024_60_147;päivystysrinki;1
1447;60/2024;2024_60_147;hatara;1
1447;60/2024;2024_60_147;pohja;1
1447;60/2024;2024_60_147;monenlainen;1
1447;60/2024;2024_60_147;muu;1
1447;60/2024;2024_60_147;mainita;1
1447;60/2024;2024_60_147;työaikalaki;1
1447;60/2024;2024_60_147;pitää;1
1447;60/2024;2024_60_147;vähän;1
1447;60/2024;2024_60_147;näennäisesti;1
1447;60/2024;2024_60_147;yrittäjä;2
1447;60/2024;2024_60_147;toimia;2
1447;60/2024;2024_60_147;markkina;1
1447;60/2024;2024_60_147;tärkeä;1
1447;60/2024;2024_60_147;lausuma;1
1447;60/2024;2024_60_147;päivystys;1
1447;60/2024;2024_60_147;huonoiten;1
1447;60/2024;2024_60_147;palkata;1
1447;60/2024;2024_60_147;raskas;1
1447;60/2024;2024_60_147;asia;1
1447;60/2024;2024_60_147;eteneminen;1
1447;60/2024;2024_60_147;seurata;1
1447;60/2024;2024_60_155;tämä;12
1447;60/2024;2024_60_155;villakoira;1
1447;60/2024;2024_60_155;olla;22
1447;60/2024;2024_60_155;helppo;2
1447;60/2024;2024_60_155;sitten;3
1447;60/2024;2024_60_155;jatkaa;1
1447;60/2024;2024_60_155;nimenomaan;5
1447;60/2024;2024_60_155;se;28
1447;60/2024;2024_60_155;kun;2
1447;60/2024;2024_60_155;edustaja;1
1447;60/2024;2024_60_155;hoskonen;1
1447;60/2024;2024_60_155;sanoa;1
1447;60/2024;2024_60_155;että;10
1447;60/2024;2024_60_155;vain;2
1447;60/2024;2024_60_155;hyvinvoiva;1
1447;60/2024;2024_60_155;maatila;1
1447;60/2024;2024_60_155;voida;3
1447;60/2024;2024_60_155;eläin;2
1447;60/2024;2024_60_155;huolehtia;2
1447;60/2024;2024_60_155;sama;1
1447;60/2024;2024_60_155;tapa;1
1447;60/2024;2024_60_155;kotitalous;1
1447;60/2024;2024_60_155;joka;6
1447;60/2024;2024_60_155;pärjätä;1
1447;60/2024;2024_60_155;pystyä;3
1447;60/2024;2024_60_155;lemmikki;1
1447;60/2024;2024_60_155;koti;1
1447;60/2024;2024_60_155;kuuleminen;1
1447;60/2024;2024_60_155;kuulla;1
1447;60/2024;2024_60_155;järjestelmä;2
1447;60/2024;2024_60_155;tiimoilta;2
1447;60/2024;2024_60_155;ja;9
1447;60/2024;2024_60_155;yleisesti;1
1447;60/2024;2024_60_155;tilanne;1
1447;60/2024;2024_60_155;niin;4
1447;60/2024;2024_60_155;vaikea;1
1447;60/2024;2024_60_155;minä;5
1447;60/2024;2024_60_155;aidosti;2
1447;60/2024;2024_60_155;pelko;1
1447;60/2024;2024_60_155;jäädä;2
1447;60/2024;2024_60_155;hoitaa;1
1447;60/2024;2024_60_155;keskusta;1
1447;60/2024;2024_60_155;esitys;1
1447;60/2024;2024_60_155;tai;1
1447;60/2024;2024_60_155;ajatus;1
1447;60/2024;2024_60_155;hyvinvointialue;3
1447;60/2024;2024_60_155;siirros;1
1447;60/2024;2024_60_155;mikä;4
1447;60/2024;2024_60_155;varmaan;1
1447;60/2024;2024_60_155;asia;2
1447;60/2024;2024_60_155;käydä;1
1447;60/2024;2024_60_155;semmoinen;1
1447;60/2024;2024_60_155;pohjamuta;1
1447;60/2024;2024_60_155;myöten;1
1447;60/2024;2024_60_155;keskustelu;1
1447;60/2024;2024_60_155;koska;1
1447;60/2024;2024_60_155;hartia;1
1447;60/2024;2024_60_155;varmasti;2
1447;60/2024;2024_60_155;laaja;2
1447;60/2024;2024_60_155;siellä;7
1447;60/2024;2024_60_155;alue;2
1447;60/2024;2024_60_155;vastata;1
1447;60/2024;2024_60_155;myös;2
1447;60/2024;2024_60_155;päivystystarve;1
1447;60/2024;2024_60_155;tehdä;3
1447;60/2024;2024_60_155;tarvittava;1
1447;60/2024;2024_60_155;toimi;1
1447;60/2024;2024_60_155;toivo;1
1447;60/2024;2024_60_155;hyvä;1
1447;60/2024;2024_60_155;tunne;1
1447;60/2024;2024_60_155;eläinlääkäri;2
1447;60/2024;2024_60_155;keskuudessa;1
1447;60/2024;2024_60_155;sellainen;1
1447;60/2024;2024_60_155;puolitie;1
1447;60/2024;2024_60_155;lausunto;1
1447;60/2024;2024_60_155;esimerkiksi;1
1447;60/2024;2024_60_155;yö;1
1447;60/2024;2024_60_155;päivystys;1
1447;60/2024;2024_60_155;pitää;2
1447;60/2024;2024_60_155;suoriutua;1
1447;60/2024;2024_60_155;pieni;1
1447;60/2024;2024_60_155;ihme;1
1447;60/2024;2024_60_155;ajatella;1
1447;60/2024;2024_60_155;kyllä;3
1447;60/2024;2024_60_155;lista;1
1447;60/2024;2024_60_155;nyt;3
1447;60/2024;2024_60_155;laatia;1
1447;60/2024;2024_60_155;kunnaneläinlääkäri;1
1447;60/2024;2024_60_155;saada;1
1447;60/2024;2024_60_155;askel;1
1447;60/2024;2024_60_155;alaspäin;1
1447;60/2024;2024_60_155;ura;1
1447;60/2024;2024_60_155;jokainen;1
1447;60/2024;2024_60_155;uusi;3
1447;60/2024;2024_60_155;ala;1
1447;60/2024;2024_60_155;valmistua;1
1447;60/2024;2024_60_155;haluta;1
1447;60/2024;2024_60_155;tieto;1
1447;60/2024;2024_60_155;laite;1
1447;60/2024;2024_60_155;kanssa;1
1447;60/2024;2024_60_155;tekeminen;1
1447;60/2024;2024_60_155;osittain;1
1447;60/2024;2024_60_155;estää;1
1447;60/2024;2024_60_155;ei;5
1447;60/2024;2024_60_155;huomioida;1
1447;60/2024;2024_60_155;säästöpaine;1
1447;60/2024;2024_60_155;hallitus;1
1447;60/2024;2024_60_155;luoda;1
1447;60/2024;2024_60_155;tuonnesvirasto;1
1447;60/2024;2024_60_155;aiheuttaa;1
1447;60/2024;2024_60_155;ehkä;1
1447;60/2024;2024_60_155;selvittää;1
1447;60/2024;2024_60_155;vaikka;1
1447;60/2024;2024_60_155;tapahtua;1
1447;60/2024;2024_60_155;siirto;1
1447;60/2024;2024_60_155;takia;1
1447;60/2024;2024_60_155;virkamies;1
1447;60/2024;2024_60_155;edistää;1
1447;60/2024;2024_60_155;säästö;1
1447;60/2024;2024_60_155;täällä;1
1447;60/2024;2024_60_155;suunnitella;1
1447;60/2024;2024_60_155;todella;1
1447;60/2024;2024_60_155;merkittävä;1
1447;60/2024;2024_60_155;ohittaa;1
1447;60/2024;2024_60_155;kokonaisuus;1
1447;60/2024;2024_60_155;selitellä;1
1447;60/2024;2024_60_155;jos;1
1447;60/2024;2024_60_155;tekijä;1
1447;90/2024;2024_90_456;herra;2
1447;90/2024;2024_90_456;puhemies;2
1447;90/2024;2024_90_456;hallitus;11
1447;90/2024;2024_90_456;edustaja;1
1447;90/2024;2024_90_456;olla;43
1447;90/2024;2024_90_456;täällä;2
1447;90/2024;2024_90_456;tänään;4
1447;90/2024;2024_90_456;kertoa;2
1447;90/2024;2024_90_456;kuinka;3
1447;90/2024;2024_90_456;saada;3
1447;90/2024;2024_90_456;hallituskausi;1
1447;90/2024;2024_90_456;alku;1
1447;90/2024;2024_90_456;käsi;1
1447;90/2024;2024_90_456;suomi;3
1447;90/2024;2024_90_456;joka;10
1447;90/2024;2024_90_456;kuin;4
1447;90/2024;2024_90_456;konkurssikypsä;1
1447;90/2024;2024_90_456;pohjola;1
1447;90/2024;2024_90_456;kreikka;1
1447;90/2024;2024_90_456;todellisuus;1
1447;90/2024;2024_90_456;aloittaa;2
1447;90/2024;2024_90_456;oma;2
1447;90/2024;2024_90_456;kausi;2
1447;90/2024;2024_90_456;tilanne;5
1447;90/2024;2024_90_456;työllisyys;5
1447;90/2024;2024_90_456;ennätystaso;2
1447;90/2024;2024_90_456;työperäinen;1
1447;90/2024;2024_90_456;maahanmuutto;1
1447;90/2024;2024_90_456;ja;17
1447;90/2024;2024_90_456;vihreä;1
1447;90/2024;2024_90_456;siirtymä;1
1447;90/2024;2024_90_456;investointi;1
1447;90/2024;2024_90_456;yritys;1
1447;90/2024;2024_90_456;salkku;1
1447;90/2024;2024_90_456;ennätysmäärä;1
1447;90/2024;2024_90_456;mutta;3
1447;90/2024;2024_90_456;puhua;5
1447;90/2024;2024_90_456;hieman;2
1447;90/2024;2024_90_456;enemmän;1
1447;90/2024;2024_90_456;työpaikka;8
1447;90/2024;2024_90_456;sali;1
1447;90/2024;2024_90_456;tämä;11
1447;90/2024;2024_90_456;edellinen;1
1447;90/2024;2024_90_456;moittiva;1
1447;90/2024;2024_90_456;sävy;1
1447;90/2024;2024_90_456;demari;3
1447;90/2024;2024_90_456;ei;6
1447;90/2024;2024_90_456;aivan;1
1447;90/2024;2024_90_456;varma;1
1447;90/2024;2024_90_456;mikä;4
1447;90/2024;2024_90_456;tarkoittaa;1
1447;90/2024;2024_90_456;tuntua;1
1447;90/2024;2024_90_456;se;19
1447;90/2024;2024_90_456;kuitenkin;3
1447;90/2024;2024_90_456;melkoinen;2
1447;90/2024;2024_90_456;paljon;2
1447;90/2024;2024_90_456;hyvä;1
1447;90/2024;2024_90_456;mainostaa;1
1447;90/2024;2024_90_456;laskettaa;1
1447;90/2024;2024_90_456;vissi;1
1447;90/2024;2024_90_456;ero;2
1447;90/2024;2024_90_456;pääministeri;1
1447;90/2024;2024_90_456;orpo;1
1447;90/2024;2024_90_456;minä;9
1447;90/2024;2024_90_456;tie;1
1447;90/2024;2024_90_456;ilmeisesti;1
1447;90/2024;2024_90_456;viitata;1
1447;90/2024;2024_90_456;oppositio;1
1447;90/2024;2024_90_456;aito;1
1447;90/2024;2024_90_456;tärkeä;1
1447;90/2024;2024_90_456;näyttää;2
1447;90/2024;2024_90_456;riittää;1
1447;90/2024;2024_90_456;kun;4
1447;90/2024;2024_90_456;paperi;1
1447;90/2024;2024_90_456;numero;1
1447;90/2024;2024_90_456;nyt;4
1447;90/2024;2024_90_456;tosiasia;1
1447;90/2024;2024_90_456;että;6
1447;90/2024;2024_90_456;avoin;1
1447;90/2024;2024_90_456;määrä;1
1447;90/2024;2024_90_456;laskea;1
1447;90/2024;2024_90_456;eniten;2
1447;90/2024;2024_90_456;koko;4
1447;90/2024;2024_90_456;eu;2
1447;90/2024;2024_90_456;odotus;1
1447;90/2024;2024_90_456;kehittyminen;1
1447;90/2024;2024_90_456;kolmas;1
1447;90/2024;2024_90_456;heikko;4
1447;90/2024;2024_90_456;suoriutuma;1
1447;90/2024;2024_90_456;työllisyyskehitys;1
1447;90/2024;2024_90_456;puolustella;1
1447;90/2024;2024_90_456;nykyinen;1
1447;90/2024;2024_90_456;suhdanne;2
1447;90/2024;2024_90_456;sama;2
1447;90/2024;2024_90_456;eurooppa;1
1447;90/2024;2024_90_456;onnistua;1
1447;90/2024;2024_90_456;surkea;1
1447;90/2024;2024_90_456;eu-alue;1
1447;90/2024;2024_90_456;hoito;1
1447;90/2024;2024_90_456;fakta;1
1447;90/2024;2024_90_456;päästä;1
1447;90/2024;2024_90_456;mikään;2
1447;90/2024;2024_90_456;ihme;1
1447;90/2024;2024_90_456;luku;1
1447;90/2024;2024_90_456;näköinen;1
1447;90/2024;2024_90_456;katsoa;1
1447;90/2024;2024_90_456;sarka;1
1447;90/2024;2024_90_456;tehdä;4
1447;90/2024;2024_90_456;aiheuttaa;1
1447;90/2024;2024_90_456;toimi;5
1447;90/2024;2024_90_456;totaalinen;1
1447;90/2024;2024_90_456;okki;1
1447;90/2024;2024_90_456;työelämä;3
1447;90/2024;2024_90_456;kokonaiskuva;1
1447;90/2024;2024_90_456;palkansaaja;2
1447;90/2024;2024_90_456;lohduton;1
1447;90/2024;2024_90_456;sinä;5
1447;90/2024;2024_90_456;heikentää;1
1447;90/2024;2024_90_456;luottamus;1
1447;90/2024;2024_90_456;toimivuus;1
1447;90/2024;2024_90_456;pitkäjänteinen;1
1447;90/2024;2024_90_456;yhdessä;1
1447;90/2024;2024_90_456;sopiminen;2
1447;90/2024;2024_90_456;aiemmin;2
1447;90/2024;2024_90_456;vahvuus;2
1447;90/2024;2024_90_456;verrata;1
1447;90/2024;2024_90_456;kilpailijamaa;1
1447;90/2024;2024_90_456;leikata;4
1447;90/2024;2024_90_456;turva;2
1447;90/2024;2024_90_456;murentaa;1
1447;90/2024;2024_90_456;työehtosopimus;1
1447;90/2024;2024_90_456;tuoda;1
1447;90/2024;2024_90_456;lisätä;1
1447;90/2024;2024_90_456;muun;1
1447;90/2024;2024_90_456;muassa;1
1447;90/2024;2024_90_456;paikallinen;1
1447;90/2024;2024_90_456;holtittomasti;1
1447;90/2024;2024_90_456;kuulua;1
1447;90/2024;2024_90_456;myös;2
1447;90/2024;2024_90_456;työntekijä;1
1447;90/2024;2024_90_456;koulutus;3
1447;90/2024;2024_90_456;laatu;1
1447;90/2024;2024_90_456;kilpailukyky;1
1447;90/2024;2024_90_456;vaikuttaa;1
1447;90/2024;2024_90_456;positiivinen;1
1447;90/2024;2024_90_456;asia;1
1447;90/2024;2024_90_456;pitää;2
1447;90/2024;2024_90_456;työtön;2
1447;90/2024;2024_90_456;uudelleenkouluttautuma;1
1447;90/2024;2024_90_456;kautta;1
1447;90/2024;2024_90_456;uudelleentyöllistymä;1
1447;90/2024;2024_90_456;no;2
1447;90/2024;2024_90_456;ammatillinen;2
1447;90/2024;2024_90_456;lakkauttaa;2
1447;90/2024;2024_90_456;aikuiskoulutustuki;2
1447;90/2024;2024_90_456;valtiovarainministeri;1
1447;90/2024;2024_90_456;purra;1
1447;90/2024;2024_90_456;luetella;1
1447;90/2024;2024_90_456;muutama;1
1447;90/2024;2024_90_456;iso;3
1447;90/2024;2024_90_456;kaupunki;1
1447;90/2024;2024_90_456;työttömyysaste;1
1447;90/2024;2024_90_456;erityisesti;1
1447;90/2024;2024_90_456;suuri;1
1447;90/2024;2024_90_456;osuus;1
1447;90/2024;2024_90_456;siellä;1
1447;90/2024;2024_90_456;muu;1
1447;90/2024;2024_90_456;lukumäärä;1
1447;90/2024;2024_90_456;vastaus;1
1447;90/2024;2024_90_456;kotoutuminen;1
1447;90/2024;2024_90_456;tuki;2
1447;90/2024;2024_90_456;kerrassaan;1
1447;90/2024;2024_90_456;erikoinen;1
1447;90/2024;2024_90_456;heikkous;1
1447;90/2024;2024_90_456;jo;2
1447;90/2024;2024_90_456;vuosi;1
1447;90/2024;2024_90_456;monikulttuurisuus;1
1447;90/2024;2024_90_456;puute;1
1447;90/2024;2024_90_456;huomionarvoinen;1
1447;90/2024;2024_90_456;maa;2
1447;90/2024;2024_90_456;kuva;1
1447;90/2024;2024_90_456;houkutteleva;1
1447;90/2024;2024_90_456;tulla;1
1447;90/2024;2024_90_456;työ;1
1447;90/2024;2024_90_456;pudota;1
1447;90/2024;2024_90_456;voida;3
1447;90/2024;2024_90_456;ihmetellä;1
1447;90/2024;2024_90_456;kasvu;1
1447;90/2024;2024_90_456;aikainen;1
1447;90/2024;2024_90_456;uudistaa;1
1447;90/2024;2024_90_456;luvata;1
1447;90/2024;2024_90_456;luoda;1
1447;90/2024;2024_90_456;aika;1
1447;90/2024;2024_90_456;uusi;1
1447;90/2024;2024_90_456;työllinen;1
1447;90/2024;2024_90_456;homma;1
1447;90/2024;2024_90_456;työnsara;1
1447;90/2024;2024_90_456;lisäys;1
1447;90/2024;2024_90_456;vai;1
1447;90/2024;2024_90_456;taktiikka;1
1447;90/2024;2024_90_456;sitten;1
1447;90/2024;2024_90_456;niin;1
1447;90/2024;2024_90_456;tiputtaa;1
1447;90/2024;2024_90_456;ensin;1
1447;90/2024;2024_90_456;tilasto;2
1447;90/2024;2024_90_456;pohja;1
1447;90/2024;2024_90_456;jälkeen;1
1447;90/2024;2024_90_456;hieno;1
1447;90/2024;2024_90_456;jos;1
1447;90/2024;2024_90_456;edes;1
1447;90/2024;2024_90_456;jokin;1
1447;90/2024;2024_90_456;pieni;1
1447;90/2024;2024_90_456;elpyminen;1
1447;90/2024;2024_90_456;tapahtua;1
1447;90/2024;2024_90_456;kaikki;1
1447;90/2024;2024_90_456;tietää;1
1447;90/2024;2024_90_456;talous;1
1447;90/2024;2024_90_456;vaatia;1
1447;90/2024;2024_90_456;liike;1
1447;90/2024;2024_90_456;kritiikki;3
1447;90/2024;2024_90_456;kohdistua;3
1447;90/2024;2024_90_456;tapa;1
1447;90/2024;2024_90_456;ylimielisesti;1
1447;90/2024;2024_90_456;leikkaus;1
1447;90/2024;2024_90_456;aina;1
1447;90/2024;2024_90_456;vain;1
1447;90/2024;2024_90_456;yksi;1
1447;90/2024;2024_90_456;ihminen;1
1447;90/2024;2024_90_456;hän;2
1447;90/2024;2024_90_456;muuten;1
1447;90/2024;2024_90_456;huono;1
1447;90/2024;2024_90_456;kaikkein;1
1447;90/2024;2024_90_456;ennen;1
1447;90/2024;2024_90_456;vaali;1
1447;90/2024;2024_90_456;lupailla;1
1447;90/2024;2024_90_456;kuitenkaan;1
1447;90/2024;2024_90_456;asettaa;1
1447;90/2024;2024_90_456;tavoite;1
1447;90/2024;2024_90_456;toteutua;1
1447;90/2024;2024_90_456;epäoikeudenmukainen;1
1447;90/2024;2024_90_456;kokonaisvaikutus;1
1447;90/2024;2024_90_456;arviointi;1
1447;90/2024;2024_90_456;tuottavuusvaikutus;1
1447;90/2024;2024_90_456;kilpailuvaikutusarviointi;1
1447;90/2024;2024_90_456;arkijärki;1
1447;90/2024;2024_90_456;perustella;1
1447;90/2024;2024_90_456;työllisyysvaikutus;1
1447;90/2024;2024_90_456;todellinen;1
1447;90/2024;2024_90_456;ajaa;1
1447;90/2024;2024_90_456;entinen;1
1447;90/2024;2024_90_456;synkkä;1
1447;90/2024;2024_90_456;tila;1
1447;94/2024;2024_94_111;herra;1
1447;94/2024;2024_94_111;puhemies;1
1447;94/2024;2024_94_111;nikotiinipussi;4
1447;94/2024;2024_94_111;myynti;1
1447;94/2024;2024_94_111;vapautuminen;1
1447;94/2024;2024_94_111;lisätä;1
1447;94/2024;2024_94_111;todennäköisyys;1
1447;94/2024;2024_94_111;se;18
1447;94/2024;2024_94_111;että;13
1447;94/2024;2024_94_111;tuote;2
1447;94/2024;2024_94_111;muodostua;1
1447;94/2024;2024_94_111;minä;1
1447;94/2024;2024_94_111;lapsi;1
1447;94/2024;2024_94_111;ja;15
1447;94/2024;2024_94_111;nuori;6
1447;94/2024;2024_94_111;uusi;5
1447;94/2024;2024_94_111;väylä;1
1447;94/2024;2024_94_111;nikotiiniriippuvuus;1
1447;94/2024;2024_94_111;muu;1
1447;94/2024;2024_94_111;tupakka;4
1447;94/2024;2024_94_111;nikotiinituote;6
1447;94/2024;2024_94_111;käyttö;3
1447;94/2024;2024_94_111;olla;29
1447;94/2024;2024_94_111;kyllä;4
1447;94/2024;2024_94_111;huomionarvoinen;3
1447;94/2024;2024_94_111;moni;1
1447;94/2024;2024_94_111;maa;2
1447;94/2024;2024_94_111;jo;2
1447;94/2024;2024_94_111;kieltää;3
1447;94/2024;2024_94_111;täällä;3
1447;94/2024;2024_94_111;mainita;1
1447;94/2024;2024_94_111;norja;1
1447;94/2024;2024_94_111;belgia;1
1447;94/2024;2024_94_111;saksa;1
1447;94/2024;2024_94_111;osa;1
1447;94/2024;2024_94_111;suunnitella;1
1447;94/2024;2024_94_111;juuri;3
1447;94/2024;2024_94_111;syy;1
1447;94/2024;2024_94_111;jotta;1
1447;94/2024;2024_94_111;voida;4
1447;94/2024;2024_94_111;ehkäistä;2
1447;94/2024;2024_94_111;yleistymä;1
1447;94/2024;2024_94_111;keskuudessa;1
1447;94/2024;2024_94_111;tämä;10
1447;94/2024;2024_94_111;makuaine;2
1447;94/2024;2024_94_111;käydä;1
1447;94/2024;2024_94_111;hyvä;3
1447;94/2024;2024_94_111;keskustelu;1
1447;94/2024;2024_94_111;myös;4
1447;94/2024;2024_94_111;tupakkalaki;2
1447;94/2024;2024_94_111;tunnusomainen;1
1447;94/2024;2024_94_111;tuoksu;1
1447;94/2024;2024_94_111;maku;3
1447;94/2024;2024_94_111;savuke;1
1447;94/2024;2024_94_111;kaikki;3
1447;94/2024;2024_94_111;sääntely;1
1447;94/2024;2024_94_111;tulla;2
1447;94/2024;2024_94_111;yhdenmukainen;1
1447;94/2024;2024_94_111;sillä;2
1447;94/2024;2024_94_111;aivan;3
1447;94/2024;2024_94_111;selvä;2
1447;94/2024;2024_94_111;mikään;1
1447;94/2024;2024_94_111;ei;2
1447;94/2024;2024_94_111;terveys;1
1447;94/2024;2024_94_111;haitaton;1
1447;94/2024;2024_94_111;tutkimus;1
1447;94/2024;2024_94_111;mukaan;1
1447;94/2024;2024_94_111;houkutella;1
1447;94/2024;2024_94_111;maistaa;1
1447;94/2024;2024_94_111;kun;2
1447;94/2024;2024_94_111;tuo;1
1447;94/2024;2024_94_111;netti;1
1447;94/2024;2024_94_111;vähän;1
1447;94/2024;2024_94_111;selailla;1
1447;94/2024;2024_94_111;niin;5
1447;94/2024;2024_94_111;käsittämätön;1
1447;94/2024;2024_94_111;siellä;1
1447;94/2024;2024_94_111;löytyä;1
1447;94/2024;2024_94_111;tervalaku;1
1447;94/2024;2024_94_111;glögi;1
1447;94/2024;2024_94_111;sirkusaakkonen;1
1447;94/2024;2024_94_111;valvira;1
1447;94/2024;2024_94_111;tuoda;1
1447;94/2024;2024_94_111;oma;1
1447;94/2024;2024_94_111;lausunto;1
1447;94/2024;2024_94_111;esiin;1
1447;94/2024;2024_94_111;ettäei;1
1447;94/2024;2024_94_111;nikotiiniteollisuus;1
1447;94/2024;2024_94_111;enää;2
1447;94/2024;2024_94_111;erottaa;1
1447;94/2024;2024_94_111;toinen;1
1447;94/2024;2024_94_111;suuri;1
1447;94/2024;2024_94_111;tupakkayhtiö;1
1447;94/2024;2024_94_111;valikoima;1
1447;94/2024;2024_94_111;jokin;1
1447;94/2024;2024_94_111;savuton;2
1447;94/2024;2024_94_111;esitys;3
1447;94/2024;2024_94_111;pitää;2
1447;94/2024;2024_94_111;huomattava;1
1447;94/2024;2024_94_111;myönteinen;1
1447;94/2024;2024_94_111;elinkeinoala;1
1447;94/2024;2024_94_111;aika;1
1447;94/2024;2024_94_111;suorastaan;1
1447;94/2024;2024_94_111;silmiinpistävä;1
1447;94/2024;2024_94_111;joka;4
1447;94/2024;2024_94_111;nyt;2
1447;94/2024;2024_94_111;hyväksyä;1
1447;94/2024;2024_94_111;pietarsaari;1
1447;94/2024;2024_94_111;nikotiinipussitehdas;1
1447;94/2024;2024_94_111;valmistaa;1
1447;94/2024;2024_94_111;vaikuttaa;1
1447;94/2024;2024_94_111;laki;1
1447;94/2024;2024_94_111;säätäminen;1
1447;94/2024;2024_94_111;sitten;1
1447;94/2024;2024_94_111;ostoikäraja;1
1447;94/2024;2024_94_111;paljon;2
1447;94/2024;2024_94_111;puhua;1
1447;94/2024;2024_94_111;koska;1
1447;94/2024;2024_94_111;hallitus;1
1447;94/2024;2024_94_111;tavoite;1
1447;94/2024;2024_94_111;tarkoitus;1
1447;94/2024;2024_94_111;nimenomaan;1
1447;94/2024;2024_94_111;vähä;2
1447;94/2024;2024_94_111;asettaa;1
1447;94/2024;2024_94_111;vuosi;1
1447;94/2024;2024_94_111;ikäraja;1
1447;94/2024;2024_94_111;mahdollisimman;1
1447;94/2024;2024_94_111;pian;1
1447;94/2024;2024_94_111;tarve;1
1447;94/2024;2024_94_111;entinen;1
1447;94/2024;2024_94_111;ajankohtainen;1
1447;94/2024;2024_94_111;markkina;1
1447;94/2024;2024_94_111;maustaa;1
1447;94/2024;2024_94_111;kansainvälinen;1
1447;94/2024;2024_94_111;kokemus;1
1447;94/2024;2024_94_111;peruste;1
1447;94/2024;2024_94_111;todeta;1
1447;94/2024;2024_94_111;kiinnostaa;1
1447;94/2024;2024_94_111;erityisesti;1
1447;94/2024;2024_94_111;itse;2
1447;94/2024;2024_94_111;ajatella;2
1447;94/2024;2024_94_111;koko;1
1447;94/2024;2024_94_111;mutta;1
1447;94/2024;2024_94_111;mikä;1
1447;94/2024;2024_94_111;tehdä;1
1447;94/2024;2024_94_111;maksimimilligrammamäärä;1
1447;94/2024;2024_94_111;pienentää;1
1447;94/2024;2024_94_111;merkittävästi;1
1447;94/2024;2024_94_111;edustaja;1
1447;94/2024;2024_94_111;räsänen;1
1447;94/2024;2024_94_111;viittaus;1
1447;94/2024;2024_94_111;saada;1
1447;94/2024;2024_94_111;voimaan;1
1447;94/2024;2024_94_111;eu-lainsäädäntö;1
1447;94/2024;2024_94_111;käsittely;2
1447;94/2024;2024_94_111;tarvita;1
1447;94/2024;2024_94_111;kanta;1
1447;94/2024;2024_94_111;vaihtoehto;1
1447;96/2024;2024_96_121;kiitos;1
1447;96/2024;2024_96_121;arvoisa;1
1447;96/2024;2024_96_121;puhemies;1
1447;96/2024;2024_96_121;tämä;14
1447;96/2024;2024_96_121;tekninen;1
1447;96/2024;2024_96_121;yksityiskohta;1
1447;96/2024;2024_96_121;minä;17
1447;96/2024;2024_96_121;ei;4
1447;96/2024;2024_96_121;kukaan;2
1447;96/2024;2024_96_121;varmaan;2
1447;96/2024;2024_96_121;olla;19
1447;96/2024;2024_96_121;erimielisyys;1
1447;96/2024;2024_96_121;mutta;2
1447;96/2024;2024_96_121;itse;1
1447;96/2024;2024_96_121;haluta;1
1447;96/2024;2024_96_121;nostaa;1
1447;96/2024;2024_96_121;keskustelu;2
1447;96/2024;2024_96_121;kyllä;2
1447;96/2024;2024_96_121;vähän;1
1447;96/2024;2024_96_121;laaja;1
1447;96/2024;2024_96_121;näkökulma;1
1447;96/2024;2024_96_121;nimenomaan;1
1447;96/2024;2024_96_121;se;17
1447;96/2024;2024_96_121;metsä;7
1447;96/2024;2024_96_121;hoito;1
1447;96/2024;2024_96_121;tärkeys;1
1447;96/2024;2024_96_121;varmasti;2
1447;96/2024;2024_96_121;täällä;1
1447;96/2024;2024_96_121;kritisoida;1
1447;96/2024;2024_96_121;ja;12
1447;96/2024;2024_96_121;juuri;1
1447;96/2024;2024_96_121;niin;5
1447;96/2024;2024_96_121;että;12
1447;96/2024;2024_96_121;arvo;1
1447;96/2024;2024_96_121;suomi;2
1447;96/2024;2024_96_121;todella;1
1447;96/2024;2024_96_121;tärkeä;2
1447;96/2024;2024_96_121;tosiasia;2
1447;96/2024;2024_96_121;ilmastomuutos;3
1447;96/2024;2024_96_121;edetä;3
1447;96/2024;2024_96_121;lämpötila;1
1447;96/2024;2024_96_121;kuivuus;1
1447;96/2024;2024_96_121;erityinen;1
1447;96/2024;2024_96_121;huomio;1
1447;96/2024;2024_96_121;valtio-omisteinen;1
1447;96/2024;2024_96_121;sijaita;1
1447;96/2024;2024_96_121;paljon;2
1447;96/2024;2024_96_121;siellä;4
1447;96/2024;2024_96_121;pohjoinen;3
1447;96/2024;2024_96_121;itä-suomi;1
1447;96/2024;2024_96_121;metsätuho;2
1447;96/2024;2024_96_121;vielä;4
1447;96/2024;2024_96_121;vaihe;1
1447;96/2024;2024_96_121;kohdistua;1
1447;96/2024;2024_96_121;sinne;2
1447;96/2024;2024_96_121;alue;3
1447;96/2024;2024_96_121;pitää;2
1447;96/2024;2024_96_121;euro;1
1447;96/2024;2024_96_121;summa;2
1447;96/2024;2024_96_121;hyvin;1
1447;96/2024;2024_96_121;pieni;1
1447;96/2024;2024_96_121;tunnistaa;1
1447;96/2024;2024_96_121;voida;4
1447;96/2024;2024_96_121;tulevaisuus;1
1447;96/2024;2024_96_121;kasvaa;1
1447;96/2024;2024_96_121;aivan;2
1447;96/2024;2024_96_121;erilainen;2
1447;96/2024;2024_96_121;mittasuhteet;1
1447;96/2024;2024_96_121;kuin;2
1447;96/2024;2024_96_121;mikä;2
1447;96/2024;2024_96_121;hetki;2
1447;96/2024;2024_96_121;kiinnostaa;2
1447;96/2024;2024_96_121;seikka;2
1447;96/2024;2024_96_121;jonkinlainen;2
1447;96/2024;2024_96_121;ilmoitusvelvollisuus;2
1447;96/2024;2024_96_121;jos;1
1447;96/2024;2024_96_121;vaikka;4
1447;96/2024;2024_96_121;valtio;2
1447;96/2024;2024_96_121;todeta;2
1447;96/2024;2024_96_121;kirjanpainajatuho;3
1447;96/2024;2024_96_121;naapuri;2
1447;96/2024;2024_96_121;metsäomistaja;2
1447;96/2024;2024_96_121;tällainen;1
1447;96/2024;2024_96_121;havaita;1
1447;96/2024;2024_96_121;todentaa;1
1447;96/2024;2024_96_121;yksityinen;1
1447;96/2024;2024_96_121;puoli;1
1447;96/2024;2024_96_121;tulla;4
1447;96/2024;2024_96_121;lähteä;1
1447;96/2024;2024_96_121;sieltä;1
1447;96/2024;2024_96_121;vaan;1
1447;96/2024;2024_96_121;muuten;1
1447;96/2024;2024_96_121;sellainen;3
1447;96/2024;2024_96_121;oikeudellinen;1
1447;96/2024;2024_96_121;asia;1
1447;96/2024;2024_96_121;riidellä;1
1447;96/2024;2024_96_121;pitkään;1
1447;96/2024;2024_96_121;lähtöisin;1
1447;96/2024;2024_96_121;kuka;1
1447;96/2024;2024_96_121;maksuvastuu;1
1447;96/2024;2024_96_121;nimenomaisesti;1
1447;96/2024;2024_96_121;tilanne;3
1447;96/2024;2024_96_121;hallinta;1
1447;96/2024;2024_96_121;kun;1
1447;96/2024;2024_96_121;kaikki;1
1447;96/2024;2024_96_121;tietää;1
1447;96/2024;2024_96_121;eteneminen;1
1447;96/2024;2024_96_121;nousta;1
1447;96/2024;2024_96_121;sfääri;1
1447;96/2024;2024_96_121;takia;1
1447;96/2024;2024_96_121;mieli;1
1447;96/2024;2024_96_121;saada;1
1447;96/2024;2024_96_121;lainsäädäntö;1
1447;96/2024;2024_96_121;joka;1
1447;96/2024;2024_96_121;myös;2
1447;96/2024;2024_96_121;muualla;1
1447;96/2024;2024_96_121;metsänsuojelualue;1
1447;96/2024;2024_96_121;velvoittaa;1
1447;96/2024;2024_96_121;ilmoittaa;1
1447;96/2024;2024_96_121;esimerkiksi;1
1447;96/2024;2024_96_121;muu;1
1447;96/2024;2024_96_121;levitä;1
1447;96/2024;2024_96_121;tauti;1
1447;96/2024;2024_96_121;jotta;1
1447;96/2024;2024_96_121;pystyä;1
1447;96/2024;2024_96_121;nopeasti;1
1447;96/2024;2024_96_121;reagoida;1
1447;96/2024;2024_96_121;ajatus;1
1447;96/2024;2024_96_121;suojella;2
1447;96/2024;2024_96_121;koskematon;1
1447;96/2024;2024_96_121;paha;2
1447;96/2024;2024_96_121;ongelma;1
1447;96/2024;2024_96_121;tautitilanne;1
1447;96/2024;2024_96_121;vai;1
1447;96/2024;2024_96_121;joutua;1
1447;96/2024;2024_96_121;jokin;1
1447;96/2024;2024_96_121;osallistua;1
1447;96/2024;2024_96_121;toimenpide;1
1447;96/2024;2024_96_121;tehdä;1
1447;96/2024;2024_96_150;kiitos;1
1447;96/2024;2024_96_150;arvoisa;1
1447;96/2024;2024_96_150;puhemies;2
1447;96/2024;2024_96_150;tämä;10
1447;96/2024;2024_96_150;olla;24
1447;96/2024;2024_96_150;käyttää;2
1447;96/2024;2024_96_150;erittäin;1
1447;96/2024;2024_96_150;hyvä;3
1447;96/2024;2024_96_150;puheenvuoro;3
1447;96/2024;2024_96_150;ja;20
1447;96/2024;2024_96_150;ei;7
1447;96/2024;2024_96_150;itse;2
1447;96/2024;2024_96_150;ajatella;3
1447;96/2024;2024_96_150;ensin;1
1447;96/2024;2024_96_150;edes;1
1447;96/2024;2024_96_150;puhua;3
1447;96/2024;2024_96_150;mutta;2
1447;96/2024;2024_96_150;sitten;3
1447;96/2024;2024_96_150;innostua;1
1447;96/2024;2024_96_150;ruveta;1
1447;96/2024;2024_96_150;lukea;1
1447;96/2024;2024_96_150;täällä;5
1447;96/2024;2024_96_150;erinomainen;2
1447;96/2024;2024_96_150;tärkeä;1
1447;96/2024;2024_96_150;kohta;1
1447;96/2024;2024_96_150;niin;7
1447;96/2024;2024_96_150;kuin;1
1447;96/2024;2024_96_150;usea;1
1447;96/2024;2024_96_150;edustaja;1
1447;96/2024;2024_96_150;kehottaa;1
1447;96/2024;2024_96_150;erityisesti;2
1447;96/2024;2024_96_150;hallituspuolue;1
1447;96/2024;2024_96_150;tutustua;1
1447;96/2024;2024_96_150;sama;1
1447;96/2024;2024_96_150;kehotus;1
1447;96/2024;2024_96_150;kyllä;3
1447;96/2024;2024_96_150;toistaa;1
1447;96/2024;2024_96_150;nimenomaisesti;1
1447;96/2024;2024_96_150;esimerkiksi;4
1447;96/2024;2024_96_150;valtiontuki;1
1447;96/2024;2024_96_150;kohdentaminen;1
1447;96/2024;2024_96_150;se;18
1447;96/2024;2024_96_150;kuinka;2
1447;96/2024;2024_96_150;maatalous;3
1447;96/2024;2024_96_150;alkutuotanto;2
1447;96/2024;2024_96_150;tuki;5
1447;96/2024;2024_96_150;täytyä;2
1447;96/2024;2024_96_150;kohdentua;1
1447;96/2024;2024_96_150;että;8
1447;96/2024;2024_96_150;suomi;1
1447;96/2024;2024_96_150;kilpailukyky;1
1447;96/2024;2024_96_150;kestävä;1
1447;96/2024;2024_96_150;tapa;1
1447;96/2024;2024_96_150;vahvistaa;1
1447;96/2024;2024_96_150;kun;2
1447;96/2024;2024_96_150;minä;10
1447;96/2024;2024_96_150;yleisesti;3
1447;96/2024;2024_96_150;vaikka;2
1447;96/2024;2024_96_150;maataloustuki;1
1447;96/2024;2024_96_150;tai;1
1447;96/2024;2024_96_150;muu;2
1447;96/2024;2024_96_150;yhteinen;1
1447;96/2024;2024_96_150;raha;1
1447;96/2024;2024_96_150;aloittaminen;2
1447;96/2024;2024_96_150;helppo;1
1447;96/2024;2024_96_150;pois;1
1447;96/2024;2024_96_150;ottaminen;1
1447;96/2024;2024_96_150;vaikea;1
1447;96/2024;2024_96_150;asia;3
1447;96/2024;2024_96_150;moni;1
1447;96/2024;2024_96_150;jo;2
1447;96/2024;2024_96_150;nostaa;3
1447;96/2024;2024_96_150;esiin;1
1447;96/2024;2024_96_150;muun;1
1447;96/2024;2024_96_150;muassa;1
1447;96/2024;2024_96_150;rakenteellinen;1
1447;96/2024;2024_96_150;muutos;1
1447;96/2024;2024_96_150;tilastollinen;1
1447;96/2024;2024_96_150;tieto;2
1447;96/2024;2024_96_150;riittävästi;1
1447;96/2024;2024_96_150;eri;2
1447;96/2024;2024_96_150;tuotantosuunta;1
1447;96/2024;2024_96_150;thaaro;1
1447;96/2024;2024_96_150;välillä;1
1447;96/2024;2024_96_150;epäyhtenäinen;1
1447;96/2024;2024_96_150;haitata;1
1447;96/2024;2024_96_150;päätöksenteko;1
1447;96/2024;2024_96_150;monesti;1
1447;96/2024;2024_96_150;ottaa;2
1447;96/2024;2024_96_150;kanta;1
1447;96/2024;2024_96_150;myös;4
1447;96/2024;2024_96_150;tilamäärä;1
1447;96/2024;2024_96_150;laskea;1
1447;96/2024;2024_96_150;trendi;1
1447;96/2024;2024_96_150;hieman;1
1447;96/2024;2024_96_150;mieli;1
1447;96/2024;2024_96_150;ruoantuotanto;1
1447;96/2024;2024_96_150;kriisi;1
1447;96/2024;2024_96_150;vuoksi;1
1447;96/2024;2024_96_150;tila;4
1447;96/2024;2024_96_150;koko;2
1447;96/2024;2024_96_150;kasvaa;3
1447;96/2024;2024_96_150;joka;3
1447;96/2024;2024_96_150;kehittää;1
1447;96/2024;2024_96_150;tulevaisuus;1
1447;96/2024;2024_96_150;hyvin;3
1447;96/2024;2024_96_150;hanska;1
1447;96/2024;2024_96_150;jos;1
1447;96/2024;2024_96_150;huomio;2
1447;96/2024;2024_96_150;inflaatio;1
1447;96/2024;2024_96_150;korko;1
1447;96/2024;2024_96_150;nousu;1
1447;96/2024;2024_96_150;päästä;2
1447;96/2024;2024_96_150;keskustelu;4
1447;96/2024;2024_96_150;tukikatto;1
1447;96/2024;2024_96_150;aidosti;1
1447;96/2024;2024_96_150;yksi;2
1447;96/2024;2024_96_150;syy;1
1447;96/2024;2024_96_150;tarve;1
1447;96/2024;2024_96_150;vaatia;1
1447;96/2024;2024_96_150;kehittyä;1
1447;96/2024;2024_96_150;vielä;1
1447;96/2024;2024_96_150;kohdentaa;1
1447;96/2024;2024_96_150;ruoka;1
1447;96/2024;2024_96_150;tuottaa;1
1447;96/2024;2024_96_150;tuntua;1
1447;96/2024;2024_96_150;jotenkin;1
1447;96/2024;2024_96_150;hankala;1
1447;96/2024;2024_96_150;metsätalous;1
1447;96/2024;2024_96_150;suunta;1
1447;96/2024;2024_96_150;ehkä;1
1447;96/2024;2024_96_150;sieltä;2
1447;96/2024;2024_96_150;vain;2
1447;96/2024;2024_96_150;tarkastus;1
1447;96/2024;2024_96_150;mukaan;1
1447;96/2024;2024_96_150;yksityismetsätalous;1
1447;96/2024;2024_96_150;korvausjärjestelmä;1
1447;96/2024;2024_96_150;ohjaus;1
1447;96/2024;2024_96_150;vastuusuhde;1
1447;96/2024;2024_96_150;eriytyminen;1
1447;96/2024;2024_96_150;maa;1
1447;96/2024;2024_96_150;metsätalousministeriö;1
1447;96/2024;2024_96_150;ympäristöministeriö;1
1447;96/2024;2024_96_150;osa;1
1447;96/2024;2024_96_150;kokea;1
1447;96/2024;2024_96_150;hajautunut;1
1447;96/2024;2024_96_150;kaivata;1
1447;96/2024;2024_96_150;koska;1
1447;96/2024;2024_96_150;alkaa;1
1447;96/2024;2024_96_150;keskustella;1
1447;96/2024;2024_96_150;toimiala;1
1447;96/2024;2024_96_150;yhdistäminen;1
1447;96/2024;2024_96_150;jolloin;1
1447;96/2024;2024_96_150;sarka;1
1447;96/2024;2024_96_150;varmasti;1
1447;96/2024;2024_96_150;löytää;1
1447;96/2024;2024_96_150;synergiaetu;1
1447;96/2024;2024_96_150;ihan;1
1447;96/2024;2024_96_150;viimeinen;1
1447;96/2024;2024_96_150;nopeasti;1
1447;96/2024;2024_96_150;lindn;1
1447;96/2024;2024_96_150;hamar;1
1447;96/2024;2024_96_150;tulla;1
1447;96/2024;2024_96_150;sairaala;1
1447;96/2024;2024_96_150;päivystysverkko;1
1447;96/2024;2024_96_150;keskittämisasetus;2
1447;96/2024;2024_96_150;lause;1
1447;96/2024;2024_96_150;valmistella;1
1447;96/2024;2024_96_150;matkakustannus;2
1447;96/2024;2024_96_150;säästö;2
1447;96/2024;2024_96_150;arvioida;1
1447;96/2024;2024_96_150;yhtä;2
1447;96/2024;2024_96_150;suuri;2
1447;96/2024;2024_96_150;siis;1
1447;96/2024;2024_96_150;elikkä;1
1447;96/2024;2024_96_150;keskittää;1
1447;96/2024;2024_96_150;kaikki;1
1447;96/2024;2024_96_150;viedä;1
1447;96/2024;2024_96_150;koputtaa;1
1447;96/2024;2024_96_150;huomionarvoinen;1
1447;99/2024;2024_99_143;arvoisa;3
1447;99/2024;2024_99_143;rouva;2
1447;99/2024;2024_99_143;puhemies;3
1447;99/2024;2024_99_143;täällä;2
1447;99/2024;2024_99_143;helsinki;1
1447;99/2024;2024_99_143;olla;24
1447;99/2024;2024_99_143;tänään;1
1447;99/2024;2024_99_143;kylmä;2
1447;99/2024;2024_99_143;ja;21
1447;99/2024;2024_99_143;todella;1
1447;99/2024;2024_99_143;kova;2
1447;99/2024;2024_99_143;tuuli;2
1447;99/2024;2024_99_143;puhaltaa;1
1447;99/2024;2024_99_143;myös;5
1447;99/2024;2024_99_143;eduskunta;1
1447;99/2024;2024_99_143;työntekijä;10
1447;99/2024;2024_99_143;oikeus;2
1447;99/2024;2024_99_143;sopimusvapaus;3
1447;99/2024;2024_99_143;usea;1
1447;99/2024;2024_99_143;tärkeä;1
1447;99/2024;2024_99_143;ala;10
1447;99/2024;2024_99_143;ammattilainen;6
1447;99/2024;2024_99_143;palkka;10
1447;99/2024;2024_99_143;betonoiminen;1
1447;99/2024;2024_99_143;palkkakuoppa;1
1447;99/2024;2024_99_143;jättäminen;1
1447;99/2024;2024_99_143;tämä;26
1447;99/2024;2024_99_143;ehdotus;1
1447;99/2024;2024_99_143;haluta;2
1447;99/2024;2024_99_143;säätää;1
1447;99/2024;2024_99_143;valtakunnansovittelija;3
1447;99/2024;2024_99_143;velvollisuus;1
1447;99/2024;2024_99_143;huolehtia;5
1447;99/2024;2024_99_143;kansantalous;2
1447;99/2024;2024_99_143;kokonaisuus;2
1447;99/2024;2024_99_143;ei;9
1447;99/2024;2024_99_143;se;13
1447;99/2024;2024_99_143;kuinka;8
1447;99/2024;2024_99_143;voida;12
1447;99/2024;2024_99_143;ihminen;2
1447;99/2024;2024_99_143;terveys;1
1447;99/2024;2024_99_143;turvaaminen;1
1447;99/2024;2024_99_143;houkutteleminen;1
1447;99/2024;2024_99_143;tai;6
1447;99/2024;2024_99_143;pitäminen;1
1447;99/2024;2024_99_143;siis;5
1447;99/2024;2024_99_143;minä;2
1447;99/2024;2024_99_143;lähihoitaja;1
1447;99/2024;2024_99_143;sairaanhoitaja;1
1447;99/2024;2024_99_143;terveydenhoitaja;1
1447;99/2024;2024_99_143;kaikki;2
1447;99/2024;2024_99_143;muu;1
1447;99/2024;2024_99_143;sote-ala;2
1447;99/2024;2024_99_143;työskennellä;1
1447;99/2024;2024_99_143;houkuttelevuus;2
1447;99/2024;2024_99_143;arvioida;3
1447;99/2024;2024_99_143;lapsi;1
1447;99/2024;2024_99_143;opetus;1
1447;99/2024;2024_99_143;laatu;2
1447;99/2024;2024_99_143;varhaiskasvatusala;1
1447;99/2024;2024_99_143;työ;5
1447;99/2024;2024_99_143;että;6
1447;99/2024;2024_99_143;pitää;1
1447;99/2024;2024_99_143;opettaja;1
1447;99/2024;2024_99_143;houkutella;3
1447;99/2024;2024_99_143;vaativuus;1
1447;99/2024;2024_99_143;mukainen;1
1447;99/2024;2024_99_143;laitoshuoltaja;2
1447;99/2024;2024_99_143;tarjoilija;1
1447;99/2024;2024_99_143;korottaa;1
1447;99/2024;2024_99_143;saada;6
1447;99/2024;2024_99_143;joka;8
1447;99/2024;2024_99_143;maa;1
1447;99/2024;2024_99_143;pärjätä;1
1447;99/2024;2024_99_143;toki;1
1447;99/2024;2024_99_143;kuvitella;1
1447;99/2024;2024_99_143;eri;4
1447;99/2024;2024_99_143;pelkkä;1
1447;99/2024;2024_99_143;kyse;1
1447;99/2024;2024_99_143;usein;1
1447;99/2024;2024_99_143;moni;3
1447;99/2024;2024_99_143;tekijä;1
1447;99/2024;2024_99_143;kuten;1
1447;99/2024;2024_99_143;itse;1
1447;99/2024;2024_99_143;hyvin;1
1447;99/2024;2024_99_143;tuntea;1
1447;99/2024;2024_99_143;hoitoala;1
1447;99/2024;2024_99_143;samalla;1
1447;99/2024;2024_99_143;kun;4
1447;99/2024;2024_99_143;henkilöstö;1
1447;99/2024;2024_99_143;vähetä;1
1447;99/2024;2024_99_143;jäädä;1
1447;99/2024;2024_99_143;työpaine;1
1447;99/2024;2024_99_143;kasvaa;3
1447;99/2024;2024_99_143;stressi;1
1447;99/2024;2024_99_143;sijainen;1
1447;99/2024;2024_99_143;perehdyttäminen;1
1447;99/2024;2024_99_143;vaikeutua;1
1447;99/2024;2024_99_143;pitkän;1
1447;99/2024;2024_99_143;päälle;1
1447;99/2024;2024_99_143;lopettaminen;1
1447;99/2024;2024_99_143;alanvaihtoriski;1
1447;99/2024;2024_99_143;oravapyörä;1
1447;99/2024;2024_99_143;kehittäminen;1
1447;99/2024;2024_99_143;estyä;1
1447;99/2024;2024_99_143;sote-sektori;1
1447;99/2024;2024_99_143;lukea;1
1447;99/2024;2024_99_143;negatiivinen;1
1447;99/2024;2024_99_143;uutinen;1
1447;99/2024;2024_99_143;hoitotyö;1
1447;99/2024;2024_99_143;imago;1
1447;99/2024;2024_99_143;kaamea;1
1447;99/2024;2024_99_143;veto;1
1447;99/2024;2024_99_143;pitovoima;1
1447;99/2024;2024_99_143;muodostua;1
1447;99/2024;2024_99_143;erilainen;1
1447;99/2024;2024_99_143;asia;2
1447;99/2024;2024_99_143;mutta;1
1447;99/2024;2024_99_143;merkitys;1
1447;99/2024;2024_99_143;kuitenkaan;1
1447;99/2024;2024_99_143;ohittaa;1
1447;99/2024;2024_99_143;tuleva;1
1447;99/2024;2024_99_143;palkkaodote;1
1447;99/2024;2024_99_143;merkittävä;1
1447;99/2024;2024_99_143;vaikutus;2
1447;99/2024;2024_99_143;nuori;1
1447;99/2024;2024_99_143;hän;1
1447;99/2024;2024_99_143;valita;1
1447;99/2024;2024_99_143;opiskella;1
1447;99/2024;2024_99_143;betonoida;1
1447;99/2024;2024_99_143;lakiesitys;1
1447;99/2024;2024_99_143;tulla;5
1447;99/2024;2024_99_143;suuri;3
1447;99/2024;2024_99_143;jatko;2
1447;99/2024;2024_99_143;jo;4
1447;99/2024;2024_99_143;nyt;2
1447;99/2024;2024_99_143;kriisi;1
1447;99/2024;2024_99_143;puute;2
1447;99/2024;2024_99_143;esitys;4
1447;99/2024;2024_99_143;kuin;1
1447;99/2024;2024_99_143;johtopäätös;1
1447;99/2024;2024_99_143;viime;1
1447;99/2024;2024_99_143;neuvottelukierros;1
1447;99/2024;2024_99_143;kunta;1
1447;99/2024;2024_99_143;tehdä;3
1447;99/2024;2024_99_143;sopimus;4
1447;99/2024;2024_99_143;korjata;1
1447;99/2024;2024_99_143;tulevaisuus;1
1447;99/2024;2024_99_143;torpata;1
1447;99/2024;2024_99_143;niin;3
1447;99/2024;2024_99_143;ministeri;1
1447;99/2024;2024_99_143;satonen;1
1447;99/2024;2024_99_143;myöntää;1
1447;99/2024;2024_99_143;malli;3
1447;99/2024;2024_99_143;voimaan;1
1447;99/2024;2024_99_143;tällainen;1
1447;99/2024;2024_99_143;enää;1
1447;99/2024;2024_99_143;sellainen;1
1447;99/2024;2024_99_143;rajoittaa;1
1447;99/2024;2024_99_143;samapalkkaisuus;1
1447;99/2024;2024_99_143;edistäminen;1
1447;99/2024;2024_99_143;mahdoton;1
1447;99/2024;2024_99_143;minkäänlainen;1
1447;99/2024;2024_99_143;mielikuvitus;1
1447;99/2024;2024_99_143;sanoa;1
1447;99/2024;2024_99_143;tasa-arvo;1
1447;99/2024;2024_99_143;edistää;1
1447;99/2024;2024_99_143;vaikka;2
1447;99/2024;2024_99_143;sali;1
1447;99/2024;2024_99_143;väittää;1
1447;99/2024;2024_99_143;valtioneuvosto;1
1447;99/2024;2024_99_143;oikeuskansleri;1
1447;99/2024;2024_99_143;sopimustoiminta;1
1447;99/2024;2024_99_143;perustua;1
1447;99/2024;2024_99_143;työmarkkinajärjestelmä;1
1447;99/2024;2024_99_143;saattaa;1
1447;99/2024;2024_99_143;vaarantaa;1
1447;99/2024;2024_99_143;valitettavasti;1
1447;99/2024;2024_99_143;tottua;1
1447;99/2024;2024_99_143;nähdä;1
1447;99/2024;2024_99_143;viimeinen;1
1447;99/2024;2024_99_143;puolitoista;1
1447;99/2024;2024_99_143;vuosi;1
1447;99/2024;2024_99_143;aika;2
1447;99/2024;2024_99_143;työmarkkinat;1
1447;99/2024;2024_99_143;ajaa;1
1447;99/2024;2024_99_143;ennennäkemätön;1
1447;99/2024;2024_99_143;hankala;1
1447;99/2024;2024_99_143;tilanne;1
1447;99/2024;2024_99_143;hallitus;2
1447;99/2024;2024_99_143;toimi;2
1447;99/2024;2024_99_143;työnantaja;1
1447;99/2024;2024_99_143;hyödyttää;1
1447;99/2024;2024_99_143;leikata;1
1447;99/2024;2024_99_143;heikentää;1
1447;99/2024;2024_99_143;vain;1
1447;99/2024;2024_99_143;ihmetellä;1
1447;99/2024;2024_99_143;iso;1
1447;99/2024;2024_99_143;terveydenhuolto;1
1447;99/2024;2024_99_143;saaminen;2
1447;99/2024;2024_99_143;mikä;2
1447;99/2024;2024_99_143;tapaus;1
1447;99/2024;2024_99_143;tapahtua;1
1447;99/2024;2024_99_143;jos;1
1447;99/2024;2024_99_143;esimerkiksi;2
1447;99/2024;2024_99_143;lastensuojelu;2
1447;99/2024;2024_99_143;puuttua;1
1447;99/2024;2024_99_143;aluehallintovirasto;1
1447;99/2024;2024_99_143;asettaa;1
1447;99/2024;2024_99_143;hyvinvointialue;1
1447;99/2024;2024_99_143;uhkasakko;1
1447;99/2024;2024_99_143;no;1
1447;99/2024;2024_99_143;nostaa;1
1447;99/2024;2024_99_143;sitten;3
1447;99/2024;2024_99_143;ottaa;1
1447;99/2024;2024_99_143;palkankorotus;1
1447;99/2024;2024_99_143;jokin;1
1447;99/2024;2024_99_143;neuvottelu;1
1447;99/2024;2024_99_143;pois;1
1447;99/2024;2024_99_143;jotta;1
1447;99/2024;2024_99_143;paljon;1
1447;99/2024;2024_99_143;kaivata;1
1447;99/2024;2024_99_143;tasapaino;1
1447;99/2024;2024_99_143;säilyä;1
1447;99/2024;2024_99_143;vaarantua;1
1447;99/2024;2024_99_143;tarkoitus;1
1447;99/2024;2024_99_143;aidosti;1
1447;99/2024;2024_99_143;käytäntö;1
1447;99/2024;2024_99_143;toteuttaa;1
1447;99/2024;2024_99_143;pituinen;1
1447;99/2024;2024_99_143;kohta;1
1447;99/2024;2024_99_143;hinta;1
1447;99/2024;2024_99_143;käydä;1
1447;99/2024;2024_99_143;entisestään;1
1447;99/2024;2024_99_143;pirstaloitua;1
1447;99/2024;2024_99_143;lyhentyä;1
1447;99/2024;2024_99_143;aikaiseksi;1
1447;99/2024;2024_99_143;oikein;1
1447;99/2024;2024_99_143;sopimussoppa;1
1447;99/2024;2024_99_143;joten;1
1447;99/2024;2024_99_143;ehkä;1
1447;99/2024;2024_99_143;hyvä;1
1447;99/2024;2024_99_143;alkaa;1
1447;99/2024;2024_99_143;lisätä;1
1447;99/2024;2024_99_143;resurssi;1
1447;99/2024;2024_99_143;sinne;1
1447;99/2024;2024_99_143;entinen;1
1447;99/2024;2024_99_143;työministeri;1
1447;99/2024;2024_99_143;haatainen;1
1447;99/2024;2024_99_143;mainita;1
1447;99/2024;2024_99_143;toimisto;1
1447;99/2024;2024_99_143;tuntua;1
1447;99/2024;2024_99_143;tahto;1
1447;99/2024;2024_99_143;hoitaa;1
1447;99/2024;2024_99_143;sopiminen;1
1447;99/2024;2024_99_143;sanelu;1
1447;99/2024;2024_99_143;valtio;1
1447;99/2024;2024_99_143;kesken;1
1447;99/2024;2024_99_143;koskea;1
1447;99/2024;2024_99_143;kyllä;1
1447;99/2024;2024_99_143;kuopata;1
1447;99/2024;2024_99_161;kiitos;1
1447;99/2024;2024_99_161;rouva;1
1447;99/2024;2024_99_161;puhemies;1
1447;99/2024;2024_99_161;edustaja;4
1447;99/2024;2024_99_161;mäenpää;1
1447;99/2024;2024_99_161;puheenvuoro;3
1447;99/2024;2024_99_161;minä;5
1447;99/2024;2024_99_161;olla;20
1447;99/2024;2024_99_161;varmaan;1
1447;99/2024;2024_99_161;kaikki;1
1447;99/2024;2024_99_161;aivan;1
1447;99/2024;2024_99_161;sama;2
1447;99/2024;2024_99_161;mieli;2
1447;99/2024;2024_99_161;se;16
1447;99/2024;2024_99_161;että;14
1447;99/2024;2024_99_161;vienti;2
1447;99/2024;2024_99_161;äärimmäinen;1
1447;99/2024;2024_99_161;tärkeä;1
1447;99/2024;2024_99_161;ja;8
1447;99/2024;2024_99_161;mahdollistaa;1
1447;99/2024;2024_99_161;myös;3
1447;99/2024;2024_99_161;julkinen;1
1447;99/2024;2024_99_161;puoli;1
1447;99/2024;2024_99_161;palkka;1
1447;99/2024;2024_99_161;maksu;1
1447;99/2024;2024_99_161;niin;8
1447;99/2024;2024_99_161;kuin;1
1447;99/2024;2024_99_161;sinä;1
1447;99/2024;2024_99_161;tämä;19
1447;99/2024;2024_99_161;todeta;1
1447;99/2024;2024_99_161;euromääräinen;2
1447;99/2024;2024_99_161;korotus;4
1447;99/2024;2024_99_161;tismalleen;1
1447;99/2024;2024_99_161;vuosi;2
1447;99/2024;2024_99_161;vuosikymmen;1
1447;99/2024;2024_99_161;jatkua;1
1447;99/2024;2024_99_161;prosentuaalinen;2
1447;99/2024;2024_99_161;tie;1
1447;99/2024;2024_99_161;osittain;1
1447;99/2024;2024_99_161;johtaa;1
1447;99/2024;2024_99_161;mutta;2
1447;99/2024;2024_99_161;haluta;2
1447;99/2024;2024_99_161;kommentoida;1
1447;99/2024;2024_99_161;piisinen;2
1447;99/2024;2024_99_161;harmillinen;1
1447;99/2024;2024_99_161;hän;3
1447;99/2024;2024_99_161;keretä;1
1447;99/2024;2024_99_161;jo;1
1447;99/2024;2024_99_161;poistua;1
1447;99/2024;2024_99_161;viitata;2
1447;99/2024;2024_99_161;nimenomaan;1
1447;99/2024;2024_99_161;sak;2
1447;99/2024;2024_99_161;sdp;2
1447;99/2024;2024_99_161;tilata;1
1447;99/2024;2024_99_161;lakiesitys;1
1447;99/2024;2024_99_161;tänne;2
1447;99/2024;2024_99_161;eduskunta;1
1447;99/2024;2024_99_161;jotta;1
1447;99/2024;2024_99_161;voida;1
1447;99/2024;2024_99_161;käyttää;1
1447;99/2024;2024_99_161;argumentti;1
1447;99/2024;2024_99_161;vastaan;1
1447;99/2024;2024_99_161;kuntavaali;1
1447;99/2024;2024_99_161;nyt;3
1447;99/2024;2024_99_161;täytyä;1
1447;99/2024;2024_99_161;kyllä;4
1447;99/2024;2024_99_161;sanoa;1
1447;99/2024;2024_99_161;puhua;1
1447;99/2024;2024_99_161;kaukaa;1
1447;99/2024;2024_99_161;hakea;1
1447;99/2024;2024_99_161;salaliittoteoria;1
1447;99/2024;2024_99_161;ei;4
1447;99/2024;2024_99_161;ihan;1
1447;99/2024;2024_99_161;hetki;1
1447;99/2024;2024_99_161;tällainen;3
1447;99/2024;2024_99_161;kuulla;1
1447;99/2024;2024_99_161;kuitenkin;2
1447;99/2024;2024_99_161;ehkä;1
1447;99/2024;2024_99_161;kohta;1
1447;99/2024;2024_99_161;katsoa;1
1447;99/2024;2024_99_161;sinne;2
1447;99/2024;2024_99_161;peili;1
1447;99/2024;2024_99_161;hallitus;1
1447;99/2024;2024_99_161;esitys;2
1447;99/2024;2024_99_161;sali;1
1447;99/2024;2024_99_161;tuoda;1
1447;99/2024;2024_99_161;vielä;3
1447;99/2024;2024_99_161;viittaus;1
1447;99/2024;2024_99_161;demari;1
1447;99/2024;2024_99_161;agitoiminen;1
1447;99/2024;2024_99_161;lakko;1
1447;99/2024;2024_99_161;pitää;2
1447;99/2024;2024_99_161;hyvin;1
1447;99/2024;2024_99_161;absurdi;1
1447;99/2024;2024_99_161;ajatus;1
1447;99/2024;2024_99_161;toivottavasti;1
1447;99/2024;2024_99_161;päästä;1
1447;99/2024;2024_99_161;itse;1
1447;99/2024;2024_99_161;asia;3
1447;99/2024;2024_99_161;keskustelu;1
1447;99/2024;2024_99_161;malmi;1
1447;99/2024;2024_99_161;aiemmin;2
1447;99/2024;2024_99_161;joka;3
1447;99/2024;2024_99_161;kertoa;1
1447;99/2024;2024_99_161;teollisuusliitto;1
1447;99/2024;2024_99_161;yhteensä;1
1447;99/2024;2024_99_161;prosentti;1
1447;99/2024;2024_99_161;kun;3
1447;99/2024;2024_99_161;kyse;1
1447;99/2024;2024_99_161;nimenomaisesti;1
1447;99/2024;2024_99_161;lähetekeskustelu;1
1447;99/2024;2024_99_161;toivoa;2
1447;99/2024;2024_99_161;prosessi;2
1447;99/2024;2024_99_161;aika;2
1447;99/2024;2024_99_161;sitten;6
1447;99/2024;2024_99_161;valiokunta;1
1447;99/2024;2024_99_161;käsitellä;1
1447;99/2024;2024_99_161;vastaus;2
1447;99/2024;2024_99_161;kysymys;3
1447;99/2024;2024_99_161;katto;2
1447;99/2024;2024_99_161;mikä;3
1447;99/2024;2024_99_161;jos;3
1447;99/2024;2024_99_161;esimerkiksi;1
1447;99/2024;2024_99_161;kvtes;1
1447;99/2024;2024_99_161;elikkä;1
1447;99/2024;2024_99_161;kunta-ala;1
1447;99/2024;2024_99_161;työntekijä;1
1447;99/2024;2024_99_161;tehdä;3
1447;99/2024;2024_99_161;joku;3
1447;99/2024;2024_99_161;sopimus;3
1447;99/2024;2024_99_161;tulla;1
1447;99/2024;2024_99_161;hinta;2
1447;99/2024;2024_99_161;siellä;2
1447;99/2024;2024_99_161;sote-puoli;1
1447;99/2024;2024_99_161;joudua;1
1447;99/2024;2024_99_161;odottaa;1
1447;99/2024;2024_99_161;kunta;1
1447;99/2024;2024_99_161;ensin;1
1447;99/2024;2024_99_161;valmistua;1
1447;99/2024;2024_99_161;saada;3
1447;99/2024;2024_99_161;tieto;1
1447;99/2024;2024_99_161;paljon;1
1447;99/2024;2024_99_161;sote;1
1447;99/2024;2024_99_161;jäädä;1
1447;99/2024;2024_99_161;vara;1
1447;99/2024;2024_99_161;neuvottelu;1
1447;99/2024;2024_99_161;tai;1
1447;99/2024;2024_99_161;teksti;1
1447;99/2024;2024_99_161;vaikka;1
1447;99/2024;2024_99_161;vanhempainvapaa;2
1447;99/2024;2024_99_161;liittyä;1
1447;99/2024;2024_99_161;edistää;1
1447;99/2024;2024_99_161;ylitse;1
1447;99/2024;2024_99_161;laskea;2
1447;99/2024;2024_99_161;jokin;1
1447;99/2024;2024_99_161;euromäärä;1
1447;99/2024;2024_99_161;vähentää;1
1447;99/2024;2024_99_161;osuus;1
1447;99/2024;2024_99_161;jatko;1
1447;99/2024;2024_99_161;jakaa;1
1447;99/2024;2024_99_161;kuntapuoli;1
1447;99/2024;2024_99_161;merkittävä;1
1447;99/2024;2024_99_161;määrä;1
1447;99/2024;2024_99_161;erilainen;1
1447;99/2024;2024_99_161;puhe;1
1447;99/2024;2024_99_161;kuinka;1
1447;99/2024;2024_99_161;aikoa;1
1447;99/2024;2024_99_161;koska;1
1447;99/2024;2024_99_161;ylittyä;1
1447;102/2024;2024_102_10;herra;2
1447;102/2024;2024_102_10;puhemies;2
1447;102/2024;2024_102_10;minä;1
1447;102/2024;2024_102_10;sdp;1
1447;102/2024;2024_102_10;olla;12
1447;102/2024;2024_102_10;jo;1
1447;102/2024;2024_102_10;kyllästyä;1
1447;102/2024;2024_102_10;kuunnella;1
1447;102/2024;2024_102_10;hallituspuolue;1
1447;102/2024;2024_102_10;edustaja;1
1447;102/2024;2024_102_10;juhlapuhe;2
1447;102/2024;2024_102_10;hoitaja;1
1447;102/2024;2024_102_10;opettaja;2
1447;102/2024;2024_102_10;varhaiskasvatus;1
1447;102/2024;2024_102_10;ammattilainen;1
1447;102/2024;2024_102_10;ja;5
1447;102/2024;2024_102_10;kaikki;3
1447;102/2024;2024_102_10;muu;2
1447;102/2024;2024_102_10;palkansaaja;1
1447;102/2024;2024_102_10;joka;3
1447;102/2024;2024_102_10;työ;1
1447;102/2024;2024_102_10;vaativuus;1
1447;102/2024;2024_102_10;ei;8
1447;102/2024;2024_102_10;näkyä;1
1447;102/2024;2024_102_10;palkkaus;1
1447;102/2024;2024_102_10;tämä;7
1447;102/2024;2024_102_10;puhe;2
1447;102/2024;2024_102_10;kuulla;2
1447;102/2024;2024_102_10;taas;1
1447;102/2024;2024_102_10;kokoomus;2
1447;102/2024;2024_102_10;perussuomalainen;1
1447;102/2024;2024_102_10;ryhmäpuhe;1
1447;102/2024;2024_102_10;niin;1
1447;102/2024;2024_102_10;vero;1
1447;102/2024;2024_102_10;keventäminen;1
1447;102/2024;2024_102_10;kuin;1
1447;102/2024;2024_102_10;moni;1
1447;102/2024;2024_102_10;hyvä;4
1447;102/2024;2024_102_10;lupaus;2
1447;102/2024;2024_102_10;perussuomalaiset;1
1447;102/2024;2024_102_10;ryhmä;1
1447;102/2024;2024_102_10;se;2
1447;102/2024;2024_102_10;asia;1
1447;102/2024;2024_102_10;aiempi;1
1447;102/2024;2024_102_10;esimerkki;1
1447;102/2024;2024_102_10;taitaa;1
1447;102/2024;2024_102_10;tuttu;1
1447;102/2024;2024_102_10;tehdä;2
1447;102/2024;2024_102_10;sari;1
1447;102/2024;2024_102_10;sairaanhoitajasampanja;1
1447;102/2024;2024_102_10;muistaa;1
1447;102/2024;2024_102_10;sinä;1
1447;102/2024;2024_102_10;välihuuto;2
1447;102/2024;2024_102_10;ben;1
1447;102/2024;2024_102_10;zyskowicz;1
1447;102/2024;2024_102_10;mites;1
1447;102/2024;2024_102_10;vappusatanen;1
1447;102/2024;2024_102_10;juhlava;1
1447;102/2024;2024_102_10;myös;2
1447;102/2024;2024_102_10;perussuomalaisilta;1
1447;102/2024;2024_102_10;hän;3
1447;102/2024;2024_102_10;luvata;1
1447;102/2024;2024_102_10;ennen;1
1447;102/2024;2024_102_10;eduskuntavaalit;1
1447;102/2024;2024_102_10;että;4
1447;102/2024;2024_102_10;aikoa;1
1447;102/2024;2024_102_10;leikata;2
1447;102/2024;2024_102_10;sairaanhoitaja;1
1447;102/2024;2024_102_10;lääkäri;1
1447;102/2024;2024_102_10;suomalainen;1
1447;102/2024;2024_102_10;palvelu;1
1447;102/2024;2024_102_10;pienituloinen;1
1447;102/2024;2024_102_10;perusturva;1
1447;102/2024;2024_102_10;kuinka;1
1447;102/2024;2024_102_10;sitten;1
1447;102/2024;2024_102_10;käydä;1
1447;102/2024;2024_102_10;vielä;1
1447;102/2024;2024_102_10;oikein;1
1447;102/2024;2024_102_10;pitkä;1
1447;102/2024;2024_102_10;kaava;1
1447;102/2024;2024_102_10;mukaan;1
1447;102/2024;2024_102_10;jani;1
1447;102/2024;2024_102_10;mäkelä;1
1447;102/2024;2024_102_10;pitää;1
1447;102/2024;2024_102_10;paikka;1
1447;102/2024;2024_102_10;todellisuus;1
1447;102/2024;2024_102_10;hallitus;5
1447;102/2024;2024_102_10;teko;1
1447;102/2024;2024_102_10;välillä;1
1447;102/2024;2024_102_10;lievästi;1
1447;102/2024;2024_102_10;sanoa;1
1447;102/2024;2024_102_10;räikeä;1
1447;102/2024;2024_102_10;timo;1
1447;102/2024;2024_102_10;heinonen;1
1447;102/2024;2024_102_10;palkkakuoppamalli;1
1447;102/2024;2024_102_10;käsitellä;1
1447;102/2024;2024_102_10;media;1
1447;102/2024;2024_102_10;lähes;1
1447;102/2024;2024_102_10;kantti;1
1447;102/2024;2024_102_10;väittää;1
1447;102/2024;2024_102_10;ettäei;2
1447;102/2024;2024_102_10;malli;1
1447;102/2024;2024_102_10;luoda;1
1447;102/2024;2024_102_10;rajoittaa;1
1447;102/2024;2024_102_10;mikään;1
1447;102/2024;2024_102_10;ala;2
1447;102/2024;2024_102_10;palkanmuodostus;1
1447;102/2024;2024_102_10;kuitenkin;1
1447;102/2024;2024_102_10;muistuttaa;1
1447;102/2024;2024_102_10;valtakunnansovittelija;1
1447;102/2024;2024_102_10;sajavaara;1
1447;102/2024;2024_102_10;helsinki;1
1447;102/2024;2024_102_10;sanoma;1
1447;102/2024;2024_102_10;haastattelu;1
1447;102/2024;2024_102_10;todeta;3
1447;102/2024;2024_102_10;käytäntö;1
1447;102/2024;2024_102_10;laki;1
1447;102/2024;2024_102_10;jatko;1
1447;102/2024;2024_102_10;estää;1
1447;102/2024;2024_102_10;vuosi;1
1447;102/2024;2024_102_10;kunta-ala;1
1447;102/2024;2024_102_10;naisvaltainen;1
1447;102/2024;2024_102_10;palkkaero;1
1447;102/2024;2024_102_10;kaventaminen;1
1447;102/2024;2024_102_10;kaltainen;1
1447;102/2024;2024_102_10;esitys;2
1447;102/2024;2024_102_10;suu;1
1447;102/2024;2024_102_10;lakimuutos;1
1447;102/2024;2024_102_10;haluta;1
1447;102/2024;2024_102_10;puuttua;1
1447;102/2024;2024_102_10;sovittelija;1
1447;102/2024;2024_102_10;riippumattomuus;1
1447;102/2024;2024_102_10;työmarkkinajärjestö;1
1447;102/2024;2024_102_10;sopimusautonomia;1
1447;102/2024;2024_102_10;eli;1
1447;102/2024;2024_102_10;vapaus;1
1447;102/2024;2024_102_10;sopia;1
1447;102/2024;2024_102_10;työehto;1
1447;102/2024;2024_102_10;työnantaja;1
1447;102/2024;2024_102_10;työntekijäliitto;1
1447;102/2024;2024_102_10;kesken;1
1447;102/2024;2024_102_10;huomionarvoinen;1
1447;102/2024;2024_102_10;ylin;1
1447;102/2024;2024_102_10;laillisuusvalvoja;1
1447;102/2024;2024_102_10;oikeuskansleri;1
1447;102/2024;2024_102_10;lausunto;1
1447;107/2024;2024_107_59;kiitos;2
1447;107/2024;2024_107_59;arvoisa;1
1447;107/2024;2024_107_59;puhemies;1
1447;107/2024;2024_107_59;ehkä;2
1447;107/2024;2024_107_59;tämä;16
1447;107/2024;2024_107_59;esitys;1
1447;107/2024;2024_107_59;olla;21
1447;107/2024;2024_107_59;syy;1
1447;107/2024;2024_107_59;kiittää;1
1447;107/2024;2024_107_59;ja;7
1447;107/2024;2024_107_59;niin;4
1447;107/2024;2024_107_59;kuin;1
1447;107/2024;2024_107_59;jo;4
1447;107/2024;2024_107_59;edellinen;1
1447;107/2024;2024_107_59;edustaja;1
1447;107/2024;2024_107_59;todeta;2
1447;107/2024;2024_107_59;asia;3
1447;107/2024;2024_107_59;joka;5
1447;107/2024;2024_107_59;viime;1
1447;107/2024;2024_107_59;hallituskausi;2
1447;107/2024;2024_107_59;liikkeelle;1
1447;107/2024;2024_107_59;laittaa;1
1447;107/2024;2024_107_59;nyt;3
1447;107/2024;2024_107_59;se;14
1447;107/2024;2024_107_59;sitten;3
1447;107/2024;2024_107_59;eteenpäin;1
1447;107/2024;2024_107_59;viedä;1
1447;107/2024;2024_107_59;hieman;1
1447;107/2024;2024_107_59;harmillinen;1
1447;107/2024;2024_107_59;tieten;1
1447;107/2024;2024_107_59;että;9
1447;107/2024;2024_107_59;tuoda;1
1447;107/2024;2024_107_59;voimaan;1
1447;107/2024;2024_107_59;viimeinen;1
1447;107/2024;2024_107_59;mahdollinen;1
1447;107/2024;2024_107_59;aika;2
1447;107/2024;2024_107_59;mutta;3
1447;107/2024;2024_107_59;näin;1
1447;107/2024;2024_107_59;aina;2
1447;107/2024;2024_107_59;joskus;1
1447;107/2024;2024_107_59;käydä;2
1447;107/2024;2024_107_59;sosiaalinen;1
1447;107/2024;2024_107_59;ehdollisuus;1
1447;107/2024;2024_107_59;mikä;1
1447;107/2024;2024_107_59;voida;5
1447;107/2024;2024_107_59;tarkoittaa;1
1447;107/2024;2024_107_59;ei;3
1447;107/2024;2024_107_59;itse;1
1447;107/2024;2024_107_59;ensimmäinen;1
1447;107/2024;2024_107_59;avautua;2
1447;107/2024;2024_107_59;valiokunta;1
1447;107/2024;2024_107_59;kuuleminen;1
1447;107/2024;2024_107_59;kun;4
1447;107/2024;2024_107_59;kysyä;2
1447;107/2024;2024_107_59;oikein;2
1447;107/2024;2024_107_59;silmä;1
1447;107/2024;2024_107_59;hieno;2
1447;107/2024;2024_107_59;eu;1
1447;107/2024;2024_107_59;haluta;3
1447;107/2024;2024_107_59;pitää;1
1447;107/2024;2024_107_59;minä;4
1447;107/2024;2024_107_59;työntekijä;4
1447;107/2024;2024_107_59;huoli;1
1447;107/2024;2024_107_59;tuntua;1
1447;107/2024;2024_107_59;oikeus;3
1447;107/2024;2024_107_59;hallitus;1
1447;107/2024;2024_107_59;huolehtia;4
1447;107/2024;2024_107_59;ministeri;3
1447;107/2024;2024_107_59;muutama;1
1447;107/2024;2024_107_59;kysymys;1
1447;107/2024;2024_107_59;nimenomaan;2
1447;107/2024;2024_107_59;velvollisuus;1
1447;107/2024;2024_107_59;lakisääteinen;1
1447;107/2024;2024_107_59;totta;1
1447;107/2024;2024_107_59;kai;1
1447;107/2024;2024_107_59;tarkoitus;1
1447;107/2024;2024_107_59;myös;6
1447;107/2024;2024_107_59;aiemmin;1
1447;107/2024;2024_107_59;tulla;1
1447;107/2024;2024_107_59;aidosti;1
1447;107/2024;2024_107_59;jonkinlainen;1
1447;107/2024;2024_107_59;sanktio;2
1447;107/2024;2024_107_59;kuinka;5
1447;107/2024;2024_107_59;käytäntö;1
1447;107/2024;2024_107_59;ajatella;2
1447;107/2024;2024_107_59;pitkä;1
1447;107/2024;2024_107_59;prosessi;1
1447;107/2024;2024_107_59;minkälainen;1
1447;107/2024;2024_107_59;summa;1
1447;107/2024;2024_107_59;puhua;1
1447;107/2024;2024_107_59;tuki;5
1447;107/2024;2024_107_59;poisotto;1
1447;107/2024;2024_107_59;luetella;1
1447;107/2024;2024_107_59;iso;1
1447;107/2024;2024_107_59;määrä;1
1447;107/2024;2024_107_59;leikkaus;2
1447;107/2024;2024_107_59;tehdä;2
1447;107/2024;2024_107_59;usea;1
1447;107/2024;2024_107_59;vai;2
1447;107/2024;2024_107_59;vain;1
1447;107/2024;2024_107_59;yksi;1
1447;107/2024;2024_107_59;per;1
1447;107/2024;2024_107_59;tapaus;1
1447;107/2024;2024_107_59;toimia;1
1447;107/2024;2024_107_59;erinomainen;1
1447;107/2024;2024_107_59;tietysti;1
1447;107/2024;2024_107_59;huomenna;1
1447;107/2024;2024_107_59;käsitellä;1
1447;107/2024;2024_107_59;marja-ala;1
1447;107/2024;2024_107_59;tunnistaa;1
1447;107/2024;2024_107_59;sektori;1
1447;107/2024;2024_107_59;saattaa;1
1447;107/2024;2024_107_59;polkea;1
1447;107/2024;2024_107_59;urakka;1
1447;107/2024;2024_107_59;puuttua;1
1447;107/2024;2024_107_59;kohta;1
1447;107/2024;2024_107_59;vielä;1
1447;107/2024;2024_107_59;jäädä;1
1447;107/2024;2024_107_59;metsätalous;3
1447;107/2024;2024_107_59;sellainen;1
1447;107/2024;2024_107_59;varjo;1
1447;107/2024;2024_107_59;tiedostaa;1
1447;107/2024;2024_107_59;hetki;1
1447;107/2024;2024_107_59;hyvin;1
1447;107/2024;2024_107_59;paljon;1
1447;107/2024;2024_107_59;käyttää;1
1447;107/2024;2024_107_59;ulkomaalainen;1
1447;107/2024;2024_107_59;työvoima;1
1447;107/2024;2024_107_59;siellä;1
1447;107/2024;2024_107_59;tällainen;1
1447;107/2024;2024_107_59;tukijärjestelmä;1
1447;107/2024;2024_107_59;minkäänlainen;1
1447;107/2024;2024_107_59;keskustelu;1
1447;107/2024;2024_107_59;tai;1
1447;107/2024;2024_107_59;mikään;1
1447;107/2024;2024_107_59;valmistelu;1
1447;107/2024;2024_107_59;vähentää;1
1447;107/2024;2024_107_59;jos;1
1447;107/2024;2024_107_59;työturvallisuus;1
1447;107/2024;2024_107_69;kiitos;1
1447;107/2024;2024_107_69;arvoisa;1
1447;107/2024;2024_107_69;puhemies;1
1447;107/2024;2024_107_69;jotenkin;4
1447;107/2024;2024_107_69;itse;2
1447;107/2024;2024_107_69;ajatella;2
1447;107/2024;2024_107_69;niin;8
1447;107/2024;2024_107_69;ei;7
1447;107/2024;2024_107_69;aivan;1
1447;107/2024;2024_107_69;päästä;1
1447;107/2024;2024_107_69;tämä;16
1447;107/2024;2024_107_69;edustaja;1
1447;107/2024;2024_107_69;hoskonen;1
1447;107/2024;2024_107_69;ajatus;2
1447;107/2024;2024_107_69;sisään;1
1447;107/2024;2024_107_69;että;12
1447;107/2024;2024_107_69;nimenomaan;5
1447;107/2024;2024_107_69;minä;7
1447;107/2024;2024_107_69;suojella;1
1447;107/2024;2024_107_69;se;15
1447;107/2024;2024_107_69;rehellinen;1
1447;107/2024;2024_107_69;suomalainen;1
1447;107/2024;2024_107_69;yrittäjä;2
1447;107/2024;2024_107_69;kilpailukyky;1
1447;107/2024;2024_107_69;kyse;1
1447;107/2024;2024_107_69;olla;18
1447;107/2024;2024_107_69;koko;2
1447;107/2024;2024_107_69;eu;1
1447;107/2024;2024_107_69;sisällä;1
1447;107/2024;2024_107_69;kaikki;3
1447;107/2024;2024_107_69;maataloustuki;1
1447;107/2024;2024_107_69;saada;1
1447;107/2024;2024_107_69;noudattaa;2
1447;107/2024;2024_107_69;työehtosopimus;1
1447;107/2024;2024_107_69;ja;13
1447;107/2024;2024_107_69;työturvallisuus;2
1447;107/2024;2024_107_69;kiinnittää;1
1447;107/2024;2024_107_69;huomio;1
1447;107/2024;2024_107_69;laki;1
1447;107/2024;2024_107_69;joka;5
1447;107/2024;2024_107_69;jokainen;1
1447;107/2024;2024_107_69;eu-maa;1
1447;107/2024;2024_107_69;asia;5
1447;107/2024;2024_107_69;suhteen;1
1447;107/2024;2024_107_69;tehdä;3
1447;107/2024;2024_107_69;jos;2
1447;107/2024;2024_107_69;edistää;2
1447;107/2024;2024_107_69;silloin;1
1447;107/2024;2024_107_69;epärehellisesti;1
1447;107/2024;2024_107_69;toimia;2
1447;107/2024;2024_107_69;yritys;1
1447;107/2024;2024_107_69;mahdollisuus;1
1447;107/2024;2024_107_69;kukaan;1
1447;107/2024;2024_107_69;haluta;3
1447;107/2024;2024_107_69;mennä;2
1447;107/2024;2024_107_69;sitten;2
1447;107/2024;2024_107_69;ala;2
1447;107/2024;2024_107_69;syvemmälle;1
1447;107/2024;2024_107_69;juuri;3
1447;107/2024;2024_107_69;nyt;4
1447;107/2024;2024_107_69;esimerkki;1
1447;107/2024;2024_107_69;hyvin;1
1447;107/2024;2024_107_69;läheltä;1
1447;107/2024;2024_107_69;liipata;1
1447;107/2024;2024_107_69;marja-ala;1
1447;107/2024;2024_107_69;nähdä;1
1447;107/2024;2024_107_69;erittäin;2
1447;107/2024;2024_107_69;törkeä;1
1447;107/2024;2024_107_69;ihminen;1
1447;107/2024;2024_107_69;hyväksikäyttö;1
1447;107/2024;2024_107_69;ihmiskauppa;1
1447;107/2024;2024_107_69;oikeuskäsittely;1
1447;107/2024;2024_107_69;meneillä;1
1447;107/2024;2024_107_69;asiassa;1
1447;107/2024;2024_107_69;taitaa;1
1447;107/2024;2024_107_69;huomenna;1
1447;107/2024;2024_107_69;täällä;1
1447;107/2024;2024_107_69;myös;1
1447;107/2024;2024_107_69;syvällisesti;1
1447;107/2024;2024_107_69;keskustella;1
1447;107/2024;2024_107_69;hieno;1
1447;107/2024;2024_107_69;hallitus;3
1447;107/2024;2024_107_69;tarttua;1
1447;107/2024;2024_107_69;muutos;1
1447;107/2024;2024_107_69;vielä;2
1447;107/2024;2024_107_69;näkökulma;1
1447;107/2024;2024_107_69;maatalous;1
1447;107/2024;2024_107_69;yksi;1
1447;107/2024;2024_107_69;riskialtis;1
1447;107/2024;2024_107_69;liittyä;1
1447;107/2024;2024_107_69;todella;1
1447;107/2024;2024_107_69;tärkeä;1
1447;107/2024;2024_107_69;uskoa;2
1447;107/2024;2024_107_69;lähelle;1
1447;107/2024;2024_107_69;kaikkialla;1
1447;107/2024;2024_107_69;kun;2
1447;107/2024;2024_107_69;puhua;1
1447;107/2024;2024_107_69;eurooppa;2
1447;107/2024;2024_107_69;laajuisesti;1
1447;107/2024;2024_107_69;maatalouskone;1
1447;107/2024;2024_107_69;kunnossa;1
1447;107/2024;2024_107_69;työturvallisuusseikka;1
1447;107/2024;2024_107_69;kriteeri;1
1447;107/2024;2024_107_69;läpi;1
1447;107/2024;2024_107_69;miettiä;2
1447;107/2024;2024_107_69;keskusvalvonta;1
1447;107/2024;2024_107_69;oikein;1
1447;107/2024;2024_107_69;mielellään;1
1447;107/2024;2024_107_69;kuulla;1
1447;107/2024;2024_107_69;ministeri;2
1447;107/2024;2024_107_69;vastaus;1
1447;107/2024;2024_107_69;aiheuttaa;1
1447;107/2024;2024_107_69;tulla;1
1447;107/2024;2024_107_69;salkku;1
1447;107/2024;2024_107_69;käsi;1
1447;107/2024;2024_107_69;kulkea;1
1447;107/2024;2024_107_69;unioni;1
1447;107/2024;2024_107_69;salkkumies;1
1447;107/2024;2024_107_69;tarkastella;1
1447;107/2024;2024_107_69;siellä;1
1447;107/2024;2024_107_69;traktori;1
1447;107/2024;2024_107_69;muu;2
1447;107/2024;2024_107_69;työkone;1
1447;107/2024;2024_107_69;mutta;3
1447;107/2024;2024_107_69;vaan;1
1447;107/2024;2024_107_69;tapahtua;1
1447;107/2024;2024_107_69;kyllä;1
1447;107/2024;2024_107_69;valvonta;1
1447;107/2024;2024_107_69;ohessa;1
1447;107/2024;2024_107_69;ehkä;1
1447;107/2024;2024_107_69;kysyä;1
1447;107/2024;2024_107_69;voida;2
1447;107/2024;2024_107_69;päättää;1
1447;107/2024;2024_107_69;ottaa;1
1447;107/2024;2024_107_69;esitys;2
1447;107/2024;2024_107_69;käyttö;1
1447;107/2024;2024_107_69;velvoittava;1
1447;107/2024;2024_107_69;lainsäädäntö;1
1447;107/2024;2024_107_69;erityisesti;1
1447;107/2024;2024_107_69;kansallinen;1
1447;107/2024;2024_107_69;liikkumavara;1
1447;107/2024;2024_107_69;mikä;1
1447;107/2024;2024_107_69;pitää;1
1447;107/2024;2024_107_69;tieten;1
1447;107/2024;2024_107_69;hyvä;1
1447;107/2024;2024_107_69;kyseenalaistaa;1
1447;107/2024;2024_107_69;jättää;1
1447;107/2024;2024_107_77;kiitos;1
1447;107/2024;2024_107_77;arvoisa;1
1447;107/2024;2024_107_77;puhemies;1
1447;107/2024;2024_107_77;tekninen;1
1447;107/2024;2024_107_77;asia;3
1447;107/2024;2024_107_77;voida;3
1447;107/2024;2024_107_77;löytää;1
1447;107/2024;2024_107_77;hyvä;1
1447;107/2024;2024_107_77;kulma;1
1447;107/2024;2024_107_77;nyt;1
1447;107/2024;2024_107_77;puhua;1
1447;107/2024;2024_107_77;eläin;1
1447;107/2024;2024_107_77;hyvinvointi;2
1447;107/2024;2024_107_77;ja;7
1447;107/2024;2024_107_77;eläinlääkäri;4
1447;107/2024;2024_107_77;minä;1
1447;107/2024;2024_107_77;olla;18
1447;107/2024;2024_107_77;jo;1
1447;107/2024;2024_107_77;tämä;9
1447;107/2024;2024_107_77;kausi;1
1447;107/2024;2024_107_77;aiemmin;1
1447;107/2024;2024_107_77;käsittely;1
1447;107/2024;2024_107_77;joka;3
1447;107/2024;2024_107_77;ilmetä;1
1447;107/2024;2024_107_77;että;7
1447;107/2024;2024_107_77;saatavuus;1
1447;107/2024;2024_107_77;erityisesti;3
1447;107/2024;2024_107_77;kunnallinen;1
1447;107/2024;2024_107_77;puoli;3
1447;107/2024;2024_107_77;todella;1
1447;107/2024;2024_107_77;haasteellinen;1
1447;107/2024;2024_107_77;keskustella;1
1447;107/2024;2024_107_77;päivystyksellinen;1
1447;107/2024;2024_107_77;se;11
1447;107/2024;2024_107_77;kuinka;2
1447;107/2024;2024_107_77;esimerkiksi;1
1447;107/2024;2024_107_77;lappi;1
1447;107/2024;2024_107_77;saattaa;1
1447;107/2024;2024_107_77;neljä;1
1447;107/2024;2024_107_77;sata;1
1447;107/2024;2024_107_77;kilometri;1
1447;107/2024;2024_107_77;lähin;1
1447;107/2024;2024_107_77;päivystää;1
1447;107/2024;2024_107_77;tieten;1
1447;107/2024;2024_107_77;suuri;1
1447;107/2024;2024_107_77;huoli;1
1447;107/2024;2024_107_77;aiheuttaa;1
1447;107/2024;2024_107_77;kun;2
1447;107/2024;2024_107_77;tiedostaa;2
1447;107/2024;2024_107_77;korona;1
1447;107/2024;2024_107_77;jälkeen;1
1447;107/2024;2024_107_77;koira;1
1447;107/2024;2024_107_77;kissa;1
1447;107/2024;2024_107_77;lukumäärä;1
1447;107/2024;2024_107_77;maa;1
1447;107/2024;2024_107_77;hyvin;1
1447;107/2024;2024_107_77;paljon;1
1447;107/2024;2024_107_77;kasvaa;1
1447;107/2024;2024_107_77;niin;3
1447;107/2024;2024_107_77;kuin;1
1447;107/2024;2024_107_77;kertoa;1
1447;107/2024;2024_107_77;jäljitettävyys;1
1447;107/2024;2024_107_77;kyse;2
1447;107/2024;2024_107_77;vaikka;1
1447;107/2024;2024_107_77;koirarekisteri;1
1447;107/2024;2024_107_77;ei;1
1447;107/2024;2024_107_77;lähteä;1
1447;107/2024;2024_107_77;käynti;1
1447;107/2024;2024_107_77;volyymi;1
1447;107/2024;2024_107_77;ajatella;2
1447;107/2024;2024_107_77;mutta;1
1447;107/2024;2024_107_77;mahdollisuus;1
1447;107/2024;2024_107_77;tai;1
1447;107/2024;2024_107_77;miten;1
1447;107/2024;2024_107_77;kuvailla;1
1447;107/2024;2024_107_77;lisätä;1
1447;107/2024;2024_107_77;hallinnollinen;1
1447;107/2024;2024_107_77;taakka;1
1447;107/2024;2024_107_77;vai;2
1447;107/2024;2024_107_77;päinvastoin;1
1447;107/2024;2024_107_77;vähentää;1
1447;107/2024;2024_107_77;nimenomaan;1
1447;107/2024;2024_107_77;yksityinen;1
1447;107/2024;2024_107_77;lääkäripuoli;1
1447;107/2024;2024_107_77;houkutteleva;1
1447;107/2024;2024_107_77;johtaa;1
1447;107/2024;2024_107_77;edelleen;1
1447;107/2024;2024_107_77;pieni;1
1447;107/2024;2024_107_77;palanen;1
1447;107/2024;2024_107_77;houkuttelevuus;1
1447;107/2024;2024_107_77;mureta;1
1447;107/2024;2024_107_77;tällainen;1
1447;107/2024;2024_107_77;seikka;1
1447;107/2024;2024_107_89;kiitos;1
1447;107/2024;2024_107_89;rouva;1
1447;107/2024;2024_107_89;puhemies;1
1447;107/2024;2024_107_89;joo;1
1447;107/2024;2024_107_89;tämä;14
1447;107/2024;2024_107_89;esitys;1
1447;107/2024;2024_107_89;voida;2
1447;107/2024;2024_107_89;myös;1
1447;107/2024;2024_107_89;ilo;1
1447;107/2024;2024_107_89;todeta;2
1447;107/2024;2024_107_89;että;6
1447;107/2024;2024_107_89;hyvä;2
1447;107/2024;2024_107_89;tulla;1
1447;107/2024;2024_107_89;ja;4
1447;107/2024;2024_107_89;nimenomaan;2
1447;107/2024;2024_107_89;näin;1
1447;107/2024;2024_107_89;minä;1
1447;107/2024;2024_107_89;pitää;1
1447;107/2024;2024_107_89;pysyä;1
1447;107/2024;2024_107_89;moni;1
1447;107/2024;2024_107_89;muu;1
1447;107/2024;2024_107_89;asia;4
1447;107/2024;2024_107_89;teknologinen;1
1447;107/2024;2024_107_89;kehitys;1
1447;107/2024;2024_107_89;mukana;1
1447;107/2024;2024_107_89;drooni;1
1447;107/2024;2024_107_89;olla;11
1447;107/2024;2024_107_89;kyllä;2
1447;107/2024;2024_107_89;äärimmäinen;1
1447;107/2024;2024_107_89;keino;1
1447;107/2024;2024_107_89;puuttua;2
1447;107/2024;2024_107_89;niin;6
1447;107/2024;2024_107_89;eläinpuoli;1
1447;107/2024;2024_107_89;kuin;1
1447;107/2024;2024_107_89;kasvipuoli;1
1447;107/2024;2024_107_89;oma;1
1447;107/2024;2024_107_89;kunta;1
1447;107/2024;2024_107_89;esimerkiksi;1
1447;107/2024;2024_107_89;viime;1
1447;107/2024;2024_107_89;kesä;1
1447;107/2024;2024_107_89;tällainen;2
1447;107/2024;2024_107_89;pelillistetty;1
1447;107/2024;2024_107_89;kokeilu;1
1447;107/2024;2024_107_89;joka;4
1447;107/2024;2024_107_89;vierasperäinen;1
1447;107/2024;2024_107_89;kasvi;1
1447;107/2024;2024_107_89;karttaäppi;1
1447;107/2024;2024_107_89;laittaa;1
1447;107/2024;2024_107_89;kun;2
1447;107/2024;2024_107_89;nuori;1
1447;107/2024;2024_107_89;siellä;1
1447;107/2024;2024_107_89;käydä;1
1447;107/2024;2024_107_89;se;9
1447;107/2024;2024_107_89;tuhota;1
1447;107/2024;2024_107_89;jo;1
1447;107/2024;2024_107_89;saada;1
1447;107/2024;2024_107_89;euromääräinen;1
1447;107/2024;2024_107_89;korvaus;1
1447;107/2024;2024_107_89;ajatella;1
1447;107/2024;2024_107_89;pystyä;1
1447;107/2024;2024_107_89;aidosti;1
1447;107/2024;2024_107_89;hyvin;2
1447;107/2024;2024_107_89;tehokkaasti;1
1447;107/2024;2024_107_89;vaikka;1
1447;107/2024;2024_107_89;erinomainen;1
1447;107/2024;2024_107_89;hieno;1
1447;107/2024;2024_107_89;siirtymäaika;2
1447;107/2024;2024_107_89;kaksi;1
1447;107/2024;2024_107_89;kolme;2
1447;107/2024;2024_107_89;vuosi;2
1447;107/2024;2024_107_89;pikkaisen;1
1447;107/2024;2024_107_89;huolestuttaa;1
1447;107/2024;2024_107_89;eli;1
1447;107/2024;2024_107_89;käyttää;2
1447;107/2024;2024_107_89;sitten;1
1447;107/2024;2024_107_89;tarve;1
1447;107/2024;2024_107_89;mukaan;1
1447;107/2024;2024_107_89;vai;2
1447;107/2024;2024_107_89;automaattisesti;1
1447;107/2024;2024_107_89;siirtyä;1
1447;107/2024;2024_107_89;sinne;1
1447;107/2024;2024_107_89;jonkinlainen;1
1447;107/2024;2024_107_89;harkinta;1
1447;107/2024;2024_107_89;nyt;1
1447;107/2024;2024_107_89;puhua;1
1447;107/2024;2024_107_89;vieraslaji;1
1447;107/2024;2024_107_89;samalla;1
1447;107/2024;2024_107_89;kysyä;1
1447;107/2024;2024_107_89;kirjallinen;1
1447;107/2024;2024_107_89;kysymys;1
1447;107/2024;2024_107_89;aihe;1
1447;107/2024;2024_107_89;tehdä;2
1447;107/2024;2024_107_89;rikkakananhirssi;2
1447;107/2024;2024_107_89;kuinka;1
1447;107/2024;2024_107_89;paikallisesti;1
1447;107/2024;2024_107_89;todella;1
1447;107/2024;2024_107_89;hankala;1
1447;107/2024;2024_107_89;torjua;2
1447;107/2024;2024_107_89;näkymä;1
1447;107/2024;2024_107_89;mikä;1
1447;107/2024;2024_107_89;varmasti;1
1447;107/2024;2024_107_89;yksi;1
1447;107/2024;2024_107_89;laji;1
1447;107/2024;2024_107_89;ei;1
1447;107/2024;2024_107_89;suomi;1
1447;107/2024;2024_107_89;luonto;1
1447;107/2024;2024_107_89;kuulua;1
1447;108/2024;2024_108_205;kiitos;1
1447;108/2024;2024_108_205;arvoisa;1
1447;108/2024;2024_108_205;puhemies;1
1447;108/2024;2024_108_205;kyllä;2
1447;108/2024;2024_108_205;tämä;17
1447;108/2024;2024_108_205;olla;14
1447;108/2024;2024_108_205;yksi;1
1447;108/2024;2024_108_205;se;10
1447;108/2024;2024_108_205;aivan;1
1447;108/2024;2024_108_205;hallitusohjelma;1
1447;108/2024;2024_108_205;linja;2
1447;108/2024;2024_108_205;mukainen;1
1447;108/2024;2024_108_205;että;14
1447;108/2024;2024_108_205;leikata;2
1447;108/2024;2024_108_205;ja;10
1447;108/2024;2024_108_205;heikentää;1
1447;108/2024;2024_108_205;niin;6
1447;108/2024;2024_108_205;kuin;2
1447;108/2024;2024_108_205;nyt;4
1447;108/2024;2024_108_205;sitten;2
1447;108/2024;2024_108_205;siellä;2
1447;108/2024;2024_108_205;kehysriihi;1
1447;108/2024;2024_108_205;tehdä;3
1447;108/2024;2024_108_205;päätös;1
1447;108/2024;2024_108_205;työnantaja;1
1447;108/2024;2024_108_205;koulutusvähennys;1
1447;108/2024;2024_108_205;poistaa;1
1447;108/2024;2024_108_205;edellä;2
1447;108/2024;2024_108_205;edustaja;2
1447;108/2024;2024_108_205;lyly;2
1447;108/2024;2024_108_205;jo;1
1447;108/2024;2024_108_205;kertoa;1
1447;108/2024;2024_108_205;nimenomaisesti;1
1447;108/2024;2024_108_205;mikä;1
1447;108/2024;2024_108_205;laki;2
1447;108/2024;2024_108_205;tarkoitus;1
1447;108/2024;2024_108_205;noin;1
1447;108/2024;2024_108_205;kymmenen;2
1447;108/2024;2024_108_205;vuosi;3
1447;108/2024;2024_108_205;voimassa;1
1447;108/2024;2024_108_205;jotenkin;3
1447;108/2024;2024_108_205;itse;2
1447;108/2024;2024_108_205;ajatella;2
1447;108/2024;2024_108_205;ennemmin;2
1447;108/2024;2024_108_205;minä;1
1447;108/2024;2024_108_205;täytyä;1
1447;108/2024;2024_108_205;koulutus;3
1447;108/2024;2024_108_205;liittyä;1
1447;108/2024;2024_108_205;asia;1
1447;108/2024;2024_108_205;vahvistaa;1
1447;108/2024;2024_108_205;vaikka;1
1447;108/2024;2024_108_205;velvoittaa;2
1447;108/2024;2024_108_205;yritys;4
1447;108/2024;2024_108_205;huolehtia;4
1447;108/2024;2024_108_205;työskennellä;1
1447;108/2024;2024_108_205;työntekijä;7
1447;108/2024;2024_108_205;pysyä;1
1447;108/2024;2024_108_205;ammattitaitoinen;1
1447;108/2024;2024_108_205;mukana;1
1447;108/2024;2024_108_205;yhteiskunta;1
1447;108/2024;2024_108_205;hieman;1
1447;108/2024;2024_108_205;huolestuttaa;1
1447;108/2024;2024_108_205;ehkä;1
1447;108/2024;2024_108_205;kysyä;1
1447;108/2024;2024_108_205;ministeri;1
1447;108/2024;2024_108_205;kun;1
1447;108/2024;2024_108_205;nimenomaan;2
1447;108/2024;2024_108_205;säätää;1
1447;108/2024;2024_108_205;koulutussuunnitelma;3
1447;108/2024;2024_108_205;tekeminen;1
1447;108/2024;2024_108_205;sisältö;1
1447;108/2024;2024_108_205;tällainen;1
1447;108/2024;2024_108_205;ei;4
1447;108/2024;2024_108_205;jatko;2
1447;108/2024;2024_108_205;tarvita;1
1447;108/2024;2024_108_205;enää;2
1447;108/2024;2024_108_205;laatia;1
1447;108/2024;2024_108_205;taas;1
1447;108/2024;2024_108_205;vähenevä;1
1447;108/2024;2024_108_205;määrä;1
1447;108/2024;2024_108_205;viitata;2
1447;108/2024;2024_108_205;esimerkki;1
1447;108/2024;2024_108_205;oma;1
1447;108/2024;2024_108_205;paikkakunta;1
1447;108/2024;2024_108_205;muutama;1
1447;108/2024;2024_108_205;lakkautua;1
1447;108/2024;2024_108_205;lopettaa;1
1447;108/2024;2024_108_205;paperitehdas;1
1447;108/2024;2024_108_205;joka;1
1447;108/2024;2024_108_205;yli;1
1447;108/2024;2024_108_205;irtisanoa;1
1447;108/2024;2024_108_205;osa;2
1447;108/2024;2024_108_205;työtön;1
1447;108/2024;2024_108_205;jäädä;2
1447;108/2024;2024_108_205;aloittaa;1
1447;108/2024;2024_108_205;työhaku;1
1447;108/2024;2024_108_205;hän;2
1447;108/2024;2024_108_205;sähköpostiosoite;1
1447;108/2024;2024_108_205;päästä;1
1447;108/2024;2024_108_205;edes;2
1447;108/2024;2024_108_205;mukaan;1
1447;108/2024;2024_108_205;sama;1
1447;108/2024;2024_108_205;tehdas;1
1447;108/2024;2024_108_205;osaaminen;2
1447;108/2024;2024_108_205;vähää;1
1447;108/2024;2024_108_205;kaikki;1
1447;108/2024;2024_108_205;alkeellinen;1
1447;108/2024;2024_108_205;mahdollisuus;1
1447;108/2024;2024_108_205;hakea;1
1447;108/2024;2024_108_205;työ;1
1447;108/2024;2024_108_205;nykymaailma;1
1447;108/2024;2024_108_205;vuoksi;1
1447;108/2024;2024_108_205;pitää;1
1447;108/2024;2024_108_205;äärimmäinen;1
1447;108/2024;2024_108_205;tärkeä;1
1447;108/2024;2024_108_205;myös;1
1447;108/2024;2024_108_205;lausuntopalaute;1
1447;108/2024;2024_108_205;nostaa;1
1447;108/2024;2024_108_205;täältä;1
1447;108/2024;2024_108_205;suuri;1
1447;108/2024;2024_108_205;ehdottaa;1
1447;108/2024;2024_108_205;soveltamisraja;1
1447;108/2024;2024_108_205;ulkopuolelle;1
1447;108/2024;2024_108_205;taloudellinen;1
1447;108/2024;2024_108_205;kannuste;1
1447;108/2024;2024_108_205;tarjota;1
1447;108/2024;2024_108_205;tai;1
1447;108/2024;2024_108_205;luoda;1
1447;108/2024;2024_108_205;kuinka;1
1447;108/2024;2024_108_205;kokoomus;1
1447;108/2024;2024_108_205;koulutusleikkaus;1
1447;108/2024;2024_108_205;lupaus;1
1447;108/2024;2024_108_205;kanssa;1
1447;108/2024;2024_108_205;aika;1
1447;108/2024;2024_108_205;härski;1
1447;108/2024;2024_108_205;touhu;1
1447;119/2024;2024_119_265;herra;1
1447;119/2024;2024_119_265;puhemies;1
1447;119/2024;2024_119_265;viettää;1
1447;119/2024;2024_119_265;tänään;2
1447;119/2024;2024_119_265;lapsi;2
1447;119/2024;2024_119_265;oikeus;2
1447;119/2024;2024_119_265;päivä;1
1447;119/2024;2024_119_265;ja;21
1447;119/2024;2024_119_265;kun;6
1447;119/2024;2024_119_265;olla;45
1447;119/2024;2024_119_265;saada;6
1447;119/2024;2024_119_265;käydä;4
1447;119/2024;2024_119_265;keskustelu;3
1447;119/2024;2024_119_265;tämä;13
1447;119/2024;2024_119_265;se;41
1447;119/2024;2024_119_265;kuinka;2
1447;119/2024;2024_119_265;minä;7
1447;119/2024;2024_119_265;aikuinen;1
1447;119/2024;2024_119_265;turvata;3
1447;119/2024;2024_119_265;usko;3
1447;119/2024;2024_119_265;tulevaisuus;1
1447;119/2024;2024_119_265;niin;10
1447;119/2024;2024_119_265;jotenkin;6
1447;119/2024;2024_119_265;ajatella;2
1447;119/2024;2024_119_265;kyllä;6
1447;119/2024;2024_119_265;että;26
1447;119/2024;2024_119_265;päättäjä;1
1447;119/2024;2024_119_265;luoda;2
1447;119/2024;2024_119_265;koko;3
1447;119/2024;2024_119_265;kansa;1
1447;119/2024;2024_119_265;terveydenhuolto;3
1447;119/2024;2024_119_265;palvelu;4
1447;119/2024;2024_119_265;kantaa;1
1447;119/2024;2024_119_265;joka;7
1447;119/2024;2024_119_265;ikinen;2
1447;119/2024;2024_119_265;tarve;1
1447;119/2024;2024_119_265;mukaan;1
1447;119/2024;2024_119_265;varmasti;2
1447;119/2024;2024_119_265;suuri;2
1447;119/2024;2024_119_265;osa;1
1447;119/2024;2024_119_265;sali;1
1447;119/2024;2024_119_265;istua;1
1447;119/2024;2024_119_265;edustaja;1
1447;119/2024;2024_119_265;kuntapolitiikka;1
1447;119/2024;2024_119_265;aiemmin;2
1447;119/2024;2024_119_265;mukana;1
1447;119/2024;2024_119_265;sosiaali;1
1447;119/2024;2024_119_265;budjetti;1
1447;119/2024;2024_119_265;siellä;6
1447;119/2024;2024_119_265;kunta;2
1447;119/2024;2024_119_265;vääntää;1
1447;119/2024;2024_119_265;tietysti;3
1447;119/2024;2024_119_265;moni;4
1447;119/2024;2024_119_265;momentti;2
1447;119/2024;2024_119_265;aihe;1
1447;119/2024;2024_119_265;taitaa;2
1447;119/2024;2024_119_265;aika;7
1447;119/2024;2024_119_265;myös;4
1447;119/2024;2024_119_265;usea;5
1447;119/2024;2024_119_265;ylittyä;1
1447;119/2024;2024_119_265;sitten;4
1447;119/2024;2024_119_265;tilinpäätös;1
1447;119/2024;2024_119_265;ruveta;1
1447;119/2024;2024_119_265;tehdä;5
1447;119/2024;2024_119_265;sote-uudistus;2
1447;119/2024;2024_119_265;vuosi;2
1447;119/2024;2024_119_265;tarkoitus;2
1447;119/2024;2024_119_265;kaikki;3
1447;119/2024;2024_119_265;tasavertainen;1
1447;119/2024;2024_119_265;hoitoonpääsy;1
1447;119/2024;2024_119_265;tavoite;1
1447;119/2024;2024_119_265;madaltaa;1
1447;119/2024;2024_119_265;kulmakerroin;2
1447;119/2024;2024_119_265;kulu;1
1447;119/2024;2024_119_265;nousta;1
1447;119/2024;2024_119_265;ei;5
1447;119/2024;2024_119_265;kuitenkaan;3
1447;119/2024;2024_119_265;kerta;1
1447;119/2024;2024_119_265;tulla;2
1447;119/2024;2024_119_265;kunto;2
1447;119/2024;2024_119_265;vaan;1
1447;119/2024;2024_119_265;nyt;6
1447;119/2024;2024_119_265;tällainen;2
1447;119/2024;2024_119_265;iso;1
1447;119/2024;2024_119_265;uudistus;1
1447;119/2024;2024_119_265;mitta;1
1447;119/2024;2024_119_265;hyvä;1
1447;119/2024;2024_119_265;suomi;1
1447;119/2024;2024_119_265;vara;1
1447;119/2024;2024_119_265;kustantaa;2
1447;119/2024;2024_119_265;hallitus;5
1447;119/2024;2024_119_265;toimi;1
1447;119/2024;2024_119_265;perustella;1
1447;119/2024;2024_119_265;säästäminen;1
1447;119/2024;2024_119_265;hyvinvointivaltio;1
1447;119/2024;2024_119_265;pelastaminen;1
1447;119/2024;2024_119_265;mutta;5
1447;119/2024;2024_119_265;itse;3
1447;119/2024;2024_119_265;vahva;1
1447;119/2024;2024_119_265;kuva;1
1447;119/2024;2024_119_265;todellisuus;1
1447;119/2024;2024_119_265;saldo;1
1447;119/2024;2024_119_265;sellainen;1
1447;119/2024;2024_119_265;jättää;1
1447;119/2024;2024_119_265;monenlainen;1
1447;119/2024;2024_119_265;muu;1
1447;119/2024;2024_119_265;velka;2
1447;119/2024;2024_119_265;näyttää;1
1447;119/2024;2024_119_265;tuo;1
1447;119/2024;2024_119_265;talous;1
1447;119/2024;2024_119_265;poistua;1
1447;119/2024;2024_119_265;ennennäkemätön;1
1447;119/2024;2024_119_265;luottamuspula;1
1447;119/2024;2024_119_265;yhteiskunta;1
1447;119/2024;2024_119_265;näkyä;2
1447;119/2024;2024_119_265;erityisesti;1
1447;119/2024;2024_119_265;tuolla;1
1447;119/2024;2024_119_265;työmarkkinat;1
1447;119/2024;2024_119_265;yt;1
1447;119/2024;2024_119_265;muutosneuvottelu;1
1447;119/2024;2024_119_265;hyvinvointialue;2
1447;119/2024;2024_119_265;yritys;1
1447;119/2024;2024_119_265;silmiinpistävä;1
1447;119/2024;2024_119_265;esimerkiksi;3
1447;119/2024;2024_119_265;yt-neuvottelu;1
1447;119/2024;2024_119_265;kuitenkin;3
1447;119/2024;2024_119_265;tosiseikka;1
1447;119/2024;2024_119_265;työ;2
1447;119/2024;2024_119_265;alue;4
1447;119/2024;2024_119_265;vähentyä;2
1447;119/2024;2024_119_265;päinvastoin;1
1447;119/2024;2024_119_265;työmäärä;1
1447;119/2024;2024_119_265;kasvaa;1
1447;119/2024;2024_119_265;tuntua;4
1447;119/2024;2024_119_265;aivan;3
1447;119/2024;2024_119_265;kohtuuton;1
1447;119/2024;2024_119_265;ajautua;1
1447;119/2024;2024_119_265;tilanne;1
1447;119/2024;2024_119_265;virtaviivaistaa;1
1447;119/2024;2024_119_265;vaikka;2
1447;119/2024;2024_119_265;johtoporras;1
1447;119/2024;2024_119_265;tosiasiallisesti;1
1447;119/2024;2024_119_265;sieltä;1
1447;119/2024;2024_119_265;perustyö;1
1447;119/2024;2024_119_265;hoitaja;1
1447;119/2024;2024_119_265;irtisanomisilmoitus;1
1447;119/2024;2024_119_265;näkymä;1
1447;119/2024;2024_119_265;vasta;1
1447;119/2024;2024_119_265;puhua;1
1447;119/2024;2024_119_265;sairaanhoitaja;1
1447;119/2024;2024_119_265;lähihoitaja;1
1447;119/2024;2024_119_265;terveydenhoitaja;1
1447;119/2024;2024_119_265;sosiaalityöntekijä;1
1447;119/2024;2024_119_265;puute;1
1447;119/2024;2024_119_265;kääntyä;1
1447;119/2024;2024_119_265;säästösyy;1
1447;119/2024;2024_119_265;tehtävä;1
1447;119/2024;2024_119_265;karsia;1
1447;119/2024;2024_119_265;erikoinen;1
1447;119/2024;2024_119_265;äkillinen;1
1447;119/2024;2024_119_265;muutos;1
1447;119/2024;2024_119_265;keskusteluilmapiiri;1
1447;119/2024;2024_119_265;tapahtua;2
1447;119/2024;2024_119_265;toivoa;2
1447;119/2024;2024_119_265;kovasti;1
1447;119/2024;2024_119_265;aito;1
1447;119/2024;2024_119_265;tahto;1
1447;119/2024;2024_119_265;ratkaista;1
1447;119/2024;2024_119_265;asia;1
1447;119/2024;2024_119_265;tärkeä;1
1447;119/2024;2024_119_265;yksityinen;5
1447;119/2024;2024_119_265;terveysbisnes;1
1447;119/2024;2024_119_265;lapata;1
1447;119/2024;2024_119_265;raha;1
1447;119/2024;2024_119_265;nähdä;1
1447;119/2024;2024_119_265;somepostaus;1
1447;119/2024;2024_119_265;lääkäriasema;1
1447;119/2024;2024_119_265;lääkäripalvelu;1
1447;119/2024;2024_119_265;lasku;1
1447;119/2024;2024_119_265;osuus;2
1447;119/2024;2024_119_265;mikä;4
1447;119/2024;2024_119_265;mennä;1
1447;119/2024;2024_119_265;toimistomaksu;2
1447;119/2024;2024_119_265;tapaus;1
1447;119/2024;2024_119_265;kelakorvaus;1
1447;119/2024;2024_119_265;juuri;1
1447;119/2024;2024_119_265;kattaa;1
1447;119/2024;2024_119_265;hullunkurinen;1
1447;119/2024;2024_119_265;huhu;1
1447;119/2024;2024_119_265;omalääkärimalli;1
1447;119/2024;2024_119_265;vuotias;2
1447;119/2024;2024_119_265;lääkäri;2
1447;119/2024;2024_119_265;vastaanotto;2
1447;119/2024;2024_119_265;pääsy;1
1447;119/2024;2024_119_265;kukaan;1
1447;119/2024;2024_119_265;avata;1
1447;119/2024;2024_119_265;todellinen;1
1447;119/2024;2024_119_265;esitys;1
1447;119/2024;2024_119_265;upea;1
1447;119/2024;2024_119_265;jos;2
1447;119/2024;2024_119_265;yli;1
1447;119/2024;2024_119_265;jatko;1
1447;119/2024;2024_119_265;takuu;1
1447;119/2024;2024_119_265;ajoissa;1
1447;119/2024;2024_119_265;julkinen;1
1447;119/2024;2024_119_265;tai;1
1447;119/2024;2024_119_265;pahoin;1
1447;119/2024;2024_119_265;pelätä;1
1447;119/2024;2024_119_265;varmaan;1
1447;119/2024;2024_119_265;kuvantaminen;1
1447;119/2024;2024_119_265;laboratoriopalvelu;1
1447;119/2024;2024_119_265;voida;1
1447;119/2024;2024_119_265;paljon;1
1447;119/2024;2024_119_265;kuin;1
1447;119/2024;2024_119_265;yksittäinen;1
1447;119/2024;2024_119_265;jäädä;1
1447;119/2024;2024_119_265;johtaa;1
1447;119/2024;2024_119_265;aidosti;1
1447;119/2024;2024_119_265;alkaa;1
1447;119/2024;2024_119_265;kuunnella;1
1447;119/2024;2024_119_265;ihminen;1
1447;119/2024;2024_119_265;oikeasti;1
1447;119/2024;2024_119_265;tarvita;1
1447;119/2024;2024_119_265;suunta;2
1447;119/2024;2024_119_265;muuttaa;1
1447;120/2024;2024_120_121;kiitos;1
1447;120/2024;2024_120_121;arvoisa;1
1447;120/2024;2024_120_121;puhemies;1
1447;120/2024;2024_120_121;tämä;7
1447;120/2024;2024_120_121;olla;10
1447;120/2024;2024_120_121;pitää;1
1447;120/2024;2024_120_121;jo;2
1447;120/2024;2024_120_121;erittäin;3
1447;120/2024;2024_120_121;hyvä;1
1447;120/2024;2024_120_121;puheenvuoro;1
1447;120/2024;2024_120_121;ja;6
1447;120/2024;2024_120_121;kyllä;4
1447;120/2024;2024_120_121;se;10
1447;120/2024;2024_120_121;niin;6
1447;120/2024;2024_120_121;että;6
1447;120/2024;2024_120_121;politiikka;2
1447;120/2024;2024_120_121;nimenomaan;2
1447;120/2024;2024_120_121;arvovalinta;2
1447;120/2024;2024_120_121;itse;3
1447;120/2024;2024_120_121;haluta;3
1447;120/2024;2024_120_121;valita;1
1447;120/2024;2024_120_121;jotenkin;5
1447;120/2024;2024_120_121;toinen;1
1447;120/2024;2024_120_121;tapa;1
1447;120/2024;2024_120_121;hallitus;2
1447;120/2024;2024_120_121;tehdä;5
1447;120/2024;2024_120_121;kova;1
1447;120/2024;2024_120_121;leikkauspolitiikka;1
1447;120/2024;2024_120_121;esimerkiksi;2
1447;120/2024;2024_120_121;työttömyysturva;1
1447;120/2024;2024_120_121;ajatella;1
1447;120/2024;2024_120_121;siellä;1
1447;120/2024;2024_120_121;lapsiperhe;2
1447;120/2024;2024_120_121;korotusosa;1
1447;120/2024;2024_120_121;poistaminen;1
1447;120/2024;2024_120_121;tuntua;2
1447;120/2024;2024_120_121;kaikkein;1
1447;120/2024;2024_120_121;kipeisti;1
1447;120/2024;2024_120_121;kun;3
1447;120/2024;2024_120_121;sama;2
1447;120/2024;2024_120_121;aika;2
1447;120/2024;2024_120_121;alentaa;1
1447;120/2024;2024_120_121;olut;2
1447;120/2024;2024_120_121;verotus;1
1447;120/2024;2024_120_121;ei;2
1447;120/2024;2024_120_121;pystyä;1
1447;120/2024;2024_120_121;ymmärtää;1
1447;120/2024;2024_120_121;minkälainen;1
1447;120/2024;2024_120_121;arvopohja;1
1447;120/2024;2024_120_121;päätös;3
1447;120/2024;2024_120_121;oikein;1
1447;120/2024;2024_120_121;tukea;1
1447;120/2024;2024_120_121;auttaa;1
1447;120/2024;2024_120_121;hän;1
1447;120/2024;2024_120_121;löytää;1
1447;120/2024;2024_120_121;näkymä;3
1447;120/2024;2024_120_121;tulevaisuus;1
1447;120/2024;2024_120_121;jos;1
1447;120/2024;2024_120_121;sitten;1
1447;120/2024;2024_120_121;edullinen;1
1447;120/2024;2024_120_121;tällainen;2
1447;120/2024;2024_120_121;vielä;1
1447;120/2024;2024_120_121;kuin;2
1447;120/2024;2024_120_121;kokonaisuus;1
1447;120/2024;2024_120_121;sellainen;1
1447;120/2024;2024_120_121;oma;1
1447;120/2024;2024_120_121;kertoa;1
1447;120/2024;2024_120_121;lisätä;1
1447;120/2024;2024_120_121;maa;1
1447;120/2024;2024_120_121;enemmän;1
1447;120/2024;2024_120_121;köyhyys;1
1447;120/2024;2024_120_121;laskennallinen;1
1447;120/2024;2024_120_121;työpaikka;1
1447;120/2024;2024_120_121;todella;1
1447;120/2024;2024_120_121;vaikea;1
1447;120/2024;2024_120_121;päästä;1
1447;120/2024;2024_120_121;mielenmaisema;1
1447;120/2024;2024_120_121;mukaan;1
1447;120/2024;2024_120_121;vuoksi;1
1447;120/2024;2024_120_121;kannattaa;1
1447;120/2024;2024_120_121;myös;1
1447;120/2024;2024_120_121;lämpimästi;1
1447;120/2024;2024_120_121;joona;1
1447;120/2024;2024_120_121;räsänen;1
1447;120/2024;2024_120_121;esitys;1
1447;120/2024;2024_120_139;kiitos;1
1447;120/2024;2024_120_139;rouva;1
1447;120/2024;2024_120_139;puhemies;1
1447;120/2024;2024_120_139;se;3
1447;120/2024;2024_120_139;olla;5
1447;120/2024;2024_120_139;juuri;1
1447;120/2024;2024_120_139;näin;1
1447;120/2024;2024_120_139;niin;1
1447;120/2024;2024_120_139;kuin;2
1447;120/2024;2024_120_139;tämä;4
1447;120/2024;2024_120_139;edustaja;2
1447;120/2024;2024_120_139;nurminen;2
1447;120/2024;2024_120_139;edellä;1
1447;120/2024;2024_120_139;sanoa;1
1447;120/2024;2024_120_139;ja;2
1447;120/2024;2024_120_139;tänään;1
1447;120/2024;2024_120_139;moni;1
1447;120/2024;2024_120_139;muu;1
1447;120/2024;2024_120_139;puheenvuoro;1
1447;120/2024;2024_120_139;puhua;1
1447;120/2024;2024_120_139;kuinka;1
1447;120/2024;2024_120_139;hallitus;1
1447;120/2024;2024_120_139;tehdä;2
1447;120/2024;2024_120_139;erilainen;1
1447;120/2024;2024_120_139;politiikka;1
1447;120/2024;2024_120_139;esimerkiksi;2
1447;120/2024;2024_120_139;minä;2
1447;120/2024;2024_120_139;tavoite;1
1447;120/2024;2024_120_139;vuoksi;2
1447;120/2024;2024_120_139;raha;1
1447;120/2024;2024_120_139;kanavointi;1
1447;120/2024;2024_120_139;ei;1
1447;120/2024;2024_120_139;sellainen;1
1447;120/2024;2024_120_139;asia;1
1447;120/2024;2024_120_139;joka;1
1447;120/2024;2024_120_139;mieli;1
1447;120/2024;2024_120_139;järkevä;1
1447;120/2024;2024_120_139;kannattaa;1
1447;120/2024;2024_120_139;esitys;1
1447;120/2024;2024_120_156;arvoisa;1
1447;120/2024;2024_120_156;puhemies;1
1447;120/2024;2024_120_156;jos;1
1447;120/2024;2024_120_156;ihan;1
1447;120/2024;2024_120_156;alku;1
1447;120/2024;2024_120_156;kannattaa;1
1447;120/2024;2024_120_156;tämä;7
1447;120/2024;2024_120_156;edustaja;1
1447;120/2024;2024_120_156;nurminen;1
1447;120/2024;2024_120_156;tehdä;3
1447;120/2024;2024_120_156;esitys;1
1447;120/2024;2024_120_156;kun;6
1447;120/2024;2024_120_156;keskustella;1
1447;120/2024;2024_120_156;henkilöstömitoitus;1
1447;120/2024;2024_120_156;niin;10
1447;120/2024;2024_120_156;ehkä;1
1447;120/2024;2024_120_156;aloittaa;1
1447;120/2024;2024_120_156;se;31
1447;120/2024;2024_120_156;keskustelu;1
1447;120/2024;2024_120_156;kohta;1
1447;120/2024;2024_120_156;minä;8
1447;120/2024;2024_120_156;väestörakenne;2
1447;120/2024;2024_120_156;nyt;3
1447;120/2024;2024_120_156;puhua;1
1447;120/2024;2024_120_156;erityisesti;1
1447;120/2024;2024_120_156;ikääntynyt;1
1447;120/2024;2024_120_156;väestö;1
1447;120/2024;2024_120_156;tukeminen;1
1447;120/2024;2024_120_156;ja;22
1447;120/2024;2024_120_156;iäkäs;1
1447;120/2024;2024_120_156;sote-palvelu;1
1447;120/2024;2024_120_156;kaikki;2
1447;120/2024;2024_120_156;tietää;1
1447;120/2024;2024_120_156;että;14
1447;120/2024;2024_120_156;olla;31
1447;120/2024;2024_120_156;suuntainen;1
1447;120/2024;2024_120_156;väestöryhmä;1
1447;120/2024;2024_120_156;lisääntyä;1
1447;120/2024;2024_120_156;ammatti;2
1447;120/2024;2024_120_156;joka;3
1447;120/2024;2024_120_156;hetki;1
1447;120/2024;2024_120_156;työvoimapula;1
1447;120/2024;2024_120_156;nimenomaan;2
1447;120/2024;2024_120_156;sairaanhoitaja;4
1447;120/2024;2024_120_156;lähihoitaja;2
1447;120/2024;2024_120_156;sosiaalityöntekijä;1
1447;120/2024;2024_120_156;osastohoitaja;2
1447;120/2024;2024_120_156;who;1
1447;120/2024;2024_120_156;arvioida;1
1447;120/2024;2024_120_156;vuosi;1
1447;120/2024;2024_120_156;terveydenhuolto;1
1447;120/2024;2024_120_156;tulla;1
1447;120/2024;2024_120_156;yhdeksän;1
1447;120/2024;2024_120_156;miljoona;1
1447;120/2024;2024_120_156;vaje;1
1447;120/2024;2024_120_156;no;2
1447;120/2024;2024_120_156;minkälainen;1
1447;120/2024;2024_120_156;arki;1
1447;120/2024;2024_120_156;sitten;2
1447;120/2024;2024_120_156;siellä;1
1447;120/2024;2024_120_156;sairaala;1
1447;120/2024;2024_120_156;vaikka;1
1447;120/2024;2024_120_156;työ;9
1447;120/2024;2024_120_156;itse;1
1447;120/2024;2024_120_156;kyllä;4
1447;120/2024;2024_120_156;intensiivinen;1
1447;120/2024;2024_120_156;saattaa;1
1447;120/2024;2024_120_156;aiheuttaa;1
1447;120/2024;2024_120_156;stressi;2
1447;120/2024;2024_120_156;kuormitus;1
1447;120/2024;2024_120_156;uusi;2
1447;120/2024;2024_120_156;työntekijä;1
1447;120/2024;2024_120_156;pitkä;2
1447;120/2024;2024_120_156;sopeutuminen;1
1447;120/2024;2024_120_156;perehdytys;1
1447;120/2024;2024_120_156;koko;2
1447;120/2024;2024_120_156;aika;4
1447;120/2024;2024_120_156;vaativuus;1
1447;120/2024;2024_120_156;kasvaa;5
1447;120/2024;2024_120_156;mahdollisuus;2
1447;120/2024;2024_120_156;vaikuttaa;1
1447;120/2024;2024_120_156;oma;1
1447;120/2024;2024_120_156;jatkuvasti;1
1447;120/2024;2024_120_156;vähentyä;2
1447;120/2024;2024_120_156;äärimmäinen;1
1447;120/2024;2024_120_156;tärkeä;1
1447;120/2024;2024_120_156;osasto;1
1447;120/2024;2024_120_156;lähijohtaja;1
1447;120/2024;2024_120_156;tuki;1
1447;120/2024;2024_120_156;mutta;1
1447;120/2024;2024_120_156;usea;3
1447;120/2024;2024_120_156;esimies;1
1447;120/2024;2024_120_156;mennä;1
1447;120/2024;2024_120_156;yrittää;1
1447;120/2024;2024_120_156;löytää;1
1447;120/2024;2024_120_156;sijainen;1
1447;120/2024;2024_120_156;jokin;1
1447;120/2024;2024_120_156;paikka;1
1447;120/2024;2024_120_156;välitön;2
1447;120/2024;2024_120_156;käyttää;1
1447;120/2024;2024_120_156;vähetä;5
1447;120/2024;2024_120_156;asiakasmäärä;1
1447;120/2024;2024_120_156;mikä;3
1447;120/2024;2024_120_156;takia;1
1447;120/2024;2024_120_156;työaika;1
1447;120/2024;2024_120_156;kaikenlainen;1
1447;120/2024;2024_120_156;erilainen;1
1447;120/2024;2024_120_156;kirjaaminen;1
1447;120/2024;2024_120_156;muu;1
1447;120/2024;2024_120_156;byrokraattinen;1
1447;120/2024;2024_120_156;asia;3
1447;120/2024;2024_120_156;hoitaja;2
1447;120/2024;2024_120_156;sellainen;1
1447;120/2024;2024_120_156;oravapyörä;1
1447;120/2024;2024_120_156;henkilöstö;1
1447;120/2024;2024_120_156;jäljelle;1
1447;120/2024;2024_120_156;jäädä;1
1447;120/2024;2024_120_156;työmäärä;1
1447;120/2024;2024_120_156;perehdyttää;1
1447;120/2024;2024_120_156;sopeutua;1
1447;120/2024;2024_120_156;laatu;1
1447;120/2024;2024_120_156;kehittäminen;1
1447;120/2024;2024_120_156;estyä;1
1447;120/2024;2024_120_156;psykososiaalinen;1
1447;120/2024;2024_120_156;kuorma;2
1447;120/2024;2024_120_156;lopettamisest;1
1447;120/2024;2024_120_156;tai;1
1447;120/2024;2024_120_156;alanvaihtoriski;1
1447;120/2024;2024_120_156;johtaa;1
1447;120/2024;2024_120_156;toimimaton;1
1447;120/2024;2024_120_156;hoitoketju;1
1447;120/2024;2024_120_156;hoitotyö;1
1447;120/2024;2024_120_156;imago;1
1447;120/2024;2024_120_156;jo;1
1447;120/2024;2024_120_156;lähtökohtaisesti;1
1447;120/2024;2024_120_156;huono;1
1447;120/2024;2024_120_156;taso;1
1447;120/2024;2024_120_156;yhä;1
1447;120/2024;2024_120_156;väsynyt;1
1447;120/2024;2024_120_156;pitää;3
1447;120/2024;2024_120_156;miettiä;1
1447;120/2024;2024_120_156;voida;1
1447;120/2024;2024_120_156;tilanne;1
1447;120/2024;2024_120_156;ratkaisu;1
1447;120/2024;2024_120_156;hallitus;1
1447;120/2024;2024_120_156;haluta;1
1447;120/2024;2024_120_156;ratkaista;1
1447;120/2024;2024_120_156;vähentää;1
1447;120/2024;2024_120_156;määrä;1
1447;120/2024;2024_120_156;ei;1
1447;120/2024;2024_120_156;kuitenkaan;1
1447;120/2024;2024_120_156;mikään;1
1447;120/2024;2024_120_156;veto;1
1447;120/2024;2024_120_156;pitovoima;1
1447;120/2024;2024_120_156;huoli;1
1447;120/2024;2024_120_156;riittävä;1
1447;120/2024;2024_120_156;resurssi;1
1447;120/2024;2024_120_156;yksi;1
1447;120/2024;2024_120_156;palikka;1
1447;120/2024;2024_120_156;kokonaisuus;1
1447;120/2024;2024_120_156;hallinta;1
1447;120/2024;2024_120_190;kiitos;1
1447;120/2024;2024_120_190;arvoisa;1
1447;120/2024;2024_120_190;rouva;1
1447;120/2024;2024_120_190;puhemies;1
1447;120/2024;2024_120_190;tämä;30
1447;120/2024;2024_120_190;olla;53
1447;120/2024;2024_120_190;jotenkin;3
1447;120/2024;2024_120_190;murheellinen;1
1447;120/2024;2024_120_190;asia;4
1447;120/2024;2024_120_190;koko;1
1447;120/2024;2024_120_190;työkanava;3
1447;120/2024;2024_120_190;oy;3
1447;120/2024;2024_120_190;lakkauttaminen;2
1447;120/2024;2024_120_190;se;25
1447;120/2024;2024_120_190;takia;1
1447;120/2024;2024_120_190;ehkä;2
1447;120/2024;2024_120_190;haluta;4
1447;120/2024;2024_120_190;hieman;2
1447;120/2024;2024_120_190;tarkemmin;1
1447;120/2024;2024_120_190;kertoa;2
1447;120/2024;2024_120_190;kun;4
1447;120/2024;2024_120_190;jäädä;3
1447;120/2024;2024_120_190;semmoinen;1
1447;120/2024;2024_120_190;tunne;1
1447;120/2024;2024_120_190;että;23
1447;120/2024;2024_120_190;julkisuus;1
1447;120/2024;2024_120_190;esittää;1
1447;120/2024;2024_120_190;vain;2
1447;120/2024;2024_120_190;huonosti;1
1447;120/2024;2024_120_190;sujua;1
1447;120/2024;2024_120_190;projekti;1
1447;120/2024;2024_120_190;kyse;1
1447;120/2024;2024_120_190;erityisyhtiö;1
1447;120/2024;2024_120_190;joka;7
1447;120/2024;2024_120_190;perustaa;1
1447;120/2024;2024_120_190;vuosi;1
1447;120/2024;2024_120_190;ja;17
1447;120/2024;2024_120_190;nyt;13
1447;120/2024;2024_120_190;jo;3
1447;120/2024;2024_120_190;hallitusohjelmaneuvottelu;1
1447;120/2024;2024_120_190;päättää;1
1447;120/2024;2024_120_190;lakkauttaa;1
1447;120/2024;2024_120_190;kyllä;7
1447;120/2024;2024_120_190;tehdä;2
1447;120/2024;2024_120_190;osa;1
1447;120/2024;2024_120_190;valtio;1
1447;120/2024;2024_120_190;talous;1
1447;120/2024;2024_120_190;säästötoimi;1
1447;120/2024;2024_120_190;ei;13
1447;120/2024;2024_120_190;niin;13
1447;120/2024;2024_120_190;syy;1
1447;120/2024;2024_120_190;tällainen;1
1447;120/2024;2024_120_190;toiminta;1
1447;120/2024;2024_120_190;tarve;1
1447;120/2024;2024_120_190;jokin;4
1447;120/2024;2024_120_190;hukkua;1
1447;120/2024;2024_120_190;yhtiö;5
1447;120/2024;2024_120_190;tehtävä;1
1447;120/2024;2024_120_190;työllistää;2
1447;120/2024;2024_120_190;osatyökykyinen;5
1447;120/2024;2024_120_190;ihminen;2
1447;120/2024;2024_120_190;tukea;1
1447;120/2024;2024_120_190;siirtyä;1
1447;120/2024;2024_120_190;työ;1
1447;120/2024;2024_120_190;avoin;1
1447;120/2024;2024_120_190;työmarkkinat;1
1447;120/2024;2024_120_190;erityistehtävä;1
1447;120/2024;2024_120_190;nimenomaan;6
1447;120/2024;2024_120_190;tem;3
1447;120/2024;2024_120_190;palvelus;1
1447;120/2024;2024_120_190;osoittaa;3
1447;120/2024;2024_120_190;henkilö;1
1447;120/2024;2024_120_190;toimintamalli;1
1447;120/2024;2024_120_190;perustua;1
1447;120/2024;2024_120_190;erityinen;2
1447;120/2024;2024_120_190;työvoima;2
1447;120/2024;2024_120_190;vuokrata;1
1447;120/2024;2024_120_190;asiakasyritys;1
1447;120/2024;2024_120_190;kokonaiskustannus;2
1447;120/2024;2024_120_190;erilainen;1
1447;120/2024;2024_120_190;näkemys;1
1447;120/2024;2024_120_190;itse;1
1447;120/2024;2024_120_190;mieli;1
1447;120/2024;2024_120_190;esimerkiksi;4
1447;120/2024;2024_120_190;valiokunta;1
1447;120/2024;2024_120_190;mietintö;1
1447;120/2024;2024_120_190;voida;2
1447;120/2024;2024_120_190;saada;3
1447;120/2024;2024_120_190;hyvin;2
1447;120/2024;2024_120_190;herkästi;1
1447;120/2024;2024_120_190;sellainen;2
1447;120/2024;2024_120_190;kuva;1
1447;120/2024;2024_120_190;mennä;1
1447;120/2024;2024_120_190;usea;1
1447;120/2024;2024_120_190;miljoona;4
1447;120/2024;2024_120_190;euro;2
1447;120/2024;2024_120_190;mutta;7
1447;120/2024;2024_120_190;virkamies;1
1447;120/2024;2024_120_190;suu;1
1447;120/2024;2024_120_190;noin;1
1447;120/2024;2024_120_190;kaksi;1
1447;120/2024;2024_120_190;totta;1
1447;120/2024;2024_120_190;keritä;1
1447;120/2024;2024_120_190;päästä;4
1447;120/2024;2024_120_190;tavoite;2
1447;120/2024;2024_120_190;asettaa;1
1447;120/2024;2024_120_190;rahoitus;1
1447;120/2024;2024_120_190;vielä;1
1447;120/2024;2024_120_190;huomio;1
1447;120/2024;2024_120_190;hanke;1
1447;120/2024;2024_120_190;eu;1
1447;120/2024;2024_120_190;rrf-rahoitus;1
1447;120/2024;2024_120_190;alun;1
1447;120/2024;2024_120_190;perin;1
1447;120/2024;2024_120_190;käyttö;1
1447;120/2024;2024_120_190;aika;2
1447;120/2024;2024_120_190;mielenkiintoinen;1
1447;120/2024;2024_120_190;seikka;1
1447;120/2024;2024_120_190;rrf-raha;1
1447;120/2024;2024_120_190;sitten;2
1447;120/2024;2024_120_190;siirtää;1
1447;120/2024;2024_120_190;stm;1
1447;120/2024;2024_120_190;alle;1
1447;120/2024;2024_120_190;mielenterveyspalvelu;1
1447;120/2024;2024_120_190;oikein;2
1447;120/2024;2024_120_190;selvitä;1
1447;120/2024;2024_120_190;mikä;4
1447;120/2024;2024_120_190;raha;1
1447;120/2024;2024_120_190;siellä;2
1447;120/2024;2024_120_190;käytäntö;1
1447;120/2024;2024_120_190;aikoa;2
1447;120/2024;2024_120_190;käyttää;2
1447;120/2024;2024_120_190;puhua;1
1447;120/2024;2024_120_190;paljon;1
1447;120/2024;2024_120_190;pohjoismainen;1
1447;120/2024;2024_120_190;ruotsalainen;2
1447;120/2024;2024_120_190;malli;3
1447;120/2024;2024_120_190;ajatus;3
1447;120/2024;2024_120_190;tulla;4
1447;120/2024;2024_120_190;samhall;1
1447;120/2024;2024_120_190;esimerkki;1
1447;120/2024;2024_120_190;perustaminen;1
1447;120/2024;2024_120_190;todella;3
1447;120/2024;2024_120_190;harmillinen;1
1447;120/2024;2024_120_190;elää;1
1447;120/2024;2024_120_190;lentää;1
1447;120/2024;2024_120_190;kuin;1
1447;120/2024;2024_120_190;alkuperäinen;1
1447;120/2024;2024_120_190;keskeinen;1
1447;120/2024;2024_120_190;tulos;1
1447;120/2024;2024_120_190;lyhyt;1
1447;120/2024;2024_120_190;arvokas;1
1447;120/2024;2024_120_190;käytännönläheinen;1
1447;120/2024;2024_120_190;tieto;2
1447;120/2024;2024_120_190;heikko;1
1447;120/2024;2024_120_190;työmarkkina-asema;1
1447;120/2024;2024_120_190;hän;1
1447;120/2024;2024_120_190;työllistymishaaste;1
1447;120/2024;2024_120_190;tilanne;2
1447;120/2024;2024_120_190;mikään;3
1447;120/2024;2024_120_190;tilalle;1
1447;120/2024;2024_120_190;hallitus;1
1447;120/2024;2024_120_190;alkaa;1
1447;120/2024;2024_120_190;pohtia;2
1447;120/2024;2024_120_190;keino;3
1447;120/2024;2024_120_190;loppua;1
1447;120/2024;2024_120_190;suoraan;1
1447;120/2024;2024_120_190;minä;5
1447;120/2024;2024_120_190;juuri;3
1447;120/2024;2024_120_190;auttaminen;1
1447;120/2024;2024_120_190;erityispiirre;1
1447;120/2024;2024_120_190;ymmärtää;1
1447;120/2024;2024_120_190;pystyä;1
1447;120/2024;2024_120_190;tavoittaa;1
1447;120/2024;2024_120_190;iso;1
1447;120/2024;2024_120_190;työnantaja;1
1447;120/2024;2024_120_190;vauhti;1
1447;120/2024;2024_120_190;lopettaa;1
1447;120/2024;2024_120_190;sana;1
1447;120/2024;2024_120_190;rakentaa;1
1447;120/2024;2024_120_190;siipi;1
1447;120/2024;2024_120_190;katkaista;1
1447;120/2024;2024_120_190;liian;1
1447;120/2024;2024_120_190;varhain;1
1447;120/2024;2024_120_190;valtiovalta;1
1447;120/2024;2024_120_190;nähdä;1
1447;120/2024;2024_120_190;ongelma;1
1447;120/2024;2024_120_190;työllistäminen;2
1447;120/2024;2024_120_190;aina;1
1447;120/2024;2024_120_190;erityistoimi;1
1447;120/2024;2024_120_190;edistää;2
1447;120/2024;2024_120_190;perustelu;1
1447;120/2024;2024_120_190;viitata;1
1447;120/2024;2024_120_190;näin;1
1447;120/2024;2024_120_190;nopeasti;2
1447;120/2024;2024_120_190;mahdoton;1
1447;120/2024;2024_120_190;edetä;1
1447;120/2024;2024_120_190;todeta;1
1447;120/2024;2024_120_190;säästää;1
1447;120/2024;2024_120_190;yhteiskunta;1
1447;120/2024;2024_120_190;myönteinen;1
1447;120/2024;2024_120_190;potentiaali;1
1447;120/2024;2024_120_190;vammainen;3
1447;120/2024;2024_120_190;saavuttaa;1
1447;120/2024;2024_120_190;sitoutua;2
1447;120/2024;2024_120_190;kansainvälinen;1
1447;120/2024;2024_120_190;sopimus;2
1447;120/2024;2024_120_190;yk;1
1447;120/2024;2024_120_190;työllistyminen;1
1447;120/2024;2024_120_190;vaihtoehtoinen;2
1447;120/2024;2024_120_190;selvittää;2
1447;120/2024;2024_120_190;saksa;1
1447;120/2024;2024_120_190;jos;1
1447;120/2024;2024_120_190;yritys;2
1447;120/2024;2024_120_190;työntekijä;1
1447;120/2024;2024_120_190;viisi;1
1447;120/2024;2024_120_190;prosentti;1
1447;120/2024;2024_120_190;tai;4
1447;120/2024;2024_120_190;toivoa;1
1447;120/2024;2024_120_190;ruveta;1
1447;120/2024;2024_120_190;verohelpotus;1
1447;120/2024;2024_120_190;työnantajamaksu;1
1447;120/2024;2024_120_190;alentaminen;1
1447;120/2024;2024_120_190;muu;1
1447;120/2024;2024_120_190;tuki;1
1447;120/2024;2024_120_190;palkata;1
1447;120/2024;2024_120_190;aidosti;1
1447;120/2024;2024_120_190;ihmisoikeuskysymys;1
1447;120/2024;2024_120_190;surullinen;1
1447;120/2024;2024_120_190;eri;1
1447;120/2024;2024_120_190;etupainotteisesti;1
1447;120/2024;2024_120_190;ainoa;1
1447;120/2024;2024_120_190;kuuleminen;1
1447;120/2024;2024_120_190;kuulla;1
1447;120/2024;2024_120_190;te-palvelu-uudistus;1
1447;120/2024;2024_120_190;yksi;1
1447;120/2024;2024_120_190;ratkaisu;1
1447;120/2024;2024_120_190;kunta;2
1447;120/2024;2024_120_190;hyvinvointialue;2
1447;120/2024;2024_120_190;te-toimisto;1
1447;120/2024;2024_120_190;ratkaista;1
1447;120/2024;2024_120_190;kaikki;1
1447;120/2024;2024_120_190;taitaa;2
1447;120/2024;2024_120_190;resurssi;1
1447;120/2024;2024_120_190;ratkaiseminen;1
1447;120/2024;2024_120_190;aivan;1
1447;120/2024;2024_120_190;lähipiiri;1
1447;120/2024;2024_120_190;näkyä;1
1447;120/2024;2024_120_190;jotenka;1
1447;120/2024;2024_120_190;tämmöinen;1
1447;120/2024;2024_120_190;odottava;1
1447;120/2024;2024_120_190;tila;1
1447;120/2024;2024_120_200;kiitos;1
1447;120/2024;2024_120_200;rouva;1
1447;120/2024;2024_120_200;puhemies;1
1447;120/2024;2024_120_200;yrittää;1
1447;120/2024;2024_120_200;pitää;1
1447;120/2024;2024_120_200;se;9
1447;120/2024;2024_120_200;verran;1
1447;120/2024;2024_120_200;lyhyt;1
1447;120/2024;2024_120_200;että;11
1447;120/2024;2024_120_200;keritä;1
1447;120/2024;2024_120_200;täältä;1
1447;120/2024;2024_120_200;oma;2
1447;120/2024;2024_120_200;paikka;1
1447;120/2024;2024_120_200;puhua;3
1447;120/2024;2024_120_200;mutta;3
1447;120/2024;2024_120_200;nimenomaan;3
1447;120/2024;2024_120_200;nyt;4
1447;120/2024;2024_120_200;käsitellä;1
1447;120/2024;2024_120_200;budjettilaki;2
1447;120/2024;2024_120_200;laki;1
1447;120/2024;2024_120_200;merimiespalvelulaki;1
1447;120/2024;2024_120_200;ja;14
1447;120/2024;2024_120_200;tämä;18
1447;120/2024;2024_120_200;olla;22
1447;120/2024;2024_120_200;kyse;1
1447;120/2024;2024_120_200;koko;2
1447;120/2024;2024_120_200;valtio;7
1447;120/2024;2024_120_200;rahoitusosuus;1
1447;120/2024;2024_120_200;lakkauttaa;1
1447;120/2024;2024_120_200;tavoite;1
1447;120/2024;2024_120_200;vain;1
1447;120/2024;2024_120_200;vähentää;1
1447;120/2024;2024_120_200;kulu;1
1447;120/2024;2024_120_200;osuus;1
1447;120/2024;2024_120_200;vuosi;1
1447;120/2024;2024_120_200;reilu;1
1447;120/2024;2024_120_200;miljoona;1
1447;120/2024;2024_120_200;euro;1
1447;120/2024;2024_120_200;toiminta;1
1447;120/2024;2024_120_200;turvaaminen;1
1447;120/2024;2024_120_200;sitten;1
1447;120/2024;2024_120_200;esittää;1
1447;120/2024;2024_120_200;merimies;5
1447;120/2024;2024_120_200;varustamo;1
1447;120/2024;2024_120_200;kerätä;1
1447;120/2024;2024_120_200;maksu;2
1447;120/2024;2024_120_200;korottaa;1
1447;120/2024;2024_120_200;korotus;1
1447;120/2024;2024_120_200;ei;5
1447;120/2024;2024_120_200;edes;2
1447;120/2024;2024_120_200;tulla;3
1447;120/2024;2024_120_200;kokonaan;1
1447;120/2024;2024_120_200;korvata;1
1447;120/2024;2024_120_200;maksuosuus;2
1447;120/2024;2024_120_200;siis;2
1447;120/2024;2024_120_200;aivan;2
1447;120/2024;2024_120_200;selvä;3
1447;120/2024;2024_120_200;palvelu;4
1447;120/2024;2024_120_200;laatu;1
1447;120/2024;2024_120_200;määrä;1
1447;120/2024;2024_120_200;heiketä;2
1447;120/2024;2024_120_200;merimiespalveluasia;1
1447;120/2024;2024_120_200;kyllä;5
1447;120/2024;2024_120_200;syy;1
1447;120/2024;2024_120_200;ymmärtää;2
1447;120/2024;2024_120_200;minkälainen;2
1447;120/2024;2024_120_200;työ;4
1447;120/2024;2024_120_200;kun;2
1447;120/2024;2024_120_200;niin;4
1447;120/2024;2024_120_200;voida;4
1447;120/2024;2024_120_200;maksimi;1
1447;120/2024;2024_120_200;kuukausi;2
1447;120/2024;2024_120_200;laiva;3
1447;120/2024;2024_120_200;oikein;1
1447;120/2024;2024_120_200;varmaan;1
1447;120/2024;2024_120_200;kukaan;1
1447;120/2024;2024_120_200;minä;3
1447;120/2024;2024_120_200;manner-suomi;1
1447;120/2024;2024_120_200;tai;1
1447;120/2024;2024_120_200;mannermaa;1
1447;120/2024;2024_120_200;asua;1
1447;120/2024;2024_120_200;ihminen;1
1447;120/2024;2024_120_200;elämä;2
1447;120/2024;2024_120_200;jos;1
1447;120/2024;2024_120_200;putki;1
1447;120/2024;2024_120_200;sitoutua;2
1447;120/2024;2024_120_200;kansainvälinen;3
1447;120/2024;2024_120_200;sopimus;3
1447;120/2024;2024_120_200;kukin;1
1447;120/2024;2024_120_200;jäsenvaltio;1
1447;120/2024;2024_120_200;edistää;1
1447;120/2024;2024_120_200;tuottaminen;1
1447;120/2024;2024_120_200;satama;2
1447;120/2024;2024_120_200;jotta;1
1447;120/2024;2024_120_200;saada;1
1447;120/2024;2024_120_200;erilainen;2
1447;120/2024;2024_120_200;kuten;1
1447;120/2024;2024_120_200;esimerkiksi;1
1447;120/2024;2024_120_200;kirjasto;1
1447;120/2024;2024_120_200;tietopalvelu;1
1447;120/2024;2024_120_200;vapaa-aika;1
1447;120/2024;2024_120_200;järjestely;1
1447;120/2024;2024_120_200;yhteydenpito;1
1447;120/2024;2024_120_200;ystävä;1
1447;120/2024;2024_120_200;sukulainen;1
1447;120/2024;2024_120_200;perhe;1
1447;120/2024;2024_120_200;liikuntamahdollisuus;1
1447;120/2024;2024_120_200;järjestäminen;1
1447;120/2024;2024_120_200;kulttuuritoiminta;1
1447;120/2024;2024_120_200;sekä;1
1447;120/2024;2024_120_200;muu;2
1447;120/2024;2024_120_200;virkistystoiminta;1
1447;120/2024;2024_120_200;mahdollisuus;1
1447;120/2024;2024_120_200;osallistua;2
1447;120/2024;2024_120_200;normaali;1
1447;120/2024;2024_120_200;tuttu;1
1447;120/2024;2024_120_200;yhteiskunnallinen;1
1447;120/2024;2024_120_200;antaa;1
1447;120/2024;2024_120_200;minkäänlainen;2
1447;120/2024;2024_120_200;siirtymäaika;1
1447;120/2024;2024_120_200;vaan;1
1447;120/2024;2024_120_200;kuin;1
1447;120/2024;2024_120_200;sanoa;1
1447;120/2024;2024_120_200;joka;2
1447;120/2024;2024_120_200;kerta;1
1447;120/2024;2024_120_200;lopettaa;1
1447;120/2024;2024_120_200;ajatella;1
1447;120/2024;2024_120_200;ihan;1
1447;120/2024;2024_120_200;ok;1
1447;120/2024;2024_120_200;huomioida;1
1447;120/2024;2024_120_200;oikeastaan;1
1447;120/2024;2024_120_200;mikään;1
1447;120/2024;2024_120_200;tapa;1
1447;120/2024;2024_120_200;aika;2
1447;120/2024;2024_120_200;erikoinen;1
1447;120/2024;2024_120_200;tehdä;2
1447;120/2024;2024_120_200;huolehtia;1
1447;120/2024;2024_120_200;osoittaa;1
1447;120/2024;2024_120_200;rahoitus;1
1447;120/2024;2024_120_200;heijastua;1
1447;120/2024;2024_120_200;hyvinvointi;1
1447;120/2024;2024_120_200;jaksaminen;1
1447;120/2024;2024_120_200;sama;1
1447;120/2024;2024_120_200;etuus;1
1447;120/2024;2024_120_200;nousta;1
1447;120/2024;2024_120_200;hyväksyttävyys;1
1447;120/2024;2024_120_200;todella;1
1447;120/2024;2024_120_200;huono;1
1447;120/2024;2024_120_200;tola;1
1447;120/2024;2024_120_200;pitkä;1
1447;120/2024;2024_120_200;aikaväli;1
1447;120/2024;2024_120_200;vaikuttaa;1
1447;120/2024;2024_120_200;myös;1
1447;120/2024;2024_120_200;ulkomainen;1
1447;120/2024;2024_120_200;kiinnostus;1
1447;120/2024;2024_120_200;saapua;1
1447;120/2024;2024_120_200;suomi;1
1447;120/2024;2024_120_200;maa;1
1447;120/2024;2024_120_200;kustannus;1
1447;122/2024;2024_122_95;arvoisa;1
1447;122/2024;2024_122_95;puhemies;1
1447;122/2024;2024_122_95;jotenkin;1
1447;122/2024;2024_122_95;hullunkurinen;1
1447;122/2024;2024_122_95;että;12
1447;122/2024;2024_122_95;minä;5
1447;122/2024;2024_122_95;keskustella;2
1447;122/2024;2024_122_95;täällä;6
1447;122/2024;2024_122_95;kotoutuminen;4
1447;122/2024;2024_122_95;edistäminen;1
1447;122/2024;2024_122_95;laki;1
1447;122/2024;2024_122_95;kun;5
1447;122/2024;2024_122_95;sama;2
1447;122/2024;2024_122_95;aika;4
1447;122/2024;2024_122_95;niin;8
1447;122/2024;2024_122_95;kuin;3
1447;122/2024;2024_122_95;ministeri;1
1447;122/2024;2024_122_95;tämä;18
1447;122/2024;2024_122_95;todeta;1
1447;122/2024;2024_122_95;tavoite;2
1447;122/2024;2024_122_95;olla;20
1447;122/2024;2024_122_95;vain;2
1447;122/2024;2024_122_95;säästää;1
1447;122/2024;2024_122_95;asia;3
1447;122/2024;2024_122_95;juuri;1
1447;122/2024;2024_122_95;erinomainen;1
1447;122/2024;2024_122_95;hyvä;2
1447;122/2024;2024_122_95;puheenvuoro;1
1447;122/2024;2024_122_95;jo;5
1447;122/2024;2024_122_95;pitää;2
1447;122/2024;2024_122_95;esitys;3
1447;122/2024;2024_122_95;leikata;1
1447;122/2024;2024_122_95;kunta;5
1447;122/2024;2024_122_95;ensi;1
1447;122/2024;2024_122_95;vuosi;1
1447;122/2024;2024_122_95;miljoona;1
1447;122/2024;2024_122_95;euro;1
1447;122/2024;2024_122_95;ja;10
1447;122/2024;2024_122_95;nimenomaan;1
1447;122/2024;2024_122_95;puhdas;1
1447;122/2024;2024_122_95;leikkaus;1
1447;122/2024;2024_122_95;sieltä;1
1447;122/2024;2024_122_95;kuitenkaan;1
1447;122/2024;2024_122_95;se;14
1447;122/2024;2024_122_95;tehtävä;1
1447;122/2024;2024_122_95;ei;7
1447;122/2024;2024_122_95;vähetä;1
1447;122/2024;2024_122_95;tämmöinen;1
1447;122/2024;2024_122_95;valtava;1
1447;122/2024;2024_122_95;ristiriita;1
1447;122/2024;2024_122_95;erityisesti;1
1447;122/2024;2024_122_95;veroprosentti;1
1447;122/2024;2024_122_95;lyödä;1
1447;122/2024;2024_122_95;lukko;1
1447;122/2024;2024_122_95;jolloin;1
1447;122/2024;2024_122_95;vaikutusmahdollisuus;1
1447;122/2024;2024_122_95;enää;1
1447;122/2024;2024_122_95;kohta;2
1447;122/2024;2024_122_95;täysin;1
1447;122/2024;2024_122_95;olematon;1
1447;122/2024;2024_122_95;kuinka;2
1447;122/2024;2024_122_95;hän;5
1447;122/2024;2024_122_95;voida;1
1447;122/2024;2024_122_95;reagoida;1
1447;122/2024;2024_122_95;puhua;1
1447;122/2024;2024_122_95;hallitus;3
1447;122/2024;2024_122_95;suu;1
1447;122/2024;2024_122_95;haluta;6
1447;122/2024;2024_122_95;lisätä;2
1447;122/2024;2024_122_95;tehokkuus;3
1447;122/2024;2024_122_95;tai;1
1447;122/2024;2024_122_95;joustavuus;3
1447;122/2024;2024_122_95;sellainen;3
1447;122/2024;2024_122_95;tehdä;4
1447;122/2024;2024_122_95;kyllä;4
1447;122/2024;2024_122_95;hieno;1
1447;122/2024;2024_122_95;mutta;3
1447;122/2024;2024_122_95;erikoinen;1
1447;122/2024;2024_122_95;raha;2
1447;122/2024;2024_122_95;sitten;2
1447;122/2024;2024_122_95;viedä;1
1447;122/2024;2024_122_95;vielä;1
1447;122/2024;2024_122_95;laatu;2
1447;122/2024;2024_122_95;täältä;1
1447;122/2024;2024_122_95;hankala;1
1447;122/2024;2024_122_95;vaatia;1
1447;122/2024;2024_122_95;jos;1
1447;122/2024;2024_122_95;aidosti;1
1447;122/2024;2024_122_95;itse;2
1447;122/2024;2024_122_95;pelätä;1
1447;122/2024;2024_122_95;joka;2
1447;122/2024;2024_122_95;pitkä;1
1447;122/2024;2024_122_95;aikaväli;1
1447;122/2024;2024_122_95;maa;1
1447;122/2024;2024_122_95;kustannus;1
1447;122/2024;2024_122_95;tietysti;1
1447;122/2024;2024_122_95;usea;1
1447;122/2024;2024_122_95;muu;3
1447;122/2024;2024_122_95;esimerkiksi;2
1447;122/2024;2024_122_95;hoitotakuu;1
1447;122/2024;2024_122_95;moni;1
1447;122/2024;2024_122_95;kielikoulutusasia;1
1447;122/2024;2024_122_95;varmaan;1
1447;122/2024;2024_122_95;yksi;1
1447;122/2024;2024_122_95;oleellinen;1
1447;122/2024;2024_122_95;kokonaisuus;1
1447;122/2024;2024_122_95;asiassa;1
1447;122/2024;2024_122_95;viimeksi;1
1447;122/2024;2024_122_95;tänään;1
1447;122/2024;2024_122_95;kuulla;1
1447;122/2024;2024_122_95;viesti;2
1447;122/2024;2024_122_95;yritys;1
1447;122/2024;2024_122_95;paljon;1
1447;122/2024;2024_122_95;käyttää;1
1447;122/2024;2024_122_95;ulkomaalainen;2
1447;122/2024;2024_122_95;työntekijä;2
1447;122/2024;2024_122_95;resurssi;1
1447;122/2024;2024_122_95;hoitaminen;1
1447;122/2024;2024_122_95;vaan;1
1447;122/2024;2024_122_95;hoitaa;1
1447;122/2024;2024_122_95;jokin;1
1447;122/2024;2024_122_95;muualla;1
1447;122/2024;2024_122_95;suora;1
1447;122/2024;2024_122_95;vaikutus;1
1447;122/2024;2024_122_95;työ;2
1447;122/2024;2024_122_95;ihminen;1
1447;122/2024;2024_122_95;tänne;4
1447;122/2024;2024_122_95;jäädä;3
1447;122/2024;2024_122_95;kysymys;1
1447;122/2024;2024_122_95;mikä;1
1447;122/2024;2024_122_95;ajatus;2
1447;122/2024;2024_122_95;saada;1
1447;122/2024;2024_122_95;oppia;1
1447;122/2024;2024_122_95;suomi;2
1447;122/2024;2024_122_95;kieli;1
1447;122/2024;2024_122_95;kertyä;1
1447;122/2024;2024_122_95;kulttuuri;1
1447;122/2024;2024_122_95;tietotaito;1
1447;122/2024;2024_122_95;päättää;1
1447;122/2024;2024_122_95;nyt;1
1447;122/2024;2024_122_95;välittyä;1
1447;122/2024;2024_122_95;kannattaa;2
1447;122/2024;2024_122_95;tulla;1
1447;122/2024;2024_122_95;edistää;1
1447;122/2024;2024_122_95;sinä;1
1447;122/2024;2024_122_95;kotoutuma;1
1447;122/2024;2024_122_95;minkälainen;1
1447;122/2024;2024_122_95;herättää;1
1447;122/2024;2024_122_121;kiitos;1
1447;122/2024;2024_122_121;arvoisa;1
1447;122/2024;2024_122_121;puhemies;1
1447;122/2024;2024_122_121;edustaja;1
1447;122/2024;2024_122_121;hoskonen;1
1447;122/2024;2024_122_121;innoittaa;1
1447;122/2024;2024_122_121;minä;4
1447;122/2024;2024_122_121;tämä;6
1447;122/2024;2024_122_121;puheenvuoro;2
1447;122/2024;2024_122_121;vielä;1
1447;122/2024;2024_122_121;ottaa;2
1447;122/2024;2024_122_121;ehkä;1
1447;122/2024;2024_122_121;toivoa;1
1447;122/2024;2024_122_121;semmoinen;1
1447;122/2024;2024_122_121;laaja;1
1447;122/2024;2024_122_121;ajattelu;1
1447;122/2024;2024_122_121;nimenomaan;2
1447;122/2024;2024_122_121;se;18
1447;122/2024;2024_122_121;näkökulma;1
1447;122/2024;2024_122_121;että;10
1447;122/2024;2024_122_121;kyllä;3
1447;122/2024;2024_122_121;esimerkiksi;1
1447;122/2024;2024_122_121;kunta;9
1447;122/2024;2024_122_121;olla;15
1447;122/2024;2024_122_121;iso;1
1447;122/2024;2024_122_121;metsäomaisuus;1
1447;122/2024;2024_122_121;ja;5
1447;122/2024;2024_122_121;ei;2
1447;122/2024;2024_122_121;erityinen;2
1447;122/2024;2024_122_121;tärkeä;2
1447;122/2024;2024_122_121;hoitaa;1
1447;122/2024;2024_122_121;metsä;1
1447;122/2024;2024_122_121;niin;6
1447;122/2024;2024_122_121;kestää;1
1447;122/2024;2024_122_121;jatko;3
1447;122/2024;2024_122_121;ilmastomuutos;1
1447;122/2024;2024_122_121;aiheuttaa;1
1447;122/2024;2024_122_121;muutos;1
1447;122/2024;2024_122_121;siellä;5
1447;122/2024;2024_122_121;istuttaa;1
1447;122/2024;2024_122_121;usea;3
1447;122/2024;2024_122_121;puulaji;1
1447;122/2024;2024_122_121;jotta;1
1447;122/2024;2024_122_121;ilmasto;2
1447;122/2024;2024_122_121;kestävyys;1
1447;122/2024;2024_122_121;tulla;2
1447;122/2024;2024_122_121;tai;2
1447;122/2024;2024_122_121;suunnitella;2
1447;122/2024;2024_122_121;vaikka;1
1447;122/2024;2024_122_121;joutomaa;1
1447;122/2024;2024_122_121;metsitys;1
1447;122/2024;2024_122_121;kuin;1
1447;122/2024;2024_122_121;aikainen;1
1447;122/2024;2024_122_121;esiin;1
1447;122/2024;2024_122_121;joukkoliikenne;1
1447;122/2024;2024_122_121;moni;2
1447;122/2024;2024_122_121;ratkaisu;1
1447;122/2024;2024_122_121;joka;4
1447;122/2024;2024_122_121;voida;2
1447;122/2024;2024_122_121;yhtä;1
1447;122/2024;2024_122_121;aikaa;1
1447;122/2024;2024_122_121;tehdä;3
1447;122/2024;2024_122_121;edullinen;2
1447;122/2024;2024_122_121;myös;1
1447;122/2024;2024_122_121;päätös;2
1447;122/2024;2024_122_121;energiaratkaisu;1
1447;122/2024;2024_122_121;valtavasti;1
1447;122/2024;2024_122_121;etunoja;1
1447;122/2024;2024_122_121;minkälainen;1
1447;122/2024;2024_122_121;jos;1
1447;122/2024;2024_122_121;seurata;1
1447;122/2024;2024_122_121;yhtään;1
1447;122/2024;2024_122_121;päätöksenteko;1
1447;122/2024;2024_122_121;tuolla;1
1447;122/2024;2024_122_121;eu-pää;1
1447;122/2024;2024_122_121;jo;1
1447;122/2024;2024_122_121;vuosi;1
1447;122/2024;2024_122_121;puhua;1
1447;122/2024;2024_122_121;poltto;1
1447;122/2024;2024_122_121;perustua;1
1447;122/2024;2024_122_121;energiantuotanto;1
1447;122/2024;2024_122_121;loppua;1
1447;122/2024;2024_122_121;täytyä;1
1447;122/2024;2024_122_121;osata;1
1447;122/2024;2024_122_121;valmistautua;1
1447;122/2024;2024_122_121;mikä;1
1447;122/2024;2024_122_121;energia;1
1447;122/2024;2024_122_121;sitten;2
1447;122/2024;2024_122_121;tuottaa;2
1447;122/2024;2024_122_121;säilyä;1
1447;122/2024;2024_122_121;pelto;2
1447;122/2024;2024_122_121;ruoantuotanto;1
1447;122/2024;2024_122_121;alue;1
1447;122/2024;2024_122_121;hetki;1
1447;122/2024;2024_122_121;mennä;1
1447;122/2024;2024_122_121;valtava;1
1447;122/2024;2024_122_121;suuri;1
1447;122/2024;2024_122_121;teollinen;1
1447;122/2024;2024_122_121;kokoluokka;1
1447;122/2024;2024_122_121;aurinkovoimalahanke;1
1447;122/2024;2024_122_121;tuulivoimahanke;1
1447;122/2024;2024_122_121;viljava;1
1447;122/2024;2024_122_121;ruoka;1
1447;122/2024;2024_122_121;päälle;1
1447;122/2024;2024_122_121;nämä;1
1447;122/2024;2024_122_121;juuri;1
1447;122/2024;2024_122_121;käytäntö;2
1447;122/2024;2024_122_121;asia;3
1447;122/2024;2024_122_121;tämmöinen;2
1447;122/2024;2024_122_121;ilmastosuunnitelma;1
1447;122/2024;2024_122_121;tiimoilta;1
1447;122/2024;2024_122_121;pyrkiä;1
1447;122/2024;2024_122_121;ratkaista;1
1447;122/2024;2024_122_121;kaikki;1
1447;122/2024;2024_122_121;kannattaa;1
1447;122/2024;2024_122_121;varmasti;1
1447;122/2024;2024_122_121;byrokratia;1
1447;122/2024;2024_122_121;vähentäminen;1
1447;122/2024;2024_122_121;kyse;1
1447;122/2024;2024_122_121;ensin;1
1447;122/2024;2024_122_121;mutta;1
1447;122/2024;2024_122_121;silloin;1
1447;122/2024;2024_122_121;kun;2
1447;122/2024;2024_122_121;suunnitelma;1
1447;122/2024;2024_122_121;aivan;1
1447;122/2024;2024_122_121;ihminen;1
1447;122/2024;2024_122_121;lähellä;1
1447;122/2024;2024_122_121;joutua;1
1447;122/2024;2024_122_121;kanta;1
1447;122/2024;2024_122_121;tapaus;1
1447;122/2024;2024_122_121;koko;2
1447;122/2024;2024_122_121;aika;1
1447;122/2024;2024_122_121;edetä;1
1447;122/2024;2024_122_121;oma;1
1447;122/2024;2024_122_121;mieli;1
1447;122/2024;2024_122_121;käydä;1
1447;122/2024;2024_122_121;sellainen;1
1447;122/2024;2024_122_121;perinpohjainen;1
1447;122/2024;2024_122_121;keskustelu;1
1447;122/2024;2024_122_121;uskoa;1
1447;122/2024;2024_122_121;hyödyttää;1
1447;122/2024;2024_122_121;yhteiskunta;1
1447;122/2024;2024_122_121;pitkä;1
1447;122/2024;2024_122_121;aikaväli;1
1447;122/2024;2024_122_131;kiitos;1
1447;122/2024;2024_122_131;arvoisa;1
1447;122/2024;2024_122_131;puhemies;1
1447;122/2024;2024_122_131;harmillinen;1
1447;122/2024;2024_122_131;että;10
1447;122/2024;2024_122_131;edustaja;1
1447;122/2024;2024_122_131;hoskonen;1
1447;122/2024;2024_122_131;jo;1
1447;122/2024;2024_122_131;keretä;1
1447;122/2024;2024_122_131;poistua;1
1447;122/2024;2024_122_131;kun;4
1447;122/2024;2024_122_131;hän;2
1447;122/2024;2024_122_131;olla;14
1447;122/2024;2024_122_131;vastata;1
1447;122/2024;2024_122_131;oma;1
1447;122/2024;2024_122_131;kotikaupunki;1
1447;122/2024;2024_122_131;esimerkki;1
1447;122/2024;2024_122_131;se;15
1447;122/2024;2024_122_131;tuo;1
1447;122/2024;2024_122_131;sanoa;1
1447;122/2024;2024_122_131;kyllä;2
1447;122/2024;2024_122_131;kaikki;3
1447;122/2024;2024_122_131;metsäomistaja;2
1447;122/2024;2024_122_131;pitää;4
1447;122/2024;2024_122_131;huoli;2
1447;122/2024;2024_122_131;metsä;2
1447;122/2024;2024_122_131;kunnossa;1
1447;122/2024;2024_122_131;ja;4
1447;122/2024;2024_122_131;ilmastonkestävä;1
1447;122/2024;2024_122_131;tulevaisuus;2
1447;122/2024;2024_122_131;näin;1
1447;122/2024;2024_122_131;ei;5
1447;122/2024;2024_122_131;aidosti;1
1447;122/2024;2024_122_131;kunta;2
1447;122/2024;2024_122_131;ollenkaan;1
1447;122/2024;2024_122_131;minä;3
1447;122/2024;2024_122_131;jämsä;1
1447;122/2024;2024_122_131;kaupunki;2
1447;122/2024;2024_122_131;muodostua;1
1447;122/2024;2024_122_131;usea;1
1447;122/2024;2024_122_131;kuntaliitos;1
1447;122/2024;2024_122_131;jälkeen;1
1447;122/2024;2024_122_131;kuin;1
1447;122/2024;2024_122_131;muutama;1
1447;122/2024;2024_122_131;vuosi;1
1447;122/2024;2024_122_131;sitten;3
1447;122/2024;2024_122_131;löytyä;1
1447;122/2024;2024_122_131;vielä;1
1447;122/2024;2024_122_131;moni;1
1447;122/2024;2024_122_131;sata;1
1447;122/2024;2024_122_131;hehtaari;1
1447;122/2024;2024_122_131;maa;1
1447;122/2024;2024_122_131;joka;2
1447;122/2024;2024_122_131;kukaan;1
1447;122/2024;2024_122_131;edes;1
1447;122/2024;2024_122_131;tietää;1
1447;122/2024;2024_122_131;omistaa;1
1447;122/2024;2024_122_131;tilanne;1
1447;122/2024;2024_122_131;hyvin;4
1447;122/2024;2024_122_131;erilainen;1
1447;122/2024;2024_122_131;nimenomaan;1
1447;122/2024;2024_122_131;kyse;2
1447;122/2024;2024_122_131;tällainen;1
1447;122/2024;2024_122_131;suunnitelma;1
1447;122/2024;2024_122_131;tehdä;3
1447;122/2024;2024_122_131;niin;1
1447;122/2024;2024_122_131;ehkä;2
1447;122/2024;2024_122_131;bongata;1
1447;122/2024;2024_122_131;kadota;1
1447;122/2024;2024_122_131;jokin;1
1447;122/2024;2024_122_131;todella;1
1447;122/2024;2024_122_131;vanha;1
1447;122/2024;2024_122_131;kiinteistötunnus;1
1447;122/2024;2024_122_131;jäädä;1
1447;122/2024;2024_122_131;rämettyä;1
1447;122/2024;2024_122_131;siellä;1
1447;122/2024;2024_122_131;vaikka;1
1447;122/2024;2024_122_131;päätös;1
1447;122/2024;2024_122_131;miten;1
1447;122/2024;2024_122_131;jatko;2
1447;122/2024;2024_122_131;hoitaa;1
1447;122/2024;2024_122_131;ilmasto;2
1447;122/2024;2024_122_131;vastaanottaa;1
1447;122/2024;2024_122_131;mutta;1
1447;122/2024;2024_122_131;tämä;4
1447;122/2024;2024_122_131;keskustelu;1
1447;122/2024;2024_122_131;kokonaisuus;1
1447;122/2024;2024_122_131;tärkeä;1
1447;122/2024;2024_122_131;syy;1
1447;122/2024;2024_122_131;nähdä;1
1447;122/2024;2024_122_131;kuinka;1
1447;122/2024;2024_122_131;polarisoitua;1
1447;122/2024;2024_122_131;toinen;1
1447;122/2024;2024_122_131;puoli;1
1447;122/2024;2024_122_131;haluta;3
1447;122/2024;2024_122_131;hakea;1
1447;122/2024;2024_122_131;ratkaisu;1
1447;122/2024;2024_122_131;päästä;1
1447;122/2024;2024_122_131;asia;1
1447;122/2024;2024_122_131;eteenpäin;1
1447;122/2024;2024_122_131;katsella;1
1447;122/2024;2024_122_131;menneisyys;1
1447;122/2024;2024_122_131;esimerkiksi;1
1447;122/2024;2024_122_131;ennallistamisasetus;1
1447;122/2024;2024_122_131;hetki;1
1447;122/2024;2024_122_131;puhua;1
1447;122/2024;2024_122_131;luku;1
1447;122/2024;2024_122_131;palauttaa;1
1447;122/2024;2024_122_131;sinne;1
1447;122/2024;2024_122_131;vaan;1
1447;122/2024;2024_122_131;nyt;1
1447;122/2024;2024_122_131;katse;1
1447;122/2024;2024_122_131;mikä;1
1447;122/2024;2024_122_131;voida;1
1447;122/2024;2024_122_131;myös;1
1447;122/2024;2024_122_131;silmä;1
1447;122/2024;2024_122_131;osa;1
1447;122/2024;2024_122_131;muuttaa;1
1447;122/2024;2024_122_131;mikään;1
1447;122/2024;2024_122_163;kiitos;1
1447;122/2024;2024_122_163;arvoisa;1
1447;122/2024;2024_122_163;puhemies;1
1447;122/2024;2024_122_163;niin;4
1447;122/2024;2024_122_163;kuin;1
1447;122/2024;2024_122_163;edustaja;3
1447;122/2024;2024_122_163;viitala;1
1447;122/2024;2024_122_163;tämä;16
1447;122/2024;2024_122_163;edellä;1
1447;122/2024;2024_122_163;kertoa;2
1447;122/2024;2024_122_163;malli;3
1447;122/2024;2024_122_163;työkanava;2
1447;122/2024;2024_122_163;oy;2
1447;122/2024;2024_122_163;olla;15
1447;122/2024;2024_122_163;ottaa;2
1447;122/2024;2024_122_163;sieltä;1
1447;122/2024;2024_122_163;ruotsi;3
1447;122/2024;2024_122_163;ja;4
1447;122/2024;2024_122_163;usea;1
1447;122/2024;2024_122_163;hallituspuolue;1
1447;122/2024;2024_122_163;jo;2
1447;122/2024;2024_122_163;aiemmin;1
1447;122/2024;2024_122_163;moittia;1
1447;122/2024;2024_122_163;se;11
1447;122/2024;2024_122_163;että;10
1447;122/2024;2024_122_163;tulos;1
1447;122/2024;2024_122_163;ei;5
1447;122/2024;2024_122_163;tulla;1
1447;122/2024;2024_122_163;tietää;1
1447;122/2024;2024_122_163;kuinka;2
1447;122/2024;2024_122_163;suhtautua;1
1447;122/2024;2024_122_163;kokonaisuus;1
1447;122/2024;2024_122_163;kun;2
1447;122/2024;2024_122_163;tuntua;1
1447;122/2024;2024_122_163;koko;1
1447;122/2024;2024_122_163;hallitusohjelma;1
1447;122/2024;2024_122_163;työmarkkinauudistus;1
1447;122/2024;2024_122_163;perustua;1
1447;122/2024;2024_122_163;toivottavasti;1
1447;122/2024;2024_122_163;jonkinlainen;1
1447;122/2024;2024_122_163;esimerkki;1
1447;122/2024;2024_122_163;kantaa;1
1447;122/2024;2024_122_163;kaikki;2
1447;122/2024;2024_122_163;aina;1
1447;122/2024;2024_122_163;toimia;1
1447;122/2024;2024_122_163;minä;3
1447;122/2024;2024_122_163;ympäristö;1
1447;122/2024;2024_122_163;vaan;1
1447;122/2024;2024_122_163;täytyä;1
1447;122/2024;2024_122_163;luoda;1
1447;122/2024;2024_122_163;tänne;1
1447;122/2024;2024_122_163;suomi;2
1447;122/2024;2024_122_163;oma;1
1447;122/2024;2024_122_163;puheenvuoro;3
1447;122/2024;2024_122_163;ehkä;1
1447;122/2024;2024_122_163;suuri;1
1447;122/2024;2024_122_163;osa;1
1447;122/2024;2024_122_163;vuoksi;1
1447;122/2024;2024_122_163;entinen;1
1447;122/2024;2024_122_163;ministeri;1
1447;122/2024;2024_122_163;haatainen;1
1447;122/2024;2024_122_163;pitää;1
1447;122/2024;2024_122_163;asia;3
1447;122/2024;2024_122_163;ensimmäinen;1
1447;122/2024;2024_122_163;käsittely;1
1447;122/2024;2024_122_163;vierailla;1
1447;122/2024;2024_122_163;kohdata;1
1447;122/2024;2024_122_163;kehitysvammainen;1
1447;122/2024;2024_122_163;ihminen;2
1447;122/2024;2024_122_163;joka;3
1447;122/2024;2024_122_163;työ;1
1447;122/2024;2024_122_163;tämmöinen;1
1447;122/2024;2024_122_163;vastaava;1
1447;122/2024;2024_122_163;yritys;1
1447;122/2024;2024_122_163;kautta;1
1447;122/2024;2024_122_163;saada;3
1447;122/2024;2024_122_163;äärimmäinen;2
1447;122/2024;2024_122_163;tärkeä;4
1447;122/2024;2024_122_163;ajatella;2
1447;122/2024;2024_122_163;yhteiskunta;1
1447;122/2024;2024_122_163;jokin;1
1447;122/2024;2024_122_163;pahasti;1
1447;122/2024;2024_122_163;vinossa;1
1447;122/2024;2024_122_163;näkökulma;1
1447;122/2024;2024_122_163;yleensä;1
1447;122/2024;2024_122_163;nähdä;2
1447;122/2024;2024_122_163;työpaikka;1
1447;122/2024;2024_122_163;vammainen;1
1447;122/2024;2024_122_163;työskennellä;1
1447;122/2024;2024_122_163;mutta;3
1447;122/2024;2024_122_163;moni;1
1447;122/2024;2024_122_163;muu;1
1447;122/2024;2024_122_163;maa;1
1447;122/2024;2024_122_163;ulkomaa;1
1447;122/2024;2024_122_163;hän;1
1447;122/2024;2024_122_163;paljon;1
1447;122/2024;2024_122_163;enemmän;1
1447;122/2024;2024_122_163;kyllä;1
1447;122/2024;2024_122_163;sarka;1
1447;122/2024;2024_122_163;tehdä;3
1447;122/2024;2024_122_163;aivan;1
1447;122/2024;2024_122_163;liian;1
1447;122/2024;2024_122_163;vähän;1
1447;122/2024;2024_122_163;potentiaali;1
1447;122/2024;2024_122_163;käyttää;1
1447;122/2024;2024_122_163;edellinen;1
1447;122/2024;2024_122_163;kerta;1
1447;122/2024;2024_122_163;pitkä;1
1447;122/2024;2024_122_163;todeta;1
1447;122/2024;2024_122_163;nyt;2
1447;122/2024;2024_122_163;vain;1
1447;122/2024;2024_122_163;kohta;2
1447;122/2024;2024_122_163;varmistaa;1
1447;122/2024;2024_122_163;tietotaito;1
1447;122/2024;2024_122_163;erityisryhmä;1
1447;122/2024;2024_122_163;työllistäminen;1
1447;122/2024;2024_122_163;suhteen;1
1447;122/2024;2024_122_163;viedä;1
1447;122/2024;2024_122_163;kunta;1
1447;122/2024;2024_122_163;te-uudistus;1
1447;122/2024;2024_122_163;yhteys;1
1447;122/2024;2024_122_163;tieto;1
1447;122/2024;2024_122_163;siirtäminen;1
1447;122/2024;2024_122_163;varmistaminen;1
1447;122/2024;2024_122_163;vähä;1
1447;122/2024;2024_122_163;mikä;1
1447;122/2024;2024_122_163;voida;1
1447;122/2024;2024_122_163;todella;1
1447;122/2024;2024_122_163;erittäin;1
1447;122/2024;2024_122_163;harmillinen;1
1447;122/2024;2024_122_163;edes;1
1447;122/2024;2024_122_163;siirtymäaika;1
1447;122/2024;2024_122_163;eteen;1
1447;122/2024;2024_122_163;sitten;1
1447;122/2024;2024_122_163;tilanne;1
1447;122/2024;2024_122_163;evä;1
1447;122/2024;2024_122_163;mennä;1
1447;122/2024;2024_122_163;eteenpäin;1
1447;122/2024;2024_122_163;haluta;1
1447;122/2024;2024_122_163;myös;1
1447;122/2024;2024_122_163;kannattaa;1
1447;122/2024;2024_122_163;lyly;1
1447;122/2024;2024_122_163;lausumaehdotus;1
1447;122/2024;2024_122_181;kiitos;1
1447;122/2024;2024_122_181;arvoisa;1
1447;122/2024;2024_122_181;puhemies;1
1447;122/2024;2024_122_181;tämä;7
1447;122/2024;2024_122_181;olla;12
1447;122/2024;2024_122_181;pitää;1
1447;122/2024;2024_122_181;hyvä;1
1447;122/2024;2024_122_181;puheenvuoro;1
1447;122/2024;2024_122_181;aihe;1
1447;122/2024;2024_122_181;kyse;1
1447;122/2024;2024_122_181;nimenomaan;2
1447;122/2024;2024_122_181;se;3
1447;122/2024;2024_122_181;että;6
1447;122/2024;2024_122_181;kansainvälinen;2
1447;122/2024;2024_122_181;sopimus;2
1447;122/2024;2024_122_181;sitoutua;1
1447;122/2024;2024_122_181;huolehtia;1
1447;122/2024;2024_122_181;satama;1
1447;122/2024;2024_122_181;palvelu;1
1447;122/2024;2024_122_181;merimies;2
1447;122/2024;2024_122_181;ja;3
1447;122/2024;2024_122_181;nyt;3
1447;122/2024;2024_122_181;tilanne;1
1447;122/2024;2024_122_181;jälkeen;1
1447;122/2024;2024_122_181;jäädä;1
1447;122/2024;2024_122_181;kyllä;3
1447;122/2024;2024_122_181;voimaan;1
1447;122/2024;2024_122_181;mutta;3
1447;122/2024;2024_122_181;valtio;2
1447;122/2024;2024_122_181;rahoitus;2
1447;122/2024;2024_122_181;asia;2
1447;122/2024;2024_122_181;lähteä;1
1447;122/2024;2024_122_181;kokonaan;1
1447;122/2024;2024_122_181;pois;1
1447;122/2024;2024_122_181;nostaa;1
1447;122/2024;2024_122_181;kustannusvastuu;1
1447;122/2024;2024_122_181;sinne;1
1447;122/2024;2024_122_181;varustamo;1
1447;122/2024;2024_122_181;niin;2
1447;122/2024;2024_122_181;kuin;2
1447;122/2024;2024_122_181;kertoa;1
1447;122/2024;2024_122_181;hoitaminen;1
1447;122/2024;2024_122_181;ei;3
1447;122/2024;2024_122_181;enää;2
1447;122/2024;2024_122_181;jatko;1
1447;122/2024;2024_122_181;tulla;2
1447;122/2024;2024_122_181;liittyä;1
1447;122/2024;2024_122_181;monimutkainen;1
1447;122/2024;2024_122_181;kuvio;1
1447;122/2024;2024_122_181;muun;1
1447;122/2024;2024_122_181;muassa;1
1447;122/2024;2024_122_181;eräs;1
1447;122/2024;2024_122_181;kerrostalohanke;1
1447;122/2024;2024_122_181;täällä;1
1447;122/2024;2024_122_181;helsinki;1
1447;122/2024;2024_122_181;täysin;1
1447;122/2024;2024_122_181;kohtuuton;1
1447;122/2024;2024_122_181;merimiespalvelutoimisto;1
1447;122/2024;2024_122_181;vain;1
1447;122/2024;2024_122_181;muutama;1
1447;122/2024;2024_122_181;viikko;1
1447;122/2024;2024_122_181;aika;1
1447;122/2024;2024_122_181;saada;2
1447;122/2024;2024_122_181;lähes;1
1447;122/2024;2024_122_181;uusi;2
1447;122/2024;2024_122_181;kerrostalo;1
1447;122/2024;2024_122_181;myydä;1
1447;122/2024;2024_122_181;omistaja;1
1447;122/2024;2024_122_181;jotenkin;1
1447;122/2024;2024_122_181;pystyä;1
1447;122/2024;2024_122_181;selviytyä;1
1447;122/2024;2024_122_181;taloudellinen;1
1447;122/2024;2024_122_181;taakka;1
1447;122/2024;2024_122_181;iso;1
1447;122/2024;2024_122_181;velkamäärä;1
1447;122/2024;2024_122_181;joka;1
1447;122/2024;2024_122_181;kuitenkin;1
1447;122/2024;2024_122_181;yhteistyö;1
1447;122/2024;2024_122_181;minä;1
1447;122/2024;2024_122_181;ministeriö;1
1447;122/2024;2024_122_181;kanssa;1
1447;122/2024;2024_122_181;hoitaa;1
1447;122/2024;2024_122_181;kohtuullinen;1
1447;122/2024;2024_122_181;aina;1
1447;122/2024;2024_122_181;vuosi;1
1447;122/2024;2024_122_181;siirtymäaika;1
1447;122/2024;2024_122_181;koska;1
1447;122/2024;2024_122_181;sellainen;1
1447;122/2024;2024_122_181;voida;1
1447;122/2024;2024_122_181;muu;1
1447;122/2024;2024_122_181;kannattaa;1
1447;122/2024;2024_122_181;edustaja;1
1447;122/2024;2024_122_181;lyly;1
1447;122/2024;2024_122_181;tehdä;1
1447;122/2024;2024_122_181;hylkäysesitys;1
1447;127/2024;2024_127_135;arvoisa;1
1447;127/2024;2024_127_135;puhemies;1
1447;127/2024;2024_127_135;täällä;5
1447;127/2024;2024_127_135;olla;52
1447;127/2024;2024_127_135;käyttää;4
1447;127/2024;2024_127_135;niin;15
1447;127/2024;2024_127_135;hyvä;1
1447;127/2024;2024_127_135;puheenvuoro;2
1447;127/2024;2024_127_135;että;36
1447;127/2024;2024_127_135;ei;18
1447;127/2024;2024_127_135;oikein;2
1447;127/2024;2024_127_135;tietää;1
1447;127/2024;2024_127_135;mikä;4
1447;127/2024;2024_127_135;kaikki;7
1447;127/2024;2024_127_135;se;62
1447;127/2024;2024_127_135;vastata;1
1447;127/2024;2024_127_135;mutta;2
1447;127/2024;2024_127_135;aloittaa;1
1447;127/2024;2024_127_135;ehkä;2
1447;127/2024;2024_127_135;kun;6
1447;127/2024;2024_127_135;puhua;5
1447;127/2024;2024_127_135;hyvinvointialue;7
1447;127/2024;2024_127_135;rahoitus;6
1447;127/2024;2024_127_135;ja;28
1447;127/2024;2024_127_135;asiakasmaksu;7
1447;127/2024;2024_127_135;korotus;1
1447;127/2024;2024_127_135;kyllä;8
1447;127/2024;2024_127_135;minä;10
1447;127/2024;2024_127_135;varmasti;2
1447;127/2024;2024_127_135;jakaa;1
1447;127/2024;2024_127_135;tämä;24
1447;127/2024;2024_127_135;kustannus;1
1447;127/2024;2024_127_135;kasvu;1
1447;127/2024;2024_127_135;hillintä;1
1447;127/2024;2024_127_135;talous;2
1447;127/2024;2024_127_135;tasapainottaminen;2
1447;127/2024;2024_127_135;aidosti;3
1447;127/2024;2024_127_135;tärkeä;5
1447;127/2024;2024_127_135;tavoite;1
1447;127/2024;2024_127_135;peruspalvelu;1
1447;127/2024;2024_127_135;panostaminen;1
1447;127/2024;2024_127_135;ennaltaehkäisy;1
1447;127/2024;2024_127_135;palvelu;3
1447;127/2024;2024_127_135;oikea-aikaisuus;1
1447;127/2024;2024_127_135;aito;1
1447;127/2024;2024_127_135;integraatio;1
1447;127/2024;2024_127_135;sote-palvelu;1
1447;127/2024;2024_127_135;mahdollistaminen;1
1447;127/2024;2024_127_135;tietysti;2
1447;127/2024;2024_127_135;asia;4
1447;127/2024;2024_127_135;joka;12
1447;127/2024;2024_127_135;päästä;4
1447;127/2024;2024_127_135;myös;4
1447;127/2024;2024_127_135;esimerkki;1
1447;127/2024;2024_127_135;tutkimus;1
1447;127/2024;2024_127_135;jo;6
1447;127/2024;2024_127_135;debattipuheenvuoro;1
1447;127/2024;2024_127_135;saada;4
1447;127/2024;2024_127_135;mainita;1
1447;127/2024;2024_127_135;nimenomaan;2
1447;127/2024;2024_127_135;yhteisö;1
1447;127/2024;2024_127_135;irtisanominen;2
1447;127/2024;2024_127_135;lomautus;2
1447;127/2024;2024_127_135;mennä;2
1447;127/2024;2024_127_135;kaksi;1
1447;127/2024;2024_127_135;vuosi;1
1447;127/2024;2024_127_135;ennen;1
1447;127/2024;2024_127_135;kuin;5
1447;127/2024;2024_127_135;kyetä;1
1447;127/2024;2024_127_135;taas;1
1447;127/2024;2024_127_135;kehittää;1
1447;127/2024;2024_127_135;oma;2
1447;127/2024;2024_127_135;työ;3
1447;127/2024;2024_127_135;toiminta;2
1447;127/2024;2024_127_135;näin;1
1447;127/2024;2024_127_135;suuri;2
1447;127/2024;2024_127_135;uudistus;1
1447;127/2024;2024_127_135;erityisesti;1
1447;127/2024;2024_127_135;huomio;1
1447;127/2024;2024_127_135;panna;1
1447;127/2024;2024_127_135;käytäntö;2
1447;127/2024;2024_127_135;esitys;1
1447;127/2024;2024_127_135;tarkoittaa;3
1447;127/2024;2024_127_135;jälkikäteistarkastus;1
1447;127/2024;2024_127_135;jälkeen;1
1447;127/2024;2024_127_135;tehdä;6
1447;127/2024;2024_127_135;enää;2
1447;127/2024;2024_127_135;täysimääräinen;1
1447;127/2024;2024_127_135;vaan;1
1447;127/2024;2024_127_135;omavastuuosuus;1
1447;127/2024;2024_127_135;ihan;1
1447;127/2024;2024_127_135;suora;1
1447;127/2024;2024_127_135;leikkaus;3
1447;127/2024;2024_127_135;tarve;1
1447;127/2024;2024_127_135;vaara;1
1447;127/2024;2024_127_135;tulla;6
1447;127/2024;2024_127_135;johtaa;4
1447;127/2024;2024_127_135;lisääntyvässä;1
1447;127/2024;2024_127_135;määrin;1
1447;127/2024;2024_127_135;hätiköityä;1
1447;127/2024;2024_127_135;palvelupäätös;1
1447;127/2024;2024_127_135;vaikeuttaa;1
1447;127/2024;2024_127_135;entisestään;1
1447;127/2024;2024_127_135;työntekijä;1
1447;127/2024;2024_127_135;motivoituma;1
1447;127/2024;2024_127_135;usko;1
1447;127/2024;2024_127_135;tuleva;1
1447;127/2024;2024_127_135;kehittäminen;1
1447;127/2024;2024_127_135;puhe;1
1447;127/2024;2024_127_135;tänään;3
1447;127/2024;2024_127_135;taitaa;1
1447;127/2024;2024_127_135;muutosneuvottelu;1
1447;127/2024;2024_127_135;käydä;2
1447;127/2024;2024_127_135;seuraus;1
1447;127/2024;2024_127_135;usea;1
1447;127/2024;2024_127_135;alue;5
1447;127/2024;2024_127_135;päätyä;1
1447;127/2024;2024_127_135;puute;1
1447;127/2024;2024_127_135;vuoksi;1
1447;127/2024;2024_127_135;kaikkein;5
1447;127/2024;2024_127_135;hullunkurinen;2
1447;127/2024;2024_127_135;kokonaisuus;3
1447;127/2024;2024_127_135;vähentyä;2
1447;127/2024;2024_127_135;vähentää;1
1447;127/2024;2024_127_135;vaikka;4
1447;127/2024;2024_127_135;itse;2
1447;127/2024;2024_127_135;päinvastoin;1
1447;127/2024;2024_127_135;työmäärä;1
1447;127/2024;2024_127_135;kasvaa;1
1447;127/2024;2024_127_135;koko;1
1447;127/2024;2024_127_135;aika;1
1447;127/2024;2024_127_135;tilanne;4
1447;127/2024;2024_127_135;konkreettisesti;1
1447;127/2024;2024_127_135;esimerkiksi;3
1447;127/2024;2024_127_135;nuori;2
1447;127/2024;2024_127_135;juuri;1
1447;127/2024;2024_127_135;ala;1
1447;127/2024;2024_127_135;valmistua;1
1447;127/2024;2024_127_135;varaan;1
1447;127/2024;2024_127_135;laskea;1
1447;127/2024;2024_127_135;hyvin;1
1447;127/2024;2024_127_135;paljon;2
1447;127/2024;2024_127_135;hän;2
1447;127/2024;2024_127_135;osa;1
1447;127/2024;2024_127_135;ratkaista;1
1447;127/2024;2024_127_135;hoitajapula;1
1447;127/2024;2024_127_135;nyt;3
1447;127/2024;2024_127_135;jos;1
1447;127/2024;2024_127_135;avoin;1
1447;127/2024;2024_127_135;työpaikka;2
1447;127/2024;2024_127_135;kymmenen;1
1447;127/2024;2024_127_135;jokin;1
1447;127/2024;2024_127_135;tapaus;1
1447;127/2024;2024_127_135;sata;1
1447;127/2024;2024_127_135;hakija;1
1447;127/2024;2024_127_135;saaminen;1
1447;127/2024;2024_127_135;sieltä;1
1447;127/2024;2024_127_135;sote-ala;1
1447;127/2024;2024_127_135;ollenkaan;1
1447;127/2024;2024_127_135;selvä;1
1447;127/2024;2024_127_135;vaikuttaa;1
1447;127/2024;2024_127_135;tulevaisuus;2
1447;127/2024;2024_127_135;näkymä;1
1447;127/2024;2024_127_135;sumentua;1
1447;127/2024;2024_127_135;kuitenkin;1
1447;127/2024;2024_127_135;jotenkin;3
1447;127/2024;2024_127_135;häiritä;1
1447;127/2024;2024_127_135;sali;1
1447;127/2024;2024_127_135;liian;1
1447;127/2024;2024_127_135;vähän;1
1447;127/2024;2024_127_135;unohtaa;1
1447;127/2024;2024_127_135;hyvänsä;1
1447;127/2024;2024_127_135;huolehtia;1
1447;127/2024;2024_127_135;hoito;4
1447;127/2024;2024_127_135;vastuullinen;3
1447;127/2024;2024_127_135;sanavalinta;1
1447;127/2024;2024_127_135;hallitus;1
1447;127/2024;2024_127_135;haluta;2
1447;127/2024;2024_127_135;korostaa;2
1447;127/2024;2024_127_135;taloudenpito;1
1447;127/2024;2024_127_135;kukaan;1
1447;127/2024;2024_127_135;tai;2
1447;127/2024;2024_127_135;hoitoonpääsy;1
1447;127/2024;2024_127_135;ensisijaisesti;1
1447;127/2024;2024_127_135;maanstalous;1
1447;127/2024;2024_127_135;turvaaminen;1
1447;127/2024;2024_127_135;ihminen;5
1447;127/2024;2024_127_135;tarvita;2
1447;127/2024;2024_127_135;jotta;3
1447;127/2024;2024_127_135;kansantalous;1
1447;127/2024;2024_127_135;kestää;1
1447;127/2024;2024_127_135;hoitojono;1
1447;127/2024;2024_127_135;paheta;2
1447;127/2024;2024_127_135;riittävästi;1
1447;127/2024;2024_127_135;äskeinen;1
1447;127/2024;2024_127_135;viittaus;1
1447;127/2024;2024_127_135;täytyä;1
1447;127/2024;2024_127_135;enemmän;1
1447;127/2024;2024_127_135;vastuu;3
1447;127/2024;2024_127_135;no;4
1447;127/2024;2024_127_135;työterveyshuolto;2
1447;127/2024;2024_127_135;piiri;3
1447;127/2024;2024_127_135;julkinen;1
1447;127/2024;2024_127_135;terveydenhuolto;2
1447;127/2024;2024_127_135;varassa;1
1447;127/2024;2024_127_135;silloin;1
1447;127/2024;2024_127_135;siellä;1
1447;127/2024;2024_127_135;yleensä;1
1447;127/2024;2024_127_135;vara;1
1447;127/2024;2024_127_135;yksityinen;1
1447;127/2024;2024_127_135;ihmisryhmä;1
1447;127/2024;2024_127_135;leikata;1
1447;127/2024;2024_127_135;todella;1
1447;127/2024;2024_127_135;moni;2
1447;127/2024;2024_127_135;muu;1
1447;127/2024;2024_127_135;kärsiä;1
1447;127/2024;2024_127_135;eniten;2
1447;127/2024;2024_127_135;kantaa;1
1447;127/2024;2024_127_135;sote-rahoitus;1
1447;127/2024;2024_127_135;siis;1
1447;127/2024;2024_127_135;riittävä;1
1447;127/2024;2024_127_135;palvelutarve;1
1447;127/2024;2024_127_135;nähden;1
1447;127/2024;2024_127_135;aivan;1
1447;127/2024;2024_127_135;alku;1
1447;127/2024;2024_127_135;tarkoitus;1
1447;127/2024;2024_127_135;kannustaa;2
1447;127/2024;2024_127_135;muutos;1
1447;127/2024;2024_127_135;sana;2
1447;127/2024;2024_127_135;kokea;1
1447;127/2024;2024_127_135;kannustaminen;2
1447;127/2024;2024_127_135;sitten;2
1447;127/2024;2024_127_135;leikkaaminen;2
1447;127/2024;2024_127_135;pakottaminen;2
1447;127/2024;2024_127_135;pakottaa;1
1447;127/2024;2024_127_135;korottaa;1
1447;127/2024;2024_127_135;aiemmin;1
1447;127/2024;2024_127_135;viitata;1
1447;127/2024;2024_127_135;voida;2
1447;127/2024;2024_127_135;päätös;2
1447;127/2024;2024_127_135;periä;1
1447;127/2024;2024_127_135;raha;1
1447;127/2024;2024_127_135;riittää;2
1447;127/2024;2024_127_135;todellinen;1
1447;127/2024;2024_127_135;mahdollisuus;1
1447;127/2024;2024_127_135;sellainen;1
1447;127/2024;2024_127_135;nostaa;3
1447;127/2024;2024_127_135;samalla;1
1447;127/2024;2024_127_135;tulouttaa;1
1447;127/2024;2024_127_135;valtio;2
1447;127/2024;2024_127_135;kassa;2
1447;127/2024;2024_127_135;kerta;1
1447;127/2024;2024_127_135;imuroida;1
1447;127/2024;2024_127_135;viimeinen;1
1447;127/2024;2024_127_135;vain;1
1447;127/2024;2024_127_135;taso;2
1447;127/2024;2024_127_135;keino;1
1447;127/2024;2024_127_135;vapautua;1
1447;127/2024;2024_127_135;maksukyvyttömyys;1
1447;127/2024;2024_127_135;peruste;1
1447;127/2024;2024_127_135;kertakaikkinen;1
1447;127/2024;2024_127_135;epäreilu;1
1447;127/2024;2024_127_135;kamppailla;1
1447;127/2024;2024_127_135;riittävyys;1
1447;127/2024;2024_127_135;kanssa;2
1447;127/2024;2024_127_135;mikään;1
1447;127/2024;2024_127_135;tuntua;1
1447;127/2024;2024_127_135;vielä;2
1447;127/2024;2024_127_135;sinne;1
1447;127/2024;2024_127_135;jumppa;1
1447;127/2024;2024_127_135;sote-alue;1
1447;127/2024;2024_127_135;pitkään;1
1447;127/2024;2024_127_135;toivottavasti;1
1447;127/2024;2024_127_135;keskustelu;1
1447;127/2024;2024_127_135;asiakas;1
1447;127/2024;2024_127_135;näkökulma;1
1447;127/2024;2024_127_135;odotella;1
1447;127/2024;2024_127_195;herra;1
1447;127/2024;2024_127_195;puhemies;1
1447;127/2024;2024_127_195;ei;15
1447;127/2024;2024_127_195;se;29
1447;127/2024;2024_127_195;otsikko;2
1447;127/2024;2024_127_195;heti;1
1447;127/2024;2024_127_195;ymmärtää;1
1447;127/2024;2024_127_195;mikä;2
1447;127/2024;2024_127_195;tämä;29
1447;127/2024;2024_127_195;oikein;1
1447;127/2024;2024_127_195;olla;45
1447;127/2024;2024_127_195;puhua;1
1447;127/2024;2024_127_195;kun;2
1447;127/2024;2024_127_195;pinta-ala;1
1447;127/2024;2024_127_195;ja;27
1447;127/2024;2024_127_195;eläinperusteinen;1
1447;127/2024;2024_127_195;tuki;4
1447;127/2024;2024_127_195;mutta;5
1447;127/2024;2024_127_195;sosiaalinen;4
1447;127/2024;2024_127_195;ehdollisuus;3
1447;127/2024;2024_127_195;sellainen;4
1447;127/2024;2024_127_195;taikasana;1
1447;127/2024;2024_127_195;joka;8
1447;127/2024;2024_127_195;tuoda;4
1447;127/2024;2024_127_195;lähemmäs;1
1447;127/2024;2024_127_195;todellinen;1
1447;127/2024;2024_127_195;aihe;1
1447;127/2024;2024_127_195;hyvä;1
1447;127/2024;2024_127_195;huomata;2
1447;127/2024;2024_127_195;että;26
1447;127/2024;2024_127_195;säätää;3
1447;127/2024;2024_127_195;laki;1
1447;127/2024;2024_127_195;nimenomaisesti;1
1447;127/2024;2024_127_195;viimeinen;1
1447;127/2024;2024_127_195;mahdollinen;2
1447;127/2024;2024_127_195;ajankohta;1
1447;127/2024;2024_127_195;aivan;2
1447;127/2024;2024_127_195;minimiehto;1
1447;127/2024;2024_127_195;kyse;1
1447;127/2024;2024_127_195;siis;2
1447;127/2024;2024_127_195;eu;1
1447;127/2024;2024_127_195;kokonaan;1
1447;127/2024;2024_127_195;rahoittaa;2
1447;127/2024;2024_127_195;osa;1
1447;127/2024;2024_127_195;osittain;1
1447;127/2024;2024_127_195;voida;5
1447;127/2024;2024_127_195;periä;2
1447;127/2024;2024_127_195;pois;1
1447;127/2024;2024_127_195;jos;3
1447;127/2024;2024_127_195;työntekijä;7
1447;127/2024;2024_127_195;oikeus;5
1447;127/2024;2024_127_195;maatila;5
1447;127/2024;2024_127_195;huolehtia;4
1447;127/2024;2024_127_195;ajatella;1
1447;127/2024;2024_127_195;itse;1
1447;127/2024;2024_127_195;niin;8
1447;127/2024;2024_127_195;tukea;2
1447;127/2024;2024_127_195;nimenomaan;1
1447;127/2024;2024_127_195;rehellinen;1
1447;127/2024;2024_127_195;yrittäjä;1
1447;127/2024;2024_127_195;toiminta;2
1447;127/2024;2024_127_195;lisätä;1
1447;127/2024;2024_127_195;myös;8
1447;127/2024;2024_127_195;ruoantuotanto;1
1447;127/2024;2024_127_195;kestävyys;1
1447;127/2024;2024_127_195;edistää;1
1447;127/2024;2024_127_195;aidosti;1
1447;127/2024;2024_127_195;reilu;1
1447;127/2024;2024_127_195;kilpailu;1
1447;127/2024;2024_127_195;maatalousala;1
1447;127/2024;2024_127_195;kuitenkin;2
1447;127/2024;2024_127_195;ala;1
1447;127/2024;2024_127_195;esimerkiksi;4
1447;127/2024;2024_127_195;työturvallisuus;1
1447;127/2024;2024_127_195;riski;1
1447;127/2024;2024_127_195;todella;1
1447;127/2024;2024_127_195;suuri;3
1447;127/2024;2024_127_195;koskea;2
1447;127/2024;2024_127_195;palkata;1
1447;127/2024;2024_127_195;työvoima;1
1447;127/2024;2024_127_195;varsinainen;1
1447;127/2024;2024_127_195;vaatimus;5
1447;127/2024;2024_127_195;sitten;4
1447;127/2024;2024_127_195;oma;4
1447;127/2024;2024_127_195;liite;1
1447;127/2024;2024_127_195;vielä;1
1447;127/2024;2024_127_195;seuraamus;1
1447;127/2024;2024_127_195;tulla;8
1447;127/2024;2024_127_195;tarkemmin;1
1447;127/2024;2024_127_195;valtioneuvosto;1
1447;127/2024;2024_127_195;kuin;4
1447;127/2024;2024_127_195;edellä;1
1447;127/2024;2024_127_195;kuulla;1
1447;127/2024;2024_127_195;ensimmäinen;1
1447;127/2024;2024_127_195;huomautus;1
1447;127/2024;2024_127_195;sanktio;5
1447;127/2024;2024_127_195;kukaan;1
1447;127/2024;2024_127_195;kyllä;4
1447;127/2024;2024_127_195;asia;8
1447;127/2024;2024_127_195;kaikki;1
1447;127/2024;2024_127_195;huomioida;1
1447;127/2024;2024_127_195;tukiseuraamus;1
1447;127/2024;2024_127_195;ottaa;3
1447;127/2024;2024_127_195;huomio;2
1447;127/2024;2024_127_195;minkälainen;1
1447;127/2024;2024_127_195;vakavuus;1
1447;127/2024;2024_127_195;laajuus;1
1447;127/2024;2024_127_195;pysyvyys;1
1447;127/2024;2024_127_195;toistuvuus;1
1447;127/2024;2024_127_195;tai;1
1447;127/2024;2024_127_195;tahallisuus;1
1447;127/2024;2024_127_195;laiminlyönti;1
1447;127/2024;2024_127_195;liittyä;2
1447;127/2024;2024_127_195;vaikutus;1
1447;127/2024;2024_127_195;varmasti;1
1447;127/2024;2024_127_195;tietoisuus;1
1447;127/2024;2024_127_195;kasvu;1
1447;127/2024;2024_127_195;omaehtoisesti;1
1447;127/2024;2024_127_195;lähteä;1
1447;127/2024;2024_127_195;korjata;1
1447;127/2024;2024_127_195;ilmeinen;1
1447;127/2024;2024_127_195;koulutustarve;1
1447;127/2024;2024_127_195;tiimoilta;1
1447;127/2024;2024_127_195;ruokavirasto;1
1447;127/2024;2024_127_195;lausunto;3
1447;127/2024;2024_127_195;todeta;3
1447;127/2024;2024_127_195;resurssi;1
1447;127/2024;2024_127_195;toimia;2
1447;127/2024;2024_127_195;kouluttaja;1
1447;127/2024;2024_127_195;neuvoja;1
1447;127/2024;2024_127_195;koska;2
1447;127/2024;2024_127_195;luonteinen;1
1447;127/2024;2024_127_195;vaatia;1
1447;127/2024;2024_127_195;paljon;2
1447;127/2024;2024_127_195;tiedottaminen;1
1447;127/2024;2024_127_195;neuvonta;1
1447;127/2024;2024_127_195;jatkotyö;1
1447;127/2024;2024_127_195;tieto;2
1447;127/2024;2024_127_195;tarve;1
1447;127/2024;2024_127_195;kasvaa;2
1447;127/2024;2024_127_195;jokainen;1
1447;127/2024;2024_127_195;tarpeellinen;1
1447;127/2024;2024_127_195;määrä;1
1447;127/2024;2024_127_195;saada;5
1447;127/2024;2024_127_195;järjestäytymätön;1
1447;127/2024;2024_127_195;työnantaja;1
1447;127/2024;2024_127_195;hän;1
1447;127/2024;2024_127_195;pitää;2
1447;127/2024;2024_127_195;noudattaa;1
1447;127/2024;2024_127_195;työehtosopimus;1
1447;127/2024;2024_127_195;yleissitova;1
1447;127/2024;2024_127_195;kirjaus;1
1447;127/2024;2024_127_195;aluehallintovirasto;1
1447;127/2024;2024_127_195;keskustelu;1
1447;127/2024;2024_127_195;kommentti;1
1447;127/2024;2024_127_195;kertoa;1
1447;127/2024;2024_127_195;kevytyrittäjyys;2
1447;127/2024;2024_127_195;yleistyminen;1
1447;127/2024;2024_127_195;vaara;1
1447;127/2024;2024_127_195;seurata;2
1447;127/2024;2024_127_195;näin;2
1447;127/2024;2024_127_195;käydä;1
1447;127/2024;2024_127_195;avik;1
1447;127/2024;2024_127_195;ettäei;1
1447;127/2024;2024_127_195;lainsäädäntö;1
1447;127/2024;2024_127_195;mahdollistaa;1
1447;127/2024;2024_127_195;tällainen;1
1447;127/2024;2024_127_195;porsaanreikä;1
1447;127/2024;2024_127_195;käyttäminen;1
1447;127/2024;2024_127_195;tarvita;1
1447;127/2024;2024_127_195;erinomainen;3
1447;127/2024;2024_127_195;viranomainen;4
1447;127/2024;2024_127_195;välinen;2
1447;127/2024;2024_127_195;yhteistyö;2
1447;127/2024;2024_127_195;valiokunta;4
1447;127/2024;2024_127_195;ilmi;1
1447;127/2024;2024_127_195;seikka;1
1447;127/2024;2024_127_195;joku;1
1447;127/2024;2024_127_195;toinen;2
1447;127/2024;2024_127_195;määrätä;2
1447;127/2024;2024_127_195;taas;1
1447;127/2024;2024_127_195;kanta;3
1447;127/2024;2024_127_195;ongelmallinen;1
1447;127/2024;2024_127_195;joutua;1
1447;127/2024;2024_127_195;tilanne;1
1447;127/2024;2024_127_195;antaa;1
1447;127/2024;2024_127_195;ohje;1
1447;127/2024;2024_127_195;yhdenmukainen;1
1447;127/2024;2024_127_195;esitys;2
1447;127/2024;2024_127_195;uusi;2
1447;127/2024;2024_127_195;byrokratia;1
1447;127/2024;2024_127_195;muuttaa;1
1447;127/2024;2024_127_195;vain;4
1447;127/2024;2024_127_195;eu-tuki;1
1447;127/2024;2024_127_195;takaisin;1
1447;127/2024;2024_127_195;takia;2
1447;127/2024;2024_127_195;muutama;1
1447;127/2024;2024_127_195;keskusta;2
1447;127/2024;2024_127_195;jättää;1
1447;127/2024;2024_127_195;vastalause-esitys;1
1447;127/2024;2024_127_195;siellä;1
1447;127/2024;2024_127_195;työlainsäädäntö;1
1447;127/2024;2024_127_195;työskentelyolosuhde;1
1447;127/2024;2024_127_195;huomattava;1
1447;127/2024;2024_127_195;ero;1
1447;127/2024;2024_127_195;eri;1
1447;127/2024;2024_127_195;eu-jäsenmaa;1
1447;127/2024;2024_127_195;välillä;1
1447;127/2024;2024_127_195;juuri;1
1447;127/2024;2024_127_195;suomalainen;1
1447;127/2024;2024_127_195;maatalous;1
1447;127/2024;2024_127_195;kilpailukyky;1
1447;127/2024;2024_127_195;parata;1
1447;127/2024;2024_127_195;sääntö;1
1447;127/2024;2024_127_195;sama;3
1447;127/2024;2024_127_195;muu;1
1447;127/2024;2024_127_195;eu-maa;1
1447;127/2024;2024_127_195;vastalause;1
1447;127/2024;2024_127_195;maatalousyrittäjä;1
1447;127/2024;2024_127_195;vapautua;1
1447;127/2024;2024_127_195;mikäli;1
1447;127/2024;2024_127_195;irtisanoa;2
1447;127/2024;2024_127_195;ennen;1
1447;127/2024;2024_127_195;leikkaus;1
1447;127/2024;2024_127_195;edustaja;1
1447;127/2024;2024_127_195;kangas;1
1447;127/2024;2024_127_195;puheenvuoro;3
1447;127/2024;2024_127_195;viitata;1
1447;127/2024;2024_127_195;tärkeä;1
1447;127/2024;2024_127_195;johtaa;1
1447;127/2024;2024_127_195;tahallisesti;1
1447;127/2024;2024_127_195;laiminlyödä;1
1447;127/2024;2024_127_195;mikään;1
1447;127/2024;2024_127_195;kanssa;1
1447;127/2024;2024_127_195;syy;2
1447;127/2024;2024_127_195;huomenna;1
1447;127/2024;2024_127_195;käsitellä;1
1447;127/2024;2024_127_195;sali;1
1447;127/2024;2024_127_195;paikallinen;2
1447;127/2024;2024_127_195;sopiminen;2
1447;127/2024;2024_127_195;haluta;1
1447;127/2024;2024_127_195;nyt;1
1447;127/2024;2024_127_195;mennä;1
1447;127/2024;2024_127_195;kokonaisuus;1
1447;127/2024;2024_127_195;tarkoittaa;1
1447;127/2024;2024_127_195;ohjaaminen;1
1447;127/2024;2024_127_195;neuvontatarve;1
1447;127/2024;2024_127_195;lopuksi;1
1447;127/2024;2024_127_195;lukea;1
1447;127/2024;2024_127_195;lause;1
1447;127/2024;2024_127_195;mietintö;2
1447;127/2024;2024_127_195;esiin;1
1447;127/2024;2024_127_195;nostaa;2
1447;127/2024;2024_127_195;terveys;1
1447;127/2024;2024_127_195;hyvinvointi;2
1447;127/2024;2024_127_195;jo;1
1447;127/2024;2024_127_195;nykyisin;1
1447;127/2024;2024_127_195;soveltaa;1
1447;127/2024;2024_127_195;ympäristö;2
1447;127/2024;2024_127_195;eläin;3
1447;127/2024;2024_127_195;kasvi;3
1447;127/2024;2024_127_195;rinnalle;1
1447;127/2024;2024_127_195;ajaa;1
1447;127/2024;2024_127_195;ihminen;1
1447;127/2024;2024_127_195;taso;1
1447;127/2024;2024_127_195;mielenkiintoinen;1
1447;127/2024;2024_127_195;vihdoin;1
1447;127/2024;2024_127_195;työskennellä;1
1447;127/2024;2024_127_195;viiva;1
1447;127/2024;2024_127_195;no;1
1447;127/2024;2024_127_195;lopettaa;2
1447;127/2024;2024_127_195;lakisääteinen;1
1447;127/2024;2024_127_195;rikkoa;1
1447;127/2024;2024_127_195;kasvattaa;1
1447;127/2024;2024_127_195;yhteiskunta;1
1447;127/2024;2024_127_195;kustannus;1
1447;127/2024;2024_127_195;suora;1
1447;127/2024;2024_127_195;sitaatti;2
1447;127/2024;2024_127_213;herra;1
1447;127/2024;2024_127_213;puhemies;1
1447;127/2024;2024_127_213;niin;6
1447;127/2024;2024_127_213;kuin;2
1447;127/2024;2024_127_213;tämä;18
1447;127/2024;2024_127_213;juuri;2
1447;127/2024;2024_127_213;edellä;1
1447;127/2024;2024_127_213;todeta;6
1447;127/2024;2024_127_213;täällä;1
1447;127/2024;2024_127_213;olla;30
1447;127/2024;2024_127_213;pitää;2
1447;127/2024;2024_127_213;todella;1
1447;127/2024;2024_127_213;hyvä;1
1447;127/2024;2024_127_213;puheenvuoro;1
1447;127/2024;2024_127_213;ja;17
1447;127/2024;2024_127_213;tänään;1
1447;127/2024;2024_127_213;jo;2
1447;127/2024;2024_127_213;toinen;1
1447;127/2024;2024_127_213;leikkauspäätös;1
1447;127/2024;2024_127_213;se;20
1447;127/2024;2024_127_213;aiempi;1
1447;127/2024;2024_127_213;lukuinen;1
1447;127/2024;2024_127_213;leikkaus;4
1447;127/2024;2024_127_213;surullinen;1
1447;127/2024;2024_127_213;sarja;1
1447;127/2024;2024_127_213;vaikuttaa;1
1447;127/2024;2024_127_213;siis;3
1447;127/2024;2024_127_213;yli;4
1447;127/2024;2024_127_213;eläkkeensaaja;2
1447;127/2024;2024_127_213;saada;7
1447;127/2024;2024_127_213;asumistuki;3
1447;127/2024;2024_127_213;lakata;1
1447;127/2024;2024_127_213;kokonaan;1
1447;127/2024;2024_127_213;päälle;1
1447;127/2024;2024_127_213;tulla;3
1447;127/2024;2024_127_213;vielä;1
1447;127/2024;2024_127_213;yleinen;1
1447;127/2024;2024_127_213;kotitalous;1
1447;127/2024;2024_127_213;määrä;1
1447;127/2024;2024_127_213;kyllä;2
1447;127/2024;2024_127_213;keskustelu;1
1447;127/2024;2024_127_213;selvä;1
1447;127/2024;2024_127_213;että;8
1447;127/2024;2024_127_213;suomi;1
1447;127/2024;2024_127_213;nykyinen;1
1447;127/2024;2024_127_213;asuntokanta;1
1447;127/2024;2024_127_213;ei;13
1447;127/2024;2024_127_213;tukea;1
1447;127/2024;2024_127_213;sellainen;2
1447;127/2024;2024_127_213;malli;1
1447;127/2024;2024_127_213;joka;6
1447;127/2024;2024_127_213;esitys;2
1447;127/2024;2024_127_213;tehdä;5
1447;127/2024;2024_127_213;oma;1
1447;127/2024;2024_127_213;kotikaupunki;1
1447;127/2024;2024_127_213;riittävästi;1
1447;127/2024;2024_127_213;asunto;5
1447;127/2024;2024_127_213;tuki;2
1447;127/2024;2024_127_213;problematiikka;1
1447;127/2024;2024_127_213;kaupunki;2
1447;127/2024;2024_127_213;yrittää;2
1447;127/2024;2024_127_213;ratkaista;2
1447;127/2024;2024_127_213;kuinka;3
1447;127/2024;2024_127_213;voida;2
1447;127/2024;2024_127_213;vastata;1
1447;127/2024;2024_127_213;mutta;4
1447;127/2024;2024_127_213;päätös;1
1447;127/2024;2024_127_213;nopea;2
1447;127/2024;2024_127_213;ratkaisu;1
1447;127/2024;2024_127_213;pieni;1
1447;127/2024;2024_127_213;edullinen;1
1447;127/2024;2024_127_213;kaikki;2
1447;127/2024;2024_127_213;tarvita;2
1447;127/2024;2024_127_213;perhe;1
1447;127/2024;2024_127_213;rakenne;1
1447;127/2024;2024_127_213;vuosi;3
1447;127/2024;2024_127_213;saatto;1
1447;127/2024;2024_127_213;muuttua;1
1447;127/2024;2024_127_213;asuntorakentaminen;1
1447;127/2024;2024_127_213;pysyä;1
1447;127/2024;2024_127_213;mukana;1
1447;127/2024;2024_127_213;tieten;1
1447;127/2024;2024_127_213;erityisesti;1
1447;127/2024;2024_127_213;muuttotappiokunta;2
1447;127/2024;2024_127_213;asia;2
1447;127/2024;2024_127_213;myös;1
1447;127/2024;2024_127_213;moni;1
1447;127/2024;2024_127_213;muu;1
1447;127/2024;2024_127_213;kunta;1
1447;127/2024;2024_127_213;haluta;1
1447;127/2024;2024_127_213;esittää;1
1447;127/2024;2024_127_213;yksi;1
1447;127/2024;2024_127_213;esimerkki;3
1447;127/2024;2024_127_213;jotenkin;1
1447;127/2024;2024_127_213;valaista;1
1447;127/2024;2024_127_213;mikä;3
1447;127/2024;2024_127_213;käytäntö;2
1447;127/2024;2024_127_213;tarkoittaa;2
1447;127/2024;2024_127_213;omistusasunto;2
1447;127/2024;2024_127_213;uusimaa;2
1447;127/2024;2024_127_213;asua;2
1447;127/2024;2024_127_213;mummo;1
1447;127/2024;2024_127_213;eläke;2
1447;127/2024;2024_127_213;noin;1
1447;127/2024;2024_127_213;euro;3
1447;127/2024;2024_127_213;kuukausi;2
1447;127/2024;2024_127_213;osake;1
1447;127/2024;2024_127_213;muutama;1
1447;127/2024;2024_127_213;sitten;4
1447;127/2024;2024_127_213;iso;1
1447;127/2024;2024_127_213;remontti;1
1447;127/2024;2024_127_213;yhtiövastike;2
1447;127/2024;2024_127_213;pelkästään;1
1447;127/2024;2024_127_213;kun;3
1447;127/2024;2024_127_213;nyt;2
1447;127/2024;2024_127_213;myynti;1
1447;127/2024;2024_127_213;pari;1
1447;127/2024;2024_127_213;aika;1
1447;127/2024;2024_127_213;kauppa;1
1447;127/2024;2024_127_213;käydä;1
1447;127/2024;2024_127_213;ihminen;4
1447;127/2024;2024_127_213;tilanne;2
1447;127/2024;2024_127_213;aidosti;1
1447;127/2024;2024_127_213;aikoa;1
1447;127/2024;2024_127_213;varallisuusharkinta;1
1447;127/2024;2024_127_213;poistuminen;1
1447;127/2024;2024_127_213;jatko;1
1447;127/2024;2024_127_213;myydä;1
1447;127/2024;2024_127_213;mennä;1
1447;127/2024;2024_127_213;konkurssi;1
1447;127/2024;2024_127_213;vai;2
1447;127/2024;2024_127_213;hän;1
1447;127/2024;2024_127_213;oikein;1
1447;127/2024;2024_127_213;tapahtua;1
1447;127/2024;2024_127_213;lahjoittaa;1
1447;127/2024;2024_127_213;jokin;1
1447;127/2024;2024_127_213;eteenpäin;1
1447;127/2024;2024_127_213;kela;1
1447;127/2024;2024_127_213;varallisuus;1
1447;127/2024;2024_127_213;negatiivinen;1
1447;127/2024;2024_127_213;koskea;1
1447;127/2024;2024_127_213;vain;1
1447;127/2024;2024_127_213;ostaa;2
1447;127/2024;2024_127_213;lääke;1
1447;127/2024;2024_127_213;ruoka;1
1447;127/2024;2024_127_213;verran;1
1447;127/2024;2024_127_213;raha;1
1447;127/2024;2024_127_213;riittää;2
1447;127/2024;2024_127_213;mahdollinen;1
1447;127/2024;2024_127_213;tinkiä;1
1447;127/2024;2024_127_213;toimeentulotukiriippuvuus;1
1447;127/2024;2024_127_213;kasvaa;1
1447;127/2024;2024_127_213;pakko;2
1447;127/2024;2024_127_213;osa;1
1447;127/2024;2024_127_213;toimeentulotuki;1
1447;127/2024;2024_127_213;hakea;1
1447;127/2024;2024_127_213;vaikka;1
1447;127/2024;2024_127_213;oikeuttaa;1
1447;127/2024;2024_127_213;eli;1
1447;127/2024;2024_127_213;ottaa;2
1447;127/2024;2024_127_213;miten;1
1447;127/2024;2024_127_213;kanta;2
1447;127/2024;2024_127_213;epäoikeudenmukainen;1
1447;127/2024;2024_127_213;hallitus;2
1447;127/2024;2024_127_213;taas;1
1447;127/2024;2024_127_213;epäoikeudenmukaisuus;1
1447;127/2024;2024_127_213;tunne;1
1447;127/2024;2024_127_213;suhde;1
1447;127/2024;2024_127_213;kautta;1
1447;127/2024;2024_127_213;linja;1
1447;127/2024;2024_127_213;valmiiksi;1
1447;127/2024;2024_127_213;heikko-osainen;1
1447;127/2024;2024_127_213;pienituloinen;1
1447;127/2024;2024_127_247;arvoisa;1
1447;127/2024;2024_127_247;puhemies;1
1447;127/2024;2024_127_247;tämä;17
1447;127/2024;2024_127_247;sali;1
1447;127/2024;2024_127_247;ja;16
1447;127/2024;2024_127_247;kausi;3
1447;127/2024;2024_127_247;olla;29
1447;127/2024;2024_127_247;puhua;1
1447;127/2024;2024_127_247;paljon;1
1447;127/2024;2024_127_247;pohjoismainen;1
1447;127/2024;2024_127_247;malli;5
1447;127/2024;2024_127_247;viime;1
1447;127/2024;2024_127_247;aika;2
1447;127/2024;2024_127_247;kuulla;1
1447;127/2024;2024_127_247;ministeri;1
1447;127/2024;2024_127_247;puheenvuoro;1
1447;127/2024;2024_127_247;tanska;1
1447;127/2024;2024_127_247;se;18
1447;127/2024;2024_127_247;ruotsi;4
1447;127/2024;2024_127_247;moni;1
1447;127/2024;2024_127_247;kerta;2
1447;127/2024;2024_127_247;käsittely;1
1447;127/2024;2024_127_247;ehkä;1
1447;127/2024;2024_127_247;nyt;1
1447;127/2024;2024_127_247;taas;2
1447;127/2024;2024_127_247;yksi;2
1447;127/2024;2024_127_247;joka;5
1447;127/2024;2024_127_247;hallitus;2
1447;127/2024;2024_127_247;esittää;1
1447;127/2024;2024_127_247;jotenkin;3
1447;127/2024;2024_127_247;toivoa;1
1447;127/2024;2024_127_247;että;12
1447;127/2024;2024_127_247;minä;2
1447;127/2024;2024_127_247;täällä;4
1447;127/2024;2024_127_247;suomi;3
1447;127/2024;2024_127_247;sellainen;3
1447;127/2024;2024_127_247;mutta;4
1447;127/2024;2024_127_247;tuntua;2
1447;127/2024;2024_127_247;vähä;1
1447;127/2024;2024_127_247;pääministeri;1
1447;127/2024;2024_127_247;jo;2
1447;127/2024;2024_127_247;alku;1
1447;127/2024;2024_127_247;sanoa;2
1447;127/2024;2024_127_247;kukaan;1
1447;127/2024;2024_127_247;ei;4
1447;127/2024;2024_127_247;tulla;3
1447;127/2024;2024_127_247;vaatia;1
1447;127/2024;2024_127_247;kohtuuton;3
1447;127/2024;2024_127_247;täytyä;1
1447;127/2024;2024_127_247;kyllä;8
1447;127/2024;2024_127_247;siirtymäaika;1
1447;127/2024;2024_127_247;todella;1
1447;127/2024;2024_127_247;ihminen;1
1447;127/2024;2024_127_247;näkökulma;1
1447;127/2024;2024_127_247;pakottaa;1
1447;127/2024;2024_127_247;muuttaa;1
1447;127/2024;2024_127_247;muutos;1
1447;127/2024;2024_127_247;takia;1
1447;127/2024;2024_127_247;nopeasti;1
1447;127/2024;2024_127_247;voimaan;1
1447;127/2024;2024_127_247;aivan;1
1447;127/2024;2024_127_247;selvä;3
1447;127/2024;2024_127_247;ymmärrettävä;1
1447;127/2024;2024_127_247;esitys;2
1447;127/2024;2024_127_247;herättää;1
1447;127/2024;2024_127_247;ulkomaa;1
1447;127/2024;2024_127_247;asua;3
1447;127/2024;2024_127_247;eläkkeensaaja;2
1447;127/2024;2024_127_247;keskuudessa;1
1447;127/2024;2024_127_247;epätietoisuus;1
1447;127/2024;2024_127_247;pelko;1
1447;127/2024;2024_127_247;oma;1
1447;127/2024;2024_127_247;toimeentulo;1
1447;127/2024;2024_127_247;tulevaisuus;1
1447;127/2024;2024_127_247;niin;8
1447;127/2024;2024_127_247;kuin;3
1447;127/2024;2024_127_247;usea;2
1447;127/2024;2024_127_247;mainita;1
1447;127/2024;2024_127_247;yhdenvertaisuus;1
1447;127/2024;2024_127_247;asia;3
1447;127/2024;2024_127_247;luulla;1
1447;127/2024;2024_127_247;itse;2
1447;127/2024;2024_127_247;kohdella;1
1447;127/2024;2024_127_247;eriarvoisesti;1
1447;127/2024;2024_127_247;maa;1
1447;127/2024;2024_127_247;sosiaaliturvasopimus;1
1447;127/2024;2024_127_247;tehdä;3
1447;127/2024;2024_127_247;luetella;1
1447;127/2024;2024_127_247;esimerkiksi;2
1447;127/2024;2024_127_247;yhdysvalta;1
1447;127/2024;2024_127_247;kanada;1
1447;127/2024;2024_127_247;chile;1
1447;127/2024;2024_127_247;israel;1
1447;127/2024;2024_127_247;erityinen;2
1447;127/2024;2024_127_247;erikoinen;1
1447;127/2024;2024_127_247;viro;1
1447;127/2024;2024_127_247;eläkeläinen;1
1447;127/2024;2024_127_247;kohdata;1
1447;127/2024;2024_127_247;keskustella;1
1447;127/2024;2024_127_247;kanssa;2
1447;127/2024;2024_127_247;sieltä;1
1447;127/2024;2024_127_247;saada;1
1447;127/2024;2024_127_247;eläke;1
1447;127/2024;2024_127_247;kun;1
1447;127/2024;2024_127_247;poistua;1
1447;127/2024;2024_127_247;epäarvoisuus;1
1447;127/2024;2024_127_247;tunne;1
1447;127/2024;2024_127_247;hän;1
1447;127/2024;2024_127_247;ihan;1
1447;127/2024;2024_127_247;valtava;1
1447;127/2024;2024_127_247;suuri;1
1447;127/2024;2024_127_247;varmasti;1
1447;127/2024;2024_127_247;sama;1
1447;127/2024;2024_127_247;tapa;1
1447;127/2024;2024_127_247;näin;1
1447;127/2024;2024_127_247;päin;1
1447;127/2024;2024_127_247;ajatus;1
1447;127/2024;2024_127_247;no;1
1447;127/2024;2024_127_247;voida;1
1447;127/2024;2024_127_247;eu;1
1447;127/2024;2024_127_247;sisällä;1
1447;127/2024;2024_127_247;sitten;1
1447;127/2024;2024_127_247;tällainen;1
1447;127/2024;2024_127_247;sopimus;2
1447;127/2024;2024_127_247;edes;1
1447;127/2024;2024_127_247;eu-maa;1
1447;127/2024;2024_127_247;sosiaaliturvatakuu;1
1447;127/2024;2024_127_247;aina;1
1447;127/2024;2024_127_247;voimassa;1
1447;127/2024;2024_127_247;esimerkki;1
1447;127/2024;2024_127_247;kokeilla;1
1447;127/2024;2024_127_247;keppi;1
1447;127/2024;2024_127_247;jää;1
1447;127/2024;2024_127_247;mikä;1
1447;127/2024;2024_127_247;harmaa;1
1447;127/2024;2024_127_247;raja;1
1447;127/2024;2024_127_247;eu-oikeus;2
1447;127/2024;2024_127_247;kansainvälinen;1
1447;127/2024;2024_127_247;suhteen;1
1447;127/2024;2024_127_247;ote;1
1447;127/2024;2024_127_247;kertoa;1
1447;127/2024;2024_127_247;ollenkaan;1
1447;127/2024;2024_127_247;linja;1
1447;127/2024;2024_127_247;eu-sopimus;1
1447;127/2024;2024_127_247;tärkeä;1
1447;127/2024;2024_127_247;seikka;1
1447;127/2024;2024_127_247;nostaa;1
1447;127/2024;2024_127_247;esiin;1
1447;128/2024;2024_128_135;arvoisa;1
1447;128/2024;2024_128_135;puhemies;1
1447;128/2024;2024_128_135;ei;7
1447;128/2024;2024_128_135;oikein;1
1447;128/2024;2024_128_135;tietää;3
1447;128/2024;2024_128_135;mikä;3
1447;128/2024;2024_128_135;tämä;37
1447;128/2024;2024_128_135;aloittaa;2
1447;128/2024;2024_128_135;mutta;8
1447;128/2024;2024_128_135;ottaa;1
1447;128/2024;2024_128_135;ensimmäinen;1
1447;128/2024;2024_128_135;puheenvuoro;1
1447;128/2024;2024_128_135;vaikka;3
1447;128/2024;2024_128_135;neuvonta;3
1447;128/2024;2024_128_135;ja;41
1447;128/2024;2024_128_135;valvonta;8
1447;128/2024;2024_128_135;jos;2
1447;128/2024;2024_128_135;se;39
1447;128/2024;2024_128_135;että;24
1447;128/2024;2024_128_135;totta;4
1447;128/2024;2024_128_135;kai;4
1447;128/2024;2024_128_135;minä;15
1447;128/2024;2024_128_135;lähtökohtaisesti;1
1447;128/2024;2024_128_135;kannattaa;1
1447;128/2024;2024_128_135;paikallinen;4
1447;128/2024;2024_128_135;sopiminen;3
1447;128/2024;2024_128_135;työnantaja;3
1447;128/2024;2024_128_135;työntekijä;10
1447;128/2024;2024_128_135;sopia;3
1447;128/2024;2024_128_135;asia;5
1447;128/2024;2024_128_135;tasapainoisesti;1
1447;128/2024;2024_128_135;yhdessä;1
1447;128/2024;2024_128_135;itse;4
1447;128/2024;2024_128_135;olla;59
1447;128/2024;2024_128_135;saada;1
1447;128/2024;2024_128_135;hyödyntää;1
1447;128/2024;2024_128_135;usea;4
1447;128/2024;2024_128_135;sopimus;7
1447;128/2024;2024_128_135;sairaanhoitaja;1
1447;128/2024;2024_128_135;työ;5
1447;128/2024;2024_128_135;täällä;3
1447;128/2024;2024_128_135;hallituspuoli;1
1447;128/2024;2024_128_135;julkinen;4
1447;128/2024;2024_128_135;sektori;3
1447;128/2024;2024_128_135;työskennellä;1
1447;128/2024;2024_128_135;edustaja;1
1447;128/2024;2024_128_135;esitys;5
1447;128/2024;2024_128_135;kehua;1
1447;128/2024;2024_128_135;niin;10
1447;128/2024;2024_128_135;siis;5
1447;128/2024;2024_128_135;koskea;2
1447;128/2024;2024_128_135;muu;2
1447;128/2024;2024_128_135;siellä;5
1447;128/2024;2024_128_135;tehdä;7
1447;128/2024;2024_128_135;koska;1
1447;128/2024;2024_128_135;puoli;3
1447;128/2024;2024_128_135;järjestäytyä;2
1447;128/2024;2024_128_135;molemmat;1
1447;128/2024;2024_128_135;välillisesti;1
1447;128/2024;2024_128_135;kyllä;6
1447;128/2024;2024_128_135;tulla;10
1447;128/2024;2024_128_135;vaikutus;1
1447;128/2024;2024_128_135;pitkä;2
1447;128/2024;2024_128_135;aikaväli;2
1447;128/2024;2024_128_135;myös;2
1447;128/2024;2024_128_135;sinne;2
1447;128/2024;2024_128_135;nimenomaan;2
1447;128/2024;2024_128_135;vaikuttaa;1
1447;128/2024;2024_128_135;palkka;2
1447;128/2024;2024_128_135;työehto;1
1447;128/2024;2024_128_135;heikentävästi;1
1447;128/2024;2024_128_135;ajatella;2
1447;128/2024;2024_128_135;kaikki;4
1447;128/2024;2024_128_135;hallitus;3
1447;128/2024;2024_128_135;työmarkkinat;3
1447;128/2024;2024_128_135;murskata;1
1447;128/2024;2024_128_135;kaikkein;1
1447;128/2024;2024_128_135;haitallinen;1
1447;128/2024;2024_128_135;hankala;2
1447;128/2024;2024_128_135;oikeus;2
1447;128/2024;2024_128_135;polkea;2
1447;128/2024;2024_128_135;sali;1
1447;128/2024;2024_128_135;toivoa;1
1447;128/2024;2024_128_135;aiemmin;4
1447;128/2024;2024_128_135;tänään;2
1447;128/2024;2024_128_135;sopu;3
1447;128/2024;2024_128_135;nimenomaisesti;2
1447;128/2024;2024_128_135;kaivata;1
1447;128/2024;2024_128_135;aina;2
1447;128/2024;2024_128_135;mikään;1
1447;128/2024;2024_128_135;tapa;1
1447;128/2024;2024_128_135;edistää;4
1447;128/2024;2024_128_135;työmarkkinakenttä;1
1447;128/2024;2024_128_135;rauhoittua;1
1447;128/2024;2024_128_135;löytyä;1
1447;128/2024;2024_128_135;voida;5
1447;128/2024;2024_128_135;paikallisesti;1
1447;128/2024;2024_128_135;jo;11
1447;128/2024;2024_128_135;saakka;1
1447;128/2024;2024_128_135;hyvin;4
1447;128/2024;2024_128_135;kuin;4
1447;128/2024;2024_128_135;minimiehto;1
1447;128/2024;2024_128_135;tuossa;2
1447;128/2024;2024_128_135;sanoa;1
1447;128/2024;2024_128_135;päättäjä;1
1447;128/2024;2024_128_135;iso;1
1447;128/2024;2024_128_135;tehtävä;1
1447;128/2024;2024_128_135;pyrkiä;1
1447;128/2024;2024_128_135;suojella;1
1447;128/2024;2024_128_135;heikko;1
1447;128/2024;2024_128_135;asema;1
1447;128/2024;2024_128_135;tapaus;5
1447;128/2024;2024_128_135;työvoima;2
1447;128/2024;2024_128_135;valiokunta;2
1447;128/2024;2024_128_135;puheenjohtaja;1
1447;128/2024;2024_128_135;mainita;2
1447;128/2024;2024_128_135;kilpailukyky;2
1447;128/2024;2024_128_135;tuottavuus;2
1447;128/2024;2024_128_135;jokin;1
1447;128/2024;2024_128_135;sellainen;2
1447;128/2024;2024_128_135;vaikutusarviointi;1
1447;128/2024;2024_128_135;joka;10
1447;128/2024;2024_128_135;todeta;2
1447;128/2024;2024_128_135;näin;1
1447;128/2024;2024_128_135;todellisuus;1
1447;128/2024;2024_128_135;kiinnostaa;1
1447;128/2024;2024_128_135;yksi;2
1447;128/2024;2024_128_135;kulmakivi;1
1447;128/2024;2024_128_135;kuinka;1
1447;128/2024;2024_128_135;aidosti;1
1447;128/2024;2024_128_135;käydä;1
1447;128/2024;2024_128_135;keskeinen;1
1447;128/2024;2024_128_135;pystyä;1
1447;128/2024;2024_128_135;tunnistaa;1
1447;128/2024;2024_128_135;riskiala;1
1447;128/2024;2024_128_135;erityisesti;1
1447;128/2024;2024_128_135;ala;2
1447;128/2024;2024_128_135;työvoimaresurssi;1
1447;128/2024;2024_128_135;erityinen;1
1447;128/2024;2024_128_135;suuri;2
1447;128/2024;2024_128_135;esimerkiksi;4
1447;128/2024;2024_128_135;palveluala;1
1447;128/2024;2024_128_135;rakennusala;5
1447;128/2024;2024_128_135;no;1
1447;128/2024;2024_128_135;resurssi;3
1447;128/2024;2024_128_135;rajallinen;2
1447;128/2024;2024_128_135;nyt;4
1447;128/2024;2024_128_135;palvelu;1
1447;128/2024;2024_128_135;epätyypillinen;1
1447;128/2024;2024_128_135;työsuhde;1
1447;128/2024;2024_128_135;ulkomainen;1
1447;128/2024;2024_128_135;haastaa;1
1447;128/2024;2024_128_135;hetki;3
1447;128/2024;2024_128_135;järjestäytymätön;1
1447;128/2024;2024_128_135;villi;3
1447;128/2024;2024_128_135;kenttä;1
1447;128/2024;2024_128_135;kaatua;1
1447;128/2024;2024_128_135;valtio;2
1447;128/2024;2024_128_135;viranomainen;8
1447;128/2024;2024_128_135;niska;1
1447;128/2024;2024_128_135;painopiste;1
1447;128/2024;2024_128_135;muuttua;1
1447;128/2024;2024_128_135;sisäinen;1
1447;128/2024;2024_128_135;välinen;1
1447;128/2024;2024_128_135;alle;1
1447;128/2024;2024_128_135;vaatia;1
1447;128/2024;2024_128_135;sama;1
1447;128/2024;2024_128_135;aika;1
1447;128/2024;2024_128_135;leikata;1
1447;128/2024;2024_128_135;noin;1
1447;128/2024;2024_128_135;euro;2
1447;128/2024;2024_128_135;antaa;2
1447;128/2024;2024_128_135;sitten;3
1447;128/2024;2024_128_135;takaisin;1
1447;128/2024;2024_128_135;tänne;3
1447;128/2024;2024_128_135;valvoa;3
1447;128/2024;2024_128_135;kertoa;3
1447;128/2024;2024_128_135;osa;2
1447;128/2024;2024_128_135;raha;1
1447;128/2024;2024_128_135;mennä;2
1447;128/2024;2024_128_135;ictkustannus;1
1447;128/2024;2024_128_135;jotenka;1
1447;128/2024;2024_128_135;todellinen;1
1447;128/2024;2024_128_135;lisäresurssi;1
1447;128/2024;2024_128_135;työelämälainsäädäntö;1
1447;128/2024;2024_128_135;professori;1
1447;128/2024;2024_128_135;kautta;1
1447;128/2024;2024_128_135;linja;1
1447;128/2024;2024_128_135;kuuleminen;2
1447;128/2024;2024_128_135;usein;3
1447;128/2024;2024_128_135;hän;5
1447;128/2024;2024_128_135;joutua;1
1447;128/2024;2024_128_135;pohtia;2
1447;128/2024;2024_128_135;eri;1
1447;128/2024;2024_128_135;tilanne;2
1447;128/2024;2024_128_135;tulkinta;2
1447;128/2024;2024_128_135;vapaus;1
1447;128/2024;2024_128_135;yritys;4
1447;128/2024;2024_128_135;kun;3
1447;128/2024;2024_128_135;ymmärtää;3
1447;128/2024;2024_128_135;reunaehto;1
1447;128/2024;2024_128_135;sisällä;1
1447;128/2024;2024_128_135;laajuus;1
1447;128/2024;2024_128_135;sopiva;1
1447;128/2024;2024_128_135;täyttää;1
1447;128/2024;2024_128_135;ehto;2
1447;128/2024;2024_128_135;työsuojeluviranomainen;1
1447;128/2024;2024_128_135;työehtosopimusosaama;1
1447;128/2024;2024_128_135;jatko;2
1447;128/2024;2024_128_135;kehittää;1
1447;128/2024;2024_128_135;tarvita;2
1447;128/2024;2024_128_135;liitto;2
1447;128/2024;2024_128_135;tuki;1
1447;128/2024;2024_128_135;mahdollisuus;2
1447;128/2024;2024_128_135;auttaa;1
1447;128/2024;2024_128_135;arvio;1
1447;128/2024;2024_128_135;sata;1
1447;128/2024;2024_128_135;vuosi;1
1447;128/2024;2024_128_135;vastuu;1
1447;128/2024;2024_128_135;kuitenkin;1
1447;128/2024;2024_128_135;päässä;1
1447;128/2024;2024_128_135;pistokoe;1
1447;128/2024;2024_128_135;riittävä;1
1447;128/2024;2024_128_135;jäädä;3
1447;128/2024;2024_128_135;epäselvä;1
1447;128/2024;2024_128_135;millainen;1
1447;128/2024;2024_128_135;kyky;2
1447;128/2024;2024_128_135;suomi;3
1447;128/2024;2024_128_135;vastaanottaa;1
1447;128/2024;2024_128_135;tällainen;1
1447;128/2024;2024_128_135;työkulttuuri;1
1447;128/2024;2024_128_135;tulo;1
1447;128/2024;2024_128_135;häviäjä;1
1447;128/2024;2024_128_135;suomalainen;2
1447;128/2024;2024_128_135;muutos;1
1447;128/2024;2024_128_135;kohti;1
1447;128/2024;2024_128_135;halpatyömaa;1
1447;128/2024;2024_128_135;paljon;1
1447;128/2024;2024_128_135;kunnossa;1
1447;128/2024;2024_128_135;toiminta;1
1447;128/2024;2024_128_135;haluta;2
1447;128/2024;2024_128_135;ehdottomasti;1
1447;128/2024;2024_128_135;kannustaa;1
1447;128/2024;2024_128_135;tuoda;1
1447;128/2024;2024_128_135;tarkoittaa;2
1447;128/2024;2024_128_135;tallinna;1
1447;128/2024;2024_128_135;satama;2
1447;128/2024;2024_128_135;ylityö;1
1447;128/2024;2024_128_135;lisä;1
1447;128/2024;2024_128_135;maksaa;2
1447;128/2024;2024_128_135;tieto;3
1447;128/2024;2024_128_135;työtunti;1
1447;128/2024;2024_128_135;kokonaan;1
1447;128/2024;2024_128_135;muodostua;2
1447;128/2024;2024_128_135;tai;1
1447;128/2024;2024_128_135;vielä;1
1447;128/2024;2024_128_135;paheta;1
1447;128/2024;2024_128_135;palkkamarkkina;1
1447;128/2024;2024_128_135;mitä;1
1447;128/2024;2024_128_135;kauempaa;1
1447;128/2024;2024_128_135;henkilö;1
1447;128/2024;2024_128_135;sitä;1
1447;128/2024;2024_128_135;huono;1
1447;128/2024;2024_128_135;yleensä;1
1447;128/2024;2024_128_135;hyvä;1
1447;128/2024;2024_128_135;esimerkki;1
1447;128/2024;2024_128_135;vaihtuvuus;1
1447;128/2024;2024_128_135;tilapäisyys;1
1447;128/2024;2024_128_135;rakennustyö;1
1447;128/2024;2024_128_135;edetä;2
1447;128/2024;2024_128_135;nopeasti;2
1447;128/2024;2024_128_135;mahdollinen;1
1447;128/2024;2024_128_135;selvittää;1
1447;128/2024;2024_128_135;melkein;1
1447;128/2024;2024_128_135;lähettää;1
1447;128/2024;2024_128_135;jotta;1
1447;128/2024;2024_128_135;keretä;1
1447;128/2024;2024_128_135;puuttua;1
1447;128/2024;2024_128_135;työaikakirjanpito;1
1447;128/2024;2024_128_135;tarkastus;1
1447;128/2024;2024_128_135;prosentti;1
1447;128/2024;2024_128_135;puute;1
1447;128/2024;2024_128_135;kiinni;1
1447;128/2024;2024_128_135;jääminen;1
1447;128/2024;2024_128_135;satunnainen;1
1447;128/2024;2024_128_135;seuraamus;1
1447;128/2024;2024_128_135;täysin;1
1447;128/2024;2024_128_135;riittämätön;1
1447;128/2024;2024_128_135;viimeinen;1
1447;128/2024;2024_128_135;nostaa;1
1447;128/2024;2024_128_135;esiin;1
1447;128/2024;2024_128_135;seikka;1
1447;128/2024;2024_128_135;oleellinen;1
1447;128/2024;2024_128_135;lainsäädäntö;1
1447;128/2024;2024_128_135;pitää;1
1447;128/2024;2024_128_135;tukea;1
1447;128/2024;2024_128_135;poistaa;1
1447;128/2024;2024_128_135;mätä;2
1447;128/2024;2024_128_135;omena;2
1447;128/2024;2024_128_135;kori;1
1447;128/2024;2024_128_135;lisääntyminen;1
1447;128/2024;2024_128_135;puuttuminen;1
1447;128/2024;2024_128_135;välittäminen;2
1447;128/2024;2024_128_135;etu;1
1447;128/2024;2024_128_135;huolehtiminen;1
1447;128/2024;2024_128_160;arvoisa;1
1447;128/2024;2024_128_160;puhemies;1
1447;128/2024;2024_128_160;tämä;31
1447;128/2024;2024_128_160;riittää;1
1447;128/2024;2024_128_160;paljon;2
1447;128/2024;2024_128_160;puhua;2
1447;128/2024;2024_128_160;ja;42
1447;128/2024;2024_128_160;jos;5
1447;128/2024;2024_128_160;tuo;1
1447;128/2024;2024_128_160;edellinen;1
1447;128/2024;2024_128_160;puheenvuoro;2
1447;128/2024;2024_128_160;käydä;2
1447;128/2024;2024_128_160;lävitse;1
1447;128/2024;2024_128_160;valvonta;1
1447;128/2024;2024_128_160;neuvonta;1
1447;128/2024;2024_128_160;liittyä;1
1447;128/2024;2024_128_160;asiakokonaisuus;1
1447;128/2024;2024_128_160;niin;8
1447;128/2024;2024_128_160;nyt;8
1447;128/2024;2024_128_160;sitten;4
1447;128/2024;2024_128_160;vaikka;1
1447;128/2024;2024_128_160;esimerkiksi;6
1447;128/2024;2024_128_160;luottamusmies;9
1447;128/2024;2024_128_160;luottamusvaltuutettu;11
1447;128/2024;2024_128_160;rooli;2
1447;128/2024;2024_128_160;haaste;1
1447;128/2024;2024_128_160;muu;3
1447;128/2024;2024_128_160;seikka;2
1447;128/2024;2024_128_160;ajatella;1
1447;128/2024;2024_128_160;mitä;1
1447;128/2024;2024_128_160;suuri;1
1447;128/2024;2024_128_160;määrin;1
1447;128/2024;2024_128_160;että;19
1447;128/2024;2024_128_160;paikallinen;1
1447;128/2024;2024_128_160;sopiminen;2
1447;128/2024;2024_128_160;yleisesti;1
1447;128/2024;2024_128_160;yhteistyö;1
1447;128/2024;2024_128_160;työntekijä;13
1447;128/2024;2024_128_160;työnantaja;6
1447;128/2024;2024_128_160;välillä;3
1447;128/2024;2024_128_160;vaatia;3
1447;128/2024;2024_128_160;luottamus;2
1447;128/2024;2024_128_160;kuuntelu;1
1447;128/2024;2024_128_160;yhteinen;2
1447;128/2024;2024_128_160;maali;2
1447;128/2024;2024_128_160;pelaaminen;1
1447;128/2024;2024_128_160;se;36
1447;128/2024;2024_128_160;oikea;2
1447;128/2024;2024_128_160;henkilö;4
1447;128/2024;2024_128_160;olla;63
1447;128/2024;2024_128_160;paikka;1
1447;128/2024;2024_128_160;työ;2
1447;128/2024;2024_128_160;vuoropuhelu;1
1447;128/2024;2024_128_160;soida;1
1447;128/2024;2024_128_160;myös;1
1447;128/2024;2024_128_160;hallituspuolue;1
1447;128/2024;2024_128_160;edustaja;6
1447;128/2024;2024_128_160;kuunnella;1
1447;128/2024;2024_128_160;haluta;2
1447;128/2024;2024_128_160;herättää;1
1447;128/2024;2024_128_160;pelata;1
1447;128/2024;2024_128_160;kuin;5
1447;128/2024;2024_128_160;valiokunta;1
1447;128/2024;2024_128_160;kuuleminen;2
1447;128/2024;2024_128_160;kuulla;2
1447;128/2024;2024_128_160;kuinka;5
1447;128/2024;2024_128_160;sokkihoito;2
1447;128/2024;2024_128_160;työmarkkinat;1
1447;128/2024;2024_128_160;hallitus;4
1447;128/2024;2024_128_160;aivan;4
1447;128/2024;2024_128_160;itse;1
1447;128/2024;2024_128_160;valita;4
1447;128/2024;2024_128_160;ottaa;2
1447;128/2024;2024_128_160;juuri;2
1447;128/2024;2024_128_160;kohta;1
1447;128/2024;2024_128_160;agenda;1
1447;128/2024;2024_128_160;tuomioistuin;1
1447;128/2024;2024_128_160;todeta;3
1447;128/2024;2024_128_160;suomi;3
1447;128/2024;2024_128_160;kansalainen;2
1447;128/2024;2024_128_160;oikeus;8
1447;128/2024;2024_128_160;pääseminen;1
1447;128/2024;2024_128_160;vaikeutua;1
1447;128/2024;2024_128_160;esitys;3
1447;128/2024;2024_128_160;jälkeen;1
1447;128/2024;2024_128_160;entisestään;1
1447;128/2024;2024_128_160;tulla;5
1447;128/2024;2024_128_160;lisätä;1
1447;128/2024;2024_128_160;epäselvyys;3
1447;128/2024;2024_128_160;eri;3
1447;128/2024;2024_128_160;oikeusaste;1
1447;128/2024;2024_128_160;kustannus;1
1447;128/2024;2024_128_160;kallis;1
1447;128/2024;2024_128_160;oikeudenkäynti;1
1447;128/2024;2024_128_160;tieto;9
1447;128/2024;2024_128_160;lisää;1
1447;128/2024;2024_128_160;kansainvälinen;6
1447;128/2024;2024_128_160;sopimus;17
1447;128/2024;2024_128_160;tarkoitus;2
1447;128/2024;2024_128_160;varmistaa;6
1447;128/2024;2024_128_160;valtuutettu;9
1447;128/2024;2024_128_160;osaaminen;8
1447;128/2024;2024_128_160;mutta;4
1447;128/2024;2024_128_160;jo;3
1447;128/2024;2024_128_160;nähdä;1
1447;128/2024;2024_128_160;suhtautua;1
1447;128/2024;2024_128_160;kokonaisuus;2
1447;128/2024;2024_128_160;viedä;1
1447;128/2024;2024_128_160;minä;8
1447;128/2024;2024_128_160;nimenomaan;4
1447;128/2024;2024_128_160;kauemmaksi;1
1447;128/2024;2024_128_160;yhdessä;1
1447;128/2024;2024_128_160;sopia;3
1447;128/2024;2024_128_160;täällä;5
1447;128/2024;2024_128_160;usein;2
1447;128/2024;2024_128_160;mainita;2
1447;128/2024;2024_128_160;ilo;1
1447;128/2024;2024_128_160;kanssa;2
1447;128/2024;2024_128_160;aika;2
1447;128/2024;2024_128_160;mielenkiintoinen;1
1447;128/2024;2024_128_160;kun;5
1447;128/2024;2024_128_160;eilen;1
1447;128/2024;2024_128_160;keskustella;1
1447;128/2024;2024_128_160;maatalous;1
1447;128/2024;2024_128_160;sosiaalinen;2
1447;128/2024;2024_128_160;ehdollisuus;2
1447;128/2024;2024_128_160;asia;2
1447;128/2024;2024_128_160;hetki;3
1447;128/2024;2024_128_160;tilanne;1
1447;128/2024;2024_128_160;eu;2
1447;128/2024;2024_128_160;tuoda;2
1447;128/2024;2024_128_160;lainsäädäntö;2
1447;128/2024;2024_128_160;joka;7
1447;128/2024;2024_128_160;tavoite;2
1447;128/2024;2024_128_160;päinvastainen;2
1447;128/2024;2024_128_160;eli;1
1447;128/2024;2024_128_160;huolehtiminen;1
1447;128/2024;2024_128_160;turvata;1
1447;128/2024;2024_128_160;muun;1
1447;128/2024;2024_128_160;muassa;1
1447;128/2024;2024_128_160;edistää;3
1447;128/2024;2024_128_160;jatko;5
1447;128/2024;2024_128_160;maatila;1
1447;128/2024;2024_128_160;tuki;3
1447;128/2024;2024_128_160;voida;9
1447;128/2024;2024_128_160;leikata;1
1447;128/2024;2024_128_160;ei;14
1447;128/2024;2024_128_160;huolehtia;1
1447;128/2024;2024_128_160;pointti;1
1447;128/2024;2024_128_160;maa;1
1447;128/2024;2024_128_160;tehdä;7
1447;128/2024;2024_128_160;siis;3
1447;128/2024;2024_128_160;tarve;1
1447;128/2024;2024_128_160;yleinen;1
1447;128/2024;2024_128_160;etu;1
1447;128/2024;2024_128_160;vuoksi;1
1447;128/2024;2024_128_160;järjestäytyminen;1
1447;128/2024;2024_128_160;luoda;2
1447;128/2024;2024_128_160;rinnakkainen;1
1447;128/2024;2024_128_160;järjestelmä;1
1447;128/2024;2024_128_160;rinnalle;1
1447;128/2024;2024_128_160;hybridijärjestelmä;1
1447;128/2024;2024_128_160;voimassa;2
1447;128/2024;2024_128_160;järjestäytynyt;1
1447;128/2024;2024_128_160;järjestäytymätön;1
1447;128/2024;2024_128_160;sama;3
1447;128/2024;2024_128_160;työpaikka;3
1447;128/2024;2024_128_160;sellainen;2
1447;128/2024;2024_128_160;verrata;1
1447;128/2024;2024_128_160;vähän;2
1447;128/2024;2024_128_160;kansanedustaja;1
1447;128/2024;2024_128_160;toinen;4
1447;128/2024;2024_128_160;puolesta;3
1447;128/2024;2024_128_160;päätös;1
1447;128/2024;2024_128_160;tai;4
1447;128/2024;2024_128_160;silloin;3
1447;128/2024;2024_128_160;vastuu;2
1447;128/2024;2024_128_160;kyllä;6
1447;128/2024;2024_128_160;aidosti;2
1447;128/2024;2024_128_160;kova;1
1447;128/2024;2024_128_160;tehtävä;1
1447;128/2024;2024_128_160;vakavuus;1
1447;128/2024;2024_128_160;usea;1
1447;128/2024;2024_128_160;saada;6
1447;128/2024;2024_128_160;tekeminen;4
1447;128/2024;2024_128_160;kieltää;2
1447;128/2024;2024_128_160;heikentää;3
1447;128/2024;2024_128_160;tismalleen;1
1447;128/2024;2024_128_160;mieli;1
1447;128/2024;2024_128_160;näin;3
1447;128/2024;2024_128_160;toimia;2
1447;128/2024;2024_128_160;siirtyä;1
1447;128/2024;2024_128_160;sopimusautonoma;1
1447;128/2024;2024_128_160;kehys;1
1447;128/2024;2024_128_160;ulkopuolelle;1
1447;128/2024;2024_128_160;poikkeus;1
1447;128/2024;2024_128_160;sopimusautonomia;1
1447;128/2024;2024_128_160;työelämäprofessori;1
1447;128/2024;2024_128_160;kuitenkin;2
1447;128/2024;2024_128_160;käyttää;2
1447;128/2024;2024_128_160;suhonen;1
1447;128/2024;2024_128_160;aiempi;1
1447;128/2024;2024_128_160;painostus;1
1447;128/2024;2024_128_160;kohtaan;1
1447;128/2024;2024_128_160;eteen;1
1447;128/2024;2024_128_160;pystyä;1
1447;128/2024;2024_128_160;nykyisellään;1
1447;128/2024;2024_128_160;tietää;1
1447;128/2024;2024_128_160;tällainen;1
1447;128/2024;2024_128_160;aina;3
1447;128/2024;2024_128_160;selvä;1
1447;128/2024;2024_128_160;hyvä;3
1447;128/2024;2024_128_160;vai;2
1447;128/2024;2024_128_160;koulutus;1
1447;128/2024;2024_128_160;ymmärrys;1
1447;128/2024;2024_128_160;säädöskehikko;1
1447;128/2024;2024_128_160;hallinta;1
1447;128/2024;2024_128_160;johtaa;1
1447;128/2024;2024_128_160;huono;1
1447;128/2024;2024_128_160;suora;1
1447;128/2024;2024_128_160;yhteys;1
1447;128/2024;2024_128_160;millainen;1
1447;128/2024;2024_128_160;muodostaa;1
1447;128/2024;2024_128_160;epätasapaino;1
1447;128/2024;2024_128_160;suhteen;1
1447;128/2024;2024_128_160;mahdollisuus;1
1447;128/2024;2024_128_160;asiantuntija;1
1447;128/2024;2024_128_160;juristi;1
1447;128/2024;2024_128_160;samoin;1
1447;128/2024;2024_128_160;valtasuhde;1
1447;128/2024;2024_128_160;vaikutus;1
1447;128/2024;2024_128_160;tunnustaa;1
1447;128/2024;2024_128_160;huomioida;1
1447;128/2024;2024_128_160;varmistaminen;1
1447;128/2024;2024_128_160;kerryttäminen;1
1447;128/2024;2024_128_160;jäädä;2
1447;128/2024;2024_128_160;ilman;1
1447;128/2024;2024_128_160;minkäänlainen;1
1447;128/2024;2024_128_160;sanktio;1
1447;128/2024;2024_128_160;huolestuttava;1
1447;128/2024;2024_128_160;näyttää;1
1447;128/2024;2024_128_160;allekirjoittaa;1
1447;128/2024;2024_128_160;viimeinen;1
1447;128/2024;2024_128_160;turva;2
1447;128/2024;2024_128_160;lopulta;1
1447;128/2024;2024_128_160;valtio;1
1447;128/2024;2024_128_160;viranomainen;1
1447;128/2024;2024_128_160;riittävä;2
1447;128/2024;2024_128_160;kertoa;1
1447;128/2024;2024_128_160;yksi;1
1447;128/2024;2024_128_160;syy;1
1447;128/2024;2024_128_160;tuominen;1
1447;128/2024;2024_128_160;eduskunta;1
1447;128/2024;2024_128_160;kaikki;3
1447;128/2024;2024_128_160;no;1
1447;128/2024;2024_128_160;ratkaista;1
1447;128/2024;2024_128_160;moni;2
1447;128/2024;2024_128_160;tapa;1
1447;128/2024;2024_128_160;akava;1
1447;128/2024;2024_128_160;osallistua;2
1447;128/2024;2024_128_160;valinta;4
1447;128/2024;2024_128_160;hyvin;1
1447;128/2024;2024_128_160;erilainen;1
1447;128/2024;2024_128_160;keino;1
1447;128/2024;2024_128_160;pitää;2
1447;128/2024;2024_128_160;riittävästi;1
1447;128/2024;2024_128_160;päättää;1
1447;128/2024;2024_128_160;mikä;3
1447;128/2024;2024_128_160;malm;1
1447;128/2024;2024_128_160;edellä;1
1447;128/2024;2024_128_160;gdpr;1
1447;128/2024;2024_128_160;estää;1
1447;128/2024;2024_128_160;kuulua;1
1447;128/2024;2024_128_160;liitto;1
1447;128/2024;2024_128_160;herkkä;1
1447;128/2024;2024_128_160;julkinen;2
1447;128/2024;2024_128_160;julki;1
1447;128/2024;2024_128_160;järjestää;1
1447;128/2024;2024_128_160;kaksi;1
1447;128/2024;2024_128_160;vaali;1
1447;128/2024;2024_128_160;valtavasti;1
1447;128/2024;2024_128_160;edustaa;1
1447;128/2024;2024_128_160;koskea;2
1447;128/2024;2024_128_160;edustettu;1
1447;128/2024;2024_128_160;tapaus;1
1447;128/2024;2024_128_160;osaomistaja;1
1447;128/2024;2024_128_160;yrittäjä;1
1447;128/2024;2024_128_160;lähellä;1
1447;128/2024;2024_128_160;sukulainen;1
1447;128/2024;2024_128_160;asiantuntemus;1
1447;128/2024;2024_128_160;kuka;1
1447;128/2024;2024_128_160;pyytää;1
1447;128/2024;2024_128_160;apu;1
1447;128/2024;2024_128_160;tulkinta;1
1447;128/2024;2024_128_160;kuitenkaan;1
1447;128/2024;2024_128_160;painostaa;1
1447;128/2024;2024_128_160;pakottaa;1
1447;128/2024;2024_128_178;arvoisa;1
1447;128/2024;2024_128_178;rouva;1
1447;128/2024;2024_128_178;puhemies;1
1447;128/2024;2024_128_178;pakko;1
1447;128/2024;2024_128_178;olla;63
1447;128/2024;2024_128_178;todeta;2
1447;128/2024;2024_128_178;että;24
1447;128/2024;2024_128_178;erinomainen;1
1447;128/2024;2024_128_178;hienosti;1
1447;128/2024;2024_128_178;käännös;1
1447;128/2024;2024_128_178;tehdä;7
1447;128/2024;2024_128_178;ei;12
1447;128/2024;2024_128_178;kyllä;10
1447;128/2024;2024_128_178;ikinä;1
1447;128/2024;2024_128_178;pystyä;2
1447;128/2024;2024_128_178;vastaava;1
1447;128/2024;2024_128_178;palata;1
1447;128/2024;2024_128_178;tämä;34
1447;128/2024;2024_128_178;paikallinen;2
1447;128/2024;2024_128_178;sopiminen;2
1447;128/2024;2024_128_178;usea;2
1447;128/2024;2024_128_178;puheenvuoro;4
1447;128/2024;2024_128_178;jo;4
1447;128/2024;2024_128_178;aihe;1
1447;128/2024;2024_128_178;pitää;4
1447;128/2024;2024_128_178;mutta;3
1447;128/2024;2024_128_178;nyt;8
1447;128/2024;2024_128_178;päästä;1
1447;128/2024;2024_128_178;yleissitovuus;10
1447;128/2024;2024_128_178;kohtaan;1
1447;128/2024;2024_128_178;oma;1
1447;128/2024;2024_128_178;muistiinpano;1
1447;128/2024;2024_128_178;aloittaa;1
1447;128/2024;2024_128_178;ehkä;3
1447;128/2024;2024_128_178;se;25
1447;128/2024;2024_128_178;nimenomaan;6
1447;128/2024;2024_128_178;edustaja;3
1447;128/2024;2024_128_178;berg;1
1447;128/2024;2024_128_178;puhua;3
1447;128/2024;2024_128_178;kansainvälinen;2
1447;128/2024;2024_128_178;sopimus;5
1447;128/2024;2024_128_178;ja;21
1447;128/2024;2024_128_178;eurooppalainen;2
1447;128/2024;2024_128_178;konteksti;1
1447;128/2024;2024_128_178;normisto;1
1447;128/2024;2024_128_178;lähteä;2
1447;128/2024;2024_128_178;turvata;2
1447;128/2024;2024_128_178;ammatillinen;1
1447;128/2024;2024_128_178;järjestäytyminen;1
1447;128/2024;2024_128_178;asettaa;2
1447;128/2024;2024_128_178;valtio;1
1447;128/2024;2024_128_178;velvollisuus;2
1447;128/2024;2024_128_178;edistää;2
1447;128/2024;2024_128_178;työehtosopimusneuvottelu;1
1447;128/2024;2024_128_178;tavoite;1
1447;128/2024;2024_128_178;siellä;5
1447;128/2024;2024_128_178;järjestäytymätön;4
1447;128/2024;2024_128_178;työnantaja;4
1447;128/2024;2024_128_178;työntekijä;7
1447;128/2024;2024_128_178;vähimmäisoikeus;3
1447;128/2024;2024_128_178;kyse;1
1447;128/2024;2024_128_178;esitys;9
1447;128/2024;2024_128_178;heikentää;1
1447;128/2024;2024_128_178;saada;1
1447;128/2024;2024_128_178;kuulla;3
1447;128/2024;2024_128_178;valiokunta;2
1447;128/2024;2024_128_178;esimerkki;4
1447;128/2024;2024_128_178;viro;3
1447;128/2024;2024_128_178;kun;8
1447;128/2024;2024_128_178;tulla;11
1447;128/2024;2024_128_178;tällainen;3
1447;128/2024;2024_128_178;kakkosjärjestelmä;1
1447;128/2024;2024_128_178;voimaan;1
1447;128/2024;2024_128_178;elikkä;1
1447;128/2024;2024_128_178;joku;1
1447;128/2024;2024_128_178;muu;2
1447;128/2024;2024_128_178;henkilöstö;1
1447;128/2024;2024_128_178;ottaa;2
1447;128/2024;2024_128_178;mukaan;3
1447;128/2024;2024_128_178;sopia;1
1447;128/2024;2024_128_178;luku;1
1447;128/2024;2024_128_178;järjestäytymisaste;1
1447;128/2024;2024_128_178;laskea;3
1447;128/2024;2024_128_178;toki;1
1447;128/2024;2024_128_178;hyvin;3
1447;128/2024;2024_128_178;matala;1
1447;128/2024;2024_128_178;päälle;1
1447;128/2024;2024_128_178;prosentti;4
1447;128/2024;2024_128_178;työehtosopimus;2
1447;128/2024;2024_128_178;aika;2
1447;128/2024;2024_128_178;jotenka;1
1447;128/2024;2024_128_178;puhe;1
1447;128/2024;2024_128_178;tänään;1
1447;128/2024;2024_128_178;täällä;6
1447;128/2024;2024_128_178;murentaa;1
1447;128/2024;2024_128_178;minä;5
1447;128/2024;2024_128_178;naapuri;1
1447;128/2024;2024_128_178;kuinka;1
1447;128/2024;2024_128_178;edetä;1
1447;128/2024;2024_128_178;suomi;1
1447;128/2024;2024_128_178;vähimmäispalkka;3
1447;128/2024;2024_128_178;varmistaa;1
1447;128/2024;2024_128_178;eri;2
1447;128/2024;2024_128_178;ala;5
1447;128/2024;2024_128_178;lainsäädäntö;1
1447;128/2024;2024_128_178;säätää;3
1447;128/2024;2024_128_178;kuuleminen;1
1447;128/2024;2024_128_178;esimerkiksi;9
1447;128/2024;2024_128_178;tämmöinen;1
1447;128/2024;2024_128_178;kohtuullinen;1
1447;128/2024;2024_128_178;minimipalkka;1
1447;128/2024;2024_128_178;voida;5
1447;128/2024;2024_128_178;oikeuskäytäntö;1
1447;128/2024;2024_128_178;kahdeksan;2
1447;128/2024;2024_128_178;euro;3
1447;128/2024;2024_128_178;taitaa;3
1447;128/2024;2024_128_178;niin;12
1447;128/2024;2024_128_178;asiantuntija;1
1447;128/2024;2024_128_178;haluta;2
1447;128/2024;2024_128_178;ensin;1
1447;128/2024;2024_128_178;sanoa;1
1447;128/2024;2024_128_178;viisi;1
1447;128/2024;2024_128_178;nostaa;1
1447;128/2024;2024_128_178;sitten;3
1447;128/2024;2024_128_178;tunti;1
1447;128/2024;2024_128_178;sali;1
1447;128/2024;2024_128_178;tuoda;1
1447;128/2024;2024_128_178;kiireesti;1
1447;128/2024;2024_128_178;samoin;1
1447;128/2024;2024_128_178;tulkintaetuoikeus;1
1447;128/2024;2024_128_178;kuin;2
1447;128/2024;2024_128_178;ruotsi;1
1447;128/2024;2024_128_178;lisätä;2
1447;128/2024;2024_128_178;todennäköisyys;1
1447;128/2024;2024_128_178;lasku;1
1447;128/2024;2024_128_178;hallitus;1
1447;128/2024;2024_128_178;sama;3
1447;128/2024;2024_128_178;yhteys;2
1447;128/2024;2024_128_178;päättää;1
1447;128/2024;2024_128_178;pysyvyys;1
1447;128/2024;2024_128_178;liittyä;1
1447;128/2024;2024_128_178;ehto;4
1447;128/2024;2024_128_178;jokin;2
1447;128/2024;2024_128_178;lukea;1
1447;128/2024;2024_128_178;kymmenen;1
1447;128/2024;2024_128_178;vuosi;1
1447;128/2024;2024_128_178;tai;2
1447;128/2024;2024_128_178;muuttaa;1
1447;128/2024;2024_128_178;suunta;1
1447;128/2024;2024_128_178;rakennusala;2
1447;128/2024;2024_128_178;vaikka;1
1447;128/2024;2024_128_178;aliurakoitsija;1
1447;128/2024;2024_128_178;jatko;2
1447;128/2024;2024_128_178;laskenta;1
1447;128/2024;2024_128_178;moni;2
1447;128/2024;2024_128_178;jos;2
1447;128/2024;2024_128_178;aidosti;2
1447;128/2024;2024_128_178;keino;1
1447;128/2024;2024_128_178;löytyä;2
1447;128/2024;2024_128_178;vähätellä;1
1447;128/2024;2024_128_178;seuraus;1
1447;128/2024;2024_128_178;tilanne;3
1447;128/2024;2024_128_178;hetki;2
1447;128/2024;2024_128_178;hyvä;3
1447;128/2024;2024_128_178;muistuttaa;1
1447;128/2024;2024_128_178;palveluala;1
1447;128/2024;2024_128_178;erimielisyystapaus;1
1447;128/2024;2024_128_178;yritys;4
1447;128/2024;2024_128_178;siis;1
1447;128/2024;2024_128_178;selvä;2
1447;128/2024;2024_128_178;vähimmäissuoja;2
1447;128/2024;2024_128_178;tarve;1
1447;128/2024;2024_128_178;aivan;3
1447;128/2024;2024_128_178;ultimaattinen;1
1447;128/2024;2024_128_178;hyväksikäyttö;2
1447;128/2024;2024_128_178;riski;2
1447;128/2024;2024_128_178;kasvaa;1
1447;128/2024;2024_128_178;merkittävästi;1
1447;128/2024;2024_128_178;vähä;1
1447;128/2024;2024_128_178;mikä;3
1447;128/2024;2024_128_178;rajata;2
1447;128/2024;2024_128_178;laki;1
1447;128/2024;2024_128_178;ulkopuolelle;1
1447;128/2024;2024_128_178;soveltaa;1
1447;128/2024;2024_128_178;sellainen;2
1447;128/2024;2024_128_178;joka;4
1447;128/2024;2024_128_178;aito;1
1447;128/2024;2024_128_178;oleva;1
1447;128/2024;2024_128_178;eli;2
1447;128/2024;2024_128_178;koskea;3
1447;128/2024;2024_128_178;vain;3
1447;128/2024;2024_128_178;tietty;1
1447;128/2024;2024_128_178;asema;1
1447;128/2024;2024_128_178;järjestäytyä;1
1447;128/2024;2024_128_178;järjestäytynyt;1
1447;128/2024;2024_128_178;villi;2
1447;128/2024;2024_128_178;sanktio;2
1447;128/2024;2024_128_178;laiminlyönti;2
1447;128/2024;2024_128_178;ollenkaan;1
1447;128/2024;2024_128_178;hän;1
1447;128/2024;2024_128_178;samanlainen;1
1447;128/2024;2024_128_178;seuraamusjärjestelmä;1
1447;128/2024;2024_128_178;jäädä;3
1447;128/2024;2024_128_178;paljon;2
1447;128/2024;2024_128_178;asia;4
1447;128/2024;2024_128_178;varaan;2
1447;128/2024;2024_128_178;työmarkkinarikollisuus;1
1447;128/2024;2024_128_178;lisääntyä;1
1447;128/2024;2024_128_178;tapaus;2
1447;128/2024;2024_128_178;tutkiminen;1
1447;128/2024;2024_128_178;tulkinta;1
1447;128/2024;2024_128_178;vaikeutua;1
1447;128/2024;2024_128_178;vielä;2
1447;128/2024;2024_128_178;kolme;3
1447;128/2024;2024_128_178;kuusi;1
1447;128/2024;2024_128_178;kuukausi;3
1447;128/2024;2024_128_178;sääntö;1
1447;128/2024;2024_128_178;ihmetellä;1
1447;128/2024;2024_128_178;työ;1
1447;128/2024;2024_128_178;valmis;1
1447;128/2024;2024_128_178;vastaan;1
1447;128/2024;2024_128_178;minimissään;1
1447;128/2024;2024_128_178;vähän;1
1447;128/2024;2024_128_178;valvontavelvollisuus;1
1447;128/2024;2024_128_178;johtua;1
1447;128/2024;2024_128_178;maksu;1
1447;128/2024;2024_128_178;alentaminen;1
1447;128/2024;2024_128_178;tie;2
1447;128/2024;2024_128_178;rikkominen;2
1447;128/2024;2024_128_178;sakko;3
1447;128/2024;2024_128_178;tippua;1
1447;128/2024;2024_128_178;erityinen;1
1447;128/2024;2024_128_178;erikoinen;1
1447;128/2024;2024_128_178;pariteetti;1
1447;128/2024;2024_128_178;tasapuolisuus;1
1447;128/2024;2024_128_178;enää;1
1447;128/2024;2024_128_178;huoli;1
1447;128/2024;2024_128_178;sekä;1
1447;128/2024;2024_128_178;vaan;1
1447;128/2024;2024_128_178;tiputtaa;1
1447;128/2024;2024_128_178;no;1
1447;128/2024;2024_128_178;mennä;1
1447;128/2024;2024_128_178;kuten;1
1447;128/2024;2024_128_178;irtisanominen;1
1447;128/2024;2024_128_178;ehdottomasti;1
1447;128/2024;2024_128_178;lyhyt;1
1447;128/2024;2024_128_178;vertaus;1
1447;128/2024;2024_128_178;käyttää;2
1447;128/2024;2024_128_178;edellinen;1
1447;128/2024;2024_128_178;sieltä;1
1447;128/2024;2024_128_178;tärkeä;1
1447;128/2024;2024_128_178;koska;1
1447;128/2024;2024_128_178;vaihtua;1
1447;128/2024;2024_128_178;nopeasti;1
1447;128/2024;2024_128_178;keritä;1
1447;128/2024;2024_128_178;häipyä;1
1447;128/2024;2024_128_178;vaikutus;1
1447;128/2024;2024_128_178;myös;1
1447;128/2024;2024_128_178;yrityskohtainen;2
1447;128/2024;2024_128_178;upm;2
1447;128/2024;2024_128_178;suuri;1
1447;128/2024;2024_128_178;neuvottelu;2
1447;128/2024;2024_128_178;paikallisesti;1
1447;128/2024;2024_128_178;pääkonttori;1
1447;128/2024;2024_128_178;helsinki;1
1447;128/2024;2024_128_178;yhtään;1
1447;128/2024;2024_128_178;ainoa;1
1447;128/2024;2024_128_178;hyödyttää;1
1447;128/2024;2024_128_178;jälkeen;2
1447;128/2024;2024_128_178;siirtyä;1
1447;128/2024;2024_128_178;kokonaisuus;2
1447;128/2024;2024_128_178;työsyrjintäpykälä;1
1447;128/2024;2024_128_178;syrjintä;1
1447;128/2024;2024_128_178;aina;1
1447;128/2024;2024_128_178;näyttää;1
1447;128/2024;2024_128_178;toteen;1
1447;128/2024;2024_128_178;alipalkkaus;1
1447;128/2024;2024_128_178;yksityisoikeudellinen;1
1447;128/2024;2024_128_178;tieto;1
1447;128/2024;2024_128_178;syyttäjä;1
1447;128/2024;2024_128_178;jättää;1
1447;128/2024;2024_128_178;syyttää;1
1447;128/2024;2024_128_178;näyttö;1
1447;128/2024;2024_128_178;riittävästi;1
1447;128/2024;2024_128_178;johtaa;1
1447;128/2024;2024_128_178;samapalkkaisuus;1
1447;128/2024;2024_128_178;tasa-arvo;1
1447;128/2024;2024_128_178;heikkeneminen;1
1447;128/2024;2024_128_178;kukaan;1
1447;128/2024;2024_128_178;tietää;1
1447;128/2024;2024_128_178;tapahtua;1
1447;128/2024;2024_128_178;mikään;1
1447;128/2024;2024_128_178;kiitos;1
1447;128/2024;2024_128_186;arvoisa;1
1447;128/2024;2024_128_186;rouva;1
1447;128/2024;2024_128_186;puhemies;1
1447;128/2024;2024_128_186;edustaja;3
1447;128/2024;2024_128_186;kurvinen;4
1447;128/2024;2024_128_186;puheenvuoro;2
1447;128/2024;2024_128_186;olla;37
1447;128/2024;2024_128_186;helppo;1
1447;128/2024;2024_128_186;jatkaa;1
1447;128/2024;2024_128_186;se;26
1447;128/2024;2024_128_186;osa;2
1447;128/2024;2024_128_186;että;17
1447;128/2024;2024_128_186;kyllä;3
1447;128/2024;2024_128_186;minä;5
1447;128/2024;2024_128_186;sosiaalidemokraatti;2
1447;128/2024;2024_128_186;toivoa;1
1447;128/2024;2024_128_186;mitä;1
1447;128/2024;2024_128_186;suuri;2
1447;128/2024;2024_128_186;määrin;1
1447;128/2024;2024_128_186;rauha;1
1447;128/2024;2024_128_186;sinne;1
1447;128/2024;2024_128_186;työntekijä;10
1447;128/2024;2024_128_186;ja;18
1447;128/2024;2024_128_186;työnantaja;4
1447;128/2024;2024_128_186;välille;1
1447;128/2024;2024_128_186;sopiminen;4
1447;128/2024;2024_128_186;yhteinen;1
1447;128/2024;2024_128_186;suunta;1
1447;128/2024;2024_128_186;katsominen;1
1447;128/2024;2024_128_186;pakko;1
1447;128/2024;2024_128_186;myös;7
1447;128/2024;2024_128_186;kommentoida;1
1447;128/2024;2024_128_186;tämä;8
1447;128/2024;2024_128_186;kommentti;1
1447;128/2024;2024_128_186;orjatyö;1
1447;128/2024;2024_128_186;ei;10
1447;128/2024;2024_128_186;ruotsi;1
1447;128/2024;2024_128_186;kai;1
1447;128/2024;2024_128_186;täällä;1
1447;128/2024;2024_128_186;kukaan;1
1447;128/2024;2024_128_186;niin;3
1447;128/2024;2024_128_186;väittää;1
1447;128/2024;2024_128_186;vielä;2
1447;128/2024;2024_128_186;viittaus;2
1447;128/2024;2024_128_186;sdp;1
1447;128/2024;2024_128_186;kanssa;2
1447;128/2024;2024_128_186;viime;1
1447;128/2024;2024_128_186;kausi;1
1447;128/2024;2024_128_186;voida;7
1447;128/2024;2024_128_186;sopia;2
1447;128/2024;2024_128_186;työmarkkina-asia;1
1447;128/2024;2024_128_186;aina;4
1447;128/2024;2024_128_186;kun;5
1447;128/2024;2024_128_186;tehdä;8
1447;128/2024;2024_128_186;tasapuolisesti;1
1447;128/2024;2024_128_186;kesken;2
1447;128/2024;2024_128_186;antti;1
1447;128/2024;2024_128_186;välihuuto;1
1447;128/2024;2024_128_186;nimenomaan;5
1447;128/2024;2024_128_186;silloin;4
1447;128/2024;2024_128_186;tasapainoinen;1
1447;128/2024;2024_128_186;mutta;4
1447;128/2024;2024_128_186;edistää;2
1447;128/2024;2024_128_186;sellainen;2
1447;128/2024;2024_128_186;joka;5
1447;128/2024;2024_128_186;epätasapaino;1
1447;128/2024;2024_128_186;ymmärtää;1
1447;128/2024;2024_128_186;työmarkkinat;1
1447;128/2024;2024_128_186;enää;2
1447;128/2024;2024_128_186;kuin;2
1447;128/2024;2024_128_186;vaikka;1
1447;128/2024;2024_128_186;vuosi;1
1447;128/2024;2024_128_186;sitten;2
1447;128/2024;2024_128_186;äskeinen;1
1447;128/2024;2024_128_186;jäädä;2
1447;128/2024;2024_128_186;vuoksi;1
1447;128/2024;2024_128_186;haluta;1
1447;128/2024;2024_128_186;tänne;1
1447;128/2024;2024_128_186;tulla;4
1447;128/2024;2024_128_186;valiokunta;1
1447;128/2024;2024_128_186;kuulla;3
1447;128/2024;2024_128_186;esimerkki;2
1447;128/2024;2024_128_186;kuinka;2
1447;128/2024;2024_128_186;paikallinen;5
1447;128/2024;2024_128_186;esimerkiksi;1
1447;128/2024;2024_128_186;upm;1
1447;128/2024;2024_128_186;hän;2
1447;128/2024;2024_128_186;todeta;4
1447;128/2024;2024_128_186;sopimus;9
1447;128/2024;2024_128_186;hyvä;3
1447;128/2024;2024_128_186;varata;1
1447;128/2024;2024_128_186;aika;1
1447;128/2024;2024_128_186;valmistella;1
1447;128/2024;2024_128_186;tämänhetkinen;1
1447;128/2024;2024_128_186;tuntuma;1
1447;128/2024;2024_128_186;työntekijäpuoli;1
1447;128/2024;2024_128_186;ehto;2
1447;128/2024;2024_128_186;heikentää;1
1447;128/2024;2024_128_186;siellä;4
1447;128/2024;2024_128_186;etla;1
1447;128/2024;2024_128_186;samainen;1
1447;128/2024;2024_128_186;asia;1
1447;128/2024;2024_128_186;lausua;1
1447;128/2024;2024_128_186;metsäteollisuus;1
1447;128/2024;2024_128_186;palkka;1
1447;128/2024;2024_128_186;tapahtua;1
1447;128/2024;2024_128_186;mikään;1
1447;128/2024;2024_128_186;yrityskohtainen;1
1447;128/2024;2024_128_186;lisääminen;1
1447;128/2024;2024_128_186;jälkeen;2
1447;128/2024;2024_128_186;hajonta;1
1447;128/2024;2024_128_186;kasvaa;1
1447;128/2024;2024_128_186;saada;2
1447;128/2024;2024_128_186;toinen;1
1447;128/2024;2024_128_186;yritys;4
1447;128/2024;2024_128_186;tällainen;2
1447;128/2024;2024_128_186;asiantuntijaorganisaatio;3
1447;128/2024;2024_128_186;aivan;2
1447;128/2024;2024_128_186;selvä;1
1447;128/2024;2024_128_186;tekeminen;4
1447;128/2024;2024_128_186;ymmärrys;1
1447;128/2024;2024_128_186;erilainen;1
1447;128/2024;2024_128_186;puhua;1
1447;128/2024;2024_128_186;molemmat;1
1447;128/2024;2024_128_186;osapuoli;1
1447;128/2024;2024_128_186;tarvita;2
1447;128/2024;2024_128_186;oma;2
1447;128/2024;2024_128_186;taustaorganisaatio;2
1447;128/2024;2024_128_186;taustatieto;2
1447;128/2024;2024_128_186;tuki;1
1447;128/2024;2024_128_186;siis;1
1447;128/2024;2024_128_186;myöntää;1
1447;128/2024;2024_128_186;heti;1
1447;128/2024;2024_128_186;apu;2
1447;128/2024;2024_128_186;mikä;4
1447;128/2024;2024_128_186;tai;1
1447;128/2024;2024_128_186;osaaminen;1
1447;128/2024;2024_128_186;pieni;1
1447;128/2024;2024_128_186;vain;1
1447;128/2024;2024_128_186;muutama;1
1447;128/2024;2024_128_186;varmistaa;1
1447;128/2024;2024_128_186;laki;1
1447;128/2024;2024_128_186;mukainen;1
1447;128/2024;2024_128_186;toisisopiminen;1
1447;128/2024;2024_128_186;oikeusvaikutus;1
1447;128/2024;2024_128_186;ennalta;1
1447;128/2024;2024_128_186;arvaamaton;1
1447;128/2024;2024_128_186;näin;1
1447;128/2024;2024_128_186;asiantuntijakuuleminen;1
1447;128/2024;2024_128_186;sama;2
1447;128/2024;2024_128_186;toimiala;1
1447;128/2024;2024_128_186;toimia;1
1447;128/2024;2024_128_186;jatko;1
1447;128/2024;2024_128_186;viiva;1
1447;128/2024;2024_128_186;riippua;1
1447;128/2024;2024_128_186;järjestäytymätön;1
1447;128/2024;2024_128_186;vai;1
1447;128/2024;2024_128_186;järjestäytynyt;1
1447;128/2024;2024_128_186;pelisääntö;1
1447;128/2024;2024_128_186;muuttua;1
1447;128/2024;2024_128_186;isosti;1
1447;128/2024;2024_128_186;lisätä;1
1447;128/2024;2024_128_186;heikkoehtoinen;1
1447;128/2024;2024_128_186;työ;2
1447;128/2024;2024_128_186;teettäminen;1
1447;128/2024;2024_128_186;hajauttaa;1
1447;128/2024;2024_128_186;malli;1
1447;128/2024;2024_128_186;nyt;1
1447;128/2024;2024_128_186;tutkimus;1
1447;128/2024;2024_128_186;mukaan;2
1447;128/2024;2024_128_186;johtaa;1
1447;128/2024;2024_128_186;työllisyys;1
1447;128/2024;2024_128_186;paraneminen;1
1447;128/2024;2024_128_186;vaikuttaa;1
1447;128/2024;2024_128_186;työpaikka;1
1447;128/2024;2024_128_186;vasta;1
1447;128/2024;2024_128_186;seikka;1
1447;128/2024;2024_128_186;sanoa;1
1447;128/2024;2024_128_186;kaikki;1
1447;128/2024;2024_128_186;osallistua;1
1447;128/2024;2024_128_186;kannattaa;1
1447;128/2024;2024_128_186;hyvänsä;1
1447;128/2024;2024_128_186;tuottavuus;1
1447;128/2024;2024_128_186;kilpailu;1
1447;128/2024;2024_128_186;työllisyysvaikutus;1
1447;128/2024;2024_128_186;esitys;1
1447;128/2024;2024_128_186;jättää;1
1447;128/2024;2024_128_186;ehkä;1
1447;128/2024;2024_128_186;kysymys;1
1447;128/2024;2024_128_186;lopuksi;1
1447;128/2024;2024_128_186;hallitus;1
1447;128/2024;2024_128_186;huolehtia;1
1447;128/2024;2024_128_186;oikeus;1
1447;128/2024;2024_128_186;suojeleminen;1
1447;128/2024;2024_128_186;puhe;1
1447;128/2024;2024_128_186;keskinäinen;1
1447;128/2024;2024_128_186;tasa-arvo;1
1447;128/2024;2024_128_186;asiantuntija;1
1447;128/2024;2024_128_186;ylioptimistinen;1
1447;128/2024;2024_128_186;perustua;1
1447;128/2024;2024_128_186;lähde;1
1447;128/2024;2024_128_186;valikointi;1
1447;129/2024;2024_129_105;arvoisa;1
1447;129/2024;2024_129_105;herra;1
1447;129/2024;2024_129_105;puhemies;1
1447;129/2024;2024_129_105;joo;1
1447;129/2024;2024_129_105;kyllä;6
1447;129/2024;2024_129_105;tämä;18
1447;129/2024;2024_129_105;olla;25
1447;129/2024;2024_129_105;jotenkin;2
1447;129/2024;2024_129_105;kohtuuton;1
1447;129/2024;2024_129_105;nyt;4
1447;129/2024;2024_129_105;yleisesti;1
1447;129/2024;2024_129_105;talo;1
1447;129/2024;2024_129_105;että;6
1447;129/2024;2024_129_105;esitys;1
1447;129/2024;2024_129_105;vain;2
1447;129/2024;2024_129_105;kaksi;1
1447;129/2024;2024_129_105;viikko;1
1447;129/2024;2024_129_105;sitten;1
1447;129/2024;2024_129_105;tänne;4
1447;129/2024;2024_129_105;tulla;6
1447;129/2024;2024_129_105;ja;7
1447;129/2024;2024_129_105;astua;1
1447;129/2024;2024_129_105;voimaan;1
1447;129/2024;2024_129_105;kunta;4
1447;129/2024;2024_129_105;tilanne;1
1447;129/2024;2024_129_105;jo;3
1447;129/2024;2024_129_105;hetki;2
1447;129/2024;2024_129_105;todella;2
1447;129/2024;2024_129_105;huono;1
1447;129/2024;2024_129_105;moni;3
1447;129/2024;2024_129_105;oma;2
1447;129/2024;2024_129_105;kotikaupunki;1
1447;129/2024;2024_129_105;ukrainalainen;2
1447;129/2024;2024_129_105;paljon;2
1447;129/2024;2024_129_105;hän;1
1447;129/2024;2024_129_105;hirvittävä;1
1447;129/2024;2024_129_105;kova;1
1447;129/2024;2024_129_105;tahto;1
1447;129/2024;2024_129_105;nimenomaan;4
1447;129/2024;2024_129_105;kotoutua;1
1447;129/2024;2024_129_105;suomi;1
1447;129/2024;2024_129_105;päästä;1
1447;129/2024;2024_129_105;työ;1
1447;129/2024;2024_129_105;työpaikka;1
1447;129/2024;2024_129_105;ehto;1
1447;129/2024;2024_129_105;se;12
1447;129/2024;2024_129_105;kieli;1
1447;129/2024;2024_129_105;oppiminen;1
1447;129/2024;2024_129_105;yksi;1
1447;129/2024;2024_129_105;rahoituselementti;1
1447;129/2024;2024_129_105;joka;5
1447;129/2024;2024_129_105;pystyä;1
1447;129/2024;2024_129_105;varmistaa;1
1447;129/2024;2024_129_105;niin;3
1447;129/2024;2024_129_105;kuin;1
1447;129/2024;2024_129_105;edellä;1
1447;129/2024;2024_129_105;kuvata;1
1447;129/2024;2024_129_105;todellisuus;1
1447;129/2024;2024_129_105;valtio;1
1447;129/2024;2024_129_105;tapaus;1
1447;129/2024;2024_129_105;ulkoistaa;1
1447;129/2024;2024_129_105;säästö;1
1447;129/2024;2024_129_105;rahoitusleikkaus;1
1447;129/2024;2024_129_105;haitata;1
1447;129/2024;2024_129_105;etenkin;1
1447;129/2024;2024_129_105;sota;1
1447;129/2024;2024_129_105;pakoon;1
1447;129/2024;2024_129_105;heikosti;1
1447;129/2024;2024_129_105;harkita;1
1447;129/2024;2024_129_105;uskoa;1
1447;129/2024;2024_129_105;tulevaisuus;2
1447;129/2024;2024_129_105;minä;5
1447;129/2024;2024_129_105;vielä;2
1447;129/2024;2024_129_105;kallis;2
1447;129/2024;2024_129_105;viittaus;1
1447;129/2024;2024_129_105;kotoutumisraha;1
1447;129/2024;2024_129_105;tai;1
1447;129/2024;2024_129_105;toimeentulotuki;2
1447;129/2024;2024_129_105;kulu;1
1447;129/2024;2024_129_105;kasvaa;1
1447;129/2024;2024_129_105;sama;2
1447;129/2024;2024_129_105;tahti;1
1447;129/2024;2024_129_105;kun;2
1447;129/2024;2024_129_105;kotoutumistuki;1
1447;129/2024;2024_129_105;leikata;2
1447;129/2024;2024_129_105;arvioida;1
1447;129/2024;2024_129_105;kasvu;1
1447;129/2024;2024_129_105;miljoona;1
1447;129/2024;2024_129_105;euro;1
1447;129/2024;2024_129_105;kustannus;1
1447;129/2024;2024_129_105;hylkääminen;1
1447;129/2024;2024_129_105;laki;1
1447;129/2024;2024_129_105;kohta;1
1447;129/2024;2024_129_105;ainoa;1
1447;129/2024;2024_129_105;vaihtoehto;1
1447;129/2024;2024_129_105;kyse;3
1447;129/2024;2024_129_105;ihminen;2
1447;129/2024;2024_129_105;maa;1
1447;129/2024;2024_129_105;ei;1
1447;129/2024;2024_129_105;siis;1
1447;129/2024;2024_129_105;raha;2
1447;129/2024;2024_129_105;mennä;1
1447;129/2024;2024_129_105;jokin;1
1447;129/2024;2024_129_105;muualle;1
1447;129/2024;2024_129_105;vaan;1
1447;129/2024;2024_129_105;täällä;1
1447;129/2024;2024_129_105;asua;1
1447;129/2024;2024_129_105;haluta;1
1447;129/2024;2024_129_105;jäädä;1
1447;129/2024;2024_129_105;aika;1
1447;129/2024;2024_129_105;myös;1
1447;129/2024;2024_129_105;järjestö;3
1447;129/2024;2024_129_105;osa;1
1447;129/2024;2024_129_105;mahdollistaa;1
1447;129/2024;2024_129_105;kotoutuma;1
1447;129/2024;2024_129_105;kautta;2
1447;129/2024;2024_129_105;täytyä;1
1447;129/2024;2024_129_105;jonkinlainen;1
1447;129/2024;2024_129_105;mahdollisuus;1
1447;129/2024;2024_129_105;tarvita;1
1447;129/2024;2024_129_105;jotta;1
1447;129/2024;2024_129_105;voida;1
1447;129/2024;2024_129_105;toimia;1
1447;129/2024;2024_129_105;viedä;1
1447;129/2024;2024_129_105;toimintamahdollisuus;1
1447;129/2024;2024_129_105;ajatella;1
1447;129/2024;2024_129_105;erittäin;1
1447;129/2024;2024_129_117;herra;1
1447;129/2024;2024_129_117;puhemies;1
1447;129/2024;2024_129_117;kyllä;3
1447;129/2024;2024_129_117;se;17
1447;129/2024;2024_129_117;olla;20
1447;129/2024;2024_129_117;aina;1
1447;129/2024;2024_129_117;sellainen;1
1447;129/2024;2024_129_117;pyrkimys;1
1447;129/2024;2024_129_117;että;14
1447;129/2024;2024_129_117;jos;1
1447;129/2024;2024_129_117;kunta;12
1447;129/2024;2024_129_117;raha;1
1447;129/2024;2024_129_117;vähentää;4
1447;129/2024;2024_129_117;niin;4
1447;129/2024;2024_129_117;sama;2
1447;129/2024;2024_129_117;aika;2
1447;129/2024;2024_129_117;myös;3
1447;129/2024;2024_129_117;pyrkiä;1
1447;129/2024;2024_129_117;tehtävä;2
1447;129/2024;2024_129_117;tämä;20
1447;129/2024;2024_129_117;juuri;1
1447;129/2024;2024_129_117;kysymys;1
1447;129/2024;2024_129_117;ei;2
1447;129/2024;2024_129_117;kuitenkaan;1
1447;129/2024;2024_129_117;vaikka;1
1447;129/2024;2024_129_117;rahoitus;1
1447;129/2024;2024_129_117;edustaja;2
1447;129/2024;2024_129_117;lyly;1
1447;129/2024;2024_129_117;aiemmin;4
1447;129/2024;2024_129_117;mainita;1
1447;129/2024;2024_129_117;valtionosuusuudistus;2
1447;129/2024;2024_129_117;huomionarvoinen;1
1447;129/2024;2024_129_117;nimenomaisesti;2
1447;129/2024;2024_129_117;kun;3
1447;129/2024;2024_129_117;taloustilanne;1
1447;129/2024;2024_129_117;moni;3
1447;129/2024;2024_129_117;todella;2
1447;129/2024;2024_129_117;heikko;1
1447;129/2024;2024_129_117;ja;10
1447;129/2024;2024_129_117;nyt;3
1447;129/2024;2024_129_117;vielä;3
1447;129/2024;2024_129_117;siellä;1
1447;129/2024;2024_129_117;odottaa;1
1447;129/2024;2024_129_117;joka;2
1447;129/2024;2024_129_117;ottaa;1
1447;129/2024;2024_129_117;oma;1
1447;129/2024;2024_129_117;osa;3
1447;129/2024;2024_129_117;huomio;1
1447;129/2024;2024_129_117;tilanne;1
1447;129/2024;2024_129_117;uudistus;1
1447;129/2024;2024_129_117;sitten;8
1447;129/2024;2024_129_117;siirtää;2
1447;129/2024;2024_129_117;syy;2
1447;129/2024;2024_129_117;aluevaali;1
1447;129/2024;2024_129_117;lähellä;1
1447;129/2024;2024_129_117;taitaa;1
1447;129/2024;2024_129_117;näyttää;1
1447;129/2024;2024_129_117;leikkuri;1
1447;129/2024;2024_129_117;tulla;2
1447;129/2024;2024_129_117;keskustelu;1
1447;129/2024;2024_129_117;haluta;2
1447;129/2024;2024_129_117;pois;1
1447;129/2024;2024_129_117;vaali;1
1447;129/2024;2024_129_117;alta;1
1447;129/2024;2024_129_117;räsänen;1
1447;129/2024;2024_129_117;edellä;1
1447;129/2024;2024_129_117;puhua;2
1447;129/2024;2024_129_117;kuntapaikka;1
1447;129/2024;2024_129_117;varmaan;1
1447;129/2024;2024_129_117;semmoinen;1
1447;129/2024;2024_129_117;vissi;1
1447;129/2024;2024_129_117;perä;1
1447;129/2024;2024_129_117;usea;1
1447;129/2024;2024_129_117;joutua;1
1447;129/2024;2024_129_117;jatko;4
1447;129/2024;2024_129_117;pohtia;1
1447;129/2024;2024_129_117;kannattaa;1
1447;129/2024;2024_129_117;paikka;1
1447;129/2024;2024_129_117;tarjota;1
1447;129/2024;2024_129_117;ensin;1
1447;129/2024;2024_129_117;etenkin;1
1447;129/2024;2024_129_117;pohja;1
1447;129/2024;2024_129_117;jo;3
1447;129/2024;2024_129_117;aiempi;1
1447;129/2024;2024_129_117;päätös;1
1447;129/2024;2024_129_117;leikata;3
1447;129/2024;2024_129_117;kotoutumiskorvaus;2
1447;129/2024;2024_129_117;hallitus;2
1447;129/2024;2024_129_117;päättää;2
1447;129/2024;2024_129_117;kevät;1
1447;129/2024;2024_129_117;kehysriihi;1
1447;129/2024;2024_129_117;lyhentää;1
1447;129/2024;2024_129_117;kotoutuminen;1
1447;129/2024;2024_129_117;aikainen;1
1447;129/2024;2024_129_117;toimeentulotuki;3
1447;129/2024;2024_129_117;korvattavuus;2
1447;129/2024;2024_129_117;kolme;1
1447;129/2024;2024_129_117;vuosi;5
1447;129/2024;2024_129_117;yksi;1
1447;129/2024;2024_129_117;elikkä;2
1447;129/2024;2024_129_117;tehdä;1
1447;129/2024;2024_129_117;tällainen;1
1447;129/2024;2024_129_117;radikaali;1
1447;129/2024;2024_129_117;iso;1
1447;129/2024;2024_129_117;leikkaus;3
1447;129/2024;2024_129_117;pitää;1
1447;129/2024;2024_129_117;kaikki;2
1447;129/2024;2024_129_117;maa;1
1447;129/2024;2024_129_117;kotoutua;1
1447;129/2024;2024_129_117;kesä;1
1447;129/2024;2024_129_117;esitys;2
1447;129/2024;2024_129_117;valmistelu;1
1447;129/2024;2024_129_117;yhteys;1
1447;129/2024;2024_129_117;käydä;1
1447;129/2024;2024_129_117;ilmi;1
1447;129/2024;2024_129_117;maksuaikataulu;1
1447;129/2024;2024_129_117;vuoksi;1
1447;129/2024;2024_129_117;säästö;1
1447;129/2024;2024_129_117;tapahtua;1
1447;129/2024;2024_129_117;vasta;1
1447;129/2024;2024_129_117;ilmeisesti;1
1447;129/2024;2024_129_117;vähän;1
1447;129/2024;2024_129_117;lisää;1
1447;129/2024;2024_129_117;silloin;1
1447;129/2024;2024_129_117;budjettiriihi;1
1447;129/2024;2024_129_117;nimenomaan;2
1447;129/2024;2024_129_117;miljoona;4
1447;129/2024;2024_129_117;lopullinen;1
1447;129/2024;2024_129_117;ensi;1
1447;129/2024;2024_129_117;mutta;1
1447;129/2024;2024_129_117;lisäksi;2
1447;129/2024;2024_129_117;perustoimeentulotuki;2
1447;129/2024;2024_129_117;kotoutuja-asiakas;1
1447;129/2024;2024_129_117;poistaa;1
1447;129/2024;2024_129_117;kokonaan;1
1447;129/2024;2024_129_117;korvata;1
1447;129/2024;2024_129_117;siis;1
1447;129/2024;2024_129_117;antaa;1
1447;129/2024;2024_129_117;laki;1
1447;129/2024;2024_129_117;mukaisesti;1
1447;129/2024;2024_129_117;kotoutumislaki;1
1447;129/2024;2024_129_117;mukainen;1
1447;129/2024;2024_129_117;kohderyhmä;1
1447;129/2024;2024_129_117;kuulua;1
1447;129/2024;2024_129_117;siten;1
1447;129/2024;2024_129_117;valtio;1
1447;129/2024;2024_129_117;rahoitusosuus;1
1447;129/2024;2024_129_117;prosentti;1
1447;129/2024;2024_129_117;no;1
1447;129/2024;2024_129_117;yhteensä;1
1447;129/2024;2024_129_117;tarkoittaa;1
1447;129/2024;2024_129_117;kustannus;1
1447;129/2024;2024_129_117;korvaaminen;1
1447;129/2024;2024_129_117;luopuminen;1
1447;129/2024;2024_129_117;heikentää;1
1447;129/2024;2024_129_117;talous;1
1447;129/2024;2024_129_117;noin;1
1447;129/2024;2024_129_117;laskennallinen;1
1447;129/2024;2024_129_117;korvaus;1
1447;129/2024;2024_129_117;aiheuttaa;1
1447;129/2024;2024_129_117;euro;1
1447;129/2024;2024_129_117;menetys;1
1447;129/2024;2024_129_117;minä;1
1447;129/2024;2024_129_117;aivan;1
1447;129/2024;2024_129_117;valtava;1
1447;129/2024;2024_129_117;suuri;1
1447;129/2024;2024_129_117;summa;1
1447;129/2024;2024_129_117;jotenkin;1
1447;129/2024;2024_129_117;tuntua;1
1447;129/2024;2024_129_117;nostaa;1
1447;129/2024;2024_129_117;käsi;1
1447;129/2024;2024_129_117;pystyyn;1
1447;129/2024;2024_129_117;ihminen;1
1447;129/2024;2024_129_117;edes;1
1447;129/2024;2024_129_117;kotouttaa;1
1447;129/2024;2024_129_153;arvoisa;1
1447;129/2024;2024_129_153;rouva;1
1447;129/2024;2024_129_153;puhemies;2
1447;129/2024;2024_129_153;jotenkin;1
1447;129/2024;2024_129_153;olla;21
1447;129/2024;2024_129_153;ajatella;1
1447;129/2024;2024_129_153;aina;1
1447;129/2024;2024_129_153;niin;9
1447;129/2024;2024_129_153;että;10
1447;129/2024;2024_129_153;nuori;10
1447;129/2024;2024_129_153;kuitenkin;2
1447;129/2024;2024_129_153;se;14
1447;129/2024;2024_129_153;tulevaisuus;2
1447;129/2024;2024_129_153;ja;8
1447;129/2024;2024_129_153;nimenomaan;4
1447;129/2024;2024_129_153;virhe;1
1447;129/2024;2024_129_153;jälkeen;1
1447;129/2024;2024_129_153;täytyä;1
1447;129/2024;2024_129_153;turvata;1
1447;129/2024;2024_129_153;oma;1
1447;129/2024;2024_129_153;puheenvuoro;2
1447;129/2024;2024_129_153;ottaa;2
1447;129/2024;2024_129_153;kanta;3
1447;129/2024;2024_129_153;nyt;1
1447;129/2024;2024_129_153;vain;1
1447;129/2024;2024_129_153;oikeudenmukainen;1
1447;129/2024;2024_129_153;kohtelu;1
1447;129/2024;2024_129_153;tämä;12
1447;129/2024;2024_129_153;laki;1
1447;129/2024;2024_129_153;myötä;1
1447;129/2024;2024_129_153;kuin;3
1447;129/2024;2024_129_153;kuulla;1
1447;129/2024;2024_129_153;esitys;3
1447;129/2024;2024_129_153;vaikutus;2
1447;129/2024;2024_129_153;alle;2
1447;129/2024;2024_129_153;vuotias;2
1447;129/2024;2024_129_153;asema;1
1447;129/2024;2024_129_153;vankilaympäristö;1
1447;129/2024;2024_129_153;erityinen;1
1447;129/2024;2024_129_153;haitallinen;1
1447;129/2024;2024_129_153;voida;2
1447;129/2024;2024_129_153;jo;2
1447;129/2024;2024_129_153;epäillä;1
1447;129/2024;2024_129_153;lisätä;1
1447;129/2024;2024_129_153;rikos;3
1447;129/2024;2024_129_153;uusimisriski;1
1447;129/2024;2024_129_153;johtua;1
1447;129/2024;2024_129_153;esimerkiksi;2
1447;129/2024;2024_129_153;moni;1
1447;129/2024;2024_129_153;vanki;2
1447;129/2024;2024_129_153;tutustua;1
1447;129/2024;2024_129_153;vankilas-saoloaika;2
1447;129/2024;2024_129_153;tieten;1
1447;129/2024;2024_129_153;muu;1
1447;129/2024;2024_129_153;rikollinen;3
1447;129/2024;2024_129_153;rikollisesti;1
1447;129/2024;2024_129_153;oirehtia;1
1447;129/2024;2024_129_153;ei;3
1447;129/2024;2024_129_153;minä;1
1447;129/2024;2024_129_153;pitää;2
1447;129/2024;2024_129_153;tehdä;5
1447;129/2024;2024_129_153;toimi;1
1447;129/2024;2024_129_153;juuri;1
1447;129/2024;2024_129_153;eteen;1
1447;129/2024;2024_129_153;ettäei;1
1447;129/2024;2024_129_153;ajautua;1
1447;129/2024;2024_129_153;polku;1
1447;129/2024;2024_129_153;toistuvasti;1
1447;129/2024;2024_129_153;kansainvälisesti;1
1447;129/2024;2024_129_153;myös;5
1447;129/2024;2024_129_153;kansallisesti;1
1447;129/2024;2024_129_153;aiemmin;2
1447;129/2024;2024_129_153;omaksua;1
1447;129/2024;2024_129_153;sellainen;1
1447;129/2024;2024_129_153;periaate;2
1447;129/2024;2024_129_153;osa;1
1447;129/2024;2024_129_153;vankeusrangaistus;3
1447;129/2024;2024_129_153;useimmiten;1
1447;129/2024;2024_129_153;hyvä;1
1447;129/2024;2024_129_153;tai;2
1447;129/2024;2024_129_153;tarkoituksenmukainen;1
1447;129/2024;2024_129_153;keino;2
1447;129/2024;2024_129_153;puuttua;1
1447;129/2024;2024_129_153;rikollisuus;1
1447;129/2024;2024_129_153;vaan;1
1447;129/2024;2024_129_153;ehdoton;2
1447;129/2024;2024_129_153;käyttäminen;1
1447;129/2024;2024_129_153;tulla;2
1447;129/2024;2024_129_153;viimesijainen;1
1447;129/2024;2024_129_153;vaihtoehto;1
1447;129/2024;2024_129_153;liittyä;1
1447;129/2024;2024_129_153;aiempi;2
1447;129/2024;2024_129_153;hallitus;4
1447;129/2024;2024_129_153;sipilä;1
1447;129/2024;2024_129_153;joka;4
1447;129/2024;2024_129_153;ratkaisu;1
1447;129/2024;2024_129_153;järjestelmä;1
1447;129/2024;2024_129_153;ankaroittaminen;1
1447;129/2024;2024_129_153;huolimatta;1
1447;129/2024;2024_129_153;rikoksentekijä;2
1447;129/2024;2024_129_153;päättää;1
1447;129/2024;2024_129_153;soveltaa;1
1447;129/2024;2024_129_153;lievä;1
1447;129/2024;2024_129_153;sääntely;1
1447;129/2024;2024_129_153;tällöin;1
1447;129/2024;2024_129_153;asiantuntijavaliokunta;2
1447;129/2024;2024_129_153;todeta;1
1447;129/2024;2024_129_153;yksimielinen;1
1447;129/2024;2024_129_153;mietintö;1
1447;129/2024;2024_129_153;mikäli;1
1447;129/2024;2024_129_153;henkilö;1
1447;129/2024;2024_129_153;tuomita;1
1447;129/2024;2024_129_153;syrjäytyminen;1
1447;129/2024;2024_129_153;laitoskierre;1
1447;129/2024;2024_129_153;ehkäiseminen;1
1447;129/2024;2024_129_153;pyrkiä;1
1447;129/2024;2024_129_153;rajoittaa;1
1447;129/2024;2024_129_153;lyhyt;1
1447;129/2024;2024_129_153;rangaistusjärjestelmä;1
1447;129/2024;2024_129_153;yleinen;1
1447;129/2024;2024_129_153;hyväksyttävyys;1
1447;129/2024;2024_129_153;suinkin;1
1447;129/2024;2024_129_153;mahdollinen;1
1447;129/2024;2024_129_153;sama;1
1447;129/2024;2024_129_153;yhteys;1
1447;129/2024;2024_129_153;silloin;2
1447;129/2024;2024_129_153;kiinnittää;1
1447;129/2024;2024_129_153;huomio;1
1447;129/2024;2024_129_153;perustuslakivaliokunta;1
1447;129/2024;2024_129_153;ongelmallinen;1
1447;129/2024;2024_129_153;ankaroittaa;1
1447;129/2024;2024_129_153;pääsy;1
1447;129/2024;2024_129_153;ehdonalainen;1
1447;129/2024;2024_129_153;vapaus;1
1447;129/2024;2024_129_153;vankila;1
1447;129/2024;2024_129_153;tilanne;1
1447;129/2024;2024_129_153;kuinka;1
1447;129/2024;2024_129_153;ruuhkautunut;1
1447;129/2024;2024_129_153;pohtia;1
1447;129/2024;2024_129_153;jos;2
1447;129/2024;2024_129_153;pitkä;2
1447;129/2024;2024_129_153;linja;1
1447;129/2024;2024_129_153;pitkään;1
1447;129/2024;2024_129_153;siellä;1
1447;129/2024;2024_129_153;kivi;1
1447;129/2024;2024_129_153;sisällä;1
1447;129/2024;2024_129_153;aikaväli;1
1447;129/2024;2024_129_153;vähentää;1
1447;129/2024;2024_129_153;määrä;1
1447;129/2024;2024_129_153;kyllä;1
1447;129/2024;2024_129_153;mielenkiintoinen;1
1447;129/2024;2024_129_153;tietää;1
1447;129/2024;2024_129_153;mikä;2
1447;129/2024;2024_129_153;asiantuntija;1
1447;129/2024;2024_129_153;tutkimus;1
1447;129/2024;2024_129_153;tällainen;1
1447;129/2024;2024_129_153;ajatus;1
1447;129/2024;2024_129_153;perustua;1
1447;129/2024;2024_129_153;todella;1
1447;129/2024;2024_129_153;näin;2
1447;129/2024;2024_129_153;hieno;2
1447;129/2024;2024_129_153;mutta;1
1447;129/2024;2024_129_153;ehkä;1
1447;129/2024;2024_129_153;yksi;1
1447;129/2024;2024_129_153;siirtää;1
1447;129/2024;2024_129_153;keskustelu;1
1447;129/2024;2024_129_153;mieleinen;1
1447;129/2024;2024_129_153;aihe;1
1447;129/2024;2024_129_153;muistaa;1
1447;129/2024;2024_129_153;leikkaus;1
1447;129/2024;2024_129_153;työelämäheikennys;1
1447;129/2024;2024_129_153;koputtaa;1
1447;129/2024;2024_129_153;valitettavasti;1
1447;129/2024;2024_129_153;edistää;1
1447;131/2024;2024_131_215;kiitos;1
1447;131/2024;2024_131_215;arvoisa;2
1447;131/2024;2024_131_215;puhemies;2
1447;131/2024;2024_131_215;ei;8
1447;131/2024;2024_131_215;taitaa;1
1447;131/2024;2024_131_215;olla;43
1447;131/2024;2024_131_215;se;29
1447;131/2024;2024_131_215;kivi;1
1447;131/2024;2024_131_215;mikä;7
1447;131/2024;2024_131_215;heitellä;1
1447;131/2024;2024_131_215;tänään;1
1447;131/2024;2024_131_215;tämä;22
1447;131/2024;2024_131_215;sali;2
1447;131/2024;2024_131_215;kuulla;1
1447;131/2024;2024_131_215;vastuunpakoilu;1
1447;131/2024;2024_131_215;harvinainen;1
1447;131/2024;2024_131_215;paljon;1
1447;131/2024;2024_131_215;mutta;5
1447;131/2024;2024_131_215;myös;5
1447;131/2024;2024_131_215;vastuunkanto;1
1447;131/2024;2024_131_215;päätös;10
1447;131/2024;2024_131_215;karsia;1
1447;131/2024;2024_131_215;sairaalaverkko;1
1447;131/2024;2024_131_215;nyt;4
1447;131/2024;2024_131_215;kova;1
1447;131/2024;2024_131_215;käsi;1
1447;131/2024;2024_131_215;syyttää;1
1447;131/2024;2024_131_215;edellinen;2
1447;131/2024;2024_131_215;ja;25
1447;131/2024;2024_131_215;jo;3
1447;131/2024;2024_131_215;hallitus;11
1447;131/2024;2024_131_215;tuntua;1
1447;131/2024;2024_131_215;että;11
1447;131/2024;2024_131_215;osata;1
1447;131/2024;2024_131_215;katsoa;1
1447;131/2024;2024_131_215;peili;1
1447;131/2024;2024_131_215;tunnustaa;1
1447;131/2024;2024_131_215;juuri;2
1447;131/2024;2024_131_215;lähtöisin;1
1447;131/2024;2024_131_215;aivan;1
1447;131/2024;2024_131_215;oma;6
1447;131/2024;2024_131_215;pikku;1
1447;131/2024;2024_131_215;kätönen;1
1447;131/2024;2024_131_215;jatkaa;1
1447;131/2024;2024_131_215;esitys;3
1447;131/2024;2024_131_215;valita;1
1447;131/2024;2024_131_215;leikkaus;1
1447;131/2024;2024_131_215;karsimislinja;1
1447;131/2024;2024_131_215;piste;1
1447;131/2024;2024_131_215;haluta;2
1447;131/2024;2024_131_215;koota;1
1447;131/2024;2024_131_215;leikkaustoiminta;1
1447;131/2024;2024_131_215;vain;1
1447;131/2024;2024_131_215;harva;2
1447;131/2024;2024_131_215;sairaala;1
1447;131/2024;2024_131_215;lailla;1
1447;131/2024;2024_131_215;säätää;1
1447;131/2024;2024_131_215;paikkakunta;3
1447;131/2024;2024_131_215;mahdollinen;2
1447;131/2024;2024_131_215;ylläpitää;1
1447;131/2024;2024_131_215;ympärivuorokautinen;2
1447;131/2024;2024_131_215;perusterveenhuolto;1
1447;131/2024;2024_131_215;päivystys;7
1447;131/2024;2024_131_215;vaihtoehtoisesti;1
1447;131/2024;2024_131_215;rajata;1
1447;131/2024;2024_131_215;erikoissairaanhoito;1
1447;131/2024;2024_131_215;hyvinvointialue;4
1447;131/2024;2024_131_215;enää;1
1447;131/2024;2024_131_215;voida;6
1447;131/2024;2024_131_215;tehdä;5
1447;131/2024;2024_131_215;itse;5
1447;131/2024;2024_131_215;vaikka;1
1447;131/2024;2024_131_215;täällä;1
1447;131/2024;2024_131_215;toistuvasti;2
1447;131/2024;2024_131_215;ministeri;2
1447;131/2024;2024_131_215;juuso;2
1447;131/2024;2024_131_215;mennä;1
1447;131/2024;2024_131_215;itsehallinto;3
1447;131/2024;2024_131_215;viitta;1
1447;131/2024;2024_131_215;taakse;1
1447;131/2024;2024_131_215;joka;8
1447;131/2024;2024_131_215;täältä;2
1447;131/2024;2024_131_215;eduskunta;1
1447;131/2024;2024_131_215;mikromanageerat;1
1447;131/2024;2024_131_215;aiemmin;1
1447;131/2024;2024_131_215;päättää;3
1447;131/2024;2024_131_215;tinkiä;2
1447;131/2024;2024_131_215;hoitotakuu;2
1447;131/2024;2024_131_215;pakottaa;2
1447;131/2024;2024_131_215;alue;9
1447;131/2024;2024_131_215;nostaa;1
1447;131/2024;2024_131_215;terveydenhuolto;2
1447;131/2024;2024_131_215;asiakasmaksu;1
1447;131/2024;2024_131_215;lisätuotto;1
1447;131/2024;2024_131_215;vielä;1
1447;131/2024;2024_131_215;kuitenkin;4
1447;131/2024;2024_131_215;tulouttaa;1
1447;131/2024;2024_131_215;valtio;2
1447;131/2024;2024_131_215;kassa;1
1447;131/2024;2024_131_215;lisätä;3
1447;131/2024;2024_131_215;välimatka;1
1447;131/2024;2024_131_215;tarvita;3
1447;131/2024;2024_131_215;palvelu;5
1447;131/2024;2024_131_215;piiri;1
1447;131/2024;2024_131_215;yhteisvaikutus;1
1447;131/2024;2024_131_215;vaikutusarviointi;1
1447;131/2024;2024_131_215;jokainen;1
1447;131/2024;2024_131_215;yksittäinen;1
1447;131/2024;2024_131_215;laki;1
1447;131/2024;2024_131_215;puutteellinen;1
1447;131/2024;2024_131_215;usein;1
1447;131/2024;2024_131_215;puhua;1
1447;131/2024;2024_131_215;käynti;1
1447;131/2024;2024_131_215;muutosneuvottelu;1
1447;131/2024;2024_131_215;irtisanominen;1
1447;131/2024;2024_131_215;ajaa;1
1447;131/2024;2024_131_215;keskustelu;1
1447;131/2024;2024_131_215;vastata;1
1447;131/2024;2024_131_215;siellä;4
1447;131/2024;2024_131_215;näin;2
1447;131/2024;2024_131_215;antaa;2
1447;131/2024;2024_131_215;helsinki;1
1447;131/2024;2024_131_215;esimerkiksi;1
1447;131/2024;2024_131_215;päivystyspiste;1
1447;131/2024;2024_131_215;nimeäminen;1
1447;131/2024;2024_131_215;lainsäädäntö;1
1447;131/2024;2024_131_215;estää;1
1447;131/2024;2024_131_215;sitoa;1
1447;131/2024;2024_131_215;toiminta;2
1447;131/2024;2024_131_215;kehittäminen;1
1447;131/2024;2024_131_215;vähentää;2
1447;131/2024;2024_131_215;keinovalikoima;1
1447;131/2024;2024_131_215;ihminen;4
1447;131/2024;2024_131_215;tarve;2
1447;131/2024;2024_131_215;lähtien;1
1447;131/2024;2024_131_215;tarkoitus;1
1447;131/2024;2024_131_215;mukaisesti;2
1447;131/2024;2024_131_215;samalla;2
1447;131/2024;2024_131_215;kun;4
1447;131/2024;2024_131_215;keskittää;1
1447;131/2024;2024_131_215;siis;2
1447;131/2024;2024_131_215;nurinkurisesti;1
1447;131/2024;2024_131_215;kaikki;3
1447;131/2024;2024_131_215;toimi;2
1447;131/2024;2024_131_215;yhteissumma;1
1447;131/2024;2024_131_215;ainoa;1
1447;131/2024;2024_131_215;paikka;1
1447;131/2024;2024_131_215;hän;2
1447;131/2024;2024_131_215;saada;4
1447;131/2024;2024_131_215;ajoissa;1
1447;131/2024;2024_131_215;jälkeen;1
1447;131/2024;2024_131_215;edelleen;1
1447;131/2024;2024_131_215;puoli;2
1447;131/2024;2024_131_215;miljardi;1
1447;131/2024;2024_131_215;raha;1
1447;131/2024;2024_131_215;yksityinen;1
1447;131/2024;2024_131_215;terveysjätti;1
1447;131/2024;2024_131_215;lähinnä;1
1447;131/2024;2024_131_215;toimistomaksu;1
1447;131/2024;2024_131_215;kuittaaminen;1
1447;131/2024;2024_131_215;kelakorvaus;1
1447;131/2024;2024_131_215;törkeä;1
1447;131/2024;2024_131_215;runttaaminen;1
1447;131/2024;2024_131_215;läpi;1
1447;131/2024;2024_131_215;perustella;1
1447;131/2024;2024_131_215;säästö;2
1447;131/2024;2024_131_215;niin;3
1447;131/2024;2024_131_215;kuin;2
1447;131/2024;2024_131_215;edustaja;4
1447;131/2024;2024_131_215;räsänen;1
1447;131/2024;2024_131_215;äsken;1
1447;131/2024;2024_131_215;sanoa;1
1447;131/2024;2024_131_215;mikään;1
1447;131/2024;2024_131_215;tekeminen;1
1447;131/2024;2024_131_215;vaan;1
1447;131/2024;2024_131_215;kyse;1
1447;131/2024;2024_131_215;riittävä;1
1447;131/2024;2024_131_215;henkilöstö;1
1447;131/2024;2024_131_215;määrä;1
1447;131/2024;2024_131_215;aina;2
1447;131/2024;2024_131_215;viesti;1
1447;131/2024;2024_131_215;jämsä;2
1447;131/2024;2024_131_215;aikoa;1
1447;131/2024;2024_131_215;siirtyä;1
1447;131/2024;2024_131_215;jyväskylä;1
1447;131/2024;2024_131_215;työ;1
1447;131/2024;2024_131_215;sellainen;2
1447;131/2024;2024_131_215;kyllä;2
1447;131/2024;2024_131_215;todellisuus;1
1447;131/2024;2024_131_215;hyvin;1
1447;131/2024;2024_131_215;mahdollisuus;1
1447;131/2024;2024_131_215;säästöpotentiaali;1
1447;131/2024;2024_131_215;laskea;1
1447;131/2024;2024_131_215;noin;1
1447;131/2024;2024_131_215;miljoona;1
1447;131/2024;2024_131_215;perustua;1
1447;131/2024;2024_131_215;todellinen;1
1447;131/2024;2024_131_215;laskelma;2
1447;131/2024;2024_131_215;tai;1
1447;131/2024;2024_131_215;epäselvä;1
1447;131/2024;2024_131_215;erota;1
1447;131/2024;2024_131_215;luku;1
1447;131/2024;2024_131_215;summa;1
1447;131/2024;2024_131_215;lähes;1
1447;131/2024;2024_131_215;sama;3
1447;131/2024;2024_131_215;alentaa;1
1447;131/2024;2024_131_215;olutvero;1
1447;131/2024;2024_131_215;aikamoinen;1
1447;131/2024;2024_131_215;arvovalinta;1
1447;131/2024;2024_131_215;tärkeä;1
1447;131/2024;2024_131_215;oikea-aikainen;1
1447;131/2024;2024_131_215;toimiva;1
1447;131/2024;2024_131_215;hoitoketju;1
1447;131/2024;2024_131_215;luottamus;2
1447;131/2024;2024_131_215;murentaa;1
1447;131/2024;2024_131_215;pala;2
1447;131/2024;2024_131_215;kotikaupunki;1
1447;131/2024;2024_131_215;lakata;1
1447;131/2024;2024_131_215;aikainen;1
1447;131/2024;2024_131_215;vähä;1
1447;131/2024;2024_131_215;hetki;1
1447;131/2024;2024_131_215;varmistaa;1
1447;131/2024;2024_131_215;saattaa;1
1447;131/2024;2024_131_215;uusi;1
1447;131/2024;2024_131_215;sairaalainvestointi;1
1447;131/2024;2024_131_215;sitten;1
1447;131/2024;2024_131_215;ikinä;1
1447;131/2024;2024_131_215;aika;1
1447;131/2024;2024_131_215;talous;1
1447;131/2024;2024_131_215;todella;1
1447;131/2024;2024_131_215;heikko;1
1447;131/2024;2024_131_215;kunnossa;1
1447;131/2024;2024_131_215;minä;1
1447;131/2024;2024_131_215;pystyä;1
1447;131/2024;2024_131_215;edes;1
1447;131/2024;2024_131_215;investoida;1
1447;131/2024;2024_131_215;tuleva;1
1447;131/2024;2024_131_215;nimenomaan;1
1447;131/2024;2024_131_215;sieltä;1
1447;131/2024;2024_131_215;ihmislähtöinen;1
1447;131/2024;2024_131_215;näkökulma;1
1447;131/2024;2024_131_215;huolehtia;1
1447;131/2024;2024_131_215;kuntalainen;1
1447;131/2024;2024_131_215;kysyä;1
1447;131/2024;2024_131_215;terveyspalvelu;1
1447;131/2024;2024_131_215;yksi;2
1447;131/2024;2024_131_215;suuri;1
1447;131/2024;2024_131_215;pito;1
1447;131/2024;2024_131_215;vetovoimatekijä;1
1447;131/2024;2024_131_215;elinvoima;1
1447;131/2024;2024_131_215;asia;3
1447;131/2024;2024_131_215;kommentoida;1
1447;131/2024;2024_131_215;lundn;1
1447;131/2024;2024_131_215;puheenvuoro;1
1447;131/2024;2024_131_215;harmillisesti;1
1447;131/2024;2024_131_215;keretä;1
1447;131/2024;2024_131_215;poistua;1
1447;131/2024;2024_131_215;jotenkin;1
1447;131/2024;2024_131_215;surullinen;1
1447;131/2024;2024_131_215;hallituspuolue;2
1447;131/2024;2024_131_215;todeta;2
1447;131/2024;2024_131_215;lainvalmistelu;1
1447;131/2024;2024_131_215;ala-arvoinen;1
1447;131/2024;2024_131_215;peruste;1
1447;131/2024;2024_131_215;pitävä;1
1447;131/2024;2024_131_215;perustelu;1
1447;131/2024;2024_131_215;yrittää;1
1447;131/2024;2024_131_215;oppositio;1
1447;131/2024;2024_131_215;kertoa;1
1447;131/2024;2024_131_215;moni;1
1447;131/2024;2024_131_215;muu;1
1447;131/2024;2024_131_215;hyvä;1
1447;131/2024;2024_131_215;hieno;1
1447;131/2024;2024_131_215;jokin;1
1447;131/2024;2024_131_255;herra;1
1447;131/2024;2024_131_255;puhemies;1
1447;131/2024;2024_131_255;harmillinen;1
1447;131/2024;2024_131_255;että;12
1447;131/2024;2024_131_255;osa;1
1447;131/2024;2024_131_255;edustaja;5
1447;131/2024;2024_131_255;olla;21
1447;131/2024;2024_131_255;jo;2
1447;131/2024;2024_131_255;keretä;1
1447;131/2024;2024_131_255;poistua;1
1447;131/2024;2024_131_255;mutta;3
1447;131/2024;2024_131_255;aina;3
1447;131/2024;2024_131_255;laiho;1
1447;131/2024;2024_131_255;päivi;1
1447;131/2024;2024_131_255;räsänen;1
1447;131/2024;2024_131_255;ja;7
1447;131/2024;2024_131_255;valtola;1
1447;131/2024;2024_131_255;viitata;1
1447;131/2024;2024_131_255;tämä;15
1447;131/2024;2024_131_255;esitys;1
1447;131/2024;2024_131_255;se;20
1447;131/2024;2024_131_255;kyse;1
1447;131/2024;2024_131_255;henkilöstö;1
1447;131/2024;2024_131_255;saatavuus;1
1447;131/2024;2024_131_255;riittävyys;3
1447;131/2024;2024_131_255;hoitaja;5
1447;131/2024;2024_131_255;jatko;2
1447;131/2024;2024_131_255;ehkä;2
1447;131/2024;2024_131_255;voida;3
1447;131/2024;2024_131_255;sitten;4
1447;131/2024;2024_131_255;kysyä;1
1447;131/2024;2024_131_255;siis;4
1447;131/2024;2024_131_255;kasvuohjelma;1
1447;131/2024;2024_131_255;nyt;2
1447;131/2024;2024_131_255;saada;3
1447;131/2024;2024_131_255;puuttua;1
1447;131/2024;2024_131_255;lisää;1
1447;131/2024;2024_131_255;oma;4
1447;131/2024;2024_131_255;paikkakunta;1
1447;131/2024;2024_131_255;siellä;3
1447;131/2024;2024_131_255;jämsä;1
1447;131/2024;2024_131_255;päivystys;3
1447;131/2024;2024_131_255;lopettaminen;1
1447;131/2024;2024_131_255;johtaa;3
1447;131/2024;2024_131_255;nimenomaan;3
1447;131/2024;2024_131_255;leikkaustoiminta;1
1447;131/2024;2024_131_255;loppuminen;1
1447;131/2024;2024_131_255;ei;4
1447;131/2024;2024_131_255;vaikka;1
1447;131/2024;2024_131_255;näin;1
1447;131/2024;2024_131_255;alue;1
1447;131/2024;2024_131_255;haluta;2
1447;131/2024;2024_131_255;julkinen;2
1447;131/2024;2024_131_255;puoli;3
1447;131/2024;2024_131_255;mahdollinen;2
1447;131/2024;2024_131_255;tulla;5
1447;131/2024;2024_131_255;tarve;1
1447;131/2024;2024_131_255;esimerkiksi;1
1447;131/2024;2024_131_255;uusi;2
1447;131/2024;2024_131_255;ambulanssi;2
1447;131/2024;2024_131_255;minä;3
1447;131/2024;2024_131_255;yksi;2
1447;131/2024;2024_131_255;jos;2
1447;131/2024;2024_131_255;kaksi;1
1447;131/2024;2024_131_255;riittää;1
1447;131/2024;2024_131_255;ihminen;2
1447;131/2024;2024_131_255;roijata;1
1447;131/2024;2024_131_255;sinne;2
1447;131/2024;2024_131_255;jyväskylä;1
1447;131/2024;2024_131_255;lindn;1
1447;131/2024;2024_131_255;pitää;1
1447;131/2024;2024_131_255;aiemmin;3
1447;131/2024;2024_131_255;erinomainen;1
1447;131/2024;2024_131_255;hyvä;1
1447;131/2024;2024_131_255;puheenvuoro;1
1447;131/2024;2024_131_255;joka;1
1447;131/2024;2024_131_255;kyllä;2
1447;131/2024;2024_131_255;avata;1
1447;131/2024;2024_131_255;ajatusmaailma;1
1447;131/2024;2024_131_255;tänne;1
1447;131/2024;2024_131_255;piilottaa;1
1447;131/2024;2024_131_255;sisälle;1
1447;131/2024;2024_131_255;mitä;1
1447;131/2024;2024_131_255;suuri;2
1447;131/2024;2024_131_255;tämmöinen;1
1447;131/2024;2024_131_255;yksityinen;2
1447;131/2024;2024_131_255;markkina;1
1447;131/2024;2024_131_255;lisääminen;1
1447;131/2024;2024_131_255;mahdollisuus;2
1447;131/2024;2024_131_255;kun;2
1447;131/2024;2024_131_255;syy;1
1447;131/2024;2024_131_255;hetki;1
1447;131/2024;2024_131_255;sote-henkilöstö;1
1447;131/2024;2024_131_255;valua;1
1447;131/2024;2024_131_255;sieltä;1
1447;131/2024;2024_131_255;niin;2
1447;131/2024;2024_131_255;vain;1
1447;131/2024;2024_131_255;kiihdyttää;1
1447;131/2024;2024_131_255;täällä;2
1447;131/2024;2024_131_255;perustella;1
1447;131/2024;2024_131_255;vuoksi;1
1447;131/2024;2024_131_255;tehdä;1
1447;131/2024;2024_131_255;itse;1
1447;131/2024;2024_131_255;asiassa;1
1447;131/2024;2024_131_255;aivan;1
1447;131/2024;2024_131_255;päinvastainen;1
1447;131/2024;2024_131_255;asetelma;1
1447;131/2024;2024_131_255;castrn;1
1447;131/2024;2024_131_255;kertoa;2
1447;131/2024;2024_131_255;hyvin;1
1447;131/2024;2024_131_255;yksityiskohtaisesti;1
1447;131/2024;2024_131_255;mikä;1
1447;131/2024;2024_131_255;kaikki;1
1447;131/2024;2024_131_255;tarkoittaa;3
1447;131/2024;2024_131_255;esimerkki;1
1447;131/2024;2024_131_255;hoitaa;2
1447;131/2024;2024_131_255;puoliso;2
1447;131/2024;2024_131_255;omaishoitaja;1
1447;131/2024;2024_131_255;saattohoito;2
1447;131/2024;2024_131_255;kotona;4
1447;131/2024;2024_131_255;turva;1
1447;131/2024;2024_131_255;ainoa;1
1447;131/2024;2024_131_255;kahdeksan;1
1447;131/2024;2024_131_255;kilometri;1
1447;131/2024;2024_131_255;päässä;1
1447;131/2024;2024_131_255;sijaita;1
1447;131/2024;2024_131_255;mahdollistaa;1
1447;131/2024;2024_131_255;saattohoitaa;1
1447;131/2024;2024_131_255;loppu;1
1447;131/2024;2024_131_255;saakka;1
1447;131/2024;2024_131_255;lääke;1
1447;131/2024;2024_131_255;lääkäri;1
1447;131/2024;2024_131_255;vastaanotto;1
1447;131/2024;2024_131_255;myös;1
1447;131/2024;2024_131_255;tällainen;1
1447;131/2024;2024_131_255;tapaus;2
1447;131/2024;2024_131_255;järjestäminen;1
1447;131/2024;2024_131_255;silloin;1
1447;131/2024;2024_131_255;sairaala;1
1447;131/2024;2024_131_255;nimenomaisesti;1
1447;131/2024;2024_131_255;kuten;1
1447;131/2024;2024_131_255;jotenkin;1
1447;131/2024;2024_131_255;kaivata;1
1447;131/2024;2024_131_255;sellainen;1
1447;131/2024;2024_131_255;inhimillisyys;2
1447;131/2024;2024_131_255;asia;1
1447;131/2024;2024_131_255;todeta;1
1447;131/2024;2024_131_255;kuulua;1
1447;131/2024;2024_131_255;politiikka;1
1447;132/2024;2024_132_14;arvoisa;1
1447;132/2024;2024_132_14;puhemies;1
1447;132/2024;2024_132_14;tämä;14
1447;132/2024;2024_132_14;edellä;1
1447;132/2024;2024_132_14;olla;21
1447;132/2024;2024_132_14;puhua;1
1447;132/2024;2024_132_14;se;17
1447;132/2024;2024_132_14;kuinka;6
1447;132/2024;2024_132_14;tärkeä;4
1447;132/2024;2024_132_14;että;11
1447;132/2024;2024_132_14;laki;3
1447;132/2024;2024_132_14;tarkkarajainen;1
1447;132/2024;2024_132_14;ja;13
1447;132/2024;2024_132_14;erilainen;1
1447;132/2024;2024_132_14;tulkinta;3
1447;132/2024;2024_132_14;mahdollisimman;1
1447;132/2024;2024_132_14;vähäinen;1
1447;132/2024;2024_132_14;kohdentua;1
1447;132/2024;2024_132_14;ihminen;6
1447;132/2024;2024_132_14;joka;4
1447;132/2024;2024_132_14;tarkoittaa;1
1447;132/2024;2024_132_14;itse;2
1447;132/2024;2024_132_14;aloittaa;1
1447;132/2024;2024_132_14;poliittinen;1
1447;132/2024;2024_132_14;ura;1
1447;132/2024;2024_132_14;kaupunginvaltuusto;1
1447;132/2024;2024_132_14;sote-tilaajalautakunta;1
1447;132/2024;2024_132_14;lautakunta;1
1447;132/2024;2024_132_14;sitten;3
1447;132/2024;2024_132_14;erimielisyys;1
1447;132/2024;2024_132_14;käsitellä;2
1447;132/2024;2024_132_14;muistaa;2
1447;132/2024;2024_132_14;erittäin;2
1447;132/2024;2024_132_14;hyvin;4
1447;132/2024;2024_132_14;vaikea;1
1447;132/2024;2024_132_14;hankala;1
1447;132/2024;2024_132_14;tekeminen;1
1447;132/2024;2024_132_14;raja;1
1447;132/2024;2024_132_14;vetäminen;1
1447;132/2024;2024_132_14;vuoksi;2
1447;132/2024;2024_132_14;tarkkarajaisuus;2
1447;132/2024;2024_132_14;todella;1
1447;132/2024;2024_132_14;siellä;1
1447;132/2024;2024_132_14;usein;1
1447;132/2024;2024_132_14;käydä;1
1447;132/2024;2024_132_14;keskustelu;1
1447;132/2024;2024_132_14;esimerkiksi;3
1447;132/2024;2024_132_14;alzheimer;1
1447;132/2024;2024_132_14;tauti;1
1447;132/2024;2024_132_14;tai;2
1447;132/2024;2024_132_14;joku;1
1447;132/2024;2024_132_14;muu;1
1447;132/2024;2024_132_14;vanheneminen;1
1447;132/2024;2024_132_14;liittyä;1
1447;132/2024;2024_132_14;sairaus;1
1447;132/2024;2024_132_14;tuoda;1
1447;132/2024;2024_132_14;samantyyppinen;1
1447;132/2024;2024_132_14;oire;1
1447;132/2024;2024_132_14;vammaispalvelulaki;1
1447;132/2024;2024_132_14;mukainen;1
1447;132/2024;2024_132_14;palvelu;1
1447;132/2024;2024_132_14;oikeuttaa;1
1447;132/2024;2024_132_14;näin;1
1447;132/2024;2024_132_14;ei;3
1447;132/2024;2024_132_14;tietenkään;1
1447;132/2024;2024_132_14;jälkeen;1
1447;132/2024;2024_132_14;mutta;1
1447;132/2024;2024_132_14;oikeustaju;1
1447;132/2024;2024_132_14;kohdentuminen;1
1447;132/2024;2024_132_14;oikein;1
1447;132/2024;2024_132_14;puhuja;1
1447;132/2024;2024_132_14;mikrofoni;1
1447;132/2024;2024_132_14;sulkeutua;1
1447;132/2024;2024_132_14;eduskunta;1
1447;132/2024;2024_132_14;ups;1
1447;132/2024;2024_132_14;nauru;1
1447;132/2024;2024_132_14;mikään;1
1447;132/2024;2024_132_14;jatkaa;1
1447;132/2024;2024_132_14;sekä;1
1447;132/2024;2024_132_14;valiokunta;1
1447;132/2024;2024_132_14;mietintö;1
1447;132/2024;2024_132_14;oppositio;1
1447;132/2024;2024_132_14;vastalause;1
1447;132/2024;2024_132_14;erinomainen;1
1447;132/2024;2024_132_14;lausumaehdotus;1
1447;132/2024;2024_132_14;nimenomaan;2
1447;132/2024;2024_132_14;riittävä;1
1447;132/2024;2024_132_14;rahoitus;1
1447;132/2024;2024_132_14;varaaminen;1
1447;132/2024;2024_132_14;seuranta;1
1447;132/2024;2024_132_14;tulla;2
1447;132/2024;2024_132_14;tosiasiallisesti;1
1447;132/2024;2024_132_14;toimia;1
1447;132/2024;2024_132_14;jatko;1
1447;132/2024;2024_132_14;ajatella;2
1447;132/2024;2024_132_14;vielä;2
1447;132/2024;2024_132_14;jos;1
1447;132/2024;2024_132_14;mennä;1
1447;132/2024;2024_132_14;laaja;1
1447;132/2024;2024_132_14;konteksti;1
1447;132/2024;2024_132_14;surullinen;1
1447;132/2024;2024_132_14;vähän;1
1447;132/2024;2024_132_14;minä;2
1447;132/2024;2024_132_14;näkyä;1
1447;132/2024;2024_132_14;vammainen;4
1447;132/2024;2024_132_14;työelämä;1
1447;132/2024;2024_132_14;sali;1
1447;132/2024;2024_132_14;syksy;1
1447;132/2024;2024_132_14;myös;1
1447;132/2024;2024_132_14;työkanava;1
1447;132/2024;2024_132_14;oy;1
1447;132/2024;2024_132_14;lakkauttaminen;1
1447;132/2024;2024_132_14;vajaakuntoinen;1
1447;132/2024;2024_132_14;työllistyminen;1
1447;132/2024;2024_132_14;haluta;1
1447;132/2024;2024_132_14;huolehtia;1
1447;132/2024;2024_132_14;kuuleminen;1
1447;132/2024;2024_132_14;saada;1
1447;132/2024;2024_132_14;kuulla;1
1447;132/2024;2024_132_14;saksa;1
1447;132/2024;2024_132_14;sellainen;2
1447;132/2024;2024_132_14;yritys;1
1447;132/2024;2024_132_14;työntekijä;2
1447;132/2024;2024_132_14;vähintään;1
1447;132/2024;2024_132_14;viisi;1
1447;132/2024;2024_132_14;prosentti;1
1447;132/2024;2024_132_14;osatyökykyinen;1
1447;132/2024;2024_132_14;jokin;1
1447;132/2024;2024_132_14;kaivata;1
1447;132/2024;2024_132_14;täällä;1
1447;132/2024;2024_132_14;suomi;1
1447;132/2024;2024_132_14;jotta;1
1447;132/2024;2024_132_14;aidosti;1
1447;132/2024;2024_132_14;päästä;1
1447;132/2024;2024_132_14;osa;1
1447;132/2024;2024_132_14;yhteiskunta;1
1447;132/2024;2024_132_28;arvoisa;1
1447;132/2024;2024_132_28;puhemies;1
1447;132/2024;2024_132_28;tällainen;1
1447;132/2024;2024_132_28;se;11
1447;132/2024;2024_132_28;olla;17
1447;132/2024;2024_132_28;kun;3
1447;132/2024;2024_132_28;lähteä;1
1447;132/2024;2024_132_28;harhailla;1
1447;132/2024;2024_132_28;ja;9
1447;132/2024;2024_132_28;kysellä;1
1447;132/2024;2024_132_28;seuraava;1
1447;132/2024;2024_132_28;puheenvuoro;1
1447;132/2024;2024_132_28;pitäminen;1
1447;132/2024;2024_132_28;koulutusvähennys;2
1447;132/2024;2024_132_28;poistaminen;1
1447;132/2024;2024_132_28;osa;2
1447;132/2024;2024_132_28;osaaminen;3
1447;132/2024;2024_132_28;kehittäminen;1
1447;132/2024;2024_132_28;kyllä;3
1447;132/2024;2024_132_28;ihan;1
1447;132/2024;2024_132_28;selvä;1
1447;132/2024;2024_132_28;jatkumo;1
1447;132/2024;2024_132_28;orpo;2
1447;132/2024;2024_132_28;oikeistohallitus;1
1447;132/2024;2024_132_28;kaikki;2
1447;132/2024;2024_132_28;aikainen;1
1447;132/2024;2024_132_28;koulutusleikkaus;1
1447;132/2024;2024_132_28;minä;2
1447;132/2024;2024_132_28;sosiaalidemokraatti;1
1447;132/2024;2024_132_28;ajatella;2
1447;132/2024;2024_132_28;niin;6
1447;132/2024;2024_132_28;että;11
1447;132/2024;2024_132_28;investointi;1
1447;132/2024;2024_132_28;ihminen;1
1447;132/2024;2024_132_28;kuitenkin;2
1447;132/2024;2024_132_28;ydinasia;1
1447;132/2024;2024_132_28;ei;2
1447;132/2024;2024_132_28;tämä;10
1447;132/2024;2024_132_28;hallitus;4
1447;132/2024;2024_132_28;tuntua;1
1447;132/2024;2024_132_28;käydä;1
1447;132/2024;2024_132_28;leikata;1
1447;132/2024;2024_132_28;jo;2
1447;132/2024;2024_132_28;erittäin;1
1447;132/2024;2024_132_28;paljon;2
1447;132/2024;2024_132_28;koulutus;3
1447;132/2024;2024_132_28;jotenkin;1
1447;132/2024;2024_132_28;luvata;1
1447;132/2024;2024_132_28;erityissuojelus;2
1447;132/2024;2024_132_28;haluta;1
1447;132/2024;2024_132_28;joku;1
1447;132/2024;2024_132_28;muu;1
1447;132/2024;2024_132_28;itse;2
1447;132/2024;2024_132_28;tärkeä;1
1447;132/2024;2024_132_28;asia;1
1447;132/2024;2024_132_28;jos;1
1447;132/2024;2024_132_28;tarkoittaa;1
1447;132/2024;2024_132_28;esimerkiksi;1
1447;132/2024;2024_132_28;aikuiskoulutustuki;1
1447;132/2024;2024_132_28;lopettaminen;1
1447;132/2024;2024_132_28;käyttäjä;2
1447;132/2024;2024_132_28;miinus;3
1447;132/2024;2024_132_28;miljoona;4
1447;132/2024;2024_132_28;ammatillinen;1
1447;132/2024;2024_132_28;leikkaus;1
1447;132/2024;2024_132_28;poisto;1
1447;132/2024;2024_132_28;joka;5
1447;132/2024;2024_132_28;nyt;2
1447;132/2024;2024_132_28;puhua;1
1447;132/2024;2024_132_28;yritys;3
1447;132/2024;2024_132_28;euro;2
1447;132/2024;2024_132_28;muodostaa;1
1447;132/2024;2024_132_28;yhteensä;1
1447;132/2024;2024_132_28;yli;1
1447;132/2024;2024_132_28;siis;1
1447;132/2024;2024_132_28;vuosi;1
1447;132/2024;2024_132_28;sitten;4
1447;132/2024;2024_132_28;luoda;1
1447;132/2024;2024_132_28;järjestelmä;1
1447;132/2024;2024_132_28;tavoite;1
1447;132/2024;2024_132_28;nimenomaan;1
1447;132/2024;2024_132_28;kannustaa;1
1447;132/2024;2024_132_28;kehittää;1
1447;132/2024;2024_132_28;työntekijä;1
1447;132/2024;2024_132_28;tarttua;1
1447;132/2024;2024_132_28;palkkakustannus;1
1447;132/2024;2024_132_28;voida;1
1447;132/2024;2024_132_28;saada;2
1447;132/2024;2024_132_28;hyvitys;1
1447;132/2024;2024_132_28;ehkä;1
1447;132/2024;2024_132_28;huomio;1
1447;132/2024;2024_132_28;kunta;1
1447;132/2024;2024_132_28;kuntayhtymä;1
1447;132/2024;2024_132_28;jäädä;1
1447;132/2024;2024_132_28;ennalleen;1
1447;132/2024;2024_132_28;mutta;1
1447;132/2024;2024_132_28;kyse;1
1447;132/2024;2024_132_28;todella;2
1447;132/2024;2024_132_28;ammattilainen;2
1447;132/2024;2024_132_28;ammattiryhmä;1
1447;132/2024;2024_132_28;osaaja;1
1447;132/2024;2024_132_28;hetki;2
1447;132/2024;2024_132_28;pula;1
1447;132/2024;2024_132_28;yrittäjä;1
1447;132/2024;2024_132_28;huolissaan;1
1447;132/2024;2024_132_28;mikä;1
1447;132/2024;2024_132_28;hän;1
1447;132/2024;2024_132_28;jatko;1
1447;132/2024;2024_132_28;tulla;1
1447;132/2024;2024_132_28;näyttää;1
1447;132/2024;2024_132_28;ainoa;1
1447;132/2024;2024_132_28;vastaus;1
1447;132/2024;2024_132_28;lisätä;1
1447;132/2024;2024_132_28;lainapainotteisuus;1
1447;132/2024;2024_132_28;ottaa;1
1447;132/2024;2024_132_28;vähän;1
1447;132/2024;2024_132_28;enemmän;1
1447;132/2024;2024_132_28;sinne;1
1447;132/2024;2024_132_28;opiskelija;1
1447;132/2024;2024_132_28;aikuisopiskelija;1
1447;132/2024;2024_132_28;laina;1
1447;132/2024;2024_132_28;raha;1
1447;132/2024;2024_132_28;kouluttaa;1
1447;132/2024;2024_132_69;herra;1
1447;132/2024;2024_132_69;puhemies;1
1447;132/2024;2024_132_69;tämä;30
1447;132/2024;2024_132_69;olla;55
1447;132/2024;2024_132_69;käyttää;5
1447;132/2024;2024_132_69;edellä;1
1447;132/2024;2024_132_69;seikkaperäinen;1
1447;132/2024;2024_132_69;puheenvuoro;2
1447;132/2024;2024_132_69;mutta;6
1447;132/2024;2024_132_69;haluta;1
1447;132/2024;2024_132_69;oma;2
1447;132/2024;2024_132_69;osa;5
1447;132/2024;2024_132_69;hieman;1
1447;132/2024;2024_132_69;yrittää;1
1447;132/2024;2024_132_69;valottaa;1
1447;132/2024;2024_132_69;mikä;5
1447;132/2024;2024_132_69;kysymys;1
1447;132/2024;2024_132_69;asia;3
1447;132/2024;2024_132_69;siis;6
1447;132/2024;2024_132_69;aidosti;1
1447;132/2024;2024_132_69;monimutkainen;1
1447;132/2024;2024_132_69;ja;26
1447;132/2024;2024_132_69;tiimoilta;1
1447;132/2024;2024_132_69;pyöriä;2
1447;132/2024;2024_132_69;paljon;1
1447;132/2024;2024_132_69;lyhenne;1
1447;132/2024;2024_132_69;misu;1
1447;132/2024;2024_132_69;kaisu;1
1447;132/2024;2024_132_69;kaikki;4
1447;132/2024;2024_132_69;muu;4
1447;132/2024;2024_132_69;se;41
1447;132/2024;2024_132_69;kyllä;7
1447;132/2024;2024_132_69;monesti;1
1447;132/2024;2024_132_69;sekoittaa;1
1447;132/2024;2024_132_69;ymmärrys;1
1447;132/2024;2024_132_69;kyse;1
1447;132/2024;2024_132_69;päästökauppa;4
1447;132/2024;2024_132_69;joka;7
1447;132/2024;2024_132_69;eu;1
1447;132/2024;2024_132_69;paketti;1
1447;132/2024;2024_132_69;eli;1
1447;132/2024;2024_132_69;tällainen;3
1447;132/2024;2024_132_69;päästödirektiivi;1
1447;132/2024;2024_132_69;päivitys;1
1447;132/2024;2024_132_69;nimenomaan;4
1447;132/2024;2024_132_69;niin;12
1447;132/2024;2024_132_69;että;25
1447;132/2024;2024_132_69;liikenne;1
1447;132/2024;2024_132_69;lämmityspolttoaine;1
1447;132/2024;2024_132_69;uusi;1
1447;132/2024;2024_132_69;mukaan;5
1447;132/2024;2024_132_69;tuoda;1
1447;132/2024;2024_132_69;vapauttaa;1
1447;132/2024;2024_132_69;toimiala;2
1447;132/2024;2024_132_69;raide;1
1447;132/2024;2024_132_69;lentoliikenne;1
1447;132/2024;2024_132_69;ynnä;1
1447;132/2024;2024_132_69;nyt;4
1447;132/2024;2024_132_69;sitten;7
1447;132/2024;2024_132_69;ottaa;1
1447;132/2024;2024_132_69;metsä;1
1447;132/2024;2024_132_69;maatalous;3
1447;132/2024;2024_132_69;koska;2
1447;132/2024;2024_132_69;näyttää;1
1447;132/2024;2024_132_69;saada;2
1447;132/2024;2024_132_69;asiantuntijakuuleminen;1
1447;132/2024;2024_132_69;esimerkiksi;2
1447;132/2024;2024_132_69;aiemmin;1
1447;132/2024;2024_132_69;käyttö;2
1447;132/2024;2024_132_69;polttoaine;3
1447;132/2024;2024_132_69;värjääminen;1
1447;132/2024;2024_132_69;ei;9
1447;132/2024;2024_132_69;riittää;1
1447;132/2024;2024_132_69;erotella;2
1447;132/2024;2024_132_69;tai;2
1447;132/2024;2024_132_69;eri;3
1447;132/2024;2024_132_69;käyttökohde;1
1447;132/2024;2024_132_69;asettaa;1
1447;132/2024;2024_132_69;haaste;2
1447;132/2024;2024_132_69;kuinka;2
1447;132/2024;2024_132_69;pystyä;2
1447;132/2024;2024_132_69;järjestää;1
1447;132/2024;2024_132_69;järkevästi;1
1447;132/2024;2024_132_69;toinen;2
1447;132/2024;2024_132_69;verotuksellinen;1
1447;132/2024;2024_132_69;syy;2
1447;132/2024;2024_132_69;lopputulema;1
1447;132/2024;2024_132_69;kansallisesti;1
1447;132/2024;2024_132_69;tulla;6
1447;132/2024;2024_132_69;aiheuttaa;1
1447;132/2024;2024_132_69;merkittävä;1
1447;132/2024;2024_132_69;lisäkustannus;1
1447;132/2024;2024_132_69;itse;2
1447;132/2024;2024_132_69;käsitellä;1
1447;132/2024;2024_132_69;vain;1
1447;132/2024;2024_132_69;maa;2
1447;132/2024;2024_132_69;metsätalousvaliokunta;2
1447;132/2024;2024_132_69;näkökulma;1
1447;132/2024;2024_132_69;sieltä;1
1447;132/2024;2024_132_69;lähtöisin;1
1447;132/2024;2024_132_69;minä;4
1447;132/2024;2024_132_69;lausunto;1
1447;132/2024;2024_132_69;aihe;1
1447;132/2024;2024_132_69;yksimielinen;1
1447;132/2024;2024_132_69;lopullinen;1
1447;132/2024;2024_132_69;kustannus;2
1447;132/2024;2024_132_69;tieto;1
1447;132/2024;2024_132_69;vasta;1
1447;132/2024;2024_132_69;kun;6
1447;132/2024;2024_132_69;järjestelmä;2
1447;132/2024;2024_132_69;lähteä;2
1447;132/2024;2024_132_69;käynti;1
1447;132/2024;2024_132_69;vaihdella;1
1447;132/2024;2024_132_69;vuosittain;1
1447;132/2024;2024_132_69;ajatus;2
1447;132/2024;2024_132_69;tehdä;3
1447;132/2024;2024_132_69;hyvitys;3
1447;132/2024;2024_132_69;maksuala;1
1447;132/2024;2024_132_69;huomio;1
1447;132/2024;2024_132_69;herättää;1
1447;132/2024;2024_132_69;hyvityskeino;1
1447;132/2024;2024_132_69;valmistelu;1
1447;132/2024;2024_132_69;vielä;2
1447;132/2024;2024_132_69;liikkeelle;1
1447;132/2024;2024_132_69;todella;2
1447;132/2024;2024_132_69;hyvin;3
1447;132/2024;2024_132_69;kiire;1
1447;132/2024;2024_132_69;esitys;1
1447;132/2024;2024_132_69;hallitusohjelma;1
1447;132/2024;2024_132_69;vastainen;1
1447;132/2024;2024_132_69;mielenkiintoinen;1
1447;132/2024;2024_132_69;lopputulos;1
1447;132/2024;2024_132_69;nimenomaisesti;2
1447;132/2024;2024_132_69;varmaan;1
1447;132/2024;2024_132_69;erilainen;1
1447;132/2024;2024_132_69;summa;1
1447;132/2024;2024_132_69;sellainen;3
1447;132/2024;2024_132_69;kuuleminen;3
1447;132/2024;2024_132_69;arvioida;2
1447;132/2024;2024_132_69;jakelija;1
1447;132/2024;2024_132_69;nostaa;2
1447;132/2024;2024_132_69;päästöoikeus;1
1447;132/2024;2024_132_69;hinta;3
1447;132/2024;2024_132_69;euro;5
1447;132/2024;2024_132_69;tonni;2
1447;132/2024;2024_132_69;tarkoittaa;1
1447;132/2024;2024_132_69;bensa;1
1447;132/2024;2024_132_69;sekoitehinta;1
1447;132/2024;2024_132_69;sentti;1
1447;132/2024;2024_132_69;litra;1
1447;132/2024;2024_132_69;kuin;2
1447;132/2024;2024_132_69;sanoa;1
1447;132/2024;2024_132_69;laskea;1
1447;132/2024;2024_132_69;muistaa;2
1447;132/2024;2024_132_69;moni;1
1447;132/2024;2024_132_69;kerta;1
1447;132/2024;2024_132_69;esimerkki;1
1447;132/2024;2024_132_69;aiempi;2
1447;132/2024;2024_132_69;silloin;1
1447;132/2024;2024_132_69;päätös;1
1447;132/2024;2024_132_69;todellisuus;1
1447;132/2024;2024_132_69;pitkä;1
1447;132/2024;2024_132_69;aika;1
1447;132/2024;2024_132_69;siellä;2
1447;132/2024;2024_132_69;tietämä;1
1447;132/2024;2024_132_69;taitaa;1
1447;132/2024;2024_132_69;viime;1
1447;132/2024;2024_132_69;hallituskausi;1
1447;132/2024;2024_132_69;jo;1
1447;132/2024;2024_132_69;yli;1
1447;132/2024;2024_132_69;epävarmuus;1
1447;132/2024;2024_132_69;liittyä;1
1447;132/2024;2024_132_69;kukaan;2
1447;132/2024;2024_132_69;voida;3
1447;132/2024;2024_132_69;tietää;2
1447;132/2024;2024_132_69;tosiasiallisesti;2
1447;132/2024;2024_132_69;asettua;1
1447;132/2024;2024_132_69;ajatella;3
1447;132/2024;2024_132_69;puoli;2
1447;132/2024;2024_132_69;miljardi;2
1447;132/2024;2024_132_69;tulo;2
1447;132/2024;2024_132_69;vaikka;1
1447;132/2024;2024_132_69;seuraava;3
1447;132/2024;2024_132_69;hallitus;3
1447;132/2024;2024_132_69;tuleva;2
1447;132/2024;2024_132_69;jokin;2
1447;132/2024;2024_132_69;aivan;1
1447;132/2024;2024_132_69;kompensoida;1
1447;132/2024;2024_132_69;juuri;1
1447;132/2024;2024_132_69;raha;2
1447;132/2024;2024_132_69;kerätä;3
1447;132/2024;2024_132_69;mieli;1
1447;132/2024;2024_132_69;iso;1
1447;132/2024;2024_132_69;kuka;1
1447;132/2024;2024_132_69;varmistaa;1
1447;132/2024;2024_132_69;myös;4
1447;132/2024;2024_132_69;sinne;2
1447;132/2024;2024_132_69;varten;1
1447;132/2024;2024_132_69;metsäteollisuus;1
1447;132/2024;2024_132_69;todeta;1
1447;132/2024;2024_132_69;pettymys;2
1447;132/2024;2024_132_69;eu-taso;1
1447;132/2024;2024_132_69;päättää;1
1447;132/2024;2024_132_69;soveltamisala;1
1447;132/2024;2024_132_69;laajentaa;1
1447;132/2024;2024_132_69;suuri;1
1447;132/2024;2024_132_69;huomionarvoinen;1
1447;132/2024;2024_132_69;hän;1
1447;132/2024;2024_132_69;eu-maa;1
1447;132/2024;2024_132_69;sama;1
1447;132/2024;2024_132_69;tilanne;1
1447;132/2024;2024_132_69;ammattidiesel;2
1447;132/2024;2024_132_69;ratkaisu;1
1447;132/2024;2024_132_69;kuulua;1
1447;132/2024;2024_132_69;mikään;1
1447;132/2024;2024_132_69;erittäin;1
1447;132/2024;2024_132_69;nopeasti;2
1447;132/2024;2024_132_69;valmistella;1
1447;132/2024;2024_132_69;energiaverotus;1
1447;132/2024;2024_132_69;valiokunta;1
1447;132/2024;2024_132_69;kuulla;1
1447;132/2024;2024_132_69;mahdollinen;2
1447;132/2024;2024_132_69;toteuttaa;1
1447;132/2024;2024_132_69;energiavero;1
1447;132/2024;2024_132_69;palautus;2
1447;132/2024;2024_132_69;kautta;2
1447;132/2024;2024_132_69;metsätalous;2
1447;132/2024;2024_132_69;taas;1
1447;132/2024;2024_132_69;asiantuntija;1
1447;132/2024;2024_132_69;jäädä;1
1447;132/2024;2024_132_69;epäselvä;1
1447;132/2024;2024_132_69;miten;1
1447;132/2024;2024_132_69;tapaus;1
1447;132/2024;2024_132_69;hyvitysjärjestelmä;1
1447;132/2024;2024_132_69;luoda;1
1447;132/2024;2024_132_69;täytyä;2
1447;132/2024;2024_132_69;alkutuottaja;1
1447;132/2024;2024_132_69;toimia;1
1447;132/2024;2024_132_69;tehokkaasti;1
1447;132/2024;2024_132_69;ajaa;1
1447;132/2024;2024_132_69;yritys;1
1447;132/2024;2024_132_69;maatila;1
1447;132/2024;2024_132_69;kassakriisi;1
1447;132/2024;2024_132_69;maksaa;1
1447;132/2024;2024_132_69;vuosi;1
1447;132/2024;2024_132_69;verotus;1
1447;132/2024;2024_132_69;takaisin;1
1447;132/2024;2024_132_69;maksu;1
1447;132/2024;2024_132_69;pumppuasema;1
1447;132/2024;2024_132_69;tapahtua;1
1447;132/2024;2024_132_69;kiitos;1
1447;133/2024;2024_133_67;kiitos;1
1447;133/2024;2024_133_67;arvoisa;1
1447;133/2024;2024_133_67;rouva;1
1447;133/2024;2024_133_67;puhemies;1
1447;133/2024;2024_133_67;kyllä;6
1447;133/2024;2024_133_67;se;22
1447;133/2024;2024_133_67;olla;17
1447;133/2024;2024_133_67;juuri;2
1447;133/2024;2024_133_67;täällä;4
1447;133/2024;2024_133_67;tänään;2
1447;133/2024;2024_133_67;saada;3
1447;133/2024;2024_133_67;taas;2
1447;133/2024;2024_133_67;todistaa;2
1447;133/2024;2024_133_67;kuinka;1
1447;133/2024;2024_133_67;hallitus;5
1447;133/2024;2024_133_67;ei;11
1447;133/2024;2024_133_67;kuunnella;7
1447;133/2024;2024_133_67;asiantuntija;1
1447;133/2024;2024_133_67;työntekijä;5
1447;133/2024;2024_133_67;ja;10
1447;133/2024;2024_133_67;tuntua;1
1447;133/2024;2024_133_67;välillä;1
1447;133/2024;2024_133_67;että;12
1447;133/2024;2024_133_67;yrittäjä;2
1447;133/2024;2024_133_67;mutta;2
1447;133/2024;2024_133_67;erinomainen;1
1447;133/2024;2024_133_67;hyvä;1
1447;133/2024;2024_133_67;esimerkki;2
1447;133/2024;2024_133_67;kun;1
1447;133/2024;2024_133_67;edustaja;3
1447;133/2024;2024_133_67;partanen;1
1447;133/2024;2024_133_67;nimenomaan;4
1447;133/2024;2024_133_67;pitää;3
1447;133/2024;2024_133_67;esitys;3
1447;133/2024;2024_133_67;puolustaa;1
1447;133/2024;2024_133_67;puheenvuoro;2
1447;133/2024;2024_133_67;todeta;4
1447;133/2024;2024_133_67;lopuksi;1
1447;133/2024;2024_133_67;jäädä;1
1447;133/2024;2024_133_67;nyt;4
1447;133/2024;2024_133_67;odottaa;1
1447;133/2024;2024_133_67;tämä;10
1447;133/2024;2024_133_67;sali;3
1447;133/2024;2024_133_67;jos;1
1447;133/2024;2024_133_67;oppositio;1
1447;133/2024;2024_133_67;puoli;1
1447;133/2024;2024_133_67;jokin;1
1447;133/2024;2024_133_67;positiivinen;1
1447;133/2024;2024_133_67;tulla;1
1447;133/2024;2024_133_67;jälkeen;1
1447;133/2024;2024_133_67;sekunti;1
1447;133/2024;2024_133_67;edes;1
1447;133/2024;2024_133_67;istua;1
1447;133/2024;2024_133_67;oma;1
1447;133/2024;2024_133_67;paikka;1
1447;133/2024;2024_133_67;minä;8
1447;133/2024;2024_133_67;aivan;2
1447;133/2024;2024_133_67;loistava;1
1447;133/2024;2024_133_67;sanoa;1
1447;133/2024;2024_133_67;sinä;3
1447;133/2024;2024_133_67;teko;1
1447;133/2024;2024_133_67;toinen;1
1447;133/2024;2024_133_67;näkyä;1
1447;133/2024;2024_133_67;kautta;1
1447;133/2024;2024_133_67;linja;1
1447;133/2024;2024_133_67;koko;1
1447;133/2024;2024_133_67;tekeminen;2
1447;133/2024;2024_133_67;kaikkein;3
1447;133/2024;2024_133_67;huomioarvoinen;1
1447;133/2024;2024_133_67;kokonaisuus;1
1447;133/2024;2024_133_67;hallituspuolue;1
1447;133/2024;2024_133_67;viedä;1
1447;133/2024;2024_133_67;moni;1
1447;133/2024;2024_133_67;vuosi;1
1447;133/2024;2024_133_67;aika;1
1447;133/2024;2024_133_67;eteenpäin;1
1447;133/2024;2024_133_67;vastakkainasettelu;2
1447;133/2024;2024_133_67;madaltua;1
1447;133/2024;2024_133_67;joka;5
1447;133/2024;2024_133_67;tänne;1
1447;133/2024;2024_133_67;jatkuvasti;1
1447;133/2024;2024_133_67;tuoda;1
1447;133/2024;2024_133_67;madaltaa;1
1447;133/2024;2024_133_67;vaan;1
1447;133/2024;2024_133_67;lisätä;1
1447;133/2024;2024_133_67;näin;1
1447;133/2024;2024_133_67;todiste;1
1447;133/2024;2024_133_67;molemmat;2
1447;133/2024;2024_133_67;osapuoli;1
1447;133/2024;2024_133_67;tasapuolisesti;1
1447;133/2024;2024_133_67;tietää;1
1447;133/2024;2024_133_67;mikään;1
1447;133/2024;2024_133_67;niin;2
1447;133/2024;2024_133_67;hieno;1
1447;133/2024;2024_133_67;kuin;2
1447;133/2024;2024_133_67;työnantaja;2
1447;133/2024;2024_133_67;välinen;1
1447;133/2024;2024_133_67;yhteistyö;2
1447;133/2024;2024_133_67;sujua;2
1447;133/2024;2024_133_67;uskoa;2
1447;133/2024;2024_133_67;yritys;2
1447;133/2024;2024_133_67;hyvin;2
1447;133/2024;2024_133_67;pärjätä;1
1447;133/2024;2024_133_67;tulevaisuus;1
1447;133/2024;2024_133_67;tehdä;1
1447;133/2024;2024_133_67;tasapainoinen;1
1447;133/2024;2024_133_67;politiikka;1
1447;133/2024;2024_133_67;suunta;1
1447;133/2024;2024_133_67;asia;1
1447;133/2024;2024_133_67;kaikki;1
1447;133/2024;2024_133_67;edistää;1
1447;133/2024;2024_133_67;voida;1
1447;133/2024;2024_133_67;mikä;2
1447;133/2024;2024_133_67;tulostaulu;1
1447;133/2024;2024_133_67;lista;1
1447;133/2024;2024_133_67;työllisyys;1
1447;133/2024;2024_133_67;kehitys;1
1447;133/2024;2024_133_67;eurooppa;1
1447;133/2024;2024_133_67;surkea;1
1447;133/2024;2024_133_67;sosiaalidemokraatti;1
1447;133/2024;2024_133_67;kannattaa;1
1447;133/2024;2024_133_67;työ;2
1447;133/2024;2024_133_67;ehto;1
1447;133/2024;2024_133_67;hyvänsä;1
1447;133/2024;2024_133_67;haluta;2
1447;133/2024;2024_133_67;minimioikeus;1
1447;133/2024;2024_133_67;kyse;1
1447;133/2024;2024_133_67;haukkua;1
1447;133/2024;2024_133_67;tai;1
1447;133/2024;2024_133_67;moittia;1
1447;133/2024;2024_133_67;ymmärtää;1
1447;133/2024;2024_133_67;jokainen;1
1447;133/2024;2024_133_67;hän;1
1447;133/2024;2024_133_67;kritisoida;1
1447;133/2024;2024_133_115;arvoisa;1
1447;133/2024;2024_133_115;rouva;1
1447;133/2024;2024_133_115;puhemies;1
1447;133/2024;2024_133_115;olla;29
1447;133/2024;2024_133_115;jotenkin;2
1447;133/2024;2024_133_115;hieno;2
1447;133/2024;2024_133_115;ajatella;2
1447;133/2024;2024_133_115;niin;6
1447;133/2024;2024_133_115;että;14
1447;133/2024;2024_133_115;nimenomaan;2
1447;133/2024;2024_133_115;se;22
1447;133/2024;2024_133_115;työntekijä;8
1447;133/2024;2024_133_115;yritys;1
1447;133/2024;2024_133_115;aarre;1
1447;133/2024;2024_133_115;minä;5
1447;133/2024;2024_133_115;täällä;1
1447;133/2024;2024_133_115;jo;3
1447;133/2024;2024_133_115;aiemmin;1
1447;133/2024;2024_133_115;puhua;1
1447;133/2024;2024_133_115;ja;8
1447;133/2024;2024_133_115;työnantaja;5
1447;133/2024;2024_133_115;välinen;1
1447;133/2024;2024_133_115;yhteistyö;1
1447;133/2024;2024_133_115;joka;6
1447;133/2024;2024_133_115;kaikkein;1
1447;133/2024;2024_133_115;suuri;1
1447;133/2024;2024_133_115;hedelmä;1
1447;133/2024;2024_133_115;tulla;1
1447;133/2024;2024_133_115;oikea;1
1447;133/2024;2024_133_115;kyllä;2
1447;133/2024;2024_133_115;mutta;2
1447;133/2024;2024_133_115;täysin;1
1447;133/2024;2024_133_115;eri;1
1447;133/2024;2024_133_115;mieli;1
1447;133/2024;2024_133_115;tämä;14
1447;133/2024;2024_133_115;orpo;1
1447;133/2024;2024_133_115;tärkeä;1
1447;133/2024;2024_133_115;uudistus;1
1447;133/2024;2024_133_115;suomi;1
1447;133/2024;2024_133_115;hyvä;1
1447;133/2024;2024_133_115;erittäin;1
1447;133/2024;2024_133_115;huono;1
1447;133/2024;2024_133_115;käyttää;1
1447;133/2024;2024_133_115;ehkä;1
1447;133/2024;2024_133_115;esimerkki;2
1447;133/2024;2024_133_115;sellainen;1
1447;133/2024;2024_133_115;kun;4
1447;133/2024;2024_133_115;valiokunta;1
1447;133/2024;2024_133_115;kuulla;2
1447;133/2024;2024_133_115;asiantuntijayritys;1
1447;133/2024;2024_133_115;yli;3
1447;133/2024;2024_133_115;tuhat;1
1447;133/2024;2024_133_115;asiantuntija;1
1447;133/2024;2024_133_115;sekä;1
1447;133/2024;2024_133_115;todella;2
1447;133/2024;2024_133_115;paljon;1
1447;133/2024;2024_133_115;tehdä;4
1447;133/2024;2024_133_115;paikallinen;4
1447;133/2024;2024_133_115;sopimus;5
1447;133/2024;2024_133_115;molemmat;3
1447;133/2024;2024_133_115;osapuoli;2
1447;133/2024;2024_133_115;sanoa;1
1447;133/2024;2024_133_115;tarvita;2
1447;133/2024;2024_133_115;oma;2
1447;133/2024;2024_133_115;järjestö;2
1447;133/2024;2024_133_115;tuki;2
1447;133/2024;2024_133_115;apu;2
1447;133/2024;2024_133_115;jotta;2
1447;133/2024;2024_133_115;saada;3
1447;133/2024;2024_133_115;mieleinen;1
1447;133/2024;2024_133_115;siis;2
1447;133/2024;2024_133_115;kuin;3
1447;133/2024;2024_133_115;työntekijäpuoli;1
1447;133/2024;2024_133_115;yrittäjäjärjestö;1
1447;133/2024;2024_133_115;työntekijäjärjestö;1
1447;133/2024;2024_133_115;tasapainoinen;1
1447;133/2024;2024_133_115;nyt;3
1447;133/2024;2024_133_115;juuri;1
1447;133/2024;2024_133_115;viedä;1
1447;133/2024;2024_133_115;mahdollisuus;1
1447;133/2024;2024_133_115;siellä;1
1447;133/2024;2024_133_115;sitten;1
1447;133/2024;2024_133_115;takana;1
1447;133/2024;2024_133_115;kaikki;1
1447;133/2024;2024_133_115;mahdollinen;1
1447;133/2024;2024_133_115;nykyinen;1
1447;133/2024;2024_133_115;lainsäädäntö;1
1447;133/2024;2024_133_115;yrittäjä;1
1447;133/2024;2024_133_115;vain;1
1447;133/2024;2024_133_115;järjestäytyä;1
1447;133/2024;2024_133_115;hän;2
1447;133/2024;2024_133_115;sopiminen;2
1447;133/2024;2024_133_115;harmillinen;1
1447;133/2024;2024_133_115;edustaja;1
1447;133/2024;2024_133_115;heinonen;1
1447;133/2024;2024_133_115;keretä;1
1447;133/2024;2024_133_115;poistua;1
1447;133/2024;2024_133_115;erinomainen;1
1447;133/2024;2024_133_115;nostaa;1
1447;133/2024;2024_133_115;sinä;6
1447;133/2024;2024_133_115;tavoite;5
1447;133/2024;2024_133_115;uusi;1
1447;133/2024;2024_133_115;työllinen;2
1447;133/2024;2024_133_115;hallituskausi;1
1447;133/2024;2024_133_115;aikamoinen;1
1447;133/2024;2024_133_115;työmaa;1
1447;133/2024;2024_133_115;aloittaa;1
1447;133/2024;2024_133_115;vähemmän;1
1447;133/2024;2024_133_115;työpaikka;1
1447;133/2024;2024_133_115;eteenpäin;1
1447;133/2024;2024_133_115;kaksi;1
1447;133/2024;2024_133_115;vuosi;1
1447;133/2024;2024_133_115;aika;1
1447;133/2024;2024_133_115;toivoa;1
1447;133/2024;2024_133_115;päästä;2
1447;133/2024;2024_133_115;varmasti;1
1447;133/2024;2024_133_115;ihan;1
1447;133/2024;2024_133_115;ikinen;1
1447;133/2024;2024_133_115;sali;2
1447;133/2024;2024_133_115;istua;1
1447;133/2024;2024_133_115;toive;1
1447;133/2024;2024_133_115;näin;1
1447;133/2024;2024_133_115;tapahtua;1
1447;133/2024;2024_133_115;koko;1
1447;133/2024;2024_133_115;markkina;1
1447;133/2024;2024_133_115;toimia;1
1447;133/2024;2024_133_115;luottamus;2
1447;133/2024;2024_133_115;iso;1
1447;133/2024;2024_133_115;osa;1
1447;133/2024;2024_133_115;psykologia;1
1447;133/2024;2024_133_115;murentaa;1
1447;133/2024;2024_133_115;välillä;1
1447;133/2024;2024_133_115;esitys;2
1447;133/2024;2024_133_115;perään;1
1447;133/2024;2024_133_115;aivan;1
1447;133/2024;2024_133_115;päinvastainen;1
1447;133/2024;2024_133_115;toimenpide;1
1447;133/2024;2024_133_115;mikä;1
1447;133/2024;2024_133_115;minkälainen;1
1447;133/2024;2024_133_115;asettaa;1
1447;133/2024;2024_133_115;sdp;1
1447;133/2024;2024_133_115;luoda;1
1447;133/2024;2024_133_115;heikko;1
1447;133/2024;2024_133_115;asema;1
1447;133/2024;2024_133_115;pitää;1
1447;133/2024;2024_133_115;huoli;1
1447;133/2024;2024_133_115;minimisuoja;2
1447;133/2024;2024_133_115;päälle;1
1447;133/2024;2024_133_115;voida;1
1447;133/2024;2024_133_115;rakentaa;1
1447;133/2024;2024_133_115;yhdessä;1
1447;133/2024;2024_133_115;kanssa;1
1447;133/2024;2024_133_115;ei;1
1447;133/2024;2024_133_115;mikään;1
1447;133/2024;2024_133_115;tapaus;1
1447;133/2024;2024_133_115;kannattaa;1
1447;133/2024;2024_133_115;lisääminen;1
1447;133/2024;2024_133_115;aikainen;1
1447;133/2024;2024_133_115;vuoksi;1
1447;133/2024;2024_133_115;eduskunta;1
1447;133/2024;2024_133_133;kiitos;1
1447;133/2024;2024_133_133;rouva;1
1447;133/2024;2024_133_133;puhemies;1
1447;133/2024;2024_133_133;nimenomaan;4
1447;133/2024;2024_133_133;olla;23
1447;133/2024;2024_133_133;helppo;2
1447;133/2024;2024_133_133;jatkaa;1
1447;133/2024;2024_133_133;edellinen;1
1447;133/2024;2024_133_133;puheenvuoro;1
1447;133/2024;2024_133_133;perään;1
1447;133/2024;2024_133_133;että;9
1447;133/2024;2024_133_133;ei;2
1447;133/2024;2024_133_133;voida;5
1447;133/2024;2024_133_133;oikein;1
1447;133/2024;2024_133_133;käsittää;1
1447;133/2024;2024_133_133;se;20
1447;133/2024;2024_133_133;tavoite;2
1447;133/2024;2024_133_133;uusi;1
1447;133/2024;2024_133_133;työpaikka;4
1447;133/2024;2024_133_133;tulla;1
1447;133/2024;2024_133_133;ja;14
1447;133/2024;2024_133_133;nyt;6
1447;133/2024;2024_133_133;toimi;2
1447;133/2024;2024_133_133;joka;4
1447;133/2024;2024_133_133;tehdä;4
1447;133/2024;2024_133_133;kyllä;6
1447;133/2024;2024_133_133;juuri;2
1447;133/2024;2024_133_133;päinvastainen;1
1447;133/2024;2024_133_133;kun;3
1447;133/2024;2024_133_133;tänään;1
1447;133/2024;2024_133_133;käsitellä;1
1447;133/2024;2024_133_133;tämä;16
1447;133/2024;2024_133_133;palkkatuki;4
1447;133/2024;2024_133_133;leikkaamisasia;1
1447;133/2024;2024_133_133;niin;2
1447;133/2024;2024_133_133;linjata;1
1447;133/2024;2024_133_133;miljoona;2
1447;133/2024;2024_133_133;euro;2
1447;133/2024;2024_133_133;taso;1
1447;133/2024;2024_133_133;alentaminen;1
1447;133/2024;2024_133_133;siis;2
1447;133/2024;2024_133_133;minä;3
1447;133/2024;2024_133_133;aiemmin;1
1447;133/2024;2024_133_133;työllistää;2
1447;133/2024;2024_133_133;ihminen;3
1447;133/2024;2024_133_133;suora;1
1447;133/2024;2024_133_133;leikkaus;2
1447;133/2024;2024_133_133;vain;1
1447;133/2024;2024_133_133;ajatella;1
1447;133/2024;2024_133_133;varmasti;1
1447;133/2024;2024_133_133;vaikeuttaa;1
1447;133/2024;2024_133_133;myös;3
1447;133/2024;2024_133_133;hallitus;1
1447;133/2024;2024_133_133;pääsemä;1
1447;133/2024;2024_133_133;kunta;6
1447;133/2024;2024_133_133;kuntayhtymä;1
1447;133/2024;2024_133_133;rajaaminen;1
1447;133/2024;2024_133_133;palkkatua;1
1447;133/2024;2024_133_133;toiminta;2
1447;133/2024;2024_133_133;pois;2
1447;133/2024;2024_133_133;uhka;1
1447;133/2024;2024_133_133;etenkin;1
1447;133/2024;2024_133_133;nuori;2
1447;133/2024;2024_133_133;palvelupolku;1
1447;133/2024;2024_133_133;katkeaminen;1
1447;133/2024;2024_133_133;itse;1
1447;133/2024;2024_133_133;aina;1
1447;133/2024;2024_133_133;kaikki;2
1447;133/2024;2024_133_133;eniten;1
1447;133/2024;2024_133_133;huolissaan;1
1447;133/2024;2024_133_133;hetki;3
1447;133/2024;2024_133_133;tulevaisuus;1
1447;133/2024;2024_133_133;näkymä;1
1447;133/2024;2024_133_133;oikeasti;1
1447;133/2024;2024_133_133;aika;3
1447;133/2024;2024_133_133;sumea;1
1447;133/2024;2024_133_133;oma;2
1447;133/2024;2024_133_133;tytär;1
1447;133/2024;2024_133_133;valmistua;1
1447;133/2024;2024_133_133;ensi;1
1447;133/2024;2024_133_133;viikko;1
1447;133/2024;2024_133_133;sosionomi;1
1447;133/2024;2024_133_133;usea;1
1447;133/2024;2024_133_133;kymmenen;1
1447;133/2024;2024_133_133;täältä;1
1447;133/2024;2024_133_133;helsinki;1
1447;133/2024;2024_133_133;hakea;1
1447;133/2024;2024_133_133;sata;1
1447;133/2024;2024_133_133;hakija;1
1447;133/2024;2024_133_133;joten;1
1447;133/2024;2024_133_133;löytyminen;1
1447;133/2024;2024_133_133;todella;2
1447;133/2024;2024_133_133;vielä;2
1447;133/2024;2024_133_133;vähentää;1
1447;133/2024;2024_133_133;väline;1
1447;133/2024;2024_133_133;työllistäminen;1
1447;133/2024;2024_133_133;edistää;1
1447;133/2024;2024_133_133;työpaja;1
1447;133/2024;2024_133_133;supistuminen;1
1447;133/2024;2024_133_133;päätös;1
1447;133/2024;2024_133_133;vuoksi;2
1447;133/2024;2024_133_133;aidosti;2
1447;133/2024;2024_133_133;huono;1
1447;133/2024;2024_133_133;asia;1
1447;133/2024;2024_133_133;haluta;2
1447;133/2024;2024_133_133;kohdentaa;2
1447;133/2024;2024_133_133;jatko;3
1447;133/2024;2024_133_133;sinne;2
1447;133/2024;2024_133_133;yksityinen;1
1447;133/2024;2024_133_133;kolmas;2
1447;133/2024;2024_133_133;sektori;2
1447;133/2024;2024_133_133;hyvä;1
1447;133/2024;2024_133_133;kuin;1
1447;133/2024;2024_133_133;kokonaan;1
1447;133/2024;2024_133_133;leikkaaminen;1
1447;133/2024;2024_133_133;mutta;2
1447;133/2024;2024_133_133;pitää;2
1447;133/2024;2024_133_133;huomioida;1
1447;133/2024;2024_133_133;hyvin;1
1447;133/2024;2024_133_133;vaikea;1
1447;133/2024;2024_133_133;tilanne;1
1447;133/2024;2024_133_133;raha;1
1447;133/2024;2024_133_133;vajaakuntoinen;1
1447;133/2024;2024_133_133;tarvita;1
1447;133/2024;2024_133_133;edellä;1
1447;133/2024;2024_133_133;oinas-panumak;1
1447;133/2024;2024_133_133;kertoa;1
1447;133/2024;2024_133_133;iso;2
1447;133/2024;2024_133_133;määrä;1
1447;133/2024;2024_133_133;keinovalikoima;1
1447;133/2024;2024_133_133;vähetä;1
1447;133/2024;2024_133_133;esitys;1
1447;133/2024;2024_133_133;vähä;1
1447;133/2024;2024_133_133;mikä;1
1447;133/2024;2024_133_133;seurata;1
1447;133/2024;2024_133_133;eri;1
1447;133/2024;2024_133_133;ryhmä;1
1447;133/2024;2024_133_133;kohdentuma;1
1447;133/2024;2024_133_133;kuinka;2
1447;133/2024;2024_133_133;käydä;1
1447;133/2024;2024_133_133;kaikkein;1
1447;133/2024;2024_133_133;suuri;1
1447;133/2024;2024_133_133;huoli;1
1447;133/2024;2024_133_133;liittyä;1
1447;133/2024;2024_133_133;sama;2
1447;133/2024;2024_133_133;järjestö;2
1447;133/2024;2024_133_133;tuki;1
1447;133/2024;2024_133_133;ihmeessä;1
1447;133/2024;2024_133_133;yhtälö;1
1447;133/2024;2024_133_133;toimia;1
1447;133/2024;2024_133_133;rahoitus;1
1447;133/2024;2024_133_133;leikata;1
1447;133/2024;2024_133_133;hän;1
1447;133/2024;2024_133_133;ottaa;1
1447;133/2024;2024_133_133;enemmän;1
1447;133/2024;2024_133_133;koppi;1
1447;133/2024;2024_133_133;tuomas;1
1447;133/2024;2024_133_133;kettunen;1
1447;133/2024;2024_133_133;välihuuto;1
1447;133/2024;2024_133_195;arvoisa;1
1447;133/2024;2024_133_195;rouva;1
1447;133/2024;2024_133_195;puhemies;2
1447;133/2024;2024_133_195;ensimmäinen;1
1447;133/2024;2024_133_195;anteeksi;1
1447;133/2024;2024_133_195;se;24
1447;133/2024;2024_133_195;että;21
1447;133/2024;2024_133_195;kiihkeä;1
1447;133/2024;2024_133_195;debattipuheenvuoro;1
1447;133/2024;2024_133_195;jäädä;1
1447;133/2024;2024_133_195;puhutella;1
1447;133/2024;2024_133_195;mutta;2
1447;133/2024;2024_133_195;korjata;1
1447;133/2024;2024_133_195;tämä;33
1447;133/2024;2024_133_195;tilanne;2
1447;133/2024;2024_133_195;kun;4
1447;133/2024;2024_133_195;olla;42
1447;133/2024;2024_133_195;vähän;1
1447;133/2024;2024_133_195;rauhoittua;1
1447;133/2024;2024_133_195;täällä;3
1447;133/2024;2024_133_195;käyttää;1
1447;133/2024;2024_133_195;erinomainen;1
1447;133/2024;2024_133_195;hyvä;3
1447;133/2024;2024_133_195;puheenvuoro;1
1447;133/2024;2024_133_195;vientimalli;1
1447;133/2024;2024_133_195;ja;23
1447;133/2024;2024_133_195;ottaa;2
1447;133/2024;2024_133_195;ehkä;3
1447;133/2024;2024_133_195;kanta;2
1447;133/2024;2024_133_195;nyt;6
1447;133/2024;2024_133_195;vain;2
1447;133/2024;2024_133_195;pari;1
1447;133/2024;2024_133_195;lausunto;4
1447;133/2024;2024_133_195;joka;8
1447;133/2024;2024_133_195;valiokunta;1
1447;133/2024;2024_133_195;kuulla;2
1447;133/2024;2024_133_195;toinen;5
1447;133/2024;2024_133_195;oikeuskansleri;3
1447;133/2024;2024_133_195;virasto;2
1447;133/2024;2024_133_195;tasa-arvovaltuutettu;2
1447;133/2024;2024_133_195;vastaus;1
1447;133/2024;2024_133_195;nousta;1
1447;133/2024;2024_133_195;kysymys;2
1447;133/2024;2024_133_195;tai;2
1447;133/2024;2024_133_195;kommentti;1
1447;133/2024;2024_133_195;vaikka;1
1447;133/2024;2024_133_195;valtakunnansovittelija;2
1447;133/2024;2024_133_195;todeta;4
1447;133/2024;2024_133_195;oma;2
1447;133/2024;2024_133_195;lainsäädäntömalli;1
1447;133/2024;2024_133_195;siis;3
1447;133/2024;2024_133_195;malli;5
1447;133/2024;2024_133_195;toteutua;1
1447;133/2024;2024_133_195;uudenlainen;1
1447;133/2024;2024_133_195;sääntely;2
1447;133/2024;2024_133_195;sanoa;6
1447;133/2024;2024_133_195;nimenomaan;16
1447;133/2024;2024_133_195;niin;13
1447;133/2024;2024_133_195;tällainen;2
1447;133/2024;2024_133_195;ei;12
1447;133/2024;2024_133_195;kyllä;6
1447;133/2024;2024_133_195;suomi;2
1447;133/2024;2024_133_195;aiemmin;3
1447;133/2024;2024_133_195;tottua;1
1447;133/2024;2024_133_195;suhtautua;1
1447;133/2024;2024_133_195;kriittisesti;1
1447;133/2024;2024_133_195;tämäntyyppinen;1
1447;133/2024;2024_133_195;laajentaminen;1
1447;133/2024;2024_133_195;pitää;3
1447;133/2024;2024_133_195;tehdä;7
1447;133/2024;2024_133_195;harkita;1
1447;133/2024;2024_133_195;huolellisesti;1
1447;133/2024;2024_133_195;vaikutusarvio;2
1447;133/2024;2024_133_195;jotenkin;1
1447;133/2024;2024_133_195;tuntua;1
1447;133/2024;2024_133_195;hyvin;3
1447;133/2024;2024_133_195;vajavaisesti;1
1447;133/2024;2024_133_195;usea;1
1447;133/2024;2024_133_195;pykälämuotoilu;1
1447;133/2024;2024_133_195;avoin;1
1447;133/2024;2024_133_195;epämääräinen;1
1447;133/2024;2024_133_195;tulkinta;1
1447;133/2024;2024_133_195;mikä;7
1447;133/2024;2024_133_195;ohjata;1
1447;133/2024;2024_133_195;hallitus;4
1447;133/2024;2024_133_195;perustelu;2
1447;133/2024;2024_133_195;kirjata;1
1447;133/2024;2024_133_195;sitten;5
1447;133/2024;2024_133_195;yksi;3
1447;133/2024;2024_133_195;kuin;3
1447;133/2024;2024_133_195;jo;3
1447;133/2024;2024_133_195;tänään;1
1447;133/2024;2024_133_195;perustuslakivaliokunta;1
1447;133/2024;2024_133_195;jäsen;1
1447;133/2024;2024_133_195;koskinen;1
1447;133/2024;2024_133_195;nimenomaisesti;2
1447;133/2024;2024_133_195;lainsäädäntötekniikka;1
1447;133/2024;2024_133_195;pykälä;1
1447;133/2024;2024_133_195;lukea;1
1447;133/2024;2024_133_195;asia;5
1447;133/2024;2024_133_195;edes;1
1447;133/2024;2024_133_195;käydä;1
1447;133/2024;2024_133_195;ilmi;1
1447;133/2024;2024_133_195;tarkoitus;1
1447;133/2024;2024_133_195;hillitä;1
1447;133/2024;2024_133_195;erilainen;1
1447;133/2024;2024_133_195;palkkaratkaisu;1
1447;133/2024;2024_133_195;puhua;4
1447;133/2024;2024_133_195;kilpailukyky;1
1447;133/2024;2024_133_195;ynnä;1
1447;133/2024;2024_133_195;muu;3
1447;133/2024;2024_133_195;aivan;2
1447;133/2024;2024_133_195;eri;1
1447;133/2024;2024_133_195;voida;4
1447;133/2024;2024_133_195;säätää;2
1447;133/2024;2024_133_195;sovittelija;2
1447;133/2024;2024_133_195;pysyä;2
1447;133/2024;2024_133_195;edelleen;2
1447;133/2024;2024_133_195;riippumaton;2
1447;133/2024;2024_133_195;viitata;5
1447;133/2024;2024_133_195;sopia;1
1447;133/2024;2024_133_195;tasa-arvokohta;1
1447;133/2024;2024_133_195;käsitellä;1
1447;133/2024;2024_133_195;esitys;4
1447;133/2024;2024_133_195;suoraan;1
1447;133/2024;2024_133_195;tiedostaa;1
1447;133/2024;2024_133_195;lisätä;2
1447;133/2024;2024_133_195;palkkaepätasa-arvo;1
1447;133/2024;2024_133_195;palkkakuoppa;1
1447;133/2024;2024_133_195;erityisesti;1
1447;133/2024;2024_133_195;palkkatasa-arvo;3
1447;133/2024;2024_133_195;kertoa;2
1447;133/2024;2024_133_195;kuitenkaan;1
1447;133/2024;2024_133_195;kuinka;2
1447;133/2024;2024_133_195;aikoa;3
1447;133/2024;2024_133_195;ratkaista;2
1447;133/2024;2024_133_195;minä;2
1447;133/2024;2024_133_195;palkkatasa-arvoasia;1
1447;133/2024;2024_133_195;kuitenkin;1
1447;133/2024;2024_133_195;talo;2
1447;133/2024;2024_133_195;tehtävä;3
1447;133/2024;2024_133_195;edistää;2
1447;133/2024;2024_133_195;torjua;1
1447;133/2024;2024_133_195;epätasa-arvo;1
1447;133/2024;2024_133_195;usein;1
1447;133/2024;2024_133_195;moni;1
1447;133/2024;2024_133_195;käsittely;1
1447;133/2024;2024_133_195;ruotsi;6
1447;133/2024;2024_133_195;pohjoismainen;1
1447;133/2024;2024_133_195;silloin;1
1447;133/2024;2024_133_195;tarkka;1
1447;133/2024;2024_133_195;tulla;3
1447;133/2024;2024_133_195;selvä;1
1447;133/2024;2024_133_195;ero;1
1447;133/2024;2024_133_195;kanssa;1
1447;133/2024;2024_133_195;paljon;4
1447;133/2024;2024_133_195;edellä;1
1447;133/2024;2024_133_195;edustaja;1
1447;133/2024;2024_133_195;viitala;1
1447;133/2024;2024_133_195;instituutti;1
1447;133/2024;2024_133_195;tuottaa;1
1447;133/2024;2024_133_195;tieto;1
1447;133/2024;2024_133_195;tasa-arvo;4
1447;133/2024;2024_133_195;nimenomainen;1
1447;133/2024;2024_133_195;mikään;1
1447;133/2024;2024_133_195;tiedonsaantioikeus;1
1447;133/2024;2024_133_195;lisää;1
1447;133/2024;2024_133_195;toimisto;1
1447;133/2024;2024_133_195;hän;1
1447;133/2024;2024_133_195;laki;1
1447;133/2024;2024_133_195;kannattaa;1
1447;133/2024;2024_133_195;kohta;2
1447;133/2024;2024_133_195;haluta;1
1447;133/2024;2024_133_195;sitoa;1
1447;133/2024;2024_133_195;vientiala;1
1447;133/2024;2024_133_195;avata;1
1447;133/2024;2024_133_195;sopimus;3
1447;133/2024;2024_133_195;siksi;1
1447;133/2024;2024_133_195;sekavasti;1
1447;133/2024;2024_133_195;kokonaisuus;1
1447;133/2024;2024_133_195;muodostaa;1
1447;133/2024;2024_133_195;jättää;1
1447;133/2024;2024_133_195;epäselvä;1
1447;133/2024;2024_133_195;harkinta;1
1447;133/2024;2024_133_195;varaan;1
1447;133/2024;2024_133_195;yleinen;2
1447;133/2024;2024_133_195;linja;2
1447;133/2024;2024_133_195;poiketa;2
1447;133/2024;2024_133_195;jos;1
1447;133/2024;2024_133_195;sidottaa;1
1447;133/2024;2024_133_195;esimerkiksi;1
1447;133/2024;2024_133_195;erillinen;1
1447;133/2024;2024_133_195;työehtosopimus;1
1447;133/2024;2024_133_195;vaara;2
1447;133/2024;2024_133_195;liikkumavara;1
1447;133/2024;2024_133_195;prosenttikorotus;1
1447;133/2024;2024_133_195;eli;2
1447;133/2024;2024_133_195;oero;1
1447;133/2024;2024_133_195;kasvaa;1
1447;133/2024;2024_133_195;ikinen;1
1447;133/2024;2024_133_195;neuvottelukierros;1
1447;133/2024;2024_133_195;jälkeen;1
1447;133/2024;2024_133_195;työaika;1
1447;133/2024;2024_133_195;kaikki;2
1447;133/2024;2024_133_195;joustavuus;1
1447;133/2024;2024_133_195;lisääminen;1
1447;133/2024;2024_133_195;myös;1
1447;133/2024;2024_133_195;huomio;1
1447;133/2024;2024_133_195;työ;1
1447;133/2024;2024_133_195;perhe-elämä;1
1447;133/2024;2024_133_195;yhteensovittaminen;1
1447;133/2024;2024_133_195;parri;1
1447;133/2024;2024_133_195;elikkä;1
1447;133/2024;2024_133_195;neuvotteluosapuoli;1
1447;133/2024;2024_133_195;velvollisuus;1
1447;133/2024;2024_133_195;huolehtia;2
1447;133/2024;2024_133_195;siellä;1
1447;133/2024;2024_133_195;kunnallinen;1
1447;133/2024;2024_133_195;naisvaltainen;1
1447;133/2024;2024_133_195;ala;1
1447;133/2024;2024_133_195;vielä;2
1447;133/2024;2024_133_195;viranomainen;1
1447;133/2024;2024_133_195;edistäminen;1
1447;133/2024;2024_133_195;resurssi;1
1447;133/2024;2024_133_195;aika;1
1447;133/2024;2024_133_195;mielenkiintoinen;1
1447;133/2024;2024_133_195;lopuksi;1
1447;133/2024;2024_133_195;nostaa;1
1447;133/2024;2024_133_195;opettaja;1
1447;133/2024;2024_133_195;ammattijärjestö;1
1447;133/2024;2024_133_195;eilen;1
1447;133/2024;2024_133_195;ulostulo;1
1447;133/2024;2024_133_195;kannella;1
1447;133/2024;2024_133_195;päätös;1
1447;133/2024;2024_133_195;eu;1
1447;133/2024;2024_133_195;osata;1
1447;133/2024;2024_133_195;tuomioistuin;1
1447;133/2024;2024_133_195;instanssi;1
1447;133/2024;2024_133_195;pohjamuta;1
1447;133/2024;2024_133_195;myöten;1
1447;133/2024;2024_133_195;selvittää;1
1447;133/2024;2024_133_195;mukainen;1
1447;133/2024;2024_133_195;vai;1
