speaker_id;session;speech_id;word;word_n
1501;16/2023;2023_16_181;arvoisa;1
1501;16/2023;2023_16_181;puhemies;1
1501;16/2023;2023_16_181;värderade;1
1501;16/2023;2023_16_181;talma;1
1501;16/2023;2023_16_181;suomi;1
1501;16/2023;2023_16_181;olla;5
1501;16/2023;2023_16_181;poikkeuksellinen;1
1501;16/2023;2023_16_181;haastava;2
1501;16/2023;2023_16_181;tilanne;1
1501;16/2023;2023_16_181;minä;5
1501;16/2023;2023_16_181;velkaantua;1
1501;16/2023;2023_16_181;hoito;1
1501;16/2023;2023_16_181;ei;3
1501;16/2023;2023_16_181;päästä;1
1501;16/2023;2023_16_181;ja;5
1501;16/2023;2023_16_181;oppimistulos;1
1501;16/2023;2023_16_181;laskea;1
1501;16/2023;2023_16_181;kilpailukymmen;1
1501;16/2023;2023_16_181;muu;1
1501;16/2023;2023_16_181;verrokkimaa;1
1501;16/2023;2023_16_181;sahata;1
1501;16/2023;2023_16_181;paikallaan;1
1501;16/2023;2023_16_181;yritys;1
1501;16/2023;2023_16_181;haluta;1
1501;16/2023;2023_16_181;kasvaa;1
1501;16/2023;2023_16_181;uusi;1
1501;16/2023;2023_16_181;hallitus;1
1501;16/2023;2023_16_181;lähtökohta;1
1501;16/2023;2023_16_181;hyvin;1
1501;16/2023;2023_16_181;kuulua;1
1501;16/2023;2023_16_181;tämä;1
1501;16/2023;2023_16_181;sali;1
1501;16/2023;2023_16_181;nuorimpi;1
1501;16/2023;2023_16_181;kantaa;1
1501;16/2023;2023_16_181;syvä;1
1501;16/2023;2023_16_181;huoli;1
1501;16/2023;2023_16_181;lapsi;2
1501;16/2023;2023_16_181;nuori;1
1501;16/2023;2023_16_181;tulevaisuudenusko;1
1501;16/2023;2023_16_181;vastuuton;2
1501;16/2023;2023_16_181;mikäli;1
1501;16/2023;2023_16_181;jatkaa;1
1501;16/2023;2023_16_181;velkaantuminen;1
1501;16/2023;2023_16_181;saada;1
1501;16/2023;2023_16_181;elää;1
1501;16/2023;2023_16_181;tuleva;1
1501;16/2023;2023_16_181;sukupolvi;1
1501;16/2023;2023_16_181;piikkiin;1
1501;16/2023;2023_16_181;pistää;1
1501;16/2023;2023_16_181;politiikka;1
1501;16/2023;2023_16_181;maksumies;1
1501;16/2023;2023_16_181;suunta;1
1501;16/2023;2023_16_181;muuttua;1
1501;16/2023;2023_16_181;sheikki;1
1501;16/2023;2023_16_181;laakso;1
1501;16/2023;2023_16_181;kuulla;1
1501;16/2023;2023_16_181;saramo;1
1501;18/2023;2023_18_268;värderade;1
1501;18/2023;2023_18_268;talma;1
1501;18/2023;2023_18_268;arvoisa;1
1501;18/2023;2023_18_268;puhemies;2
1501;18/2023;2023_18_268;tämä;24
1501;18/2023;2023_18_268;sali;2
1501;18/2023;2023_18_268;olla;23
1501;18/2023;2023_18_268;nyt;2
1501;18/2023;2023_18_268;viimeinen;1
1501;18/2023;2023_18_268;päivä;1
1501;18/2023;2023_18_268;aika;1
1501;18/2023;2023_18_268;keskustella;1
1501;18/2023;2023_18_268;paljon;1
1501;18/2023;2023_18_268;myös;11
1501;18/2023;2023_18_268;sote;1
1501;18/2023;2023_18_268;ja;17
1501;18/2023;2023_18_268;pelastuspalvelu;1
1501;18/2023;2023_18_268;tulevaisuus;1
1501;18/2023;2023_18_268;kun;2
1501;18/2023;2023_18_268;itse;3
1501;18/2023;2023_18_268;mahdollisuus;1
1501;18/2023;2023_18_268;neuvotella;1
1501;18/2023;2023_18_268;asia;3
1501;18/2023;2023_18_268;säätytalo;1
1501;18/2023;2023_18_268;niin;5
1501;18/2023;2023_18_268;pakko;2
1501;18/2023;2023_18_268;kommentoida;1
1501;18/2023;2023_18_268;muutama;1
1501;18/2023;2023_18_268;mikä;6
1501;18/2023;2023_18_268;nostaa;2
1501;18/2023;2023_18_268;esiin;2
1501;18/2023;2023_18_268;ensiksi;1
1501;18/2023;2023_18_268;haluta;6
1501;18/2023;2023_18_268;todeta;2
1501;18/2023;2023_18_268;alku;1
1501;18/2023;2023_18_268;se;20
1501;18/2023;2023_18_268;että;15
1501;18/2023;2023_18_268;uskoa;1
1501;18/2023;2023_18_268;minä;20
1501;18/2023;2023_18_268;kaikki;3
1501;18/2023;2023_18_268;oikea;2
1501;18/2023;2023_18_268;vasen;1
1501;18/2023;2023_18_268;huoli;1
1501;18/2023;2023_18_268;sote-sektori;2
1501;18/2023;2023_18_268;tilanne;2
1501;18/2023;2023_18_268;koska;3
1501;18/2023;2023_18_268;sote-palvelu;1
1501;18/2023;2023_18_268;hetki;1
1501;18/2023;2023_18_268;kriisi;1
1501;18/2023;2023_18_268;edustaja;1
1501;18/2023;2023_18_268;täällä;1
1501;18/2023;2023_18_268;saada;6
1501;18/2023;2023_18_268;varmaan;1
1501;18/2023;2023_18_268;jatkuvasti;1
1501;18/2023;2023_18_268;palaute;1
1501;18/2023;2023_18_268;miten;1
1501;18/2023;2023_18_268;lääkäri;1
1501;18/2023;2023_18_268;ei;3
1501;18/2023;2023_18_268;päästä;1
1501;18/2023;2023_18_268;koskea;1
1501;18/2023;2023_18_268;ihan;1
1501;18/2023;2023_18_268;koko;2
1501;18/2023;2023_18_268;suomi;1
1501;18/2023;2023_18_268;toki;1
1501;18/2023;2023_18_268;hallitus;3
1501;18/2023;2023_18_268;pyrkiä;1
1501;18/2023;2023_18_268;löytää;1
1501;18/2023;2023_18_268;ratkaisu;1
1501;18/2023;2023_18_268;mutta;2
1501;18/2023;2023_18_268;kuten;1
1501;18/2023;2023_18_268;tietää;3
1501;18/2023;2023_18_268;konteksti;1
1501;18/2023;2023_18_268;joka;5
1501;18/2023;2023_18_268;todella;1
1501;18/2023;2023_18_268;haastava;1
1501;18/2023;2023_18_268;voida;3
1501;18/2023;2023_18_268;laskea;1
1501;18/2023;2023_18_268;iso;3
1501;18/2023;2023_18_268;haaste;3
1501;18/2023;2023_18_268;yhteensä;1
1501;18/2023;2023_18_268;kolme;1
1501;18/2023;2023_18_268;talous;1
1501;18/2023;2023_18_268;ikääntyvä;1
1501;18/2023;2023_18_268;väestö;2
1501;18/2023;2023_18_268;henkilöstövaje;2
1501;18/2023;2023_18_268;jos;1
1501;18/2023;2023_18_268;aloittaa;1
1501;18/2023;2023_18_268;hallitusohjelma;3
1501;18/2023;2023_18_268;toimi;1
1501;18/2023;2023_18_268;osittain;1
1501;18/2023;2023_18_268;käynnistää;1
1501;18/2023;2023_18_268;jo;2
1501;18/2023;2023_18_268;viime;2
1501;18/2023;2023_18_268;hallituskausi;2
1501;18/2023;2023_18_268;edistää;2
1501;18/2023;2023_18_268;lisää;1
1501;18/2023;2023_18_268;koulutuspaikka;1
1501;18/2023;2023_18_268;molemmat;1
1501;18/2023;2023_18_268;kansalliskieli;1
1501;18/2023;2023_18_268;ennen;1
1501;18/2023;2023_18_268;kaikkea;1
1501;18/2023;2023_18_268;lähteä;4
1501;18/2023;2023_18_268;tarkistaa;1
1501;18/2023;2023_18_268;kuka;1
1501;18/2023;2023_18_268;tehdä;1
1501;18/2023;2023_18_268;vähentää;1
1501;18/2023;2023_18_268;hoitohenkilökunta;1
1501;18/2023;2023_18_268;byrokratia;1
1501;18/2023;2023_18_268;tulla;2
1501;18/2023;2023_18_268;sote-uudistus;2
1501;18/2023;2023_18_268;toteuttaa;1
1501;18/2023;2023_18_268;pitkälti;1
1501;18/2023;2023_18_268;hallinnollinen;1
1501;18/2023;2023_18_268;uudistus;1
1501;18/2023;2023_18_268;panostaa;2
1501;18/2023;2023_18_268;nimenomaan;3
1501;18/2023;2023_18_268;vahvistaa;1
1501;18/2023;2023_18_268;palveluketju;3
1501;18/2023;2023_18_268;yksi;2
1501;18/2023;2023_18_268;sote-järjestelmä;1
1501;18/2023;2023_18_268;luoda;1
1501;18/2023;2023_18_268;kustannus;2
1501;18/2023;2023_18_268;perusterveydenhuolto;1
1501;18/2023;2023_18_268;sekä;2
1501;18/2023;2023_18_268;ennaltaehkäisevä;1
1501;18/2023;2023_18_268;palvelu;2
1501;18/2023;2023_18_268;huolehtia;2
1501;18/2023;2023_18_268;integraatio;2
1501;18/2023;2023_18_268;erikoissairaanhoito;1
1501;18/2023;2023_18_268;perusterveenhuolto;1
1501;18/2023;2023_18_268;välillä;1
1501;18/2023;2023_18_268;toimia;4
1501;18/2023;2023_18_268;asiassa;1
1501;18/2023;2023_18_268;liittyä;1
1501;18/2023;2023_18_268;uusimaa;1
1501;18/2023;2023_18_268;erillisratkaisu;1
1501;18/2023;2023_18_268;selkeästi;1
1501;18/2023;2023_18_268;kohta;1
1501;18/2023;2023_18_268;nähdä;1
1501;18/2023;2023_18_268;hyvä;1
1501;18/2023;2023_18_268;mahdollinen;1
1501;18/2023;2023_18_268;tapa;2
1501;18/2023;2023_18_268;oma;1
1501;18/2023;2023_18_268;osa;1
1501;18/2023;2023_18_268;lisätä;1
1501;18/2023;2023_18_268;palvelurakenne;1
1501;18/2023;2023_18_268;sujua;1
1501;18/2023;2023_18_268;kautta;1
1501;18/2023;2023_18_268;sitten;1
1501;18/2023;2023_18_268;kustannushillintä;1
1501;18/2023;2023_18_268;aikaiseksi;1
1501;18/2023;2023_18_268;pitää;1
1501;18/2023;2023_18_268;tavoite;1
1501;18/2023;2023_18_268;ikääntyä;1
1501;18/2023;2023_18_268;tarkoittaa;2
1501;18/2023;2023_18_268;toisin;1
1501;18/2023;2023_18_268;sanoen;1
1501;18/2023;2023_18_268;palvelutarve;1
1501;18/2023;2023_18_268;kasvaa;1
1501;18/2023;2023_18_268;jotta;1
1501;18/2023;2023_18_268;jokainen;1
1501;18/2023;2023_18_268;suomalainen;1
1501;18/2023;2023_18_268;oikea-aikainen;1
1501;18/2023;2023_18_268;hoito;1
1501;18/2023;2023_18_268;apu;1
1501;18/2023;2023_18_268;silloin;1
1501;18/2023;2023_18_268;juuri;1
1501;18/2023;2023_18_268;syy;1
1501;18/2023;2023_18_268;linjata;1
1501;18/2023;2023_18_268;aikoa;1
1501;18/2023;2023_18_268;tehostaa;1
1501;18/2023;2023_18_268;hyvinvointialue;1
1501;18/2023;2023_18_268;ohjaus;1
1501;18/2023;2023_18_268;valvonta;1
1501;18/2023;2023_18_268;koputtaa;1
1501;18/2023;2023_18_268;mikään;1
1501;18/2023;2023_18_268;keskittäminen;1
1501;18/2023;2023_18_268;vaan;1
1501;18/2023;2023_18_268;auttaa;1
1501;18/2023;2023_18_268;tarjota;1
1501;20/2023;2023_20_53;värderade;1
1501;20/2023;2023_20_53;fru;1
1501;20/2023;2023_20_53;talman;1
1501;20/2023;2023_20_53;arvoisa;1
1501;20/2023;2023_20_53;rouva;1
1501;20/2023;2023_20_53;puhemies;1
1501;20/2023;2023_20_53;funktionshindervervicelag;1
1501;20/2023;2023_20_53;orla;1
1501;20/2023;2023_20_53;ei;8
1501;20/2023;2023_20_53;mycket;1
1501;20/2023;2023_20_53;efterlängtad;1
1501;20/2023;2023_20_53;lag;2
1501;20/2023;2023_20_53;den;2
1501;20/2023;2023_20_53;har;3
1501;20/2023;2023_20_53;förberettää;1
1501;20/2023;2023_20_53;under;1
1501;20/2023;2023_20_53;lång;1
1501;20/2023;2023_20_53;tid;2
1501;20/2023;2023_20_53;och;1
1501;20/2023;2023_20_53;förra;1
1501;20/2023;2023_20_53;riksdagen;1
1501;20/2023;2023_20_53;kulla;1
1501;20/2023;2023_20_53;godkata;1
1501;20/2023;2023_20_53;nyt;1
1501;20/2023;2023_20_53;så;1
1501;20/2023;2023_20_53;sent;1
1501;20/2023;2023_20_53;som;4
1501;20/2023;2023_20_53;börja;1
1501;20/2023;2023_20_53;av;2
1501;20/2023;2023_20_53;dinä;2
1501;20/2023;2023_20_53;här;2
1501;20/2023;2023_20_53;kretti;1
1501;20/2023;2023_20_53;god;1
1501;20/2023;2023_20_53;lagprocess;1
1501;20/2023;2023_20_53;kräver;1
1501;20/2023;2023_20_53;alltid;1
1501;20/2023;2023_20_53;se;1
1501;20/2023;2023_20_53;de;3
1501;20/2023;2023_20_53;varde;1
1501;20/2023;2023_20_53;tråkigtomet;1
1501;20/2023;2023_20_53;atta;4
1501;20/2023;2023_20_53;man;1
1501;20/2023;2023_20_53;samband;1
1501;20/2023;2023_20_53;med;2
1501;20/2023;2023_20_53;lagbehandling;1
1501;20/2023;2023_20_53;tvingada;1
1501;20/2023;2023_20_53;igenom;1
1501;20/2023;2023_20_53;förändringar;1
1501;20/2023;2023_20_53;lagi;1
1501;20/2023;2023_20_53;slut;1
1501;20/2023;2023_20_53;ärendets;1
1501;20/2023;2023_20_53;behandling;1
1501;20/2023;2023_20_53;föranlettää;1
1501;20/2023;2023_20_53;ärende;1
1501;20/2023;2023_20_53;inte;1
1501;20/2023;2023_20_53;genoa;1
1501;20/2023;2023_20_53;regelräs;1
1501;20/2023;2023_20_53;lagstiftningsprocess;1
1501;20/2023;2023_20_53;hän;2
1501;20/2023;2023_20_53;sattaa;1
1501;20/2023;2023_20_53;regerinki;1
1501;20/2023;2023_20_53;svår;1
1501;20/2023;2023_20_53;sits;1
1501;20/2023;2023_20_53;vi;3
1501;20/2023;2023_20_53;regeringspartier;1
1501;20/2023;2023_20_53;försöä;1
1501;20/2023;2023_20_53;löskeä;1
1501;20/2023;2023_20_53;på;2
1501;20/2023;2023_20_53;bästa;1
1501;20/2023;2023_20_53;möjliga;1
1501;20/2023;2023_20_53;säsi;1
1501;20/2023;2023_20_53;jag;1
1501;20/2023;2023_20_53;trora;1
1501;20/2023;2023_20_53;alla;1
1501;20/2023;2023_20_53;sali;1
1501;20/2023;2023_20_53;villä;1
1501;20/2023;2023_20_53;varje;1
1501;20/2023;2023_20_53;perso;1
1501;20/2023;2023_20_53;funktionsnedsättning;1
1501;20/2023;2023_20_53;fårsä;1
1501;20/2023;2023_20_53;bra;1
1501;20/2023;2023_20_53;service;1
1501;20/2023;2023_20_53;skapara;1
1501;20/2023;2023_20_53;grunde;2
1501;20/2023;2023_20_53;för;1
1501;20/2023;2023_20_53;trygg;1
1501;20/2023;2023_20_53;vardag;1
1501;20/2023;2023_20_53;prataro;1
1501;20/2023;2023_20_53;minä;1
1501;20/2023;2023_20_53;sätt;1
1501;20/2023;2023_20_53;nu;1
1501;20/2023;2023_20_53;om;1
1501;20/2023;2023_20_53;våri;1
1501;20/2023;2023_20_53;välfärdsamhkä;1
1501;21/2023;2023_21_177;värderade;1
1501;21/2023;2023_21_177;talma;1
1501;21/2023;2023_21_177;arvoisa;1
1501;21/2023;2023_21_177;puhemies;1
1501;21/2023;2023_21_177;under;1
1501;21/2023;2023_21_177;den;1
1501;21/2023;2023_21_177;gångna;1
1501;21/2023;2023_21_177;sommare;1
1501;21/2023;2023_21_177;har;2
1501;21/2023;2023_21_177;dinä;7
1501;21/2023;2023_21_177;finländska;2
1501;21/2023;2023_21_177;samhä;5
1501;21/2023;2023_21_177;förtää;1
1501;21/2023;2023_21_177;ei;2
1501;21/2023;2023_21_177;aktiv;1
1501;21/2023;2023_21_177;debatt;1
1501;21/2023;2023_21_177;angående;1
1501;21/2023;2023_21_177;arbe;2
1501;21/2023;2023_21_177;om;2
1501;21/2023;2023_21_177;atta;4
1501;21/2023;2023_21_177;främjata;2
1501;21/2023;2023_21_177;likabehandlingin;2
1501;21/2023;2023_21_177;och;5
1501;21/2023;2023_21_177;ickediskriskrinering;2
1501;21/2023;2023_21_177;av;2
1501;21/2023;2023_21_177;människor;1
1501;21/2023;2023_21_177;finska;2
1501;21/2023;2023_21_177;vi;4
1501;21/2023;2023_21_177;orla;2
1501;21/2023;2023_21_177;välnin;1
1501;21/2023;2023_21_177;medväs;1
1501;21/2023;2023_21_177;finnätä;1
1501;21/2023;2023_21_177;strukturelli;1
1501;21/2023;2023_21_177;rasism;1
1501;21/2023;2023_21_177;som;1
1501;21/2023;2023_21_177;bördä;1
1501;21/2023;2023_21_177;modartaa;1
1501;21/2023;2023_21_177;på;2
1501;21/2023;2023_21_177;alla;4
1501;21/2023;2023_21_177;pla;1
1501;21/2023;2023_21_177;kalla;3
1501;21/2023;2023_21_177;iiteä;1
1501;21/2023;2023_21_177;acceprera;1
1501;21/2023;2023_21_177;tåmä;1
1501;21/2023;2023_21_177;diskriminera;1
1501;21/2023;2023_21_177;eller;2
1501;21/2023;2023_21_177;felbehandlas;1
1501;21/2023;2023_21_177;grund;1
1501;21/2023;2023_21_177;se;1
1501;21/2023;2023_21_177;bakgrund;1
1501;21/2023;2023_21_177;personlighi;1
1501;21/2023;2023_21_177;regeringe;2
1501;21/2023;2023_21_177;förbuntaa;1
1501;21/2023;2023_21_177;sig;1
1501;21/2023;2023_21_177;samri;1
1501;21/2023;2023_21_177;arbeta;1
1501;21/2023;2023_21_177;för;1
1501;21/2023;2023_21_177;att;1
1501;21/2023;2023_21_177;minskaa;1
1501;21/2023;2023_21_177;rasismi;1
1501;21/2023;2023_21_177;villä;1
1501;21/2023;2023_21_177;engagera;1
1501;21/2023;2023_21_177;hela;1
1501;21/2023;2023_21_177;här;1
1501;21/2023;2023_21_177;vara;1
1501;21/2023;2023_21_177;med;1
1501;21/2023;2023_21_177;bygga;1
1501;21/2023;2023_21_177;upp;1
1501;21/2023;2023_21_177;että;1
1501;21/2023;2023_21_177;finland;1
1501;21/2023;2023_21_177;där;1
1501;21/2023;2023_21_177;varj;1
1501;21/2023;2023_21_177;levata;1
1501;21/2023;2023_21_177;tryggt;1
1501;21/2023;2023_21_177;bilää;1
1501;21/2023;2023_21_177;accepterata;1
1501;21/2023;2023_21_177;de;1
1501;21/2023;2023_21_177;speciellt;1
1501;21/2023;2023_21_177;våra;1
1501;21/2023;2023_21_177;politikers;1
1501;21/2023;2023_21_177;uppdrag;1
1501;30/2023;2023_30_106;arvoisa;1
1501;30/2023;2023_30_106;puhemies;1
1501;30/2023;2023_30_106;värderade;1
1501;30/2023;2023_30_106;talma;1
1501;30/2023;2023_30_106;suomi;1
1501;30/2023;2023_30_106;olla;25
1501;30/2023;2023_30_106;hyvinvointiyhteiskunta;1
1501;30/2023;2023_30_106;ja;9
1501;30/2023;2023_30_106;minä;5
1501;30/2023;2023_30_106;tehtävä;1
1501;30/2023;2023_30_106;huolehtia;1
1501;30/2023;2023_30_106;toimiva;1
1501;30/2023;2023_30_106;palvelu;4
1501;30/2023;2023_30_106;jokainen;1
1501;30/2023;2023_30_106;suomalainen;1
1501;30/2023;2023_30_106;käsitellä;4
1501;30/2023;2023_30_106;nyt;2
1501;30/2023;2023_30_106;vammaispalvelulaki;2
1501;30/2023;2023_30_106;lykkäys;2
1501;30/2023;2023_30_106;tieten;1
1501;30/2023;2023_30_106;ikävä;1
1501;30/2023;2023_30_106;että;10
1501;30/2023;2023_30_106;joutua;1
1501;30/2023;2023_30_106;tämä;12
1501;30/2023;2023_30_106;asia;2
1501;30/2023;2023_30_106;tänään;1
1501;30/2023;2023_30_106;mutta;1
1501;30/2023;2023_30_106;löytyä;1
1501;30/2023;2023_30_106;selkeä;1
1501;30/2023;2023_30_106;perustelu;1
1501;30/2023;2023_30_106;kuten;2
1501;30/2023;2023_30_106;kaikki;1
1501;30/2023;2023_30_106;muistaa;1
1501;30/2023;2023_30_106;eduskunta;3
1501;30/2023;2023_30_106;hyväksyä;1
1501;30/2023;2023_30_106;ihan;1
1501;30/2023;2023_30_106;viime;2
1501;30/2023;2023_30_106;vaalikausi;1
1501;30/2023;2023_30_106;loppupuoli;1
1501;30/2023;2023_30_106;eduskuntakäsittely;2
1501;30/2023;2023_30_106;tehdä;2
1501;30/2023;2023_30_106;hetki;1
1501;30/2023;2023_30_106;muutos;2
1501;30/2023;2023_30_106;ilman;1
1501;30/2023;2023_30_106;riittävä;1
1501;30/2023;2023_30_106;asiantuntijakuuleminen;2
1501;30/2023;2023_30_106;mikä;2
1501;30/2023;2023_30_106;johtaa;1
1501;30/2023;2023_30_106;se;6
1501;30/2023;2023_30_106;laki;10
1501;30/2023;2023_30_106;epätarkkuus;2
1501;30/2023;2023_30_106;tulla;3
1501;30/2023;2023_30_106;miten;1
1501;30/2023;2023_30_106;soveltaa;1
1501;30/2023;2023_30_106;aika;1
1501;30/2023;2023_30_106;lakiesitys;2
1501;30/2023;2023_30_106;muuttua;1
1501;30/2023;2023_30_106;jokin;1
1501;30/2023;2023_30_106;osa;3
1501;30/2023;2023_30_106;merkittävästi;1
1501;30/2023;2023_30_106;suuri;1
1501;30/2023;2023_30_106;niin;3
1501;30/2023;2023_30_106;sanottu;1
1501;30/2023;2023_30_106;ikääntymisrajaus;2
1501;30/2023;2023_30_106;poistaminen;1
1501;30/2023;2023_30_106;kustannus;1
1501;30/2023;2023_30_106;ei;3
1501;30/2023;2023_30_106;kuitenkaan;1
1501;30/2023;2023_30_106;poisto;1
1501;30/2023;2023_30_106;jälkeen;2
1501;30/2023;2023_30_106;mahdollinen;1
1501;30/2023;2023_30_106;perusteellisesti;1
1501;30/2023;2023_30_106;arvioida;2
1501;30/2023;2023_30_106;ilma;1
1501;30/2023;2023_30_106;jäädä;1
1501;30/2023;2023_30_106;epävarmuus;1
1501;30/2023;2023_30_106;riittää;1
1501;30/2023;2023_30_106;varata;4
1501;30/2023;2023_30_106;rahoitus;2
1501;30/2023;2023_30_106;uusi;3
1501;30/2023;2023_30_106;mukainen;1
1501;30/2023;2023_30_106;toteuttaminen;1
1501;30/2023;2023_30_106;vastuullinen;1
1501;30/2023;2023_30_106;valiokunta;3
1501;30/2023;2023_30_106;käydä;2
1501;30/2023;2023_30_106;kattava;1
1501;30/2023;2023_30_106;sarja;1
1501;30/2023;2023_30_106;mietintö;4
1501;30/2023;2023_30_106;sekä;2
1501;30/2023;2023_30_106;asiantuntijalausunto;1
1501;30/2023;2023_30_106;ilmi;1
1501;30/2023;2023_30_106;siirto;1
1501;30/2023;2023_30_106;herättää;1
1501;30/2023;2023_30_106;erilainen;2
1501;30/2023;2023_30_106;näkemys;1
1501;30/2023;2023_30_106;moni;2
1501;30/2023;2023_30_106;hyvinvointialue;2
1501;30/2023;2023_30_106;huolissaan;1
1501;30/2023;2023_30_106;soveltaminen;1
1501;30/2023;2023_30_106;juuri;5
1501;30/2023;2023_30_106;todella;1
1501;30/2023;2023_30_106;haastava;1
1501;30/2023;2023_30_106;alkutaival;1
1501;30/2023;2023_30_106;todeta;2
1501;30/2023;2023_30_106;alue;2
1501;30/2023;2023_30_106;tilanne;1
1501;30/2023;2023_30_106;takia;1
1501;30/2023;2023_30_106;toivoa;1
1501;30/2023;2023_30_106;toimeenpano;3
1501;30/2023;2023_30_106;lykätä;1
1501;30/2023;2023_30_106;vahva;1
1501;30/2023;2023_30_106;subjektiivinen;1
1501;30/2023;2023_30_106;oikeus;2
1501;30/2023;2023_30_106;sisältää;1
1501;30/2023;2023_30_106;lainsäädäntö;1
1501;30/2023;2023_30_106;tarkkarajainen;1
1501;30/2023;2023_30_106;selkeästi;1
1501;30/2023;2023_30_106;tulkita;1
1501;30/2023;2023_30_106;sisältö;1
1501;30/2023;2023_30_106;kuin;2
1501;30/2023;2023_30_106;kohderyhmä;1
1501;30/2023;2023_30_106;asiakas;1
1501;30/2023;2023_30_106;soveltaja;1
1501;30/2023;2023_30_106;etu;1
1501;30/2023;2023_30_106;puhua;1
1501;30/2023;2023_30_106;muuttaminen;1
1501;30/2023;2023_30_106;hallitus;2
1501;30/2023;2023_30_106;miljoona;2
1501;30/2023;2023_30_106;euro;1
1501;30/2023;2023_30_106;hallitusohjelma;2
1501;30/2023;2023_30_106;kirjaus;1
1501;30/2023;2023_30_106;enimmäiskustannus;1
1501;30/2023;2023_30_106;tarkoittaa;1
1501;30/2023;2023_30_106;soveltamisala;1
1501;30/2023;2023_30_106;tarkentaminen;1
1501;30/2023;2023_30_106;vammaispalvelulainsäädäntö;1
1501;30/2023;2023_30_106;käyttää;1
1501;30/2023;2023_30_106;enemmän;1
1501;30/2023;2023_30_106;aiemmin;2
1501;30/2023;2023_30_106;tuoda;3
1501;30/2023;2023_30_106;esiin;1
1501;30/2023;2023_30_106;vammaispalvelulakiesitys;1
1501;30/2023;2023_30_106;täytyä;1
1501;30/2023;2023_30_106;ajoissa;1
1501;30/2023;2023_30_106;siten;1
1501;30/2023;2023_30_106;saada;1
1501;30/2023;2023_30_106;täällä;1
1501;30/2023;2023_30_106;asianmukaisesti;1
1501;30/2023;2023_30_106;myös;1
1501;30/2023;2023_30_106;kun;1
1501;30/2023;2023_30_106;valmistella;1
1501;30/2023;2023_30_106;sama;1
1501;30/2023;2023_30_106;yhteys;1
1501;30/2023;2023_30_106;voida;2
1501;30/2023;2023_30_106;tietty;1
1501;30/2023;2023_30_106;nimenomaan;1
1501;30/2023;2023_30_106;liittyä;1
1501;30/2023;2023_30_106;lapsi;2
1501;30/2023;2023_30_106;nuori;2
1501;30/2023;2023_30_106;tänne;1
1501;30/2023;2023_30_106;käsittely;1
1501;30/2023;2023_30_106;huoli;2
1501;30/2023;2023_30_106;siis;1
1501;30/2023;2023_30_106;perustuslakivaliokunta;1
1501;30/2023;2023_30_106;herätä;1
1501;30/2023;2023_30_106;itse;1
1501;30/2023;2023_30_106;yhtyä;1
1501;30/2023;2023_30_106;siksi;1
1501;30/2023;2023_30_106;erillinen;2
1501;30/2023;2023_30_106;päätös;1
1501;30/2023;2023_30_106;määräraha;1
1501;30/2023;2023_30_106;nepsylapsi;1
1501;30/2023;2023_30_106;tukeminen;1
1501;30/2023;2023_30_238;värderade;1
1501;30/2023;2023_30_238;talma;1
1501;30/2023;2023_30_238;arvoisa;1
1501;30/2023;2023_30_238;puhemies;1
1501;30/2023;2023_30_238;de;7
1501;30/2023;2023_30_238;kännsä;1
1501;30/2023;2023_30_238;som;13
1501;30/2023;2023_30_238;om;7
1501;30/2023;2023_30_238;själva;2
1501;30/2023;2023_30_238;diskussionen;2
1501;30/2023;2023_30_238;här;14
1501;30/2023;2023_30_238;sali;1
1501;30/2023;2023_30_238;stamara;1
1501;30/2023;2023_30_238;på;1
1501;30/2023;2023_30_238;ställi;1
1501;30/2023;2023_30_238;och;6
1501;30/2023;2023_30_238;vi;14
1501;30/2023;2023_30_238;iiteä;2
1501;30/2023;2023_30_238;riktigt;1
1501;30/2023;2023_30_238;kommertaa;1
1501;30/2023;2023_30_238;framåt;1
1501;30/2023;2023_30_238;jag;2
1501;30/2023;2023_30_238;uppla;1
1501;30/2023;2023_30_238;själv;1
1501;30/2023;2023_30_238;atta;14
1501;30/2023;2023_30_238;dinä;16
1501;30/2023;2023_30_238;orla;8
1501;30/2023;2023_30_238;överens;1
1501;30/2023;2023_30_238;omoa;1
1501;30/2023;2023_30_238;någonting;1
1501;30/2023;2023_30_238;förenardaro;1
1501;30/2023;2023_30_238;regeringspartierna;1
1501;30/2023;2023_30_238;oppositionen;1
1501;30/2023;2023_30_238;ei;5
1501;30/2023;2023_30_238;väldigt;4
1501;30/2023;2023_30_238;viktig;2
1501;30/2023;2023_30_238;lagstiftning;4
1501;30/2023;2023_30_238;för;4
1501;30/2023;2023_30_238;oss;1
1501;30/2023;2023_30_238;viktinen;1
1501;30/2023;2023_30_238;kalla;2
1501;30/2023;2023_30_238;garantera;1
1501;30/2023;2023_30_238;fungerande;1
1501;30/2023;2023_30_238;funktionshinderservicet;1
1501;30/2023;2023_30_238;precis;1
1501;30/2023;2023_30_238;alla;1
1501;30/2023;2023_30_238;dem;1
1501;30/2023;2023_30_238;behöä;1
1501;30/2023;2023_30_238;hela;1
1501;30/2023;2023_30_238;lande;1
1501;30/2023;2023_30_238;när;5
1501;30/2023;2023_30_238;nu;3
1501;30/2023;2023_30_238;prataro;2
1501;30/2023;2023_30_238;den;7
1501;30/2023;2023_30_238;förändring;1
1501;30/2023;2023_30_238;skaa;4
1501;30/2023;2023_30_238;görasta;1
1501;30/2023;2023_30_238;så;4
1501;30/2023;2023_30_238;handlaro;1
1501;30/2023;2023_30_238;enbart;1
1501;30/2023;2023_30_238;skjua;1
1501;30/2023;2023_30_238;upp;1
1501;30/2023;2023_30_238;hän;5
1501;30/2023;2023_30_238;diskuteraro;1
1501;30/2023;2023_30_238;därför;1
1501;30/2023;2023_30_238;tråkigtomet;2
1501;30/2023;2023_30_238;också;3
1501;30/2023;2023_30_238;blandata;1
1501;30/2023;2023_30_238;in;1
1501;30/2023;2023_30_238;innehdi;1
1501;30/2023;2023_30_238;från;4
1501;30/2023;2023_30_238;man;3
1501;30/2023;2023_30_238;egentligen;2
1501;30/2023;2023_30_238;inte;2
1501;30/2023;2023_30_238;heller;1
1501;30/2023;2023_30_238;behandlingen;1
1501;30/2023;2023_30_238;utskote;1
1501;30/2023;2023_30_238;har;4
1501;30/2023;2023_30_238;tageta;1
1501;30/2023;2023_30_238;tåmä;1
1501;30/2023;2023_30_238;ställning;1
1501;30/2023;2023_30_238;till;2
1501;30/2023;2023_30_238;över;1
1501;30/2023;2023_30_238;huvud;1
1501;30/2023;2023_30_238;taget;1
1501;30/2023;2023_30_238;villä;1
1501;30/2023;2023_30_238;kanske;1
1501;30/2023;2023_30_238;understryka;1
1501;30/2023;2023_30_238;specifikti;1
1501;30/2023;2023_30_238;lyhteä;1
1501;30/2023;2023_30_238;fram;1
1501;30/2023;2023_30_238;oro;1
1501;30/2023;2023_30_238;kommita;1
1501;30/2023;2023_30_238;fäli;1
1501;30/2023;2023_30_238;betää;2
1501;30/2023;2023_30_238;utlåtand;2
1501;30/2023;2023_30_238;organisationer;1
1501;30/2023;2023_30_238;välfärdsområdena;1
1501;30/2023;2023_30_238;konstaa;1
1501;30/2023;2023_30_238;ssikterna;1
1501;30/2023;2023_30_238;gårrä;1
1501;30/2023;2023_30_238;isär;1
1501;30/2023;2023_30_238;finnätä;1
1501;30/2023;2023_30_238;anser;2
1501;30/2023;2023_30_238;ärkää;1
1501;30/2023;2023_30_238;uppskoida;1
1501;30/2023;2023_30_238;minä;3
1501;30/2023;2023_30_238;tarttaa;1
1501;30/2023;2023_30_238;kraft;1
1501;30/2023;2023_30_238;men;2
1501;30/2023;2023_30_238;lagstiftare;1
1501;30/2023;2023_30_238;vara;1
1501;30/2023;2023_30_238;ansvariga;1
1501;30/2023;2023_30_238;skara;1
1501;30/2023;2023_30_238;veta;1
1501;30/2023;2023_30_238;vado;1
1501;30/2023;2023_30_238;lagi;1
1501;30/2023;2023_30_238;godkuta;1
1501;30/2023;2023_30_238;innebärdä;1
1501;30/2023;2023_30_238;lagpake;1
1501;30/2023;2023_30_238;senast;1
1501;30/2023;2023_30_238;behantaa;1
1501;30/2023;2023_30_238;riksdagssali;1
1501;30/2023;2023_30_238;följä;1
1501;30/2023;2023_30_238;vanlig;1
1501;30/2023;2023_30_238;lagstiftningsprocess;1
1501;30/2023;2023_30_238;gjora;1
1501;30/2023;2023_30_238;förändringar;1
1501;30/2023;2023_30_238;slutsket;1
1501;30/2023;2023_30_238;riksdagen;1
1501;30/2023;2023_30_238;vilke;1
1501;30/2023;2023_30_238;förstås;1
1501;30/2023;2023_30_238;möjligten;1
1501;30/2023;2023_30_238;göra;1
1501;30/2023;2023_30_238;grupp;1
1501;30/2023;2023_30_238;våri;1
1501;30/2023;2023_30_238;samhä;1
1501;30/2023;2023_30_238;varde;1
1501;30/2023;2023_30_238;genoa;1
1501;30/2023;2023_30_238;regelräs;1
1501;30/2023;2023_30_238;beredningsrunda;1
1501;30/2023;2023_30_238;där;1
1501;30/2023;2023_30_238;av;1
1501;30/2023;2023_30_238;experter;1
1501;30/2023;2023_30_238;exempel;1
1501;30/2023;2023_30_238;vikä;1
1501;30/2023;2023_30_238;ekonomiska;1
1501;30/2023;2023_30_238;konsekvenser;1
1501;30/2023;2023_30_238;uppsa;1
1501;30/2023;2023_30_238;bllä;1
1501;30/2023;2023_30_238;verklingt;1
1501;30/2023;2023_30_238;trwkig;1
1501;30/2023;2023_30_238;överraskning;1
1501;30/2023;2023_30_238;samband;1
1501;30/2023;2023_30_238;med;1
1501;30/2023;2023_30_238;regeringsför-rsförhagarna;1
1501;30/2023;2023_30_238;bleä;1
1501;30/2023;2023_30_238;tvunga;1
1501;30/2023;2023_30_238;tasställningstill;1
1501;39/2023;2023_39_491;värderade;1
1501;39/2023;2023_39_491;talma;1
1501;39/2023;2023_39_491;arvoisa;1
1501;39/2023;2023_39_491;rouva;1
1501;39/2023;2023_39_491;puhemies;1
1501;39/2023;2023_39_491;suomi;1
1501;39/2023;2023_39_491;talous;1
1501;39/2023;2023_39_491;olla;4
1501;39/2023;2023_39_491;huolestuttava;2
1501;39/2023;2023_39_491;tilanne;1
1501;39/2023;2023_39_491;minä;3
1501;39/2023;2023_39_491;seisoa;1
1501;39/2023;2023_39_491;haastava;1
1501;39/2023;2023_39_491;mutta;1
1501;39/2023;2023_39_491;moni;1
1501;39/2023;2023_39_491;osa;1
1501;39/2023;2023_39_491;välttämätön;1
1501;39/2023;2023_39_491;päätös;1
1501;39/2023;2023_39_491;edessä;1
1501;39/2023;2023_39_491;jäädä;1
1501;39/2023;2023_39_491;pohjoismainen;1
1501;39/2023;2023_39_491;talouskehitys;1
1501;39/2023;2023_39_491;mikä;1
1501;39/2023;2023_39_491;todella;1
1501;39/2023;2023_39_491;haluta;1
1501;39/2023;2023_39_491;kuitenkin;1
1501;39/2023;2023_39_491;huolehtia;1
1501;39/2023;2023_39_491;hyvinvointiyhteiskunta;1
1501;39/2023;2023_39_491;palvelu;1
1501;39/2023;2023_39_491;sekä;1
1501;39/2023;2023_39_491;huolenpito;1
1501;39/2023;2023_39_491;kun;1
1501;39/2023;2023_39_491;väestö;1
1501;39/2023;2023_39_491;ikääntyä;1
1501;39/2023;2023_39_491;tämä;1
1501;39/2023;2023_39_491;yhtälö;1
1501;39/2023;2023_39_491;lähes;1
1501;39/2023;2023_39_491;mahdoton;1
1501;39/2023;2023_39_491;toteuttaa;1
1501;39/2023;2023_39_491;ilman;1
1501;39/2023;2023_39_491;muutos;1
1501;41/2023;2023_41_725;äradtaa;1
1501;41/2023;2023_41_725;talma;1
1501;41/2023;2023_41_725;man;1
1501;41/2023;2023_41_725;misstää;1
1501;41/2023;2023_41_725;atta;3
1501;41/2023;2023_41_725;gasläckka;1
1501;41/2023;2023_41_725;mellan;1
1501;41/2023;2023_41_725;ingå;1
1501;41/2023;2023_41_725;finland;1
1501;41/2023;2023_41_725;och;2
1501;41/2023;2023_41_725;paldiski;1
1501;41/2023;2023_41_725;estland;1
1501;41/2023;2023_41_725;skulla;1
1501;41/2023;2023_41_725;huolla;1
1501;41/2023;2023_41_725;orsakata;1
1501;41/2023;2023_41_725;avsiktlilt;1
1501;41/2023;2023_41_725;även;1
1501;41/2023;2023_41_725;oma;1
1501;41/2023;2023_41_725;vi;1
1501;41/2023;2023_41_725;iiteä;1
1501;41/2023;2023_41_725;ännu;1
1501;41/2023;2023_41_725;vitää;1
1501;41/2023;2023_41_725;exakta;1
1501;41/2023;2023_41_725;vado;1
1501;41/2023;2023_41_725;som;1
1501;41/2023;2023_41_725;har;1
1501;41/2023;2023_41_725;hähttää;1
1501;41/2023;2023_41_725;orla;1
1501;41/2023;2023_41_725;dinä;1
1501;41/2023;2023_41_725;uppenbart;1
1501;41/2023;2023_41_725;den;1
1501;41/2023;2023_41_725;här;1
1501;41/2023;2023_41_725;händels;1
1501;41/2023;2023_41_725;skapara;1
1501;41/2023;2023_41_725;oro;1
1501;41/2023;2023_41_725;hos;1
1501;41/2023;2023_41_725;finländare;1
1501;41/2023;2023_41_725;frågor;1
1501;41/2023;2023_41_725;kring;1
1501;41/2023;2023_41_725;finlands;1
1501;41/2023;2023_41_725;resiliens;1
1501;41/2023;2023_41_725;på;1
1501;41/2023;2023_41_725;olika;1
1501;41/2023;2023_41_725;pla;1
1501;41/2023;2023_41_725;uppsa;1
1501;44/2023;2023_44_18;ärade;1
1501;44/2023;2023_44_18;fru;1
1501;44/2023;2023_44_18;talman;1
1501;44/2023;2023_44_18;arvoisa;1
1501;44/2023;2023_44_18;rouva;1
1501;44/2023;2023_44_18;puhemies;1
1501;44/2023;2023_44_18;social;1
1501;44/2023;2023_44_18;och;4
1501;44/2023;2023_44_18;hälsvåri;1
1501;44/2023;2023_44_18;orla;2
1501;44/2023;2023_44_18;grunde;1
1501;44/2023;2023_44_18;våri;1
1501;44/2023;2023_44_18;välfärdsamhkä;1
1501;44/2023;2023_44_18;den;1
1501;44/2023;2023_44_18;utveckling;1
1501;44/2023;2023_44_18;vi;1
1501;44/2023;2023_44_18;nu;1
1501;44/2023;2023_44_18;settää;1
1501;44/2023;2023_44_18;under;1
1501;44/2023;2023_44_18;senare;1
1501;44/2023;2023_44_18;tid;1
1501;44/2023;2023_44_18;orota;2
1501;44/2023;2023_44_18;ändå;1
1501;44/2023;2023_44_18;finländarna;1
1501;44/2023;2023_44_18;aine;1
1501;44/2023;2023_44_18;vår;1
1501;44/2023;2023_44_18;vårdpersonal;1
1501;44/2023;2023_44_18;de;1
1501;44/2023;2023_44_18;oss;1
1501;44/2023;2023_44_18;stort;1
1501;44/2023;2023_44_18;inom;1
1501;44/2023;2023_44_18;svenska;1
1501;44/2023;2023_44_18;riksdagsg-gruppi;1
1501;44/2023;2023_44_18;för;2
1501;44/2023;2023_44_18;sfp;1
1501;44/2023;2023_44_18;ei;2
1501;44/2023;2023_44_18;fungerande;1
1501;44/2023;2023_44_18;vård;2
1501;44/2023;2023_44_18;omsorg;2
1501;44/2023;2023_44_18;invånarna;1
1501;44/2023;2023_44_18;mycket;1
1501;44/2023;2023_44_18;viktig;1
1501;44/2023;2023_44_18;alla;1
1501;44/2023;2023_44_18;finland;1
1501;44/2023;2023_44_18;har;1
1501;44/2023;2023_44_18;räst;1
1501;44/2023;2023_44_18;till;1
1501;44/2023;2023_44_18;god;1
1501;44/2023;2023_44_18;oberoende;1
1501;44/2023;2023_44_18;av;1
1501;44/2023;2023_44_18;språk;1
1501;44/2023;2023_44_18;bakgrund;1
1501;44/2023;2023_44_18;ålder;1
1501;44/2023;2023_44_18;eller;1
1501;44/2023;2023_44_18;boningsort;1
1501;45/2023;2023_45_198;värderade;1
1501;45/2023;2023_45_198;fru;1
1501;45/2023;2023_45_198;talman;1
1501;45/2023;2023_45_198;arvoisa;1
1501;45/2023;2023_45_198;rouva;1
1501;45/2023;2023_45_198;puhemies;1
1501;45/2023;2023_45_198;som;7
1501;45/2023;2023_45_198;helhe;1
1501;45/2023;2023_45_198;uppla;1
1501;45/2023;2023_45_198;jag;4
1501;45/2023;2023_45_198;själv;1
1501;45/2023;2023_45_198;atta;9
1501;45/2023;2023_45_198;dinä;10
1501;45/2023;2023_45_198;här;5
1501;45/2023;2023_45_198;förslage;3
1501;45/2023;2023_45_198;om;2
1501;45/2023;2023_45_198;utsläppsrätterna;1
1501;45/2023;2023_45_198;orla;5
1501;45/2023;2023_45_198;rättö;1
1501;45/2023;2023_45_198;speciellt;1
1501;45/2023;2023_45_198;med;5
1501;45/2023;2023_45_198;beaktande;1
1501;45/2023;2023_45_198;av;2
1501;45/2023;2023_45_198;den;3
1501;45/2023;2023_45_198;befintliga;1
1501;45/2023;2023_45_198;klimatkrinen;1
1501;45/2023;2023_45_198;vi;4
1501;45/2023;2023_45_198;leverä;1
1501;45/2023;2023_45_198;vitää;1
1501;45/2023;2023_45_198;också;3
1501;45/2023;2023_45_198;har;2
1501;45/2023;2023_45_198;ei;2
1501;45/2023;2023_45_198;mekanism;1
1501;45/2023;2023_45_198;väldigt;2
1501;45/2023;2023_45_198;fungerande;1
1501;45/2023;2023_45_198;och;6
1501;45/2023;2023_45_198;fintti;1
1501;45/2023;2023_45_198;äntligen;1
1501;45/2023;2023_45_198;fåtää;1
1501;45/2023;2023_45_198;hän;5
1501;45/2023;2023_45_198;hit;1
1501;45/2023;2023_45_198;villä;2
1501;45/2023;2023_45_198;sedan;1
1501;45/2023;2023_45_198;lyhtaa;2
1501;45/2023;2023_45_198;fram;2
1501;45/2023;2023_45_198;aspekt;1
1501;45/2023;2023_45_198;ur;1
1501;45/2023;2023_45_198;lagstiftning;3
1501;45/2023;2023_45_198;handlaro;1
1501;45/2023;2023_45_198;egentligen;1
1501;45/2023;2023_45_198;läki;1
1501;45/2023;2023_45_198;våra;2
1501;45/2023;2023_45_198;hamnar;1
1501;45/2023;2023_45_198;tanke;2
1501;45/2023;2023_45_198;på;3
1501;45/2023;2023_45_198;vår;1
1501;45/2023;2023_45_198;sjöfart;1
1501;45/2023;2023_45_198;finnätä;2
1501;45/2023;2023_45_198;öundantage;2
1501;45/2023;2023_45_198;viktinen;1
1501;45/2023;2023_45_198;för;1
1501;45/2023;2023_45_198;ålands;1
1501;45/2023;2023_45_198;ekonomi;1
1501;45/2023;2023_45_198;livskraft;1
1501;45/2023;2023_45_198;förståeligt;1
1501;45/2023;2023_45_198;men;1
1501;45/2023;2023_45_198;undrartaa;1
1501;45/2023;2023_45_198;minister;1
1501;45/2023;2023_45_198;mykkänen;1
1501;45/2023;2023_45_198;hur;1
1501;45/2023;2023_45_198;minä;1
1501;45/2023;2023_45_198;kommertaa;1
1501;45/2023;2023_45_198;följa;1
1501;45/2023;2023_45_198;upp;1
1501;45/2023;2023_45_198;så;1
1501;45/2023;2023_45_198;iiteä;1
1501;45/2023;2023_45_198;föranleta;1
1501;45/2023;2023_45_198;marknadslägi;1
1501;45/2023;2023_45_198;mellan;2
1501;45/2023;2023_45_198;rederier;1
1501;45/2023;2023_45_198;snedätä;1
1501;45/2023;2023_45_198;että;1
1501;45/2023;2023_45_198;exempil;1
1501;45/2023;2023_45_198;sketä;1
1501;45/2023;2023_45_198;stena;1
1501;45/2023;2023_45_198;li;1
1501;45/2023;2023_45_198;kort;1
1501;45/2023;2023_45_198;innan;1
1501;45/2023;2023_45_198;lagförslaget;1
1501;45/2023;2023_45_198;kometa;1
1501;45/2023;2023_45_198;meddeladde;1
1501;45/2023;2023_45_198;de;1
1501;45/2023;2023_45_198;slutaro;1
1501;45/2023;2023_45_198;trafikera;1
1501;45/2023;2023_45_198;hangö;1
1501;45/2023;2023_45_198;nynäshamn;1
1501;45/2023;2023_45_198;delvis;1
1501;45/2023;2023_45_198;grund;1
1501;45/2023;2023_45_198;ladeta;1
1501;45/2023;2023_45_198;in;1
1501;51/2023;2023_51_64;arvoisa;1
1501;51/2023;2023_51_64;puhemies;1
1501;51/2023;2023_51_64;värderade;1
1501;51/2023;2023_51_64;fru;1
1501;51/2023;2023_51_64;talma;1
1501;51/2023;2023_51_64;de;5
1501;51/2023;2023_51_64;orla;5
1501;51/2023;2023_51_64;förståeligt;1
1501;51/2023;2023_51_64;atta;9
1501;51/2023;2023_51_64;när;1
1501;51/2023;2023_51_64;vi;5
1501;51/2023;2023_51_64;prataro;1
1501;51/2023;2023_51_64;om;2
1501;51/2023;2023_51_64;ungas;2
1501;51/2023;2023_51_64;ekonomiska;1
1501;51/2023;2023_51_64;tillgångar;1
1501;51/2023;2023_51_64;så;2
1501;51/2023;2023_51_64;väckerä;1
1501;51/2023;2023_51_64;dinä;6
1501;51/2023;2023_51_64;alltid;1
1501;51/2023;2023_51_64;diskussio;1
1501;51/2023;2023_51_64;viktinen;2
1501;51/2023;2023_51_64;förstä;1
1501;51/2023;2023_51_64;vår;1
1501;51/2023;2023_51_64;offentliga;2
1501;51/2023;2023_51_64;ekonomi;2
1501;51/2023;2023_51_64;iiteä;1
1501;51/2023;2023_51_64;har;1
1501;51/2023;2023_51_64;ei;2
1501;51/2023;2023_51_64;bra;1
1501;51/2023;2023_51_64;situatio;1
1501;51/2023;2023_51_64;just;1
1501;51/2023;2023_51_64;nu;1
1501;51/2023;2023_51_64;och;3
1501;51/2023;2023_51_64;försökerä;3
1501;51/2023;2023_51_64;se;3
1501;51/2023;2023_51_64;över;1
1501;51/2023;2023_51_64;åtgärder;1
1501;51/2023;2023_51_64;där;1
1501;51/2023;2023_51_64;till;2
1501;51/2023;2023_51_64;kalla;2
1501;51/2023;2023_51_64;stabilla;1
1501;51/2023;2023_51_64;balata;1
1501;51/2023;2023_51_64;den;2
1501;51/2023;2023_51_64;utan;1
1501;51/2023;2023_51_64;alltför;1
1501;51/2023;2023_51_64;svårt;1
1501;51/2023;2023_51_64;påverarora;1
1501;51/2023;2023_51_64;möjligheter;1
1501;51/2023;2023_51_64;få;1
1501;51/2023;2023_51_64;releva;1
1501;51/2023;2023_51_64;utbildning;1
1501;51/2023;2023_51_64;som;1
1501;51/2023;2023_51_64;man;2
1501;51/2023;2023_51_64;också;3
1501;51/2023;2023_51_64;kstada;1
1501;51/2023;2023_51_64;med;3
1501;51/2023;2023_51_64;här;1
1501;51/2023;2023_51_64;självä;1
1501;51/2023;2023_51_64;reformi;1
1501;51/2023;2023_51_64;värteä;1
1501;51/2023;2023_51_64;jämföra;1
1501;51/2023;2023_51_64;situationen;1
1501;51/2023;2023_51_64;andra;1
1501;51/2023;2023_51_64;nordiska;1
1501;51/2023;2023_51_64;länderna;1
1501;51/2023;2023_51_64;sertää;1
1501;51/2023;2023_51_64;exempel;1
1501;51/2023;2023_51_64;på;1
1501;51/2023;2023_51_64;sverige;1
1501;51/2023;2023_51_64;norge;1
1501;51/2023;2023_51_64;danmark;1
1501;51/2023;2023_51_64;finnätä;2
1501;51/2023;2023_51_64;vikä;1
1501;51/2023;2023_51_64;likheter;1
1501;51/2023;2023_51_64;dera;1
1501;51/2023;2023_51_64;studiesystemsmodelleruero;1
1501;51/2023;2023_51_64;men;1
1501;51/2023;2023_51_64;stora;1
1501;51/2023;2023_51_64;olikheter;1
1501;52/2023;2023_52_12;arvoisa;4
1501;52/2023;2023_52_12;puhemies;4
1501;52/2023;2023_52_12;värderade;1
1501;52/2023;2023_52_12;fru;1
1501;52/2023;2023_52_12;talma;1
1501;52/2023;2023_52_12;jokainen;3
1501;52/2023;2023_52_12;suomalainen;1
1501;52/2023;2023_52_12;tulla;5
1501;52/2023;2023_52_12;tarjota;1
1501;52/2023;2023_52_12;arvokas;4
1501;52/2023;2023_52_12;vanhuus;3
1501;52/2023;2023_52_12;tämä;5
1501;52/2023;2023_52_12;olla;25
1501;52/2023;2023_52_12;lupaus;2
1501;52/2023;2023_52_12;joka;4
1501;52/2023;2023_52_12;puolue;1
1501;52/2023;2023_52_12;haluta;4
1501;52/2023;2023_52_12;sanoa;1
1501;52/2023;2023_52_12;aina;1
1501;52/2023;2023_52_12;ennen;1
1501;52/2023;2023_52_12;vaali;1
1501;52/2023;2023_52_12;suomi;2
1501;52/2023;2023_52_12;ikääntyä;1
1501;52/2023;2023_52_12;kova;1
1501;52/2023;2023_52_12;vauhti;1
1501;52/2023;2023_52_12;ja;10
1501;52/2023;2023_52_12;tuo;1
1501;52/2023;2023_52_12;tarjoaminen;1
1501;52/2023;2023_52_12;vaatia;1
1501;52/2023;2023_52_12;minä;13
1501;52/2023;2023_52_12;entinen;1
1501;52/2023;2023_52_12;enemmän;1
1501;52/2023;2023_52_12;koko;1
1501;52/2023;2023_52_12;sote-sektori;2
1501;52/2023;2023_52_12;moni;3
1501;52/2023;2023_52_12;osa;1
1501;52/2023;2023_52_12;hyvin;1
1501;52/2023;2023_52_12;poikkeuksellinen;1
1501;52/2023;2023_52_12;haaste;2
1501;52/2023;2023_52_12;edessä;1
1501;52/2023;2023_52_12;yksi;1
1501;52/2023;2023_52_12;suuri;1
1501;52/2023;2023_52_12;liittyä;1
1501;52/2023;2023_52_12;juuri;3
1501;52/2023;2023_52_12;henkilöstö;3
1501;52/2023;2023_52_12;saatavuus;2
1501;52/2023;2023_52_12;vaikka;1
1501;52/2023;2023_52_12;kamppailla;1
1501;52/2023;2023_52_12;täällä;2
1501;52/2023;2023_52_12;se;11
1501;52/2023;2023_52_12;paljon;1
1501;52/2023;2023_52_12;myös;9
1501;52/2023;2023_52_12;otsikko;1
1501;52/2023;2023_52_12;niin;1
1501;52/2023;2023_52_12;syy;1
1501;52/2023;2023_52_12;muistaa;1
1501;52/2023;2023_52_12;että;7
1501;52/2023;2023_52_12;tilanne;1
1501;52/2023;2023_52_12;vastaava;1
1501;52/2023;2023_52_12;muu;1
1501;52/2023;2023_52_12;länsieurooppalainen;1
1501;52/2023;2023_52_12;maa;1
1501;52/2023;2023_52_12;koostua;1
1501;52/2023;2023_52_12;eri;2
1501;52/2023;2023_52_12;asia;1
1501;52/2023;2023_52_12;turvallinen;2
1501;52/2023;2023_52_12;koti;1
1501;52/2023;2023_52_12;tuki;2
1501;52/2023;2023_52_12;ympärillä;1
1501;52/2023;2023_52_12;sekä;2
1501;52/2023;2023_52_12;riittävästi;1
1501;52/2023;2023_52_12;mielekäs;1
1501;52/2023;2023_52_12;toiminta;1
1501;52/2023;2023_52_12;päättäjä;2
1501;52/2023;2023_52_12;nähdä;1
1501;52/2023;2023_52_12;sote-palvelu;1
1501;52/2023;2023_52_12;kokonaisuus;1
1501;52/2023;2023_52_12;kohdentaa;1
1501;52/2023;2023_52_12;resurssi;1
1501;52/2023;2023_52_12;mahdollisimman;1
1501;52/2023;2023_52_12;vaikuttavasti;1
1501;52/2023;2023_52_12;muistuttaa;2
1501;52/2023;2023_52_12;toteutua;2
1501;52/2023;2023_52_12;henkilöstömitoitus;3
1501;52/2023;2023_52_12;nousta;2
1501;52/2023;2023_52_12;iäkäs;1
1501;52/2023;2023_52_12;ympärivuorokautinen;1
1501;52/2023;2023_52_12;hoivayksikkö;1
1501;52/2023;2023_52_12;vuosi;3
1501;52/2023;2023_52_12;aika;3
1501;52/2023;2023_52_12;täyttää;1
1501;52/2023;2023_52_12;mitoitus;3
1501;52/2023;2023_52_12;prosentti;2
1501;52/2023;2023_52_12;yksikkö;2
1501;52/2023;2023_52_12;kolme;1
1501;52/2023;2023_52_12;osuus;1
1501;52/2023;2023_52_12;liki;1
1501;52/2023;2023_52_12;nostaminen;1
1501;52/2023;2023_52_12;hyvä;4
1501;52/2023;2023_52_12;tavoite;1
1501;52/2023;2023_52_12;mutta;3
1501;52/2023;2023_52_12;aivan;1
1501;52/2023;2023_52_12;liian;2
1501;52/2023;2023_52_12;nopea;1
1501;52/2023;2023_52_12;korottaa;1
1501;52/2023;2023_52_12;jo;2
1501;52/2023;2023_52_12;vähän;1
1501;52/2023;2023_52_12;päästä;2
1501;52/2023;2023_52_12;nyt;1
1501;52/2023;2023_52_12;hyvinvointialue;3
1501;52/2023;2023_52_12;joutua;2
1501;52/2023;2023_52_12;pitää;2
1501;52/2023;2023_52_12;hoitopaikka;1
1501;52/2023;2023_52_12;kiinni;1
1501;52/2023;2023_52_12;hoitohenkilöstö;2
1501;52/2023;2023_52_12;saatavuuspula;1
1501;52/2023;2023_52_12;vuoksi;1
1501;52/2023;2023_52_12;puolesta;1
1501;52/2023;2023_52_12;kuormittaa;1
1501;52/2023;2023_52_12;kotihoito;1
1501;52/2023;2023_52_12;omaishoitaja;1
1501;52/2023;2023_52_12;tiukka;1
1501;52/2023;2023_52_12;nopeasti;1
1501;52/2023;2023_52_12;edetä;1
1501;52/2023;2023_52_12;ilman;1
1501;52/2023;2023_52_12;riittävä;1
1501;52/2023;2023_52_12;toimenpide;1
1501;52/2023;2023_52_12;mahdollistaminen;1
1501;52/2023;2023_52_12;ei;2
1501;52/2023;2023_52_12;toimiva;1
1501;52/2023;2023_52_12;yhdistelmä;1
1501;52/2023;2023_52_12;ratkaista;1
1501;52/2023;2023_52_12;tosi;1
1501;52/2023;2023_52_12;sote-henkilöstö;1
1501;52/2023;2023_52_12;saatavuusongelma;1
1501;52/2023;2023_52_12;tarvita;3
1501;52/2023;2023_52_12;usea;1
1501;52/2023;2023_52_12;toimi;2
1501;52/2023;2023_52_12;löytyä;1
1501;52/2023;2023_52_12;hallitusohjelma;1
1501;52/2023;2023_52_12;jatkaa;1
1501;52/2023;2023_52_12;edellinen;1
1501;52/2023;2023_52_12;hallitus;2
1501;52/2023;2023_52_12;laatia;1
1501;52/2023;2023_52_12;työ;2
1501;52/2023;2023_52_12;ohjelma;1
1501;52/2023;2023_52_12;tarkastella;1
1501;52/2023;2023_52_12;työnjako;1
1501;52/2023;2023_52_12;lisätä;1
1501;52/2023;2023_52_12;koulutuspaikka;1
1501;52/2023;2023_52_12;molemmat;1
1501;52/2023;2023_52_12;kotimainen;1
1501;52/2023;2023_52_12;kieli;1
1501;52/2023;2023_52_12;edistää;2
1501;52/2023;2023_52_12;johtaa;2
1501;52/2023;2023_52_12;maahanmuutto;1
1501;52/2023;2023_52_12;sote-ala;1
1501;52/2023;2023_52_12;järkevä;1
1501;52/2023;2023_52_12;teknologinen;1
1501;52/2023;2023_52_12;ratkaisu;2
1501;52/2023;2023_52_12;tärkeä;1
1501;52/2023;2023_52_12;vähimmäismitoitus;1
1501;52/2023;2023_52_12;edelleen;1
1501;52/2023;2023_52_12;jatko;1
1501;52/2023;2023_52_12;arvioida;1
1501;52/2023;2023_52_12;jokin;1
1501;52/2023;2023_52_12;lisää;1
1501;52/2023;2023_52_12;timo;1
1501;52/2023;2023_52_12;heinonen;1
1501;52/2023;2023_52_12;näin;2
1501;52/2023;2023_52_12;jatkuvasti;1
1501;52/2023;2023_52_12;voida;2
1501;52/2023;2023_52_12;eduskuntakausi;1
1501;52/2023;2023_52_12;helppo;1
1501;52/2023;2023_52_12;kasvattaa;1
1501;52/2023;2023_52_12;palveluvelvoite;1
1501;52/2023;2023_52_12;sali;1
1501;52/2023;2023_52_12;vastuuton;1
1501;52/2023;2023_52_12;antaa;1
1501;52/2023;2023_52_12;sellainen;1
1501;52/2023;2023_52_12;tietää;1
1501;52/2023;2023_52_12;ettäei;1
1501;52/2023;2023_52_12;käytäntö;1
1501;52/2023;2023_52_12;käydä;1
1501;52/2023;2023_52_12;osittain;1
1501;52/2023;2023_52_12;kanssa;1
1501;52/2023;2023_52_12;tahto;1
1501;52/2023;2023_52_12;ahdinko;1
1501;52/2023;2023_52_12;heikko;1
1501;52/2023;2023_52_12;hoiva;1
1501;52/2023;2023_52_12;oikein;1
1501;52/2023;2023_52_12;ikäihminen;2
1501;52/2023;2023_52_12;kohtaan;1
1501;52/2023;2023_52_12;eduskuntaryhmä;1
1501;52/2023;2023_52_12;kantaa;1
1501;52/2023;2023_52_12;tieten;1
1501;52/2023;2023_52_12;huoli;1
1501;52/2023;2023_52_12;mikä;1
1501;52/2023;2023_52_12;vaikutus;1
1501;52/2023;2023_52_12;lykkäys;1
1501;52/2023;2023_52_12;alkaa;1
1501;52/2023;2023_52_12;vedota;1
1501;52/2023;2023_52_12;pitoa;1
1501;52/2023;2023_52_12;todella;1
1501;52/2023;2023_52_12;ikävä;1
1501;52/2023;2023_52_12;tehdä;2
1501;52/2023;2023_52_12;tällainen;1
1501;52/2023;2023_52_12;takia;1
1501;52/2023;2023_52_12;varmistua;1
1501;52/2023;2023_52_12;paikka;1
1501;55/2023;2023_55_133;arvoisa;1
1501;55/2023;2023_55_133;rouva;1
1501;55/2023;2023_55_133;puhemies;1
1501;55/2023;2023_55_133;värderade;1
1501;55/2023;2023_55_133;fru;1
1501;55/2023;2023_55_133;talma;1
1501;55/2023;2023_55_133;ajatella;1
1501;55/2023;2023_55_133;pyrkiä;1
1501;55/2023;2023_55_133;pitää;4
1501;55/2023;2023_55_133;rakentava;2
1501;55/2023;2023_55_133;puheenvuoro;1
1501;55/2023;2023_55_133;koska;2
1501;55/2023;2023_55_133;minä;11
1501;55/2023;2023_55_133;puhua;1
1501;55/2023;2023_55_133;todella;1
1501;55/2023;2023_55_133;iso;2
1501;55/2023;2023_55_133;haaste;3
1501;55/2023;2023_55_133;eli;2
1501;55/2023;2023_55_133;sote-sektori;4
1501;55/2023;2023_55_133;henkilöstöpula;1
1501;55/2023;2023_55_133;jokainen;5
1501;55/2023;2023_55_133;eduskuntapuolue;1
1501;55/2023;2023_55_133;haluta;3
1501;55/2023;2023_55_133;turvata;2
1501;55/2023;2023_55_133;laadukas;1
1501;55/2023;2023_55_133;vanhustenpalvelu;1
1501;55/2023;2023_55_133;kaikki;2
1501;55/2023;2023_55_133;suomalainen;1
1501;55/2023;2023_55_133;väestö;1
1501;55/2023;2023_55_133;ikääntyä;1
1501;55/2023;2023_55_133;ja;14
1501;55/2023;2023_55_133;se;16
1501;55/2023;2023_55_133;edellyttää;1
1501;55/2023;2023_55_133;tieten;1
1501;55/2023;2023_55_133;että;8
1501;55/2023;2023_55_133;huolehtia;1
1501;55/2023;2023_55_133;olla;27
1501;55/2023;2023_55_133;vaikuttava;1
1501;55/2023;2023_55_133;hyvä;6
1501;55/2023;2023_55_133;palvelu;1
1501;55/2023;2023_55_133;ikäihminen;3
1501;55/2023;2023_55_133;tulla;4
1501;55/2023;2023_55_133;tarjota;1
1501;55/2023;2023_55_133;arvokas;1
1501;55/2023;2023_55_133;vanhuus;1
1501;55/2023;2023_55_133;syy;1
1501;55/2023;2023_55_133;nyt;1
1501;55/2023;2023_55_133;hieman;1
1501;55/2023;2023_55_133;kelata;1
1501;55/2023;2023_55_133;taaksepäin;1
1501;55/2023;2023_55_133;aika;1
1501;55/2023;2023_55_133;lähteä;5
1501;55/2023;2023_55_133;tarkastella;1
1501;55/2023;2023_55_133;ajankohta;2
1501;55/2023;2023_55_133;kun;1
1501;55/2023;2023_55_133;julkisuus;2
1501;55/2023;2023_55_133;liikenne;2
1501;55/2023;2023_55_133;keskustelu;2
1501;55/2023;2023_55_133;mikä;5
1501;55/2023;2023_55_133;vanhustenhuolto;3
1501;55/2023;2023_55_133;mitoitus;2
1501;55/2023;2023_55_133;tämä;14
1501;55/2023;2023_55_133;tarkalleen;1
1501;55/2023;2023_55_133;talvi;1
1501;55/2023;2023_55_133;jolloin;1
1501;55/2023;2023_55_133;saada;1
1501;55/2023;2023_55_133;lukea;1
1501;55/2023;2023_55_133;uutinen;1
1501;55/2023;2023_55_133;heikko;1
1501;55/2023;2023_55_133;tilanne;2
1501;55/2023;2023_55_133;joka;7
1501;55/2023;2023_55_133;moni;2
1501;55/2023;2023_55_133;yksikkö;3
1501;55/2023;2023_55_133;ympäri;1
1501;55/2023;2023_55_133;suomenmaa;1
1501;55/2023;2023_55_133;lähtien;1
1501;55/2023;2023_55_133;korottaa;1
1501;55/2023;2023_55_133;henkilöstömitoitus;1
1501;55/2023;2023_55_133;rkp;1
1501;55/2023;2023_55_133;mieli;1
1501;55/2023;2023_55_133;ihan;1
1501;55/2023;2023_55_133;oikea;1
1501;55/2023;2023_55_133;toimenpide;1
1501;55/2023;2023_55_133;jos;1
1501;55/2023;2023_55_133;katsoa;1
1501;55/2023;2023_55_133;tilasto;1
1501;55/2023;2023_55_133;myös;8
1501;55/2023;2023_55_133;esiin;3
1501;55/2023;2023_55_133;sosiaali;1
1501;55/2023;2023_55_133;terveysvaliokunta;1
1501;55/2023;2023_55_133;mietintö;2
1501;55/2023;2023_55_133;niin;2
1501;55/2023;2023_55_133;sieltä;1
1501;55/2023;2023_55_133;nähdä;1
1501;55/2023;2023_55_133;vuosi;2
1501;55/2023;2023_55_133;täyttää;1
1501;55/2023;2023_55_133;prosentti;2
1501;55/2023;2023_55_133;kolme;1
1501;55/2023;2023_55_133;osuus;1
1501;55/2023;2023_55_133;nousta;3
1501;55/2023;2023_55_133;hieno;1
1501;55/2023;2023_55_133;asia;6
1501;55/2023;2023_55_133;mutta;2
1501;55/2023;2023_55_133;hetki;1
1501;55/2023;2023_55_133;haastava;1
1501;55/2023;2023_55_133;esimerkiksi;2
1501;55/2023;2023_55_133;näkyä;1
1501;55/2023;2023_55_133;kesä;2
1501;55/2023;2023_55_133;ottaa;2
1501;55/2023;2023_55_133;esimerkki;1
1501;55/2023;2023_55_133;oma;1
1501;55/2023;2023_55_133;hyvinvointialue;4
1501;55/2023;2023_55_133;länsi-uusimaa;1
1501;55/2023;2023_55_133;muu;2
1501;55/2023;2023_55_133;tapa;2
1501;55/2023;2023_55_133;usempi;1
1501;55/2023;2023_55_133;paikka;3
1501;55/2023;2023_55_133;palveluasuminen;1
1501;55/2023;2023_55_133;kiinni;1
1501;55/2023;2023_55_133;juuri;1
1501;55/2023;2023_55_133;nimenomaan;1
1501;55/2023;2023_55_133;henkilöstö;2
1501;55/2023;2023_55_133;saatavuus;1
1501;55/2023;2023_55_133;vuoksi;1
1501;55/2023;2023_55_133;johtaa;1
1501;55/2023;2023_55_133;ei;4
1501;55/2023;2023_55_133;voida;3
1501;55/2023;2023_55_133;ajoissa;1
1501;55/2023;2023_55_133;turvallinen;1
1501;55/2023;2023_55_133;täällä;2
1501;55/2023;2023_55_133;suomi;1
1501;55/2023;2023_55_133;osittain;1
1501;55/2023;2023_55_133;kuormittaa;1
1501;55/2023;2023_55_133;kotihoito;1
1501;55/2023;2023_55_133;lähipiiri;1
1501;55/2023;2023_55_133;todeta;1
1501;55/2023;2023_55_133;tarvita;1
1501;55/2023;2023_55_133;lisää;1
1501;55/2023;2023_55_133;työntekijä;1
1501;55/2023;2023_55_133;yhteinen;1
1501;55/2023;2023_55_133;näkökulma;1
1501;55/2023;2023_55_133;hallitus;5
1501;55/2023;2023_55_133;hallitusohjelma;1
1501;55/2023;2023_55_133;kanta;1
1501;55/2023;2023_55_133;väite;1
1501;55/2023;2023_55_133;huomioida;2
1501;55/2023;2023_55_133;edellinen;1
1501;55/2023;2023_55_133;tehdä;4
1501;55/2023;2023_55_133;toimi;1
1501;55/2023;2023_55_133;kuten;1
1501;55/2023;2023_55_133;työ;1
1501;55/2023;2023_55_133;ohjelma;1
1501;55/2023;2023_55_133;löytyä;1
1501;55/2023;2023_55_133;paljon;1
1501;55/2023;2023_55_133;linjaus;1
1501;55/2023;2023_55_133;edistää;1
1501;55/2023;2023_55_133;toinen;1
1501;55/2023;2023_55_133;koulutuspaikka;1
1501;55/2023;2023_55_133;lisääminen;1
1501;55/2023;2023_55_133;yksi;2
1501;55/2023;2023_55_133;keskeinen;2
1501;55/2023;2023_55_133;valiokunta;1
1501;55/2023;2023_55_133;vahvasti;1
1501;55/2023;2023_55_133;liittyä;2
1501;55/2023;2023_55_133;työtehtävä;1
1501;55/2023;2023_55_133;tarkastelu;1
1501;55/2023;2023_55_133;kuka;1
1501;55/2023;2023_55_133;massiivinen;1
1501;55/2023;2023_55_133;lainsäädäntökokonaisuus;1
1501;55/2023;2023_55_133;uudistaa;1
1501;55/2023;2023_55_133;uudistustyö;1
1501;55/2023;2023_55_133;johtaminen;2
1501;55/2023;2023_55_133;päättäjä;1
1501;55/2023;2023_55_133;toivoa;1
1501;55/2023;2023_55_133;miettiä;1
1501;55/2023;2023_55_133;kannustaa;1
1501;55/2023;2023_55_133;toive;1
1501;55/2023;2023_55_133;alueellisesti;1
1501;57/2023;2023_57_160;värderade;1
1501;57/2023;2023_57_160;fru;1
1501;57/2023;2023_57_160;talman;1
1501;57/2023;2023_57_160;arvoisa;1
1501;57/2023;2023_57_160;rouva;1
1501;57/2023;2023_57_160;puhemies;1
1501;57/2023;2023_57_160;atta;10
1501;57/2023;2023_57_160;vi;3
1501;57/2023;2023_57_160;finland;1
1501;57/2023;2023_57_160;har;2
1501;57/2023;2023_57_160;että;1
1501;57/2023;2023_57_160;så;1
1501;57/2023;2023_57_160;unikti;1
1501;57/2023;2023_57_160;system;1
1501;57/2023;2023_57_160;som;8
1501;57/2023;2023_57_160;studenthälsosystemi;1
1501;57/2023;2023_57_160;orla;5
1501;57/2023;2023_57_160;verkligen;2
1501;57/2023;2023_57_160;fintti;1
1501;57/2023;2023_57_160;och;8
1501;57/2023;2023_57_160;dinä;11
1501;57/2023;2023_57_160;någonting;1
1501;57/2023;2023_57_160;sådan;1
1501;57/2023;2023_57_160;också;6
1501;57/2023;2023_57_160;skaa;4
1501;57/2023;2023_57_160;försöa;1
1501;57/2023;2023_57_160;upprata;1
1501;57/2023;2023_57_160;på;2
1501;57/2023;2023_57_160;alla;1
1501;57/2023;2023_57_160;sätt;2
1501;57/2023;2023_57_160;visoss;1
1501;57/2023;2023_57_160;nu;1
1501;57/2023;2023_57_160;hän;2
1501;57/2023;2023_57_160;själva;3
1501;57/2023;2023_57_160;förslage;1
1501;57/2023;2023_57_160;tank;1
1501;57/2023;2023_57_160;den;2
1501;57/2023;2023_57_160;minä;2
1501;57/2023;2023_57_160;kommertaa;3
1501;57/2023;2023_57_160;föräntra;1
1501;57/2023;2023_57_160;några;1
1501;57/2023;2023_57_160;enski;1
1501;57/2023;2023_57_160;helheter;1
1501;57/2023;2023_57_160;ei;2
1501;57/2023;2023_57_160;handlaro;1
1501;57/2023;2023_57_160;om;4
1501;57/2023;2023_57_160;blidä;1
1501;57/2023;2023_57_160;klarare;1
1501;57/2023;2023_57_160;tydligarea;1
1501;57/2023;2023_57_160;direktiv;1
1501;57/2023;2023_57_160;vilke;1
1501;57/2023;2023_57_160;få;1
1501;57/2023;2023_57_160;in;1
1501;57/2023;2023_57_160;de;5
1501;57/2023;2023_57_160;ekonomiska;1
1501;57/2023;2023_57_160;resurserna;1
1501;57/2023;2023_57_160;frkå;1
1501;57/2023;2023_57_160;studerande;1
1501;57/2023;2023_57_160;från;2
1501;57/2023;2023_57_160;eu-länder;1
1501;57/2023;2023_57_160;vikä;2
1501;57/2023;2023_57_160;andra;1
1501;57/2023;2023_57_160;länder;1
1501;57/2023;2023_57_160;anvander;1
1501;57/2023;2023_57_160;tjänsterna;1
1501;57/2023;2023_57_160;därtill;1
1501;57/2023;2023_57_160;man;2
1501;57/2023;2023_57_160;se;1
1501;57/2023;2023_57_160;över;2
1501;57/2023;2023_57_160;regelverkki;1
1501;57/2023;2023_57_160;inom;2
1501;57/2023;2023_57_160;rami;1
1501;57/2023;2023_57_160;för;2
1501;57/2023;2023_57_160;självä;1
1501;57/2023;2023_57_160;finansieringsmodelli;1
1501;57/2023;2023_57_160;kanske;1
1501;57/2023;2023_57_160;kometa;1
1501;57/2023;2023_57_160;fram;3
1501;57/2023;2023_57_160;tydligt;1
1501;57/2023;2023_57_160;under;1
1501;57/2023;2023_57_160;hörandena;1
1501;57/2023;2023_57_160;syödä;1
1501;57/2023;2023_57_160;här;3
1501;57/2023;2023_57_160;betänkandet;1
1501;57/2023;2023_57_160;utskote;1
1501;57/2023;2023_57_160;kommita;1
1501;57/2023;2023_57_160;med;2
1501;57/2023;2023_57_160;oro;2
1501;57/2023;2023_57_160;befintliga;1
1501;57/2023;2023_57_160;systeme;1
1501;57/2023;2023_57_160;vitää;1
1501;57/2023;2023_57_160;redan;1
1501;57/2023;2023_57_160;ungdomsorganisationer;1
1501;57/2023;2023_57_160;studentorganisationer;1
1501;57/2023;2023_57_160;lyftertää;2
1501;57/2023;2023_57_160;starkt;1
1501;57/2023;2023_57_160;hur;2
1501;57/2023;2023_57_160;studenthälsoservice;1
1501;57/2023;2023_57_160;fungerarora;1
1501;57/2023;2023_57_160;dagsläge;1
1501;57/2023;2023_57_160;finnätä;3
1501;57/2023;2023_57_160;väldigt;1
1501;57/2023;2023_57_160;långa;1
1501;57/2023;2023_57_160;köer;1
1501;57/2023;2023_57_160;oklarheter;1
1501;57/2023;2023_57_160;finansiering;3
1501;57/2023;2023_57_160;när;1
1501;57/2023;2023_57_160;prataro;1
1501;57/2023;2023_57_160;klientens;1
1501;57/2023;2023_57_160;perspektiv;1
1501;57/2023;2023_57_160;därför;1
1501;57/2023;2023_57_160;anser;1
1501;57/2023;2023_57_160;jag;1
1501;57/2023;2023_57_160;själv;1
1501;57/2023;2023_57_160;ytterst;1
1501;57/2023;2023_57_160;viktinen;1
1501;57/2023;2023_57_160;regerinki;1
1501;57/2023;2023_57_160;nodera;1
1501;57/2023;2023_57_160;formuleringar;1
1501;57/2023;2023_57_160;våri;1
1501;57/2023;2023_57_160;betänkande;1
1501;57/2023;2023_57_160;problematiki;1
1501;57/2023;2023_57_160;större;1
1501;57/2023;2023_57_160;bemärelse;1
1501;57/2023;2023_57_160;angående;1
1501;57/2023;2023_57_160;eftersom;1
1501;57/2023;2023_57_160;ännu;1
1501;57/2023;2023_57_160;behov;1
1501;57/2023;2023_57_160;av;1
1501;57/2023;2023_57_160;att;2
1501;57/2023;2023_57_160;granskaa;1
1501;57/2023;2023_57_160;gå;1
1501;57/2023;2023_57_160;tryggare;1
1501;57/2023;2023_57_160;bättre;1
1501;57/2023;2023_57_160;ordna;1
1501;57/2023;2023_57_160;service;1
1501;57/2023;2023_57_160;iiteä;1
1501;57/2023;2023_57_160;blirtää;1
1501;57/2023;2023_57_160;utmaningar;1
1501;57/2023;2023_57_160;föruta;1
1501;57/2023;2023_57_160;utvecklata;1
1501;57/2023;2023_57_160;ensimmäinen;1
1501;57/2023;2023_57_160;varapuhemies;1
1501;57/2023;2023_57_160;paula;1
1501;57/2023;2023_57_160;risikko;1
1501;57/2023;2023_57_160;ottaa;1
1501;57/2023;2023_57_160;hieman;1
1501;57/2023;2023_57_160;kääntö;1
1501;57/2023;2023_57_160;tulkki;1
1501;57/2023;2023_57_160;esittää;1
1501;57/2023;2023_57_160;puheenvuoro;1
1501;57/2023;2023_57_160;suomenkielinen;1
1501;57/2023;2023_57_160;yhteenveto;1
1501;59/2023;2023_59_15;arvoisa;1
1501;59/2023;2023_59_15;rouva;1
1501;59/2023;2023_59_15;puhemies;1
1501;59/2023;2023_59_15;värderade;1
1501;59/2023;2023_59_15;fru;1
1501;59/2023;2023_59_15;talma;1
1501;59/2023;2023_59_15;nuori;4
1501;59/2023;2023_59_15;päättäjä;2
1501;59/2023;2023_59_15;kokea;1
1501;59/2023;2023_59_15;että;2
1501;59/2023;2023_59_15;tämänpäiväinen;1
1501;59/2023;2023_59_15;keskustelu;1
1501;59/2023;2023_59_15;aihe;2
1501;59/2023;2023_59_15;olla;5
1501;59/2023;2023_59_15;välikysymys;1
1501;59/2023;2023_59_15;tuoda;1
1501;59/2023;2023_59_15;esiin;1
1501;59/2023;2023_59_15;tärkeä;1
1501;59/2023;2023_59_15;moni;1
1501;59/2023;2023_59_15;tuntea;1
1501;59/2023;2023_59_15;epävarmuus;1
1501;59/2023;2023_59_15;ja;4
1501;59/2023;2023_59_15;turvattomuus;1
1501;59/2023;2023_59_15;oma;1
1501;59/2023;2023_59_15;tulevaisuus;2
1501;59/2023;2023_59_15;työelämä;1
1501;59/2023;2023_59_15;toimeentulo;1
1501;59/2023;2023_59_15;myös;1
1501;59/2023;2023_59_15;maailmanpoliittinen;1
1501;59/2023;2023_59_15;tilanne;1
1501;59/2023;2023_59_15;pandemiavuosi;1
1501;59/2023;2023_59_15;seuraus;1
1501;59/2023;2023_59_15;lisätä;1
1501;59/2023;2023_59_15;huoli;1
1501;59/2023;2023_59_15;minä;2
1501;59/2023;2023_59_15;jatkaa;1
1501;59/2023;2023_59_15;ratkaisu;1
1501;59/2023;2023_59_15;etsiminen;1
1501;59/2023;2023_59_15;jotta;1
1501;59/2023;2023_59_15;lapsi;2
1501;59/2023;2023_59_15;saada;1
1501;59/2023;2023_59_15;rkp;1
1501;59/2023;2023_59_15;ymmärtää;1
1501;59/2023;2023_59_15;politiikka;1
1501;59/2023;2023_59_15;keskittyä;1
1501;59/2023;2023_59_15;siksi;1
1501;59/2023;2023_59_15;toimenpide;1
1501;59/2023;2023_59_15;tehdä;1
1501;59/2023;2023_59_15;nyt;1
1501;59/2023;2023_59_15;heti;1
1501;60/2023;2023_60_233;arvoisa;3
1501;60/2023;2023_60_233;rouva;3
1501;60/2023;2023_60_233;puhemies;3
1501;60/2023;2023_60_233;värderade;1
1501;60/2023;2023_60_233;fru;1
1501;60/2023;2023_60_233;talma;1
1501;60/2023;2023_60_233;tulla;8
1501;60/2023;2023_60_233;kesken;1
1501;60/2023;2023_60_233;tämä;40
1501;60/2023;2023_60_233;debatti;1
1501;60/2023;2023_60_233;tänne;1
1501;60/2023;2023_60_233;sali;3
1501;60/2023;2023_60_233;koska;8
1501;60/2023;2023_60_233;ajatella;1
1501;60/2023;2023_60_233;että;29
1501;60/2023;2023_60_233;nyt;4
1501;60/2023;2023_60_233;olla;43
1501;60/2023;2023_60_233;niin;8
1501;60/2023;2023_60_233;tärkeä;3
1501;60/2023;2023_60_233;aihe;1
1501;60/2023;2023_60_233;pakko;1
1501;60/2023;2023_60_233;myös;18
1501;60/2023;2023_60_233;päästä;4
1501;60/2023;2023_60_233;ääneen;1
1501;60/2023;2023_60_233;ja;20
1501;60/2023;2023_60_233;hyvä;3
1501;60/2023;2023_60_233;nähdä;2
1501;60/2023;2023_60_233;täältä;1
1501;60/2023;2023_60_233;löytyä;5
1501;60/2023;2023_60_233;sote-valiokunta;1
1501;60/2023;2023_60_233;kollega;1
1501;60/2023;2023_60_233;paikka;1
1501;60/2023;2023_60_233;minä;11
1501;60/2023;2023_60_233;painaa;1
1501;60/2023;2023_60_233;pitkä;2
1501;60/2023;2023_60_233;päivä;4
1501;60/2023;2023_60_233;krista;3
1501;60/2023;2023_60_233;kiuru;3
1501;60/2023;2023_60_233;täällä;3
1501;60/2023;2023_60_233;iltavuoro;1
1501;60/2023;2023_60_233;kyllä;3
1501;60/2023;2023_60_233;enemmän;1
1501;60/2023;2023_60_233;valiokunta;3
1501;60/2023;2023_60_233;jäsen;1
1501;60/2023;2023_60_233;kuin;2
1501;60/2023;2023_60_233;oma;3
1501;60/2023;2023_60_233;perhe;1
1501;60/2023;2023_60_233;mutta;3
1501;60/2023;2023_60_233;mennä;1
1501;60/2023;2023_60_233;suoraan;1
1501;60/2023;2023_60_233;itse;5
1501;60/2023;2023_60_233;asia;2
1501;60/2023;2023_60_233;eli;3
1501;60/2023;2023_60_233;hoitotakuu;7
1501;60/2023;2023_60_233;kuulostaa;1
1501;60/2023;2023_60_233;paha;1
1501;60/2023;2023_60_233;jos;2
1501;60/2023;2023_60_233;puhua;3
1501;60/2023;2023_60_233;se;23
1501;60/2023;2023_60_233;mikä;6
1501;60/2023;2023_60_233;käytäntö;2
1501;60/2023;2023_60_233;koostua;1
1501;60/2023;2023_60_233;palveluvelvoite;1
1501;60/2023;2023_60_233;hyvinvointialue;5
1501;60/2023;2023_60_233;hän;1
1501;60/2023;2023_60_233;pitää;4
1501;60/2023;2023_60_233;huolehtia;2
1501;60/2023;2023_60_233;toteutua;2
1501;60/2023;2023_60_233;ennen;2
1501;60/2023;2023_60_233;kaikkea;2
1501;60/2023;2023_60_233;palvelulupaus;1
1501;60/2023;2023_60_233;suomalainen;1
1501;60/2023;2023_60_233;uskoa;2
1501;60/2023;2023_60_233;kaikki;2
1501;60/2023;2023_60_233;saada;6
1501;60/2023;2023_60_233;palaute;2
1501;60/2023;2023_60_233;kuinka;1
1501;60/2023;2023_60_233;haastava;4
1501;60/2023;2023_60_233;aika;1
1501;60/2023;2023_60_233;sieltä;3
1501;60/2023;2023_60_233;terveysasema;2
1501;60/2023;2023_60_233;katsoa;2
1501;60/2023;2023_60_233;tilanne;5
1501;60/2023;2023_60_233;hetki;2
1501;60/2023;2023_60_233;nimenomaan;2
1501;60/2023;2023_60_233;henkilöstöpula;1
1501;60/2023;2023_60_233;yksi;1
1501;60/2023;2023_60_233;keskeinen;1
1501;60/2023;2023_60_233;syy;1
1501;60/2023;2023_60_233;miksi;1
1501;60/2023;2023_60_233;hallitus;1
1501;60/2023;2023_60_233;välttämätön;2
1501;60/2023;2023_60_233;siirtää;3
1501;60/2023;2023_60_233;mieli;1
1501;60/2023;2023_60_233;kuitenkin;2
1501;60/2023;2023_60_233;rakentava;1
1501;60/2023;2023_60_233;puheenvuoro;1
1501;60/2023;2023_60_233;oppositio;1
1501;60/2023;2023_60_233;suunta;1
1501;60/2023;2023_60_233;tietää;3
1501;60/2023;2023_60_233;edustaja;1
1501;60/2023;2023_60_233;lindn;1
1501;60/2023;2023_60_233;hyvin;5
1501;60/2023;2023_60_233;paljon;2
1501;60/2023;2023_60_233;omalääkärimalli;1
1501;60/2023;2023_60_233;voida;1
1501;60/2023;2023_60_233;sanoa;1
1501;60/2023;2023_60_233;sellainen;1
1501;60/2023;2023_60_233;toimintamalli;1
1501;60/2023;2023_60_233;nopeasti;3
1501;60/2023;2023_60_233;lähteä;5
1501;60/2023;2023_60_233;edistää;3
1501;60/2023;2023_60_233;länsi-uusimaa;1
1501;60/2023;2023_60_233;terveyskeskus;1
1501;60/2023;2023_60_233;joka;8
1501;60/2023;2023_60_233;omalääkäri;2
1501;60/2023;2023_60_233;omahoitajamalli;2
1501;60/2023;2023_60_233;hyödyntää;1
1501;60/2023;2023_60_233;omatiimimalli;2
1501;60/2023;2023_60_233;henkilöstö;3
1501;60/2023;2023_60_233;ei;7
1501;60/2023;2023_60_233;riittävästi;1
1501;60/2023;2023_60_233;yhdistelmä;1
1501;60/2023;2023_60_233;hoitojono;1
1501;60/2023;2023_60_233;tehokkaasti;1
1501;60/2023;2023_60_233;lyhentää;1
1501;60/2023;2023_60_233;johtaa;1
1501;60/2023;2023_60_233;sitten;2
1501;60/2023;2023_60_233;hyvinvointi;1
1501;60/2023;2023_60_233;vahvistua;2
1501;60/2023;2023_60_233;samanlainen;1
1501;60/2023;2023_60_233;vastuu;1
1501;60/2023;2023_60_233;työtaakka;1
1501;60/2023;2023_60_233;siellä;2
1501;60/2023;2023_60_233;suomi;2
1501;60/2023;2023_60_233;pieni;1
1501;60/2023;2023_60_233;sote-piste;1
1501;60/2023;2023_60_233;yleislääkäri;3
1501;60/2023;2023_60_233;työ;3
1501;60/2023;2023_60_233;kun;5
1501;60/2023;2023_60_233;julkinen;3
1501;60/2023;2023_60_233;puoli;5
1501;60/2023;2023_60_233;täytyä;4
1501;60/2023;2023_60_233;pystyä;2
1501;60/2023;2023_60_233;vastata;1
1501;60/2023;2023_60_233;kaikenlainen;1
1501;60/2023;2023_60_233;haaste;2
1501;60/2023;2023_60_233;vastaan;1
1501;60/2023;2023_60_233;vastaanotto;1
1501;60/2023;2023_60_233;siksi;3
1501;60/2023;2023_60_233;yhdistää;1
1501;60/2023;2023_60_233;ratkaisuväline;1
1501;60/2023;2023_60_233;linjaus;1
1501;60/2023;2023_60_233;hallitusohjelma;1
1501;60/2023;2023_60_233;haluta;4
1501;60/2023;2023_60_233;ammatinharjoittajamalli;1
1501;60/2023;2023_60_233;mietintö;2
1501;60/2023;2023_60_233;lausuma;1
1501;60/2023;2023_60_233;liittyä;1
1501;60/2023;2023_60_233;todella;3
1501;60/2023;2023_60_233;kriittinen;1
1501;60/2023;2023_60_233;vahvasti;2
1501;60/2023;2023_60_233;mikäli;1
1501;60/2023;2023_60_233;edes;1
1501;60/2023;2023_60_233;edellyttää;1
1501;60/2023;2023_60_233;pikaisesti;1
1501;60/2023;2023_60_233;päivittää;1
1501;60/2023;2023_60_233;palvelurakenne;2
1501;60/2023;2023_60_233;juuri;2
1501;60/2023;2023_60_233;avainasema;1
1501;60/2023;2023_60_233;vielä;1
1501;60/2023;2023_60_233;nostaa;2
1501;60/2023;2023_60_233;esiin;3
1501;60/2023;2023_60_233;koko;2
1501;60/2023;2023_60_233;palveluketju;3
1501;60/2023;2023_60_233;sote-uudistus;1
1501;60/2023;2023_60_233;tehdä;4
1501;60/2023;2023_60_233;tiedostaa;1
1501;60/2023;2023_60_233;tarjota;1
1501;60/2023;2023_60_233;yhdenvertainen;1
1501;60/2023;2023_60_233;palvelu;4
1501;60/2023;2023_60_233;tavoite;2
1501;60/2023;2023_60_233;hillitä;1
1501;60/2023;2023_60_233;kustannus;2
1501;60/2023;2023_60_233;painopiste;1
1501;60/2023;2023_60_233;perusterveydenhuolto;1
1501;60/2023;2023_60_233;sekä;1
1501;60/2023;2023_60_233;ennaltaehkäisevä;1
1501;60/2023;2023_60_233;erä;1
1501;60/2023;2023_60_233;vaikuttaa;1
1501;60/2023;2023_60_233;ikävä;1
1501;60/2023;2023_60_233;josei;1
1501;60/2023;2023_60_233;korjausliike;1
1501;60/2023;2023_60_233;kansalainen;1
1501;60/2023;2023_60_233;toivoa;1
1501;60/2023;2023_60_233;eduskunta;1
1501;60/2023;2023_60_233;aina;1
1501;60/2023;2023_60_233;ihminen;1
1501;60/2023;2023_60_233;yhteys;3
1501;60/2023;2023_60_233;sote-keskus;1
1501;60/2023;2023_60_233;tai;1
1501;60/2023;2023_60_233;sinne;2
1501;60/2023;2023_60_233;puhelinvaihde;1
1501;60/2023;2023_60_233;tarvita;1
1501;60/2023;2023_60_233;odottaa;1
1501;60/2023;2023_60_233;usea;1
1501;60/2023;2023_60_233;takaisin;1
1501;60/2023;2023_60_233;lukea;1
1501;60/2023;2023_60_233;hoito;1
1501;60/2023;2023_60_233;tarve;1
1501;60/2023;2023_60_233;arviointi;1
1501;60/2023;2023_60_233;sinä;1
1501;60/2023;2023_60_233;silloin;1
1501;60/2023;2023_60_233;joten;1
1501;60/2023;2023_60_233;muokata;1
1501;60/2023;2023_60_233;kunnossa;1
1501;60/2023;2023_60_233;tarpeeksi;1
1501;60/2023;2023_60_233;takia;1
1501;60/2023;2023_60_233;yleislääkärityö;1
1501;60/2023;2023_60_233;maa;1
1501;60/2023;2023_60_233;keino;1
1501;60/2023;2023_60_233;vahvistaa;1
1501;60/2023;2023_60_233;kiinnostaa;1
1501;60/2023;2023_60_233;oleminen;1
1501;60/2023;2023_60_233;kasvaa;1
1501;60/2023;2023_60_233;seurata;1
1501;60/2023;2023_60_233;joutua;1
1501;60/2023;2023_60_233;ostaa;1
1501;60/2023;2023_60_233;lisää;1
1501;60/2023;2023_60_233;yksityinen;1
1501;60/2023;2023_60_233;kasvattaa;1
1501;60/2023;2023_60_233;samalla;1
1501;60/2023;2023_60_233;esimerkiksi;1
1501;60/2023;2023_60_233;syrjäseutu;1
1501;60/2023;2023_60_233;kanssa;1
1501;60/2023;2023_60_233;ymmärtää;1
1501;60/2023;2023_60_233;lausuntovaihe;1
1501;60/2023;2023_60_233;erilainen;1
1501;60/2023;2023_60_233;näkemys;1
1501;60/2023;2023_60_233;kokonaisvaltaisesti;1
1501;60/2023;2023_60_233;huomioida;1
1501;60/2023;2023_60_233;nykytila;1
1501;60/2023;2023_60_233;sote-sektori;1
1501;60/2023;2023_60_233;kannattaa;1
1501;60/2023;2023_60_233;pysyä;1
1501;60/2023;2023_60_233;vuorokausi;1
1501;60/2023;2023_60_239;arvoisa;1
1501;60/2023;2023_60_239;puhemies;1
1501;60/2023;2023_60_239;pitää;1
1501;60/2023;2023_60_239;lyhyt;1
1501;60/2023;2023_60_239;puheenvuoro;2
1501;60/2023;2023_60_239;niin;3
1501;60/2023;2023_60_239;kaikki;5
1501;60/2023;2023_60_239;ehtiä;1
1501;60/2023;2023_60_239;katsoa;1
1501;60/2023;2023_60_239;puoli;3
1501;60/2023;2023_60_239;yhdeksän;1
1501;60/2023;2023_60_239;uutinen;1
1501;60/2023;2023_60_239;haluta;3
1501;60/2023;2023_60_239;kommentoida;1
1501;60/2023;2023_60_239;tämä;14
1501;60/2023;2023_60_239;kelakorvaus;4
1501;60/2023;2023_60_239;joka;3
1501;60/2023;2023_60_239;olla;17
1501;60/2023;2023_60_239;nousta;2
1501;60/2023;2023_60_239;esiin;2
1501;60/2023;2023_60_239;usea;1
1501;60/2023;2023_60_239;eli;4
1501;60/2023;2023_60_239;kertaluontoinen;1
1501;60/2023;2023_60_239;panostus;1
1501;60/2023;2023_60_239;hallitus;2
1501;60/2023;2023_60_239;nyt;4
1501;60/2023;2023_60_239;tehdä;4
1501;60/2023;2023_60_239;osa;1
1501;60/2023;2023_60_239;hallitusohjelma;2
1501;60/2023;2023_60_239;investointiosuus;1
1501;60/2023;2023_60_239;ehkä;1
1501;60/2023;2023_60_239;kertoa;1
1501;60/2023;2023_60_239;myös;3
1501;60/2023;2023_60_239;se;17
1501;60/2023;2023_60_239;miksi;2
1501;60/2023;2023_60_239;tukeutua;1
1501;60/2023;2023_60_239;tiedostaa;1
1501;60/2023;2023_60_239;jo;1
1501;60/2023;2023_60_239;hallitusohjelmaneuvottelu;1
1501;60/2023;2023_60_239;yhteys;1
1501;60/2023;2023_60_239;nimenomaan;2
1501;60/2023;2023_60_239;haaste;1
1501;60/2023;2023_60_239;hoitoonpääsy;1
1501;60/2023;2023_60_239;ja;3
1501;60/2023;2023_60_239;pyrkiä;1
1501;60/2023;2023_60_239;keksiä;1
1501;60/2023;2023_60_239;nopea;1
1501;60/2023;2023_60_239;keino;2
1501;60/2023;2023_60_239;mikä;4
1501;60/2023;2023_60_239;tapa;1
1501;60/2023;2023_60_239;voida;2
1501;60/2023;2023_60_239;saada;2
1501;60/2023;2023_60_239;koko;1
1501;60/2023;2023_60_239;kenttä;1
1501;60/2023;2023_60_239;käyttö;2
1501;60/2023;2023_60_239;sekä;1
1501;60/2023;2023_60_239;julkinen;1
1501;60/2023;2023_60_239;että;12
1501;60/2023;2023_60_239;yksityinen;3
1501;60/2023;2023_60_239;siten;2
1501;60/2023;2023_60_239;varmistua;1
1501;60/2023;2023_60_239;jokainen;2
1501;60/2023;2023_60_239;suomalainen;2
1501;60/2023;2023_60_239;päästä;2
1501;60/2023;2023_60_239;hoitotakuu;3
1501;60/2023;2023_60_239;puitteissa;2
1501;60/2023;2023_60_239;lääkäri;2
1501;60/2023;2023_60_239;puhe;1
1501;60/2023;2023_60_239;minä;1
1501;60/2023;2023_60_239;ottaa;1
1501;60/2023;2023_60_239;selvitys;1
1501;60/2023;2023_60_239;muodostua;1
1501;60/2023;2023_60_239;ainoa;1
1501;60/2023;2023_60_239;rahoitusmalli;1
1501;60/2023;2023_60_239;verran;1
1501;60/2023;2023_60_239;haastava;1
1501;60/2023;2023_60_239;kun;2
1501;60/2023;2023_60_239;puhua;1
1501;60/2023;2023_60_239;esimerkiksi;1
1501;60/2023;2023_60_239;mennä;1
1501;60/2023;2023_60_239;yleiskatteellinen;1
1501;60/2023;2023_60_239;toiminta;1
1501;60/2023;2023_60_239;piiri;1
1501;60/2023;2023_60_239;hyvinvointialue;3
1501;60/2023;2023_60_239;täytyä;1
1501;60/2023;2023_60_239;pystyä;1
1501;60/2023;2023_60_239;silloin;1
1501;60/2023;2023_60_239;huolehtia;1
1501;60/2023;2023_60_239;toivottava;1
1501;60/2023;2023_60_239;mahdollisimman;1
1501;60/2023;2023_60_239;nopeasti;1
1501;60/2023;2023_60_239;ensi;1
1501;60/2023;2023_60_239;vuosi;1
1501;60/2023;2023_60_239;aika;1
1501;60/2023;2023_60_239;näkyä;1
1501;60/2023;2023_60_239;uusi;1
1501;60/2023;2023_60_239;kela-korvausmalli;1
1501;60/2023;2023_60_239;tulla;1
1501;60/2023;2023_60_239;tavoite;2
1501;60/2023;2023_60_239;käydä;1
1501;60/2023;2023_60_239;oikeasti;1
1501;60/2023;2023_60_239;kustannustehokas;1
1501;60/2023;2023_60_239;vaihtoehto;1
1501;60/2023;2023_60_239;keskustelu;1
1501;60/2023;2023_60_239;huoli;1
1501;60/2023;2023_60_239;liittyä;1
1501;60/2023;2023_60_239;hakeutua;1
1501;60/2023;2023_60_239;sitten;1
1501;60/2023;2023_60_239;työ;1
1501;60/2023;2023_60_239;todeta;1
1501;60/2023;2023_60_239;huomioida;1
1501;60/2023;2023_60_239;malli;2
1501;60/2023;2023_60_239;kehittää;1
1501;60/2023;2023_60_239;suhteen;1
1501;60/2023;2023_60_239;työryhmä;1
1501;60/2023;2023_60_239;vahvasti;1
1501;60/2023;2023_60_239;mukana;1
1501;60/2023;2023_60_239;koska;1
1501;60/2023;2023_60_239;tosi;1
1501;60/2023;2023_60_239;tärkeä;1
1501;60/2023;2023_60_239;tiivis;1
1501;60/2023;2023_60_239;yhteistyö;1
1501;60/2023;2023_60_239;kanssa;1
1501;60/2023;2023_60_239;kuitenkin;1
1501;60/2023;2023_60_239;yksi;1
1501;60/2023;2023_60_239;sama;1
1501;60/2023;2023_60_239;hoito;1
1501;60/2023;2023_60_239;perusterveenhuolto;1
1501;64/2023;2023_64_209;arvoisa;1
1501;64/2023;2023_64_209;rouva;1
1501;64/2023;2023_64_209;puhemies;1
1501;64/2023;2023_64_209;värderade;1
1501;64/2023;2023_64_209;fru;1
1501;64/2023;2023_64_209;talma;1
1501;64/2023;2023_64_209;mieli;1
1501;64/2023;2023_64_209;minä;1
1501;64/2023;2023_64_209;olla;19
1501;64/2023;2023_64_209;paikka;1
1501;64/2023;2023_64_209;paikoin;1
1501;64/2023;2023_64_209;tämä;23
1501;64/2023;2023_64_209;ilta;1
1501;64/2023;2023_64_209;aika;4
1501;64/2023;2023_64_209;ihan;1
1501;64/2023;2023_64_209;hyvä;2
1501;64/2023;2023_64_209;keskustelu;1
1501;64/2023;2023_64_209;ja;10
1501;64/2023;2023_64_209;debatointi;1
1501;64/2023;2023_64_209;oppositio;1
1501;64/2023;2023_64_209;vaihtoehtobudjetti;3
1501;64/2023;2023_64_209;kunhan;1
1501;64/2023;2023_64_209;aina;1
1501;64/2023;2023_64_209;muistaa;2
1501;64/2023;2023_64_209;pysyä;1
1501;64/2023;2023_64_209;itse;5
1501;64/2023;2023_64_209;asiassa;2
1501;64/2023;2023_64_209;ehkä;1
1501;64/2023;2023_64_209;se;18
1501;64/2023;2023_64_209;mikä;4
1501;64/2023;2023_64_209;pystyä;1
1501;64/2023;2023_64_209;tarkkailla;1
1501;64/2023;2023_64_209;viikko;1
1501;64/2023;2023_64_209;liittyä;7
1501;64/2023;2023_64_209;nimenomaan;5
1501;64/2023;2023_64_209;sosiaali;2
1501;64/2023;2023_64_209;terveyspuoli;2
1501;64/2023;2023_64_209;usea;1
1501;64/2023;2023_64_209;oppositiopuolue;2
1501;64/2023;2023_64_209;esittää;1
1501;64/2023;2023_64_209;että;10
1501;64/2023;2023_64_209;mikään;1
1501;64/2023;2023_64_209;sopeutus;1
1501;64/2023;2023_64_209;kustannushillintä;1
1501;64/2023;2023_64_209;toimenpide;1
1501;64/2023;2023_64_209;ei;6
1501;64/2023;2023_64_209;tehdä;3
1501;64/2023;2023_64_209;haluta;5
1501;64/2023;2023_64_209;kuitenkin;2
1501;64/2023;2023_64_209;vähän;1
1501;64/2023;2023_64_209;palata;1
1501;64/2023;2023_64_209;taaksepäin;1
1501;64/2023;2023_64_209;ajankohta;1
1501;64/2023;2023_64_209;kun;8
1501;64/2023;2023_64_209;sote-uudistus;2
1501;64/2023;2023_64_209;silloin;1
1501;64/2023;2023_64_209;ensimmäinen;1
1501;64/2023;2023_64_209;aluevaali;1
1501;64/2023;2023_64_209;tilanne;1
1501;64/2023;2023_64_209;kohta;1
1501;64/2023;2023_64_209;myös;7
1501;64/2023;2023_64_209;suomi;1
1501;64/2023;2023_64_209;talous;1
1501;64/2023;2023_64_209;näkökulma;1
1501;64/2023;2023_64_209;hyvin;2
1501;64/2023;2023_64_209;erilainen;1
1501;64/2023;2023_64_209;kuin;3
1501;64/2023;2023_64_209;hetki;4
1501;64/2023;2023_64_209;katsoa;3
1501;64/2023;2023_64_209;hyvinvointialue;5
1501;64/2023;2023_64_209;toiminta;1
1501;64/2023;2023_64_209;niin;4
1501;64/2023;2023_64_209;kyllä;1
1501;64/2023;2023_64_209;todella;2
1501;64/2023;2023_64_209;huolissaan;1
1501;64/2023;2023_64_209;miten;1
1501;64/2023;2023_64_209;mennä;1
1501;64/2023;2023_64_209;ainoastaan;1
1501;64/2023;2023_64_209;rahoitustilanne;1
1501;64/2023;2023_64_209;vaan;1
1501;64/2023;2023_64_209;ennen;1
1501;64/2023;2023_64_209;kaikkea;1
1501;64/2023;2023_64_209;henkilöstötilanne;1
1501;64/2023;2023_64_209;koska;3
1501;64/2023;2023_64_209;ymmärtää;1
1501;64/2023;2023_64_209;asia;2
1501;64/2023;2023_64_209;suuri;1
1501;64/2023;2023_64_209;syy;1
1501;64/2023;2023_64_209;miksi;1
1501;64/2023;2023_64_209;taloudellinen;1
1501;64/2023;2023_64_209;ahdinko;1
1501;64/2023;2023_64_209;riittävästi;1
1501;64/2023;2023_64_209;osaava;1
1501;64/2023;2023_64_209;henkilöstö;1
1501;64/2023;2023_64_209;julkinen;2
1501;64/2023;2023_64_209;työpaikka;2
1501;64/2023;2023_64_209;eli;2
1501;64/2023;2023_64_209;kiinnostaa;1
1501;64/2023;2023_64_209;läpi;2
1501;64/2023;2023_64_209;sosiaalidemokraatti;1
1501;64/2023;2023_64_209;siellä;2
1501;64/2023;2023_64_209;muun;1
1501;64/2023;2023_64_209;muassa;1
1501;64/2023;2023_64_209;mainita;1
1501;64/2023;2023_64_209;kelakorvaus;1
1501;64/2023;2023_64_209;haluttaa;1
1501;64/2023;2023_64_209;antaa;1
1501;64/2023;2023_64_209;miljoona;1
1501;64/2023;2023_64_209;euro;1
1501;64/2023;2023_64_209;lisää;1
1501;64/2023;2023_64_209;raha;1
1501;64/2023;2023_64_209;pitää;3
1501;64/2023;2023_64_209;harmillinen;1
1501;64/2023;2023_64_209;varsin;1
1501;64/2023;2023_64_209;viime;2
1501;64/2023;2023_64_209;kausi;1
1501;64/2023;2023_64_209;rahoitusmalli;2
1501;64/2023;2023_64_209;rakentaa;1
1501;64/2023;2023_64_209;perustua;1
1501;64/2023;2023_64_209;yleiskatteellinen;1
1501;64/2023;2023_64_209;malli;1
1501;64/2023;2023_64_209;tarveperusteisuus;1
1501;64/2023;2023_64_209;vahvasti;1
1501;64/2023;2023_64_209;mukana;2
1501;64/2023;2023_64_209;hallitusohjelmaneuvottelu;1
1501;64/2023;2023_64_209;käydä;1
1501;64/2023;2023_64_209;pyrkiä;1
1501;64/2023;2023_64_209;miettiä;1
1501;64/2023;2023_64_209;keino;1
1501;64/2023;2023_64_209;voida;1
1501;64/2023;2023_64_209;saada;2
1501;64/2023;2023_64_209;hoitojono;1
1501;64/2023;2023_64_209;purkaa;1
1501;64/2023;2023_64_209;joka;2
1501;64/2023;2023_64_209;haaste;1
1501;64/2023;2023_64_209;moni;2
1501;64/2023;2023_64_209;suomalainen;2
1501;64/2023;2023_64_209;soittaa;1
1501;64/2023;2023_64_209;oma;1
1501;64/2023;2023_64_209;lähiterveysasema;1
1501;64/2023;2023_64_209;sitten;2
1501;64/2023;2023_64_209;vapaa;1
1501;64/2023;2023_64_209;vaikkapa;1
1501;64/2023;2023_64_209;yksityinen;2
1501;64/2023;2023_64_209;puoli;2
1501;64/2023;2023_64_209;taas;1
1501;64/2023;2023_64_209;löytyä;1
1501;64/2023;2023_64_209;paljon;1
1501;64/2023;2023_64_209;epäsuhta;1
1501;64/2023;2023_64_209;lähteä;2
1501;64/2023;2023_64_209;korjata;1
1501;64/2023;2023_64_209;takia;1
1501;64/2023;2023_64_209;hallitus;3
1501;64/2023;2023_64_209;ensi;1
1501;64/2023;2023_64_209;vuosi;1
1501;64/2023;2023_64_209;kehittää;1
1501;64/2023;2023_64_209;uusi;1
1501;64/2023;2023_64_209;kelakorvausmalli;1
1501;64/2023;2023_64_209;sanoa;1
1501;64/2023;2023_64_209;houkutteleva;1
1501;64/2023;2023_64_209;jokainen;1
1501;64/2023;2023_64_209;käytäntö;1
1501;64/2023;2023_64_209;summa;1
1501;64/2023;2023_64_209;maksaa;1
1501;64/2023;2023_64_209;vastata;1
1501;64/2023;2023_64_209;lähestulkoon;1
1501;64/2023;2023_64_209;sama;1
1501;64/2023;2023_64_209;loppu;1
1501;64/2023;2023_64_209;nostaa;2
1501;64/2023;2023_64_209;esiin;2
1501;64/2023;2023_64_209;enemmistö;1
1501;64/2023;2023_64_209;hallituskausi;1
1501;64/2023;2023_64_209;sote-rahoitus;1
1501;64/2023;2023_64_209;epäkohta;1
1501;64/2023;2023_64_209;nyt;1
1501;64/2023;2023_64_209;todeta;1
1501;64/2023;2023_64_209;riittää;1
1501;64/2023;2023_64_209;täsmentää;1
1501;64/2023;2023_64_209;tärkeä;1
1501;64/2023;2023_64_209;kiirehtiä;1
1501;64/2023;2023_64_209;kokonaisuudistus;1
1501;64/2023;2023_64_209;kunta;1
1501;64/2023;2023_64_209;rahoitus;1
1501;68/2023;2023_68_223;arvoisa;1
1501;68/2023;2023_68_223;puhemies;1
1501;68/2023;2023_68_223;värderade;1
1501;68/2023;2023_68_223;fru;1
1501;68/2023;2023_68_223;talma;1
1501;68/2023;2023_68_223;suomi;5
1501;68/2023;2023_68_223;olla;37
1501;68/2023;2023_68_223;pohjoismainen;1
1501;68/2023;2023_68_223;hyvinvointiyhteiskunta;5
1501;68/2023;2023_68_223;tämä;10
1501;68/2023;2023_68_223;erittäin;1
1501;68/2023;2023_68_223;hieno;1
1501;68/2023;2023_68_223;asia;4
1501;68/2023;2023_68_223;taata;1
1501;68/2023;2023_68_223;laaja;1
1501;68/2023;2023_68_223;julkinen;1
1501;68/2023;2023_68_223;palvelu;5
1501;68/2023;2023_68_223;ja;13
1501;68/2023;2023_68_223;huolenpito;1
1501;68/2023;2023_68_223;jokainen;3
1501;68/2023;2023_68_223;se;26
1501;68/2023;2023_68_223;jäsen;1
1501;68/2023;2023_68_223;ei;7
1501;68/2023;2023_68_223;kuitenkaan;3
1501;68/2023;2023_68_223;syntyä;2
1501;68/2023;2023_68_223;itsestään;1
1501;68/2023;2023_68_223;työ;1
1501;68/2023;2023_68_223;yrittäminen;2
1501;68/2023;2023_68_223;kautta;1
1501;68/2023;2023_68_223;pohja;2
1501;68/2023;2023_68_223;tulla;8
1501;68/2023;2023_68_223;vahva;2
1501;68/2023;2023_68_223;talous;8
1501;68/2023;2023_68_223;rakentua;1
1501;68/2023;2023_68_223;veronmaksaja;1
1501;68/2023;2023_68_223;vara;2
1501;68/2023;2023_68_223;sali;2
1501;68/2023;2023_68_223;määritellä;1
1501;68/2023;2023_68_223;miten;1
1501;68/2023;2023_68_223;kaikki;4
1501;68/2023;2023_68_223;verovara;1
1501;68/2023;2023_68_223;joka;3
1501;68/2023;2023_68_223;minä;13
1501;68/2023;2023_68_223;myös;16
1501;68/2023;2023_68_223;kerätä;1
1501;68/2023;2023_68_223;käyttää;1
1501;68/2023;2023_68_223;tuki;1
1501;68/2023;2023_68_223;palvelurahsraittaja;1
1501;68/2023;2023_68_223;takana;1
1501;68/2023;2023_68_223;siis;2
1501;68/2023;2023_68_223;suomalainen;3
1501;68/2023;2023_68_223;veronmaksa;1
1501;68/2023;2023_68_223;opettaja;1
1501;68/2023;2023_68_223;mekaanikko;1
1501;68/2023;2023_68_223;kampaaja;1
1501;68/2023;2023_68_223;tai;1
1501;68/2023;2023_68_223;it-ala;1
1501;68/2023;2023_68_223;yrittäjä;1
1501;68/2023;2023_68_223;kun;1
1501;68/2023;2023_68_223;puhua;4
1501;68/2023;2023_68_223;sosiaaliturva;3
1501;68/2023;2023_68_223;pakko;1
1501;68/2023;2023_68_223;taloudellinen;3
1501;68/2023;2023_68_223;tilanne;5
1501;68/2023;2023_68_223;heikko;1
1501;68/2023;2023_68_223;hallitus;9
1501;68/2023;2023_68_223;haluta;4
1501;68/2023;2023_68_223;turvata;2
1501;68/2023;2023_68_223;nyt;3
1501;68/2023;2023_68_223;tulevaisuus;2
1501;68/2023;2023_68_223;sama;1
1501;68/2023;2023_68_223;taso;1
1501;68/2023;2023_68_223;muu;4
1501;68/2023;2023_68_223;verrokkimaa;1
1501;68/2023;2023_68_223;kanssa;2
1501;68/2023;2023_68_223;kuten;2
1501;68/2023;2023_68_223;pohjoismaa;1
1501;68/2023;2023_68_223;ajautua;1
1501;68/2023;2023_68_223;elää;1
1501;68/2023;2023_68_223;yli;2
1501;68/2023;2023_68_223;näin;1
1501;68/2023;2023_68_223;tehdä;7
1501;68/2023;2023_68_223;esimerkiksi;2
1501;68/2023;2023_68_223;ruotsi;2
1501;68/2023;2023_68_223;johtaa;3
1501;68/2023;2023_68_223;että;11
1501;68/2023;2023_68_223;arvioida;1
1501;68/2023;2023_68_223;sosiaaliturvajärjestelmä;3
1501;68/2023;2023_68_223;yksinkertainen;2
1501;68/2023;2023_68_223;mikään;1
1501;68/2023;2023_68_223;tapa;1
1501;68/2023;2023_68_223;itse;2
1501;68/2023;2023_68_223;toivoa;1
1501;68/2023;2023_68_223;yhteys;1
1501;68/2023;2023_68_223;puolue;2
1501;68/2023;2023_68_223;enemmän;1
1501;68/2023;2023_68_223;väärin;1
1501;68/2023;2023_68_223;ainoastaan;1
1501;68/2023;2023_68_223;ilman;1
1501;68/2023;2023_68_223;rakentaa;1
1501;68/2023;2023_68_223;oikeudenmukainen;1
1501;68/2023;2023_68_223;kuva;1
1501;68/2023;2023_68_223;mikä;4
1501;68/2023;2023_68_223;hetki;1
1501;68/2023;2023_68_223;välihuuto;1
1501;68/2023;2023_68_223;vasemmalta;1
1501;68/2023;2023_68_223;mieli;1
1501;68/2023;2023_68_223;talouspolitiikka;1
1501;68/2023;2023_68_223;juuri;1
1501;68/2023;2023_68_223;tie;1
1501;68/2023;2023_68_223;moni;4
1501;68/2023;2023_68_223;näkökulma;2
1501;68/2023;2023_68_223;siellä;1
1501;68/2023;2023_68_223;poliitikko;1
1501;68/2023;2023_68_223;yhteinen;1
1501;68/2023;2023_68_223;näkemys;1
1501;68/2023;2023_68_223;entinen;1
1501;68/2023;2023_68_223;blokkiraja;1
1501;68/2023;2023_68_223;huolehtia;2
1501;68/2023;2023_68_223;jotta;2
1501;68/2023;2023_68_223;voida;3
1501;68/2023;2023_68_223;tarkoittaa;1
1501;68/2023;2023_68_223;historia;2
1501;68/2023;2023_68_223;saatto;2
1501;68/2023;2023_68_223;muutos;1
1501;68/2023;2023_68_223;nykyään;1
1501;68/2023;2023_68_223;eu;1
1501;68/2023;2023_68_223;nurkkavaltio;3
1501;68/2023;2023_68_223;nykyinen;2
1501;68/2023;2023_68_223;geopoliittinen;1
1501;68/2023;2023_68_223;johtua;1
1501;68/2023;2023_68_223;kreikka;1
1501;68/2023;2023_68_223;portugali;1
1501;68/2023;2023_68_223;irlanti;1
1501;68/2023;2023_68_223;jos;2
1501;68/2023;2023_68_223;katsoa;2
1501;68/2023;2023_68_223;kolme;1
1501;68/2023;2023_68_223;maa;2
1501;68/2023;2023_68_223;niin;2
1501;68/2023;2023_68_223;hän;1
1501;68/2023;2023_68_223;ongelma;1
1501;68/2023;2023_68_223;luku;1
1501;68/2023;2023_68_223;aika;1
1501;68/2023;2023_68_223;toivottavasti;1
1501;68/2023;2023_68_223;siirtyä;1
1501;68/2023;2023_68_223;joukko;1
1501;68/2023;2023_68_223;lähitulevaisuus;1
1501;68/2023;2023_68_223;oma;1
1501;68/2023;2023_68_223;mukana;1
1501;68/2023;2023_68_223;edellinen;2
1501;68/2023;2023_68_223;hallituskausi;1
1501;68/2023;2023_68_223;nostaa;2
1501;68/2023;2023_68_223;esiin;3
1501;68/2023;2023_68_223;yksi;1
1501;68/2023;2023_68_223;tärkeä;2
1501;68/2023;2023_68_223;liittyä;3
1501;68/2023;2023_68_223;työllisyysaste;1
1501;68/2023;2023_68_223;nostaminen;1
1501;68/2023;2023_68_223;onnistua;1
1501;68/2023;2023_68_223;mutta;3
1501;68/2023;2023_68_223;kuitenkin;1
1501;68/2023;2023_68_223;todeta;1
1501;68/2023;2023_68_223;tosiasia;1
1501;68/2023;2023_68_223;keskeinen;1
1501;68/2023;2023_68_223;uudistus;2
1501;68/2023;2023_68_223;jäädä;1
1501;68/2023;2023_68_223;joutua;1
1501;68/2023;2023_68_223;edistää;1
1501;68/2023;2023_68_223;nopeuttaa;1
1501;68/2023;2023_68_223;aikataulu;1
1501;68/2023;2023_68_223;perus;1
1501;68/2023;2023_68_223;säilyä;1
1501;68/2023;2023_68_223;ymmärrys;1
1501;68/2023;2023_68_223;sopeutus;2
1501;68/2023;2023_68_223;yleinen;1
1501;68/2023;2023_68_223;asumistuki;2
1501;68/2023;2023_68_223;helppo;1
1501;68/2023;2023_68_223;aina;1
1501;68/2023;2023_68_223;osa;2
1501;68/2023;2023_68_223;perustella;1
1501;68/2023;2023_68_223;hyvin;1
1501;68/2023;2023_68_223;monimutkainen;1
1501;68/2023;2023_68_223;selkeästi;1
1501;68/2023;2023_68_223;kuuleminen;1
1501;68/2023;2023_68_223;sosiaali;1
1501;68/2023;2023_68_223;terveysvaliokunta;1
1501;68/2023;2023_68_223;pitkälti;1
1501;68/2023;2023_68_223;yleistuki;1
1501;68/2023;2023_68_223;muokata;1
1501;68/2023;2023_68_223;eri;2
1501;68/2023;2023_68_223;toimi;1
1501;68/2023;2023_68_223;tuensaaja;1
1501;68/2023;2023_68_223;vaikea;1
1501;68/2023;2023_68_223;ymmärtää;1
1501;68/2023;2023_68_223;kokonaisuus;2
1501;68/2023;2023_68_223;siksi;1
1501;68/2023;2023_68_223;kausi;1
1501;68/2023;2023_68_223;muun;1
1501;68/2023;2023_68_223;muassa;1
1501;68/2023;2023_68_223;opintotukiuudistus;1
1501;68/2023;2023_68_223;toimeentulo;1
1501;68/2023;2023_68_223;kokonaisuudistus;1
1501;68/2023;2023_68_223;miksi;1
1501;68/2023;2023_68_223;kannustaa;1
1501;68/2023;2023_68_223;ihminen;1
1501;68/2023;2023_68_223;työnteko;1
1501;68/2023;2023_68_223;luoda;2
1501;68/2023;2023_68_223;edellytys;1
1501;68/2023;2023_68_223;kasvu;1
1501;68/2023;2023_68_223;mahdollisimman;1
1501;68/2023;2023_68_223;saada;1
1501;68/2023;2023_68_223;työpaikka;1
1501;68/2023;2023_68_223;turva;1
1501;68/2023;2023_68_223;hyvinvointi;1
1501;72/2023;2023_72_15;arvoisa;1
1501;72/2023;2023_72_15;puhemies;1
1501;72/2023;2023_72_15;suomi;1
1501;72/2023;2023_72_15;tarvita;1
1501;72/2023;2023_72_15;julkinen;1
1501;72/2023;2023_72_15;talous;1
1501;72/2023;2023_72_15;pitkäjänteisesti;1
1501;72/2023;2023_72_15;vahvistaa;1
1501;72/2023;2023_72_15;talouspolitiikka;1
1501;72/2023;2023_72_15;ei;2
1501;72/2023;2023_72_15;osata;1
1501;72/2023;2023_72_15;ennakoida;1
1501;72/2023;2023_72_15;koronapandemia;1
1501;72/2023;2023_72_15;taloudellinen;1
1501;72/2023;2023_72_15;vaikutus;1
1501;72/2023;2023_72_15;tietää;1
1501;72/2023;2023_72_15;miten;1
1501;72/2023;2023_72_15;pitkään;1
1501;72/2023;2023_72_15;maa;1
1501;72/2023;2023_72_15;raja;1
1501;72/2023;2023_72_15;ulkopuolella;1
1501;72/2023;2023_72_15;käynti;1
1501;72/2023;2023_72_15;olla;4
1501;72/2023;2023_72_15;sota;1
1501;72/2023;2023_72_15;jatkua;1
1501;72/2023;2023_72_15;velkaantumiskierre;1
1501;72/2023;2023_72_15;katkaista;1
1501;72/2023;2023_72_15;ja;2
1501;72/2023;2023_72_15;valtiontalous;1
1501;72/2023;2023_72_15;tasapainottaa;1
1501;72/2023;2023_72_15;jotta;1
1501;72/2023;2023_72_15;hyvin;1
1501;72/2023;2023_72_15;varustautua;1
1501;72/2023;2023_72_15;tulevaisuus;1
1501;72/2023;2023_72_15;voida;1
1501;72/2023;2023_72_15;pohjoismainen;1
1501;72/2023;2023_72_15;hyvinvointiyhteiskunta;1
1501;72/2023;2023_72_15;myös;1
1501;72/2023;2023_72_15;jatko;1
1501;10/2024;2024_10_71;värderade;1
1501;10/2024;2024_10_71;talma;1
1501;10/2024;2024_10_71;arvoisa;1
1501;10/2024;2024_10_71;puhemies;1
1501;10/2024;2024_10_71;kun;1
1501;10/2024;2024_10_71;minä;1
1501;10/2024;2024_10_71;keskustella;1
1501;10/2024;2024_10_71;sote-sektori;2
1501;10/2024;2024_10_71;ja;1
1501;10/2024;2024_10_71;haaste;2
1501;10/2024;2024_10_71;niin;1
1501;10/2024;2024_10_71;eittämättä;1
1501;10/2024;2024_10_71;suuri;1
1501;10/2024;2024_10_71;liittyä;1
1501;10/2024;2024_10_71;henkilöstö;1
1501;10/2024;2024_10_71;saatavuus;1
1501;37/2024;2024_37_67;värderade;1
1501;37/2024;2024_37_67;talma;1
1501;37/2024;2024_37_67;arvoisa;1
1501;37/2024;2024_37_67;herra;1
1501;37/2024;2024_37_67;puhemies;1
1501;37/2024;2024_37_67;den;3
1501;37/2024;2024_37_67;här;1
1501;37/2024;2024_37_67;situationen;1
1501;37/2024;2024_37_67;som;1
1501;37/2024;2024_37_67;vi;1
1501;37/2024;2024_37_67;har;2
1501;37/2024;2024_37_67;inom;1
1501;37/2024;2024_37_67;social;1
1501;37/2024;2024_37_67;och;2
1501;37/2024;2024_37_67;hälsvåri;1
1501;37/2024;2024_37_67;iiteä;1
1501;37/2024;2024_37_67;uppsa;1
1501;37/2024;2024_37_67;under;2
1501;37/2024;2024_37_67;hän;1
1501;37/2024;2024_37_67;regeringsperios;1
1501;37/2024;2024_37_67;inte;1
1501;37/2024;2024_37_67;heller;1
1501;37/2024;2024_37_67;förra;1
1501;40/2024;2024_40_16;arvoisa;1
1501;40/2024;2024_40_16;rouva;1
1501;40/2024;2024_40_16;puhemies;1
1501;40/2024;2024_40_16;harva;1
1501;40/2024;2024_40_16;asia;1
1501;40/2024;2024_40_16;aktivoida;1
1501;40/2024;2024_40_16;ja;5
1501;40/2024;2024_40_16;kiinnostaa;1
1501;40/2024;2024_40_16;kansalainen;1
1501;40/2024;2024_40_16;niin;1
1501;40/2024;2024_40_16;paljon;1
1501;40/2024;2024_40_16;kuin;1
1501;40/2024;2024_40_16;sosiaali;2
1501;40/2024;2024_40_16;terveydenhuolto;3
1501;40/2024;2024_40_16;se;1
1501;40/2024;2024_40_16;olla;2
1501;40/2024;2024_40_16;kuuma;1
1501;40/2024;2024_40_16;kysymys;1
1501;40/2024;2024_40_16;myös;1
1501;40/2024;2024_40_16;täällä;1
1501;40/2024;2024_40_16;eduskunta;1
1501;40/2024;2024_40_16;oppositio;1
1501;40/2024;2024_40_16;vuosi;2
1501;40/2024;2024_40_16;alkaen;1
1501;40/2024;2024_40_16;joka;1
1501;40/2024;2024_40_16;tehdä;1
1501;40/2024;2024_40_16;koskea;1
1501;40/2024;2024_40_16;välikysymys;1
1501;40/2024;2024_40_16;hallitus;1
1501;40/2024;2024_40_16;puolue;1
1501;40/2024;2024_40_16;tulla;1
1501;40/2024;2024_40_16;mennä;1
1501;40/2024;2024_40_16;mutta;1
1501;40/2024;2024_40_16;huoli;1
1501;40/2024;2024_40_16;säilyä;1
1501;47/2024;2024_47_10;värderade;1
1501;47/2024;2024_47_10;talma;1
1501;47/2024;2024_47_10;arvoisa;1
1501;47/2024;2024_47_10;puhemies;1
1501;47/2024;2024_47_10;jag;1
1501;47/2024;2024_47_10;villä;1
1501;47/2024;2024_47_10;börjastaa;1
1501;47/2024;2024_47_10;atta;1
1501;47/2024;2024_47_10;tacka;1
1501;47/2024;2024_47_10;ministern;1
1501;47/2024;2024_47_10;fråga;1
1501;47/2024;2024_47_10;för;2
1501;47/2024;2024_47_10;den;2
1501;47/2024;2024_47_10;här;2
1501;47/2024;2024_47_10;redogörels;1
1501;47/2024;2024_47_10;och;1
1501;47/2024;2024_47_10;dinä;1
1501;47/2024;2024_47_10;förslage;1
1501;47/2024;2024_47_10;som;3
1501;47/2024;2024_47_10;sagrin;1
1501;47/2024;2024_47_10;följerä;1
1501;47/2024;2024_47_10;skrivelse;1
1501;47/2024;2024_47_10;finnätä;1
1501;47/2024;2024_47_10;statsminister;1
1501;47/2024;2024_47_10;petteri;1
1501;47/2024;2024_47_10;orponen;1
1501;47/2024;2024_47_10;regeringsprogram;1
1501;49/2024;2024_49_18;arvoisa;1
1501;49/2024;2024_49_18;puhemies;1
1501;49/2024;2024_49_18;värderade;1
1501;49/2024;2024_49_18;talma;1
1501;49/2024;2024_49_18;kun;1
1501;49/2024;2024_49_18;keskustella;1
1501;49/2024;2024_49_18;julkinen;1
1501;49/2024;2024_49_18;talous;1
1501;49/2024;2024_49_18;minä;1
1501;49/2024;2024_49_18;olla;5
1501;49/2024;2024_49_18;ajatella;1
1501;49/2024;2024_49_18;tulevaisuus;2
1501;49/2024;2024_49_18;ja;4
1501;49/2024;2024_49_18;uskoa;1
1501;49/2024;2024_49_18;juuri;1
1501;49/2024;2024_49_18;nyt;1
1501;49/2024;2024_49_18;pelkkä;1
1501;49/2024;2024_49_18;sopeutustoimi;1
1501;49/2024;2024_49_18;veronkorotus;1
1501;49/2024;2024_49_18;ei;1
1501;49/2024;2024_49_18;riittää;1
1501;49/2024;2024_49_18;tarvita;1
1501;49/2024;2024_49_18;kasvu;1
1501;49/2024;2024_49_18;toivo;1
1501;49/2024;2024_49_18;hyvä;2
1501;49/2024;2024_49_18;aika;1
1501;49/2024;2024_49_18;se;3
1501;49/2024;2024_49_18;aivan;2
1501;49/2024;2024_49_18;selvä;2
1501;49/2024;2024_49_18;oppositio;3
1501;49/2024;2024_49_18;herättää;1
1501;49/2024;2024_49_18;keskustelu;1
1501;49/2024;2024_49_18;tämä;1
1501;49/2024;2024_49_18;kysymys;1
1501;49/2024;2024_49_18;toivoa;2
1501;49/2024;2024_49_18;hallitus;2
1501;49/2024;2024_49_18;vastaus;1
1501;49/2024;2024_49_18;niin;1
1501;49/2024;2024_49_18;sillä;1
1501;49/2024;2024_49_18;keskusteleminen;1
1501;49/2024;2024_49_18;hyödyllinen;1
1501;49/2024;2024_49_18;samalla;1
1501;49/2024;2024_49_18;itsestään;1
1501;49/2024;2024_49_18;että;1
1501;49/2024;2024_49_18;vaikeus;1
1501;49/2024;2024_49_18;keksiä;1
1501;49/2024;2024_49_18;vaihtoehto;2
1501;49/2024;2024_49_18;sopeuttamispäätös;1
1501;49/2024;2024_49_18;ottaa;1
1501;49/2024;2024_49_18;vastaan;1
1501;49/2024;2024_49_18;kritiikki;1
1501;49/2024;2024_49_18;mutta;1
1501;49/2024;2024_49_18;myös;1
1501;49/2024;2024_49_18;uskottava;1
1501;65/2024;2024_65_23;arvoisa;1
1501;65/2024;2024_65_23;puhemies;1
1501;65/2024;2024_65_23;julkinen;1
1501;65/2024;2024_65_23;talous;1
1501;65/2024;2024_65_23;suunnitelma;2
1501;65/2024;2024_65_23;olla;4
1501;65/2024;2024_65_23;keskeinen;1
1501;65/2024;2024_65_23;osa;1
1501;65/2024;2024_65_23;suomi;1
1501;65/2024;2024_65_23;taloudellinen;2
1501;65/2024;2024_65_23;vakaus;1
1501;65/2024;2024_65_23;ja;3
1501;65/2024;2024_65_23;kestävyys;1
1501;65/2024;2024_65_23;vahvistaminen;1
1501;65/2024;2024_65_23;väline;2
1501;65/2024;2024_65_23;joka;1
1501;65/2024;2024_65_23;ei;1
1501;65/2024;2024_65_23;tarkastella;1
1501;65/2024;2024_65_23;vain;1
1501;65/2024;2024_65_23;tuleva;1
1501;65/2024;2024_65_23;vuosi;2
1501;65/2024;2024_65_23;vaan;1
1501;65/2024;2024_65_23;neljä;1
1501;65/2024;2024_65_23;seuraava;1
1501;65/2024;2024_65_23;se;1
1501;65/2024;2024_65_23;siis;1
1501;65/2024;2024_65_23;pitkäjänteinen;1
1501;65/2024;2024_65_23;politiikanteko;1
1501;65/2024;2024_65_23;elää;1
1501;65/2024;2024_65_23;haastava;1
1501;65/2024;2024_65_23;aika;1
1501;65/2024;2024_65_23;maailmanlaajuinen;1
1501;65/2024;2024_65_23;kriisi;1
1501;65/2024;2024_65_23;nopea;1
1501;65/2024;2024_65_23;teknologinen;1
1501;65/2024;2024_65_23;muutos;1
1501;65/2024;2024_65_23;vaikuttaa;1
1501;65/2024;2024_65_23;toimintaympäristö;1
1501;65/2024;2024_65_23;nyt;1
1501;65/2024;2024_65_23;tarvita;1
1501;65/2024;2024_65_23;päättäväisyys;1
1501;65/2024;2024_65_23;kaukokatseisuus;1
1501;90/2024;2024_90_405;arvoisa;1
1501;90/2024;2024_90_405;rouva;1
1501;90/2024;2024_90_405;puhemies;1
1501;90/2024;2024_90_405;värderade;1
1501;90/2024;2024_90_405;fru;1
1501;90/2024;2024_90_405;talma;1
1501;90/2024;2024_90_405;suomi;4
1501;90/2024;2024_90_405;olla;11
1501;90/2024;2024_90_405;pohjola;1
1501;90/2024;2024_90_405;kreikka;2
1501;90/2024;2024_90_405;näin;1
1501;90/2024;2024_90_405;todeta;1
1501;90/2024;2024_90_405;iltalehti;1
1501;90/2024;2024_90_405;kommenttikirjoitus;1
1501;90/2024;2024_90_405;eilen;1
1501;90/2024;2024_90_405;vaikka;2
1501;90/2024;2024_90_405;kuinka;1
1501;90/2024;2024_90_405;haluta;1
1501;90/2024;2024_90_405;uskoa;1
1501;90/2024;2024_90_405;tämä;2
1501;90/2024;2024_90_405;väite;1
1501;90/2024;2024_90_405;niin;1
1501;90/2024;2024_90_405;piillä;1
1501;90/2024;2024_90_405;se;3
1501;90/2024;2024_90_405;kuitenkin;4
1501;90/2024;2024_90_405;totuus;1
1501;90/2024;2024_90_405;minä;3
1501;90/2024;2024_90_405;ei;2
1501;90/2024;2024_90_405;nähdä;1
1501;90/2024;2024_90_405;kasvu;1
1501;90/2024;2024_90_405;sama;2
1501;90/2024;2024_90_405;tapa;1
1501;90/2024;2024_90_405;kuin;1
1501;90/2024;2024_90_405;moni;1
1501;90/2024;2024_90_405;muu;2
1501;90/2024;2024_90_405;verrokkimaa;1
1501;90/2024;2024_90_405;pohjois-eurooppa;1
1501;90/2024;2024_90_405;usea;1
1501;90/2024;2024_90_405;vuosi;3
1501;90/2024;2024_90_405;liki;1
1501;90/2024;2024_90_405;noin;1
1501;90/2024;2024_90_405;hyvinvointiyhteiskunta;1
1501;90/2024;2024_90_405;talous;3
1501;90/2024;2024_90_405;pitää;1
1501;90/2024;2024_90_405;kunnossa;1
1501;90/2024;2024_90_405;jotta;1
1501;90/2024;2024_90_405;voida;1
1501;90/2024;2024_90_405;huolehtia;1
1501;90/2024;2024_90_405;kaikki;1
1501;90/2024;2024_90_405;hyvinvointipalvelu;1
1501;90/2024;2024_90_405;hallitus;5
1501;90/2024;2024_90_405;nyt;3
1501;90/2024;2024_90_405;sopeuttaa;1
1501;90/2024;2024_90_405;näyttää;1
1501;90/2024;2024_90_405;ensi;1
1501;90/2024;2024_90_405;alijäämä;1
1501;90/2024;2024_90_405;miljardi;2
1501;90/2024;2024_90_405;euro;1
1501;90/2024;2024_90_405;ilman;1
1501;90/2024;2024_90_405;toimi;1
1501;90/2024;2024_90_405;jo;1
1501;90/2024;2024_90_405;hetki;1
1501;90/2024;2024_90_405;eurooppa;1
1501;90/2024;2024_90_405;nurkkavaltio;2
1501;90/2024;2024_90_405;eu;1
1501;90/2024;2024_90_405;irlanti;1
1501;90/2024;2024_90_405;ja;3
1501;90/2024;2024_90_405;portugali;1
1501;90/2024;2024_90_405;oma;1
1501;90/2024;2024_90_405;iso;1
1501;90/2024;2024_90_405;taloudellinen;1
1501;90/2024;2024_90_405;haaste;1
1501;90/2024;2024_90_405;luku;1
1501;90/2024;2024_90_405;pahoin;1
1501;90/2024;2024_90_405;pelätä;1
1501;90/2024;2024_90_405;että;1
1501;90/2024;2024_90_405;luisua;1
1501;90/2024;2024_90_405;tie;1
1501;90/2024;2024_90_405;mikäli;1
1501;90/2024;2024_90_405;toimia;2
1501;90/2024;2024_90_405;siksi;1
1501;90/2024;2024_90_405;myös;2
1501;90/2024;2024_90_405;pohja;1
1501;90/2024;2024_90_405;rikki;1
1501;90/2024;2024_90_405;korjata;1
1501;90/2024;2024_90_405;usko;1
1501;90/2024;2024_90_405;hyvä;2
1501;90/2024;2024_90_405;tuleva;1
1501;90/2024;2024_90_405;tuoda;1
1501;90/2024;2024_90_405;pieni;1
1501;90/2024;2024_90_405;pilkahdus;1
1501;90/2024;2024_90_405;eli;1
1501;90/2024;2024_90_405;muun;1
1501;90/2024;2024_90_405;muassa;1
1501;90/2024;2024_90_405;korkotaso;1
1501;90/2024;2024_90_405;lasku;1
1501;90/2024;2024_90_405;sekä;2
1501;90/2024;2024_90_405;positiivinen;1
1501;90/2024;2024_90_405;vientinäkymä;1
1501;90/2024;2024_90_405;panostaa;1
1501;90/2024;2024_90_405;tutkimus;1
1501;90/2024;2024_90_405;kehitys;1
1501;90/2024;2024_90_405;koulutus;1
1501;90/2024;2024_90_405;toivo;1
1501;90/2024;2024_90_405;siis;1
1501;96/2024;2024_96_83;arvoisa;1
1501;96/2024;2024_96_83;puhemies;1
1501;96/2024;2024_96_83;värderade;1
1501;96/2024;2024_96_83;talma;1
1501;96/2024;2024_96_83;sosiaali;1
1501;96/2024;2024_96_83;ja;1
1501;96/2024;2024_96_83;terveyspalvelu;1
1501;96/2024;2024_96_83;pitää;1
1501;96/2024;2024_96_83;panostaa;1
1501;96/2024;2024_96_83;ennaltaehkäisy;1
1501;96/2024;2024_96_83;sekä;1
1501;96/2024;2024_96_83;vaikuttava;1
1501;96/2024;2024_96_83;palvelu;1
1501;116/2024;2024_116_59;arvoisa;1
1501;116/2024;2024_116_59;puhemies;1
1501;116/2024;2024_116_59;värderade;1
1501;116/2024;2024_116_59;talma;1
1501;116/2024;2024_116_59;hoito;1
1501;116/2024;2024_116_59;jatkuvuus;1
1501;116/2024;2024_116_59;olla;2
1501;116/2024;2024_116_59;ääretön;1
1501;116/2024;2024_116_59;tärkeä;1
1501;116/2024;2024_116_59;perusterveydenhuolto;1
1501;116/2024;2024_116_59;ja;3
1501;116/2024;2024_116_59;siksi;1
1501;116/2024;2024_116_59;kuulostaa;1
1501;116/2024;2024_116_59;hyvä;1
1501;116/2024;2024_116_59;mikäli;1
1501;116/2024;2024_116_59;hallitus;1
1501;116/2024;2024_116_59;käynnistää;1
1501;116/2024;2024_116_59;tällainen;1
1501;116/2024;2024_116_59;omalääkäriohjelma;1
1501;116/2024;2024_116_59;joka;1
1501;116/2024;2024_116_59;tapa;1
1501;116/2024;2024_116_59;lähteä;1
1501;116/2024;2024_116_59;oikeasti;1
1501;116/2024;2024_116_59;kunnolla;2
1501;116/2024;2024_116_59;kehittää;1
1501;116/2024;2024_116_59;suomi;1
1501;116/2024;2024_116_59;oma;1
1501;116/2024;2024_116_59;toimiva;1
1501;116/2024;2024_116_59;omalääkärimalli;1
1501;116/2024;2024_116_59;toki;1
1501;116/2024;2024_116_59;huomioida;1
1501;116/2024;2024_116_59;sitten;2
1501;116/2024;2024_116_59;hyvinvointialue;1
1501;116/2024;2024_116_59;erityispiirre;1
1501;116/2024;2024_116_59;esimerkiksi;1
1501;116/2024;2024_116_59;länsi-uusimaa;1
1501;116/2024;2024_116_59;jo;1
1501;116/2024;2024_116_59;käyttö;1
1501;116/2024;2024_116_59;ammatinharjoittajamallikokeilu;1
1501;116/2024;2024_116_59;toivottavasti;1
1501;116/2024;2024_116_59;se;1
1501;116/2024;2024_116_59;tulla;1
1501;116/2024;2024_116_59;myös;1
1501;116/2024;2024_116_59;käynti;1
1501;116/2024;2024_116_59;kunhan;1
1501;116/2024;2024_116_59;vain;1
1501;116/2024;2024_116_59;asia;1
1501;116/2024;2024_116_59;saada;1
1501;116/2024;2024_116_59;verottaja;1
1501;116/2024;2024_116_59;kanssa;1
1501;116/2024;2024_116_59;järjestys;1
1501;118/2024;2024_118_272;arvoisa;1
1501;118/2024;2024_118_272;puhemies;1
1501;118/2024;2024_118_272;värderade;1
1501;118/2024;2024_118_272;fru;1
1501;118/2024;2024_118_272;talma;1
1501;118/2024;2024_118_272;ajatella;4
1501;118/2024;2024_118_272;että;15
1501;118/2024;2024_118_272;ei;3
1501;118/2024;2024_118_272;olla;19
1501;118/2024;2024_118_272;sanoa;5
1501;118/2024;2024_118_272;mikään;1
1501;118/2024;2024_118_272;mutta;4
1501;118/2024;2024_118_272;nyt;3
1501;118/2024;2024_118_272;kun;4
1501;118/2024;2024_118_272;keskustelu;1
1501;118/2024;2024_118_272;käydä;2
1501;118/2024;2024_118_272;se;17
1501;118/2024;2024_118_272;verran;1
1501;118/2024;2024_118_272;kuuma;1
1501;118/2024;2024_118_272;keskittyä;1
1501;118/2024;2024_118_272;tämä;23
1501;118/2024;2024_118_272;itse;6
1501;118/2024;2024_118_272;hallitus;2
1501;118/2024;2024_118_272;esitys;6
1501;118/2024;2024_118_272;ehkä;1
1501;118/2024;2024_118_272;nostaa;2
1501;118/2024;2024_118_272;vielä;1
1501;118/2024;2024_118_272;esiin;2
1501;118/2024;2024_118_272;kokonaisvaltainen;1
1501;118/2024;2024_118_272;tilannekuva;1
1501;118/2024;2024_118_272;eli;2
1501;118/2024;2024_118_272;minä;6
1501;118/2024;2024_118_272;käytäntö;3
1501;118/2024;2024_118_272;haastava;1
1501;118/2024;2024_118_272;tilanne;7
1501;118/2024;2024_118_272;mikä;4
1501;118/2024;2024_118_272;tulla;2
1501;118/2024;2024_118_272;sosiaalityöntekijä;5
1501;118/2024;2024_118_272;myös;12
1501;118/2024;2024_118_272;juuri;6
1501;118/2024;2024_118_272;takia;2
1501;118/2024;2024_118_272;huomioida;1
1501;118/2024;2024_118_272;suuri;1
1501;118/2024;2024_118_272;veto;2
1501;118/2024;2024_118_272;ja;16
1501;118/2024;2024_118_272;pitovoimaongelma;1
1501;118/2024;2024_118_272;täällä;1
1501;118/2024;2024_118_272;sosiaalityöntekijäala;1
1501;118/2024;2024_118_272;kasvaa;1
1501;118/2024;2024_118_272;usea;1
1501;118/2024;2024_118_272;vuosi;2
1501;118/2024;2024_118_272;aika;2
1501;118/2024;2024_118_272;joutua;1
1501;118/2024;2024_118_272;lähteä;1
1501;118/2024;2024_118_272;ratkaista;1
1501;118/2024;2024_118_272;haaste;2
1501;118/2024;2024_118_272;hetki;2
1501;118/2024;2024_118_272;kenttä;2
1501;118/2024;2024_118_272;löytyä;2
1501;118/2024;2024_118_272;kerta;1
1501;118/2024;2024_118_272;kaikkiaan;1
1501;118/2024;2024_118_272;hyvinvointialue;2
1501;118/2024;2024_118_272;saada;3
1501;118/2024;2024_118_272;työ;1
1501;118/2024;2024_118_272;pakko;3
1501;118/2024;2024_118_272;pyrkiä;1
1501;118/2024;2024_118_272;hyvä;1
1501;118/2024;2024_118_272;tapa;4
1501;118/2024;2024_118_272;luoda;1
1501;118/2024;2024_118_272;edellytys;1
1501;118/2024;2024_118_272;pystyä;3
1501;118/2024;2024_118_272;täyttää;1
1501;118/2024;2024_118_272;lakisääteinen;1
1501;118/2024;2024_118_272;velvoite;1
1501;118/2024;2024_118_272;joka;4
1501;118/2024;2024_118_272;todeta;2
1501;118/2024;2024_118_272;sote-valiokunta;1
1501;118/2024;2024_118_272;jäsen;1
1501;118/2024;2024_118_272;haluta;6
1501;118/2024;2024_118_272;arvostaa;1
1501;118/2024;2024_118_272;jokainen;1
1501;118/2024;2024_118_272;näkemys;1
1501;118/2024;2024_118_272;liittyä;1
1501;118/2024;2024_118_272;voida;2
1501;118/2024;2024_118_272;katsoa;3
1501;118/2024;2024_118_272;hyvin;2
1501;118/2024;2024_118_272;eri;1
1501;118/2024;2024_118_272;näkökulma;2
1501;118/2024;2024_118_272;jos;1
1501;118/2024;2024_118_272;lapsiasiainvaltuutettu;1
1501;118/2024;2024_118_272;moni;2
1501;118/2024;2024_118_272;muu;1
1501;118/2024;2024_118_272;asiantuntija;1
1501;118/2024;2024_118_272;niin;3
1501;118/2024;2024_118_272;tärkeä;3
1501;118/2024;2024_118_272;miettiä;1
1501;118/2024;2024_118_272;asiakas;1
1501;118/2024;2024_118_272;kohta;1
1501;118/2024;2024_118_272;sellainen;1
1501;118/2024;2024_118_272;joku;1
1501;118/2024;2024_118_272;turvallinen;1
1501;118/2024;2024_118_272;henkilö;1
1501;118/2024;2024_118_272;auttaa;1
1501;118/2024;2024_118_272;tukea;1
1501;118/2024;2024_118_272;ongelmallinen;1
1501;118/2024;2024_118_272;aina;1
1501;118/2024;2024_118_272;alleviivata;1
1501;118/2024;2024_118_272;ettäei;1
1501;118/2024;2024_118_272;oma;1
1501;118/2024;2024_118_272;eduskuntaryhmä;1
1501;118/2024;2024_118_272;väheksyä;1
1501;118/2024;2024_118_272;osaaminen;1
1501;118/2024;2024_118_272;kompetenssi;1
1501;118/2024;2024_118_272;vaan;1
1501;118/2024;2024_118_272;löytää;2
1501;118/2024;2024_118_272;ratkaisu;2
1501;118/2024;2024_118_272;akuutti;2
1501;118/2024;2024_118_272;sitten;1
1501;118/2024;2024_118_272;jo;2
1501;118/2024;2024_118_272;eteenpäin;1
1501;118/2024;2024_118_272;kuten;1
1501;118/2024;2024_118_272;kaikki;1
1501;118/2024;2024_118_272;tietää;1
1501;118/2024;2024_118_272;salikeskustelu;1
1501;118/2024;2024_118_272;esillä;1
1501;118/2024;2024_118_272;sosiaali;2
1501;118/2024;2024_118_272;terveysala;1
1501;118/2024;2024_118_272;koskea;1
1501;118/2024;2024_118_272;mittava;1
1501;118/2024;2024_118_272;tehtävänjakotarkastelu;1
1501;118/2024;2024_118_272;toivottavasti;1
1501;118/2024;2024_118_272;edetä;1
1501;118/2024;2024_118_272;tänne;1
1501;118/2024;2024_118_272;eduskunta;1
1501;118/2024;2024_118_272;ensi;1
1501;118/2024;2024_118_272;pitää;1
1501;118/2024;2024_118_272;ihan;1
1501;118/2024;2024_118_272;paikallaan;2
1501;118/2024;2024_118_272;tieten;1
1501;118/2024;2024_118_272;läpi;1
1501;118/2024;2024_118_272;viesti;1
1501;118/2024;2024_118_272;sali;1
1501;118/2024;2024_118_272;puhua;3
1501;118/2024;2024_118_272;paljon;1
1501;118/2024;2024_118_272;terveyspalvelu;1
1501;118/2024;2024_118_272;edustaja;1
1501;118/2024;2024_118_272;yleensä;1
1501;118/2024;2024_118_272;terveyspuoli;1
1501;118/2024;2024_118_272;sosiaalipuoli;1
1501;118/2024;2024_118_272;suhteen;1
1501;118/2024;2024_118_272;joten;1
1501;118/2024;2024_118_272;toivoa;1
1501;118/2024;2024_118_272;vahvistaa;1
1501;118/2024;2024_118_272;kauttaaltaan;1
1501;118/2024;2024_118_272;koko;1
1501;118/2024;2024_118_272;ala;1
1501;118/2024;2024_118_272;pitovoima;1
1501;118/2024;2024_118_272;nähdä;1
1501;118/2024;2024_118_272;tila;1
1501;118/2024;2024_118_272;helena;1
1501;118/2024;2024_118_272;marttila;1
1501;118/2024;2024_118_272;entä;1
1501;118/2024;2024_118_272;lääkäripula;1
1501;119/2024;2024_119_26;arvoisa;1
1501;119/2024;2024_119_26;puhemies;1
1501;119/2024;2024_119_26;äradtaa;1
1501;119/2024;2024_119_26;talma;1
1501;119/2024;2024_119_26;vården;1
1501;119/2024;2024_119_26;orla;1
1501;119/2024;2024_119_26;ei;1
1501;119/2024;2024_119_26;av;1
1501;119/2024;2024_119_26;de;1
1501;119/2024;2024_119_26;viktigaste;1
1501;119/2024;2024_119_26;frågorna;1
1501;119/2024;2024_119_26;för;3
1501;119/2024;2024_119_26;våra;1
1501;119/2024;2024_119_26;invånare;1
1501;119/2024;2024_119_26;som;2
1501;119/2024;2024_119_26;politiker;1
1501;119/2024;2024_119_26;villä;1
1501;119/2024;2024_119_26;vi;1
1501;119/2024;2024_119_26;sfp;1
1501;119/2024;2024_119_26;komma;1
1501;119/2024;2024_119_26;mitää;1
1501;119/2024;2024_119_26;lösningar;1
1501;119/2024;2024_119_26;ställi;1
1501;119/2024;2024_119_26;atta;1
1501;119/2024;2024_119_26;blicka;1
1501;119/2024;2024_119_26;bakåt;1
1501;119/2024;2024_119_26;och;2
1501;119/2024;2024_119_26;klagata;1
1501;119/2024;2024_119_26;på;2
1501;119/2024;2024_119_26;varandrama;1
1501;119/2024;2024_119_26;dinä;2
1501;119/2024;2024_119_26;hjälpä;1
1501;119/2024;2024_119_26;iinen;1
1501;119/2024;2024_119_26;allra;1
1501;119/2024;2024_119_26;minst;1
1501;119/2024;2024_119_26;den;1
1501;119/2024;2024_119_26;enski;1
1501;119/2024;2024_119_26;finländari;1
1501;119/2024;2024_119_26;sertää;1
1501;119/2024;2024_119_26;sändning;1
1501;119/2024;2024_119_26;undrartaa;1
1501;119/2024;2024_119_26;fåra;1
1501;119/2024;2024_119_26;jag;2
1501;119/2024;2024_119_26;hjälp;1
1501;119/2024;2024_119_26;då;1
1501;119/2024;2024_119_26;behöä;1
1501;127/2024;2024_127_300;arvoisa;2
1501;127/2024;2024_127_300;puhemies;2
1501;127/2024;2024_127_300;värderade;1
1501;127/2024;2024_127_300;talma;1
1501;127/2024;2024_127_300;tämä;12
1501;127/2024;2024_127_300;olla;20
1501;127/2024;2024_127_300;ilta;1
1501;127/2024;2024_127_300;aika;2
1501;127/2024;2024_127_300;hyvä;9
1501;127/2024;2024_127_300;puheenvuoro;2
1501;127/2024;2024_127_300;liittyä;1
1501;127/2024;2024_127_300;lakimuutos;1
1501;127/2024;2024_127_300;haluta;3
1501;127/2024;2024_127_300;aluksi;1
1501;127/2024;2024_127_300;kompata;1
1501;127/2024;2024_127_300;edustaja;2
1501;127/2024;2024_127_300;valtola;2
1501;127/2024;2024_127_300;joka;4
1501;127/2024;2024_127_300;aiemmin;1
1501;127/2024;2024_127_300;pitää;8
1501;127/2024;2024_127_300;ja;10
1501;127/2024;2024_127_300;puhua;3
1501;127/2024;2024_127_300;se;29
1501;127/2024;2024_127_300;miksi;1
1501;127/2024;2024_127_300;lakiesitys;1
1501;127/2024;2024_127_300;tehdä;2
1501;127/2024;2024_127_300;jos;2
1501;127/2024;2024_127_300;katsoa;2
1501;127/2024;2024_127_300;palaute;1
1501;127/2024;2024_127_300;mikä;9
1501;127/2024;2024_127_300;myös;6
1501;127/2024;2024_127_300;valiokunta;4
1501;127/2024;2024_127_300;tulla;2
1501;127/2024;2024_127_300;niin;4
1501;127/2024;2024_127_300;tosiaan;1
1501;127/2024;2024_127_300;kuin;1
1501;127/2024;2024_127_300;moni;1
1501;127/2024;2024_127_300;nostaa;1
1501;127/2024;2024_127_300;esiin;3
1501;127/2024;2024_127_300;varsinkin;1
1501;127/2024;2024_127_300;oppositio;1
1501;127/2024;2024_127_300;hyvin;3
1501;127/2024;2024_127_300;kriittinen;1
1501;127/2024;2024_127_300;mutta;1
1501;127/2024;2024_127_300;pitkälti;1
1501;127/2024;2024_127_300;johtua;1
1501;127/2024;2024_127_300;juuri;3
1501;127/2024;2024_127_300;että;19
1501;127/2024;2024_127_300;rahoitus;1
1501;127/2024;2024_127_300;viedä;1
1501;127/2024;2024_127_300;pois;1
1501;127/2024;2024_127_300;hyvinvointialue;4
1501;127/2024;2024_127_300;ei;2
1501;127/2024;2024_127_300;suoraan;1
1501;127/2024;2024_127_300;hoitotakuu;2
1501;127/2024;2024_127_300;lähteä;4
1501;127/2024;2024_127_300;purkaa;1
1501;127/2024;2024_127_300;takia;2
1501;127/2024;2024_127_300;suorapuheinen;1
1501;127/2024;2024_127_300;kommentti;1
1501;127/2024;2024_127_300;sanoa;2
1501;127/2024;2024_127_300;julkinen;1
1501;127/2024;2024_127_300;talous;1
1501;127/2024;2024_127_300;tilanne;1
1501;127/2024;2024_127_300;heikko;1
1501;127/2024;2024_127_300;pakko;3
1501;127/2024;2024_127_300;sote-palvelu;1
1501;127/2024;2024_127_300;tarkistaa;1
1501;127/2024;2024_127_300;kohta;1
1501;127/2024;2024_127_300;voida;2
1501;127/2024;2024_127_300;saada;3
1501;127/2024;2024_127_300;säästö;1
1501;127/2024;2024_127_300;aikaiseksi;1
1501;127/2024;2024_127_300;sitten;2
1501;127/2024;2024_127_300;todeta;2
1501;127/2024;2024_127_300;kuuleminen;2
1501;127/2024;2024_127_300;nousta;2
1501;127/2024;2024_127_300;ajatus;1
1501;127/2024;2024_127_300;tapa;5
1501;127/2024;2024_127_300;minä;14
1501;127/2024;2024_127_300;ohjata;2
1501;127/2024;2024_127_300;laki;2
1501;127/2024;2024_127_300;vaikka;1
1501;127/2024;2024_127_300;keino;1
1501;127/2024;2024_127_300;täällä;1
1501;127/2024;2024_127_300;eduskuntatalo;1
1501;127/2024;2024_127_300;käyttää;1
1501;127/2024;2024_127_300;vahva;1
1501;127/2024;2024_127_300;tosiasia;1
1501;127/2024;2024_127_300;johtaa;2
1501;127/2024;2024_127_300;vuokrahenkilöstö;1
1501;127/2024;2024_127_300;käyttö;3
1501;127/2024;2024_127_300;yleistyä;1
1501;127/2024;2024_127_300;taas;1
1501;127/2024;2024_127_300;kustannus;1
1501;127/2024;2024_127_300;kasvaa;1
1501;127/2024;2024_127_300;kuitenkin;1
1501;127/2024;2024_127_300;hallitus;2
1501;127/2024;2024_127_300;nyt;3
1501;127/2024;2024_127_300;edistää;1
1501;127/2024;2024_127_300;omalääkärimalli;5
1501;127/2024;2024_127_300;valtakunnallisesti;4
1501;127/2024;2024_127_300;uskoa;1
1501;127/2024;2024_127_300;kaikki;1
1501;127/2024;2024_127_300;sali;1
1501;127/2024;2024_127_300;perusterveydenhuolto;1
1501;127/2024;2024_127_300;toimia;1
1501;127/2024;2024_127_300;itse;4
1501;127/2024;2024_127_300;avaus;1
1501;127/2024;2024_127_300;jälleen;1
1501;127/2024;2024_127_300;kerran;1
1501;127/2024;2024_127_300;toden;1
1501;127/2024;2024_127_300;teko;1
1501;127/2024;2024_127_300;kehittää;3
1501;127/2024;2024_127_300;lausuma;1
1501;127/2024;2024_127_300;esitys;1
1501;127/2024;2024_127_300;tärkeä;1
1501;127/2024;2024_127_300;keskustelu;1
1501;127/2024;2024_127_300;kun;2
1501;127/2024;2024_127_300;enemmän;2
1501;127/2024;2024_127_300;palvelukoneisto;1
1501;127/2024;2024_127_300;ehkä;1
1501;127/2024;2024_127_300;järkevä;1
1501;127/2024;2024_127_300;päästä;2
1501;127/2024;2024_127_300;suora;1
1501;127/2024;2024_127_300;lainsäädännöllinen;1
1501;127/2024;2024_127_300;kirjaus;1
1501;127/2024;2024_127_300;tavoite;3
1501;127/2024;2024_127_300;jotta;1
1501;127/2024;2024_127_300;oikeasti;1
1501;127/2024;2024_127_300;mahdollisuus;1
1501;127/2024;2024_127_300;palvelu;1
1501;127/2024;2024_127_300;miettiä;1
1501;127/2024;2024_127_300;valtakunnallinen;1
1501;127/2024;2024_127_300;nähdä;1
1501;127/2024;2024_127_300;asia;1
1501;127/2024;2024_127_300;ottaa;3
1501;127/2024;2024_127_300;esimerkiksi;1
1501;127/2024;2024_127_300;vaikkapa;1
1501;127/2024;2024_127_300;norja;1
1501;127/2024;2024_127_300;muutama;1
1501;127/2024;2024_127_300;vuosi;2
1501;127/2024;2024_127_300;siellä;1
1501;127/2024;2024_127_300;mennä;2
1501;127/2024;2024_127_300;kaksi;1
1501;127/2024;2024_127_300;hallituskausi;1
1501;127/2024;2024_127_300;vielä;2
1501;127/2024;2024_127_300;jäljellä;1
1501;127/2024;2024_127_300;aina;2
1501;127/2024;2024_127_300;käynnistää;1
1501;127/2024;2024_127_300;laadukas;1
1501;127/2024;2024_127_300;toimiva;1
1501;127/2024;2024_127_300;mahdollistaa;1
1501;127/2024;2024_127_300;tarvita;1
1501;127/2024;2024_127_300;tavata;1
1501;127/2024;2024_127_300;uusi;1
1501;127/2024;2024_127_300;lääkäri;2
1501;127/2024;2024_127_300;vastaanotto;1
1501;127/2024;2024_127_300;nosto;1
1501;127/2024;2024_127_300;syksy;1
1501;127/2024;2024_127_300;julkisuus;1
1501;127/2024;2024_127_300;erittäin;1
1501;12/2025;2025_12_18;arvoisa;1
1501;12/2025;2025_12_18;puhemies;1
1501;12/2025;2025_12_18;me;2
1501;12/2025;2025_12_18;ruotsalainen;1
1501;12/2025;2025_12_18;eduskuntaryhmä;1
1501;12/2025;2025_12_18;katsoa;1
1501;12/2025;2025_12_18;että;2
1501;12/2025;2025_12_18;ennaltaehkäisevä;1
1501;12/2025;2025_12_18;toimi;1
1501;12/2025;2025_12_18;ja;3
1501;12/2025;2025_12_18;joustava;1
1501;12/2025;2025_12_18;ratkaisu;1
1501;12/2025;2025_12_18;tulla;1
1501;12/2025;2025_12_18;olla;3
1501;12/2025;2025_12_18;vanhushoiva;1
1501;12/2025;2025_12_18;keskiö;1
1501;12/2025;2025_12_18;tärkeä;1
1501;12/2025;2025_12_18;jokainen;1
1501;12/2025;2025_12_18;vanhus;1
1501;12/2025;2025_12_18;saada;1
1501;12/2025;2025_12_18;tarvitsema;1
1501;12/2025;2025_12_18;hoito;1
1501;12/2025;2025_12_18;hoivata;1
1501;12/2025;2025_12_18;juuri;1
1501;12/2025;2025_12_18;hän;1
1501;12/2025;2025_12_18;parhaiten;1
1501;12/2025;2025_12_18;sopiva;1
1501;12/2025;2025_12_18;tapa;1
1501;12/2025;2025_12_18;kaikki;1
1501;12/2025;2025_12_18;saatava;1
1501;12/2025;2025_12_18;ikääntyä;1
1501;12/2025;2025_12_18;arvokas;1
1501;12/2025;2025_12_18;turvallinen;1
1501;46/2025;2025_46_24;arvoisa;1
1501;46/2025;2025_46_24;puhemies;1
1501;46/2025;2025_46_24;hallitus;3
1501;46/2025;2025_46_24;kehysriihipäätös;1
1501;46/2025;2025_46_24;olla;6
1501;46/2025;2025_46_24;keskeinen;1
1501;46/2025;2025_46_24;talouskasvu;2
1501;46/2025;2025_46_24;luoda;1
1501;46/2025;2025_46_24;ja;7
1501;46/2025;2025_46_24;kansalainen;1
1501;46/2025;2025_46_24;arki;1
1501;46/2025;2025_46_24;parantaa;1
1501;46/2025;2025_46_24;vahva;1
1501;46/2025;2025_46_24;ostovoima;1
1501;46/2025;2025_46_24;kausi;1
1501;46/2025;2025_46_24;talous;2
1501;46/2025;2025_46_24;myös;2
1501;46/2025;2025_46_24;psykologia;1
1501;46/2025;2025_46_24;me;1
1501;46/2025;2025_46_24;tarvita;3
1501;46/2025;2025_46_24;nyt;3
1501;46/2025;2025_46_24;luottamus;1
1501;46/2025;2025_46_24;tulevaisuus;1
1501;46/2025;2025_46_24;ruotsalainen;1
1501;46/2025;2025_46_24;eduskuntaryhmä;1
1501;46/2025;2025_46_24;katsoa;1
1501;46/2025;2025_46_24;että;3
1501;46/2025;2025_46_24;suomi;2
1501;46/2025;2025_46_24;yhteinenkunnallinen;1
1501;46/2025;2025_46_24;ilmapiiri;1
1501;46/2025;2025_46_24;joka;1
1501;46/2025;2025_46_24;yrittää;1
1501;46/2025;2025_46_24;kannustaa;1
1501;46/2025;2025_46_24;haluta;1
1501;46/2025;2025_46_24;palkata;1
1501;46/2025;2025_46_24;työntekijä;1
1501;46/2025;2025_46_24;investoida;1
1501;46/2025;2025_46_24;näin;1
1501;46/2025;2025_46_24;vahvistaa;1
1501;46/2025;2025_46_24;maa;1
1501;46/2025;2025_46_24;hyvinvointi;1
1501;46/2025;2025_46_24;pitkä;1
1501;46/2025;2025_46_24;tähtäin;1
1501;46/2025;2025_46_24;ei;2
1501;46/2025;2025_46_24;oltu;1
1501;46/2025;2025_46_24;kunnollinen;1
1501;46/2025;2025_46_24;vuosi;1
1501;46/2025;2025_46_24;siksi;1
1501;46/2025;2025_46_24;toimenpide;1
1501;46/2025;2025_46_24;joki;1
1501;46/2025;2025_46_24;ratas;1
1501;46/2025;2025_46_24;saada;1
1501;46/2025;2025_46_24;pyörimä;1
1501;46/2025;2025_46_24;lisä;1
1501;46/2025;2025_46_24;työnteko;2
1501;46/2025;2025_46_24;kannustin;1
1501;46/2025;2025_46_24;tuntuvilla;1
1501;46/2025;2025_46_24;tuloveroalennus;2
1501;46/2025;2025_46_24;nämä;1
1501;46/2025;2025_46_24;jakaantua;1
1501;46/2025;2025_46_24;oikeudenmukainen;1
1501;46/2025;2025_46_24;siten;1
1501;46/2025;2025_46_24;ne;1
1501;46/2025;2025_46_24;tuntua;1
1501;46/2025;2025_46_24;pieni;1
1501;46/2025;2025_46_24;keskituloinen;1
1501;46/2025;2025_46_24;kukkaro;1
1501;46/2025;2025_46_24;rkp;1
1501;46/2025;2025_46_24;johdonmukainen;1
1501;46/2025;2025_46_24;korostanut;1
1501;46/2025;2025_46_24;se;2
1501;46/2025;2025_46_24;työ;1
1501;46/2025;2025_46_24;vastaanottaa;1
1501;46/2025;2025_46_24;tulla;1
1501;46/2025;2025_46_24;aina;1
1501;46/2025;2025_46_24;kannattava;1
1501;46/2025;2025_46_24;sosiaalidemokraatti;1
1501;46/2025;2025_46_24;kritiikki;1
1501;46/2025;2025_46_24;kohdata;1
1501;46/2025;2025_46_24;hämmentävä;1
1501;46/2025;2025_46_24;varsi;1
1501;46/2025;2025_46_24;kun;2
1501;46/2025;2025_46_24;puolue;1
1501;46/2025;2025_46_24;viime;1
1501;46/2025;2025_46_24;syksy;1
1501;46/2025;2025_46_24;ehdottaa;2
1501;46/2025;2025_46_24;tuloverotus;1
1501;46/2025;2025_46_24;keventämä;1
1501;46/2025;2025_46_24;alentaa;1
1501;46/2025;2025_46_24;palkansaaja;1
1501;46/2025;2025_46_24;verotus;1
1501;46/2025;2025_46_24;jo;1
1501;46/2025;2025_46_24;enemmän;1
1501;46/2025;2025_46_24;kuin;1
1501;46/2025;2025_46_24;sdp;1
1501;46/2025;2025_46_24;kelvata;1
1501;64/2025;2025_64_19;arvoisa;1
1501;64/2025;2025_64_19;puhemies;1
1501;64/2025;2025_64_19;jatkuva;1
1501;64/2025;2025_64_19;keskittyä;1
1501;64/2025;2025_64_19;ongelma;1
1501;64/2025;2025_64_19;johtaa;1
1501;64/2025;2025_64_19;harva;1
1501;64/2025;2025_64_19;parannus;1
1501;64/2025;2025_64_19;ellei;1
1501;64/2025;2025_64_19;uskaltaa;2
1501;64/2025;2025_64_19;ehdottaa;1
1501;64/2025;2025_64_19;ja;6
1501;64/2025;2025_64_19;ryhtyä;1
1501;64/2025;2025_64_19;konkreettinen;1
1501;64/2025;2025_64_19;toimi;2
1501;64/2025;2025_64_19;juuri;1
1501;64/2025;2025_64_19;niittää;1
1501;64/2025;2025_64_19;tämä;1
1501;64/2025;2025_64_19;hallitus;2
1501;64/2025;2025_64_19;olla;3
1501;64/2025;2025_64_19;toimittanut;1
1501;64/2025;2025_64_19;kahdeksan;1
1501;64/2025;2025_64_19;heikko;1
1501;64/2025;2025_64_19;kasvu;1
1501;64/2025;2025_64_19;vuosi;1
1501;64/2025;2025_64_19;jälki;1
1501;64/2025;2025_64_19;näyttänyt;1
1501;64/2025;2025_64_19;päättäväisyys;1
1501;64/2025;2025_64_19;suomi;2
1501;64/2025;2025_64_19;talous;2
1501;64/2025;2025_64_19;haluta;1
1501;64/2025;2025_64_19;laittaa;1
1501;64/2025;2025_64_19;liike;1
1501;64/2025;2025_64_19;veronalennus;1
1501;64/2025;2025_64_19;yritys;2
1501;64/2025;2025_64_19;koskeva;1
1501;64/2025;2025_64_19;uudistus;1
1501;64/2025;2025_64_19;lapsi;1
1501;64/2025;2025_64_19;hyvinvointi;2
1501;64/2025;2025_64_19;tehtävä;1
1501;64/2025;2025_64_19;panostus;1
1501;64/2025;2025_64_19;ei;1
1501;64/2025;2025_64_19;teoria;1
1501;64/2025;2025_64_19;vaan;1
1501;64/2025;2025_64_19;suora;1
1501;64/2025;2025_64_19;ihminen;3
1501;64/2025;2025_64_19;arki;2
1501;64/2025;2025_64_19;puoliväliriihi;1
1501;64/2025;2025_64_19;tehdä;1
1501;64/2025;2025_64_19;päätös;2
1501;64/2025;2025_64_19;joka;2
1501;64/2025;2025_64_19;aito;1
1501;64/2025;2025_64_19;vauhdittaa;1
1501;64/2025;2025_64_19;maa;1
1501;64/2025;2025_64_19;parantaa;1
1501;64/2025;2025_64_19;ostovoima;1
1501;64/2025;2025_64_19;vahvistama;1
1501;64/2025;2025_64_19;mikä;1
1501;64/2025;2025_64_19;luo;1
1501;64/2025;2025_64_19;usko;1
1501;64/2025;2025_64_19;tulevaisuus;2
1501;64/2025;2025_64_19;kun;1
1501;64/2025;2025_64_19;luottaa;1
1501;64/2025;2025_64_19;he;1
1501;64/2025;2025_64_19;myös;1
1501;64/2025;2025_64_19;panostaa;1
1501;64/2025;2025_64_19;se;1
1501;64/2025;2025_64_19;kuluttaa;1
1501;64/2025;2025_64_19;luoda;1
1501;64/2025;2025_64_19;uusi;1
1501;64/2025;2025_64_19;ruotsalainen;1
1501;64/2025;2025_64_19;eduskuntaryhmä;1
1501;64/2025;2025_64_19;mieli;1
1501;64/2025;2025_64_19;tarvita;1
1501;64/2025;2025_64_19;sellainen;1
1501;64/2025;2025_64_19;ilmapiiri;1
1501;64/2025;2025_64_19;työnteko;1
1501;64/2025;2025_64_19;perustaa;1
1501;64/2025;2025_64_19;investoida;1
1501;64/2025;2025_64_19;kannattava;1
1501;64/2025;2025_64_19;siten;1
1501;64/2025;2025_64_19;turvaamme;1
1501;64/2025;2025_64_19;pitkä;1
1501;64/2025;2025_64_19;aikaväli;1
1501;96/2025;2025_96_19;arvoisa;1
1501;96/2025;2025_96_19;puhemies;1
1501;96/2025;2025_96_19;me;2
1501;96/2025;2025_96_19;kaikki;2
1501;96/2025;2025_96_19;täällä;1
1501;96/2025;2025_96_19;sali;1
1501;96/2025;2025_96_19;olla;9
1501;96/2025;2025_96_19;yksi;1
1501;96/2025;2025_96_19;mieli;1
1501;96/2025;2025_96_19;siitä;1
1501;96/2025;2025_96_19;että;1
1501;96/2025;2025_96_19;suomi;2
1501;96/2025;2025_96_19;työllisyystila;1
1501;96/2025;2025_96_19;juuri;1
1501;96/2025;2025_96_19;nyt;1
1501;96/2025;2025_96_19;vaikea;1
1501;96/2025;2025_96_19;tilasto;1
1501;96/2025;2025_96_19;ei;4
1501;96/2025;2025_96_19;vain;1
1501;96/2025;2025_96_19;luku;1
1501;96/2025;2025_96_19;vaan;1
1501;96/2025;2025_96_19;ne;1
1501;96/2025;2025_96_19;takana;1
1501;96/2025;2025_96_19;aina;1
1501;96/2025;2025_96_19;oieta;1
1501;96/2025;2025_96_19;ihminen;2
1501;96/2025;2025_96_19;nuori;1
1501;96/2025;2025_96_19;joka;4
1501;96/2025;2025_96_19;haluta;2
1501;96/2025;2025_96_19;ottaa;1
1501;96/2025;2025_96_19;ensimmäinen;1
1501;96/2025;2025_96_19;askel;1
1501;96/2025;2025_96_19;työelämä;1
1501;96/2025;2025_96_19;tai;2
1501;96/2025;2025_96_19;perhe;1
1501;96/2025;2025_96_19;yrittää;1
1501;96/2025;2025_96_19;saada;2
1501;96/2025;2025_96_19;arki;1
1501;96/2025;2025_96_19;toimimaa;1
1501;96/2025;2025_96_19;kokenut;1
1501;96/2025;2025_96_19;työntekijä;1
1501;96/2025;2025_96_19;antaa;1
1501;96/2025;2025_96_19;pano;1
1501;96/2025;2025_96_19;mutta;1
1501;96/2025;2025_96_19;se;4
1501;96/2025;2025_96_19;mahdollisuus;1
1501;96/2025;2025_96_19;tila;1
1501;96/2025;2025_96_19;vakava;2
1501;96/2025;2025_96_19;ja;5
1501;96/2025;2025_96_19;koskettaa;1
1501;96/2025;2025_96_19;koko;2
1501;96/2025;2025_96_19;yhteiskuntaamme;1
1501;96/2025;2025_96_19;suhtauduttava;1
1501;96/2025;2025_96_19;hyvä;1
1501;96/2025;2025_96_19;nöyryys;1
1501;96/2025;2025_96_19;kunnioitus;1
1501;96/2025;2025_96_19;niittää;1
1501;96/2025;2025_96_19;kohdata;1
1501;96/2025;2025_96_19;koskea;1
1501;96/2025;2025_96_19;sama;1
1501;96/2025;2025_96_19;työttömyys;1
1501;96/2025;2025_96_19;syy;1
1501;96/2025;2025_96_19;puhuttava;1
1501;96/2025;2025_96_19;suora;1
1501;96/2025;2025_96_19;maailmantila;1
1501;96/2025;2025_96_19;vaikuttaa;1
1501;96/2025;2025_96_19;enemmän;2
1501;96/2025;2025_96_19;kuin;1
1501;96/2025;2025_96_19;koskaan;1
1501;96/2025;2025_96_19;aiempi;1
1501;96/2025;2025_96_19;ukraina;1
1501;96/2025;2025_96_19;sota;1
1501;96/2025;2025_96_19;kauppa;1
1501;96/2025;2025_96_19;epävarmuus;1
1501;96/2025;2025_96_19;vienti;1
1501;96/2025;2025_96_19;heikentyä;1
1501;96/2025;2025_96_19;kärsiä;1
1501;96/2025;2025_96_19;tämä;1
1501;96/2025;2025_96_19;moni;2
1501;96/2025;2025_96_19;muu;1
1501;96/2025;2025_96_19;maa;2
1501;96/2025;2025_96_19;koska;1
1501;96/2025;2025_96_19;oltu;1
1501;96/2025;2025_96_19;talouskasvu;1
1501;96/2025;2025_96_19;vuosi;1
1501;96/2025;2025_96_19;kun;2
1501;96/2025;2025_96_19;yritys;1
1501;96/2025;2025_96_19;epäröidä;1
1501;96/2025;2025_96_19;investoida;1
1501;96/2025;2025_96_19;huoli;1
1501;96/2025;2025_96_19;säästää;1
1501;96/2025;2025_96_19;kuluttaa;1
1501;96/2025;2025_96_19;sija;1
1501;96/2025;2025_96_19;talous;1
1501;96/2025;2025_96_19;sakka;1
