speaker_id;session;speech_id;word;word_n
1348;14/2015;2015_14_93;arvoisa;3
1348;14/2015;2015_14_93;herra;1
1348;14/2015;2015_14_93;puhemies;3
1348;14/2015;2015_14_93;kaikki;1
1348;14/2015;2015_14_93;hyvinvointi;2
1348;14/2015;2015_14_93;tämä;14
1348;14/2015;2015_14_93;maa;4
1348;14/2015;2015_14_93;nousta;2
1348;14/2015;2015_14_93;lopulta;1
1348;14/2015;2015_14_93;työ;2
1348;14/2015;2015_14_93;ja;19
1348;14/2015;2015_14_93;se;12
1348;14/2015;2015_14_93;tuottavuus;1
1348;14/2015;2015_14_93;hallitusohjelma;1
1348;14/2015;2015_14_93;luoda;2
1348;14/2015;2015_14_93;erittäin;1
1348;14/2015;2015_14_93;vahva;1
1348;14/2015;2015_14_93;pohja;2
1348;14/2015;2015_14_93;sali;1
1348;14/2015;2015_14_93;olla;23
1348;14/2015;2015_14_93;käyttää;1
1348;14/2015;2015_14_93;paljon;1
1348;14/2015;2015_14_93;hieno;1
1348;14/2015;2015_14_93;puheenvuoro;1
1348;14/2015;2015_14_93;ohjelma;5
1348;14/2015;2015_14_93;positiivinen;2
1348;14/2015;2015_14_93;vaikutus;3
1348;14/2015;2015_14_93;myös;4
1348;14/2015;2015_14_93;oppositio;1
1348;14/2015;2015_14_93;antaa;1
1348;14/2015;2015_14_93;rakentava;1
1348;14/2015;2015_14_93;kritiikki;1
1348;14/2015;2015_14_93;vaikka;2
1348;14/2015;2015_14_93;vain;1
1348;14/2015;2015_14_93;vähäinen;1
1348;14/2015;2015_14_93;määrin;1
1348;14/2015;2015_14_93;haluta;2
1348;14/2015;2015_14_93;nostaa;1
1348;14/2015;2015_14_93;esiin;1
1348;14/2015;2015_14_93;eräs;1
1348;14/2015;2015_14_93;näkökulma;1
1348;14/2015;2015_14_93;joka;1
1348;14/2015;2015_14_93;voida;5
1348;14/2015;2015_14_93;toteutua;1
1348;14/2015;2015_14_93;osa;3
1348;14/2015;2015_14_93;vauhdittaa;1
1348;14/2015;2015_14_93;suomi;2
1348;14/2015;2015_14_93;talouskasvu;1
1348;14/2015;2015_14_93;intohimoinen;1
1348;14/2015;2015_14_93;kalamies;1
1348;14/2015;2015_14_93;matkailuelinkeino;1
1348;14/2015;2015_14_93;puolestapuhuja;1
1348;14/2015;2015_14_93;tyytyväinen;1
1348;14/2015;2015_14_93;että;6
1348;14/2015;2015_14_93;juha;2
1348;14/2015;2015_14_93;sipilä;2
1348;14/2015;2015_14_93;hallitus;3
1348;14/2015;2015_14_93;sitoutua;1
1348;14/2015;2015_14_93;toteuttaa;1
1348;14/2015;2015_14_93;lohi;5
1348;14/2015;2015_14_93;meritaimenstrategia;1
1348;14/2015;2015_14_93;sekä;4
1348;14/2015;2015_14_93;mikä;2
1348;14/2015;2015_14_93;tärkeä;2
1348;14/2015;2015_14_93;toimeenpanna;1
1348;14/2015;2015_14_93;kalatiestrategia;3
1348;14/2015;2015_14_93;linjaus;1
1348;14/2015;2015_14_93;myötä;2
1348;14/2015;2015_14_93;palauttaminen;2
1348;14/2015;2015_14_93;kemi;1
1348;14/2015;2015_14_93;ounasjoki;1
1348;14/2015;2015_14_93;vesistöalue;1
1348;14/2015;2015_14_93;esimerkiksi;1
1348;14/2015;2015_14_93;iijoki;1
1348;14/2015;2015_14_93;lähempänä;1
1348;14/2015;2015_14_93;kuin;4
1348;14/2015;2015_14_93;koskaan;1
1348;14/2015;2015_14_93;aikaisemmin;1
1348;14/2015;2015_14_93;tavoite;1
1348;14/2015;2015_14_93;uhanalainen;1
1348;14/2015;2015_14_93;vaarantua;1
1348;14/2015;2015_14_93;vaelluskalakanta;3
1348;14/2015;2015_14_93;elinvoimaisuus;1
1348;14/2015;2015_14_93;vahvistaminen;1
1348;14/2015;2015_14_93;kestävä;3
1348;14/2015;2015_14_93;tapa;2
1348;14/2015;2015_14_93;toteuttaminen;2
1348;14/2015;2015_14_93;vaellusyhteys;1
1348;14/2015;2015_14_93;jo;4
1348;14/2015;2015_14_93;rakentaa;1
1348;14/2015;2015_14_93;vesistö;2
1348;14/2015;2015_14_93;kalatie;2
1348;14/2015;2015_14_93;mahdollistaa;2
1348;14/2015;2015_14_93;vaelluskala;3
1348;14/2015;2015_14_93;nousu;1
1348;14/2015;2015_14_93;joki;2
1348;14/2015;2015_14_93;edellytys;1
1348;14/2015;2015_14_93;myönteinen;1
1348;14/2015;2015_14_93;yhteiskunnallinen;1
1348;14/2015;2015_14_93;taloudellinen;2
1348;14/2015;2015_14_93;kehittyminen;1
1348;14/2015;2015_14_93;kalastus;1
1348;14/2015;2015_14_93;järjestäminen;1
1348;14/2015;2015_14_93;ilman;1
1348;14/2015;2015_14_93;luontainen;2
1348;14/2015;2015_14_93;lisääntymiskierto;1
1348;14/2015;2015_14_93;ei;4
1348;14/2015;2015_14_93;ylläpitää;1
1348;14/2015;2015_14_93;kalakanta;2
1348;14/2015;2015_14_93;elinvoimainen;1
1348;14/2015;2015_14_93;istukas;1
1348;14/2015;2015_14_93;tuottaminen;1
1348;14/2015;2015_14_93;kalanviljely;1
1348;14/2015;2015_14_93;aiheuttaa;1
1348;14/2015;2015_14_93;pitkä;1
1348;14/2015;2015_14_93;aikaväli;1
1348;14/2015;2015_14_93;geneettinen;1
1348;14/2015;2015_14_93;muutos;1
1348;14/2015;2015_14_93;elinkyky;2
1348;14/2015;2015_14_93;heikkeneminen;1
1348;14/2015;2015_14_93;elinkierto;1
1348;14/2015;2015_14_93;poikanen;1
1348;14/2015;2015_14_93;syntyminen;1
1348;14/2015;2015_14_93;luonnonvalinta;1
1348;14/2015;2015_14_93;seuraus;1
1348;14/2015;2015_14_93;edistää;1
1348;14/2015;2015_14_93;parantaa;1
1348;14/2015;2015_14_93;kyse;1
1348;14/2015;2015_14_93;vanha;1
1348;14/2015;2015_14_93;vääryys;2
1348;14/2015;2015_14_93;korjaaminen;2
1348;14/2015;2015_14_93;vesivoimarakentaminen;1
1348;14/2015;2015_14_93;aika;1
1348;14/2015;2015_14_93;välttämätön;1
1348;14/2015;2015_14_93;tuoda;2
1348;14/2015;2015_14_93;mukana;1
1348;14/2015;2015_14_93;poistaa;1
1348;14/2015;2015_14_93;tosiseikka;1
1348;14/2015;2015_14_93;tuhoutuminen;1
1348;14/2015;2015_14_93;suuri;2
1348;14/2015;2015_14_93;minä;1
1348;14/2015;2015_14_93;tulla;3
1348;14/2015;2015_14_93;huolehtia;1
1348;14/2015;2015_14_93;rakentaminen;1
1348;14/2015;2015_14_93;tuolloin;1
1348;14/2015;2015_14_93;onni;1
1348;14/2015;2015_14_93;asiantila;1
1348;14/2015;2015_14_93;oma;1
1348;14/2015;2015_14_93;käsi;1
1348;14/2015;2015_14_93;pystyä;1
1348;14/2015;2015_14_93;määrätietoinen;1
1348;14/2015;2015_14_93;pitkäjänteinen;1
1348;14/2015;2015_14_93;mieli;1
1348;14/2015;2015_14_93;vesivoima;1
1348;14/2015;2015_14_93;lisärakentaminen;1
1348;14/2015;2015_14_93;edes;1
1348;14/2015;2015_14_93;keskustella;1
1348;14/2015;2015_14_93;ennen;1
1348;14/2015;2015_14_93;palauttaa;1
1348;14/2015;2015_14_93;aidosti;1
1348;14/2015;2015_14_93;valjastaa;2
1348;14/2015;2015_14_93;vähä;1
1348;14/2015;2015_14_93;vesivoimayhtiö;1
1348;14/2015;2015_14_93;valtio;1
1348;14/2015;2015_14_93;tilanne;1
1348;14/2015;2015_14_93;edellyttää;1
1348;14/2015;2015_14_93;samalla;1
1348;14/2015;2015_14_93;tarkastella;1
1348;14/2015;2015_14_93;yhtiö;1
1348;14/2015;2015_14_93;asettaa;1
1348;14/2015;2015_14_93;kalatalousvelvoite;1
1348;14/2015;2015_14_93;uudelleen;1
1348;14/2015;2015_14_93;laatia;1
1348;14/2015;2015_14_93;selvitys;1
1348;14/2015;2015_14_93;mukaan;1
1348;14/2015;2015_14_93;velvoite;1
1348;14/2015;2015_14_93;nykytietämys;1
1348;14/2015;2015_14_93;valo;1
1348;14/2015;2015_14_93;todella;1
1348;14/2015;2015_14_93;pieni;2
1348;14/2015;2015_14_93;kemijoki;1
1348;14/2015;2015_14_93;kerta;1
1348;14/2015;2015_14_93;niin;2
1348;14/2015;2015_14_93;tosiasia;1
1348;14/2015;2015_14_93;paikallinen;1
1348;14/2015;2015_14_93;ihminen;1
1348;14/2015;2015_14_93;elinolo;1
1348;14/2015;2015_14_93;elinkeino;1
1348;14/2015;2015_14_93;viihtyvyys;1
1348;14/2015;2015_14_93;arvo;1
1348;14/2015;2015_14_93;jokivarsi;1
1348;14/2015;2015_14_93;kunta;1
1348;14/2015;2015_14_93;muodostua;1
1348;14/2015;2015_14_93;yhä;1
1348;14/2015;2015_14_93;haluttu;1
1348;14/2015;2015_14_93;asuminen;2
1348;14/2015;2015_14_93;vapaa-aika;1
1348;14/2015;2015_14_93;kohde;1
1348;14/2015;2015_14_93;kalastusmatkailu;2
1348;14/2015;2015_14_93;puolesta;1
1348;14/2015;2015_14_93;kehittää;1
1348;14/2015;2015_14_93;aivan;1
1348;14/2015;2015_14_93;uudenlainen;1
1348;14/2015;2015_14_93;tuote;1
1348;14/2015;2015_14_93;ruotsi;1
1348;14/2015;2015_14_93;arvioida;1
1348;14/2015;2015_14_93;miljoona;1
1348;14/2015;2015_14_93;euro;1
1348;14/2015;2015_14_93;vientitulo;1
1348;14/2015;2015_14_93;valitettavasti;1
1348;14/2015;2015_14_93;jäljessä;1
1348;14/2015;2015_14_93;kehitys;1
1348;14/2015;2015_14_93;rikkaus;1
1348;14/2015;2015_14_93;mahdollisuus;1
1348;14/2015;2015_14_93;kannattaa;1
1348;14/2015;2015_14_93;jättää;2
1348;14/2015;2015_14_93;hyödyntää;1
1348;14/2015;2015_14_93;luonnonkierto;1
1348;14/2015;2015_14_93;mukaisesti;1
1348;14/2015;2015_14_93;elävä;1
1348;14/2015;2015_14_93;kalastuskelpoinen;1
1348;14/2015;2015_14_93;meritaimenkanta;1
1348;14/2015;2015_14_93;kansainvälisesti;1
1348;14/2015;2015_14_93;ylpeä;1
1348;14/2015;2015_14_93;toivoa;1
1348;14/2015;2015_14_93;sydän;1
1348;14/2015;2015_14_93;koko;1
1348;14/2015;2015_14_93;eduskunta;1
1348;14/2015;2015_14_93;vastata;1
1348;14/2015;2015_14_93;haaste;1
1348;14/2015;2015_14_93;ponnistella;1
1348;14/2015;2015_14_93;yhdessä;1
1348;14/2015;2015_14_93;eteen;1
1348;14/2015;2015_14_93;palata;1
1348;14/2015;2015_14_93;lähitulevaisuus;1
1348;14/2015;2015_14_93;todistaa;1
1348;14/2015;2015_14_93;hyvä;1
1348;14/2015;2015_14_93;kunto;1
1348;14/2015;2015_14_93;jälkipolvi;1
1348;14/2015;2015_14_93;itse;1
1348;14/2015;2015_14_93;saada;1
1348;21/2015;2015_21_15;arvoisa;1
1348;21/2015;2015_21_15;rouva;1
1348;21/2015;2015_21_15;puhemies;1
1348;21/2015;2015_21_15;edustaja;2
1348;21/2015;2015_21_15;myllykoski;2
1348;21/2015;2015_21_15;tuossa;1
1348;21/2015;2015_21_15;peräänkuuluttaa;1
1348;21/2015;2015_21_15;ja;1
1348;21/2015;2015_21_15;haluta;1
1348;21/2015;2015_21_15;tietää;1
1348;21/2015;2015_21_15;pääministeri;1
1348;21/2015;2015_21_15;sipilä;1
1348;21/2015;2015_21_15;vaurastuminen;1
1348;21/2015;2015_21_15;tie;1
1348;21/2015;2015_21_15;suositella;1
1348;21/2015;2015_21_15;risto;1
1348;21/2015;2015_21_15;uimonen;1
1348;21/2015;2015_21_15;olla;1
1348;21/2015;2015_21_15;tulla;1
1348;21/2015;2015_21_15;erinomainen;1
1348;21/2015;2015_21_15;kirja;1
1348;55/2015;2015_55_147;arvoisa;1
1348;55/2015;2015_55_147;puhemies;1
1348;55/2015;2015_55_147;aivan;1
1348;55/2015;2015_55_147;ensimmäinen;1
1348;55/2015;2015_55_147;haluta;1
1348;55/2015;2015_55_147;kiittää;1
1348;55/2015;2015_55_147;perustuslakivaliokunta;1
1348;55/2015;2015_55_147;se;6
1348;55/2015;2015_55_147;tehdä;1
1348;55/2015;2015_55_147;erittäin;2
1348;55/2015;2015_55_147;perusteellinen;1
1348;55/2015;2015_55_147;työ;1
1348;55/2015;2015_55_147;ymmärtää;1
1348;55/2015;2015_55_147;myös;3
1348;55/2015;2015_55_147;tämä;7
1348;55/2015;2015_55_147;edustaja;2
1348;55/2015;2015_55_147;niinistö;2
1348;55/2015;2015_55_147;tuska;1
1348;55/2015;2015_55_147;asia;2
1348;55/2015;2015_55_147;suhteen;1
1348;55/2015;2015_55_147;ja;9
1348;55/2015;2015_55_147;kanta;1
1348;55/2015;2015_55_147;että;6
1348;55/2015;2015_55_147;olla;6
1348;55/2015;2015_55_147;valmistella;1
1348;55/2015;2015_55_147;pitkään;1
1348;55/2015;2015_55_147;hartaasti;1
1348;55/2015;2015_55_147;kaksi;2
1348;55/2015;2015_55_147;parlamentaarinen;1
1348;55/2015;2015_55_147;työryhmä;1
1348;55/2015;2015_55_147;mutta;1
1348;55/2015;2015_55_147;kehottaa;1
1348;55/2015;2015_55_147;minä;1
1348;55/2015;2015_55_147;tulla;1
1348;55/2015;2015_55_147;katsoa;1
1348;55/2015;2015_55_147;kauemmaksi;1
1348;55/2015;2015_55_147;sinne;1
1348;55/2015;2015_55_147;tulevaisuus;1
1348;55/2015;2015_55_147;takia;2
1348;55/2015;2015_55_147;tärkeä;2
1348;55/2015;2015_55_147;mikään;1
1348;55/2015;2015_55_147;muutos;2
1348;55/2015;2015_55_147;ei;1
1348;55/2015;2015_55_147;toteuttaa;1
1348;55/2015;2015_55_147;pelkkä;1
1348;55/2015;2015_55_147;nyt;3
1348;55/2015;2015_55_147;valiokunta;2
1348;55/2015;2015_55_147;edellyttää;1
1348;55/2015;2015_55_147;tapa;1
1348;55/2015;2015_55_147;käynnistää;1
1348;55/2015;2015_55_147;uusi;1
1348;55/2015;2015_55_147;valmistelu;3
1348;55/2015;2015_55_147;parlamentaarisesti;1
1348;55/2015;2015_55_147;ottaa;1
1348;55/2015;2015_55_147;mietintö;1
1348;55/2015;2015_55_147;mainita;1
1348;55/2015;2015_55_147;kannanotto;1
1348;55/2015;2015_55_147;huomio;1
1348;55/2015;2015_55_147;pitää;2
1348;55/2015;2015_55_147;painottaa;1
1348;55/2015;2015_55_147;avoin;1
1348;55/2015;2015_55_147;laaja-alaisesti;1
1348;55/2015;2015_55_147;ennakkoluulottomasti;1
1348;55/2015;2015_55_147;selvittää;1
1348;55/2015;2015_55_147;erilainen;1
1348;55/2015;2015_55_147;vaihtoehto;2
1348;55/2015;2015_55_147;itse;1
1348;55/2015;2015_55_147;sieltä;1
1348;55/2015;2015_55_147;lappi;1
1348;55/2015;2015_55_147;vaalipiiri;2
1348;55/2015;2015_55_147;täytyä;1
1348;55/2015;2015_55_147;kyllä;1
1348;55/2015;2015_55_147;todeta;1
1348;55/2015;2015_55_147;eduskuntavaalikampanja;1
1348;55/2015;2015_55_147;aika;2
1348;55/2015;2015_55_147;ajaa;1
1348;55/2015;2015_55_147;auto;1
1348;55/2015;2015_55_147;kilometri;1
1348;55/2015;2015_55_147;kuukausi;1
1348;55/2015;2015_55_147;kun;1
1348;55/2015;2015_55_147;puhua;1
1348;55/2015;2015_55_147;laaja-alainen;1
1348;55/2015;2015_55_147;ennakkoluuloton;1
1348;55/2015;2015_55_147;niin;1
1348;55/2015;2015_55_147;jo;1
1348;55/2015;2015_55_147;jakaminen;1
1348;55/2015;2015_55_147;voida;1
1348;55/2015;2015_55_147;tietty;1
1348;55/2015;2015_55_147;tapaus;1
1348;55/2015;2015_55_147;ihan;1
1348;55/2015;2015_55_147;paikallaan;1
1348;55/2015;2015_55_154;arvoisa;1
1348;55/2015;2015_55_154;puhemies;1
1348;55/2015;2015_55_154;minä;2
1348;55/2015;2015_55_154;haluta;1
1348;55/2015;2015_55_154;kiittää;1
1348;55/2015;2015_55_154;edustaja;2
1348;55/2015;2015_55_154;heinonen;1
1348;55/2015;2015_55_154;erinomainen;1
1348;55/2015;2015_55_154;tärkeä;1
1348;55/2015;2015_55_154;ja;5
1348;55/2015;2015_55_154;ajankohtainen;1
1348;55/2015;2015_55_154;lakialoite;3
1348;55/2015;2015_55_154;olla;5
1348;55/2015;2015_55_154;viime;1
1348;55/2015;2015_55_154;aika;1
1348;55/2015;2015_55_154;saada;2
1348;55/2015;2015_55_154;lukea;1
1348;55/2015;2015_55_154;varmasti;1
1348;55/2015;2015_55_154;usea;1
1348;55/2015;2015_55_154;kansalaispalaute;1
1348;55/2015;2015_55_154;kansalainen;1
1348;55/2015;2015_55_154;se;4
1348;55/2015;2015_55_154;että;3
1348;55/2015;2015_55_154;nyt;1
1348;55/2015;2015_55_154;esimerkiksi;1
1348;55/2015;2015_55_154;eri;1
1348;55/2015;2015_55_154;hovioikeus;1
1348;55/2015;2015_55_154;ratkaisukäytäntö;1
1348;55/2015;2015_55_154;ei;3
1348;55/2015;2015_55_154;vastata;2
1348;55/2015;2015_55_154;kansa;1
1348;55/2015;2015_55_154;syvä;1
1348;55/2015;2015_55_154;rivi;1
1348;55/2015;2015_55_154;oikeustaju;2
1348;55/2015;2015_55_154;kyllä;1
1348;55/2015;2015_55_154;oma;1
1348;55/2015;2015_55_154;mieli;1
1348;55/2015;2015_55_154;tämä;2
1348;55/2015;2015_55_154;käsittely;1
1348;55/2015;2015_55_154;yhteys;1
1348;55/2015;2015_55_154;eduskunta;1
1348;55/2015;2015_55_154;mahdollisuus;1
1348;55/2015;2015_55_154;näyttää;1
1348;55/2015;2015_55_154;poliittinen;1
1348;55/2015;2015_55_154;tahtotila;1
1348;55/2015;2015_55_154;raiskaus;1
1348;55/2015;2015_55_154;erityinen;1
1348;55/2015;2015_55_154;julma;1
1348;55/2015;2015_55_154;nöyryyttävä;1
1348;55/2015;2015_55_154;rikos;1
1348;55/2015;2015_55_154;ihmisyys;1
1348;55/2015;2015_55_154;vastaan;1
1348;55/2015;2015_55_154;hyväksyä;1
1348;55/2015;2015_55_154;tällainen;2
1348;55/2015;2015_55_154;toiminta;2
1348;55/2015;2015_55_154;mikään;1
1348;55/2015;2015_55_154;muoto;1
1348;55/2015;2015_55_154;rangaista;1
1348;55/2015;2015_55_154;aina;1
1348;55/2015;2015_55_154;ehdoton;1
1348;55/2015;2015_55_154;tuomio;1
1348;55/2015;2015_55_154;barbaarinen;1
1348;55/2015;2015_55_154;kannattaa;1
1348;55/2015;2015_55_154;täysi;1
1348;55/2015;2015_55_154;sydän;1
1348;55/2015;2015_55_174;arvoisa;1
1348;55/2015;2015_55_174;rouva;1
1348;55/2015;2015_55_174;puhemies;1
1348;55/2015;2015_55_174;aivan;1
1348;55/2015;2015_55_174;ensimmäinen;1
1348;55/2015;2015_55_174;haluta;1
1348;55/2015;2015_55_174;kiittää;1
1348;55/2015;2015_55_174;edustaja;3
1348;55/2015;2015_55_174;tuppurainen;2
1348;55/2015;2015_55_174;tämä;7
1348;55/2015;2015_55_174;erinomainen;1
1348;55/2015;2015_55_174;lakialoite;2
1348;55/2015;2015_55_174;olla;11
1348;55/2015;2015_55_174;käydä;1
1348;55/2015;2015_55_174;kyllä;1
1348;55/2015;2015_55_174;äärimmäinen;1
1348;55/2015;2015_55_174;hyvä;1
1348;55/2015;2015_55_174;keskustelu;1
1348;55/2015;2015_55_174;sääli;1
1348;55/2015;2015_55_174;että;5
1348;55/2015;2015_55_174;sali;1
1348;55/2015;2015_55_174;näin;2
1348;55/2015;2015_55_174;vähän;1
1348;55/2015;2015_55_174;paikka;1
1348;55/2015;2015_55_174;mutta;2
1348;55/2015;2015_55_174;ilmeisesti;1
1348;55/2015;2015_55_174;valiojoukko;1
1348;55/2015;2015_55_174;koska;1
1348;55/2015;2015_55_174;lähestulkoon;1
1348;55/2015;2015_55_174;kaikki;1
1348;55/2015;2015_55_174;oleellinen;1
1348;55/2015;2015_55_174;asia;2
1348;55/2015;2015_55_174;sanoa;1
1348;55/2015;2015_55_174;eilen;1
1348;55/2015;2015_55_174;viimeksi;1
1348;55/2015;2015_55_174;saada;1
1348;55/2015;2015_55_174;lukea;1
1348;55/2015;2015_55_174;uutinen;1
1348;55/2015;2015_55_174;minä;2
1348;55/2015;2015_55_174;saapua;1
1348;55/2015;2015_55_174;tosiaan;1
1348;55/2015;2015_55_174;maahanmuuttaja;1
1348;55/2015;2015_55_174;mukana;1
1348;55/2015;2015_55_174;tänne;1
1348;55/2015;2015_55_174;lapsimorsian;1
1348;55/2015;2015_55_174;ja;4
1348;55/2015;2015_55_174;avioliitto;2
1348;55/2015;2015_55_174;joutua;1
1348;55/2015;2015_55_174;sitten;1
1348;55/2015;2015_55_174;mitätöidä;1
1348;55/2015;2015_55_174;mieli;1
1348;55/2015;2015_55_174;jossain;1
1348;55/2015;2015_55_174;määrin;1
1348;55/2015;2015_55_174;irvokas;1
1348;55/2015;2015_55_174;avioliittolaki;1
1348;55/2015;2015_55_174;kuitenkin;1
1348;55/2015;2015_55_174;mahdollistaa;1
1348;55/2015;2015_55_174;se;3
1348;55/2015;2015_55_174;lapsiavioliitto;1
1348;55/2015;2015_55_174;ymmärtää;1
1348;55/2015;2015_55_174;myös;3
1348;55/2015;2015_55_174;laukkanen;1
1348;55/2015;2015_55_174;näkökulma;2
1348;55/2015;2015_55_174;kuten;1
1348;55/2015;2015_55_174;eräs;1
1348;55/2015;2015_55_174;aiempi;1
1348;55/2015;2015_55_174;tänään;1
1348;55/2015;2015_55_174;todeta;1
1348;55/2015;2015_55_174;maallinen;1
1348;55/2015;2015_55_174;valta;1
1348;55/2015;2015_55_174;ennen;1
1348;55/2015;2015_55_174;kaikkea;1
1348;55/2015;2015_55_174;kaksi;1
1348;55/2015;2015_55_174;täysivaltainen;1
1348;55/2015;2015_55_174;täysi-ikäinen;1
1348;55/2015;2015_55_174;ihminen;1
1348;55/2015;2015_55_174;taloudellinen;1
1348;55/2015;2015_55_174;liitto;1
1348;55/2015;2015_55_174;aloite;1
1348;55/2015;2015_55_174;vastata;1
1348;55/2015;2015_55_174;erinomaisesti;1
1348;55/2015;2015_55_174;yk;1
1348;55/2015;2015_55_174;ihmisoikeusneuvosto;1
1348;55/2015;2015_55_174;suositus;1
1348;55/2015;2015_55_174;yleinen;1
1348;55/2015;2015_55_174;ihmisoikeus;1
1348;55/2015;2015_55_174;lähtökohta;1
1348;55/2015;2015_55_174;tulla;1
1348;55/2015;2015_55_174;alle;1
1348;55/2015;2015_55_174;vuotias;1
1348;55/2015;2015_55_174;lapsi;1
1348;55/2015;2015_55_174;hän;1
1348;55/2015;2015_55_174;taata;1
1348;55/2015;2015_55_174;oikeus;1
1348;55/2015;2015_55_174;lapsuus;1
1348;55/2015;2015_55_174;voida;1
1348;55/2015;2015_55_174;ilmoittaa;1
1348;55/2015;2015_55_174;kannattaa;1
1348;55/2015;2015_55_174;täysi;1
1348;55/2015;2015_55_174;sydän;1
1348;55/2015;2015_55_174;kiitos;1
1348;58/2015;2015_58_76;arvoisa;1
1348;58/2015;2015_58_76;rouva;1
1348;58/2015;2015_58_76;puhemies;1
1348;58/2015;2015_58_76;kiittää;1
1348;58/2015;2015_58_76;edustaja;1
1348;58/2015;2015_58_76;maijala;2
1348;58/2015;2015_58_76;ensimmäinen;1
1348;58/2015;2015_58_76;erittäin;1
1348;58/2015;2015_58_76;hyvä;1
1348;58/2015;2015_58_76;puheenvuoro;2
1348;58/2015;2015_58_76;porotalous;3
1348;58/2015;2015_58_76;olla;8
1348;58/2015;2015_58_76;tosiaan;1
1348;58/2015;2015_58_76;kriisi;2
1348;58/2015;2015_58_76;ja;3
1348;58/2015;2015_58_76;se;5
1348;58/2015;2015_58_76;ratkaiseminen;1
1348;58/2015;2015_58_76;tulla;2
1348;58/2015;2015_58_76;eduskunta;1
1348;58/2015;2015_58_76;yhdessä;1
1348;58/2015;2015_58_76;ponnistella;1
1348;58/2015;2015_58_76;tämä;4
1348;58/2015;2015_58_76;lakiesitys;2
1348;58/2015;2015_58_76;kuten;2
1348;58/2015;2015_58_76;todeta;2
1348;58/2015;2015_58_76;usea;1
1348;58/2015;2015_58_76;positiivinen;2
1348;58/2015;2015_58_76;muutos;2
1348;58/2015;2015_58_76;sähköinen;1
1348;58/2015;2015_58_76;tukihaku;1
1348;58/2015;2015_58_76;mahdollisuus;1
1348;58/2015;2015_58_76;yksi;2
1348;58/2015;2015_58_76;myös;2
1348;58/2015;2015_58_76;että;5
1348;58/2015;2015_58_76;tukihakemus;2
1348;58/2015;2015_58_76;käsittely;2
1348;58/2015;2015_58_76;siirtää;1
1348;58/2015;2015_58_76;nyt;2
1348;58/2015;2015_58_76;kokonaisuus;1
1348;58/2015;2015_58_76;lappi;1
1348;58/2015;2015_58_76;ely-keskus;1
1348;58/2015;2015_58_76;mikä;1
1348;58/2015;2015_58_76;turvata;1
1348;58/2015;2015_58_76;sitten;2
1348;58/2015;2015_58_76;tasapuolinen;1
1348;58/2015;2015_58_76;koko;1
1348;58/2015;2015_58_76;poronhoitoalue;1
1348;58/2015;2015_58_76;asia;2
1348;58/2015;2015_58_76;jatkokäsittely;1
1348;58/2015;2015_58_76;syy;1
1348;58/2015;2015_58_76;varmistua;1
1348;58/2015;2015_58_76;kun;1
1348;58/2015;2015_58_76;johdannaisasetus;1
1348;58/2015;2015_58_76;sorvata;1
1348;58/2015;2015_58_76;sorvaaminen;1
1348;58/2015;2015_58_76;huomioida;1
1348;58/2015;2015_58_76;luontaiselinkeino;2
1348;58/2015;2015_58_76;rahoituslaki;1
1348;58/2015;2015_58_76;uudistamistyöryhmä;1
1348;58/2015;2015_58_76;muistio;1
1348;58/2015;2015_58_76;huomio;1
1348;58/2015;2015_58_76;haluta;1
1348;58/2015;2015_58_76;eräs;1
1348;58/2015;2015_58_76;näkökulma;1
1348;58/2015;2015_58_76;kuitenkin;1
1348;58/2015;2015_58_76;nostaa;1
1348;58/2015;2015_58_76;esille;1
1348;58/2015;2015_58_76;joka;2
1348;58/2015;2015_58_76;mieli;1
1348;58/2015;2015_58_76;hivenen;1
1348;58/2015;2015_58_76;ongelmallinen;1
1348;58/2015;2015_58_76;esitys;1
1348;58/2015;2015_58_76;saamelaiskäräjät;2
1348;58/2015;2015_58_76;kanssa;2
1348;58/2015;2015_58_76;neuvotella;2
1348;58/2015;2015_58_76;vara;1
1348;58/2015;2015_58_76;ohjaaminen;1
1348;58/2015;2015_58_76;muu;1
1348;58/2015;2015_58_76;tietysti;1
1348;58/2015;2015_58_76;tärkeä;1
1348;58/2015;2015_58_76;mutta;1
1348;58/2015;2015_58_76;ei;1
1348;58/2015;2015_58_76;voida;1
1348;58/2015;2015_58_76;niin;1
1348;58/2015;2015_58_76;etninen;1
1348;58/2015;2015_58_76;ryhmä;1
1348;58/2015;2015_58_76;poronhoitaja;2
1348;58/2015;2015_58_76;joukko;1
1348;58/2015;2015_58_76;ryhtyä;1
1348;58/2015;2015_58_76;suosia;1
1348;58/2015;2015_58_76;vaan;1
1348;58/2015;2015_58_76;rahoitus;1
1348;58/2015;2015_58_76;edelleen;1
1348;58/2015;2015_58_76;jakaantua;1
1348;58/2015;2015_58_76;tasapuolisesti;1
1348;58/2015;2015_58_76;etnisyys;1
1348;58/2015;2015_58_76;riippumatta;1
1348;58/2015;2015_58_83;arvoisa;1
1348;58/2015;2015_58_83;rouva;1
1348;58/2015;2015_58_83;puhemies;1
1348;58/2015;2015_58_83;täytyä;1
1348;58/2015;2015_58_83;kiitellä;1
1348;58/2015;2015_58_83;edustaja;2
1348;58/2015;2015_58_83;kulmala;2
1348;58/2015;2015_58_83;erinomainen;1
1348;58/2015;2015_58_83;puheenvuoro;2
1348;58/2015;2015_58_83;kuten;1
1348;58/2015;2015_58_83;tulla;2
1348;58/2015;2015_58_83;todeta;1
1348;58/2015;2015_58_83;tämä;7
1348;58/2015;2015_58_83;laki;2
1348;58/2015;2015_58_83;vieraslaji;4
1348;58/2015;2015_58_83;aiheutua;2
1348;58/2015;2015_58_83;riski;1
1348;58/2015;2015_58_83;hallinta;1
1348;58/2015;2015_58_83;olla;6
1348;58/2015;2015_58_83;todella;1
1348;58/2015;2015_58_83;tarpeellinen;1
1348;58/2015;2015_58_83;suuri;1
1348;58/2015;2015_58_83;alkuperäislaji;1
1348;58/2015;2015_58_83;sukupuutto;1
1348;58/2015;2015_58_83;aiheuttaa;1
1348;58/2015;2015_58_83;tekijä;1
1348;58/2015;2015_58_83;eurooppa;3
1348;58/2015;2015_58_83;ja;5
1348;58/2015;2015_58_83;se;4
1348;58/2015;2015_58_83;mittava;1
1348;58/2015;2015_58_83;taloudellinen;1
1348;58/2015;2015_58_83;vahinko;1
1348;58/2015;2015_58_83;jatkopohdinta;1
1348;58/2015;2015_58_83;kun;1
1348;58/2015;2015_58_83;asia;1
1348;58/2015;2015_58_83;kehittää;1
1348;58/2015;2015_58_83;pitää;1
1348;58/2015;2015_58_83;tärkeä;2
1348;58/2015;2015_58_83;että;5
1348;58/2015;2015_58_83;pohtia;1
1348;58/2015;2015_58_83;voida;2
1348;58/2015;2015_58_83;pyyntivalikoima;1
1348;58/2015;2015_58_83;laajentaa;1
1348;58/2015;2015_58_83;sallia;1
1348;58/2015;2015_58_83;pyynti;1
1348;58/2015;2015_58_83;keinovalo;1
1348;58/2015;2015_58_83;käyttö;1
1348;58/2015;2015_58_83;helpottaa;1
1348;58/2015;2015_58_83;esimerkiksi;1
1348;58/2015;2015_58_83;minkki;4
1348;58/2015;2015_58_83;supikoira;1
1348;58/2015;2015_58_83;metsästys;1
1348;58/2015;2015_58_83;ottaa;1
1348;58/2015;2015_58_83;esille;1
1348;58/2015;2015_58_83;riistanhoitopalkkio;1
1348;58/2015;2015_58_83;erityisesti;1
1348;58/2015;2015_58_83;supi;1
1348;58/2015;2015_58_83;osa;1
1348;58/2015;2015_58_83;siirtyä;1
1348;58/2015;2015_58_83;joku;1
1348;58/2015;2015_58_83;tyyppinen;1
1348;58/2015;2015_58_83;pyyntikorvausjärjestelmä;1
1348;58/2015;2015_58_83;jolloin;2
1348;58/2015;2015_58_83;metsästäminen;1
1348;58/2015;2015_58_83;taloudellisesti;1
1348;58/2015;2015_58_83;kannattava;1
1348;58/2015;2015_58_83;totta;1
1348;58/2015;2015_58_83;kai;1
1348;58/2015;2015_58_83;positiivinen;1
1348;58/2015;2015_58_83;mikäli;1
1348;58/2015;2015_58_83;jo;1
1348;58/2015;2015_58_83;hyödyntää;1
1348;58/2015;2015_58_83;tuote;1
1348;58/2015;2015_58_83;sitten;1
1348;58/2015;2015_58_83;biopolttoaine;1
1348;58/2015;2015_58_83;lakiesitys;1
1348;58/2015;2015_58_83;määritellä;1
1348;58/2015;2015_58_83;sellainen;1
1348;58/2015;2015_58_83;laji;1
1348;58/2015;2015_58_83;joka;1
1348;58/2015;2015_58_83;kirjata;3
1348;58/2015;2015_58_83;unioni;2
1348;58/2015;2015_58_83;vieraslajiluettelo;1
1348;58/2015;2015_58_83;saada;2
1348;58/2015;2015_58_83;kuitenkin;1
1348;58/2015;2015_58_83;tieto;2
1348;58/2015;2015_58_83;maa;1
1348;58/2015;2015_58_83;metsätalousministeriö;1
1348;58/2015;2015_58_83;alustava;1
1348;58/2015;2015_58_83;mukaan;1
1348;58/2015;2015_58_83;ei;1
1348;58/2015;2015_58_83;oltaa;1
1348;58/2015;2015_58_83;lista;1
1348;58/2015;2015_58_83;esittää;1
1348;58/2015;2015_58_83;harras;1
1348;58/2015;2015_58_83;toive;1
1348;58/2015;2015_58_83;ministeri;1
1348;58/2015;2015_58_83;suomi;1
1348;58/2015;2015_58_83;pyrkiä;1
1348;58/2015;2015_58_83;nyt;1
1348;58/2015;2015_58_83;kaikki;1
1348;58/2015;2015_58_83;tapa;1
1348;58/2015;2015_58_83;neuvottelu;1
1348;58/2015;2015_58_83;vieraslajilista;1
1348;58/2015;2015_58_83;myös;2
1348;58/2015;2015_58_83;koskettaa;1
1348;58/2015;2015_58_83;kiitos;1
1348;58/2015;2015_58_95;arvoisa;1
1348;58/2015;2015_58_95;rouva;1
1348;58/2015;2015_58_95;puhemies;1
1348;58/2015;2015_58_95;erinomainen;1
1348;58/2015;2015_58_95;puhe;1
1348;58/2015;2015_58_95;jälkeen;1
1348;58/2015;2015_58_95;jäädä;1
1348;58/2015;2015_58_95;varsin;1
1348;58/2015;2015_58_95;vähän;1
1348;58/2015;2015_58_95;sanottava;1
1348;58/2015;2015_58_95;mutta;1
1348;58/2015;2015_58_95;myös;3
1348;58/2015;2015_58_95;minä;1
1348;58/2015;2015_58_95;haluta;2
1348;58/2015;2015_58_95;kiittää;1
1348;58/2015;2015_58_95;ministeri;1
1348;58/2015;2015_58_95;ja;4
1348;58/2015;2015_58_95;hallitus;2
1348;58/2015;2015_58_95;erittäin;1
1348;58/2015;2015_58_95;ripeä;1
1348;58/2015;2015_58_95;hyvä;1
1348;58/2015;2015_58_95;toiminta;1
1348;58/2015;2015_58_95;nyt;2
1348;58/2015;2015_58_95;olla;4
1348;58/2015;2015_58_95;tärkeä;2
1348;58/2015;2015_58_95;että;3
1348;58/2015;2015_58_95;saada;1
1348;58/2015;2015_58_95;tämä;2
1348;58/2015;2015_58_95;laki;1
1348;58/2015;2015_58_95;nopeasti;1
1348;58/2015;2015_58_95;eduskunta;1
1348;58/2015;2015_58_95;läpi;1
1348;58/2015;2015_58_95;tuki;1
1348;58/2015;2015_58_95;maksatus;1
1348;58/2015;2015_58_95;muistuttaa;1
1348;58/2015;2015_58_95;sali;1
1348;58/2015;2015_58_95;se;4
1348;58/2015;2015_58_95;elinvoimainen;1
1348;58/2015;2015_58_95;alkutuotanto;1
1348;58/2015;2015_58_95;itse;1
1348;58/2015;2015_58_95;asiassa;1
1348;58/2015;2015_58_95;luoda;1
1348;58/2015;2015_58_95;pohja;1
1348;58/2015;2015_58_95;koko;1
1348;58/2015;2015_58_95;valtio;1
1348;58/2015;2015_58_95;turvallisuuspolitiikka;1
1348;58/2015;2015_58_95;kun;1
1348;58/2015;2015_58_95;viljelijä;1
1348;58/2015;2015_58_95;kriisi;1
1348;58/2015;2015_58_95;niin;1
1348;58/2015;2015_58_95;ääretön;1
1348;58/2015;2015_58_95;reagoida;1
1348;58/2015;2015_58_95;vakavuus;1
1348;58/2015;2015_58_95;joka;1
1348;58/2015;2015_58_95;kuulua;1
1348;58/2015;2015_58_95;kiitos;1
1348;60/2015;2015_60_3;arvoisa;1
1348;60/2015;2015_60_3;rouva;1
1348;60/2015;2015_60_3;puhemies;1
1348;60/2015;2015_60_3;edustaja;1
1348;60/2015;2015_60_3;heinonen;1
1348;60/2015;2015_60_3;käyttää;1
1348;60/2015;2015_60_3;varsin;1
1348;60/2015;2015_60_3;hyvä;1
1348;60/2015;2015_60_3;ja;9
1348;60/2015;2015_60_3;kattava;1
1348;60/2015;2015_60_3;puheenvuoro;1
1348;60/2015;2015_60_3;aselainsäädäntö;1
1348;60/2015;2015_60_3;suomi;3
1348;60/2015;2015_60_3;olla;10
1348;60/2015;2015_60_3;syy;1
1348;60/2015;2015_60_3;huolissaan;1
1348;60/2015;2015_60_3;tämä;5
1348;60/2015;2015_60_3;eurooppa;1
1348;60/2015;2015_60_3;unioni;1
1348;60/2015;2015_60_3;uusi;1
1348;60/2015;2015_60_3;asedirektiivi;1
1348;60/2015;2015_60_3;joka;2
1348;60/2015;2015_60_3;suunnitella;1
1348;60/2015;2015_60_3;merkittävä;1
1348;60/2015;2015_60_3;tiukennus;1
1348;60/2015;2015_60_3;jo;1
1348;60/2015;2015_60_3;mennä;1
1348;60/2015;2015_60_3;niin;1
1348;60/2015;2015_60_3;pitkälle;1
1348;60/2015;2015_60_3;että;5
1348;60/2015;2015_60_3;ei;2
1348;60/2015;2015_60_3;puhua;2
1348;60/2015;2015_60_3;pelkästään;1
1348;60/2015;2015_60_3;itselataava;1
1348;60/2015;2015_60_3;sarjatuliase;1
1348;60/2015;2015_60_3;vaan;1
1348;60/2015;2015_60_3;se;5
1348;60/2015;2015_60_3;mikä;1
1348;60/2015;2015_60_3;ase;2
1348;60/2015;2015_60_3;näyttää;1
1348;60/2015;2015_60_3;voida;3
1348;60/2015;2015_60_3;tulkita;3
1348;60/2015;2015_60_3;sotilasase;1
1348;60/2015;2015_60_3;näköinen;1
1348;60/2015;2015_60_3;minä;4
1348;60/2015;2015_60_3;täytyä;2
1348;60/2015;2015_60_3;ehdottomasti;1
1348;60/2015;2015_60_3;vastustaa;1
1348;60/2015;2015_60_3;kaikki;4
1348;60/2015;2015_60_3;sellainen;1
1348;60/2015;2015_60_3;muutos;1
1348;60/2015;2015_60_3;vaikeuttaa;1
1348;60/2015;2015_60_3;ampumaurheilu;1
1348;60/2015;2015_60_3;harrastaja;1
1348;60/2015;2015_60_3;sekä;1
1348;60/2015;2015_60_3;metsästäjä;1
1348;60/2015;2015_60_3;asema;1
1348;60/2015;2015_60_3;nykyinen;1
1348;60/2015;2015_60_3;lupapolitiikka;1
1348;60/2015;2015_60_3;erittäin;1
1348;60/2015;2015_60_3;tiukka;1
1348;60/2015;2015_60_3;kertoa;1
1348;60/2015;2015_60_3;omakohtainen;1
1348;60/2015;2015_60_3;esimerkki;1
1348;60/2015;2015_60_3;tausta;1
1348;60/2015;2015_60_3;evpupseeri;1
1348;60/2015;2015_60_3;kun;1
1348;60/2015;2015_60_3;edellinen;1
1348;60/2015;2015_60_3;kerran;2
1348;60/2015;2015_60_3;hakea;1
1348;60/2015;2015_60_3;pistooli;3
1348;60/2015;2015_60_3;hankkimislupa;2
1348;60/2015;2015_60_3;joutua;1
1348;60/2015;2015_60_3;käydä;3
1348;60/2015;2015_60_3;läpi;2
1348;60/2015;2015_60_3;sama;1
1348;60/2015;2015_60_3;menettely;1
1348;60/2015;2015_60_3;kuin;1
1348;60/2015;2015_60_3;muu;1
1348;60/2015;2015_60_3;lopulta;1
1348;60/2015;2015_60_3;todeta;2
1348;60/2015;2015_60_3;vaikea;1
1348;60/2015;2015_60_3;sinä;1
1348;60/2015;2015_60_3;myöntää;1
1348;60/2015;2015_60_3;koska;2
1348;60/2015;2015_60_3;yksikään;1
1348;60/2015;2015_60_3;ampumaseura;1
1348;60/2015;2015_60_3;tällainen;2
1348;60/2015;2015_60_3;turvallinen;1
1348;60/2015;2015_60_3;ampuja;1
1348;60/2015;2015_60_3;kurssi;1
1348;60/2015;2015_60_3;vaihe;1
1348;60/2015;2015_60_3;voitais;1
1348;60/2015;2015_60_3;oikeus;2
1348;60/2015;2015_60_3;ampua;1
1348;60/2015;2015_60_3;ammuttaa;1
1348;60/2015;2015_60_3;jalkaväki;1
1348;60/2015;2015_60_3;panssaritorjuntaohjus;1
1348;60/2015;2015_60_3;kyetä;1
1348;60/2015;2015_60_3;myös;1
1348;60/2015;2015_60_3;turvallisesti;1
1348;60/2015;2015_60_3;käsitellä;1
1348;60/2015;2015_60_3;onneksi;1
1348;60/2015;2015_60_3;näin;1
1348;60/2015;2015_60_3;mieli;1
1348;60/2015;2015_60_3;hankkimislupamenettely;2
1348;60/2015;2015_60_3;keventää;1
1348;60/2015;2015_60_3;vakavasti;1
1348;60/2015;2015_60_3;harkita;1
1348;60/2015;2015_60_3;esimerkiksi;1
1348;60/2015;2015_60_3;aseajokortti;1
1348;60/2015;2015_60_3;siirtyminen;1
1348;60/2015;2015_60_3;lupa;1
1348;60/2015;2015_60_3;haltija;1
1348;60/2015;2015_60_3;hankkia;1
1348;60/2015;2015_60_3;tietty;1
1348;60/2015;2015_60_3;määrä;1
1348;60/2015;2015_60_3;rekisteröidä;1
1348;60/2015;2015_60_3;ampuma-ase;1
1348;60/2015;2015_60_3;hallinta;1
1348;60/2015;2015_60_3;laajuus;1
1348;60/2015;2015_60_3;ainoastaan;1
1348;60/2015;2015_60_3;yksi;1
1348;61/2015;2015_61_96;arvoisa;1
1348;61/2015;2015_61_96;puhemies;1
1348;61/2015;2015_61_96;jokin;2
1348;61/2015;2015_61_96;tapa;3
1348;61/2015;2015_61_96;tämä;14
1348;61/2015;2015_61_96;salikeskustelu;1
1348;61/2015;2015_61_96;nyt;5
1348;61/2015;2015_61_96;kulminoitua;1
1348;61/2015;2015_61_96;todella;1
1348;61/2015;2015_61_96;se;13
1348;61/2015;2015_61_96;hallitus;3
1348;61/2015;2015_61_96;ja;11
1348;61/2015;2015_61_96;oppositio;4
1348;61/2015;2015_61_96;ideologinen;1
1348;61/2015;2015_61_96;ero;1
1348;61/2015;2015_61_96;tuntua;1
1348;61/2015;2015_61_96;että;11
1348;61/2015;2015_61_96;haluta;1
1348;61/2015;2015_61_96;ulkoistaa;1
1348;61/2015;2015_61_96;vastuu;1
1348;61/2015;2015_61_96;lapsi;6
1348;61/2015;2015_61_96;varhaiskasvatus;4
1348;61/2015;2015_61_96;pelkästään;2
1348;61/2015;2015_61_96;yhteiskunta;3
1348;61/2015;2015_61_96;kun;3
1348;61/2015;2015_61_96;sijaan;1
1348;61/2015;2015_61_96;uskoa;2
1348;61/2015;2015_61_96;kasvattaminen;1
1348;61/2015;2015_61_96;olla;25
1348;61/2015;2015_61_96;vanhempi;3
1348;61/2015;2015_61_96;koko;1
1348;61/2015;2015_61_96;minä;2
1348;61/2015;2015_61_96;yhteisö;2
1348;61/2015;2015_61_96;yhteinen;1
1348;61/2015;2015_61_96;tehtävä;1
1348;61/2015;2015_61_96;edustaja;2
1348;61/2015;2015_61_96;kontula;2
1348;61/2015;2015_61_96;ehtiä;1
1348;61/2015;2015_61_96;valitettavasti;1
1348;61/2015;2015_61_96;jo;1
1348;61/2015;2015_61_96;poistua;1
1348;61/2015;2015_61_96;sali;1
1348;61/2015;2015_61_96;mutta;2
1348;61/2015;2015_61_96;hän;3
1348;61/2015;2015_61_96;avata;1
1348;61/2015;2015_61_96;oma;1
1348;61/2015;2015_61_96;puheenvuoro;1
1348;61/2015;2015_61_96;erittäin;1
1348;61/2015;2015_61_96;koskettava;1
1348;61/2015;2015_61_96;sitaatti;1
1348;61/2015;2015_61_96;nähdä;3
1348;61/2015;2015_61_96;kuitenkin;2
1348;61/2015;2015_61_96;niin;1
1348;61/2015;2015_61_96;esille;3
1348;61/2015;2015_61_96;nostaa;2
1348;61/2015;2015_61_96;ongelma;4
1348;61/2015;2015_61_96;ei;5
1348;61/2015;2015_61_96;varhaiskasvatuksellinen;1
1348;61/2015;2015_61_96;heittää;1
1348;61/2015;2015_61_96;ajatella;1
1348;61/2015;2015_61_96;sellainen;2
1348;61/2015;2015_61_96;asia;4
1348;61/2015;2015_61_96;hyvä;4
1348;61/2015;2015_61_96;mennä;1
1348;61/2015;2015_61_96;joka;5
1348;61/2015;2015_61_96;päivä;1
1348;61/2015;2015_61_96;päivähoito;4
1348;61/2015;2015_61_96;jättää;1
1348;61/2015;2015_61_96;sinne;1
1348;61/2015;2015_61_96;koti;1
1348;61/2015;2015_61_96;alkoholisoitua;1
1348;61/2015;2015_61_96;vielä;1
1348;61/2015;2015_61_96;suuri;3
1348;61/2015;2015_61_96;määrin;1
1348;61/2015;2015_61_96;lastensuojelullinen;2
1348;61/2015;2015_61_96;tulla;3
1348;61/2015;2015_61_96;totta;1
1348;61/2015;2015_61_96;kai;1
1348;61/2015;2015_61_96;paneutua;1
1348;61/2015;2015_61_96;voida;2
1348;61/2015;2015_61_96;tuoda;1
1348;61/2015;2015_61_96;osa;1
1348;61/2015;2015_61_96;keskustelu;1
1348;61/2015;2015_61_96;myös;3
1348;61/2015;2015_61_96;näkökulma;1
1348;61/2015;2015_61_96;mukaan;1
1348;61/2015;2015_61_96;lainsäädännöllinen;1
1348;61/2015;2015_61_96;muutos;1
1348;61/2015;2015_61_96;aiheuttaa;1
1348;61/2015;2015_61_96;suomi;1
1348;61/2015;2015_61_96;romahtaa;1
1348;61/2015;2015_61_96;oecd;1
1348;61/2015;2015_61_96;pisa-tutkimus;2
1348;61/2015;2015_61_96;pohtia;1
1348;61/2015;2015_61_96;ryhtyä;1
1348;61/2015;2015_61_96;laatia;1
1348;61/2015;2015_61_96;vuosi;2
1348;61/2015;2015_61_96;jolloin;1
1348;61/2015;2015_61_96;tarkastella;1
1348;61/2015;2015_61_96;syntyä;1
1348;61/2015;2015_61_96;välillä;1
1348;61/2015;2015_61_96;vanha;1
1348;61/2015;2015_61_96;päivähoitolainsäädäntö;1
1348;61/2015;2015_61_96;piiri;1
1348;61/2015;2015_61_96;tällöin;1
1348;61/2015;2015_61_96;esimerkiksi;1
1348;61/2015;2015_61_96;hoitajamitoitus;1
1348;61/2015;2015_61_96;huomattavasti;1
1348;61/2015;2015_61_96;nykyinen;2
1348;61/2015;2015_61_96;aina;1
1348;61/2015;2015_61_96;itse;3
1348;61/2015;2015_61_96;vaikka;3
1348;61/2015;2015_61_96;tuo;1
1348;61/2015;2015_61_96;aika;1
1348;61/2015;2015_61_96;sanoa;2
1348;61/2015;2015_61_96;mikään;1
1348;61/2015;2015_61_96;tapaus;1
1348;61/2015;2015_61_96;saada;2
1348;61/2015;2015_61_96;huono;1
1348;61/2015;2015_61_96;hoito;1
1348;61/2015;2015_61_96;silloin;1
1348;61/2015;2015_61_96;aivan;1
1348;61/2015;2015_61_96;sama;1
1348;61/2015;2015_61_96;tarkkuus;1
1348;61/2015;2015_61_96;tuolloin;1
1348;61/2015;2015_61_96;säädellä;1
1348;61/2015;2015_61_96;seuraava;1
1348;61/2015;2015_61_96;ongelmakohta;1
1348;61/2015;2015_61_96;erityisesti;1
1348;61/2015;2015_61_96;vaikeus;1
1348;61/2015;2015_61_96;kunta;2
1348;61/2015;2015_61_96;kaupunki;2
1348;61/2015;2015_61_96;vapaasti;1
1348;61/2015;2015_61_96;itsenäisesti;1
1348;61/2015;2015_61_96;päättää;1
1348;61/2015;2015_61_96;mikä;1
1348;61/2015;2015_61_96;järjestää;1
1348;61/2015;2015_61_96;positiivinen;1
1348;61/2015;2015_61_96;sillä;1
1348;61/2015;2015_61_96;ihminen;1
1348;61/2015;2015_61_96;siellä;1
1348;61/2015;2015_61_96;tietämys;1
1348;61/2015;2015_61_96;samoin;1
1348;61/2015;2015_61_96;pyytää;1
1348;61/2015;2015_61_96;lopulta;1
1348;61/2015;2015_61_96;marssittaa;1
1348;61/2015;2015_61_96;asiantuntija;2
1348;61/2015;2015_61_96;toinen;1
1348;61/2015;2015_61_96;tai;1
1348;61/2015;2015_61_96;molemmat;1
1348;61/2015;2015_61_96;kotona;1
1348;61/2015;2015_61_96;tällainen;1
1348;61/2015;2015_61_96;löytyä;1
1348;61/2015;2015_61_96;kysyä;1
1348;61/2015;2015_61_96;ministeri;1
1348;61/2015;2015_61_96;kysymys;1
1348;61/2015;2015_61_96;mahdollisuus;1
1348;61/2015;2015_61_96;millainen;1
1348;61/2015;2015_61_96;toimenpide;1
1348;61/2015;2015_61_96;suunnitella;1
1348;61/2015;2015_61_96;vara;1
1348;61/2015;2015_61_96;miten;1
1348;61/2015;2015_61_96;vanhemmuus;1
1348;61/2015;2015_61_96;tukea;1
1348;62/2015;2015_62_82;arvoisa;1
1348;62/2015;2015_62_82;rouva;1
1348;62/2015;2015_62_82;puhemies;1
1348;62/2015;2015_62_82;käsitellä;1
1348;62/2015;2015_62_82;kyllä;1
1348;62/2015;2015_62_82;erittäin;1
1348;62/2015;2015_62_82;ikävä;1
1348;62/2015;2015_62_82;asia;2
1348;62/2015;2015_62_82;ja;1
1348;62/2015;2015_62_82;niin;3
1348;62/2015;2015_62_82;kuin;2
1348;62/2015;2015_62_82;olla;9
1348;62/2015;2015_62_82;usein;1
1348;62/2015;2015_62_82;todeta;1
1348;62/2015;2015_62_82;keliaakikko;2
1348;62/2015;2015_62_82;käyttää;2
1348;62/2015;2015_62_82;kuukausi;1
1348;62/2015;2015_62_82;keskimäärin;1
1348;62/2015;2015_62_82;euro;1
1348;62/2015;2015_62_82;enemmän;1
1348;62/2015;2015_62_82;tavallinen;1
1348;62/2015;2015_62_82;ruokavalio;1
1348;62/2015;2015_62_82;syödä;1
1348;62/2015;2015_62_82;henkilö;4
1348;62/2015;2015_62_82;oma;1
1348;62/2015;2015_62_82;elintarvike;1
1348;62/2015;2015_62_82;pitää;1
1348;62/2015;2015_62_82;tärkeä;1
1348;62/2015;2015_62_82;että;4
1348;62/2015;2015_62_82;nyt;3
1348;62/2015;2015_62_82;pohtia;2
1348;62/2015;2015_62_82;tietty;2
1348;62/2015;2015_62_82;verotuksellinen;1
1348;62/2015;2015_62_82;ratkaisu;1
1348;62/2015;2015_62_82;edistäminen;1
1348;62/2015;2015_62_82;myös;1
1348;62/2015;2015_62_82;huomata;1
1348;62/2015;2015_62_82;se;5
1348;62/2015;2015_62_82;kun;1
1348;62/2015;2015_62_82;päättää;1
1348;62/2015;2015_62_82;luopua;1
1348;62/2015;2015_62_82;makeisvero;1
1348;62/2015;2015_62_82;tulla;1
1348;62/2015;2015_62_82;osa;1
1348;62/2015;2015_62_82;laskea;1
1348;62/2015;2015_62_82;gluteeniton;1
1348;62/2015;2015_62_82;tuote;1
1348;62/2015;2015_62_82;hinta;1
1348;62/2015;2015_62_82;tietysti;1
1348;62/2015;2015_62_82;selvä;1
1348;62/2015;2015_62_82;jokainen;1
1348;62/2015;2015_62_82;toimeentulo;1
1348;62/2015;2015_62_82;viime;1
1348;62/2015;2015_62_82;käsi;1
1348;62/2015;2015_62_82;turvata;1
1348;62/2015;2015_62_82;harkinnanvarainen;1
1348;62/2015;2015_62_82;toimeentulotuki;1
1348;62/2015;2015_62_82;kautta;1
1348;62/2015;2015_62_82;mutta;1
1348;62/2015;2015_62_82;ehkä;2
1348;62/2015;2015_62_82;hyvä;1
1348;62/2015;2015_62_82;millainen;1
1348;62/2015;2015_62_82;vähennysoikeus;1
1348;62/2015;2015_62_82;voida;1
1348;62/2015;2015_62_82;luoda;1
1348;62/2015;2015_62_82;verotus;1
1348;62/2015;2015_62_82;sellainen;1
1348;62/2015;2015_62_82;joka;2
1348;62/2015;2015_62_82;joutua;1
1348;62/2015;2015_62_82;turvautua;1
1348;62/2015;2015_62_82;jokapäiväinen;1
1348;62/2015;2015_62_82;elämä;1
1348;62/2015;2015_62_82;erityisruokavalio;3
1348;62/2015;2015_62_82;minä;2
1348;62/2015;2015_62_82;verotusjärjestelmä;1
1348;62/2015;2015_62_82;mahdollistaa;1
1348;62/2015;2015_62_82;yritys;1
1348;62/2015;2015_62_82;esimerkiksi;1
1348;62/2015;2015_62_82;jos;1
1348;62/2015;2015_62_82;vaikka;1
1348;62/2015;2015_62_82;hoitolapsi;1
1348;62/2015;2015_62_82;tällöin;1
1348;62/2015;2015_62_82;yrittäjä;1
1348;62/2015;2015_62_82;oikeus;1
1348;62/2015;2015_62_82;tehdä;1
1348;62/2015;2015_62_82;tämä;1
1348;62/2015;2015_62_82;vähennys;1
1348;62/2015;2015_62_82;aiheuttaa;1
1348;62/2015;2015_62_82;kustannus;1
1348;62/2015;2015_62_82;voitainen;1
1348;62/2015;2015_62_82;tällainen;1
1348;62/2015;2015_62_82;menettely;1
1348;62/2015;2015_62_82;laajentaa;1
1348;62/2015;2015_62_82;mahdollisesti;1
1348;62/2015;2015_62_82;sitten;1
1348;62/2015;2015_62_82;keliakia;1
1348;62/2015;2015_62_82;sairastaa;1
1348;62/2015;2015_62_82;puhua;1
1348;62/2015;2015_62_82;käsittää;1
1348;62/2015;2015_62_82;noin;1
1348;62/2015;2015_62_98;arvoisa;1
1348;62/2015;2015_62_98;rouva;1
1348;62/2015;2015_62_98;puhemies;1
1348;62/2015;2015_62_98;tämä;8
1348;62/2015;2015_62_98;nyt;5
1348;62/2015;2015_62_98;käsillä;2
1348;62/2015;2015_62_98;olla;12
1348;62/2015;2015_62_98;yhdessä;1
1348;62/2015;2015_62_98;sopia;1
1348;62/2015;2015_62_98;lakiesitys;1
1348;62/2015;2015_62_98;kokonaisuus;1
1348;62/2015;2015_62_98;tarkastella;2
1348;62/2015;2015_62_98;erinomainen;1
1348;62/2015;2015_62_98;kiitos;1
1348;62/2015;2015_62_98;se;6
1348;62/2015;2015_62_98;täytyä;1
1348;62/2015;2015_62_98;kuitenkin;1
1348;62/2015;2015_62_98;myöntää;1
1348;62/2015;2015_62_98;että;5
1348;62/2015;2015_62_98;näin;1
1348;62/2015;2015_62_98;evpupseeri;1
1348;62/2015;2015_62_98;hivenen;2
1348;62/2015;2015_62_98;huolestunut;1
1348;62/2015;2015_62_98;sotilaseläkeikä;1
1348;62/2015;2015_62_98;nosto;2
1348;62/2015;2015_62_98;vaikutus;2
1348;62/2015;2015_62_98;minä;5
1348;62/2015;2015_62_98;puolustusjärjestelmä;1
1348;62/2015;2015_62_98;ja;5
1348;62/2015;2015_62_98;rajaturvallisuus;1
1348;62/2015;2015_62_98;ei;1
1348;62/2015;2015_62_98;kuitenkaan;1
1348;62/2015;2015_62_98;lähteä;1
1348;62/2015;2015_62_98;liioitella;1
1348;62/2015;2015_62_98;kuten;1
1348;62/2015;2015_62_98;edustaja;1
1348;62/2015;2015_62_98;blomqvist;1
1348;62/2015;2015_62_98;oma;1
1348;62/2015;2015_62_98;puheenvuoro;1
1348;62/2015;2015_62_98;tehdä;1
1348;62/2015;2015_62_98;sotilasvirka;1
1348;62/2015;2015_62_98;palvella;1
1348;62/2015;2015_62_98;reservi;7
1348;62/2015;2015_62_98;saakka;1
1348;62/2015;2015_62_98;kun;2
1348;62/2015;2015_62_98;hän;1
1348;62/2015;2015_62_98;täyttää;1
1348;62/2015;2015_62_98;vuosi;2
1348;62/2015;2015_62_98;kaksi;1
1348;62/2015;2015_62_98;eläkeikä;1
1348;62/2015;2015_62_98;tulla;3
1348;62/2015;2015_62_98;pienentää;1
1348;62/2015;2015_62_98;ammattisotilas;2
1348;62/2015;2015_62_98;noin;1
1348;62/2015;2015_62_98;henki;1
1348;62/2015;2015_62_98;totta;1
1348;62/2015;2015_62_98;kai;1
1348;62/2015;2015_62_98;puolustuskyky;2
1348;62/2015;2015_62_98;ääretön;1
1348;62/2015;2015_62_98;tärkeä;3
1348;62/2015;2015_62_98;ennen;1
1348;62/2015;2015_62_98;kaikkea;1
1348;62/2015;2015_62_98;tilanne;2
1348;62/2015;2015_62_98;joka;1
1348;62/2015;2015_62_98;valmius;1
1348;62/2015;2015_62_98;joutua;1
1348;62/2015;2015_62_98;korottaa;1
1348;62/2015;2015_62_98;tietysti;2
1348;62/2015;2015_62_98;miten;2
1348;62/2015;2015_62_98;kyetä;1
1348;62/2015;2015_62_98;kaikki;1
1348;62/2015;2015_62_98;turvata;1
1348;62/2015;2015_62_98;huolehtia;2
1348;62/2015;2015_62_98;myös;3
1348;62/2015;2015_62_98;riittävä;1
1348;62/2015;2015_62_98;hyvin;1
1348;62/2015;2015_62_98;luonteva;1
1348;62/2015;2015_62_98;voida;1
1348;62/2015;2015_62_98;toteuttaa;1
1348;62/2015;2015_62_98;esimerkiksi;1
1348;62/2015;2015_62_98;nostaa;1
1348;62/2015;2015_62_98;sitten;1
1348;62/2015;2015_62_98;ikä;1
1348;62/2015;2015_62_98;yläraja;1
1348;62/2015;2015_62_98;ihminen;1
1348;62/2015;2015_62_98;siellä;1
1348;62/2015;2015_62_98;palveluskuntoinen;1
1348;62/2015;2015_62_98;kykenevä;1
1348;62/2015;2015_62_98;mahdollimman;1
1348;62/2015;2015_62_98;pitkään;1
1348;62/2015;2015_62_98;keskustella;1
1348;62/2015;2015_62_98;todella;1
1348;62/2015;2015_62_98;työhyvinvointi;1
1348;62/2015;2015_62_98;niin;1
1348;62/2015;2015_62_98;pitää;1
1348;62/2015;2015_62_98;huoli;1
1348;62/2015;2015_62_98;hyvinvointi;1
1348;62/2015;2015_62_114;arvoisa;1
1348;62/2015;2015_62_114;rouva;1
1348;62/2015;2015_62_114;puhemies;1
1348;62/2015;2015_62_114;aivan;1
1348;62/2015;2015_62_114;samoin;1
1348;62/2015;2015_62_114;kuin;1
1348;62/2015;2015_62_114;edustaja;2
1348;62/2015;2015_62_114;korhonen;1
1348;62/2015;2015_62_114;tuossa;1
1348;62/2015;2015_62_114;oma;1
1348;62/2015;2015_62_114;puheenvuoro;2
1348;62/2015;2015_62_114;tervehtiä;1
1348;62/2015;2015_62_114;kyllä;2
1348;62/2015;2015_62_114;ilo;1
1348;62/2015;2015_62_114;se;6
1348;62/2015;2015_62_114;valiokunta;1
1348;62/2015;2015_62_114;kanta;1
1348;62/2015;2015_62_114;että;3
1348;62/2015;2015_62_114;tämä;5
1348;62/2015;2015_62_114;esitys;1
1348;62/2015;2015_62_114;ei;2
1348;62/2015;2015_62_114;nyt;2
1348;62/2015;2015_62_114;sisältyä;1
1348;62/2015;2015_62_114;henkilöliikenne;1
1348;62/2015;2015_62_114;avaaminen;1
1348;62/2015;2015_62_114;liittyä;1
1348;62/2015;2015_62_114;kysymys;1
1348;62/2015;2015_62_114;taavitsainen;1
1348;62/2015;2015_62_114;käyttää;1
1348;62/2015;2015_62_114;erinomainen;1
1348;62/2015;2015_62_114;kiitos;1
1348;62/2015;2015_62_114;olla;4
1348;62/2015;2015_62_114;ääretön;2
1348;62/2015;2015_62_114;tärkeä;1
1348;62/2015;2015_62_114;kun;2
1348;62/2015;2015_62_114;eurooppa;1
1348;62/2015;2015_62_114;unioni;1
1348;62/2015;2015_62_114;taso;1
1348;62/2015;2015_62_114;neuvotella;1
1348;62/2015;2015_62_114;sieltä;3
1348;62/2015;2015_62_114;tulla;4
1348;62/2015;2015_62_114;totta;1
1348;62/2015;2015_62_114;kai;1
1348;62/2015;2015_62_114;minä;6
1348;62/2015;2015_62_114;velvoittaa;2
1348;62/2015;2015_62_114;lainsäädäntö;3
1348;62/2015;2015_62_114;suomalainen;1
1348;62/2015;2015_62_114;hyvä;1
1348;62/2015;2015_62_114;oppia;1
1348;62/2015;2015_62_114;kysyä;1
1348;62/2015;2015_62_114;eu;2
1348;62/2015;2015_62_114;suunta;1
1348;62/2015;2015_62_114;niin;1
1348;62/2015;2015_62_114;voida;2
1348;62/2015;2015_62_114;toimia;2
1348;62/2015;2015_62_114;näin;2
1348;62/2015;2015_62_114;vaan;1
1348;62/2015;2015_62_114;miten;1
1348;62/2015;2015_62_114;kysymyksenasettelu;1
1348;62/2015;2015_62_114;aina;1
1348;62/2015;2015_62_114;silloin;1
1348;62/2015;2015_62_114;ja;1
1348;62/2015;2015_62_114;alkaa;1
1348;62/2015;2015_62_114;tänne;1
1348;62/2015;2015_62_114;kansallinen;2
1348;62/2015;2015_62_114;sitten;1
1348;62/2015;2015_62_114;implementoida;1
1348;62/2015;2015_62_114;koska;1
1348;62/2015;2015_62_114;yleensä;1
1348;62/2015;2015_62_114;unionisäädös;1
1348;62/2015;2015_62_114;kuitenkin;1
1348;62/2015;2015_62_114;sellainen;1
1348;62/2015;2015_62_114;jättää;1
1348;62/2015;2015_62_114;hyvin;1
1348;62/2015;2015_62_114;suuri;1
1348;62/2015;2015_62_114;liikkumavara;1
1348;62/2015;2015_62_114;joka;1
1348;62/2015;2015_62_114;mieli;1
1348;62/2015;2015_62_114;hyödyntää;1
1348;62/2015;2015_62_114;huomattavasti;1
1348;62/2015;2015_62_114;nykyinen;1
1348;62/2015;2015_62_114;laajasti;1
1348;62/2015;2015_62_135;arvoisa;1
1348;62/2015;2015_62_135;rouva;1
1348;62/2015;2015_62_135;puhemies;1
1348;62/2015;2015_62_135;kiitos;1
1348;62/2015;2015_62_135;edustaja;1
1348;62/2015;2015_62_135;korhonen;1
1348;62/2015;2015_62_135;ja;3
1348;62/2015;2015_62_135;kari;1
1348;62/2015;2015_62_135;hyvä;2
1348;62/2015;2015_62_135;puheenvuoro;1
1348;62/2015;2015_62_135;näin;2
1348;62/2015;2015_62_135;valiokunta;1
1348;62/2015;2015_62_135;itse;1
1348;62/2015;2015_62_135;työskennellä;1
1348;62/2015;2015_62_135;olla;6
1348;62/2015;2015_62_135;erittäin;1
1348;62/2015;2015_62_135;mielekäs;1
1348;62/2015;2015_62_135;että;7
1348;62/2015;2015_62_135;nähdä;1
1348;62/2015;2015_62_135;se;6
1348;62/2015;2015_62_135;myös;2
1348;62/2015;2015_62_135;tämä;3
1348;62/2015;2015_62_135;valiokuntatyöskentely;1
1348;62/2015;2015_62_135;aidosti;1
1348;62/2015;2015_62_135;voida;1
1348;62/2015;2015_62_135;vaikuttaa;1
1348;62/2015;2015_62_135;pitää;1
1348;62/2015;2015_62_135;ääretön;2
1348;62/2015;2015_62_135;tärkeä;2
1348;62/2015;2015_62_135;nyt;2
1348;62/2015;2015_62_135;antaa;1
1348;62/2015;2015_62_135;hallitus;3
1348;62/2015;2015_62_135;esitys;1
1348;62/2015;2015_62_135;kunnioittaa;1
1348;62/2015;2015_62_135;kunnallinen;4
1348;62/2015;2015_62_135;itsehallinto;3
1348;62/2015;2015_62_135;demokratia;1
1348;62/2015;2015_62_135;luopua;1
1348;62/2015;2015_62_135;esimerkiksi;1
1348;62/2015;2015_62_135;pakkoselvittäminen;1
1348;62/2015;2015_62_135;velvollisuus;1
1348;62/2015;2015_62_135;edellinen;1
1348;62/2015;2015_62_135;lähtökohta;1
1348;62/2015;2015_62_135;kuntaraja;2
1348;62/2015;2015_62_135;ei;1
1348;62/2015;2015_62_135;kuulua;2
1348;62/2015;2015_62_135;piiri;2
1348;62/2015;2015_62_135;tyytyväinen;1
1348;62/2015;2015_62_135;tunnustaa;1
1348;62/2015;2015_62_135;kyllä;1
1348;62/2015;2015_62_135;irtisanomissuoja;1
1348;62/2015;2015_62_135;poistaminen;1
1348;62/2015;2015_62_135;päätös;1
1348;62/2015;2015_62_135;entinen;1
1348;62/2015;2015_62_135;kuntajohtaja;1
1348;62/2015;2015_62_135;näkökulma;1
1348;62/2015;2015_62_135;mahdollistaa;1
1348;62/2015;2015_62_135;yhdistyä;1
1348;62/2015;2015_62_135;kunta;1
1348;62/2015;2015_62_135;toiminto;1
1348;62/2015;2015_62_135;kehittäminen;1
1348;62/2015;2015_62_135;mahdollinen;1
1348;62/2015;2015_62_135;tapa;1
1348;62/2015;2015_62_135;kyetä;1
1348;62/2015;2015_62_135;kustannustehokkaasti;1
1348;62/2015;2015_62_135;tuottaa;1
1348;62/2015;2015_62_135;kuntalainen;1
1348;62/2015;2015_62_135;hän;1
1348;62/2015;2015_62_135;tarvita;1
1348;62/2015;2015_62_135;peruspalvelu;1
1348;66/2015;2015_66_189;arvoisa;1
1348;66/2015;2015_66_189;herra;1
1348;66/2015;2015_66_189;puhemies;1
1348;66/2015;2015_66_189;edustaja;3
1348;66/2015;2015_66_189;ala-nissilä;1
1348;66/2015;2015_66_189;käyttää;1
1348;66/2015;2015_66_189;tämä;7
1348;66/2015;2015_66_189;erinomainen;1
1348;66/2015;2015_66_189;puheenvuoro;2
1348;66/2015;2015_66_189;olla;6
1348;66/2015;2015_66_189;täysin;1
1348;66/2015;2015_66_189;sama;1
1348;66/2015;2015_66_189;mieli;1
1348;66/2015;2015_66_189;että;5
1348;66/2015;2015_66_189;autovero;1
1348;66/2015;2015_66_189;alentaminen;1
1348;66/2015;2015_66_189;pelkästään;2
1348;66/2015;2015_66_189;positiivinen;4
1348;66/2015;2015_66_189;toimenpide;1
1348;66/2015;2015_66_189;ja;4
1348;66/2015;2015_66_189;se;11
1348;66/2015;2015_66_189;vaikutus;2
1348;66/2015;2015_66_189;maa;1
1348;66/2015;2015_66_189;talous;1
1348;66/2015;2015_66_189;suomi;1
1348;66/2015;2015_66_189;autoverotus;1
1348;66/2015;2015_66_189;varsin;1
1348;66/2015;2015_66_189;korkea;1
1348;66/2015;2015_66_189;jo;1
1348;66/2015;2015_66_189;hyvä;1
1348;66/2015;2015_66_189;aika;1
1348;66/2015;2015_66_189;puuttua;1
1348;66/2015;2015_66_189;uotila;3
1348;66/2015;2015_66_189;ottaa;1
1348;66/2015;2015_66_189;oma;2
1348;66/2015;2015_66_189;esille;1
1348;66/2015;2015_66_189;maakunta;1
1348;66/2015;2015_66_189;ihminen;2
1348;66/2015;2015_66_189;joka;2
1348;66/2015;2015_66_189;siellä;1
1348;66/2015;2015_66_189;ajaa;2
1348;66/2015;2015_66_189;vanha;2
1348;66/2015;2015_66_189;sana;1
1348;66/2015;2015_66_189;datsunut;1
1348;66/2015;2015_66_189;muu;1
1348;66/2015;2015_66_189;ihmetellä;1
1348;66/2015;2015_66_189;ei;4
1348;66/2015;2015_66_189;pitää;1
1348;66/2015;2015_66_189;nyt;2
1348;66/2015;2015_66_189;veronalennus;2
1348;66/2015;2015_66_189;kautta;1
1348;66/2015;2015_66_189;myös;2
1348;66/2015;2015_66_189;henkilö;1
1348;66/2015;2015_66_189;tulla;2
1348;66/2015;2015_66_189;edullinen;1
1348;66/2015;2015_66_189;uusia;1
1348;66/2015;2015_66_189;autokanta;1
1348;66/2015;2015_66_189;välttämättä;1
1348;66/2015;2015_66_189;enää;1
1348;66/2015;2015_66_189;datsun;1
1348;66/2015;2015_66_189;vaan;1
1348;66/2015;2015_66_189;hankkia;1
1348;66/2015;2015_66_189;uusi;1
1348;66/2015;2015_66_189;auto;2
1348;66/2015;2015_66_189;sieltä;1
1348;66/2015;2015_66_189;autokauppa;1
1348;66/2015;2015_66_189;nähdä;2
1348;66/2015;2015_66_189;varmasti;1
1348;66/2015;2015_66_189;ihme;1
1348;66/2015;2015_66_189;tehdä;1
1348;66/2015;2015_66_189;niin;1
1348;66/2015;2015_66_189;pieni;1
1348;66/2015;2015_66_189;mutta;1
1348;66/2015;2015_66_189;kuitenkin;1
1348;66/2015;2015_66_189;piristää;1
1348;66/2015;2015_66_189;kauppa;1
1348;66/2015;2015_66_189;hämmästellä;1
1348;66/2015;2015_66_189;oppositio;1
1348;66/2015;2015_66_189;kyetä;1
1348;66/2015;2015_66_189;ympäristö;1
1348;66/2015;2015_66_189;seurata;1
1348;66/2015;2015_66_194;arvoisa;1
1348;66/2015;2015_66_194;herra;1
1348;66/2015;2015_66_194;puhemies;1
1348;66/2015;2015_66_194;edustaja;3
1348;66/2015;2015_66_194;feldt-ranta;1
1348;66/2015;2015_66_194;puheenvuoro;1
1348;66/2015;2015_66_194;todeta;2
1348;66/2015;2015_66_194;että;4
1348;66/2015;2015_66_194;vastakkainasettelu;2
1348;66/2015;2015_66_194;tulla;3
1348;66/2015;2015_66_194;välttää;1
1348;66/2015;2015_66_194;olla;6
1348;66/2015;2015_66_194;sama;1
1348;66/2015;2015_66_194;mieli;1
1348;66/2015;2015_66_194;mutta;2
1348;66/2015;2015_66_194;nyt;1
1348;66/2015;2015_66_194;valitettavasti;1
1348;66/2015;2015_66_194;itse;2
1348;66/2015;2015_66_194;syyllistyä;1
1348;66/2015;2015_66_194;tämä;3
1348;66/2015;2015_66_194;asettaa;1
1348;66/2015;2015_66_194;autovero;2
1348;66/2015;2015_66_194;alennus;1
1348;66/2015;2015_66_194;ja;2
1348;66/2015;2015_66_194;maakunta;2
1348;66/2015;2015_66_194;liikenneyhteys;2
1348;66/2015;2015_66_194;vastakkain;1
1348;66/2015;2015_66_194;näin;1
1348;66/2015;2015_66_194;ei;2
1348;66/2015;2015_66_194;mikään;1
1348;66/2015;2015_66_194;tapaus;1
1348;66/2015;2015_66_194;kuten;1
1348;66/2015;2015_66_194;hallitus;2
1348;66/2015;2015_66_194;vastaus;1
1348;66/2015;2015_66_194;oppositio;1
1348;66/2015;2015_66_194;välikysymys;1
1348;66/2015;2015_66_194;ilmetä;1
1348;66/2015;2015_66_194;turvata;1
1348;66/2015;2015_66_194;myös;1
1348;66/2015;2015_66_194;se;5
1348;66/2015;2015_66_194;käyttää;1
1348;66/2015;2015_66_194;keino;1
1348;66/2015;2015_66_194;uotila;1
1348;66/2015;2015_66_194;taas;1
1348;66/2015;2015_66_194;vielä;1
1348;66/2015;2015_66_194;aivan;1
1348;66/2015;2015_66_194;oikea;1
1348;66/2015;2015_66_194;varmasti;1
1348;66/2015;2015_66_194;kaikki;1
1348;66/2015;2015_66_194;tulevaisuus;1
1348;66/2015;2015_66_194;mahdollisuus;2
1348;66/2015;2015_66_194;voida;1
1348;66/2015;2015_66_194;käydä;1
1348;66/2015;2015_66_194;uusi;1
1348;66/2015;2015_66_194;auto;1
1348;66/2015;2015_66_194;hankkia;1
1348;66/2015;2015_66_194;alentaminen;1
1348;66/2015;2015_66_194;myötä;1
1348;66/2015;2015_66_194;yhä;1
1348;66/2015;2015_66_194;suuri;1
1348;66/2015;2015_66_194;joukko;1
1348;66/2015;2015_66_194;sitten;1
1348;66/2015;2015_66_194;pitää;1
1348;66/2015;2015_66_194;ainoastaan;1
1348;66/2015;2015_66_194;positiivinen;1
1348;66/2015;2015_66_194;asia;1
1348;66/2015;2015_66_198;arvoisa;1
1348;66/2015;2015_66_198;herra;1
1348;66/2015;2015_66_198;puhemies;1
1348;66/2015;2015_66_198;edustaja;2
1348;66/2015;2015_66_198;feldt-ranta;2
1348;66/2015;2015_66_198;käyttää;3
1348;66/2015;2015_66_198;aivan;1
1348;66/2015;2015_66_198;hyvä;1
1348;66/2015;2015_66_198;puheenvuoro;1
1348;66/2015;2015_66_198;tämä;4
1348;66/2015;2015_66_198;ja;7
1348;66/2015;2015_66_198;olla;9
1348;66/2015;2015_66_198;tietysti;3
1348;66/2015;2015_66_198;täysin;1
1348;66/2015;2015_66_198;selvä;1
1348;66/2015;2015_66_198;että;3
1348;66/2015;2015_66_198;lappi;4
1348;66/2015;2015_66_198;kantaa;2
1348;66/2015;2015_66_198;myös;4
1348;66/2015;2015_66_198;huoli;2
1348;66/2015;2015_66_198;joukkoliikenne;4
1348;66/2015;2015_66_198;valitettavasti;2
1348;66/2015;2015_66_198;kokonaisuuten;1
1348;66/2015;2015_66_198;ajaa;1
1348;66/2015;2015_66_198;alas;1
1348;66/2015;2015_66_198;jo;1
1348;66/2015;2015_66_198;edellinen;1
1348;66/2015;2015_66_198;hallitus;2
1348;66/2015;2015_66_198;toimi;1
1348;66/2015;2015_66_198;esimerkiksi;1
1348;66/2015;2015_66_198;enontekiö;1
1348;66/2015;2015_66_198;jos;1
1348;66/2015;2015_66_198;lähteä;1
1348;66/2015;2015_66_198;vaikkapa;1
1348;66/2015;2015_66_198;leppäjärvi;1
1348;66/2015;2015_66_198;heta;1
1348;66/2015;2015_66_198;kirkonkylä;1
1348;66/2015;2015_66_198;se;6
1348;66/2015;2015_66_198;mennä;1
1348;66/2015;2015_66_198;viikko;1
1348;66/2015;2015_66_198;päästä;1
1348;66/2015;2015_66_198;takaisin;1
1348;66/2015;2015_66_198;sinne;1
1348;66/2015;2015_66_198;kilometri;1
1348;66/2015;2015_66_198;päähän;1
1348;66/2015;2015_66_198;mikäli;1
1348;66/2015;2015_66_198;yrittää;1
1348;66/2015;2015_66_198;vuoksi;1
1348;66/2015;2015_66_198;autoilu;1
1348;66/2015;2015_66_198;siellä;1
1348;66/2015;2015_66_198;erittäin;1
1348;66/2015;2015_66_198;tärkeä;2
1348;66/2015;2015_66_198;autottomuus;1
1348;66/2015;2015_66_198;usein;1
1348;66/2015;2015_66_198;synonyymi;1
1348;66/2015;2015_66_198;sitten;1
1348;66/2015;2015_66_198;työttömyys;1
1348;66/2015;2015_66_198;suuri;1
1348;66/2015;2015_66_198;liikennejärjestely;1
1348;66/2015;2015_66_198;toivottavasti;1
1348;66/2015;2015_66_198;voida;1
1348;66/2015;2015_66_198;viedä;1
1348;66/2015;2015_66_198;eteenpäin;1
1348;66/2015;2015_66_198;yli;1
1348;66/2015;2015_66_198;hallitustoppositiorajojen;1
1348;66/2015;2015_66_198;mutta;1
1348;66/2015;2015_66_198;uskoa;1
1348;66/2015;2015_66_198;vakuuttua;1
1348;66/2015;2015_66_198;maa;2
1348;66/2015;2015_66_198;istua;1
1348;66/2015;2015_66_198;nyt;1
1348;66/2015;2015_66_198;tulla;1
1348;66/2015;2015_66_198;kaikki;1
1348;66/2015;2015_66_198;keino;1
1348;66/2015;2015_66_198;turvata;1
1348;66/2015;2015_66_198;säilyvyys;1
1348;66/2015;2015_66_198;koko;1
1348;66/2015;2015_66_198;syrjäinen;1
1348;66/2015;2015_66_198;harvaan;1
1348;66/2015;2015_66_198;asuttu;1
1348;66/2015;2015_66_198;seutu;1
1348;66/2015;2015_66_198;siinä;1
1348;66/2015;2015_66_198;määrin;1
1348;66/2015;2015_66_198;kuin;2
1348;66/2015;2015_66_198;mahdollinen;1
1348;66/2015;2015_66_198;esille;1
1348;66/2015;2015_66_198;nostaa;1
1348;66/2015;2015_66_198;lentoliikenne;1
1348;66/2015;2015_66_198;toinen;1
1348;66/2015;2015_66_198;asiakysymys;1
1348;66/2015;2015_66_198;kehittäminen;2
1348;66/2015;2015_66_198;ääretön;1
1348;66/2015;2015_66_198;minä;1
1348;66/2015;2015_66_198;pohjoinen;1
1348;66/2015;2015_66_198;maakunta;1
1348;66/2015;2015_66_198;niin;1
1348;66/2015;2015_66_198;totta;1
1348;66/2015;2015_66_198;kai;1
1348;66/2015;2015_66_198;paikallinen;1
1348;66/2015;2015_66_198;liikkuvuus;1
1348;66/2015;2015_66_198;matkailu;1
1348;66/2015;2015_66_198;kanta;1
1348;73/2015;2015_73_84;arvoisa;1
1348;73/2015;2015_73_84;rouva;1
1348;73/2015;2015_73_84;puhemies;1
1348;73/2015;2015_73_84;haluta;1
1348;73/2015;2015_73_84;tämä;7
1348;73/2015;2015_73_84;vaihe;1
1348;73/2015;2015_73_84;kiittää;1
1348;73/2015;2015_73_84;edustaja;1
1348;73/2015;2015_73_84;kulmala;1
1348;73/2015;2015_73_84;erinomainen;1
1348;73/2015;2015_73_84;puheenvuoro;1
1348;73/2015;2015_73_84;uudistus;1
1348;73/2015;2015_73_84;osa;1
1348;73/2015;2015_73_84;nähdä;1
1348;73/2015;2015_73_84;että;3
1348;73/2015;2015_73_84;esitys;3
1348;73/2015;2015_73_84;olla;5
1348;73/2015;2015_73_84;paljon;2
1348;73/2015;2015_73_84;asia;1
1348;73/2015;2015_73_84;joka;3
1348;73/2015;2015_73_84;positiivinen;1
1348;73/2015;2015_73_84;mutta;1
1348;73/2015;2015_73_84;myös;2
1348;73/2015;2015_73_84;usea;1
1348;73/2015;2015_73_84;elementti;1
1348;73/2015;2015_73_84;syy;1
1348;73/2015;2015_73_84;sitten;2
1348;73/2015;2015_73_84;suhtautua;2
1348;73/2015;2015_73_84;valiokuntakäsittely;1
1348;73/2015;2015_73_84;kriittisesti;1
1348;73/2015;2015_73_84;katsoa;1
1348;73/2015;2015_73_84;mikä;1
1348;73/2015;2015_73_84;tapa;1
1348;73/2015;2015_73_84;hallitusohjelma;1
1348;73/2015;2015_73_84;vaatimus;1
1348;73/2015;2015_73_84;se;3
1348;73/2015;2015_73_84;minä;1
1348;73/2015;2015_73_84;keventää;1
1348;73/2015;2015_73_84;normi;1
1348;73/2015;2015_73_84;ja;3
1348;73/2015;2015_73_84;purkaa;1
1348;73/2015;2015_73_84;pohtia;1
1348;73/2015;2015_73_84;millainen;1
1348;73/2015;2015_73_84;taloudellinen;1
1348;73/2015;2015_73_84;vaikutus;1
1348;73/2015;2015_73_84;aiheutua;1
1348;73/2015;2015_73_84;ennen;1
1348;73/2015;2015_73_84;kaikkea;1
1348;73/2015;2015_73_84;kuljetusala;1
1348;73/2015;2015_73_84;yrittäjä;1
1348;73/2015;2015_73_84;uskoa;1
1348;73/2015;2015_73_84;kyllä;1
1348;73/2015;2015_73_84;kiinnittää;1
1348;73/2015;2015_73_84;huomio;1
1348;73/2015;2015_73_84;saada;1
1348;73/2015;2015_73_84;luoda;1
1348;73/2015;2015_73_84;sellainen;1
1348;73/2015;2015_73_84;helppo;1
1348;73/2015;2015_73_84;aika;1
1348;73/2015;2015_73_84;eduskunta;1
1348;73/2015;2015_73_84;yhtyä;1
1348;73/2015;2015_73_94;arvoisa;1
1348;73/2015;2015_73_94;rouva;1
1348;73/2015;2015_73_94;puhemies;1
1348;73/2015;2015_73_94;haluta;2
1348;73/2015;2015_73_94;ihan;1
1348;73/2015;2015_73_94;tämä;8
1348;73/2015;2015_73_94;alku;1
1348;73/2015;2015_73_94;todeta;1
1348;73/2015;2015_73_94;että;6
1348;73/2015;2015_73_94;arvostaa;1
1348;73/2015;2015_73_94;totta;2
1348;73/2015;2015_73_94;kai;2
1348;73/2015;2015_73_94;se;4
1348;73/2015;2015_73_94;työ;1
1348;73/2015;2015_73_94;mikä;2
1348;73/2015;2015_73_94;edustaja;1
1348;73/2015;2015_73_94;räsänen;1
1348;73/2015;2015_73_94;ministeri;1
1348;73/2015;2015_73_94;toimia;1
1348;73/2015;2015_73_94;tehdä;1
1348;73/2015;2015_73_94;erittäin;2
1348;73/2015;2015_73_94;vaikea;1
1348;73/2015;2015_73_94;olosuhde;1
1348;73/2015;2015_73_94;mutta;2
1348;73/2015;2015_73_94;tietenkään;1
1348;73/2015;2015_73_94;tilanne;1
1348;73/2015;2015_73_94;ei;1
1348;73/2015;2015_73_94;nyt;3
1348;73/2015;2015_73_94;muuttua;1
1348;73/2015;2015_73_94;mikään;1
1348;73/2015;2015_73_94;viimeinen;2
1348;73/2015;2015_73_94;vuosi;1
1348;73/2015;2015_73_94;ja;3
1348;73/2015;2015_73_94;edellinen;1
1348;73/2015;2015_73_94;hallitus;3
1348;73/2015;2015_73_94;toimenpide;1
1348;73/2015;2015_73_94;seuraus;1
1348;73/2015;2015_73_94;kokonaisuus;1
1348;73/2015;2015_73_94;suomi;1
1348;73/2015;2015_73_94;sisäinen;3
1348;73/2015;2015_73_94;turvallisuus;4
1348;73/2015;2015_73_94;järjestelmä;2
1348;73/2015;2015_73_94;joka;2
1348;73/2015;2015_73_94;osa;1
1348;73/2015;2015_73_94;myös;3
1348;73/2015;2015_73_94;harmaa;2
1348;73/2015;2015_73_94;talous;2
1348;73/2015;2015_73_94;torjunta;2
1348;73/2015;2015_73_94;sitten;1
1348;73/2015;2015_73_94;linkittyä;1
1348;73/2015;2015_73_94;olla;3
1348;73/2015;2015_73_94;ajaa;1
1348;73/2015;2015_73_94;valitettava;1
1348;73/2015;2015_73_94;alas;1
1348;73/2015;2015_73_94;yhteys;1
1348;73/2015;2015_73_94;kiittää;1
1348;73/2015;2015_73_94;kyllä;1
1348;73/2015;2015_73_94;lisätalousarvio;1
1348;73/2015;2015_73_94;osoittaa;2
1348;73/2015;2015_73_94;noin;1
1348;73/2015;2015_73_94;miljoona;1
1348;73/2015;2015_73_94;euro;1
1348;73/2015;2015_73_94;lisämääräraha;1
1348;73/2015;2015_73_94;tietysti;1
1348;73/2015;2015_73_94;vaihe;1
1348;73/2015;2015_73_94;tärkeä;1
1348;73/2015;2015_73_94;laastari;1
1348;73/2015;2015_73_94;aikainen;1
1348;73/2015;2015_73_94;haava;1
1348;73/2015;2015_73_94;paikkailu;1
1348;73/2015;2015_73_94;selvä;1
1348;73/2015;2015_73_94;kun;1
1348;73/2015;2015_73_94;kevät;1
1348;73/2015;2015_73_94;lähteä;1
1348;73/2015;2015_73_94;kehys;1
1348;73/2015;2015_73_94;katsoa;1
1348;73/2015;2015_73_94;minä;1
1348;73/2015;2015_73_94;täytyä;1
1348;73/2015;2015_73_94;kyetä;2
1348;73/2015;2015_73_94;kriittisesti;1
1348;73/2015;2015_73_94;tarkastella;1
1348;73/2015;2015_73_94;miettiä;1
1348;73/2015;2015_73_94;tapa;1
1348;73/2015;2015_73_94;säilyttää;1
1348;73/2015;2015_73_94;sellainen;1
1348;73/2015;2015_73_94;kuosi;1
1348;73/2015;2015_73_94;kansalainen;1
1348;73/2015;2015_73_94;taata;1
1348;73/2015;2015_73_94;näkökulma;1
1348;73/2015;2015_73_94;sinne;1
1348;73/2015;2015_73_94;riittävä;1
1348;73/2015;2015_73_94;resurssi;1
1348;73/2015;2015_73_97;arvoisa;1
1348;73/2015;2015_73_97;rouva;1
1348;73/2015;2015_73_97;puhemies;1
1348;73/2015;2015_73_97;haluta;1
1348;73/2015;2015_73_97;tämä;8
1348;73/2015;2015_73_97;todeta;1
1348;73/2015;2015_73_97;vain;2
1348;73/2015;2015_73_97;edustaja;1
1348;73/2015;2015_73_97;räsänen;1
1348;73/2015;2015_73_97;että;6
1348;73/2015;2015_73_97;ehkä;1
1348;73/2015;2015_73_97;takaisin;1
1348;73/2015;2015_73_97;saada;2
1348;73/2015;2015_73_97;rikoshyöty;1
1348;73/2015;2015_73_97;budjetoiminen;1
1348;73/2015;2015_73_97;hivenen;1
1348;73/2015;2015_73_97;alaspäin;1
1348;73/2015;2015_73_97;osoittaa;2
1348;73/2015;2015_73_97;se;4
1348;73/2015;2015_73_97;hallitus;3
1348;73/2015;2015_73_97;käsitellä;1
1348;73/2015;2015_73_97;asia;2
1348;73/2015;2015_73_97;realistisesti;1
1348;73/2015;2015_73_97;totta;1
1348;73/2015;2015_73_97;kai;1
1348;73/2015;2015_73_97;olla;6
1348;73/2015;2015_73_97;helppo;1
1348;73/2015;2015_73_97;vetää;1
1348;73/2015;2015_73_97;hattu;1
1348;73/2015;2015_73_97;ja;3
1348;73/2015;2015_73_97;ylöspäin;1
1348;73/2015;2015_73_97;mikä;2
1348;73/2015;2015_73_97;toimenpide;1
1348;73/2015;2015_73_97;aikaiseksi;1
1348;73/2015;2015_73_97;aivan;1
1348;73/2015;2015_73_97;sama;1
1348;73/2015;2015_73_97;mieli;1
1348;73/2015;2015_73_97;perumispäätös;1
1348;73/2015;2015_73_97;tehdä;1
1348;73/2015;2015_73_97;erittäin;1
1348;73/2015;2015_73_97;järkevä;1
1348;73/2015;2015_73_97;tilanne;1
1348;73/2015;2015_73_97;hieno;1
1348;73/2015;2015_73_97;nyt;1
1348;73/2015;2015_73_97;panostaa;1
1348;73/2015;2015_73_97;kaikki;1
1348;73/2015;2015_73_97;käyttää;1
1348;73/2015;2015_73_97;voimavara;1
1348;73/2015;2015_73_97;harmaa;1
1348;73/2015;2015_73_97;talous;1
1348;73/2015;2015_73_97;kyetä;1
1348;73/2015;2015_73_97;torjua;1
1348;73/2015;2015_73_97;ehkäistä;1
1348;73/2015;2015_73_97;maa;1
1348;73/2015;2015_73_97;aktiivisesti;1
1348;73/2015;2015_73_97;tehokkaasti;1
1348;73/2015;2015_73_107;arvoisa;1
1348;73/2015;2015_73_107;rouva;1
1348;73/2015;2015_73_107;puhemies;1
1348;73/2015;2015_73_107;ei;5
1348;73/2015;2015_73_107;nyt;2
1348;73/2015;2015_73_107;malttaa;1
1348;73/2015;2015_73_107;olla;11
1348;73/2015;2015_73_107;ottaa;2
1348;73/2015;2015_73_107;puheenvuoro;1
1348;73/2015;2015_73_107;kun;4
1348;73/2015;2015_73_107;edustaja;2
1348;73/2015;2015_73_107;kulmala;2
1348;73/2015;2015_73_107;mainita;1
1348;73/2015;2015_73_107;yksi;2
1348;73/2015;2015_73_107;lempipaikka;1
1348;73/2015;2015_73_107;eli;2
1348;73/2015;2015_73_107;sevettijärvi;1
1348;73/2015;2015_73_107;baari;1
1348;73/2015;2015_73_107;tilanne;3
1348;73/2015;2015_73_107;todella;1
1348;73/2015;2015_73_107;aivan;1
1348;73/2015;2015_73_107;kuten;2
1348;73/2015;2015_73_107;todeta;2
1348;73/2015;2015_73_107;että;4
1348;73/2015;2015_73_107;sinne;1
1348;73/2015;2015_73_107;ajella;1
1348;73/2015;2015_73_107;niin;2
1348;73/2015;2015_73_107;siellä;3
1348;73/2015;2015_73_107;paljon;1
1348;73/2015;2015_73_107;tie;1
1348;73/2015;2015_73_107;päällä;1
1348;73/2015;2015_73_107;poliisi;1
1348;73/2015;2015_73_107;näkyä;1
1348;73/2015;2015_73_107;sisäinen;2
1348;73/2015;2015_73_107;turvallisuus;4
1348;73/2015;2015_73_107;järjestelmä;1
1348;73/2015;2015_73_107;osa;1
1348;73/2015;2015_73_107;totta;1
1348;73/2015;2015_73_107;kai;1
1348;73/2015;2015_73_107;ääretön;2
1348;73/2015;2015_73_107;tärkeä;2
1348;73/2015;2015_73_107;tekijä;1
1348;73/2015;2015_73_107;se;10
1348;73/2015;2015_73_107;mikä;3
1348;73/2015;2015_73_107;tapa;3
1348;73/2015;2015_73_107;tämä;7
1348;73/2015;2015_73_107;hallitus;1
1348;73/2015;2015_73_107;onnistua;1
1348;73/2015;2015_73_107;taata;1
1348;73/2015;2015_73_107;arki;1
1348;73/2015;2015_73_107;turvallisuudentunne;1
1348;73/2015;2015_73_107;myös;2
1348;73/2015;2015_73_107;minä;4
1348;73/2015;2015_73_107;erityinen;2
1348;73/2015;2015_73_107;harvaan;2
1348;73/2015;2015_73_107;asua;2
1348;73/2015;2015_73_107;ja;8
1348;73/2015;2015_73_107;syrjäinen;2
1348;73/2015;2015_73_107;seutu;2
1348;73/2015;2015_73_107;joka;2
1348;73/2015;2015_73_107;käytäntö;1
1348;73/2015;2015_73_107;esimerkki;1
1348;73/2015;2015_73_107;tapahtua;2
1348;73/2015;2015_73_107;silloin;1
1348;73/2015;2015_73_107;poliisitoiminta;1
1348;73/2015;2015_73_107;jokin;3
1348;73/2015;2015_73_107;alue;2
1348;73/2015;2015_73_107;lakata;1
1348;73/2015;2015_73_107;millainen;1
1348;73/2015;2015_73_107;vaikutus;1
1348;73/2015;2015_73_107;seuraus;1
1348;73/2015;2015_73_107;johtaa;1
1348;73/2015;2015_73_107;ihminen;2
1348;73/2015;2015_73_107;vaihe;1
1348;73/2015;2015_73_107;laki;1
1348;73/2015;2015_73_107;valvominen;1
1348;73/2015;2015_73_107;oma;1
1348;73/2015;2015_73_107;käsi;1
1348;73/2015;2015_73_107;voida;1
1348;73/2015;2015_73_107;pitää;2
1348;73/2015;2015_73_107;minkäänlainen;1
1348;73/2015;2015_73_107;tavoitetila;1
1348;73/2015;2015_73_107;sivistysyhteiskunta;1
1348;73/2015;2015_73_107;toimia;1
1348;73/2015;2015_73_107;enontekiö;1
1348;73/2015;2015_73_107;kunnanjohtaja;1
1348;73/2015;2015_73_107;ennen;1
1348;73/2015;2015_73_107;valinta;1
1348;73/2015;2015_73_107;tänne;1
1348;73/2015;2015_73_107;eduskunta;1
1348;73/2015;2015_73_107;kunta;2
1348;73/2015;2015_73_107;viedä;1
1348;73/2015;2015_73_107;viimeinen;1
1348;73/2015;2015_73_107;poliisimies;1
1348;73/2015;2015_73_107;pois;2
1348;73/2015;2015_73_107;jatkua;1
1348;73/2015;2015_73_107;oikeastaan;1
1348;73/2015;2015_73_107;taitaa;1
1348;73/2015;2015_73_107;nelisen;1
1348;73/2015;2015_73_107;vuosi;1
1348;73/2015;2015_73_107;ainoastaan;1
1348;73/2015;2015_73_107;tutkinta;1
1348;73/2015;2015_73_107;työskennellä;1
1348;73/2015;2015_73_107;hän;1
1348;73/2015;2015_73_107;aikoa;1
1348;73/2015;2015_73_107;vetää;1
1348;73/2015;2015_73_107;lopulta;1
1348;73/2015;2015_73_107;painostus;1
1348;73/2015;2015_73_107;johdosta;1
1348;73/2015;2015_73_107;saada;1
1348;73/2015;2015_73_107;sitten;1
1348;73/2015;2015_73_107;poliisipartio;1
1348;73/2015;2015_73_107;takaisin;1
1348;73/2015;2015_73_107;valtava;2
1348;73/2015;2015_73_107;syke;1
1348;73/2015;2015_73_107;määrä;2
1348;73/2015;2015_73_107;nousta;1
1348;73/2015;2015_73_107;esimerkiksi;1
1348;73/2015;2015_73_107;rattijuopumus;1
1348;73/2015;2015_73_107;kertoa;1
1348;73/2015;2015_73_107;alkaa;1
1348;73/2015;2015_73_107;syyllistyä;1
1348;73/2015;2015_73_107;rikos;1
1348;73/2015;2015_73_107;enemmän;1
1348;73/2015;2015_73_107;mutta;1
1348;73/2015;2015_73_107;koska;1
1348;73/2015;2015_73_107;valvonta;1
1348;73/2015;2015_73_107;kohdentaa;1
1348;73/2015;2015_73_107;kokea;1
1348;73/2015;2015_73_107;täällä;1
1348;73/2015;2015_73_107;kyetä;1
1348;73/2015;2015_73_107;tehdä;1
1348;73/2015;2015_73_107;rellestää;1
1348;73/2015;2015_73_107;rällätä;1
1348;73/2015;2015_73_107;haluta;1
1348;73/2015;2015_73_107;yleinen;1
1348;73/2015;2015_73_107;järjestys;1
1348;73/2015;2015_73_107;syy;1
1348;73/2015;2015_73_107;aina;1
1348;73/2015;2015_73_107;mieli;1
1348;73/2015;2015_73_107;keskustella;1
1348;73/2015;2015_73_113;arvoisa;1
1348;73/2015;2015_73_113;rouva;1
1348;73/2015;2015_73_113;puhemies;1
1348;73/2015;2015_73_113;pahoitella;1
1348;73/2015;2015_73_113;jo;1
1348;73/2015;2015_73_113;tämä;3
1348;73/2015;2015_73_113;vaihe;1
1348;73/2015;2015_73_113;että;4
1348;73/2015;2015_73_113;joutua;1
1348;73/2015;2015_73_113;kyllä;1
1348;73/2015;2015_73_113;nyt;1
1348;73/2015;2015_73_113;käyttää;1
1348;73/2015;2015_73_113;puheenvuoro;1
1348;73/2015;2015_73_113;vastata;1
1348;73/2015;2015_73_113;erittäin;1
1348;73/2015;2015_73_113;tärkeä;1
1348;73/2015;2015_73_113;poliisikeskustelu;1
1348;73/2015;2015_73_113;ei;3
1348;73/2015;2015_73_113;malttaa;1
1348;73/2015;2015_73_113;olla;9
1348;73/2015;2015_73_113;sanoa;1
1348;73/2015;2015_73_113;kun;1
1348;73/2015;2015_73_113;edustaja;2
1348;73/2015;2015_73_113;kulmala;1
1348;73/2015;2015_73_113;nostaa;2
1348;73/2015;2015_73_113;esille;2
1348;73/2015;2015_73_113;pieni;1
1348;73/2015;2015_73_113;poliisilaitos;2
1348;73/2015;2015_73_113;ja;2
1348;73/2015;2015_73_113;se;4
1348;73/2015;2015_73_113;jokin;1
1348;73/2015;2015_73_113;päätyä;1
1348;73/2015;2015_73_113;tilanne;2
1348;73/2015;2015_73_113;joka;1
1348;73/2015;2015_73_113;poliisi;3
1348;73/2015;2015_73_113;noin;2
1348;73/2015;2015_73_113;kilometri;2
1348;73/2015;2015_73_113;päässä;1
1348;73/2015;2015_73_113;valitettavasti;1
1348;73/2015;2015_73_113;lappi;1
1348;73/2015;2015_73_113;tällainen;1
1348;73/2015;2015_73_113;arkipäivä;1
1348;73/2015;2015_73_113;esimerkiksi;1
1348;73/2015;2015_73_113;enontekiö;1
1348;73/2015;2015_73_113;heta;1
1348;73/2015;2015_73_113;matka;1
1348;73/2015;2015_73_113;kilpisjärvi;1
1348;73/2015;2015_73_113;sama;1
1348;73/2015;2015_73_113;kunta;1
1348;73/2015;2015_73_113;alue;1
1348;73/2015;2015_73_113;vilkas;1
1348;73/2015;2015_73_113;matkailukeskus;1
1348;73/2015;2015_73_113;ääretön;1
1348;73/2015;2015_73_113;pitkä;2
1348;73/2015;2015_73_113;aika;1
1348;73/2015;2015_73_113;odottaa;1
1348;73/2015;2015_73_113;vasteaika;1
1348;73/2015;2015_73_113;nousta;1
1348;73/2015;2015_73_113;usein;1
1348;73/2015;2015_73_113;usea;1
1348;73/2015;2015_73_113;tunti;1
1348;73/2015;2015_73_113;tietysti;1
1348;73/2015;2015_73_113;selvä;1
1348;73/2015;2015_73_113;niin;1
1348;73/2015;2015_73_113;kuin;1
1348;73/2015;2015_73_113;räsänen;1
1348;73/2015;2015_73_113;poliisitoiminta;1
1348;73/2015;2015_73_113;saada;1
1348;73/2015;2015_73_113;mikään;1
1348;73/2015;2015_73_113;lakata;1
1348;73/2015;2015_73_113;mutta;1
1348;73/2015;2015_73_113;mikäli;1
1348;73/2015;2015_73_113;viranomainen;1
1348;73/2015;2015_73_113;reagointiaika;1
1348;73/2015;2015_73_113;liian;2
1348;73/2015;2015_73_113;silloin;1
1348;73/2015;2015_73_113;kansalainen;1
1348;73/2015;2015_73_113;menettää;1
1348;73/2015;2015_73_113;luottamus;1
1348;73/2015;2015_73_113;enää;1
1348;73/2015;2015_73_113;soittaa;1
1348;73/2015;2015_73_113;koska;1
1348;73/2015;2015_73_113;tietää;1
1348;73/2015;2015_73_113;apu;1
1348;73/2015;2015_73_113;kaukana;1
1348;77/2015;2015_77_288;arvoisa;1
1348;77/2015;2015_77_288;rouva;1
1348;77/2015;2015_77_288;puhemies;1
1348;77/2015;2015_77_288;edustaja;3
1348;77/2015;2015_77_288;katainen;1
1348;77/2015;2015_77_288;tämä;6
1348;77/2015;2015_77_288;edellä;1
1348;77/2015;2015_77_288;viedä;1
1348;77/2015;2015_77_288;hivenen;1
1348;77/2015;2015_77_288;sana;1
1348;77/2015;2015_77_288;suu;1
1348;77/2015;2015_77_288;oleellinen;1
1348;77/2015;2015_77_288;esitys;1
1348;77/2015;2015_77_288;olla;11
1348;77/2015;2015_77_288;nyt;2
1348;77/2015;2015_77_288;kyllä;2
1348;77/2015;2015_77_288;se;6
1348;77/2015;2015_77_288;että;4
1348;77/2015;2015_77_288;kuntatalous;2
1348;77/2015;2015_77_288;vahvistaa;2
1348;77/2015;2015_77_288;toimenpide;1
1348;77/2015;2015_77_288;ja;6
1348;77/2015;2015_77_288;pitää;1
1348;77/2015;2015_77_288;erittäin;1
1348;77/2015;2015_77_288;positiivinen;2
1348;77/2015;2015_77_288;aalto;2
1348;77/2015;2015_77_288;käyttää;1
1348;77/2015;2015_77_288;tuossa;1
1348;77/2015;2015_77_288;äsken;1
1348;77/2015;2015_77_288;puheenvuoro;1
1348;77/2015;2015_77_288;sanoa;1
1348;77/2015;2015_77_288;osa;1
1348;77/2015;2015_77_288;julkinen;1
1348;77/2015;2015_77_288;talous;2
1348;77/2015;2015_77_288;totta;1
1348;77/2015;2015_77_288;kai;1
1348;77/2015;2015_77_288;näin;1
1348;77/2015;2015_77_288;mutta;2
1348;77/2015;2015_77_288;mieli;2
1348;77/2015;2015_77_288;ääretön;3
1348;77/2015;2015_77_288;hallitus;3
1348;77/2015;2015_77_288;kun;2
1348;77/2015;2015_77_288;edellinen;2
1348;77/2015;2015_77_288;joka;1
1348;77/2015;2015_77_288;edustaa;1
1348;77/2015;2015_77_288;puolue;1
1348;77/2015;2015_77_288;istua;1
1348;77/2015;2015_77_288;sälyttää;1
1348;77/2015;2015_77_288;vaikea;1
1348;77/2015;2015_77_288;leikkaus;2
1348;77/2015;2015_77_288;veronkorotuspäätös;1
1348;77/2015;2015_77_288;tuonne;1
1348;77/2015;2015_77_288;kunta;2
1348;77/2015;2015_77_288;vastata;1
1348;77/2015;2015_77_288;selkärangaton;1
1348;77/2015;2015_77_288;siellä;2
1348;77/2015;2015_77_288;panna;1
1348;77/2015;2015_77_288;kuntapäättäjä;1
1348;77/2015;2015_77_288;seinä;1
1348;77/2015;2015_77_288;vasten;1
1348;77/2015;2015_77_288;kiristää;1
1348;77/2015;2015_77_288;rahoitusruuvi;1
1348;77/2015;2015_77_288;pakottaa;1
1348;77/2015;2015_77_288;tehdä;1
1348;77/2015;2015_77_288;johdonmukainen;1
1348;77/2015;2015_77_288;paljon;1
1348;77/2015;2015_77_288;reilu;1
1348;77/2015;2015_77_288;vastuu;2
1348;77/2015;2015_77_288;kantaa;2
1348;77/2015;2015_77_288;täällä;1
1348;77/2015;2015_77_288;ei;1
1348;77/2015;2015_77_288;valmis;1
1348;77/2015;2015_77_307;arvoisa;1
1348;77/2015;2015_77_307;rouva;1
1348;77/2015;2015_77_307;puhemies;1
1348;77/2015;2015_77_307;ei;2
1348;77/2015;2015_77_307;voida;1
1348;77/2015;2015_77_307;kyllä;2
1348;77/2015;2015_77_307;muu;2
1348;77/2015;2015_77_307;kuin;1
1348;77/2015;2015_77_307;hämmästellä;1
1348;77/2015;2015_77_307;tämä;5
1348;77/2015;2015_77_307;oppositio;1
1348;77/2015;2015_77_307;linja;1
1348;77/2015;2015_77_307;sali;1
1348;77/2015;2015_77_307;olla;7
1348;77/2015;2015_77_307;nyt;5
1348;77/2015;2015_77_307;tänään;1
1348;77/2015;2015_77_307;pitkin;1
1348;77/2015;2015_77_307;päivä;1
1348;77/2015;2015_77_307;vaatia;1
1348;77/2015;2015_77_307;koko;1
1348;77/2015;2015_77_307;aika;1
1348;77/2015;2015_77_307;hyvä;2
1348;77/2015;2015_77_307;ja;8
1348;77/2015;2015_77_307;vaikutus;2
1348;77/2015;2015_77_307;arviointi;1
1348;77/2015;2015_77_307;minä;1
1348;77/2015;2015_77_307;tulla;3
1348;77/2015;2015_77_307;tunnustaa;4
1348;77/2015;2015_77_307;se;16
1348;77/2015;2015_77_307;fakta;1
1348;77/2015;2015_77_307;että;3
1348;77/2015;2015_77_307;edellinen;2
1348;77/2015;2015_77_307;hallitus;2
1348;77/2015;2015_77_307;tehdä;4
1348;77/2015;2015_77_307;vaikutusarviointi;1
1348;77/2015;2015_77_307;vaikea;3
1348;77/2015;2015_77_307;eli;1
1348;77/2015;2015_77_307;päätös;3
1348;77/2015;2015_77_307;jäädä;1
1348;77/2015;2015_77_307;sitten;3
1348;77/2015;2015_77_307;tai;1
1348;77/2015;2015_77_307;sysätä;1
1348;77/2015;2015_77_307;kunta;1
1348;77/2015;2015_77_307;vastuu;1
1348;77/2015;2015_77_307;kuten;2
1348;77/2015;2015_77_307;tapahtua;1
1348;77/2015;2015_77_307;kaikki;1
1348;77/2015;2015_77_307;hallituskausi;1
1348;77/2015;2015_77_307;leikkaus;1
1348;77/2015;2015_77_307;veronkorotus;1
1348;77/2015;2015_77_307;yrittää;1
1348;77/2015;2015_77_307;välttää;1
1348;77/2015;2015_77_307;laittaa;1
1348;77/2015;2015_77_307;kuntapäättäjä;1
1348;77/2015;2015_77_307;hitaasti;1
1348;77/2015;2015_77_307;mutta;2
1348;77/2015;2015_77_307;varmasti;2
1348;77/2015;2015_77_307;korjata;1
1348;77/2015;2015_77_307;virhe;1
1348;77/2015;2015_77_307;aukko;1
1348;77/2015;2015_77_307;siellä;1
1348;77/2015;2015_77_307;kuntatalous;4
1348;77/2015;2015_77_307;suuri;1
1348;77/2015;2015_77_307;valtava;1
1348;77/2015;2015_77_307;hidas;1
1348;77/2015;2015_77_307;korjaaminen;1
1348;77/2015;2015_77_307;myös;2
1348;77/2015;2015_77_307;edustaja;1
1348;77/2015;2015_77_307;aalto;1
1348;77/2015;2015_77_307;kun;2
1348;77/2015;2015_77_307;vahvistaa;2
1348;77/2015;2015_77_307;niin;1
1348;77/2015;2015_77_307;sinne;1
1348;77/2015;2015_77_307;paikallistalous;1
1348;77/2015;2015_77_307;paikallisesti;1
1348;77/2015;2015_77_307;pumpata;1
1348;77/2015;2015_77_307;sinä;1
1348;77/2015;2015_77_307;peräänkuuluttaa;1
1348;77/2015;2015_77_307;ostovoima;1
1348;77/2015;2015_77_307;hyödyttää;1
1348;77/2015;2015_77_307;kuntalainen;1
1348;77/2015;2015_77_307;samaten;1
1348;77/2015;2015_77_307;tehtävä;1
1348;77/2015;2015_77_307;velvoite;1
1348;77/2015;2015_77_307;keventäminen;1
1348;77/2015;2015_77_307;saada;1
1348;77/2015;2015_77_307;kunnolla;1
1348;77/2015;2015_77_307;vauhti;1
1348;77/2015;2015_77_307;edetä;1
1348;77/2015;2015_77_307;erittäin;1
1348;77/2015;2015_77_307;voimakas;1
1348;77/2015;2015_77_387;arvoisa;1
1348;77/2015;2015_77_387;rouva;1
1348;77/2015;2015_77_387;puhemies;1
1348;77/2015;2015_77_387;edustaja;2
1348;77/2015;2015_77_387;viljanen;2
1348;77/2015;2015_77_387;tämä;9
1348;77/2015;2015_77_387;edellä;1
1348;77/2015;2015_77_387;lähestulkoon;1
1348;77/2015;2015_77_387;viedä;1
1348;77/2015;2015_77_387;sana;1
1348;77/2015;2015_77_387;suu;1
1348;77/2015;2015_77_387;olla;8
1348;77/2015;2015_77_387;haluta;1
1348;77/2015;2015_77_387;nostaa;2
1348;77/2015;2015_77_387;esille;2
1348;77/2015;2015_77_387;nimenomaan;1
1348;77/2015;2015_77_387;metsästäjänäkökulma;1
1348;77/2015;2015_77_387;valiokunta;2
1348;77/2015;2015_77_387;erinomainen;1
1348;77/2015;2015_77_387;mietintö;2
1348;77/2015;2015_77_387;ääretön;3
1348;77/2015;2015_77_387;tärkeä;4
1348;77/2015;2015_77_387;nyt;5
1348;77/2015;2015_77_387;ottaa;1
1348;77/2015;2015_77_387;huomio;1
1348;77/2015;2015_77_387;se;4
1348;77/2015;2015_77_387;mikä;1
1348;77/2015;2015_77_387;puheenvuoro;1
1348;77/2015;2015_77_387;todeta;1
1348;77/2015;2015_77_387;että;5
1348;77/2015;2015_77_387;metsästää;1
1348;77/2015;2015_77_387;torjua;1
1348;77/2015;2015_77_387;haitallinen;1
1348;77/2015;2015_77_387;vieraslaji;1
1348;77/2015;2015_77_387;vapaaehtoistoimi;1
1348;77/2015;2015_77_387;ja;8
1348;77/2015;2015_77_387;erittäin;1
1348;77/2015;2015_77_387;toiminta;1
1348;77/2015;2015_77_387;kehittää;1
1348;77/2015;2015_77_387;pitää;1
1348;77/2015;2015_77_387;yllä;1
1348;77/2015;2015_77_387;metsästäjä;2
1348;77/2015;2015_77_387;motivaatio;2
1348;77/2015;2015_77_387;toteuttaa;1
1348;77/2015;2015_77_387;työ;2
1348;77/2015;2015_77_387;kun;1
1348;77/2015;2015_77_387;lähteä;1
1348;77/2015;2015_77_387;sitten;2
1348;77/2015;2015_77_387;laki;1
1348;77/2015;2015_77_387;tuleva;1
1348;77/2015;2015_77_387;asetus;1
1348;77/2015;2015_77_387;täytäntöön;1
1348;77/2015;2015_77_387;panna;1
1348;77/2015;2015_77_387;niin;1
1348;77/2015;2015_77_387;täytyä;1
1348;77/2015;2015_77_387;huolehtia;1
1348;77/2015;2015_77_387;minä;1
1348;77/2015;2015_77_387;riittävä;1
1348;77/2015;2015_77_387;resurssi;1
1348;77/2015;2015_77_387;säilyä;1
1348;77/2015;2015_77_387;tulevaisuus;1
1348;77/2015;2015_77_387;myös;2
1348;77/2015;2015_77_387;toteamus;1
1348;77/2015;2015_77_387;täällä;1
1348;77/2015;2015_77_387;minkki;1
1348;77/2015;2015_77_387;lisätä;1
1348;77/2015;2015_77_387;kansallinen;1
1348;77/2015;2015_77_387;vieraslajiluettelo;1
1348;77/2015;2015_77_387;edeltävä;1
1348;77/2015;2015_77_387;puhuja;1
1348;77/2015;2015_77_387;keinovalo;1
1348;77/2015;2015_77_387;tekninen;1
1348;77/2015;2015_77_387;apuväline;1
1348;77/2015;2015_77_387;käyttö;1
1348;77/2015;2015_77_387;merkittävä;1
1348;77/2015;2015_77_387;parannus;1
1348;77/2015;2015_77_387;nykytila;1
1348;77/2015;2015_77_387;joka;1
1348;77/2015;2015_77_387;maa;1
1348;77/2015;2015_77_387;vallita;1
1348;77/2015;2015_77_398;arvoisa;1
1348;77/2015;2015_77_398;rouva;1
1348;77/2015;2015_77_398;puhemies;1
1348;77/2015;2015_77_398;aivan;1
1348;77/2015;2015_77_398;kuten;1
1348;77/2015;2015_77_398;muu;1
1348;77/2015;2015_77_398;edellinen;1
1348;77/2015;2015_77_398;puhuja;1
1348;77/2015;2015_77_398;itse;1
1348;77/2015;2015_77_398;tervehtiä;1
1348;77/2015;2015_77_398;ilo;2
1348;77/2015;2015_77_398;tämä;8
1348;77/2015;2015_77_398;mietintö;1
1348;77/2015;2015_77_398;ja;6
1348;77/2015;2015_77_398;toivoa;1
1348;77/2015;2015_77_398;että;6
1348;77/2015;2015_77_398;kaikki;1
1348;77/2015;2015_77_398;sali;1
1348;77/2015;2015_77_398;olla;9
1348;77/2015;2015_77_398;tiedostaa;1
1348;77/2015;2015_77_398;se;5
1348;77/2015;2015_77_398;myös;1
1348;77/2015;2015_77_398;yleinen;1
1348;77/2015;2015_77_398;tietoisuus;1
1348;77/2015;2015_77_398;maatalous;1
1348;77/2015;2015_77_398;nyt;2
1348;77/2015;2015_77_398;suomi;1
1348;77/2015;2015_77_398;sellainen;1
1348;77/2015;2015_77_398;kriisi;1
1348;77/2015;2015_77_398;kannattavuus;1
1348;77/2015;2015_77_398;niin;1
1348;77/2015;2015_77_398;heikentyä;1
1348;77/2015;2015_77_398;mikään;1
1348;77/2015;2015_77_398;lisäkuorma;1
1348;77/2015;2015_77_398;ala;1
1348;77/2015;2015_77_398;ei;1
1348;77/2015;2015_77_398;kestää;1
1348;77/2015;2015_77_398;siis;1
1348;77/2015;2015_77_398;ääretön;1
1348;77/2015;2015_77_398;tärkeä;1
1348;77/2015;2015_77_398;hallitus;1
1348;77/2015;2015_77_398;reagoida;1
1348;77/2015;2015_77_398;tilanne;1
1348;77/2015;2015_77_398;kansallinen;1
1348;77/2015;2015_77_398;tukitoimi;1
1348;77/2015;2015_77_398;lakiesitys;1
1348;77/2015;2015_77_398;osa;1
1348;77/2015;2015_77_398;liittyä;1
1348;77/2015;2015_77_398;sama;1
1348;77/2015;2015_77_398;kokonaisuus;1
1348;77/2015;2015_77_398;sillä;1
1348;77/2015;2015_77_398;tulla;1
1348;77/2015;2015_77_398;keventää;1
1348;77/2015;2015_77_398;viljelijä;2
1348;77/2015;2015_77_398;kohdistua;1
1348;77/2015;2015_77_398;byrokratia;1
1348;77/2015;2015_77_398;ennen;1
1348;77/2015;2015_77_398;kaikkea;1
1348;77/2015;2015_77_398;siten;1
1348;77/2015;2015_77_398;luopua;1
1348;77/2015;2015_77_398;alle;1
1348;77/2015;2015_77_398;euro;1
1348;77/2015;2015_77_398;tuki;1
1348;77/2015;2015_77_398;takaisinperintä;1
1348;77/2015;2015_77_398;vaihe;1
1348;77/2015;2015_77_398;ilta;1
1348;77/2015;2015_77_398;sopiva;1
1348;77/2015;2015_77_398;jo;1
1348;77/2015;2015_77_398;todeta;1
1348;77/2015;2015_77_398;normitalkoo;1
1348;77/2015;2015_77_398;pyörähtää;1
1348;77/2015;2015_77_398;käynti;1
1348;77/2015;2015_77_398;varsin;1
1348;77/2015;2015_77_398;iloinen;1
1348;77/2015;2015_77_398;asia;1
1348;77/2015;2015_77_398;tapaus;1
1348;77/2015;2015_77_398;kohdentua;1
1348;77/2015;2015_77_398;tuonne;1
1348;77/2015;2015_77_429;arvoisa;1
1348;77/2015;2015_77_429;puhemies;1
1348;77/2015;2015_77_429;yrittää;1
1348;77/2015;2015_77_429;tuossa;1
1348;77/2015;2015_77_429;juuri;1
1348;77/2015;2015_77_429;perua;1
1348;77/2015;2015_77_429;tämä;5
1348;77/2015;2015_77_429;puheenvuoro;1
1348;77/2015;2015_77_429;koska;1
1348;77/2015;2015_77_429;edustaja;1
1348;77/2015;2015_77_429;torniainen;1
1348;77/2015;2015_77_429;jo;1
1348;77/2015;2015_77_429;aika;1
1348;77/2015;2015_77_429;yö;1
1348;77/2015;2015_77_429;niin;1
1348;77/2015;2015_77_429;kattavasti;1
1348;77/2015;2015_77_429;käsitellä;1
1348;77/2015;2015_77_429;mikä;1
1348;77/2015;2015_77_429;olla;2
1348;77/2015;2015_77_429;kysymys;1
1348;77/2015;2015_77_429;haluta;1
1348;77/2015;2015_77_429;vain;1
1348;77/2015;2015_77_429;pikaisesti;1
1348;77/2015;2015_77_429;todeta;1
1348;77/2015;2015_77_429;että;1
1348;77/2015;2015_77_429;kyse;1
1348;77/2015;2015_77_429;erittäin;1
1348;77/2015;2015_77_429;suuri;1
1348;77/2015;2015_77_429;kädenojentu;1
1348;77/2015;2015_77_429;hallitus;1
1348;77/2015;2015_77_429;pienituloinen;1
1348;77/2015;2015_77_429;suomalainen;1
1348;77/2015;2015_77_429;ja;2
1348;77/2015;2015_77_429;se;1
1348;77/2015;2015_77_429;täytyä;1
1348;77/2015;2015_77_429;tukea;1
1348;77/2015;2015_77_429;kannattaa;1
1348;77/2015;2015_77_462;arvoisa;1
1348;77/2015;2015_77_462;herra;1
1348;77/2015;2015_77_462;puhemies;1
1348;77/2015;2015_77_462;haluta;1
1348;77/2015;2015_77_462;muistuttaa;1
1348;77/2015;2015_77_462;sali;1
1348;77/2015;2015_77_462;istua;1
1348;77/2015;2015_77_462;oppositio;2
1348;77/2015;2015_77_462;edustaja;1
1348;77/2015;2015_77_462;yksi;1
1348;77/2015;2015_77_462;eu-lainsäädäntö;1
1348;77/2015;2015_77_462;ohjata;1
1348;77/2015;2015_77_462;keskeinen;1
1348;77/2015;2015_77_462;periaate;2
1348;77/2015;2015_77_462;joka;3
1348;77/2015;2015_77_462;olla;8
1348;77/2015;2015_77_462;subsidiariteetti;1
1348;77/2015;2015_77_462;eli;1
1348;77/2015;2015_77_462;läheisyysperiaate;2
1348;77/2015;2015_77_462;tämä;8
1348;77/2015;2015_77_462;tarkoittaa;1
1348;77/2015;2015_77_462;se;9
1348;77/2015;2015_77_462;että;5
1348;77/2015;2015_77_462;kaikki;2
1348;77/2015;2015_77_462;päätös;1
1348;77/2015;2015_77_462;tulla;3
1348;77/2015;2015_77_462;tehdä;1
1348;77/2015;2015_77_462;mahdollimman;1
1348;77/2015;2015_77_462;lähellä;1
1348;77/2015;2015_77_462;ihminen;1
1348;77/2015;2015_77_462;koskettaa;1
1348;77/2015;2015_77_462;hallitus;2
1348;77/2015;2015_77_462;esitys;1
1348;77/2015;2015_77_462;mitä;1
1348;77/2015;2015_77_462;hyvä;3
1348;77/2015;2015_77_462;tapa;1
1348;77/2015;2015_77_462;tukea;1
1348;77/2015;2015_77_462;tavoite;2
1348;77/2015;2015_77_462;käsittääksen;1
1348;77/2015;2015_77_462;kyllä;3
1348;77/2015;2015_77_462;hyväksyä;2
1348;77/2015;2015_77_462;aivan;1
1348;77/2015;2015_77_462;yli;1
1348;77/2015;2015_77_462;puolueraja;1
1348;77/2015;2015_77_462;joten;1
1348;77/2015;2015_77_462;hivenen;1
1348;77/2015;2015_77_462;ihmetellä;1
1348;77/2015;2015_77_462;kritiikki;1
1348;77/2015;2015_77_462;mikä;2
1348;77/2015;2015_77_462;takia;1
1348;77/2015;2015_77_462;ei;2
1348;77/2015;2015_77_462;jokin;1
1348;77/2015;2015_77_462;erinomainen;1
1348;77/2015;2015_77_462;asia;1
1348;77/2015;2015_77_462;totta;2
1348;77/2015;2015_77_462;kai;2
1348;77/2015;2015_77_462;erityinen;1
1348;77/2015;2015_77_462;merkityksellinen;1
1348;77/2015;2015_77_462;nyt;1
1348;77/2015;2015_77_462;alueellinen;2
1348;77/2015;2015_77_462;itsehallintouudistus;1
1348;77/2015;2015_77_462;kanta;1
1348;77/2015;2015_77_462;päättää;1
1348;77/2015;2015_77_462;vahvistaa;1
1348;77/2015;2015_77_462;itsehallinto;1
1348;77/2015;2015_77_462;mutta;1
1348;77/2015;2015_77_462;samalla;1
1348;77/2015;2015_77_462;laadukas;1
1348;77/2015;2015_77_462;kaavoitus;1
1348;77/2015;2015_77_462;ohjenuora;1
1348;77/2015;2015_77_462;ja;2
1348;77/2015;2015_77_462;sääntö;1
1348;77/2015;2015_77_462;edelleen;1
1348;77/2015;2015_77_462;pyrkiä;1
1348;77/2015;2015_77_462;minä;1
1348;77/2015;2015_77_462;muistaa;1
1348;77/2015;2015_77_462;valta;1
1348;77/2015;2015_77_462;mukana;1
1348;77/2015;2015_77_462;aina;1
1348;77/2015;2015_77_462;vastuu;3
1348;77/2015;2015_77_462;uskoa;1
1348;77/2015;2015_77_462;tällainen;1
1348;77/2015;2015_77_462;kaavoitusasia;1
1348;77/2015;2015_77_462;kantaa;2
1348;77/2015;2015_77_462;paikallisesti;2
1348;77/2015;2015_77_462;siellä;1
1348;77/2015;2015_77_462;maakunta;1
1348;77/2015;2015_77_462;kuin;1
1348;77/2015;2015_77_462;täällä;1
1348;77/2015;2015_77_462;ympäristöministeriö;1
1348;77/2015;2015_77_462;koska;1
1348;77/2015;2015_77_462;tietää;1
1348;77/2015;2015_77_462;parhaiten;1
1348;77/2015;2015_77_462;millainen;1
1348;77/2015;2015_77_462;ratkaisu;1
1348;77/2015;2015_77_462;alue;1
1348;77/2015;2015_77_462;soveltua;1
1348;77/2015;2015_77_462;viisaus;1
1348;77/2015;2015_77_462;kollega;1
1348;77/2015;2015_77_462;asua;1
1348;77/2015;2015_77_462;helsinki;1
1348;84/2015;2015_84_54;arvoisa;1
1348;84/2015;2015_84_54;puhemies;1
1348;84/2015;2015_84_54;tarkoitus;1
1348;84/2015;2015_84_54;olla;1
1348;84/2015;2015_84_54;painaa;1
1348;84/2015;2015_84_368;arvoisa;1
1348;84/2015;2015_84_368;rouva;1
1348;84/2015;2015_84_368;puhemies;1
1348;4/2016;2016_4_195;arvoisa;1
1348;4/2016;2016_4_195;rouva;1
1348;4/2016;2016_4_195;puhemies;1
1348;4/2016;2016_4_195;kiitos;2
1348;4/2016;2016_4_195;ministeri;2
1348;4/2016;2016_4_195;berner;1
1348;4/2016;2016_4_195;olla;8
1348;4/2016;2016_4_195;todella;1
1348;4/2016;2016_4_195;erinomainen;1
1348;4/2016;2016_4_195;asia;3
1348;4/2016;2016_4_195;että;4
1348;4/2016;2016_4_195;tämä;9
1348;4/2016;2016_4_195;pitkään;2
1348;4/2016;2016_4_195;työstää;2
1348;4/2016;2016_4_195;sopimus;3
1348;4/2016;2016_4_195;saada;2
1348;4/2016;2016_4_195;nyt;3
1348;4/2016;2016_4_195;tänne;2
1348;4/2016;2016_4_195;eduskunta;1
1348;4/2016;2016_4_195;käsitellä;2
1348;4/2016;2016_4_195;rautatieyhteistyö;1
1348;4/2016;2016_4_195;venäjä;2
1348;4/2016;2016_4_195;kanssa;1
1348;4/2016;2016_4_195;ääretön;1
1348;4/2016;2016_4_195;tärkeä;1
1348;4/2016;2016_4_195;itse;1
1348;4/2016;2016_4_195;liittyä;2
1348;4/2016;2016_4_195;minä;3
1348;4/2016;2016_4_195;ei;2
1348;4/2016;2016_4_195;varsinaisesti;2
1348;4/2016;2016_4_195;mikään;1
1348;4/2016;2016_4_195;duubio;1
1348;4/2016;2016_4_195;mutta;3
1348;4/2016;2016_4_195;avata;1
1348;4/2016;2016_4_195;kaikki;1
1348;4/2016;2016_4_195;rautatieraja-asema;2
1348;4/2016;2016_4_195;kaikentyyppinen;1
1348;4/2016;2016_4_195;tavara;1
1348;4/2016;2016_4_195;kuljettaminen;1
1348;4/2016;2016_4_195;ja;7
1348;4/2016;2016_4_195;esitys;1
1348;4/2016;2016_4_195;myös;1
1348;4/2016;2016_4_195;todeta;1
1348;4/2016;2016_4_195;aiheuttaa;1
1348;4/2016;2016_4_195;muutos;1
1348;4/2016;2016_4_195;suomi;1
1348;4/2016;2016_4_195;välinen;1
1348;4/2016;2016_4_195;rautatieliikenne;1
1348;4/2016;2016_4_195;tehtävä;1
1348;4/2016;2016_4_195;tulli;2
1348;4/2016;2016_4_195;rajavartioviranomainen;1
1348;4/2016;2016_4_195;mikäli;1
1348;4/2016;2016_4_195;siirto;1
1348;4/2016;2016_4_195;muu;1
1348;4/2016;2016_4_195;tulla;1
1348;4/2016;2016_4_195;se;1
1348;4/2016;2016_4_195;kautta;1
1348;4/2016;2016_4_195;tapahtua;1
1348;4/2016;2016_4_195;kuljetus;1
1348;4/2016;2016_4_195;lisääntyminen;1
1348;4/2016;2016_4_195;edellyttää;1
1348;4/2016;2016_4_195;rajavalvontaviranomainen;1
1348;4/2016;2016_4_195;työpanos;1
1348;4/2016;2016_4_195;lisääminen;1
1348;4/2016;2016_4_195;asema;1
1348;4/2016;2016_4_195;niin;2
1348;4/2016;2016_4_195;silloin;1
1348;4/2016;2016_4_195;täytyä;1
1348;4/2016;2016_4_195;varata;2
1348;4/2016;2016_4_195;rajavartiolaitos;3
1348;4/2016;2016_4_195;tulliviranomainen;1
1348;4/2016;2016_4_195;riittävä;1
1348;4/2016;2016_4_195;resurssi;1
1348;4/2016;2016_4_195;sisäinen;2
1348;4/2016;2016_4_195;turvallisuus;2
1348;4/2016;2016_4_195;kehys;2
1348;4/2016;2016_4_195;hetki;1
1348;4/2016;2016_4_195;erittäin;1
1348;4/2016;2016_4_195;ohut;1
1348;4/2016;2016_4_195;voimakas;2
1348;4/2016;2016_4_195;paine;1
1348;4/2016;2016_4_195;tuonne;1
1348;4/2016;2016_4_195;eu;1
1348;4/2016;2016_4_195;suunta;2
1348;4/2016;2016_4_195;frontex;1
1348;4/2016;2016_4_195;sinne;1
1348;4/2016;2016_4_195;joutua;2
1348;4/2016;2016_4_195;sanottu;1
1348;4/2016;2016_4_195;valmiusosasto;1
1348;4/2016;2016_4_195;noin;1
1348;4/2016;2016_4_195;henkilötyövuosi;2
1348;4/2016;2016_4_195;nykyinen;1
1348;4/2016;2016_4_195;vähentää;1
1348;4/2016;2016_4_195;vuosi;1
1348;4/2016;2016_4_195;mennessä;1
1348;4/2016;2016_4_195;jo;1
1348;4/2016;2016_4_195;uskoa;1
1348;4/2016;2016_4_195;kyllä;1
1348;4/2016;2016_4_195;hallitus;1
1348;4/2016;2016_4_195;sitten;1
1348;4/2016;2016_4_195;kehysriisi;1
1348;4/2016;2016_4_195;ottaa;1
1348;4/2016;2016_4_195;huomio;1
1348;4/2016;2016_4_195;lisäämispaine;1
1348;4/2016;2016_4_195;nimenomaan;1
1348;4/2016;2016_4_195;tuolla;1
1348;4/2016;2016_4_195;puoli;1
1348;4/2016;2016_4_195;vielä;1
1348;4/2016;2016_4_195;hieno;1
1348;8/2016;2016_8_10;arvoisa;1
1348;8/2016;2016_8_10;rouva;1
1348;8/2016;2016_8_10;puhemies;1
1348;8/2016;2016_8_10;ilo;1
1348;8/2016;2016_8_10;tervehtiä;1
1348;8/2016;2016_8_10;tämä;5
1348;8/2016;2016_8_10;edustaja;2
1348;8/2016;2016_8_10;korhonen;1
1348;8/2016;2016_8_10;ja;7
1348;8/2016;2016_8_10;räsänen;1
1348;8/2016;2016_8_10;puheenvuoro;1
1348;8/2016;2016_8_10;kyllä;2
1348;8/2016;2016_8_10;olla;9
1348;8/2016;2016_8_10;ääretön;2
1348;8/2016;2016_8_10;tärkeä;2
1348;8/2016;2016_8_10;huomata;1
1348;8/2016;2016_8_10;se;5
1348;8/2016;2016_8_10;että;5
1348;8/2016;2016_8_10;tulli;2
1348;8/2016;2016_8_10;osa;1
1348;8/2016;2016_8_10;minä;2
1348;8/2016;2016_8_10;sisäinen;2
1348;8/2016;2016_8_10;turvallisuus;3
1348;8/2016;2016_8_10;järjestelmä;1
1348;8/2016;2016_8_10;varmasti;3
1348;8/2016;2016_8_10;tarpeellinen;1
1348;8/2016;2016_8_10;nyt;2
1348;8/2016;2016_8_10;aivan;2
1348;8/2016;2016_8_10;avoimesti;1
1348;8/2016;2016_8_10;pohtia;1
1348;8/2016;2016_8_10;tarkoituksenmukainen;1
1348;8/2016;2016_8_10;todella;2
1348;8/2016;2016_8_10;toimia;1
1348;8/2016;2016_8_10;siellä;2
1348;8/2016;2016_8_10;valtiovarainministeriö;1
1348;8/2016;2016_8_10;alaisuus;2
1348;8/2016;2016_8_10;vai;1
1348;8/2016;2016_8_10;tulla;1
1348;8/2016;2016_8_10;tullihallinto;1
1348;8/2016;2016_8_10;sitten;2
1348;8/2016;2016_8_10;siirtää;1
1348;8/2016;2016_8_10;sisäministeriö;1
1348;8/2016;2016_8_10;minkälainen;1
1348;8/2016;2016_8_10;säästö;1
1348;8/2016;2016_8_10;hyöty;1
1348;8/2016;2016_8_10;kyetä;1
1348;8/2016;2016_8_10;saada;1
1348;8/2016;2016_8_10;aikaiseksi;1
1348;8/2016;2016_8_10;erityinen;1
1348;8/2016;2016_8_10;tilanne;1
1348;8/2016;2016_8_10;kun;1
1348;8/2016;2016_8_10;resurssi;1
1348;8/2016;2016_8_10;venyttää;1
1348;8/2016;2016_8_10;kapea;2
1348;8/2016;2016_8_10;mikäli;1
1348;8/2016;2016_8_10;tullimies;1
1348;8/2016;2016_8_10;voida;1
1348;8/2016;2016_8_10;tehokkaasti;1
1348;8/2016;2016_8_10;hyödyntää;1
1348;8/2016;2016_8_10;esimerkiksi;1
1348;8/2016;2016_8_10;syrjäseutu;1
1348;8/2016;2016_8_10;myös;2
1348;8/2016;2016_8_10;yleinen;1
1348;8/2016;2016_8_10;järjestys;1
1348;8/2016;2016_8_10;tehtävä;1
1348;8/2016;2016_8_10;ei;2
1348;8/2016;2016_8_10;pelkästään;1
1348;8/2016;2016_8_10;ptr-yhteistyö;1
1348;8/2016;2016_8_10;kautta;1
1348;8/2016;2016_8_10;palvella;1
1348;8/2016;2016_8_10;kokonaisuus;1
1348;8/2016;2016_8_10;isänmaa;1
1348;8/2016;2016_8_10;etu;1
1348;8/2016;2016_8_10;itse;1
1348;8/2016;2016_8_10;kokea;1
1348;8/2016;2016_8_10;vaikea;1
1348;8/2016;2016_8_10;hivenen;1
1348;8/2016;2016_8_10;ongelmallinen;1
1348;8/2016;2016_8_10;ulospäin;1
1348;8/2016;2016_8_10;aina;1
1348;8/2016;2016_8_10;näyttää;1
1348;8/2016;2016_8_10;työskentelyilmapiiri;1
1348;8/2016;2016_8_10;kaikki;1
1348;8/2016;2016_8_10;kohta;1
1348;8/2016;2016_8_10;niin;1
1348;8/2016;2016_8_10;asia;1
1348;8/2016;2016_8_10;syy;1
1348;8/2016;2016_8_10;paneutua;1
1348;13/2016;2016_13_55;arvoisa;1
1348;13/2016;2016_13_55;rouva;1
1348;13/2016;2016_13_55;puhemies;1
1348;13/2016;2016_13_55;tämä;6
1348;13/2016;2016_13_55;esitys;2
1348;13/2016;2016_13_55;olla;6
1348;13/2016;2016_13_55;kyse;1
1348;13/2016;2016_13_55;nagoya;1
1348;13/2016;2016_13_55;pöytäkirja;2
1348;13/2016;2016_13_55;täytäntöönpano;1
1348;13/2016;2016_13_55;ja;4
1348;13/2016;2016_13_55;tarkoitus;2
1348;13/2016;2016_13_55;luoda;1
1348;13/2016;2016_13_55;yhtenäinen;1
1348;13/2016;2016_13_55;kansainvälinen;1
1348;13/2016;2016_13_55;sääntelyperusta;1
1348;13/2016;2016_13_55;geenivara;2
1348;13/2016;2016_13_55;se;5
1348;13/2016;2016_13_55;liittyä;1
1348;13/2016;2016_13_55;alkuperäiskansa;3
1348;13/2016;2016_13_55;perinteinen;3
1348;13/2016;2016_13_55;tieto;3
1348;13/2016;2016_13_55;saatavuus;1
1348;13/2016;2016_13_55;sekä;1
1348;13/2016;2016_13_55;käyttö;1
1348;13/2016;2016_13_55;saada;1
1348;13/2016;2016_13_55;hyöty;1
1348;13/2016;2016_13_55;jakaminen;1
1348;13/2016;2016_13_55;pöytäkirjamääräys;1
1348;13/2016;2016_13_55;ei;1
1348;13/2016;2016_13_55;koskea;1
1348;13/2016;2016_13_55;ihminen;1
1348;13/2016;2016_13_55;lakiesitys;2
1348;13/2016;2016_13_55;sisältää;1
1348;13/2016;2016_13_55;säännös;1
1348;13/2016;2016_13_55;saamelainen;4
1348;13/2016;2016_13_55;oikeus;4
1348;13/2016;2016_13_55;heikentäminen;1
1348;13/2016;2016_13_55;kielto;1
1348;13/2016;2016_13_55;valiokunta;1
1348;13/2016;2016_13_55;mietintö;1
1348;13/2016;2016_13_55;todeta;1
1348;13/2016;2016_13_55;että;3
1348;13/2016;2016_13_55;heikentämiskieltosäännös;1
1348;13/2016;2016_13_55;turvata;1
1348;13/2016;2016_13_55;hyödyntäminen;1
1348;13/2016;2016_13_55;tilanne;1
1348;13/2016;2016_13_55;joka;1
1348;13/2016;2016_13_55;hyödyntää;2
1348;13/2016;2016_13_55;tai;1
1348;13/2016;2016_13_55;pyrkiä;1
1348;13/2016;2016_13_55;joku;1
1348;13/2016;2016_13_55;muu;1
1348;13/2016;2016_13_55;kuin;1
1348;13/2016;2016_13_55;taho;1
1348;13/2016;2016_13_55;parantaa;1
1348;13/2016;2016_13_55;nyt;3
1348;13/2016;2016_13_55;kun;1
1348;13/2016;2016_13_55;sali;1
1348;13/2016;2016_13_55;paljon;1
1348;13/2016;2016_13_55;käyttää;1
1348;13/2016;2016_13_55;puheenvuoro;1
1348;13/2016;2016_13_55;esimerkiksi;1
1348;13/2016;2016_13_55;metsähallituslaki;1
1348;13/2016;2016_13_55;valmistelu;1
1348;13/2016;2016_13_55;yhteys;1
1348;13/2016;2016_13_55;hallitus;1
1348;13/2016;2016_13_55;kokonaisuus;1
1348;13/2016;2016_13_55;unohtaa;1
1348;13/2016;2016_13_55;niin;1
1348;13/2016;2016_13_55;hämmästellä;1
1348;13/2016;2016_13_55;kyllä;1
1348;13/2016;2016_13_55;mikä;1
1348;13/2016;2016_13_55;viipyä;1
1348;13/2016;2016_13_55;kiitos;1
1348;13/2016;2016_13_55;tällainen;1
1348;13/2016;2016_13_55;merkittävä;1
1348;13/2016;2016_13_55;viedä;1
1348;13/2016;2016_13_55;eteenpäin;1
1348;16/2016;2016_16_139;arvoisa;1
1348;16/2016;2016_16_139;rouva;1
1348;16/2016;2016_16_139;puhemies;1
1348;16/2016;2016_16_139;kiitos;3
1348;16/2016;2016_16_139;edustaja;3
1348;16/2016;2016_16_139;mäkipää;3
1348;16/2016;2016_16_139;erinomainen;1
1348;16/2016;2016_16_139;lakiesitys;2
1348;16/2016;2016_16_139;esittely;1
1348;16/2016;2016_16_139;pitää;2
1348;16/2016;2016_16_139;tämä;25
1348;16/2016;2016_16_139;esitys;2
1348;16/2016;2016_16_139;erittäin;2
1348;16/2016;2016_16_139;positiivinen;1
1348;16/2016;2016_16_139;ja;17
1348;16/2016;2016_16_139;myös;8
1348;16/2016;2016_16_139;normienpuru;1
1348;16/2016;2016_16_139;kanta;1
1348;16/2016;2016_16_139;nyt;3
1348;16/2016;2016_16_139;todeta;2
1348;16/2016;2016_16_139;että;12
1348;16/2016;2016_16_139;jatko;1
1348;16/2016;2016_16_139;tällainen;3
1348;16/2016;2016_16_139;ampumakelvoton;1
1348;16/2016;2016_16_139;tehdä;2
1348;16/2016;2016_16_139;deaktivoida;2
1348;16/2016;2016_16_139;ase;8
1348;16/2016;2016_16_139;esittäminen;1
1348;16/2016;2016_16_139;olla;28
1348;16/2016;2016_16_139;mahdollinen;1
1348;16/2016;2016_16_139;muu;2
1348;16/2016;2016_16_139;kuin;1
1348;16/2016;2016_16_139;se;13
1348;16/2016;2016_16_139;kotikunta;1
1348;16/2016;2016_16_139;oma;1
1348;16/2016;2016_16_139;poliisilaitos;1
1348;16/2016;2016_16_139;tapa;3
1348;16/2016;2016_16_139;joustavoittaa;1
1348;16/2016;2016_16_139;tehostaa;1
1348;16/2016;2016_16_139;menettely;1
1348;16/2016;2016_16_139;ei;5
1348;16/2016;2016_16_139;taloudellinen;1
1348;16/2016;2016_16_139;vaikutus;1
1348;16/2016;2016_16_139;itse;2
1348;16/2016;2016_16_139;asiassa;1
1348;16/2016;2016_16_139;lukea;1
1348;16/2016;2016_16_139;hyvin;2
1348;16/2016;2016_16_139;selvästi;1
1348;16/2016;2016_16_139;mutta;6
1348;16/2016;2016_16_139;sijaan;1
1348;16/2016;2016_16_139;direktiivi;2
1348;16/2016;2016_16_139;mikä;2
1348;16/2016;2016_16_139;kysyä;2
1348;16/2016;2016_16_139;vaatia;3
1348;16/2016;2016_16_139;todella;2
1348;16/2016;2016_16_139;toimintakelvoton;1
1348;16/2016;2016_16_139;minä;10
1348;16/2016;2016_16_139;hetki;1
1348;16/2016;2016_16_139;maa;3
1348;16/2016;2016_16_139;joka;7
1348;16/2016;2016_16_139;voida;5
1348;16/2016;2016_16_139;muuttaa;1
1348;16/2016;2016_16_139;yksinkertaisesti;1
1348;16/2016;2016_16_139;ampumakelpoinen;1
1348;16/2016;2016_16_139;sitten;7
1348;16/2016;2016_16_139;puuttua;1
1348;16/2016;2016_16_139;aidosti;1
1348;16/2016;2016_16_139;sellainen;3
1348;16/2016;2016_16_139;kyetä;1
1348;16/2016;2016_16_139;enää;1
1348;16/2016;2016_16_139;ampumaharrastus;1
1348;16/2016;2016_16_139;hyödyntää;1
1348;16/2016;2016_16_139;nostaa;1
1348;16/2016;2016_16_139;esille;1
1348;16/2016;2016_16_139;mainita;1
1348;16/2016;2016_16_139;eu;1
1348;16/2016;2016_16_139;ampuma-asedirektiivi;1
1348;16/2016;2016_16_139;herättää;1
1348;16/2016;2016_16_139;paljon;2
1348;16/2016;2016_16_139;keskustelu;1
1348;16/2016;2016_16_139;tietysti;1
1348;16/2016;2016_16_139;selvä;1
1348;16/2016;2016_16_139;syy;1
1348;16/2016;2016_16_139;huolissaan;1
1348;16/2016;2016_16_139;suomalainen;1
1348;16/2016;2016_16_139;reserviläinen;1
1348;16/2016;2016_16_139;ampumaharrastaja;1
1348;16/2016;2016_16_139;sekä;2
1348;16/2016;2016_16_139;metsästäjä;1
1348;16/2016;2016_16_139;puolesta;1
1348;16/2016;2016_16_139;ilo;1
1348;16/2016;2016_16_139;huomata;1
1348;16/2016;2016_16_139;saada;1
1348;16/2016;2016_16_139;ystävä;1
1348;16/2016;2016_16_139;eu-maa;1
1348;16/2016;2016_16_139;asedirektiivi;1
1348;16/2016;2016_16_139;varmasti;2
1348;16/2016;2016_16_139;edetä;1
1348;16/2016;2016_16_139;läpi;2
1348;16/2016;2016_16_139;vaan;1
1348;16/2016;2016_16_139;usea;2
1348;16/2016;2016_16_139;esittää;1
1348;16/2016;2016_16_139;varauma;1
1348;16/2016;2016_16_139;suomi;2
1348;16/2016;2016_16_139;toimia;1
1348;16/2016;2016_16_139;näkemys;1
1348;16/2016;2016_16_139;mukaan;1
1348;16/2016;2016_16_139;erinomaisesti;1
1348;16/2016;2016_16_139;asia;1
1348;16/2016;2016_16_139;neuvotella;1
1348;16/2016;2016_16_139;ministeri;1
1348;16/2016;2016_16_139;metsästys;1
1348;16/2016;2016_16_139;ampumaurheilu;1
1348;16/2016;2016_16_139;reserviläistoiminta;1
1348;16/2016;2016_16_139;perinteinen;1
1348;16/2016;2016_16_139;harrastama;1
1348;16/2016;2016_16_139;ampuma-aselainsäädäntö;1
1348;16/2016;2016_16_139;tulla;1
1348;16/2016;2016_16_139;peilata;1
1348;16/2016;2016_16_139;normi;2
1348;16/2016;2016_16_139;purkaminen;2
1348;16/2016;2016_16_139;kautta;2
1348;16/2016;2016_16_139;nykyisellään;1
1348;16/2016;2016_16_139;aselaki;1
1348;16/2016;2016_16_139;äärimmäinen;1
1348;16/2016;2016_16_139;tiukka;1
1348;16/2016;2016_16_139;säädellä;1
1348;16/2016;2016_16_139;tiukasti;1
1348;16/2016;2016_16_139;harrastustoiminta;1
1348;16/2016;2016_16_139;nähdä;1
1348;16/2016;2016_16_139;jokin;2
1348;16/2016;2016_16_139;keventää;2
1348;16/2016;2016_16_139;nimittäin;1
1348;16/2016;2016_16_139;mikään;1
1348;16/2016;2016_16_139;järki;1
1348;16/2016;2016_16_139;henkilö;2
1348;16/2016;2016_16_139;jo;2
1348;16/2016;2016_16_139;omistus;1
1348;16/2016;2016_16_139;ampuma-ase;7
1348;16/2016;2016_16_139;erityyppinen;1
1348;16/2016;2016_16_139;joutua;1
1348;16/2016;2016_16_139;käydä;2
1348;16/2016;2016_16_139;täsmälleen;1
1348;16/2016;2016_16_139;sama;1
1348;16/2016;2016_16_139;prosessi;1
1348;16/2016;2016_16_139;kerta;1
1348;16/2016;2016_16_139;kun;2
1348;16/2016;2016_16_139;hän;3
1348;16/2016;2016_16_139;hakea;2
1348;16/2016;2016_16_139;uusi;1
1348;16/2016;2016_16_139;lupa;1
1348;16/2016;2016_16_139;hankkiminen;1
1348;16/2016;2016_16_139;paikallaan;1
1348;16/2016;2016_16_139;pohtia;1
1348;16/2016;2016_16_139;siirtyä;1
1348;16/2016;2016_16_139;ampuma-asekortti;1
1348;16/2016;2016_16_139;kerran;2
1348;16/2016;2016_16_139;selvittää;1
1348;16/2016;2016_16_139;perusteellisesti;1
1348;16/2016;2016_16_139;edellytys;1
1348;16/2016;2016_16_139;omistaa;1
1348;16/2016;2016_16_139;hallinnoida;1
1348;16/2016;2016_16_139;mikäli;1
1348;16/2016;2016_16_139;kelpoinen;1
1348;16/2016;2016_16_139;hallussa;1
1348;16/2016;2016_16_139;myöntää;2
1348;16/2016;2016_16_139;oikeus;3
1348;16/2016;2016_16_139;esimerkiksi;3
1348;16/2016;2016_16_139;tai;1
1348;16/2016;2016_16_139;hallinnointi;1
1348;16/2016;2016_16_139;yksi;1
1348;16/2016;2016_16_139;kortti;1
1348;16/2016;2016_16_139;totta;1
1348;16/2016;2016_16_139;kai;1
1348;16/2016;2016_16_139;rekisteröidä;1
1348;16/2016;2016_16_139;poliisi;1
1348;16/2016;2016_16_139;ampuma-aseharrastaja;1
1348;16/2016;2016_16_139;viime;1
1348;16/2016;2016_16_139;vuosi;1
1348;16/2016;2016_16_139;käsiase;1
1348;16/2016;2016_16_139;hankkia;1
1348;16/2016;2016_16_139;turvallinen;4
1348;16/2016;2016_16_139;ampuja;3
1348;16/2016;2016_16_139;kurssi;3
1348;16/2016;2016_16_139;suorittaminen;1
1348;16/2016;2016_16_139;mennä;1
1348;16/2016;2016_16_139;kohtuuttomuus;1
1348;16/2016;2016_16_139;saakka;1
1348;16/2016;2016_16_139;tausta;1
1348;16/2016;2016_16_139;evpupseeri;1
1348;16/2016;2016_16_139;ampua;2
1348;16/2016;2016_16_139;ammuttaa;2
1348;16/2016;2016_16_139;kaikki;2
1348;16/2016;2016_16_139;jalkaväki;1
1348;16/2016;2016_16_139;pistooli;1
1348;16/2016;2016_16_139;panssaritorjuntaohjus;1
1348;16/2016;2016_16_139;huolimatta;1
1348;16/2016;2016_16_139;edellinen;1
1348;16/2016;2016_16_139;revolveri;1
1348;16/2016;2016_16_139;hankkimislupa;1
1348;16/2016;2016_16_139;sanoa;1
1348;16/2016;2016_16_139;muuten;1
1348;16/2016;2016_16_139;helposti;1
1348;16/2016;2016_16_139;sinä;1
1348;16/2016;2016_16_139;suorittaa;1
1348;16/2016;2016_16_139;jolloin;1
1348;16/2016;2016_16_139;kyllä;1
1348;16/2016;2016_16_139;onneksi;2
1348;16/2016;2016_16_139;ylikomisario;1
1348;16/2016;2016_16_139;mieli;1
1348;16/2016;2016_16_139;riittää;2
1348;16/2016;2016_16_139;tapaus;1
1348;16/2016;2016_16_139;metsästysharrastus;1
1348;16/2016;2016_16_139;vielä;1
1348;16/2016;2016_16_139;osa;1
1348;16/2016;2016_16_139;kohdistua;1
1348;16/2016;2016_16_139;byrokratia;1
1348;17/2016;2016_17_19;arvoisa;1
1348;17/2016;2016_17_19;rouva;1
1348;17/2016;2016_17_19;puhemies;1
1348;17/2016;2016_17_19;tämä;8
1348;17/2016;2016_17_19;olla;16
1348;17/2016;2016_17_19;kyllä;2
1348;17/2016;2016_17_19;keskustelu;2
1348;17/2016;2016_17_19;oleellinen;1
1348;17/2016;2016_17_19;asia;1
1348;17/2016;2016_17_19;sanoa;1
1348;17/2016;2016_17_19;ja;6
1348;17/2016;2016_17_19;itse;3
1348;17/2016;2016_17_19;nähdä;2
1348;17/2016;2016_17_19;niin;3
1348;17/2016;2016_17_19;että;5
1348;17/2016;2016_17_19;lakiesitys;1
1348;17/2016;2016_17_19;täytyä;2
1348;17/2016;2016_17_19;ennen;1
1348;17/2016;2016_17_19;kaikkea;1
1348;17/2016;2016_17_19;peilata;1
1348;17/2016;2016_17_19;normi;1
1348;17/2016;2016_17_19;purkaminen;1
1348;17/2016;2016_17_19;näkökulma;1
1348;17/2016;2016_17_19;erinomainen;1
1348;17/2016;2016_17_19;parannus;1
1348;17/2016;2016_17_19;vaikka;1
1348;17/2016;2016_17_19;tietysti;2
1348;17/2016;2016_17_19;pieni;1
1348;17/2016;2016_17_19;esitys;1
1348;17/2016;2016_17_19;nyt;3
1348;17/2016;2016_17_19;liito-orava;4
1348;17/2016;2016_17_19;lisääntymis;1
1348;17/2016;2016_17_19;levähdyspaikka;1
1348;17/2016;2016_17_19;koskea;1
1348;17/2016;2016_17_19;rajausmenettely;1
1348;17/2016;2016_17_19;luopua;1
1348;17/2016;2016_17_19;mielenkiintoinen;1
1348;17/2016;2016_17_19;kuitenkin;1
1348;17/2016;2016_17_19;kuunnella;2
1348;17/2016;2016_17_19;arvio;2
1348;17/2016;2016_17_19;se;5
1348;17/2016;2016_17_19;kuinka;1
1348;17/2016;2016_17_19;paljon;1
1348;17/2016;2016_17_19;jokin;1
1348;17/2016;2016_17_19;syy;1
1348;17/2016;2016_17_19;minä;2
1348;17/2016;2016_17_19;tuntua;1
1348;17/2016;2016_17_19;ristiriitainen;1
1348;17/2016;2016_17_19;tieto;1
1348;17/2016;2016_17_19;kuten;1
1348;17/2016;2016_17_19;tulla;1
1348;17/2016;2016_17_19;esille;1
1348;17/2016;2016_17_19;ei;1
1348;17/2016;2016_17_19;enää;1
1348;17/2016;2016_17_19;uhanalainen;1
1348;17/2016;2016_17_19;laji;2
1348;17/2016;2016_17_19;krista;1
1348;17/2016;2016_17_19;mikkonen;1
1348;17/2016;2016_17_19;silmä;2
1348;17/2016;2016_17_19;pitää;3
1348;17/2016;2016_17_19;ainoastaan;1
1348;17/2016;2016_17_19;myös;1
1348;17/2016;2016_17_19;asiassa;1
1348;17/2016;2016_17_19;kanta;2
1348;17/2016;2016_17_19;lisääntyä;1
1348;17/2016;2016_17_19;viimeinen;1
1348;17/2016;2016_17_19;vuosi;1
1348;17/2016;2016_17_19;mutta;1
1348;17/2016;2016_17_19;muistaa;1
1348;17/2016;2016_17_19;kun;2
1348;17/2016;2016_17_19;lakimuutos;1
1348;17/2016;2016_17_19;tehdä;1
1348;17/2016;2016_17_19;sitten;1
1348;17/2016;2016_17_19;tarkka;1
1348;17/2016;2016_17_19;herkkä;1
1348;17/2016;2016_17_19;korva;1
1348;17/2016;2016_17_19;katsoa;1
1348;17/2016;2016_17_19;millainen;1
1348;17/2016;2016_17_19;muodostua;1
1348;17/2016;2016_17_19;tulevaisuus;1
1348;17/2016;2016_17_19;kaikki;1
1348;17/2016;2016_17_19;täällä;1
1348;17/2016;2016_17_19;luonnonsuojelu;1
1348;17/2016;2016_17_19;ympäristömyönteinen;1
1348;17/2016;2016_17_19;ihminen;1
1348;17/2016;2016_17_19;varmasti;1
1348;17/2016;2016_17_19;luonto;1
1348;17/2016;2016_17_19;biodiversiteetti;1
1348;17/2016;2016_17_19;yhdessä;1
1348;17/2016;2016_17_19;huoli;1
1348;17/2016;2016_17_109;arvoisa;1
1348;17/2016;2016_17_109;rouva;1
1348;17/2016;2016_17_109;puhemies;1
1348;17/2016;2016_17_109;tuo;1
1348;17/2016;2016_17_109;tämä;1
1348;17/2016;2016_17_109;terveinen;1
1348;17/2016;2016_17_109;lokka;1
1348;17/2016;2016_17_109;kylä;1
1348;17/2016;2016_17_109;tanja;1
1348;17/2016;2016_17_109;pyhäjärvi;1
1348;17/2016;2016_17_109;joka;1
1348;17/2016;2016_17_109;kirjoittaa;1
1348;17/2016;2016_17_109;minä;1
1348;17/2016;2016_17_109;eilen;1
1348;17/2016;2016_17_109;näin;1
1348;17/2016;2016_17_117;arvoisa;1
1348;17/2016;2016_17_117;rouva;1
1348;17/2016;2016_17_117;puhemies;1
1348;17/2016;2016_17_117;kiitos;1
1348;17/2016;2016_17_117;vielä;1
1348;17/2016;2016_17_117;edustajakollega;1
1348;17/2016;2016_17_117;puhe;1
1348;17/2016;2016_17_117;kyllä;3
1348;17/2016;2016_17_117;lämmittää;1
1348;17/2016;2016_17_117;mieli;1
1348;17/2016;2016_17_117;ja;4
1348;17/2016;2016_17_117;olla;5
1348;17/2016;2016_17_117;hieno;1
1348;17/2016;2016_17_117;saada;1
1348;17/2016;2016_17_117;tällainen;3
1348;17/2016;2016_17_117;tuki;1
1348;17/2016;2016_17_117;ensimmäinen;1
1348;17/2016;2016_17_117;lakialoite;1
1348;17/2016;2016_17_117;joka;2
1348;17/2016;2016_17_117;valmistella;1
1348;17/2016;2016_17_117;tehdä;2
1348;17/2016;2016_17_117;tämä;5
1348;17/2016;2016_17_117;tulla;2
1348;17/2016;2016_17_117;keskustelu;1
1348;17/2016;2016_17_117;hyvä;1
1348;17/2016;2016_17_117;näkökulma;1
1348;17/2016;2016_17_117;uskoa;1
1348;17/2016;2016_17_117;että;2
1348;17/2016;2016_17_117;mikäli;1
1348;17/2016;2016_17_117;nyt;2
1348;17/2016;2016_17_117;sivistysvaliokunta;1
1348;17/2016;2016_17_117;asia;3
1348;17/2016;2016_17_117;käsitellä;1
1348;17/2016;2016_17_117;ottaa;1
1348;17/2016;2016_17_117;niin;1
1348;17/2016;2016_17_117;sitten;1
1348;17/2016;2016_17_117;huomioida;1
1348;17/2016;2016_17_117;toivoa;1
1348;17/2016;2016_17_117;todella;1
1348;17/2016;2016_17_117;kuten;1
1348;17/2016;2016_17_117;jo;1
1348;17/2016;2016_17_117;todeta;1
1348;17/2016;2016_17_117;yksi;1
1348;17/2016;2016_17_117;sellainen;1
1348;17/2016;2016_17_117;pieni;1
1348;17/2016;2016_17_117;voida;1
1348;17/2016;2016_17_117;nimenomaan;1
1348;17/2016;2016_17_117;yhteistyö;1
1348;17/2016;2016_17_117;yli;1
1348;17/2016;2016_17_117;hallitustoppositiorajojen;1
1348;17/2016;2016_17_117;viedä;1
1348;17/2016;2016_17_117;yhdessä;1
1348;17/2016;2016_17_117;tärkeä;1
1348;17/2016;2016_17_117;lapsi;1
1348;17/2016;2016_17_117;asema;1
1348;17/2016;2016_17_117;edistää;1
1348;17/2016;2016_17_117;lakiesitys;1
1348;17/2016;2016_17_117;eteenpäin;1
1348;17/2016;2016_17_117;erityinen;1
1348;17/2016;2016_17_117;mukava;1
1348;17/2016;2016_17_117;päättää;1
1348;17/2016;2016_17_117;päivä;1
1348;17/2016;2016_17_117;sana;1
1348;17/2016;2016_17_117;kohtalainen;1
1348;17/2016;2016_17_117;kiihkeä;1
1348;17/2016;2016_17_117;debatointi;1
1348;17/2016;2016_17_117;jälkeen;1
1348;17/2016;2016_17_117;mikä;1
1348;17/2016;2016_17_117;tänään;1
1348;17/2016;2016_17_117;muu;1
1348;17/2016;2016_17_117;käydä;1
1348;20/2016;2016_20_76;arvoisa;1
1348;20/2016;2016_20_76;rouva;1
1348;20/2016;2016_20_76;puhemies;1
1348;20/2016;2016_20_76;toistaa;1
1348;20/2016;2016_20_76;minä;4
1348;20/2016;2016_20_76;nyt;5
1348;20/2016;2016_20_76;itse;2
1348;20/2016;2016_20_76;vielä;2
1348;20/2016;2016_20_76;tämä;7
1348;20/2016;2016_20_76;ja;3
1348;20/2016;2016_20_76;muistuttaa;1
1348;20/2016;2016_20_76;keskustelija;1
1348;20/2016;2016_20_76;se;8
1348;20/2016;2016_20_76;että;3
1348;20/2016;2016_20_76;todella;1
1348;20/2016;2016_20_76;väliporras;3
1348;20/2016;2016_20_76;hallinto;3
1348;20/2016;2016_20_76;ei;1
1348;20/2016;2016_20_76;olla;7
1348;20/2016;2016_20_76;rakentaa;1
1348;20/2016;2016_20_76;vaan;1
1348;20/2016;2016_20_76;jo;1
1348;20/2016;2016_20_76;nykyisellään;1
1348;20/2016;2016_20_76;kysymys;2
1348;20/2016;2016_20_76;haluta;3
1348;20/2016;2016_20_76;keskushallintovetoinen;1
1348;20/2016;2016_20_76;vai;1
1348;20/2016;2016_20_76;kansanvaltainen;1
1348;20/2016;2016_20_76;eli;1
1348;20/2016;2016_20_76;maakuntahallinto;2
1348;20/2016;2016_20_76;jokin;1
1348;20/2016;2016_20_76;tapa;1
1348;20/2016;2016_20_76;tuntua;1
1348;20/2016;2016_20_76;keskustelu;1
1348;20/2016;2016_20_76;kulua;1
1348;20/2016;2016_20_76;erityisesti;1
1348;20/2016;2016_20_76;sosialidemokraatit;1
1348;20/2016;2016_20_76;kiertää;1
1348;20/2016;2016_20_76;sinä;4
1348;20/2016;2016_20_76;sanoa;1
1348;20/2016;2016_20_76;kyllä;3
1348;20/2016;2016_20_76;tukea;2
1348;20/2016;2016_20_76;suora;1
1348;20/2016;2016_20_76;vaali;1
1348;20/2016;2016_20_76;mikäli;1
1348;20/2016;2016_20_76;tulla;2
1348;20/2016;2016_20_76;mutta;1
1348;20/2016;2016_20_76;myös;1
1348;20/2016;2016_20_76;maakuntauudistus;1
1348;20/2016;2016_20_76;mieli;1
1348;20/2016;2016_20_76;malli;1
1348;20/2016;2016_20_76;joka;2
1348;20/2016;2016_20_76;edetä;1
1348;20/2016;2016_20_76;kautta;1
1348;20/2016;2016_20_76;viedä;1
1348;20/2016;2016_20_76;eteenpäin;2
1348;20/2016;2016_20_76;soteuudistus;1
1348;20/2016;2016_20_76;kokonaisuus;1
1348;20/2016;2016_20_76;tietää;1
1348;20/2016;2016_20_76;hallitus;1
1348;20/2016;2016_20_76;askelmerkki;1
1348;20/2016;2016_20_76;täysin;1
1348;20/2016;2016_20_76;selkeä;1
1348;20/2016;2016_20_76;pohjaratkaisu;1
1348;20/2016;2016_20_76;sopia;1
1348;20/2016;2016_20_76;pohja;1
1348;20/2016;2016_20_76;mennä;1
1348;20/2016;2016_20_76;yksityiskohta;1
1348;20/2016;2016_20_76;hiota;1
1348;20/2016;2016_20_76;kuten;1
1348;20/2016;2016_20_76;kuulua;1
1348;20/2016;2016_20_104;arvoisa;1
1348;20/2016;2016_20_104;rouva;1
1348;20/2016;2016_20_104;puhemies;1
1348;20/2016;2016_20_104;tämä;11
1348;20/2016;2016_20_104;kun;2
1348;20/2016;2016_20_104;nyt;2
1348;20/2016;2016_20_104;penätä;1
1348;20/2016;2016_20_104;hallitus;4
1348;20/2016;2016_20_104;toimi;4
1348;20/2016;2016_20_104;niin;2
1348;20/2016;2016_20_104;haluta;1
1348;20/2016;2016_20_104;palauttaa;2
1348;20/2016;2016_20_104;mieli;3
1348;20/2016;2016_20_104;esitys;2
1348;20/2016;2016_20_104;eli;3
1348;20/2016;2016_20_104;eduskunta;1
1348;20/2016;2016_20_104;laki;3
1348;20/2016;2016_20_104;elinkeinotulo;1
1348;20/2016;2016_20_104;verottaminen;1
1348;20/2016;2016_20_104;antaa;1
1348;20/2016;2016_20_104;muuttaminen;1
1348;20/2016;2016_20_104;osinkoverotus;1
1348;20/2016;2016_20_104;koskea;3
1348;20/2016;2016_20_104;sääntely;1
1348;20/2016;2016_20_104;esittää;1
1348;20/2016;2016_20_104;lisätä;1
1348;20/2016;2016_20_104;yleinen;1
1348;20/2016;2016_20_104;väärinkäytös;1
1348;20/2016;2016_20_104;estää;1
1348;20/2016;2016_20_104;säännös;2
1348;20/2016;2016_20_104;ja;10
1348;20/2016;2016_20_104;yhteisö;1
1348;20/2016;2016_20_104;välinen;1
1348;20/2016;2016_20_104;osinko;1
1348;20/2016;2016_20_104;se;7
1348;20/2016;2016_20_104;soveltaa;1
1348;20/2016;2016_20_104;järjestely;1
1348;20/2016;2016_20_104;joka;2
1348;20/2016;2016_20_104;ei;3
1348;20/2016;2016_20_104;olla;10
1348;20/2016;2016_20_104;aito;1
1348;20/2016;2016_20_104;pyrkiä;1
1348;20/2016;2016_20_104;perusteettomasti;1
1348;20/2016;2016_20_104;hyödyntää;1
1348;20/2016;2016_20_104;osinkotulo;1
1348;20/2016;2016_20_104;verovapaus;1
1348;20/2016;2016_20_104;kyllä;2
1348;20/2016;2016_20_104;asia;2
1348;20/2016;2016_20_104;eteen;1
1348;20/2016;2016_20_104;toimia;1
1348;20/2016;2016_20_104;samalla;1
1348;20/2016;2016_20_104;myös;3
1348;20/2016;2016_20_104;hyvä;2
1348;20/2016;2016_20_104;että;4
1348;20/2016;2016_20_104;minä;3
1348;20/2016;2016_20_104;päättää;1
1348;20/2016;2016_20_104;harmaa;1
1348;20/2016;2016_20_104;talous;1
1348;20/2016;2016_20_104;torjuntastrategia;1
1348;20/2016;2016_20_104;marraskuu;1
1348;20/2016;2016_20_104;poliisi;1
1348;20/2016;2016_20_104;osoittaa;1
1348;20/2016;2016_20_104;talousrikostorjunta;1
1348;20/2016;2016_20_104;miljoona;1
1348;20/2016;2016_20_104;euro;1
1348;20/2016;2016_20_104;lisämääräraha;1
1348;20/2016;2016_20_104;tapahtua;1
1348;20/2016;2016_20_104;koko;1
1348;20/2016;2016_20_104;aika;1
1348;20/2016;2016_20_104;kuin;1
1348;20/2016;2016_20_104;edustaja;1
1348;20/2016;2016_20_104;kurvinen;1
1348;20/2016;2016_20_104;tuoda;1
1348;20/2016;2016_20_104;oma;1
1348;20/2016;2016_20_104;puheenvuoro;1
1348;20/2016;2016_20_104;esille;1
1348;20/2016;2016_20_104;yhteinen;1
1348;20/2016;2016_20_104;pelisääntö;1
1348;20/2016;2016_20_104;nimenomaan;1
1348;20/2016;2016_20_104;eu-taso;1
1348;20/2016;2016_20_104;globaali;1
1348;20/2016;2016_20_104;taso;1
1348;20/2016;2016_20_104;tärkeä;2
1348;20/2016;2016_20_104;ääretön;1
1348;20/2016;2016_20_104;koska;1
1348;20/2016;2016_20_104;ainoastaan;1
1348;20/2016;2016_20_104;kautta;1
1348;20/2016;2016_20_104;kyetä;1
1348;20/2016;2016_20_104;puuttua;1
1348;20/2016;2016_20_104;aggressiivinen;1
1348;20/2016;2016_20_104;verosuunnittelu;1
1348;20/2016;2016_20_104;veronkierto;1
1348;20/2016;2016_20_104;varmasti;1
1348;20/2016;2016_20_104;kaikki;1
1348;20/2016;2016_20_104;sama;1
1348;20/2016;2016_20_104;pelkästään;1
1348;20/2016;2016_20_104;kansallinen;2
1348;20/2016;2016_20_104;ratkaisu;1
1348;20/2016;2016_20_104;ratketa;1
1348;20/2016;2016_20_104;oieta;1
1348;20/2016;2016_20_104;tällainen;1
1348;20/2016;2016_20_104;toiminta;1
1348;20/2016;2016_20_104;edelleen;1
1348;20/2016;2016_20_104;harjoittaa;1
1348;20/2016;2016_20_104;uskoa;1
1348;20/2016;2016_20_104;vakuuttua;1
1348;20/2016;2016_20_104;tulla;1
1348;20/2016;2016_20_104;viedä;1
1348;20/2016;2016_20_104;määrätietoisesti;1
1348;20/2016;2016_20_104;eteenpäin;1
1348;20/2016;2016_20_104;toivoa;1
1348;20/2016;2016_20_104;oppositio;1
1348;20/2016;2016_20_104;hivenen;1
1348;20/2016;2016_20_104;kiitos;1
1348;20/2016;2016_20_104;kaksi;1
1348;20/2016;2016_20_104;mikä;1
1348;20/2016;2016_20_104;mainita;1
1348;20/2016;2016_20_104;sinä;1
1348;20/2016;2016_20_104;voida;1
1348;20/2016;2016_20_104;väittää;1
1348;20/2016;2016_20_104;mikään;1
1348;20/2016;2016_20_104;tehdä;2
1348;20/2016;2016_20_104;kuitenkin;1
1348;20/2016;2016_20_111;arvoisa;1
1348;20/2016;2016_20_111;rouva;1
1348;20/2016;2016_20_111;puhemies;1
1348;20/2016;2016_20_111;kiitos;1
1348;20/2016;2016_20_111;edustaja;1
1348;20/2016;2016_20_111;kulmala;1
1348;20/2016;2016_20_111;erinomainen;1
1348;20/2016;2016_20_111;esittely;1
1348;20/2016;2016_20_111;olla;9
1348;20/2016;2016_20_111;sama;1
1348;20/2016;2016_20_111;mieli;1
1348;20/2016;2016_20_111;että;6
1348;20/2016;2016_20_111;hallitus;1
1348;20/2016;2016_20_111;esitys;1
1348;20/2016;2016_20_111;varsin;2
1348;20/2016;2016_20_111;hyvä;2
1348;20/2016;2016_20_111;mutta;2
1348;20/2016;2016_20_111;valiokuntakäsittely;1
1348;20/2016;2016_20_111;toivoa;1
1348;20/2016;2016_20_111;kuitenkin;2
1348;20/2016;2016_20_111;pohtia;1
1348;20/2016;2016_20_111;se;5
1348;20/2016;2016_20_111;tämä;2
1348;20/2016;2016_20_111;minä;3
1348;20/2016;2016_20_111;nykyinen;1
1348;20/2016;2016_20_111;kansallinen;1
1348;20/2016;2016_20_111;räjähdesääntely;1
1348;20/2016;2016_20_111;toimia;1
1348;20/2016;2016_20_111;hyvin;1
1348;20/2016;2016_20_111;ja;6
1348;20/2016;2016_20_111;nyt;2
1348;20/2016;2016_20_111;tarkasti;1
1348;20/2016;2016_20_111;katsoa;1
1348;20/2016;2016_20_111;ei;2
1348;20/2016;2016_20_111;eu-direktiivi;1
1348;20/2016;2016_20_111;tuoda;1
1348;20/2016;2016_20_111;sellainen;2
1348;20/2016;2016_20_111;normi;1
1348;20/2016;2016_20_111;sääntely;1
1348;20/2016;2016_20_111;joka;2
1348;20/2016;2016_20_111;esimerkiksi;1
1348;20/2016;2016_20_111;vaikuttaa;1
1348;20/2016;2016_20_111;yritys;1
1348;20/2016;2016_20_111;toiminta;1
1348;20/2016;2016_20_111;suomi;1
1348;20/2016;2016_20_111;koska;1
1348;20/2016;2016_20_111;paljon;1
1348;20/2016;2016_20_111;maanrakennusyritys;1
1348;20/2016;2016_20_111;joutua;1
1348;20/2016;2016_20_111;panostaa;1
1348;20/2016;2016_20_111;käyttää;1
1348;20/2016;2016_20_111;räjähdysaine;1
1348;20/2016;2016_20_111;voida;1
1348;20/2016;2016_20_111;tarkoituksenmukainen;1
1348;20/2016;2016_20_111;asettaa;2
1348;20/2016;2016_20_111;turvallisuusstandardi;1
1348;20/2016;2016_20_111;kriteeri;1
1348;20/2016;2016_20_111;niin;2
1348;20/2016;2016_20_111;korkea;1
1348;20/2016;2016_20_111;sitten;1
1348;20/2016;2016_20_111;normaali;1
1348;20/2016;2016_20_111;yritystoiminta;1
1348;20/2016;2016_20_111;harjoittaminen;1
1348;20/2016;2016_20_111;edellytys;1
1348;20/2016;2016_20_111;vaarantua;1
1348;20/2016;2016_20_111;aina;3
1348;20/2016;2016_20_111;kun;2
1348;20/2016;2016_20_111;puhua;3
1348;20/2016;2016_20_111;räjähde;1
1348;20/2016;2016_20_111;ase;1
1348;20/2016;2016_20_111;ampumatarvike;1
1348;20/2016;2016_20_111;totta;1
1348;20/2016;2016_20_111;kai;1
1348;20/2016;2016_20_111;varmasti;1
1348;20/2016;2016_20_111;kaikki;1
1348;20/2016;2016_20_111;näkemys;1
1348;20/2016;2016_20_111;turvallisuus;1
1348;20/2016;2016_20_111;etusija;1
1348;25/2016;2016_25_107;arvoisa;1
1348;25/2016;2016_25_107;puhemies;1
1348;25/2016;2016_25_107;olla;14
1348;25/2016;2016_25_107;itse;1
1348;25/2016;2016_25_107;intohimoinen;1
1348;25/2016;2016_25_107;eräharrastaja;1
1348;25/2016;2016_25_107;ja;10
1348;25/2016;2016_25_107;luontoihminen;1
1348;25/2016;2016_25_107;uskaltaa;1
1348;25/2016;2016_25_107;väittää;1
1348;25/2016;2016_25_107;että;5
1348;25/2016;2016_25_107;yksi;1
1348;25/2016;2016_25_107;se;6
1348;25/2016;2016_25_107;tämä;11
1348;25/2016;2016_25_107;sali;1
1348;25/2016;2016_25_107;joka;5
1348;25/2016;2016_25_107;kyllä;1
1348;25/2016;2016_25_107;eniten;2
1348;25/2016;2016_25_107;tuolla;1
1348;25/2016;2016_25_107;suomi;1
1348;25/2016;2016_25_107;luonto;1
1348;25/2016;2016_25_107;erilainen;1
1348;25/2016;2016_25_107;harrastus;1
1348;25/2016;2016_25_107;oleskella;1
1348;25/2016;2016_25_107;ei;5
1348;25/2016;2016_25_107;voida;2
1348;25/2016;2016_25_107;koskaan;1
1348;25/2016;2016_25_107;kuvitella;1
1348;25/2016;2016_25_107;mukana;1
1348;25/2016;2016_25_107;hyväksyä;1
1348;25/2016;2016_25_107;laki;1
1348;25/2016;2016_25_107;turvata;2
1348;25/2016;2016_25_107;luontoarvo;1
1348;25/2016;2016_25_107;tuleva;1
1348;25/2016;2016_25_107;sukupolvi;1
1348;25/2016;2016_25_107;varmistaa;1
1348;25/2016;2016_25_107;jokamiehenoikeus;1
1348;25/2016;2016_25_107;retkeily;1
1348;25/2016;2016_25_107;metsästys;1
1348;25/2016;2016_25_107;kalastus;1
1348;25/2016;2016_25_107;oikeus;1
1348;25/2016;2016_25_107;luontaiselinkeino;1
1348;25/2016;2016_25_107;poronhoito;1
1348;25/2016;2016_25_107;säilyä;1
1348;25/2016;2016_25_107;kaikki;2
1348;25/2016;2016_25_107;nyt;4
1348;25/2016;2016_25_107;käsillä;1
1348;25/2016;2016_25_107;lakiesitys;1
1348;25/2016;2016_25_107;myös;2
1348;25/2016;2016_25_107;oleellinen;1
1348;25/2016;2016_25_107;muistaa;1
1348;25/2016;2016_25_107;yhtään;1
1348;25/2016;2016_25_107;hehtaari;1
1348;25/2016;2016_25_107;valtio;2
1348;25/2016;2016_25_107;maa;2
1348;25/2016;2016_25_107;vesiomaisuus;1
1348;25/2016;2016_25_107;siirtyä;1
1348;25/2016;2016_25_107;perustaa;1
1348;25/2016;2016_25_107;osakeyhtiö;2
1348;25/2016;2016_25_107;haltu;1
1348;25/2016;2016_25_107;ainoastaan;1
1348;25/2016;2016_25_107;käyttää;1
1348;25/2016;2016_25_107;omaisuus;1
1348;25/2016;2016_25_107;kanssa;2
1348;25/2016;2016_25_107;tehdä;1
1348;25/2016;2016_25_107;yksinoikeudellinen;1
1348;25/2016;2016_25_107;sopimus;1
1348;25/2016;2016_25_107;ratkaisu;1
1348;25/2016;2016_25_107;päätyä;1
1348;25/2016;2016_25_107;riskiarviointi;2
1348;25/2016;2016_25_107;nojalla;1
1348;25/2016;2016_25_107;nojata;1
1348;25/2016;2016_25_107;eu;1
1348;25/2016;2016_25_107;hankintadirektiivi;1
1348;25/2016;2016_25_107;pahimmillaan;1
1348;25/2016;2016_25_107;avata;1
1348;25/2016;2016_25_107;mahdollisuus;1
1348;25/2016;2016_25_107;ulkomainen;1
1348;25/2016;2016_25_107;yhtiö;1
1348;25/2016;2016_25_107;tunkeutua;1
1348;25/2016;2016_25_107;harjoittaa;1
1348;25/2016;2016_25_107;puukauppa;1
1348;25/2016;2016_25_107;korjuu;1
1348;25/2016;2016_25_107;metsä;1
1348;25/2016;2016_25_107;ylipäätään;1
1348;25/2016;2016_25_107;metsähallitus;1
1348;25/2016;2016_25_107;yhteiskunnallinen;1
1348;25/2016;2016_25_107;velvoite;1
1348;25/2016;2016_25_107;takia;1
1348;25/2016;2016_25_107;minä;1
1348;25/2016;2016_25_107;varmasti;1
1348;25/2016;2016_25_107;kukaan;1
1348;25/2016;2016_25_107;haluta;2
1348;25/2016;2016_25_107;tällainen;2
1348;25/2016;2016_25_107;tilanne;1
1348;25/2016;2016_25_107;kolmas;2
1348;25/2016;2016_25_107;tase;2
1348;25/2016;2016_25_107;ehkä;1
1348;25/2016;2016_25_107;keskustelu;1
1348;25/2016;2016_25_107;syy;1
1348;25/2016;2016_25_107;oikaista;1
1348;25/2016;2016_25_107;muutama;1
1348;25/2016;2016_25_107;asia;1
1348;25/2016;2016_25_107;aivan;1
1348;25/2016;2016_25_107;kuten;1
1348;25/2016;2016_25_107;edustaja;1
1348;25/2016;2016_25_107;lohi;1
1348;25/2016;2016_25_107;todeta;2
1348;25/2016;2016_25_107;puheenvuoro;1
1348;25/2016;2016_25_107;niin;1
1348;25/2016;2016_25_107;henkilö;1
1348;25/2016;2016_25_107;vastustaa;1
1348;25/2016;2016_25_107;katsoa;1
1348;25/2016;2016_25_107;muu;1
1348;25/2016;2016_25_107;kuin;1
1348;25/2016;2016_25_107;tehometsätalous;1
1348;25/2016;2016_25_107;käyttö;1
1348;25/2016;2016_25_107;tulla;2
1348;25/2016;2016_25_107;luonnonsuojelualue;1
1348;25/2016;2016_25_107;satu;1
1348;25/2016;2016_25_107;hassi;1
1348;25/2016;2016_25_107;höpö;2
1348;25/2016;2016_25_107;ympäristöministeriö;1
1348;25/2016;2016_25_107;vastata;1
1348;25/2016;2016_25_107;hallinnointi;1
1348;25/2016;2016_25_107;keskustella;1
1348;25/2016;2016_25_107;paljon;1
1348;25/2016;2016_25_107;tasesiirto;1
1348;25/2016;2016_25_107;lukea;1
1348;25/2016;2016_25_107;valiokunta;1
1348;25/2016;2016_25_107;mietintö;1
1348;25/2016;2016_25_107;sivu;1
1348;44/2016;2016_44_106;arvoisa;1
1348;44/2016;2016_44_106;rouva;1
1348;44/2016;2016_44_106;puhemies;1
1348;44/2016;2016_44_106;kiitos;1
1348;44/2016;2016_44_106;ensinnä;1
1348;44/2016;2016_44_106;edustaja;2
1348;44/2016;2016_44_106;oinonen;1
1348;44/2016;2016_44_106;erittäin;2
1348;44/2016;2016_44_106;pitkä;1
1348;44/2016;2016_44_106;ja;5
1348;44/2016;2016_44_106;perusteltu;1
1348;44/2016;2016_44_106;lakialoite;1
1348;44/2016;2016_44_106;joka;5
1348;44/2016;2016_44_106;puuttua;1
1348;44/2016;2016_44_106;kyllä;3
1348;44/2016;2016_44_106;todella;1
1348;44/2016;2016_44_106;oleellinen;1
1348;44/2016;2016_44_106;ongelma;2
1348;44/2016;2016_44_106;minä;1
1348;44/2016;2016_44_106;tämä;7
1348;44/2016;2016_44_106;maa;1
1348;44/2016;2016_44_106;olla;11
1348;44/2016;2016_44_106;usea;1
1348;44/2016;2016_44_106;ihminen;1
1348;44/2016;2016_44_106;kärsiä;1
1348;44/2016;2016_44_106;sisäilmaongelma;1
1348;44/2016;2016_44_106;homevaurio;1
1348;44/2016;2016_44_106;aivan;1
1348;44/2016;2016_44_106;selvä;1
1348;44/2016;2016_44_106;että;7
1348;44/2016;2016_44_106;kun;1
1348;44/2016;2016_44_106;laatia;2
1348;44/2016;2016_44_106;raportti;3
1348;44/2016;2016_44_106;laatu;1
1348;44/2016;2016_44_106;paljon;1
1348;44/2016;2016_44_106;vaihtelu;1
1348;44/2016;2016_44_106;niin;2
1348;44/2016;2016_44_106;se;5
1348;44/2016;2016_44_106;voida;2
1348;44/2016;2016_44_106;aiheuttaa;1
1348;44/2016;2016_44_106;sitten;3
1348;44/2016;2016_44_106;erilainen;1
1348;44/2016;2016_44_106;toisaalta;1
1348;44/2016;2016_44_106;jakaa;1
1348;44/2016;2016_44_106;sama;1
1348;44/2016;2016_44_106;huoli;1
1348;44/2016;2016_44_106;räsä;1
1348;44/2016;2016_44_106;hivenen;1
1348;44/2016;2016_44_106;ongelmallinen;1
1348;44/2016;2016_44_106;tuoda;1
1348;44/2016;2016_44_106;nyt;1
1348;44/2016;2016_44_106;uusi;2
1348;44/2016;2016_44_106;normi;1
1348;44/2016;2016_44_106;rakennusala;1
1348;44/2016;2016_44_106;mutta;1
1348;44/2016;2016_44_106;koska;1
1348;44/2016;2016_44_106;asia;1
1348;44/2016;2016_44_106;tärkeä;1
1348;44/2016;2016_44_106;nähdä;1
1348;44/2016;2016_44_106;tarpeellinen;1
1348;44/2016;2016_44_106;käydä;1
1348;44/2016;2016_44_106;tarkasti;1
1348;44/2016;2016_44_106;valiokunta;1
1348;44/2016;2016_44_106;läpi;1
1348;44/2016;2016_44_106;pohtia;1
1348;44/2016;2016_44_106;mikä;1
1348;44/2016;2016_44_106;tehdä;1
1348;44/2016;2016_44_106;esimerkiksi;1
1348;44/2016;2016_44_106;mahdollinen;1
1348;44/2016;2016_44_106;pätevyysvaatimus;1
1348;44/2016;2016_44_106;luominen;1
1348;44/2016;2016_44_106;sijasta;1
1348;44/2016;2016_44_106;ottaa;1
1348;44/2016;2016_44_106;joku;1
1348;44/2016;2016_44_106;koulutus;2
1348;44/2016;2016_44_106;hyväksyä;1
1348;44/2016;2016_44_106;tällainen;1
1348;44/2016;2016_44_106;laatija;1
1348;44/2016;2016_44_106;eli;1
1348;44/2016;2016_44_106;määritellä;1
1348;44/2016;2016_44_106;lainsäädäntö;1
1348;44/2016;2016_44_106;minkälainen;1
1348;44/2016;2016_44_106;henkilö;1
1348;44/2016;2016_44_106;kuntotarkastusraportti;1
1348;44/2016;2016_44_106;tulla;1
1348;44/2016;2016_44_106;itse;1
1348;44/2016;2016_44_106;pitää;1
1348;44/2016;2016_44_106;hyvä;1
1348;44/2016;2016_44_106;sisältö;1
1348;44/2016;2016_44_106;säädellä;1
1348;44/2016;2016_44_106;tarkemmin;1
1348;44/2016;2016_44_106;keskenään;1
1348;44/2016;2016_44_106;täsmälleen;1
1348;44/2016;2016_44_106;samanlainen;1
1348;44/2016;2016_44_106;vertailukelpoinen;1
1348;44/2016;2016_44_106;asiakirja;1
1348;44/2016;2016_44_111;arvoisa;1
1348;44/2016;2016_44_111;rouva;1
1348;44/2016;2016_44_111;puhemies;1
1348;44/2016;2016_44_111;edustaja;3
1348;44/2016;2016_44_111;räsänen;1
1348;44/2016;2016_44_111;aloite;2
1348;44/2016;2016_44_111;ja;6
1348;44/2016;2016_44_111;se;7
1348;44/2016;2016_44_111;tavoite;1
1348;44/2016;2016_44_111;olla;9
1348;44/2016;2016_44_111;ehdottomasti;2
1348;44/2016;2016_44_111;hyvä;1
1348;44/2016;2016_44_111;jalo;1
1348;44/2016;2016_44_111;itse;1
1348;44/2016;2016_44_111;pohdiskella;1
1348;44/2016;2016_44_111;kuitenkin;1
1348;44/2016;2016_44_111;mikä;1
1348;44/2016;2016_44_111;tapa;1
1348;44/2016;2016_44_111;tämä;6
1348;44/2016;2016_44_111;kampanjakatto;2
1348;44/2016;2016_44_111;sitten;2
1348;44/2016;2016_44_111;käytäntö;1
1348;44/2016;2016_44_111;valvoa;2
1348;44/2016;2016_44_111;mikäli;3
1348;44/2016;2016_44_111;minä;4
1348;44/2016;2016_44_111;tällainen;2
1348;44/2016;2016_44_111;laki;2
1348;44/2016;2016_44_111;toinen;1
1348;44/2016;2016_44_111;duubio;1
1348;44/2016;2016_44_111;liittyä;1
1348;44/2016;2016_44_111;antaa;2
1348;44/2016;2016_44_111;mahdollisesti;1
1348;44/2016;2016_44_111;joku;2
1348;44/2016;2016_44_111;tyyppinen;2
1348;44/2016;2016_44_111;etu;1
1348;44/2016;2016_44_111;sellainen;2
1348;44/2016;2016_44_111;henkilö;2
1348;44/2016;2016_44_111;joka;3
1348;44/2016;2016_44_111;läheinen;1
1348;44/2016;2016_44_111;suhde;2
1348;44/2016;2016_44_111;esimerkiksi;1
1348;44/2016;2016_44_111;media;1
1348;44/2016;2016_44_111;tai;1
1348;44/2016;2016_44_111;saada;1
1348;44/2016;2016_44_111;kuten;1
1348;44/2016;2016_44_111;lehto;1
1348;44/2016;2016_44_111;mainita;1
1348;44/2016;2016_44_111;tuki;1
1348;44/2016;2016_44_111;ilmainen;1
1348;44/2016;2016_44_111;ladonseinä;1
1348;44/2016;2016_44_111;esite;1
1348;44/2016;2016_44_111;eli;2
1348;44/2016;2016_44_111;etulyöntiasema;1
1348;44/2016;2016_44_111;joutua;1
1348;44/2016;2016_44_111;kampanjoida;1
1348;44/2016;2016_44_111;aivan;3
1348;44/2016;2016_44_111;raharaha;1
1348;44/2016;2016_44_111;pohtia;2
1348;44/2016;2016_44_111;tasa-arvoisuusnäkökulma;1
1348;44/2016;2016_44_111;mutta;1
1348;44/2016;2016_44_111;selvä;1
1348;44/2016;2016_44_111;että;4
1348;44/2016;2016_44_111;myös;2
1348;44/2016;2016_44_111;keino;1
1348;44/2016;2016_44_111;noudattaa;1
1348;44/2016;2016_44_111;niin;2
1348;44/2016;2016_44_111;parantaa;1
1348;44/2016;2016_44_111;ehdokas;1
1348;44/2016;2016_44_111;mahdollisuus;1
1348;44/2016;2016_44_111;osallistua;1
1348;44/2016;2016_44_111;eri;1
1348;44/2016;2016_44_111;vaali;1
1348;44/2016;2016_44_111;pitää;1
1348;44/2016;2016_44_111;kulu;1
1348;44/2016;2016_44_111;kohtuullinen;1
1348;44/2016;2016_44_111;kyllä;1
1348;44/2016;2016_44_111;elomaa;1
1348;44/2016;2016_44_111;kanssa;1
1348;44/2016;2016_44_111;sama;1
1348;44/2016;2016_44_111;nyt;1
1348;44/2016;2016_44_111;kun;1
1348;44/2016;2016_44_111;alkaa;1
1348;44/2016;2016_44_111;liikkua;1
1348;44/2016;2016_44_111;jo;1
1348;44/2016;2016_44_111;yli;1
1348;44/2016;2016_44_111;euro;1
1348;44/2016;2016_44_111;summa;1
1348;44/2016;2016_44_111;aikamoinen;1
1348;44/2016;2016_44_111;määrä;1
1348;44/2016;2016_44_111;laittaa;1
1348;44/2016;2016_44_111;vaaliraha;1
1348;44/2016;2016_44_111;yksi;1
1348;44/2016;2016_44_111;eduskuntavaalit;1
1348;44/2016;2016_44_111;varmasti;1
1348;44/2016;2016_44_111;tulla;1
1348;44/2016;2016_44_111;vakava;1
1348;44/2016;2016_44_111;mieli;1
1348;44/2016;2016_44_111;harkita;1
1348;44/2016;2016_44_111;aika;1
1348;44/2016;2016_44_111;valiokunta;1
1348;49/2016;2016_49_55;arvoisa;2
1348;49/2016;2016_49_55;rouva;2
1348;49/2016;2016_49_55;puhemies;2
1348;49/2016;2016_49_55;olla;20
1348;49/2016;2016_49_55;eu;1
1348;49/2016;2016_49_55;jäsen;1
1348;49/2016;2016_49_55;sitoutua;4
1348;49/2016;2016_49_55;niin;1
1348;49/2016;2016_49_55;yhteisvastuulauseke;2
1348;49/2016;2016_49_55;kuin;2
1348;49/2016;2016_49_55;keskinäinen;2
1348;49/2016;2016_49_55;avunanto;2
1348;49/2016;2016_49_55;lauseke;3
1348;49/2016;2016_49_55;ja;9
1348;49/2016;2016_49_55;minä;7
1348;49/2016;2016_49_55;ei;4
1348;49/2016;2016_49_55;voida;4
1348;49/2016;2016_49_55;sellainen;2
1348;49/2016;2016_49_55;lainsäädännöllinen;1
1348;49/2016;2016_49_55;este;1
1348;49/2016;2016_49_55;joka;2
1348;49/2016;2016_49_55;estää;1
1348;49/2016;2016_49_55;osallistua;1
1348;49/2016;2016_49_55;tämä;9
1348;49/2016;2016_49_55;mukainen;1
1348;49/2016;2016_49_55;toiminta;1
1348;49/2016;2016_49_55;lakiehdotus;1
1348;49/2016;2016_49_55;kokonaisuus;1
1348;49/2016;2016_49_55;selkeä;1
1348;49/2016;2016_49_55;se;8
1348;49/2016;2016_49_55;eri;1
1348;49/2016;2016_49_55;päätöksentekomekanismi;1
1348;49/2016;2016_49_55;vaikuttaa;1
1348;49/2016;2016_49_55;varsin;1
1348;49/2016;2016_49_55;toimiva;1
1348;49/2016;2016_49_55;kuten;1
1348;49/2016;2016_49_55;usein;1
1348;49/2016;2016_49_55;sali;2
1348;49/2016;2016_49_55;jo;1
1348;49/2016;2016_49_55;keskustelu;2
1348;49/2016;2016_49_55;todeta;1
1348;49/2016;2016_49_55;yhtä;1
1348;49/2016;2016_49_55;tärkeä;2
1348;49/2016;2016_49_55;kyky;1
1348;49/2016;2016_49_55;apu;3
1348;49/2016;2016_49_55;antaminen;1
1348;49/2016;2016_49_55;myös;3
1348;49/2016;2016_49_55;mahdollisuus;1
1348;49/2016;2016_49_55;vastaanottaminen;1
1348;49/2016;2016_49_55;itse;2
1348;49/2016;2016_49_55;kadettiupseeri;1
1348;49/2016;2016_49_55;menettää;1
1348;49/2016;2016_49_55;kadettiveli;1
1348;49/2016;2016_49_55;ulkomaa;3
1348;49/2016;2016_49_55;erilainen;1
1348;49/2016;2016_49_55;kriisihallintaoperaatio;1
1348;49/2016;2016_49_55;jokainen;1
1348;49/2016;2016_49_55;hän;1
1348;49/2016;2016_49_55;kuitenkin;2
1348;49/2016;2016_49_55;lähteä;2
1348;49/2016;2016_49_55;sinne;1
1348;49/2016;2016_49_55;oma;3
1348;49/2016;2016_49_55;vapaa;1
1348;49/2016;2016_49_55;tahto;1
1348;49/2016;2016_49_55;nyt;1
1348;49/2016;2016_49_55;tilanne;5
1348;49/2016;2016_49_55;mahdollisesti;2
1348;49/2016;2016_49_55;muuttua;1
1348;49/2016;2016_49_55;nähdä;2
1348;49/2016;2016_49_55;erittäin;1
1348;49/2016;2016_49_55;ongelmallinen;1
1348;49/2016;2016_49_55;kokea;1
1348;49/2016;2016_49_55;että;4
1348;49/2016;2016_49_55;ammattiupseeri;3
1348;49/2016;2016_49_55;koskaan;2
1348;49/2016;2016_49_55;mikään;1
1348;49/2016;2016_49_55;vala;1
1348;49/2016;2016_49_55;vakuutus;1
1348;49/2016;2016_49_55;tai;2
1348;49/2016;2016_49_55;lupaus;1
1348;49/2016;2016_49_55;tällainen;2
1348;49/2016;2016_49_55;tehtävä;1
1348;49/2016;2016_49_55;käskeä;1
1348;49/2016;2016_49_55;ilman;1
1348;49/2016;2016_49_55;vakaa;1
1348;49/2016;2016_49_55;suostumus;1
1348;49/2016;2016_49_55;käydä;1
1348;49/2016;2016_49_55;äärimmäinen;5
1348;49/2016;2016_49_55;pohtia;1
1348;49/2016;2016_49_55;hyvä;2
1348;49/2016;2016_49_55;muistaa;1
1348;49/2016;2016_49_55;suomi;1
1348;49/2016;2016_49_55;noin;1
1348;49/2016;2016_49_55;millainen;1
1348;49/2016;2016_49_55;joukko;3
1348;49/2016;2016_49_55;antaa;1
1348;49/2016;2016_49_55;johtaa;1
1348;49/2016;2016_49_55;reserviläinen;1
1348;49/2016;2016_49_55;pohja;2
1348;49/2016;2016_49_55;puolustusratkaisu;1
1348;49/2016;2016_49_55;rakentaa;2
1348;49/2016;2016_49_55;toivo;1
1348;49/2016;2016_49_55;mukaan;2
1348;49/2016;2016_49_55;kohdata;2
1348;49/2016;2016_49_55;ratkaista;1
1348;49/2016;2016_49_55;kysymys;1
1348;49/2016;2016_49_55;mikä;2
1348;49/2016;2016_49_55;tapa;1
1348;49/2016;2016_49_55;laajamittainen;1
1348;49/2016;2016_49_55;reserviläisarmeija;1
1348;49/2016;2016_49_55;käyttää;1
1348;49/2016;2016_49_55;nojalla;1
1348;49/2016;2016_49_55;koska;1
1348;49/2016;2016_49_55;pelkkä;1
1348;49/2016;2016_49_55;välttämättä;1
1348;49/2016;2016_49_55;riittää;1
1348;49/2016;2016_49_55;turvatakuu;1
1348;49/2016;2016_49_55;molemminpuolinen;1
1348;49/2016;2016_49_55;noudattaminen;2
1348;49/2016;2016_49_55;ehdottomasti;1
1348;49/2016;2016_49_55;lainsäädäntö;1
1348;49/2016;2016_49_55;omatunto;1
1348;49/2016;2016_49_55;tietää;1
1348;49/2016;2016_49_55;lähtö;1
1348;49/2016;2016_49_62;arvoisa;1
1348;49/2016;2016_49_62;rouva;1
1348;49/2016;2016_49_62;puhemies;1
1348;49/2016;2016_49_62;kiitos;1
1348;49/2016;2016_49_62;ensinnä;1
1348;49/2016;2016_49_62;ministeri;2
1348;49/2016;2016_49_62;asia;2
1348;49/2016;2016_49_62;esittely;1
1348;49/2016;2016_49_62;tietää;2
1348;49/2016;2016_49_62;että;9
1348;49/2016;2016_49_62;tuntea;1
1348;49/2016;2016_49_62;tämä;9
1348;49/2016;2016_49_62;varsin;1
1348;49/2016;2016_49_62;hyvin;1
1348;49/2016;2016_49_62;pitää;3
1348;49/2016;2016_49_62;erittäin;1
1348;49/2016;2016_49_62;tärkeä;7
1348;49/2016;2016_49_62;nyt;5
1348;49/2016;2016_49_62;lakiesitys;1
1348;49/2016;2016_49_62;olla;17
1348;49/2016;2016_49_62;sujuvoittaa;1
1348;49/2016;2016_49_62;upseerikoulutus;1
1348;49/2016;2016_49_62;järjestäminen;1
1348;49/2016;2016_49_62;ja;10
1348;49/2016;2016_49_62;jatko;2
1348;49/2016;2016_49_62;se;12
1348;49/2016;2016_49_62;tavoite;1
1348;49/2016;2016_49_62;määrittää;1
1348;49/2016;2016_49_62;maanpuolustuskorkeakoulu;3
1348;49/2016;2016_49_62;pääesikunta;1
1348;49/2016;2016_49_62;sijaan;1
1348;49/2016;2016_49_62;varmasti;1
1348;49/2016;2016_49_62;opetus;1
1348;49/2016;2016_49_62;laatu;1
1348;49/2016;2016_49_62;kanta;4
1348;49/2016;2016_49_62;riippumattomuus;1
1348;49/2016;2016_49_62;myös;3
1348;49/2016;2016_49_62;tulevaisuus;1
1348;49/2016;2016_49_62;valmistua;3
1348;49/2016;2016_49_62;upseeristo;1
1348;49/2016;2016_49_62;aika;2
1348;49/2016;2016_49_62;haaste;1
1348;49/2016;2016_49_62;hermo;1
1348;49/2016;2016_49_62;saada;1
1348;49/2016;2016_49_62;kaikki;1
1348;49/2016;2016_49_62;tarvittava;1
1348;49/2016;2016_49_62;uusi;2
1348;49/2016;2016_49_62;osaaminen;2
1348;49/2016;2016_49_62;joka;3
1348;49/2016;2016_49_62;tuo;3
1348;49/2016;2016_49_62;maailma;1
1348;49/2016;2016_49_62;hakea;1
1348;49/2016;2016_49_62;tulla;2
1348;49/2016;2016_49_62;tiedeyliopisto;2
1348;49/2016;2016_49_62;kyllä;2
1348;49/2016;2016_49_62;kun;3
1348;49/2016;2016_49_62;yhteistyö;1
1348;49/2016;2016_49_62;eri;1
1348;49/2016;2016_49_62;yliopisto;1
1348;49/2016;2016_49_62;kanssa;1
1348;49/2016;2016_49_62;tiivistää;1
1348;49/2016;2016_49_62;voida;4
1348;49/2016;2016_49_62;luoda;1
1348;49/2016;2016_49_62;monipuolinen;2
1348;49/2016;2016_49_62;tutkijapolku;1
1348;49/2016;2016_49_62;urapolku;1
1348;49/2016;2016_49_62;näin;1
1348;49/2016;2016_49_62;oma;2
1348;49/2016;2016_49_62;todeta;2
1348;49/2016;2016_49_62;koulu;2
1348;49/2016;2016_49_62;päätyä;1
1348;49/2016;2016_49_62;jo;1
1348;49/2016;2016_49_62;kansanedustaja;1
1348;49/2016;2016_49_62;ennen;1
1348;49/2016;2016_49_62;kunnanjohtaja;1
1348;49/2016;2016_49_62;upseeri;2
1348;49/2016;2016_49_62;pohjakoulutus;1
1348;49/2016;2016_49_62;jatkaa;1
1348;49/2016;2016_49_62;opinto;1
1348;49/2016;2016_49_62;muu;1
1348;49/2016;2016_49_62;siten;1
1348;49/2016;2016_49_62;täydentää;1
1348;49/2016;2016_49_62;kuitenkin;1
1348;49/2016;2016_49_62;vielä;2
1348;49/2016;2016_49_62;kysyä;1
1348;49/2016;2016_49_62;paikka;1
1348;49/2016;2016_49_62;mikä;1
1348;49/2016;2016_49_62;tapa;2
1348;49/2016;2016_49_62;ottaa;1
1348;49/2016;2016_49_62;huomio;1
1348;49/2016;2016_49_62;vanha;1
1348;49/2016;2016_49_62;tutkinto;2
1348;49/2016;2016_49_62;minä;1
1348;49/2016;2016_49_62;hetki;1
1348;49/2016;2016_49_62;maa;1
1348;49/2016;2016_49_62;ei;3
1348;49/2016;2016_49_62;täysin;1
1348;49/2016;2016_49_62;sitten;2
1348;49/2016;2016_49_62;vastata;2
1348;49/2016;2016_49_62;esitys;1
1348;49/2016;2016_49_62;pohtia;1
1348;49/2016;2016_49_62;muuntaminen;1
1348;49/2016;2016_49_62;nykyinen;1
1348;49/2016;2016_49_62;maisteri;2
1348;49/2016;2016_49_62;kandidaattitutkinjärjestelmä;1
1348;49/2016;2016_49_62;koska;1
1348;49/2016;2016_49_62;ymmärtää;1
1348;49/2016;2016_49_62;nykyisellään;1
1348;49/2016;2016_49_62;mahdollinen;1
1348;49/2016;2016_49_62;itse;2
1348;49/2016;2016_49_62;vuosi;1
1348;49/2016;2016_49_62;niin;1
1348;49/2016;2016_49_62;ainoastaan;1
1348;49/2016;2016_49_62;ylempi;1
1348;49/2016;2016_49_62;korkeakoulututkinto;1
1348;49/2016;2016_49_62;mikään;1
1348;49/2016;2016_49_62;mahdollisuus;1
1348;49/2016;2016_49_62;muuttaa;1
1348;49/2016;2016_49_62;sotatiede;1
1348;49/2016;2016_49_62;nähdä;1
1348;49/2016;2016_49_62;jokin;1
1348;49/2016;2016_49_62;huutava;1
1348;49/2016;2016_49_62;puute;1
1348;58/2016;2016_58_15;arvoisa;1
1348;58/2016;2016_58_15;rouva;1
1348;58/2016;2016_58_15;puhemies;1
1348;58/2016;2016_58_15;hallitus;1
1348;58/2016;2016_58_15;esitys;2
1348;58/2016;2016_58_15;eduskunta;1
1348;58/2016;2016_58_15;lentoliikenne;3
1348;58/2016;2016_58_15;gambia;1
1348;58/2016;2016_58_15;kanssa;1
1348;58/2016;2016_58_15;olla;6
1348;58/2016;2016_58_15;erittäin;1
1348;58/2016;2016_58_15;tervetullut;1
1348;58/2016;2016_58_15;ja;8
1348;58/2016;2016_58_15;hyvä;1
1348;58/2016;2016_58_15;ääretön;1
1348;58/2016;2016_58_15;tärkeä;1
1348;58/2016;2016_58_15;luoda;2
1348;58/2016;2016_58_15;tällainen;2
1348;58/2016;2016_58_15;kahdenvälinen;2
1348;58/2016;2016_58_15;sopimus;2
1348;58/2016;2016_58_15;muualle;1
1348;58/2016;2016_58_15;se;2
1348;58/2016;2016_58_15;kautta;1
1348;58/2016;2016_58_15;kehittää;1
1348;58/2016;2016_58_15;tämä;7
1348;58/2016;2016_58_15;minä;2
1348;58/2016;2016_58_15;sinne;1
1348;58/2016;2016_58_15;kasvu;1
1348;58/2016;2016_58_15;mahdollisuus;1
1348;58/2016;2016_58_15;nostaa;1
1348;58/2016;2016_58_15;esille;1
1348;58/2016;2016_58_15;kuitenkin;1
1348;58/2016;2016_58_15;edustaja;1
1348;58/2016;2016_58_15;tolppanen;1
1348;58/2016;2016_58_15;näkemys;1
1348;58/2016;2016_58_15;lennonvarmistus;2
1348;58/2016;2016_58_15;aluelennonjohto;3
1348;58/2016;2016_58_15;aivan;1
1348;58/2016;2016_58_15;selvä;1
1348;58/2016;2016_58_15;että;3
1348;58/2016;2016_58_15;mikäli;1
1348;58/2016;2016_58_15;aikoa;1
1348;58/2016;2016_58_15;pitää;2
1348;58/2016;2016_58_15;toiminta;1
1348;58/2016;2016_58_15;sujuva;1
1348;58/2016;2016_58_15;täytyä;1
1348;58/2016;2016_58_15;varmistua;1
1348;58/2016;2016_58_15;toimia;1
1348;58/2016;2016_58_15;mutta;1
1348;58/2016;2016_58_15;yhteys;1
1348;58/2016;2016_58_15;kun;2
1348;58/2016;2016_58_15;asia;1
1348;58/2016;2016_58_15;harkita;1
1348;58/2016;2016_58_15;katsoa;1
1348;58/2016;2016_58_15;kyse;1
1348;58/2016;2016_58_15;ei;1
1348;58/2016;2016_58_15;pelkästään;1
1348;58/2016;2016_58_15;taloudellinen;1
1348;58/2016;2016_58_15;kysymys;2
1348;58/2016;2016_58_15;vaan;1
1348;58/2016;2016_58_15;osa;1
1348;58/2016;2016_58_15;myös;1
1348;58/2016;2016_58_15;turvallisuuspoliittinen;1
1348;58/2016;2016_58_15;mieli;1
1348;58/2016;2016_58_15;varmasti;1
1348;58/2016;2016_58_15;paikallaan;1
1348;58/2016;2016_58_15;tarkastella;1
1348;58/2016;2016_58_15;nyt;1
1348;58/2016;2016_58_15;finavia;2
1348;58/2016;2016_58_15;ohjaus;1
1348;58/2016;2016_58_15;siirtää;1
1348;58/2016;2016_58_15;valtioneuvosto;1
1348;58/2016;2016_58_15;kanslia;1
1348;58/2016;2016_58_15;tulla;1
1348;58/2016;2016_58_15;lennonvarmistustoiminto;1
1348;58/2016;2016_58_15;irtauttaa;1
1348;58/2016;2016_58_15;sieltä;1
1348;58/2016;2016_58_15;toiminto;1
1348;58/2016;2016_58_15;pois;1
1348;58/2016;2016_58_15;kokonaan;1
1348;82/2016;2016_82_67;arvoisa;1
1348;82/2016;2016_82_67;herra;1
1348;82/2016;2016_82_67;puhemies;1
1348;82/2016;2016_82_67;tämä;10
1348;82/2016;2016_82_67;nyt;3
1348;82/2016;2016_82_67;käsittely;2
1348;82/2016;2016_82_67;olla;15
1348;82/2016;2016_82_67;kansalaisaloite;2
1348;82/2016;2016_82_67;erittäin;1
1348;82/2016;2016_82_67;vahva;1
1348;82/2016;2016_82_67;huolestunut;1
1348;82/2016;2016_82_67;kansalainen;1
1348;82/2016;2016_82_67;tahdonilmaus;1
1348;82/2016;2016_82_67;mutta;1
1348;82/2016;2016_82_67;kuten;1
1348;82/2016;2016_82_67;vanha;1
1348;82/2016;2016_82_67;suomalainen;1
1348;82/2016;2016_82_67;sananlasku;1
1348;82/2016;2016_82_67;todeta;1
1348;82/2016;2016_82_67;ei;3
1348;82/2016;2016_82_67;mella;1
1348;82/2016;2016_82_67;meri;2
1348;82/2016;2016_82_67;niin;3
1348;82/2016;2016_82_67;valitettavasti;1
1348;82/2016;2016_82_67;lähteä;1
1348;82/2016;2016_82_67;sinne;1
1348;82/2016;2016_82_67;aivan;1
1348;82/2016;2016_82_67;ilman;1
1348;82/2016;2016_82_67;vene;1
1348;82/2016;2016_82_67;ja;8
1348;82/2016;2016_82_67;myös;2
1348;82/2016;2016_82_67;se;6
1348;82/2016;2016_82_67;pelastusliivi;1
1348;82/2016;2016_82_67;mikäli;1
1348;82/2016;2016_82_67;aloite;2
1348;82/2016;2016_82_67;tällainen;1
1348;82/2016;2016_82_67;hyväksyä;1
1348;82/2016;2016_82_67;vaikeuttaa;1
1348;82/2016;2016_82_67;merkittävä;1
1348;82/2016;2016_82_67;tapa;1
1348;82/2016;2016_82_67;rikos;3
1348;82/2016;2016_82_67;syyllistyä;3
1348;82/2016;2016_82_67;ulkomaalainen;4
1348;82/2016;2016_82_67;karkottaminen;3
1348;82/2016;2016_82_67;varmasti;1
1348;82/2016;2016_82_67;tekijä;1
1348;82/2016;2016_82_67;tarkoitus;1
1348;82/2016;2016_82_67;vuoksi;1
1348;82/2016;2016_82_67;jatko;1
1348;82/2016;2016_82_67;ajatella;1
1348;82/2016;2016_82_67;ääretön;1
1348;82/2016;2016_82_67;tärkeä;1
1348;82/2016;2016_82_67;tarkastella;1
1348;82/2016;2016_82_67;keino;1
1348;82/2016;2016_82_67;joka;2
1348;82/2016;2016_82_67;minä;4
1348;82/2016;2016_82_67;suhteen;1
1348;82/2016;2016_82_67;että;4
1348;82/2016;2016_82_67;silloin;1
1348;82/2016;2016_82_67;kun;1
1348;82/2016;2016_82_67;tänne;1
1348;82/2016;2016_82_67;edetä;1
1348;82/2016;2016_82_67;sellainen;1
1348;82/2016;2016_82_67;aidosti;2
1348;82/2016;2016_82_67;ongelma;1
1348;82/2016;2016_82_67;puuttua;2
1348;82/2016;2016_82_67;lainsäädäntö;3
1348;82/2016;2016_82_67;mukainen;1
1348;82/2016;2016_82_67;sitten;1
1348;82/2016;2016_82_67;eduskunta;1
1348;82/2016;2016_82_67;voida;1
1348;82/2016;2016_82_67;oma;1
1348;82/2016;2016_82_67;arvovalta;1
1348;82/2016;2016_82_67;selvä;1
1348;82/2016;2016_82_67;nykyinen;1
1348;82/2016;2016_82_67;käyttö;1
1348;82/2016;2016_82_67;kaikki;1
1348;82/2016;2016_82_67;tarvittava;1
1348;82/2016;2016_82_67;työkalu;1
1348;82/2016;2016_82_67;hetki;1
1348;82/2016;2016_82_67;tietty;1
1348;82/2016;2016_82_67;maa;1
1348;82/2016;2016_82_67;osa;1
1348;82/2016;2016_82_67;kyse;2
1348;82/2016;2016_82_67;vaan;1
1348;82/2016;2016_82_67;palauttamissopimus;2
1348;82/2016;2016_82_67;esittää;1
1348;82/2016;2016_82_67;vetoomus;1
1348;82/2016;2016_82_67;hallitus;1
1348;82/2016;2016_82_67;erityisesti;1
1348;82/2016;2016_82_67;ulkoministeri;1
1348;82/2016;2016_82_67;suo;1
1348;82/2016;2016_82_67;ennen;1
1348;82/2016;2016_82_67;kaikkea;1
1348;82/2016;2016_82_67;somalia;1
1348;82/2016;2016_82_67;irak;1
1348;82/2016;2016_82_67;kanssa;1
1348;82/2016;2016_82_67;pyrkiä;1
1348;82/2016;2016_82_67;ensi;1
1348;82/2016;2016_82_67;tila;1
1348;82/2016;2016_82_67;hoitaa;1
1348;82/2016;2016_82_67;kunto;1
1348;82/2016;2016_82_67;kokonaisuus;1
1348;82/2016;2016_82_67;keskustelu;1
1348;82/2016;2016_82_67;mikä;2
1348;82/2016;2016_82_67;käydä;3
1348;82/2016;2016_82_67;turvapaikkapolitiikka;1
1348;82/2016;2016_82_67;haluta;1
1348;82/2016;2016_82_67;palauttaa;1
1348;82/2016;2016_82_67;mieli;1
1348;82/2016;2016_82_67;suomi;1
1348;82/2016;2016_82_67;sivistys;1
1348;82/2016;2016_82_67;tasa-arvo;1
1348;82/2016;2016_82_67;yhdenvertaisuus;1
1348;82/2016;2016_82_67;mallimaa;1
1348;82/2016;2016_82_67;pohja;1
1348;82/2016;2016_82_67;aina;1
1348;82/2016;2016_82_67;muistaa;1
1348;102/2016;2016_102_73;arvoisa;1
1348;102/2016;2016_102_73;herra;1
1348;102/2016;2016_102_73;puhemies;1
1348;102/2016;2016_102_73;haluta;2
1348;102/2016;2016_102_73;todeta;1
1348;102/2016;2016_102_73;tämä;7
1348;102/2016;2016_102_73;edustaja;3
1348;102/2016;2016_102_73;hassi;1
1348;102/2016;2016_102_73;että;6
1348;102/2016;2016_102_73;kyllä;2
1348;102/2016;2016_102_73;suomi;1
1348;102/2016;2016_102_73;metsävara;2
1348;102/2016;2016_102_73;käyttö;1
1348;102/2016;2016_102_73;perustua;1
1348;102/2016;2016_102_73;laaja;1
1348;102/2016;2016_102_73;tutkimus;2
1348;102/2016;2016_102_73;ja;11
1348;102/2016;2016_102_73;se;11
1348;102/2016;2016_102_73;todella;1
1348;102/2016;2016_102_73;hyödyntää;2
1348;102/2016;2016_102_73;kestävästi;1
1348;102/2016;2016_102_73;yhtyä;1
1348;102/2016;2016_102_73;hoskonen;1
1348;102/2016;2016_102_73;hakkarainen;1
1348;102/2016;2016_102_73;huoli;1
1348;102/2016;2016_102_73;tärkeä;1
1348;102/2016;2016_102_73;jalo;1
1348;102/2016;2016_102_73;pariisi;2
1348;102/2016;2016_102_73;sopimus;3
1348;102/2016;2016_102_73;pyrkiä;1
1348;102/2016;2016_102_73;nyt;3
1348;102/2016;2016_102_73;hyökätä;1
1348;102/2016;2016_102_73;kestävä;2
1348;102/2016;2016_102_73;suomalainen;2
1348;102/2016;2016_102_73;metsä;2
1348;102/2016;2016_102_73;hyödyntäminen;2
1348;102/2016;2016_102_73;vastaan;1
1348;102/2016;2016_102_73;olla;5
1348;102/2016;2016_102_73;erittäin;1
1348;102/2016;2016_102_73;huolestuttava;1
1348;102/2016;2016_102_73;muistuttaa;1
1348;102/2016;2016_102_73;kaikki;1
1348;102/2016;2016_102_73;taho;1
1348;102/2016;2016_102_73;tosiaan;1
1348;102/2016;2016_102_73;sähkö;1
1348;102/2016;2016_102_73;ei;5
1348;102/2016;2016_102_73;tulla;5
1348;102/2016;2016_102_73;pistorasia;1
1348;102/2016;2016_102_73;polttoaine;1
1348;102/2016;2016_102_73;huoltoasema;1
1348;102/2016;2016_102_73;raha;1
1348;102/2016;2016_102_73;budjetti;1
1348;102/2016;2016_102_73;mikäli;1
1348;102/2016;2016_102_73;jokin;1
1348;102/2016;2016_102_73;hyvä;2
1348;102/2016;2016_102_73;neuvo;1
1348;102/2016;2016_102_73;mikä;1
1348;102/2016;2016_102_73;tapa;1
1348;102/2016;2016_102_73;niin;1
1348;102/2016;2016_102_73;ajatus;1
1348;102/2016;2016_102_73;täällä;1
1348;102/2016;2016_102_73;sali;1
1348;102/2016;2016_102_73;esittää;1
1348;102/2016;2016_102_73;minä;2
1348;102/2016;2016_102_73;sellainen;1
1348;102/2016;2016_102_73;kuulla;1
1348;102/2016;2016_102_73;nähdä;2
1348;102/2016;2016_102_73;tehdä;1
1348;102/2016;2016_102_73;hetki;1
1348;102/2016;2016_102_73;metsäpolitiikka;1
1348;102/2016;2016_102_73;myös;1
1348;102/2016;2016_102_73;hallitus;1
1348;102/2016;2016_102_73;esitys;1
1348;102/2016;2016_102_73;mahdollistaa;1
1348;102/2016;2016_102_73;tulevaisuus;1
1348;102/2016;2016_102_73;aivan;1
1348;102/2016;2016_102_73;selvä;1
1348;102/2016;2016_102_73;idealistinen;1
1348;102/2016;2016_102_73;mutta;1
1348;102/2016;2016_102_73;voida;1
1348;102/2016;2016_102_73;viedä;1
1348;102/2016;2016_102_73;läpi;1
1348;102/2016;2016_102_73;silloin;1
1348;102/2016;2016_102_73;kun;1
1348;102/2016;2016_102_73;idealismi;1
1348;102/2016;2016_102_73;saada;1
1348;102/2016;2016_102_73;rinnalle;1
1348;102/2016;2016_102_73;raaka;1
1348;102/2016;2016_102_73;realismi;1
1348;102/2016;2016_102_73;itse;1
1348;102/2016;2016_102_73;tilanne;1
1348;102/2016;2016_102_73;kaivata;1
1348;102/2016;2016_102_73;turha;1
1348;102/2016;2016_102_73;haihattelu;1
1348;103/2016;2016_103_26;arvoisa;3
1348;103/2016;2016_103_26;rouva;3
1348;103/2016;2016_103_26;puhemies;3
1348;103/2016;2016_103_26;digitalisaatio;5
1348;103/2016;2016_103_26;ja;17
1348;103/2016;2016_103_26;kansalainen;10
1348;103/2016;2016_103_26;oikeusturva;1
1348;103/2016;2016_103_26;toteutuminen;1
1348;103/2016;2016_103_26;edellytys;1
1348;103/2016;2016_103_26;voida;4
1348;103/2016;2016_103_26;pitää;2
1348;103/2016;2016_103_26;kattava;3
1348;103/2016;2016_103_26;yhteispalvelupisteverkosto;2
1348;103/2016;2016_103_26;sähköinen;3
1348;103/2016;2016_103_26;asiointi;2
1348;103/2016;2016_103_26;erilainen;1
1348;103/2016;2016_103_26;valtionhallinto;3
1348;103/2016;2016_103_26;palvelu;8
1348;103/2016;2016_103_26;lisääntyä;2
1348;103/2016;2016_103_26;koko;1
1348;103/2016;2016_103_26;aika;1
1348;103/2016;2016_103_26;valtio;2
1348;103/2016;2016_103_26;aluehallinto;1
1348;103/2016;2016_103_26;rakenne;1
1348;103/2016;2016_103_26;muuttaa;1
1348;103/2016;2016_103_26;jatkuvasti;1
1348;103/2016;2016_103_26;muoto;1
1348;103/2016;2016_103_26;toimipiste;2
1348;103/2016;2016_103_26;määrä;1
1348;103/2016;2016_103_26;asiakaskäynti;2
1348;103/2016;2016_103_26;vähetä;2
1348;103/2016;2016_103_26;sekä;1
1348;103/2016;2016_103_26;aukioloaika;1
1348;103/2016;2016_103_26;lyhetä;1
1348;103/2016;2016_103_26;tämä;8
1348;103/2016;2016_103_26;muutos;1
1348;103/2016;2016_103_26;olla;18
1348;103/2016;2016_103_26;vastata;1
1348;103/2016;2016_103_26;verkko;1
1348;103/2016;2016_103_26;siirtyminen;1
1348;103/2016;2016_103_26;myötä;1
1348;103/2016;2016_103_26;edellyttää;1
1348;103/2016;2016_103_26;itsenäinen;1
1348;103/2016;2016_103_26;toiminta;1
1348;103/2016;2016_103_26;kyky;1
1348;103/2016;2016_103_26;hoitaa;2
1348;103/2016;2016_103_26;asia;3
1348;103/2016;2016_103_26;sähköisesti;1
1348;103/2016;2016_103_26;yhteispalvelupiste;5
1348;103/2016;2016_103_26;joka;3
1348;103/2016;2016_103_26;tarjota;2
1348;103/2016;2016_103_26;laaja;1
1348;103/2016;2016_103_26;asiantuntija-apu;1
1348;103/2016;2016_103_26;hetki;2
1348;103/2016;2016_103_26;kunta;3
1348;103/2016;2016_103_26;palvelutarjoaja;1
1348;103/2016;2016_103_26;vastuu;1
1348;103/2016;2016_103_26;mutta;1
1348;103/2016;2016_103_26;tulevaisuus;5
1348;103/2016;2016_103_26;myös;5
1348;103/2016;2016_103_26;maakunta;2
1348;103/2016;2016_103_26;joutua;1
1348;103/2016;2016_103_26;pohtia;2
1348;103/2016;2016_103_26;millainen;2
1348;103/2016;2016_103_26;yhteispalveluverkosto;1
1348;103/2016;2016_103_26;rakentaa;2
1348;103/2016;2016_103_26;syy;2
1348;103/2016;2016_103_26;mieli;1
1348;103/2016;2016_103_26;maakuntalainsäädäntö;1
1348;103/2016;2016_103_26;valmistella;1
1348;103/2016;2016_103_26;verkosto;1
1348;103/2016;2016_103_26;ei;5
1348;103/2016;2016_103_26;täysin;1
1348;103/2016;2016_103_26;siten;1
1348;103/2016;2016_103_26;yhdenvertainen;1
1348;103/2016;2016_103_26;asema;1
1348;103/2016;2016_103_26;kaikki;1
1348;103/2016;2016_103_26;tietotekninen;1
1348;103/2016;2016_103_26;taito;1
1348;103/2016;2016_103_26;sama;1
1348;103/2016;2016_103_26;taso;1
1348;103/2016;2016_103_26;moni;1
1348;103/2016;2016_103_26;tarvita;2
1348;103/2016;2016_103_26;vähintään;1
1348;103/2016;2016_103_26;tekninen;1
1348;103/2016;2016_103_26;tuki;2
1348;103/2016;2016_103_26;hoitaminen;1
1348;103/2016;2016_103_26;tulla;3
1348;103/2016;2016_103_26;toimiva;1
1348;103/2016;2016_103_26;kokonaisuus;2
1348;103/2016;2016_103_26;tukea;5
1348;103/2016;2016_103_26;mahdollisuus;1
1348;103/2016;2016_103_26;oma;2
1348;103/2016;2016_103_26;itsenäisesti;1
1348;103/2016;2016_103_26;kukaan;1
1348;103/2016;2016_103_26;saada;1
1348;103/2016;2016_103_26;jäädä;1
1348;103/2016;2016_103_26;kehitys;2
1348;103/2016;2016_103_26;vuoksi;1
1348;103/2016;2016_103_26;vaille;1
1348;103/2016;2016_103_26;keskittää;1
1348;103/2016;2016_103_26;tärkeä;1
1348;103/2016;2016_103_26;miten;1
1348;103/2016;2016_103_26;palveluvalikoima;1
1348;103/2016;2016_103_26;palvella;1
1348;103/2016;2016_103_26;alue;1
1348;103/2016;2016_103_26;hyvin;1
1348;103/2016;2016_103_26;hyvä;2
1348;103/2016;2016_103_26;pohjatyö;1
1348;103/2016;2016_103_26;sijoitus;1
1348;103/2016;2016_103_26;asiantunteva;1
1348;103/2016;2016_103_26;palveluneuvoja;1
1348;103/2016;2016_103_26;säästää;1
1348;103/2016;2016_103_26;käynti;1
1348;103/2016;2016_103_26;virasto;4
1348;103/2016;2016_103_26;ohjata;1
1348;103/2016;2016_103_26;käyttö;1
1348;103/2016;2016_103_26;jolloin;1
1348;103/2016;2016_103_26;apu;1
1348;103/2016;2016_103_26;tarve;4
1348;103/2016;2016_103_26;vaatia;1
1348;103/2016;2016_103_26;omatoimisuus;2
1348;103/2016;2016_103_26;oikea;1
1348;103/2016;2016_103_26;mitoittaminen;1
1348;103/2016;2016_103_26;kevyt;1
1348;103/2016;2016_103_26;tukipalvelu;1
1348;103/2016;2016_103_26;itse;1
1348;103/2016;2016_103_26;merkittävä;1
1348;103/2016;2016_103_26;tieto;1
1348;103/2016;2016_103_26;se;2
1348;103/2016;2016_103_26;mikä;2
1348;103/2016;2016_103_26;kysyä;1
1348;103/2016;2016_103_26;asiantuntijuus;1
1348;103/2016;2016_103_26;itsenäisyys;1
1348;103/2016;2016_103_26;siksi;1
1348;103/2016;2016_103_26;kiittää;1
1348;103/2016;2016_103_26;hallitus;1
1348;103/2016;2016_103_26;lämpimästi;1
1348;103/2016;2016_103_26;esitys;1
1348;103/2016;2016_103_26;voimavara;1
1348;103/2016;2016_103_26;muutosvaihe;1
1348;103/2016;2016_103_26;siellä;1
1348;103/2016;2016_103_26;toimipisteverkko;1
1348;103/2016;2016_103_26;kenties;1
1348;103/2016;2016_103_26;vähemmän;1
1348;103/2016;2016_103_26;yhteispalvelu;1
1348;103/2016;2016_103_26;lisääntyminen;1
1348;103/2016;2016_103_26;saattaa;1
1348;103/2016;2016_103_26;vähentää;1
1348;103/2016;2016_103_26;entisestään;1
1348;103/2016;2016_103_26;koska;1
1348;103/2016;2016_103_26;enää;1
1348;103/2016;2016_103_26;tarpeellinen;1
1348;103/2016;2016_103_26;toisaalta;1
1348;103/2016;2016_103_26;taas;1
1348;103/2016;2016_103_26;jokin;1
1348;103/2016;2016_103_26;paikka;1
1348;103/2016;2016_103_26;viranomainen;1
1348;103/2016;2016_103_26;mitoittaa;1
1348;103/2016;2016_103_26;aina;1
1348;103/2016;2016_103_26;mukaan;1
1348;103/2016;2016_103_26;kaupunkikeskus;1
1348;103/2016;2016_103_26;suuri;1
1348;103/2016;2016_103_26;rooli;1
1348;103/2016;2016_103_26;edistäminen;1
1348;103/2016;2016_103_26;vielä;1
1348;103/2016;2016_103_26;aivan;1
1348;103/2016;2016_103_26;loppu;1
1348;103/2016;2016_103_26;haluta;1
1348;103/2016;2016_103_26;esittää;1
1348;103/2016;2016_103_26;erityiskiitos;1
1348;103/2016;2016_103_26;ysiluokkalainen;1
1348;103/2016;2016_103_26;tetharjoittelija;1
1348;103/2016;2016_103_26;seena;1
1348;103/2016;2016_103_26;avustaa;1
1348;103/2016;2016_103_26;puheenvuoro;1
1348;103/2016;2016_103_26;valmistelu;1
1348;103/2016;2016_103_26;eduskunta;1
1348;103/2016;2016_103_26;mikko;1
1348;103/2016;2016_103_26;puhe;1
1348;103/2016;2016_103_49;arvoisa;1
1348;103/2016;2016_103_49;rouva;1
1348;103/2016;2016_103_49;puhemies;1
1348;103/2016;2016_103_49;tämä;3
1348;103/2016;2016_103_49;lähteä;1
1348;103/2016;2016_103_49;mieli;2
1348;103/2016;2016_103_49;varsin;1
1348;103/2016;2016_103_49;hyvä;2
1348;103/2016;2016_103_49;keskustelu;1
1348;103/2016;2016_103_49;liikkeelle;1
1348;103/2016;2016_103_49;ja;6
1348;103/2016;2016_103_49;olla;7
1348;103/2016;2016_103_49;aivan;1
1348;103/2016;2016_103_49;sama;2
1348;103/2016;2016_103_49;että;2
1348;103/2016;2016_103_49;tarkasti;1
1348;103/2016;2016_103_49;nyt;2
1348;103/2016;2016_103_49;pohtia;1
1348;103/2016;2016_103_49;se;3
1348;103/2016;2016_103_49;minä;3
1348;103/2016;2016_103_49;todella;1
1348;103/2016;2016_103_49;tarve;1
1348;103/2016;2016_103_49;säätää;1
1348;103/2016;2016_103_49;yläikäraja;1
1348;103/2016;2016_103_49;mikä;1
1348;103/2016;2016_103_49;ihme;1
1348;103/2016;2016_103_49;takia;1
1348;103/2016;2016_103_49;ei;2
1348;103/2016;2016_103_49;yhteiskunta;2
1348;103/2016;2016_103_49;tukea;1
1348;103/2016;2016_103_49;sellainen;1
1348;103/2016;2016_103_49;kehitys;1
1348;103/2016;2016_103_49;joka;1
1348;103/2016;2016_103_49;työkykyinen;1
1348;103/2016;2016_103_49;työhaluinen;1
1348;103/2016;2016_103_49;ihminen;2
1348;103/2016;2016_103_49;voida;1
1348;103/2016;2016_103_49;jatkaa;1
1348;103/2016;2016_103_49;työskentely;1
1348;103/2016;2016_103_49;tehtävä;1
1348;103/2016;2016_103_49;tietysti;1
1348;103/2016;2016_103_49;käsillä;1
1348;103/2016;2016_103_49;hallitus;1
1348;103/2016;2016_103_49;esitys;1
1348;103/2016;2016_103_49;paljon;1
1348;103/2016;2016_103_49;myös;1
1348;103/2016;2016_103_49;alkiolainen;1
1348;103/2016;2016_103_49;inhimillisyys;1
1348;103/2016;2016_103_49;oikeudenmukaisuus;1
1348;103/2016;2016_103_49;kanta;1
1348;103/2016;2016_103_49;siten;1
1348;103/2016;2016_103_49;kaksi;1
1348;103/2016;2016_103_49;sääntö;2
1348;103/2016;2016_103_49;vaan;1
1348;103/2016;2016_103_49;hyväpalkkainen;1
1348;103/2016;2016_103_49;virka;1
1348;103/2016;2016_103_49;toimia;1
1348;103/2016;2016_103_49;pelata;1
1348;103/2016;2016_103_49;kuin;1
1348;103/2016;2016_103_49;muu;1
1348;103/2016;2016_103_49;aina;1
1348;103/2016;2016_103_49;henkilökohtaisesti;1
1348;103/2016;2016_103_49;erittäin;1
1348;103/2016;2016_103_49;tärkeä;1
1348;103/2016;2016_103_67;arvoisa;1
1348;103/2016;2016_103_67;herra;1
1348;103/2016;2016_103_67;puhemies;1
1348;103/2016;2016_103_67;edustaja;1
1348;103/2016;2016_103_67;kulmala;1
1348;103/2016;2016_103_67;oma;1
1348;103/2016;2016_103_67;puheenvuoro;1
1348;103/2016;2016_103_67;ottaa;1
1348;103/2016;2016_103_67;ansiokkaasti;1
1348;103/2016;2016_103_67;kyllä;1
1348;103/2016;2016_103_67;esille;1
1348;103/2016;2016_103_67;suomalainen;1
1348;103/2016;2016_103_67;ruokatuotanto;1
1348;103/2016;2016_103_67;ja;4
1348;103/2016;2016_103_67;se;2
1348;103/2016;2016_103_67;että;2
1348;103/2016;2016_103_67;tämä;4
1348;103/2016;2016_103_67;hetki;1
1348;103/2016;2016_103_67;minä;2
1348;103/2016;2016_103_67;todella;1
1348;103/2016;2016_103_67;syödä;1
1348;103/2016;2016_103_67;tuottaa;1
1348;103/2016;2016_103_67;maailma;1
1348;103/2016;2016_103_67;puhdas;1
1348;103/2016;2016_103_67;eettinen;1
1348;103/2016;2016_103_67;ekologinen;1
1348;103/2016;2016_103_67;ravinto;1
1348;103/2016;2016_103_67;kaikki;1
1348;103/2016;2016_103_67;maatalous;2
1348;103/2016;2016_103_67;liittyä;1
1348;103/2016;2016_103_67;lainsäädäntö;2
1348;103/2016;2016_103_67;tulla;1
1348;103/2016;2016_103_67;nähdä;1
1348;103/2016;2016_103_67;sellainen;1
1348;103/2016;2016_103_67;kokonaisuus;1
1348;103/2016;2016_103_67;joka;1
1348;103/2016;2016_103_67;kestävä;1
1348;103/2016;2016_103_67;kyetä;2
1348;103/2016;2016_103_67;suomi;1
1348;103/2016;2016_103_67;turvata;1
1348;103/2016;2016_103_67;nyt;1
1348;103/2016;2016_103_67;tulevaisuus;1
1348;103/2016;2016_103_67;yhteys;1
1348;103/2016;2016_103_67;vaikka;1
1348;103/2016;2016_103_67;paljon;1
1348;103/2016;2016_103_67;antaa;1
1348;103/2016;2016_103_67;eu-taso;1
1348;103/2016;2016_103_67;ei;1
1348;103/2016;2016_103_67;koskaan;1
1348;103/2016;2016_103_67;voida;1
1348;103/2016;2016_103_67;unohtaa;1
1348;103/2016;2016_103_67;kansallinen;1
1348;103/2016;2016_103_67;huoltovarmuus;1
1348;103/2016;2016_103_67;merkitys;1
1348;103/2016;2016_103_67;olla;1
1348;103/2016;2016_103_67;ääretön;1
1348;103/2016;2016_103_67;tärkeä;1
1348;103/2016;2016_103_67;asia;1
1348;103/2016;2016_103_67;maa;1
1348;103/2016;2016_103_67;kansalainen;1
1348;103/2016;2016_103_67;ruokkia;1
1348;103/2016;2016_103_67;niin;1
1348;103/2016;2016_103_67;rauha;1
1348;103/2016;2016_103_67;kuin;1
1348;103/2016;2016_103_67;mahdollinen;1
1348;103/2016;2016_103_67;kriisi;1
1348;103/2016;2016_103_67;aika;1
1348;103/2016;2016_103_72;arvoisa;1
1348;103/2016;2016_103_72;herra;1
1348;103/2016;2016_103_72;puhemies;1
1348;103/2016;2016_103_72;tämä;7
1348;103/2016;2016_103_72;nyt;1
1348;103/2016;2016_103_72;käsillä;1
1348;103/2016;2016_103_72;olla;6
1348;103/2016;2016_103_72;esitys;1
1348;103/2016;2016_103_72;tarkoitus;3
1348;103/2016;2016_103_72;maaseutuohjelma;3
1348;103/2016;2016_103_72;tavoite;1
1348;103/2016;2016_103_72;mukaisesti;3
1348;103/2016;2016_103_72;parantaa;1
1348;103/2016;2016_103_72;kehittämishanketuki;1
1348;103/2016;2016_103_72;saaja;1
1348;103/2016;2016_103_72;edellytys;1
1348;103/2016;2016_103_72;toteuttaa;2
1348;103/2016;2016_103_72;maaseutu;3
1348;103/2016;2016_103_72;innovatiivinen;1
1348;103/2016;2016_103_72;ja;3
1348;103/2016;2016_103_72;yritystoiminta;1
1348;103/2016;2016_103_72;uudistaa;1
1348;103/2016;2016_103_72;hanke;2
1348;103/2016;2016_103_72;laki;1
1348;103/2016;2016_103_72;tehdä;1
1348;103/2016;2016_103_72;pilotointi;2
1348;103/2016;2016_103_72;koskea;1
1348;103/2016;2016_103_72;muutos;1
1348;103/2016;2016_103_72;joka;3
1348;103/2016;2016_103_72;myötä;1
1348;103/2016;2016_103_72;voida;4
1348;103/2016;2016_103_72;hyvin;2
1348;103/2016;2016_103_72;kuten;1
1348;103/2016;2016_103_72;usea;1
1348;103/2016;2016_103_72;puheenvuoro;1
1348;103/2016;2016_103_72;jo;1
1348;103/2016;2016_103_72;mainita;1
1348;103/2016;2016_103_72;tukea;2
1348;103/2016;2016_103_72;ei;1
1348;103/2016;2016_103_72;tarvita;1
1348;103/2016;2016_103_72;yleishyödyllinen;1
1348;103/2016;2016_103_72;nähdä;1
1348;103/2016;2016_103_72;lakiesitys;1
1348;103/2016;2016_103_72;erittäin;1
1348;103/2016;2016_103_72;tärkeä;1
1348;103/2016;2016_103_72;helppo;1
1348;103/2016;2016_103_72;kun;2
1348;103/2016;2016_103_72;käydä;1
1348;103/2016;2016_103_72;keskustelu;1
1348;103/2016;2016_103_72;kehittäminen;1
1348;103/2016;2016_103_72;niin;2
1348;103/2016;2016_103_72;hyvä;1
1348;103/2016;2016_103_72;muistaa;1
1348;103/2016;2016_103_72;myös;3
1348;103/2016;2016_103_72;se;5
1348;103/2016;2016_103_72;paljon;1
1348;103/2016;2016_103_72;puhua;1
1348;103/2016;2016_103_72;digitalisaatio;1
1348;103/2016;2016_103_72;nimittäin;1
1348;103/2016;2016_103_72;maaseutuelinkeino;1
1348;103/2016;2016_103_72;digitalisoida;1
1348;103/2016;2016_103_72;yhteys;1
1348;103/2016;2016_103_72;haluta;1
1348;103/2016;2016_103_72;nostaa;1
1348;103/2016;2016_103_72;esille;1
1348;103/2016;2016_103_72;mtk;1
1348;103/2016;2016_103_72;taantoi;1
1348;103/2016;2016_103_72;lanseerata;1
1348;103/2016;2016_103_72;ruokaasuomesta;1
1348;103/2016;2016_103_72;palvelu;1
1348;103/2016;2016_103_72;ohittaa;1
1348;103/2016;2016_103_72;kauppaketju;1
1348;103/2016;2016_103_72;siten;1
1348;103/2016;2016_103_72;että;3
1348;103/2016;2016_103_72;kuluttaja;2
1348;103/2016;2016_103_72;kyetä;1
1348;103/2016;2016_103_72;tilata;2
1348;103/2016;2016_103_72;ruoka;1
1348;103/2016;2016_103_72;suoraan;1
1348;103/2016;2016_103_72;sieltä;1
1348;103/2016;2016_103_72;tuottaja;3
1348;103/2016;2016_103_72;aika;1
1348;103/2016;2016_103_72;kehittää;1
1348;103/2016;2016_103_72;erilainen;1
1348;103/2016;2016_103_72;alustatalous;1
1348;103/2016;2016_103_72;sovellutus;1
1348;103/2016;2016_103_72;mahdollisuus;1
1348;103/2016;2016_103_72;hyödyntää;1
1348;103/2016;2016_103_72;silloin;1
1348;103/2016;2016_103_72;päästä;1
1348;103/2016;2016_103_72;aivan;2
1348;103/2016;2016_103_72;aidosti;2
1348;103/2016;2016_103_72;lähiruoka;1
1348;103/2016;2016_103_72;ydin;1
1348;103/2016;2016_103_72;ravinto;1
1348;103/2016;2016_103_72;suora;1
1348;103/2016;2016_103_72;jolloin;1
1348;103/2016;2016_103_72;saada;1
1348;103/2016;2016_103_72;hinta;1
1348;103/2016;2016_103_72;muodostua;1
1348;103/2016;2016_103_72;sellainen;1
1348;103/2016;2016_103_72;tulla;1
1348;103/2016;2016_103_72;toimi;1
1348;106/2016;2016_106_181;arvoisa;1
1348;106/2016;2016_106_181;herra;1
1348;106/2016;2016_106_181;puhemies;1
1348;106/2016;2016_106_181;aivan;1
1348;106/2016;2016_106_181;kuten;1
1348;106/2016;2016_106_181;edustaja;2
1348;106/2016;2016_106_181;hoskonen;1
1348;106/2016;2016_106_181;tässä;1
1348;106/2016;2016_106_181;edellä;1
1348;106/2016;2016_106_181;todeta;2
1348;106/2016;2016_106_181;se;7
1348;106/2016;2016_106_181;huoli;1
1348;106/2016;2016_106_181;ihminen;2
1348;106/2016;2016_106_181;toimeentulo;1
1348;106/2016;2016_106_181;olla;8
1348;106/2016;2016_106_181;aiheellinen;1
1348;106/2016;2016_106_181;totta;2
1348;106/2016;2016_106_181;kai;2
1348;106/2016;2016_106_181;erittäin;1
1348;106/2016;2016_106_181;positiivinen;1
1348;106/2016;2016_106_181;että;7
1348;106/2016;2016_106_181;minä;6
1348;106/2016;2016_106_181;työtön;2
1348;106/2016;2016_106_181;määrä;1
1348;106/2016;2016_106_181;tämä;13
1348;106/2016;2016_106_181;maa;3
1348;106/2016;2016_106_181;laskea;1
1348;106/2016;2016_106_181;tänään;1
1348;106/2016;2016_106_181;tulla;1
1348;106/2016;2016_106_181;juuri;1
1348;106/2016;2016_106_181;tieto;1
1348;106/2016;2016_106_181;vähemmän;1
1348;106/2016;2016_106_181;kuin;1
1348;106/2016;2016_106_181;vuosi;1
1348;106/2016;2016_106_181;sitten;1
1348;106/2016;2016_106_181;aika;2
1348;106/2016;2016_106_181;kiljunen;1
1348;106/2016;2016_106_181;niin;1
1348;106/2016;2016_106_181;usea;1
1348;106/2016;2016_106_181;hallituskausi;1
1348;106/2016;2016_106_181;jo;1
1348;106/2016;2016_106_181;muodostua;1
1348;106/2016;2016_106_181;toimeentulotukijärjestelmä;1
1348;106/2016;2016_106_181;sosiaalijärjestelmä;1
1348;106/2016;2016_106_181;tietyntyyppinen;1
1348;106/2016;2016_106_181;tukiviidakko;1
1348;106/2016;2016_106_181;siksi;1
1348;106/2016;2016_106_181;kyllä;1
1348;106/2016;2016_106_181;hämätä;1
1348;106/2016;2016_106_181;keskustelu;3
1348;106/2016;2016_106_181;kun;1
1348;106/2016;2016_106_181;keskustella;1
1348;106/2016;2016_106_181;aiemmin;1
1348;106/2016;2016_106_181;perustulo;2
1348;106/2016;2016_106_181;perustulokokeilu;2
1348;106/2016;2016_106_181;vastaan;1
1348;106/2016;2016_106_181;hyökätä;1
1348;106/2016;2016_106_181;varsin;1
1348;106/2016;2016_106_181;voimakkaasti;1
1348;106/2016;2016_106_181;esimerkiksi;1
1348;106/2016;2016_106_181;sdp;1
1348;106/2016;2016_106_181;rivi;1
1348;106/2016;2016_106_181;itse;1
1348;106/2016;2016_106_181;taas;1
1348;106/2016;2016_106_181;nähdä;1
1348;106/2016;2016_106_181;kautta;1
1348;106/2016;2016_106_181;nimenomaan;1
1348;106/2016;2016_106_181;luoda;2
1348;106/2016;2016_106_181;tietopohja;1
1348;106/2016;2016_106_181;jokin;1
1348;106/2016;2016_106_181;vaihe;1
1348;106/2016;2016_106_181;voida;3
1348;106/2016;2016_106_181;siirtyä;1
1348;106/2016;2016_106_181;aito;1
1348;106/2016;2016_106_181;jolloin;1
1348;106/2016;2016_106_181;lopettaa;2
1348;106/2016;2016_106_181;toimeentulotuki;1
1348;106/2016;2016_106_181;erilainen;1
1348;106/2016;2016_106_181;kannustinloukku;1
1348;106/2016;2016_106_181;ja;1
1348;106/2016;2016_106_181;sellainen;1
1348;106/2016;2016_106_181;järjestelmä;1
1348;106/2016;2016_106_181;joka;1
1348;106/2016;2016_106_181;myötä;1
1348;106/2016;2016_106_181;työ;1
1348;106/2016;2016_106_181;vastaanottaminen;1
1348;106/2016;2016_106_181;aina;1
1348;106/2016;2016_106_181;kannattava;1
1348;106/2016;2016_106_181;riippumatta;1
1348;106/2016;2016_106_181;minkälainen;1
1348;106/2016;2016_106_181;tukijärjestelmä;1
1348;106/2016;2016_106_181;piiri;1
1348;106/2016;2016_106_181;hän;1
1348;106/2016;2016_106_202;arvoisa;2
1348;106/2016;2016_106_202;herra;2
1348;106/2016;2016_106_202;puhemies;2
1348;106/2016;2016_106_202;aivan;1
1348;106/2016;2016_106_202;kuten;2
1348;106/2016;2016_106_202;edustaja;2
1348;106/2016;2016_106_202;eloranta;1
1348;106/2016;2016_106_202;puhe;1
1348;106/2016;2016_106_202;todeta;5
1348;106/2016;2016_106_202;tämä;17
1348;106/2016;2016_106_202;esitys;2
1348;106/2016;2016_106_202;voimassa;1
1348;106/2016;2016_106_202;olla;22
1348;106/2016;2016_106_202;laki;3
1348;106/2016;2016_106_202;säätää;1
1348;106/2016;2016_106_202;savuton;3
1348;106/2016;2016_106_202;tupakkatuote;3
1348;106/2016;2016_106_202;myynti;4
1348;106/2016;2016_106_202;ja;8
1348;106/2016;2016_106_202;maahantuonti;3
1348;106/2016;2016_106_202;kielto;2
1348;106/2016;2016_106_202;rajata;2
1348;106/2016;2016_106_202;eurooppa;3
1348;106/2016;2016_106_202;komissio;1
1348;106/2016;2016_106_202;päätös;1
1348;106/2016;2016_106_202;mukaisesti;2
1348;106/2016;2016_106_202;koskea;1
1348;106/2016;2016_106_202;purutupakka;1
1348;106/2016;2016_106_202;nenänuuska;1
1348;106/2016;2016_106_202;suu;2
1348;106/2016;2016_106_202;käyttää;5
1348;106/2016;2016_106_202;tarkoittaa;1
1348;106/2016;2016_106_202;tupakka;3
1348;106/2016;2016_106_202;mahdollinen;1
1348;106/2016;2016_106_202;muu;2
1348;106/2016;2016_106_202;ei;7
1348;106/2016;2016_106_202;ehdottaa;1
1348;106/2016;2016_106_202;kohdistua;1
1348;106/2016;2016_106_202;erityinen;1
1348;106/2016;2016_106_202;rajoitus;1
1348;106/2016;2016_106_202;edelleen;1
1348;106/2016;2016_106_202;määritellä;1
1348;106/2016;2016_106_202;mikä;1
1348;106/2016;2016_106_202;sitten;1
1348;106/2016;2016_106_202;mahdollisesti;1
1348;106/2016;2016_106_202;voida;3
1348;106/2016;2016_106_202;asia;2
1348;106/2016;2016_106_202;täytyä;1
1348;106/2016;2016_106_202;varmasti;1
1348;106/2016;2016_106_202;valiokuntakäsittely;1
1348;106/2016;2016_106_202;pohtia;2
1348;106/2016;2016_106_202;hyvin;1
1348;106/2016;2016_106_202;tarkkaan;1
1348;106/2016;2016_106_202;lakiesitys;1
1348;106/2016;2016_106_202;myös;3
1348;106/2016;2016_106_202;oma;2
1348;106/2016;2016_106_202;käyttö;3
1348;106/2016;2016_106_202;tapahtua;2
1348;106/2016;2016_106_202;jokainen;1
1348;106/2016;2016_106_202;saada;1
1348;106/2016;2016_106_202;tuoda;3
1348;106/2016;2016_106_202;maa;3
1348;106/2016;2016_106_202;yksi;2
1348;106/2016;2016_106_202;kilo;1
1348;106/2016;2016_106_202;mainita;1
1348;106/2016;2016_106_202;tuote;3
1348;106/2016;2016_106_202;vuorokausi;1
1348;106/2016;2016_106_202;aika;1
1348;106/2016;2016_106_202;haluta;2
1348;106/2016;2016_106_202;kuitenkin;2
1348;106/2016;2016_106_202;mahdollisuus;1
1348;106/2016;2016_106_202;nuuska;9
1348;106/2016;2016_106_202;seuraava;1
1348;106/2016;2016_106_202;mieli;1
1348;106/2016;2016_106_202;vakava;1
1348;106/2016;2016_106_202;virhe;1
1348;106/2016;2016_106_202;silloin;1
1348;106/2016;2016_106_202;kun;4
1348;106/2016;2016_106_202;suomi;4
1348;106/2016;2016_106_202;liittyä;1
1348;106/2016;2016_106_202;unioni;2
1348;106/2016;2016_106_202;jäsen;1
1348;106/2016;2016_106_202;hankkia;2
1348;106/2016;2016_106_202;poikkeus;1
1348;106/2016;2016_106_202;naapurimaa;2
1348;106/2016;2016_106_202;ruotsi;7
1348;106/2016;2016_106_202;tapa;1
1348;106/2016;2016_106_202;kaikki;1
1348;106/2016;2016_106_202;tutkimusnäyttö;1
1348;106/2016;2016_106_202;nimittäin;1
1348;106/2016;2016_106_202;osoittaa;2
1348;106/2016;2016_106_202;että;12
1348;106/2016;2016_106_202;terveys;2
1348;106/2016;2016_106_202;huomattavasti;2
1348;106/2016;2016_106_202;vähemmän;1
1348;106/2016;2016_106_202;haitallinen;1
1348;106/2016;2016_106_202;kuin;3
1348;106/2016;2016_106_202;hämmentävä;1
1348;106/2016;2016_106_202;jo;1
1348;106/2016;2016_106_202;minä;4
1348;106/2016;2016_106_202;perustella;1
1348;106/2016;2016_106_202;suusyöpävaara;1
1348;106/2016;2016_106_202;vaikka;2
1348;106/2016;2016_106_202;tutkimus;1
1348;106/2016;2016_106_202;maailma;2
1348;106/2016;2016_106_202;eniten;1
1348;106/2016;2016_106_202;nuuskaaja;1
1348;106/2016;2016_106_202;väestö;1
1348;106/2016;2016_106_202;niin;4
1348;106/2016;2016_106_202;siellä;1
1348;106/2016;2016_106_202;pieni;1
1348;106/2016;2016_106_202;suusyöpä;1
1348;106/2016;2016_106_202;esiintyvyys;1
1348;106/2016;2016_106_202;itse;1
1348;106/2016;2016_106_202;asiassa;1
1348;106/2016;2016_106_202;seuraus;1
1348;106/2016;2016_106_202;nuuskarasia;1
1348;106/2016;2016_106_202;poistaa;1
1348;106/2016;2016_106_202;varoitustarra;1
1348;106/2016;2016_106_202;se;5
1348;106/2016;2016_106_202;aiheuttaa;1
1348;106/2016;2016_106_202;syöpä;1
1348;106/2016;2016_106_202;koska;2
1348;106/2016;2016_106_202;minkäänlainen;1
1348;106/2016;2016_106_202;tutkimuksellinen;1
1348;106/2016;2016_106_202;näyttö;1
1348;106/2016;2016_106_202;totta;1
1348;106/2016;2016_106_202;kai;1
1348;106/2016;2016_106_202;ihan;1
1348;106/2016;2016_106_202;selvä;1
1348;106/2016;2016_106_202;mikään;1
1348;106/2016;2016_106_202;terveystuote;1
1348;106/2016;2016_106_202;puhua;1
1348;106/2016;2016_106_202;saattaa;1
1348;106/2016;2016_106_202;vaarantaa;1
1348;106/2016;2016_106_202;käyttäjä;1
1348;106/2016;2016_106_202;vakavasti;1
1348;106/2016;2016_106_202;paljon;2
1348;106/2016;2016_106_202;erityisesti;1
1348;106/2016;2016_106_202;lappi;1
1348;106/2016;2016_106_202;joka;2
1348;106/2016;2016_106_202;täällä;1
1348;106/2016;2016_106_202;arvioida;2
1348;106/2016;2016_106_202;harmaa;1
1348;106/2016;2016_106_202;talous;1
1348;106/2016;2016_106_202;piiri;1
1348;106/2016;2016_106_202;menettää;2
1348;106/2016;2016_106_202;miljoona;2
1348;106/2016;2016_106_202;euro;2
1348;106/2016;2016_106_202;vuosittain;1
1348;106/2016;2016_106_202;valmistevero;1
1348;106/2016;2016_106_202;luku;1
1348;106/2016;2016_106_202;tietenkään;1
1348;106/2016;2016_106_202;mukana;1
1348;106/2016;2016_106_202;laillisesti;1
1348;106/2016;2016_106_202;varovaisesti;1
1348;106/2016;2016_106_202;vuosi;1
1348;106/2016;2016_106_202;sata;1
1348;106/2016;2016_106_202;verotulo;2
1348;106/2016;2016_106_202;sallittu;1
1348;106/2016;2016_106_202;kysyä;1
1348;106/2016;2016_106_202;todella;1
1348;106/2016;2016_106_202;vara;1
1348;106/2016;2016_106_202;huolestuttava;1
1348;106/2016;2016_106_202;valua;1
1348;106/2016;2016_106_202;vastuu;1
1348;106/2016;2016_106_202;jäädä;1
1348;106/2016;2016_106_202;tapaus;1
1348;106/2016;2016_106_202;ainoastaan;1
1348;106/2016;2016_106_202;haitta;1
1348;106/2016;2016_106_202;hoitaminen;1
1348;106/2016;2016_106_202;kanta;1
1348;106/2016;2016_106_202;tulla;1
1348;106/2016;2016_106_202;käydä;2
1348;106/2016;2016_106_202;aktiivinen;1
1348;106/2016;2016_106_202;keskustelu;1
1348;106/2016;2016_106_202;kerran;2
1348;106/2016;2016_106_202;erivapaus;1
1348;106/2016;2016_106_202;tällainen;1
1348;106/2016;2016_106_202;nuuskamekka;1
1348;106/2016;2016_106_202;esiintyä;1
1348;106/2016;2016_106_202;norjalainen;1
1348;106/2016;2016_106_202;tanskalainen;1
1348;106/2016;2016_106_202;suomalainen;1
1348;106/2016;2016_106_202;nuuskatuote;1
1348;106/2016;2016_106_202;paikallaan;1
1348;106/2016;2016_106_202;sallia;1
1348;106/2016;2016_106_202;vähiten;1
1348;106/2016;2016_106_202;takia;1
1348;106/2016;2016_106_202;aiemmin;1
1348;106/2016;2016_106_202;terveyshaitta;1
1348;106/2016;2016_106_202;vähäinen;1
1348;108/2016;2016_108_144;arvoisa;2
1348;108/2016;2016_108_144;herra;2
1348;108/2016;2016_108_144;puhemies;2
1348;108/2016;2016_108_144;hyvä;2
1348;108/2016;2016_108_144;vielä;1
1348;108/2016;2016_108_144;paikka;1
1348;108/2016;2016_108_144;olla;21
1348;108/2016;2016_108_144;kollega;1
1348;108/2016;2016_108_144;esitellä;1
1348;108/2016;2016_108_144;sinä;1
1348;108/2016;2016_108_144;nyt;3
1348;108/2016;2016_108_144;lakialoite;4
1348;108/2016;2016_108_144;laki;6
1348;108/2016;2016_108_144;osakeyhtiölaki;4
1348;108/2016;2016_108_144;luku;2
1348;108/2016;2016_108_144;muuttaminen;1
1348;108/2016;2016_108_144;aloite;3
1348;108/2016;2016_108_144;tähdätä;1
1348;108/2016;2016_108_144;julkisesti;2
1348;108/2016;2016_108_144;rahoittaa;2
1348;108/2016;2016_108_144;palvelu;5
1348;108/2016;2016_108_144;tuottaa;3
1348;108/2016;2016_108_144;tai;3
1348;108/2016;2016_108_144;julkinen;8
1348;108/2016;2016_108_144;palvelutehtävä;3
1348;108/2016;2016_108_144;hoitaa;6
1348;108/2016;2016_108_144;osakeyhtiö;7
1348;108/2016;2016_108_144;avoimuus;6
1348;108/2016;2016_108_144;lisääminen;1
1348;108/2016;2016_108_144;hallitus;1
1348;108/2016;2016_108_144;kuulla;1
1348;108/2016;2016_108_144;kansalainen;4
1348;108/2016;2016_108_144;yhtiöittäminen;2
1348;108/2016;2016_108_144;huoli;2
1348;108/2016;2016_108_144;ja;13
1348;108/2016;2016_108_144;jo;1
1348;108/2016;2016_108_144;aiemmin;1
1348;108/2016;2016_108_144;linjata;1
1348;108/2016;2016_108_144;että;5
1348;108/2016;2016_108_144;sosiaali;1
1348;108/2016;2016_108_144;terveydenhuolto;1
1348;108/2016;2016_108_144;tehtävä;5
1348;108/2016;2016_108_144;tulevaisuus;1
1348;108/2016;2016_108_144;velvollinen;2
1348;108/2016;2016_108_144;avoimesti;1
1348;108/2016;2016_108_144;tämä;9
1348;108/2016;2016_108_144;käsitellä;4
1348;108/2016;2016_108_144;allekirjoittaa;2
1348;108/2016;2016_108_144;kansanedustaja;2
1348;108/2016;2016_108_144;kiitos;1
1348;108/2016;2016_108_144;kaikki;3
1348;108/2016;2016_108_144;allekirjoittanut;1
1348;108/2016;2016_108_144;joka;3
1348;108/2016;2016_108_144;haluta;2
1348;108/2016;2016_108_144;näin;2
1348;108/2016;2016_108_144;osoittaa;1
1348;108/2016;2016_108_144;tällainen;1
1348;108/2016;2016_108_144;demokratia;3
1348;108/2016;2016_108_144;kanta;1
1348;108/2016;2016_108_144;välttämätön;1
1348;108/2016;2016_108_144;verorahoitus;1
1348;108/2016;2016_108_144;siirtyminen;1
1348;108/2016;2016_108_144;ei;5
1348;108/2016;2016_108_144;saada;1
1348;108/2016;2016_108_144;tapa;3
1348;108/2016;2016_108_144;päästä;1
1348;108/2016;2016_108_144;irti;1
1348;108/2016;2016_108_144;toiminta;5
1348;108/2016;2016_108_144;julkisuus;4
1348;108/2016;2016_108_144;verovara;1
1348;108/2016;2016_108_144;käyttö;1
1348;108/2016;2016_108_144;tulla;9
1348;108/2016;2016_108_144;voida;4
1348;108/2016;2016_108_144;valvoa;1
1348;108/2016;2016_108_144;myös;3
1348;108/2016;2016_108_144;maakunta;1
1348;108/2016;2016_108_144;soteuudistus;1
1348;108/2016;2016_108_144;yhteys;1
1348;108/2016;2016_108_144;myötä;2
1348;108/2016;2016_108_144;yhtiö;5
1348;108/2016;2016_108_144;mahdollisuus;2
1348;108/2016;2016_108_144;salata;1
1348;108/2016;2016_108_144;tieto;4
1348;108/2016;2016_108_144;pelko;1
1348;108/2016;2016_108_144;varsin;1
1348;108/2016;2016_108_144;aiheellinen;1
1348;108/2016;2016_108_144;antaa;1
1348;108/2016;2016_108_144;yksi;1
1348;108/2016;2016_108_144;malli;1
1348;108/2016;2016_108_144;velvoittaa;1
1348;108/2016;2016_108_144;toimia;2
1348;108/2016;2016_108_144;julkisuuslaki;1
1348;108/2016;2016_108_144;piiri;1
1348;108/2016;2016_108_144;toivoa;1
1348;108/2016;2016_108_144;valiokunta;1
1348;108/2016;2016_108_144;tarkkaan;1
1348;108/2016;2016_108_144;koska;1
1348;108/2016;2016_108_144;yli;1
1348;108/2016;2016_108_144;puoli;1
1348;108/2016;2016_108_144;apu;1
1348;108/2016;2016_108_144;estää;3
1348;108/2016;2016_108_144;länsimetro;1
1348;108/2016;2016_108_144;oy;1
1348;108/2016;2016_108_144;kaltainen;1
1348;108/2016;2016_108_144;julkisuuskatastrofi;1
1348;108/2016;2016_108_144;toistuminen;1
1348;108/2016;2016_108_144;sillä;1
1348;108/2016;2016_108_144;kattaa;1
1348;108/2016;2016_108_144;ainoastaan;1
1348;108/2016;2016_108_144;säilyttää;1
1348;108/2016;2016_108_144;luottamus;1
1348;108/2016;2016_108_144;yhteiskunta;3
1348;108/2016;2016_108_144;yksinkertaisuus;1
1348;108/2016;2016_108_144;lisätä;1
1348;108/2016;2016_108_144;uusi;1
1348;108/2016;2016_108_144;noudattaa;1
1348;108/2016;2016_108_144;mikä;3
1348;108/2016;2016_108_144;säätää;1
1348;108/2016;2016_108_144;viranomainen;1
1348;108/2016;2016_108_144;lisäksi;1
1348;108/2016;2016_108_144;edellä;2
1348;108/2016;2016_108_144;mainita;2
1348;108/2016;2016_108_144;momentti;1
1348;108/2016;2016_108_144;kohta;1
1348;108/2016;2016_108_144;liike;3
1348;108/2016;2016_108_144;ammattisalaisuus;3
1348;108/2016;2016_108_144;tulkita;1
1348;108/2016;2016_108_144;suppeasti;1
1348;108/2016;2016_108_144;määritellä;2
1348;108/2016;2016_108_144;mahdollinen;1
1348;108/2016;2016_108_144;siis;1
1348;108/2016;2016_108_144;salaaminen;2
1348;108/2016;2016_108_144;mutta;1
1348;108/2016;2016_108_144;tällöin;1
1348;108/2016;2016_108_144;perustua;1
1348;108/2016;2016_108_144;aina;1
1348;108/2016;2016_108_144;muu;1
1348;108/2016;2016_108_144;osa;1
1348;108/2016;2016_108_144;avoin;1
1348;108/2016;2016_108_144;taakse;1
1348;108/2016;2016_108_144;enää;1
1348;108/2016;2016_108_144;automaattisesti;1
1348;108/2016;2016_108_144;piiloutua;1
1348;108/2016;2016_108_144;myöntää;1
1348;108/2016;2016_108_144;se;2
1348;108/2016;2016_108_144;soveltaa;1
1348;108/2016;2016_108_144;määrittely;1
1348;108/2016;2016_108_144;haastava;1
1348;108/2016;2016_108_144;mikäli;1
1348;108/2016;2016_108_144;hyväksyä;1
1348;108/2016;2016_108_144;lopullinen;1
1348;108/2016;2016_108_144;tulkintakäytänne;1
1348;108/2016;2016_108_144;todennäköisesti;1
1348;108/2016;2016_108_144;hallinto-oikeus;1
1348;108/2016;2016_108_144;ratkaisu;1
1348;108/2016;2016_108_144;korruptio;1
1348;108/2016;2016_108_144;torjuminen;1
1348;108/2016;2016_108_144;avaaminen;1
1348;108/2016;2016_108_144;varmistaa;2
1348;108/2016;2016_108_144;kansalaisjärjestö;1
1348;108/2016;2016_108_144;osallistua;1
1348;108/2016;2016_108_144;kehittäminen;1
1348;108/2016;2016_108_144;veronmaksaja;1
1348;108/2016;2016_108_144;oikeus;1
1348;108/2016;2016_108_144;tietää;1
1348;108/2016;2016_108_144;hän;1
1348;108/2016;2016_108_144;kerätä;1
1348;108/2016;2016_108_144;verotulo;1
1348;108/2016;2016_108_144;käyttää;1
1348;108/2016;2016_108_144;vaan;1
1348;108/2016;2016_108_144;pikemmin;1
1348;108/2016;2016_108_144;toteuttaa;1
1348;108/2016;2016_108_144;julkistaa;1
1348;108/2016;2016_108_144;koskettaa;1
1348;108/2016;2016_108_144;ilman;1
1348;108/2016;2016_108_144;toteutuminen;1
1348;108/2016;2016_108_144;konkreettinen;1
1348;108/2016;2016_108_144;todiste;1
1348;108/2016;2016_108_149;arvoisa;1
1348;108/2016;2016_108_149;herra;1
1348;108/2016;2016_108_149;puhemies;1
1348;108/2016;2016_108_149;haluta;1
1348;108/2016;2016_108_149;tämä;4
1348;108/2016;2016_108_149;vielä;2
1348;108/2016;2016_108_149;lopuksi;1
1348;108/2016;2016_108_149;kiittää;1
1348;108/2016;2016_108_149;paikka;1
1348;108/2016;2016_108_149;olla;2
1348;108/2016;2016_108_149;kollega;1
1348;108/2016;2016_108_149;kannustava;1
1348;108/2016;2016_108_149;sana;1
1348;108/2016;2016_108_149;ja;3
1348;108/2016;2016_108_149;nähdä;2
1348;108/2016;2016_108_149;itse;1
1348;108/2016;2016_108_149;asia;1
1348;108/2016;2016_108_149;samoin;1
1348;108/2016;2016_108_149;kansanedustaja;1
1348;108/2016;2016_108_149;kaikki;2
1348;108/2016;2016_108_149;puolue;1
1348;108/2016;2016_108_149;allekirjoittaa;1
1348;108/2016;2016_108_149;aloite;1
1348;108/2016;2016_108_149;niin;1
1348;108/2016;2016_108_149;että;1
1348;108/2016;2016_108_149;eduskunta;1
1348;108/2016;2016_108_149;vahva;1
1348;108/2016;2016_108_149;viesti;1
1348;108/2016;2016_108_149;avoimuus;1
1348;108/2016;2016_108_149;demokratia;1
1348;108/2016;2016_108_149;puolesta;1
1348;108/2016;2016_108_149;kiitos;1
1348;108/2016;2016_108_149;allekirjoittanut;1
1348;108/2016;2016_108_151;arvoisa;2
1348;108/2016;2016_108_151;herra;2
1348;108/2016;2016_108_151;puhemies;2
1348;108/2016;2016_108_151;olla;17
1348;108/2016;2016_108_151;tehdä;1
1348;108/2016;2016_108_151;yhdessä;1
1348;108/2016;2016_108_151;usea;1
1348;108/2016;2016_108_151;lappilainen;2
1348;108/2016;2016_108_151;kansanedustaja;1
1348;108/2016;2016_108_151;kanssa;1
1348;108/2016;2016_108_151;lakialoite;2
1348;108/2016;2016_108_151;joka;2
1348;108/2016;2016_108_151;korjata;1
1348;108/2016;2016_108_151;kalastuslaki;3
1348;108/2016;2016_108_151;valmistelu;2
1348;108/2016;2016_108_151;yhteys;1
1348;108/2016;2016_108_151;tapahtua;1
1348;108/2016;2016_108_151;virhe;3
1348;108/2016;2016_108_151;paikallinen;5
1348;108/2016;2016_108_151;ihminen;2
1348;108/2016;2016_108_151;oikeus;2
1348;108/2016;2016_108_151;sivuuttaa;1
1348;108/2016;2016_108_151;erehdys;1
1348;108/2016;2016_108_151;uusi;2
1348;108/2016;2016_108_151;ja;15
1348;108/2016;2016_108_151;asettaa;1
1348;108/2016;2016_108_151;sama;1
1348;108/2016;2016_108_151;asema;1
1348;108/2016;2016_108_151;kuin;1
1348;108/2016;2016_108_151;turistikalastaja;1
1348;108/2016;2016_108_151;tämä;8
1348;108/2016;2016_108_151;ei;5
1348;108/2016;2016_108_151;voida;2
1348;108/2016;2016_108_151;kohtuullinen;1
1348;108/2016;2016_108_151;vaelluskala;1
1348;108/2016;2016_108_151;nousualue;3
1348;108/2016;2016_108_151;suuri;1
1348;108/2016;2016_108_151;joki;2
1348;108/2016;2016_108_151;pohjoinen;1
1348;108/2016;2016_108_151;harvaan;1
1348;108/2016;2016_108_151;asua;1
1348;108/2016;2016_108_151;alue;4
1348;108/2016;2016_108_151;tulla;3
1348;108/2016;2016_108_151;toimia;1
1348;108/2016;2016_108_151;luonto;3
1348;108/2016;2016_108_151;keskittyä;1
1348;108/2016;2016_108_151;elämäntapa;1
1348;108/2016;2016_108_151;kunnioittaa;1
1348;108/2016;2016_108_151;riippuvainen;1
1348;108/2016;2016_108_151;saada;5
1348;108/2016;2016_108_151;raaka-aine;1
1348;108/2016;2016_108_151;muuttaa;1
1348;108/2016;2016_108_151;juuri;1
1348;108/2016;2016_108_151;vesistö;4
1348;108/2016;2016_108_151;läheisyys;1
1348;108/2016;2016_108_151;laisinkaan;1
1348;108/2016;2016_108_151;sattuma;1
1348;108/2016;2016_108_151;että;5
1348;108/2016;2016_108_151;lappi;1
1348;108/2016;2016_108_151;kansoittua;1
1348;108/2016;2016_108_151;pitkälti;1
1348;108/2016;2016_108_151;varsi;1
1348;108/2016;2016_108_151;side;1
1348;108/2016;2016_108_151;erittäin;2
1348;108/2016;2016_108_151;vahva;1
1348;108/2016;2016_108_151;vielä;1
1348;108/2016;2016_108_151;päivä;1
1348;108/2016;2016_108_151;haastatella;1
1348;108/2016;2016_108_151;asiantuntija;1
1348;108/2016;2016_108_151;mukaan;2
1348;108/2016;2016_108_151;maksullinen;1
1348;108/2016;2016_108_151;lupa;6
1348;108/2016;2016_108_151;tarpeen;1
1348;108/2016;2016_108_151;saamelaisalue;2
1348;108/2016;2016_108_151;asukas;1
1348;108/2016;2016_108_151;vaan;1
1348;108/2016;2016_108_151;riittää;1
1348;108/2016;2016_108_151;tieto;2
1348;108/2016;2016_108_151;kalastus;6
1348;108/2016;2016_108_151;saalismäärä;1
1348;108/2016;2016_108_151;jotta;1
1348;108/2016;2016_108_151;kalakanta;1
1348;108/2016;2016_108_151;oikea;1
1348;108/2016;2016_108_151;tila;1
1348;108/2016;2016_108_151;selkiytyä;1
1348;108/2016;2016_108_151;vaelluskalakanta;2
1348;108/2016;2016_108_151;kestävyys;1
1348;108/2016;2016_108_151;edellyttää;1
1348;108/2016;2016_108_151;kattava;1
1348;108/2016;2016_108_151;informaatio;1
1348;108/2016;2016_108_151;mutta;3
1348;108/2016;2016_108_151;viehekalastus;1
1348;108/2016;2016_108_151;mikään;1
1348;108/2016;2016_108_151;tietämys;1
1348;108/2016;2016_108_151;muodostaa;1
1348;108/2016;2016_108_151;uhka;1
1348;108/2016;2016_108_151;myös;2
1348;108/2016;2016_108_151;metsähallitus;2
1348;108/2016;2016_108_151;se;3
1348;108/2016;2016_108_151;usko;1
1348;108/2016;2016_108_151;kunta;2
1348;108/2016;2016_108_151;jatkua;1
1348;108/2016;2016_108_151;maksuton;1
1348;108/2016;2016_108_151;myötä;1
1348;108/2016;2016_108_151;nyt;1
1348;108/2016;2016_108_151;käsillä;1
1348;108/2016;2016_108_151;muutos;1
1348;108/2016;2016_108_151;kaikki;2
1348;108/2016;2016_108_151;yllätys;1
1348;108/2016;2016_108_151;lainsäätäjä;1
1348;108/2016;2016_108_151;sattua;1
1348;108/2016;2016_108_151;joskus;1
1348;108/2016;2016_108_151;eduskunta;1
1348;108/2016;2016_108_151;ottaa;1
1348;108/2016;2016_108_151;vastuu;1
1348;108/2016;2016_108_151;korjaaminen;1
1348;108/2016;2016_108_151;esittää;1
1348;108/2016;2016_108_151;henkilö;1
1348;108/2016;2016_108_151;kotikuntalaki;1
1348;108/2016;2016_108_151;tarkoittaa;1
1348;108/2016;2016_108_151;kotikunta;1
1348;108/2016;2016_108_151;enontekiö;1
1348;108/2016;2016_108_151;inari;1
1348;108/2016;2016_108_151;tai;1
1348;108/2016;2016_108_151;utsjoki;1
1348;108/2016;2016_108_151;korvaus;1
1348;108/2016;2016_108_151;edellä;1
1348;108/2016;2016_108_151;mainita;1
1348;108/2016;2016_108_151;sijaita;1
1348;108/2016;2016_108_151;valtio;1
1348;108/2016;2016_108_151;kuulua;1
1348;108/2016;2016_108_151;vesialue;1
1348;108/2016;2016_108_151;henkilökohtainen;2
1348;108/2016;2016_108_151;myöntää;2
1348;108/2016;2016_108_151;kolme;1
1348;108/2016;2016_108_151;vuosi;2
1348;108/2016;2016_108_151;kerta;2
1348;108/2016;2016_108_151;teno;1
1348;108/2016;2016_108_151;näätämöjoki;1
1348;108/2016;2016_108_151;tuulomajoki;1
1348;108/2016;2016_108_151;paatsjoki;1
1348;108/2016;2016_108_151;sekä;1
1348;108/2016;2016_108_151;tornio;1
1348;108/2016;2016_108_151;ounasjoki;1
1348;108/2016;2016_108_151;lohi;1
1348;108/2016;2016_108_151;taimen;1
1348;108/2016;2016_108_151;mahdollinen;1
1348;108/2016;2016_108_151;vastaava;1
1348;108/2016;2016_108_151;aina;1
1348;108/2016;2016_108_151;tarkka;1
1348;108/2016;2016_108_151;säädös;1
1348;108/2016;2016_108_151;antaminen;1
1348;108/2016;2016_108_151;käyttö;1
1348;108/2016;2016_108_151;antaa;1
1348;108/2016;2016_108_151;maa;1
1348;108/2016;2016_108_151;metsätalousministeriö;1
1348;108/2016;2016_108_151;asetus;1
1348;108/2016;2016_108_151;tärkeä;1
1348;108/2016;2016_108_151;järjestää;1
1348;108/2016;2016_108_151;osa;1
1348;108/2016;2016_108_151;kestävästi;1
1348;108/2016;2016_108_151;paikkakuntalainen;1
1348;108/2016;2016_108_151;huomioida;1
1348;108/2016;2016_108_151;metsä;1
1348;108/2016;2016_108_151;baletti;1
1348;108/2016;2016_108_151;ooppera;1
1348;108/2016;2016_108_151;viedä;1
1348;108/2016;2016_108_151;hän;1
1348;112/2016;2016_112_197;arvoisa;1
1348;112/2016;2016_112_197;herra;1
1348;112/2016;2016_112_197;puhemies;1
1348;112/2016;2016_112_197;yhtyä;1
1348;112/2016;2016_112_197;edellinen;1
1348;112/2016;2016_112_197;puhuja;1
1348;112/2016;2016_112_197;se;6
1348;112/2016;2016_112_197;että;5
1348;112/2016;2016_112_197;olla;12
1348;112/2016;2016_112_197;erittäin;4
1348;112/2016;2016_112_197;tyytyväinen;1
1348;112/2016;2016_112_197;tämä;8
1348;112/2016;2016_112_197;pitkään;1
1348;112/2016;2016_112_197;jumissa;1
1348;112/2016;2016_112_197;tartuntatautilaki;1
1348;112/2016;2016_112_197;nyt;2
1348;112/2016;2016_112_197;saada;1
1348;112/2016;2016_112_197;edetä;1
1348;112/2016;2016_112_197;nostaa;1
1348;112/2016;2016_112_197;yksi;1
1348;112/2016;2016_112_197;näkökulma;1
1348;112/2016;2016_112_197;esille;1
1348;112/2016;2016_112_197;joka;4
1348;112/2016;2016_112_197;ehdotus;1
1348;112/2016;2016_112_197;pakollinen;4
1348;112/2016;2016_112_197;rokotus;3
1348;112/2016;2016_112_197;mukaisesti;1
1348;112/2016;2016_112_197;valtioneuvosto;3
1348;112/2016;2016_112_197;asetus;1
1348;112/2016;2016_112_197;voida;1
1348;112/2016;2016_112_197;säätää;1
1348;112/2016;2016_112_197;järjestää;1
1348;112/2016;2016_112_197;mikäli;1
1348;112/2016;2016_112_197;kattava;1
1348;112/2016;2016_112_197;rokottaminen;1
1348;112/2016;2016_112_197;välttämätön;1
1348;112/2016;2016_112_197;väestö;1
1348;112/2016;2016_112_197;tai;1
1348;112/2016;2016_112_197;osa;1
1348;112/2016;2016_112_197;henki;1
1348;112/2016;2016_112_197;ja;4
1348;112/2016;2016_112_197;terveys;1
1348;112/2016;2016_112_197;vakava;1
1348;112/2016;2016_112_197;vahinko;1
1348;112/2016;2016_112_197;aiheuttaa;1
1348;112/2016;2016_112_197;yleisvaarallinen;1
1348;112/2016;2016_112_197;tartuntatauti;1
1348;112/2016;2016_112_197;leviäminen;1
1348;112/2016;2016_112_197;ehkäiseminen;1
1348;112/2016;2016_112_197;pykälä;2
1348;112/2016;2016_112_197;velvoittaa;1
1348;112/2016;2016_112_197;kunta;1
1348;112/2016;2016_112_197;järjestäjä;1
1348;112/2016;2016_112_197;pitää;2
1348;112/2016;2016_112_197;toimivalta;3
1348;112/2016;2016_112_197;tärkeä;2
1348;112/2016;2016_112_197;sillä;1
1348;112/2016;2016_112_197;huolestunut;1
1348;112/2016;2016_112_197;rokotekattavuus;1
1348;112/2016;2016_112_197;suomi;1
1348;112/2016;2016_112_197;tietty;4
1348;112/2016;2016_112_197;alue;3
1348;112/2016;2016_112_197;romahtaa;1
1348;112/2016;2016_112_197;esimerkiksi;1
1348;112/2016;2016_112_197;pietarsaari;1
1348;112/2016;2016_112_197;tilanne;1
1348;112/2016;2016_112_197;ikäryhmä;1
1348;112/2016;2016_112_197;rokote;3
1348;112/2016;2016_112_197;jättää;1
1348;112/2016;2016_112_197;antaa;3
1348;112/2016;2016_112_197;jo;1
1348;112/2016;2016_112_197;yli;1
1348;112/2016;2016_112_197;puoli;1
1348;112/2016;2016_112_197;lapsi;2
1348;112/2016;2016_112_197;perustella;1
1348;112/2016;2016_112_197;pohtia;1
1348;112/2016;2016_112_197;mikä;1
1348;112/2016;2016_112_197;vaihe;1
1348;112/2016;2016_112_197;osoittaa;1
1348;112/2016;2016_112_197;tulla;1
1348;112/2016;2016_112_197;käyttää;2
1348;112/2016;2016_112_197;koska;1
1348;112/2016;2016_112_197;mahdollisuus;1
1348;112/2016;2016_112_197;alueellisesti;1
1348;112/2016;2016_112_197;määrätä;1
1348;112/2016;2016_112_197;muistaa;1
1348;112/2016;2016_112_197;rokottamaton;1
1348;112/2016;2016_112_197;ei;2
1348;112/2016;2016_112_197;vaarantaa;2
1348;112/2016;2016_112_197;pelkästään;1
1348;112/2016;2016_112_197;itse;1
1348;112/2016;2016_112_197;vaan;1
1348;112/2016;2016_112_197;hän;1
1348;112/2016;2016_112_197;kaikki;2
1348;112/2016;2016_112_197;kanssaihminen;1
1348;112/2016;2016_112_197;ympärillä;1
1348;112/2016;2016_112_197;minä;1
1348;112/2016;2016_112_197;sellainen;2
1348;112/2016;2016_112_197;varmasti;1
1348;112/2016;2016_112_197;sataprosenttinen;1
1348;112/2016;2016_112_197;suoja;1
1348;112/2016;2016_112_197;niin;1
1348;112/2016;2016_112_197;sanottu;1
1348;112/2016;2016_112_197;laumaimmuniteetti;1
1348;112/2016;2016_112_197;muodostuminen;1
1348;112/2016;2016_112_197;huolehtia;1
1348;112/2016;2016_112_197;mieli;1
1348;112/2016;2016_112_197;pohtiminen;1
1348;112/2016;2016_112_197;arvoinen;1
1348;112/2016;2016_112_197;paikka;1
1348;112/2016;2016_112_206;arvoisa;1
1348;112/2016;2016_112_206;rouva;1
1348;112/2016;2016_112_206;puhemies;1
1348;112/2016;2016_112_206;olla;11
1348;112/2016;2016_112_206;aivan;2
1348;112/2016;2016_112_206;selvä;1
1348;112/2016;2016_112_206;että;11
1348;112/2016;2016_112_206;kaikki;1
1348;112/2016;2016_112_206;eläin;5
1348;112/2016;2016_112_206;ei;11
1348;112/2016;2016_112_206;soveltua;1
1348;112/2016;2016_112_206;eläintarha;2
1348;112/2016;2016_112_206;ja;9
1348;112/2016;2016_112_206;itse;3
1348;112/2016;2016_112_206;tämä;15
1348;112/2016;2016_112_206;ajatus;1
1348;112/2016;2016_112_206;pälkähtää;1
1348;112/2016;2016_112_206;pää;1
1348;112/2016;2016_112_206;viimeistään;1
1348;112/2016;2016_112_206;silloin;1
1348;112/2016;2016_112_206;kun;2
1348;112/2016;2016_112_206;vierailla;1
1348;112/2016;2016_112_206;moskova;1
1348;112/2016;2016_112_206;suuri;1
1348;112/2016;2016_112_206;sirkus;2
1348;112/2016;2016_112_206;joka;4
1348;112/2016;2016_112_206;nähdä;1
1348;112/2016;2016_112_206;moottoripyörä;1
1348;112/2016;2016_112_206;ajaa;1
1348;112/2016;2016_112_206;samalla;1
1348;112/2016;2016_112_206;tupakka;1
1348;112/2016;2016_112_206;polttaa;1
1348;112/2016;2016_112_206;karhu;1
1348;112/2016;2016_112_206;hyvä;3
1348;112/2016;2016_112_206;tällainen;1
1348;112/2016;2016_112_206;toiminta;1
1348;112/2016;2016_112_206;suomi;2
1348;112/2016;2016_112_206;kuten;1
1348;112/2016;2016_112_206;edustaja;3
1348;112/2016;2016_112_206;elomaa;1
1348;112/2016;2016_112_206;puhe;1
1348;112/2016;2016_112_206;todeta;3
1348;112/2016;2016_112_206;minä;1
1348;112/2016;2016_112_206;kuitenkin;1
1348;112/2016;2016_112_206;kiinnittää;1
1348;112/2016;2016_112_206;huomio;1
1348;112/2016;2016_112_206;se;12
1348;112/2016;2016_112_206;mikä;4
1348;112/2016;2016_112_206;maa;2
1348;112/2016;2016_112_206;raja;1
1348;112/2016;2016_112_206;ulkopuolella;1
1348;112/2016;2016_112_206;tapahtua;2
1348;112/2016;2016_112_206;vihreä;3
1348;112/2016;2016_112_206;eduskuntaryhmä;1
1348;112/2016;2016_112_206;hassi;2
1348;112/2016;2016_112_206;tehdä;4
1348;112/2016;2016_112_206;lakialoite;1
1348;112/2016;2016_112_206;varsin;1
1348;112/2016;2016_112_206;kannatettava;1
1348;112/2016;2016_112_206;jälkeen;2
1348;112/2016;2016_112_206;saada;1
1348;112/2016;2016_112_206;keskustelu;1
1348;112/2016;2016_112_206;aloite;5
1348;112/2016;2016_112_206;haluta;2
1348;112/2016;2016_112_206;täydentää;1
1348;112/2016;2016_112_206;sinällään;1
1348;112/2016;2016_112_206;perustella;1
1348;112/2016;2016_112_206;oma;2
1348;112/2016;2016_112_206;äsken;1
1348;112/2016;2016_112_206;asia;2
1348;112/2016;2016_112_206;lisäksi;2
1348;112/2016;2016_112_206;lainsäätäjä;1
1348;112/2016;2016_112_206;tulla;1
1348;112/2016;2016_112_206;varmistaa;2
1348;112/2016;2016_112_206;lainsäädäntö;1
1348;112/2016;2016_112_206;muutos;1
1348;112/2016;2016_112_206;myötä;1
1348;112/2016;2016_112_206;mahdollisesti;1
1348;112/2016;2016_112_206;poistaa;1
1348;112/2016;2016_112_206;luonto;3
1348;112/2016;2016_112_206;selviytyä;2
1348;112/2016;2016_112_206;kyetä;1
1348;112/2016;2016_112_206;lopettaa;2
1348;112/2016;2016_112_206;asianmukaisesti;2
1348;112/2016;2016_112_206;esimerkiksi;2
1348;112/2016;2016_112_206;siirtää;2
1348;112/2016;2016_112_206;kolmas;1
1348;112/2016;2016_112_206;vastaava;3
1348;112/2016;2016_112_206;tai;1
1348;112/2016;2016_112_206;huono;1
1348;112/2016;2016_112_206;tarhaolosuhde;2
1348;112/2016;2016_112_206;juuri;1
1348;112/2016;2016_112_206;särkänniemi;2
1348;112/2016;2016_112_206;tapaus;2
1348;112/2016;2016_112_206;yritys;1
1348;112/2016;2016_112_206;päätös;1
1348;112/2016;2016_112_206;delfiini;2
1348;112/2016;2016_112_206;pitäminen;1
1348;112/2016;2016_112_206;eettinen;1
1348;112/2016;2016_112_206;syy;1
1348;112/2016;2016_112_206;mutta;2
1348;112/2016;2016_112_206;ongelma;2
1348;112/2016;2016_112_206;ratkaista;2
1348;112/2016;2016_112_206;kykenemätön;1
1348;112/2016;2016_112_206;voida;3
1348;112/2016;2016_112_206;vapauttaa;1
1348;112/2016;2016_112_206;muualle;2
1348;112/2016;2016_112_206;kannattaa;1
1348;112/2016;2016_112_206;sellainen;1
1348;112/2016;2016_112_206;politiikka;1
1348;112/2016;2016_112_206;lähteä;1
1348;112/2016;2016_112_206;poissa;2
1348;112/2016;2016_112_206;silmä;1
1348;112/2016;2016_112_206;mieli;1
1348;112/2016;2016_112_206;mikään;1
1348;112/2016;2016_112_206;tietysti;2
1348;112/2016;2016_112_206;tähdätä;1
1348;112/2016;2016_112_206;täsmällisesti;1
1348;112/2016;2016_112_206;merinisäkäs;2
1348;112/2016;2016_112_206;pito;1
1348;112/2016;2016_112_206;kieltää;1
1348;112/2016;2016_112_206;nyt;1
1348;112/2016;2016_112_206;varmasti;1
1348;112/2016;2016_112_206;toteuttaa;1
1348;112/2016;2016_112_206;enää;1
1348;112/2016;2016_112_206;uusi;1
1348;112/2016;2016_112_206;tarha;1
1348;112/2016;2016_112_206;syntyä;1
1348;112/2016;2016_112_206;vaikkapa;1
1348;112/2016;2016_112_206;joku;1
1348;112/2016;2016_112_206;miljardööri;1
1348;112/2016;2016_112_206;sitten;3
1348;112/2016;2016_112_206;ilo;1
1348;112/2016;2016_112_206;tuottaa;1
1348;112/2016;2016_112_206;koska;1
1348;112/2016;2016_112_206;ottaa;1
1348;112/2016;2016_112_206;kanta;1
1348;112/2016;2016_112_206;kielletty;1
1348;112/2016;2016_112_206;esittää;1
1348;112/2016;2016_112_206;kyllä;1
1348;112/2016;2016_112_206;kysymys;1
1348;112/2016;2016_112_206;sinä;2
1348;112/2016;2016_112_206;näkökanta;1
1348;112/2016;2016_112_206;valmis;1
1348;112/2016;2016_112_206;hyväksyä;1
1348;112/2016;2016_112_206;siirrellä;1
1348;112/2016;2016_112_206;ulkomaa;1
1348;112/2016;2016_112_206;olosuhde;1
1348;112/2016;2016_112_206;käsitellä;1
1348;112/2016;2016_112_206;kotimaa;1
1348;112/2016;2016_112_209;arvoisa;1
1348;112/2016;2016_112_209;rouva;1
1348;112/2016;2016_112_209;puhemies;1
1348;112/2016;2016_112_209;kiittää;2
1348;112/2016;2016_112_209;edustaja;2
1348;112/2016;2016_112_209;hakkarainen;1
1348;112/2016;2016_112_209;tuki;1
1348;112/2016;2016_112_209;tämä;5
1348;112/2016;2016_112_209;aloite;1
1348;112/2016;2016_112_209;joka;1
1348;112/2016;2016_112_209;seuraavaksi;1
1348;112/2016;2016_112_209;sitten;1
1348;112/2016;2016_112_209;keskustella;1
1348;112/2016;2016_112_209;ja;5
1348;112/2016;2016_112_209;myös;3
1348;112/2016;2016_112_209;hassi;1
1348;112/2016;2016_112_209;hän;1
1348;112/2016;2016_112_209;vastaus;1
1348;112/2016;2016_112_209;olla;3
1348;112/2016;2016_112_209;varmasti;1
1348;112/2016;2016_112_209;niin;1
1348;112/2016;2016_112_209;että;5
1348;112/2016;2016_112_209;asia;1
1348;112/2016;2016_112_209;voida;2
1348;112/2016;2016_112_209;hoitaa;1
1348;112/2016;2016_112_209;se;6
1348;112/2016;2016_112_209;tapa;1
1348;112/2016;2016_112_209;maa;1
1348;112/2016;2016_112_209;metsätalousministeriö;1
1348;112/2016;2016_112_209;pohtia;1
1348;112/2016;2016_112_209;asetus;1
1348;112/2016;2016_112_209;kautta;1
1348;112/2016;2016_112_209;mutta;1
1348;112/2016;2016_112_209;huolimatta;1
1348;112/2016;2016_112_209;haluta;1
1348;112/2016;2016_112_209;itse;1
1348;112/2016;2016_112_209;lähteä;1
1348;112/2016;2016_112_209;lainsäätäjä;1
1348;112/2016;2016_112_209;kantaa;1
1348;112/2016;2016_112_209;vastuu;2
1348;112/2016;2016_112_209;säätää;1
1348;112/2016;2016_112_209;laki;1
1348;112/2016;2016_112_209;määritellä;1
1348;112/2016;2016_112_209;tällainen;1
1348;112/2016;2016_112_209;selkeä;1
1348;112/2016;2016_112_209;perusfundamentti;1
1348;112/2016;2016_112_209;mikäli;1
1348;112/2016;2016_112_209;kieltää;1
1348;112/2016;2016_112_209;eläin;1
1348;112/2016;2016_112_209;ei;1
1348;112/2016;2016_112_209;syy;1
1348;112/2016;2016_112_209;tai;1
1348;112/2016;2016_112_209;toinen;1
1348;112/2016;2016_112_209;vapauttaa;1
1348;112/2016;2016_112_209;luonto;1
1348;112/2016;2016_112_209;luonnonmukainen;1
1348;112/2016;2016_112_209;ympäristö;1
1348;112/2016;2016_112_209;tapaus;1
1348;112/2016;2016_112_209;lopettaa;1
1348;112/2016;2016_112_209;minä;1
1348;112/2016;2016_112_209;nähdä;1
1348;112/2016;2016_112_209;kantaminen;1
1348;112/2016;2016_112_209;vastuullinen;1
1348;112/2016;2016_112_209;politiikka;1
1348;112/2016;2016_112_209;näin;1
1348;112/2016;2016_112_209;tulla;1
1348;112/2016;2016_112_209;pyrkiä;1
1348;112/2016;2016_112_209;toimia;1
1348;112/2016;2016_112_213;arvoisa;1
1348;112/2016;2016_112_213;rouva;1
1348;112/2016;2016_112_213;puhemies;1
1348;112/2016;2016_112_213;ei;2
1348;112/2016;2016_112_213;uskoa;1
1348;112/2016;2016_112_213;että;5
1348;112/2016;2016_112_213;aloite;3
1348;112/2016;2016_112_213;tämä;4
1348;112/2016;2016_112_213;enempää;1
1348;112/2016;2016_112_213;esittely;1
1348;112/2016;2016_112_213;kaivata;1
1348;112/2016;2016_112_213;todeta;2
1348;112/2016;2016_112_213;vain;1
1348;112/2016;2016_112_213;se;3
1348;112/2016;2016_112_213;olla;3
1348;112/2016;2016_112_213;täysin;1
1348;112/2016;2016_112_213;yhtenevä;1
1348;112/2016;2016_112_213;vihreä;2
1348;112/2016;2016_112_213;eduskuntaryhmä;2
1348;112/2016;2016_112_213;tehdä;1
1348;112/2016;2016_112_213;kanssa;1
1348;112/2016;2016_112_213;mutta;1
1348;112/2016;2016_112_213;lisäksi;1
1348;112/2016;2016_112_213;varmistaa;1
1348;112/2016;2016_112_213;lainsäädäntö;1
1348;112/2016;2016_112_213;muutos;1
1348;112/2016;2016_112_213;myötä;1
1348;112/2016;2016_112_213;eläintarha;1
1348;112/2016;2016_112_213;ja;2
1348;112/2016;2016_112_213;sirkus;1
1348;112/2016;2016_112_213;mahdollisesti;1
1348;112/2016;2016_112_213;poistaa;1
1348;112/2016;2016_112_213;luonto;1
1348;112/2016;2016_112_213;selviytyä;1
1348;112/2016;2016_112_213;kyetä;1
1348;112/2016;2016_112_213;eläin;1
1348;112/2016;2016_112_213;lopettaa;1
1348;112/2016;2016_112_213;asianmukaisesti;1
1348;112/2016;2016_112_213;esimerkiksi;1
1348;112/2016;2016_112_213;siirtää;1
1348;112/2016;2016_112_213;kolmas;1
1348;112/2016;2016_112_213;maa;1
1348;112/2016;2016_112_213;vastaava;1
1348;112/2016;2016_112_213;tai;1
1348;112/2016;2016_112_213;huono;1
1348;112/2016;2016_112_213;tarhaolosuhde;1
1348;112/2016;2016_112_213;itse;1
1348;112/2016;2016_112_213;toivoa;1
1348;112/2016;2016_112_213;nyt;1
1348;112/2016;2016_112_213;kun;2
1348;112/2016;2016_112_213;eläinsuojelulaki;1
1348;112/2016;2016_112_213;uudistaa;1
1348;112/2016;2016_112_213;niin;2
1348;112/2016;2016_112_213;yhteys;1
1348;112/2016;2016_112_213;asia;1
1348;112/2016;2016_112_213;valiokunta;1
1348;112/2016;2016_112_213;tulla;1
1348;112/2016;2016_112_213;myös;1
1348;112/2016;2016_112_213;allekirjoittanut;1
1348;112/2016;2016_112_213;käsittely;1
1348;112/2016;2016_112_213;sitten;1
1348;112/2016;2016_112_213;edetä;1
1348;115/2016;2016_115_58;arvoisa;1
1348;115/2016;2016_115_58;herra;1
1348;115/2016;2016_115_58;puhemies;1
1348;115/2016;2016_115_58;ei;4
1348;115/2016;2016_115_58;saada;1
1348;115/2016;2016_115_58;tuo;1
1348;115/2016;2016_115_58;debatti;1
1348;115/2016;2016_115_58;puheenvuoro;1
1348;115/2016;2016_115_58;mutta;1
1348;115/2016;2016_115_58;haluta;2
1348;115/2016;2016_115_58;vastata;1
1348;115/2016;2016_115_58;edustaja;1
1348;115/2016;2016_115_58;mustajärvi;1
1348;115/2016;2016_115_58;joka;1
1348;115/2016;2016_115_58;nostaa;1
1348;115/2016;2016_115_58;esiin;1
1348;115/2016;2016_115_58;metsähallitus;4
1348;115/2016;2016_115_58;yhtiöittäminen;1
1348;115/2016;2016_115_58;ja;5
1348;115/2016;2016_115_58;nyt;3
1348;115/2016;2016_115_58;yhtiö;2
1348;115/2016;2016_115_58;toteuttaa;2
1348;115/2016;2016_115_58;lomautus;1
1348;115/2016;2016_115_58;todeta;1
1348;115/2016;2016_115_58;että;3
1348;115/2016;2016_115_58;mikään;1
1348;115/2016;2016_115_58;uusi;2
1348;115/2016;2016_115_58;tämä;4
1348;115/2016;2016_115_58;tilanne;1
1348;115/2016;2016_115_58;olla;9
1348;115/2016;2016_115_58;vaan;2
1348;115/2016;2016_115_58;lomauttaa;1
1348;115/2016;2016_115_58;myös;4
1348;115/2016;2016_115_58;luku;2
1348;115/2016;2016_115_58;metsuri;3
1348;115/2016;2016_115_58;se;4
1348;115/2016;2016_115_58;vaihe;1
1348;115/2016;2016_115_58;kun;1
1348;115/2016;2016_115_58;tuotannollinen;1
1348;115/2016;2016_115_58;syy;1
1348;115/2016;2016_115_58;tarpeellinen;1
1348;115/2016;2016_115_58;huomata;1
1348;115/2016;2016_115_58;metsähallituslaki;1
1348;115/2016;2016_115_58;osoittaa;1
1348;115/2016;2016_115_58;työllisyys;1
1348;115/2016;2016_115_58;edistäminen;1
1348;115/2016;2016_115_58;vaatimus;1
1348;115/2016;2016_115_58;kaivata;2
1348;115/2016;2016_115_58;tällainen;1
1348;115/2016;2016_115_58;pelottelu;1
1348;115/2016;2016_115_58;luova;1
1348;115/2016;2016_115_58;ratkaisu;1
1348;115/2016;2016_115_58;miten;1
1348;115/2016;2016_115_58;hyvä;2
1348;115/2016;2016_115_58;mahdollinen;1
1348;115/2016;2016_115_58;tapa;1
1348;115/2016;2016_115_58;yt;1
1348;115/2016;2016_115_58;itse;2
1348;115/2016;2016_115_58;esittää;1
1348;115/2016;2016_115_58;esimerkiksi;2
1348;115/2016;2016_115_58;riista;1
1348;115/2016;2016_115_58;elinympäristö;1
1348;115/2016;2016_115_58;ennallistamishanke;1
1348;115/2016;2016_115_58;paljon;2
1348;115/2016;2016_115_58;työ;1
1348;115/2016;2016_115_58;jos;1
1348;115/2016;2016_115_58;muu;1
1348;115/2016;2016_115_58;keksiä;1
1348;115/2016;2016_115_58;voida;1
1348;115/2016;2016_115_58;pohtia;1
1348;115/2016;2016_115_58;paikka;1
1348;115/2016;2016_115_58;riistanhoidollinen;1
1348;115/2016;2016_115_58;tehtävä;1
1348;115/2016;2016_115_58;pienpetopyynti;1
1348;115/2016;2016_115_58;tuolla;1
1348;115/2016;2016_115_58;lupa-alue;1
1348;115/2016;2016_115_58;jolloin;1
1348;115/2016;2016_115_58;sosiaalinen;1
1348;115/2016;2016_115_58;hyväksyttävyys;1
1348;115/2016;2016_115_58;lupamyynti;1
1348;115/2016;2016_115_58;lisääntyä;1
1348;115/2016;2016_115_58;mikä;1
1348;115/2016;2016_115_58;tulla;1
1348;115/2016;2016_115_58;lakiesitys;1
1348;115/2016;2016_115_58;niin;1
1348;115/2016;2016_115_58;kannattaa;1
1348;115/2016;2016_115_58;lämpimästi;1
1348;115/2016;2016_115_58;kehittämisyhtiö;1
1348;115/2016;2016_115_58;tuoda;1
1348;115/2016;2016_115_58;mahdollisuus;1
1348;115/2016;2016_115_58;suomi;1
1348;115/2016;2016_115_58;suomalainen;1
1348;115/2016;2016_115_66;arvoisa;1
1348;115/2016;2016_115_66;herra;1
1348;115/2016;2016_115_66;puhemies;1
1348;115/2016;2016_115_66;vastata;1
1348;115/2016;2016_115_66;vielä;1
1348;115/2016;2016_115_66;edustaja;1
1348;115/2016;2016_115_66;mustajärvi;2
1348;115/2016;2016_115_66;ja;7
1348;115/2016;2016_115_66;ojala-niemelä;1
1348;115/2016;2016_115_66;tämä;5
1348;115/2016;2016_115_66;metsähallitus;3
1348;115/2016;2016_115_66;lomautus;1
1348;115/2016;2016_115_66;antautua;1
1348;115/2016;2016_115_66;kierähtää;1
1348;115/2016;2016_115_66;selkä;1
1348;115/2016;2016_115_66;mikäli;1
1348;115/2016;2016_115_66;kyse;1
1348;115/2016;2016_115_66;todella;1
1348;115/2016;2016_115_66;olla;9
1348;115/2016;2016_115_66;nyt;1
1348;115/2016;2016_115_66;ainutlaatuinen;1
1348;115/2016;2016_115_66;ensimmäinen;1
1348;115/2016;2016_115_66;kerta;1
1348;115/2016;2016_115_66;kun;1
1348;115/2016;2016_115_66;yhtiö;2
1348;115/2016;2016_115_66;joutua;1
1348;115/2016;2016_115_66;lomauttaa;3
1348;115/2016;2016_115_66;mutta;1
1348;115/2016;2016_115_66;näin;1
1348;115/2016;2016_115_66;ei;2
1348;115/2016;2016_115_66;luku;2
1348;115/2016;2016_115_66;se;6
1348;115/2016;2016_115_66;myös;1
1348;115/2016;2016_115_66;täysin;1
1348;115/2016;2016_115_66;perusteeton;1
1348;115/2016;2016_115_66;väittää;1
1348;115/2016;2016_115_66;että;2
1348;115/2016;2016_115_66;syy;1
1348;115/2016;2016_115_66;ainoastaan;1
1348;115/2016;2016_115_66;yhtiömuoto;2
1348;115/2016;2016_115_66;markus;1
1348;115/2016;2016_115_66;omatunto;1
1348;115/2016;2016_115_66;soimata;1
1348;115/2016;2016_115_66;vaihe;1
1348;115/2016;2016_115_66;mikä;2
1348;115/2016;2016_115_66;minä;2
1348;115/2016;2016_115_66;tarvita;2
1348;115/2016;2016_115_66;kyllä;1
1348;115/2016;2016_115_66;sama;1
1348;115/2016;2016_115_66;mieli;1
1348;115/2016;2016_115_66;perusteellinen;1
1348;115/2016;2016_115_66;keskustelu;1
1348;115/2016;2016_115_66;tulostavoite;2
1348;115/2016;2016_115_66;suuruus;1
1348;115/2016;2016_115_66;kestävä;1
1348;115/2016;2016_115_66;pohja;1
1348;115/2016;2016_115_66;voida;1
1348;115/2016;2016_115_66;luoda;1
1348;115/2016;2016_115_66;lisää;1
1348;115/2016;2016_115_66;pelimerkki;1
1348;115/2016;2016_115_66;joustavuus;1
1348;115/2016;2016_115_66;hivenen;1
1348;115/2016;2016_115_66;keventää;1
1348;115/2016;2016_115_66;täytyä;1
1348;115/2016;2016_115_66;keskustella;1
1348;115/2016;2016_115_77;arvoisa;1
1348;115/2016;2016_115_77;herra;1
1348;115/2016;2016_115_77;puhemies;1
1348;115/2016;2016_115_77;metsästys;1
1348;115/2016;2016_115_77;kalastus;2
1348;115/2016;2016_115_77;ja;9
1348;115/2016;2016_115_77;eränkäynti;1
1348;115/2016;2016_115_77;olla;35
1348;115/2016;2016_115_77;lappilainen;4
1348;115/2016;2016_115_77;ooppera;1
1348;115/2016;2016_115_77;baletti;1
1348;115/2016;2016_115_77;tämä;19
1348;115/2016;2016_115_77;asia;4
1348;115/2016;2016_115_77;liittyä;1
1348;115/2016;2016_115_77;paljon;2
1348;115/2016;2016_115_77;intohimo;1
1348;115/2016;2016_115_77;eräs;1
1348;115/2016;2016_115_77;pohjoinen;1
1348;115/2016;2016_115_77;vaikuttaa;1
1348;115/2016;2016_115_77;pappi;1
1348;115/2016;2016_115_77;todeta;3
1348;115/2016;2016_115_77;vuotispäivähaastattelu;1
1348;115/2016;2016_115_77;että;12
1348;115/2016;2016_115_77;mikäli;1
1348;115/2016;2016_115_77;taivas;1
1348;115/2016;2016_115_77;lohi;3
1348;115/2016;2016_115_77;poro;1
1348;115/2016;2016_115_77;tai;1
1348;115/2016;2016_115_77;hilla;1
1348;115/2016;2016_115_77;niin;3
1348;115/2016;2016_115_77;hän;4
1348;115/2016;2016_115_77;ei;5
1348;115/2016;2016_115_77;sinne;1
1348;115/2016;2016_115_77;haluta;2
1348;115/2016;2016_115_77;se;8
1348;115/2016;2016_115_77;kuvata;1
1348;115/2016;2016_115_77;hyvin;2
1348;115/2016;2016_115_77;mielenmaisema;1
1348;115/2016;2016_115_77;nyt;9
1348;115/2016;2016_115_77;käsittely;1
1348;115/2016;2016_115_77;tenojoki;5
1348;115/2016;2016_115_77;kalastussopimus;3
1348;115/2016;2016_115_77;pitkä;1
1348;115/2016;2016_115_77;prosessi;1
1348;115/2016;2016_115_77;joka;4
1348;115/2016;2016_115_77;käynnistää;1
1348;115/2016;2016_115_77;jo;4
1348;115/2016;2016_115_77;vuosi;1
1348;115/2016;2016_115_77;aivan;3
1348;115/2016;2016_115_77;asiallinen;1
1348;115/2016;2016_115_77;tunnustaa;1
1348;115/2016;2016_115_77;kuten;1
1348;115/2016;2016_115_77;usea;2
1348;115/2016;2016_115_77;kollega;1
1348;115/2016;2016_115_77;edellä;1
1348;115/2016;2016_115_77;näyttää;1
1348;115/2016;2016_115_77;oikein;1
1348;115/2016;2016_115_77;kukaan;1
1348;115/2016;2016_115_77;sopimus;3
1348;115/2016;2016_115_77;tyytyväinen;1
1348;115/2016;2016_115_77;pelätä;1
1348;115/2016;2016_115_77;negatiivinen;1
1348;115/2016;2016_115_77;vaikutus;2
1348;115/2016;2016_115_77;saamelaiskulttuuri;2
1348;115/2016;2016_115_77;matkailu;1
1348;115/2016;2016_115_77;kuin;4
1348;115/2016;2016_115_77;koko;1
1348;115/2016;2016_115_77;utsjoki;1
1348;115/2016;2016_115_77;kuntatalous;1
1348;115/2016;2016_115_77;kestämätön;2
1348;115/2016;2016_115_77;tilanne;1
1348;115/2016;2016_115_77;matkailuyrittäjä;1
1348;115/2016;2016_115_77;tehdä;2
1348;115/2016;2016_115_77;miljoonaluokka;1
1348;115/2016;2016_115_77;investointi;1
1348;115/2016;2016_115_77;joutua;1
1348;115/2016;2016_115_77;kärsiä;1
1348;115/2016;2016_115_77;rajoittaminen;1
1348;115/2016;2016_115_77;yhtä;1
1348;115/2016;2016_115_77;saamelainen;2
1348;115/2016;2016_115_77;perinteinen;2
1348;115/2016;2016_115_77;pyyntikulttuuri;1
1348;115/2016;2016_115_77;kuolla;1
1348;115/2016;2016_115_77;siellä;2
1348;115/2016;2016_115_77;alue;1
1348;115/2016;2016_115_77;täytyä;2
1348;115/2016;2016_115_77;ehdottomasti;1
1348;115/2016;2016_115_77;huolehtia;1
1348;115/2016;2016_115_77;toinen;1
1348;115/2016;2016_115_77;keskusta;1
1348;115/2016;2016_115_77;edustaja;2
1348;115/2016;2016_115_77;markus;1
1348;115/2016;2016_115_77;myös;7
1348;115/2016;2016_115_77;paikka;1
1348;115/2016;2016_115_77;keskustella;1
1348;115/2016;2016_115_77;jakaa;1
1348;115/2016;2016_115_77;huolenaihe;1
1348;115/2016;2016_115_77;ääretön;1
1348;115/2016;2016_115_77;tärkeä;2
1348;115/2016;2016_115_77;sopimusesitys;2
1348;115/2016;2016_115_77;perustuslaillisuus;1
1348;115/2016;2016_115_77;selvittää;1
1348;115/2016;2016_115_77;tarkasti;2
1348;115/2016;2016_115_77;perustuslakivaliokunta;2
1348;115/2016;2016_115_77;asiantuntija;1
1348;115/2016;2016_115_77;esittää;1
1348;115/2016;2016_115_77;voida;1
1348;115/2016;2016_115_77;laaja;1
1348;115/2016;2016_115_77;perustuslaillinen;1
1348;115/2016;2016_115_77;ongelma;1
1348;115/2016;2016_115_77;oikeus;2
1348;115/2016;2016_115_77;tila;1
1348;115/2016;2016_115_77;kuulua;2
1348;115/2016;2016_115_77;omistusoikeus;1
1348;115/2016;2016_115_77;kanta;1
1348;115/2016;2016_115_77;vaihe;1
1348;115/2016;2016_115_77;palauttaa;2
1348;115/2016;2016_115_77;mieli;2
1348;115/2016;2016_115_77;ylä-lappi;1
1348;115/2016;2016_115_77;luonnonvarasuunnitelma;2
1348;115/2016;2016_115_77;toki;2
1348;115/2016;2016_115_77;koskettaa;1
1348;115/2016;2016_115_77;ensi;1
1348;115/2016;2016_115_77;sijassa;1
1348;115/2016;2016_115_77;muu;1
1348;115/2016;2016_115_77;vesialue;2
1348;115/2016;2016_115_77;sivu-uoma;1
1348;115/2016;2016_115_77;mukana;1
1348;115/2016;2016_115_77;pyrkiä;1
1348;115/2016;2016_115_77;turvata;1
1348;115/2016;2016_115_77;paikallinen;4
1348;115/2016;2016_115_77;kalastusmuoto;1
1348;115/2016;2016_115_77;väestö;1
1348;115/2016;2016_115_77;etu;1
1348;115/2016;2016_115_77;aina;1
1348;115/2016;2016_115_77;asettaa;1
1348;115/2016;2016_115_77;etusija;1
1348;115/2016;2016_115_77;sama;1
1348;115/2016;2016_115_77;toivoa;1
1348;115/2016;2016_115_77;kyllä;2
1348;115/2016;2016_115_77;edellinen;1
1348;115/2016;2016_115_77;eduskunta;1
1348;115/2016;2016_115_77;hyväksyä;1
1348;115/2016;2016_115_77;erittäin;1
1348;115/2016;2016_115_77;epäonnistunut;1
1348;115/2016;2016_115_77;kalastuslaki;1
1348;115/2016;2016_115_77;sääli;1
1348;115/2016;2016_115_77;laki;1
1348;115/2016;2016_115_77;mennä;1
1348;115/2016;2016_115_77;läpi;2
1348;115/2016;2016_115_77;viedä;1
1348;115/2016;2016_115_77;paikkakuntalainen;1
1348;115/2016;2016_115_77;perinteisesti;1
1348;115/2016;2016_115_77;mahdollinen;1
1348;115/2016;2016_115_77;metsähallitus;1
1348;115/2016;2016_115_77;sivuvesistöalue;1
1348;115/2016;2016_115_77;avata;1
1348;115/2016;2016_115_77;vapaa;1
1348;115/2016;2016_115_77;lupamyynti;1
1348;115/2016;2016_115_77;turistikalastaja;1
1348;115/2016;2016_115_77;vesistö;1
1348;115/2016;2016_115_77;jonne;1
1348;115/2016;2016_115_77;aikaisemmin;1
1348;115/2016;2016_115_77;pääsy;1
1348;115/2016;2016_115_77;todella;1
1348;115/2016;2016_115_77;huono;1
1348;115/2016;2016_115_77;sali;1
1348;115/2016;2016_115_77;katsella;1
1348;115/2016;2016_115_77;hämmästellä;1
1348;115/2016;2016_115_77;mikä;3
1348;115/2016;2016_115_77;vihreä;1
1348;115/2016;2016_115_77;leimallisesti;1
1348;115/2016;2016_115_77;leimaantua;1
1348;115/2016;2016_115_77;puolustaja;1
1348;115/2016;2016_115_77;hetki;2
1348;115/2016;2016_115_77;takia;1
1348;115/2016;2016_115_77;täällä;1
1348;115/2016;2016_115_77;käydä;2
1348;115/2016;2016_115_77;keskustelu;1
1348;115/2016;2016_115_77;minkälainen;1
1348;115/2016;2016_115_77;saada;1
1348;115/2016;2016_115_77;sitten;1
1348;115/2016;2016_115_77;sähköposti;1
1348;115/2016;2016_115_77;tuo;1
1348;115/2016;2016_115_77;norja;2
1348;115/2016;2016_115_77;vastustus;1
1348;115/2016;2016_115_77;arvio;1
1348;115/2016;2016_115_77;välttämättä;1
1348;115/2016;2016_115_77;aikataulu;1
1348;115/2016;2016_115_77;pysyä;1
1348;115/2016;2016_115_77;suomi;1
1348;115/2016;2016_115_77;yhdessä;1
1348;115/2016;2016_115_77;sopia;1
1348;115/2016;2016_115_77;ratkaisu;1
1348;115/2016;2016_115_77;avainasema;1
1348;115/2016;2016_115_93;arvoisa;1
1348;115/2016;2016_115_93;herra;1
1348;115/2016;2016_115_93;puhemies;1
1348;115/2016;2016_115_93;kiittää;1
1348;115/2016;2016_115_93;edustaja;3
1348;115/2016;2016_115_93;wallin;1
1348;115/2016;2016_115_93;ja;7
1348;115/2016;2016_115_93;eestilä;1
1348;115/2016;2016_115_93;hyvä;3
1348;115/2016;2016_115_93;puheenvuoro;1
1348;115/2016;2016_115_93;joka;4
1348;115/2016;2016_115_93;tuoda;1
1348;115/2016;2016_115_93;esille;1
1348;115/2016;2016_115_93;se;12
1348;115/2016;2016_115_93;ydinongelma;1
1348;115/2016;2016_115_93;kuka;2
1348;115/2016;2016_115_93;kalastusoikeus;2
1348;115/2016;2016_115_93;kuulua;2
1348;115/2016;2016_115_93;minä;1
1348;115/2016;2016_115_93;olla;10
1348;115/2016;2016_115_93;lappi;1
1348;115/2016;2016_115_93;paljon;1
1348;115/2016;2016_115_93;tila;1
1348;115/2016;2016_115_93;perustamisasiakirja;1
1348;115/2016;2016_115_93;kirjata;1
1348;115/2016;2016_115_93;oikeus;1
1348;115/2016;2016_115_93;ei;2
1348;115/2016;2016_115_93;vielä;2
1348;115/2016;2016_115_93;minkäänlainen;1
1348;115/2016;2016_115_93;toimitus;1
1348;115/2016;2016_115_93;vahvistaa;1
1348;115/2016;2016_115_93;tämä;11
1348;115/2016;2016_115_93;vuoksi;1
1348;115/2016;2016_115_93;ääretön;2
1348;115/2016;2016_115_93;tärkeä;3
1348;115/2016;2016_115_93;että;6
1348;115/2016;2016_115_93;nyt;3
1348;115/2016;2016_115_93;sama;1
1348;115/2016;2016_115_93;yhteys;1
1348;115/2016;2016_115_93;kun;2
1348;115/2016;2016_115_93;tornionjoki;2
1348;115/2016;2016_115_93;regalekysymys;1
1348;115/2016;2016_115_93;selvitellä;2
1348;115/2016;2016_115_93;myös;2
1348;115/2016;2016_115_93;mahdollisuus;2
1348;115/2016;2016_115_93;tulla;3
1348;115/2016;2016_115_93;isojakotoimitus;1
1348;115/2016;2016_115_93;saattaa;2
1348;115/2016;2016_115_93;loppu;2
1348;115/2016;2016_115_93;kaikki;2
1348;115/2016;2016_115_93;pohjoinen;1
1348;115/2016;2016_115_93;kunta;1
1348;115/2016;2016_115_93;ymmärtää;1
1348;115/2016;2016_115_93;kyllä;5
1348;115/2016;2016_115_93;valtava;1
1348;115/2016;2016_115_93;suuri;1
1348;115/2016;2016_115_93;iso;1
1348;115/2016;2016_115_93;työ;1
1348;115/2016;2016_115_93;mutta;2
1348;115/2016;2016_115_93;kautta;2
1348;115/2016;2016_115_93;voida;3
1348;115/2016;2016_115_93;saada;2
1348;115/2016;2016_115_93;jonkunlainen;1
1348;115/2016;2016_115_93;selkeys;1
1348;115/2016;2016_115_93;asia;2
1348;115/2016;2016_115_93;lopulta;1
1348;115/2016;2016_115_93;ojala-niemelä;1
1348;115/2016;2016_115_93;hämmästellä;1
1348;115/2016;2016_115_93;vauhti;1
1348;115/2016;2016_115_93;kanssa;2
1348;115/2016;2016_115_93;uskoa;1
1348;115/2016;2016_115_93;tietää;1
1348;115/2016;2016_115_93;mikä;3
1348;115/2016;2016_115_93;tapa;2
1348;115/2016;2016_115_93;valtiosopimus;1
1348;115/2016;2016_115_93;eteenpäin;2
1348;115/2016;2016_115_93;rullata;1
1348;115/2016;2016_115_93;vaihe;1
1348;115/2016;2016_115_93;yhteinen;1
1348;115/2016;2016_115_93;tahtotila;1
1348;115/2016;2016_115_93;suomi;2
1348;115/2016;2016_115_93;tiedustella;1
1348;115/2016;2016_115_93;norja;4
1348;115/2016;2016_115_93;haluta;2
1348;115/2016;2016_115_93;sinä;1
1348;115/2016;2016_115_93;todella;1
1348;115/2016;2016_115_93;viedä;1
1348;115/2016;2016_115_93;viesti;1
1348;115/2016;2016_115_93;yksinään;1
1348;115/2016;2016_115_93;jarruttaa;1
1348;115/2016;2016_115_93;mikäli;1
1348;115/2016;2016_115_93;sopimus;1
1348;115/2016;2016_115_93;hylätä;1
1348;115/2016;2016_115_93;niin;2
1348;115/2016;2016_115_93;täytyä;1
1348;115/2016;2016_115_93;kaksi;1
1348;115/2016;2016_115_93;valtio;1
1348;115/2016;2016_115_93;kesken;1
1348;115/2016;2016_115_93;yhteistyö;1
1348;115/2016;2016_115_93;sopu;1
1348;115/2016;2016_115_93;sopia;1
1348;115/2016;2016_115_93;ratkaisu;1
1348;115/2016;2016_115_93;taas;1
1348;115/2016;2016_115_93;sali;1
1348;115/2016;2016_115_93;mainita;1
1348;115/2016;2016_115_93;merikalastus;3
1348;115/2016;2016_115_93;rajoittaminen;1
1348;115/2016;2016_115_93;myötä;1
1348;115/2016;2016_115_93;lohi;1
1348;115/2016;2016_115_93;nousta;1
1348;115/2016;2016_115_93;takaisin;1
1348;115/2016;2016_115_93;joki;1
1348;115/2016;2016_115_93;päätös;1
1348;115/2016;2016_115_93;eduskunta;1
1348;115/2016;2016_115_93;käydä;1
1348;115/2016;2016_115_93;keskustelu;1
1348;115/2016;2016_115_93;norjalainen;1
1348;115/2016;2016_115_93;rajoittaa;2
1348;115/2016;2016_115_93;sillä;1
1348;115/2016;2016_115_93;jos;1
1348;115/2016;2016_115_93;vuono;1
1348;115/2016;2016_115_93;suu;1
1348;115/2016;2016_115_93;aivan;1
1348;115/2016;2016_115_93;selvä;1
1348;115/2016;2016_115_93;perinteinen;2
1348;115/2016;2016_115_93;pyyntimuoto;1
1348;115/2016;2016_115_93;sekä;1
1348;115/2016;2016_115_93;urheilukalastus;1
1348;115/2016;2016_115_93;tenojoki;1
1348;115/2016;2016_115_93;jatkua;1
1348;115/2016;2016_115_93;malli;1
1348;129/2016;2016_129_85;arvoisa;1
1348;129/2016;2016_129_85;herra;1
1348;129/2016;2016_129_85;puhemies;1
1348;129/2016;2016_129_85;mieli;2
1348;129/2016;2016_129_85;hämmentävä;1
1348;129/2016;2016_129_85;keskustelu;1
1348;129/2016;2016_129_85;olla;10
1348;129/2016;2016_129_85;summata;1
1348;129/2016;2016_129_85;se;4
1348;129/2016;2016_129_85;että;4
1348;129/2016;2016_129_85;mikäli;1
1348;129/2016;2016_129_85;vastustaa;2
1348;129/2016;2016_129_85;tämä;4
1348;129/2016;2016_129_85;tuloveroasteikko;1
1348;129/2016;2016_129_85;samalla;1
1348;129/2016;2016_129_85;kilpailukykysopimus;2
1348;129/2016;2016_129_85;ja;3
1348;129/2016;2016_129_85;kautta;1
1348;129/2016;2016_129_85;koko;1
1348;129/2016;2016_129_85;suomalainen;1
1348;129/2016;2016_129_85;sopimusyhteiskunta;1
1348;129/2016;2016_129_85;minä;3
1348;129/2016;2016_129_85;varsin;1
1348;129/2016;2016_129_85;hyvä;4
1348;129/2016;2016_129_85;nyt;2
1348;129/2016;2016_129_85;kyllä;3
1348;129/2016;2016_129_85;oppositio;1
1348;129/2016;2016_129_85;kertoa;1
1348;129/2016;2016_129_85;äänestäjä;1
1348;129/2016;2016_129_85;sinä;3
1348;129/2016;2016_129_85;todella;1
1348;129/2016;2016_129_85;kanta;1
1348;129/2016;2016_129_85;vai;1
1348;129/2016;2016_129_85;ei;1
1348;129/2016;2016_129_85;hämmästellä;1
1348;129/2016;2016_129_85;myös;1
1348;129/2016;2016_129_85;oecd-tilasto;1
1348;129/2016;2016_129_85;väittämä;1
1348;129/2016;2016_129_85;virheellinen;1
1348;129/2016;2016_129_85;kuitenkin;1
1348;129/2016;2016_129_85;vertailutieto;1
1348;129/2016;2016_129_85;leena;2
1348;129/2016;2016_129_85;meri;2
1348;129/2016;2016_129_85;joka;2
1348;129/2016;2016_129_85;tieto;1
1348;129/2016;2016_129_85;pohja;1
1348;129/2016;2016_129_85;suomi;2
1348;129/2016;2016_129_85;kokonaisveroaste;1
1348;129/2016;2016_129_85;lähes;1
1348;129/2016;2016_129_85;prosentti;3
1348;129/2016;2016_129_85;korkea;1
1348;129/2016;2016_129_85;kuin;1
1348;129/2016;2016_129_85;oecd-maa;1
1348;129/2016;2016_129_85;keskitaso;1
1348;129/2016;2016_129_85;tietää;1
1348;129/2016;2016_129_85;hyvin;2
1348;129/2016;2016_129_85;muuten;1
1348;129/2016;2016_129_85;muistaa;1
1348;129/2016;2016_129_85;verokeskustelu;1
1348;129/2016;2016_129_85;jo;2
1348;129/2016;2016_129_85;tilanne;2
1348;129/2016;2016_129_85;ansaita;1
1348;129/2016;2016_129_85;maksaa;1
1348;129/2016;2016_129_85;noin;1
1348;129/2016;2016_129_85;ansiotuloverokertymä;1
1348;129/2016;2016_129_85;tällainen;1
1348;129/2016;2016_129_85;alkaa;1
1348;129/2016;2016_129_85;näkemys;1
1348;129/2016;2016_129_85;mukaan;1
1348;129/2016;2016_129_85;lähetä;1
1348;129/2016;2016_129_85;sosialismi;1
1348;129/2016;2016_129_85;tietysti;1
1348;129/2016;2016_129_85;ymmärtää;1
1348;129/2016;2016_129_85;mikä;1
1348;129/2016;2016_129_85;takia;1
1348;129/2016;2016_129_85;miellyttää;1
1348;129/2016;2016_129_85;aina;1
1348;129/2016;2016_129_85;suuri;1
1348;129/2016;2016_129_85;osa;1
1348;129/2016;2016_129_85;vihervasemmisto;1
1348;129/2016;2016_129_137;arvoisa;1
1348;129/2016;2016_129_137;puhemies;1
1348;129/2016;2016_129_137;kannattaa;1
1348;129/2016;2016_129_137;edustaja;1
1348;129/2016;2016_129_137;jarva;1
1348;129/2016;2016_129_137;esitys;1
1348;129/2016;2016_129_137;käsittely;1
1348;129/2016;2016_129_137;jatkaminen;1
1348;133/2016;2016_133_19;arvoisa;1
1348;133/2016;2016_133_19;herra;1
1348;133/2016;2016_133_19;puhemies;1
1348;133/2016;2016_133_19;tämä;5
1348;133/2016;2016_133_19;lakiesitys;1
1348;133/2016;2016_133_19;turvaamistoimi;2
1348;133/2016;2016_133_19;tarkoitus;1
1348;133/2016;2016_133_19;olla;6
1348;133/2016;2016_133_19;helpottaa;1
1348;133/2016;2016_133_19;henkilö;3
1348;133/2016;2016_133_19;maahantulo;1
1348;133/2016;2016_133_19;tai;2
1348;133/2016;2016_133_19;maa;2
1348;133/2016;2016_133_19;oleskelu;1
1348;133/2016;2016_133_19;edellytys;1
1348;133/2016;2016_133_19;selvittäminen;1
1348;133/2016;2016_133_19;poistaminen;1
1348;133/2016;2016_133_19;ja;2
1348;133/2016;2016_133_19;nyt;1
1348;133/2016;2016_133_19;haluta;2
1348;133/2016;2016_133_19;kyllä;1
1348;133/2016;2016_133_19;kysyä;1
1348;133/2016;2016_133_19;edustaja;3
1348;133/2016;2016_133_19;semi;2
1348;133/2016;2016_133_19;minä;6
1348;133/2016;2016_133_19;hetki;1
1348;133/2016;2016_133_19;viimeinen;1
1348;133/2016;2016_133_19;lehtitieto;1
1348;133/2016;2016_133_19;mukaan;1
1348;133/2016;2016_133_19;noin;1
1348;133/2016;2016_133_19;turvapaikanhakija;1
1348;133/2016;2016_133_19;joka;1
1348;133/2016;2016_133_19;ei;2
1348;133/2016;2016_133_19;tietää;1
1348;133/2016;2016_133_19;mikä;2
1348;133/2016;2016_133_19;hän;1
1348;133/2016;2016_133_19;sinä;1
1348;133/2016;2016_133_19;peräänkuuluttaa;1
1348;133/2016;2016_133_19;että;2
1348;133/2016;2016_133_19;vaihtoehto;3
1348;133/2016;2016_133_19;kuulla;1
1348;133/2016;2016_133_19;muu;2
1348;133/2016;2016_133_19;kuin;2
1348;133/2016;2016_133_19;lisätä;1
1348;133/2016;2016_133_19;vastaanottokeskus;1
1348;133/2016;2016_133_19;itse;1
1348;133/2016;2016_133_19;aina;1
1348;133/2016;2016_133_19;hallituspuolue;1
1348;133/2016;2016_133_19;nähdä;1
1348;133/2016;2016_133_19;yhtään;1
1348;133/2016;2016_133_19;mikään;1
1348;133/2016;2016_133_19;toteuttaa;1
1348;133/2016;2016_133_19;lainsäädäntö;1
1348;133/2016;2016_133_19;kuten;1
1348;133/2016;2016_133_19;tapaus;1
1348;133/2016;2016_133_19;hallitus;1
1348;133/2016;2016_133_19;esittää;1
1348;137/2016;2016_137_347;arvoisa;1
1348;137/2016;2016_137_347;rouva;1
1348;137/2016;2016_137_347;puhemies;1
1348;137/2016;2016_137_347;tämä;5
1348;137/2016;2016_137_347;sali;1
1348;137/2016;2016_137_347;olla;9
1348;137/2016;2016_137_347;puhua;1
1348;137/2016;2016_137_347;tänään;1
1348;137/2016;2016_137_347;paljon;1
1348;137/2016;2016_137_347;koulutus;1
1348;137/2016;2016_137_347;eriarvoistuminen;1
1348;137/2016;2016_137_347;ja;9
1348;137/2016;2016_137_347;se;5
1348;137/2016;2016_137_347;vaara;1
1348;137/2016;2016_137_347;kiistatta;2
1348;137/2016;2016_137_347;erittäin;1
1348;137/2016;2016_137_347;vakava;3
1348;137/2016;2016_137_347;ongelma;1
1348;137/2016;2016_137_347;joka;2
1348;137/2016;2016_137_347;täytyä;1
1348;137/2016;2016_137_347;käsi;1
1348;137/2016;2016_137_347;myös;1
1348;137/2016;2016_137_347;puuttua;1
1348;137/2016;2016_137_347;oppositio;2
1348;137/2016;2016_137_347;sijaan;1
1348;137/2016;2016_137_347;syyttää;1
1348;137/2016;2016_137_347;hallitus;3
1348;137/2016;2016_137_347;perusopetus;2
1348;137/2016;2016_137_347;varhaiskasvatus;2
1348;137/2016;2016_137_347;leikkaus;2
1348;137/2016;2016_137_347;riitta;1
1348;137/2016;2016_137_347;myller;1
1348;137/2016;2016_137_347;välihuuto;1
1348;137/2016;2016_137_347;vaikka;1
1348;137/2016;2016_137_347;totta;1
1348;137/2016;2016_137_347;että;2
1348;137/2016;2016_137_347;oma;1
1348;137/2016;2016_137_347;toimintakausi;1
1348;137/2016;2016_137_347;vahvistaa;2
1348;137/2016;2016_137_347;kuntatalous;3
1348;137/2016;2016_137_347;toistaa;1
1348;137/2016;2016_137_347;ihmetellä;1
1348;137/2016;2016_137_347;myöhäisherännäisyys;1
1348;137/2016;2016_137_347;asia;1
1348;137/2016;2016_137_347;sinä;3
1348;137/2016;2016_137_347;mukana;1
1348;137/2016;2016_137_347;kun;1
1348;137/2016;2016_137_347;edellinen;1
1348;137/2016;2016_137_347;kausi;2
1348;137/2016;2016_137_347;toteuttaa;1
1348;137/2016;2016_137_347;ennätyksellinen;1
1348;137/2016;2016_137_347;valtionosuus;1
1348;137/2016;2016_137_347;viedä;1
1348;137/2016;2016_137_347;kunta;1
1348;137/2016;2016_137_347;resurssi;1
1348;137/2016;2016_137_347;järjestää;1
1348;137/2016;2016_137_347;kysyä;1
1348;137/2016;2016_137_347;nyt;2
1348;137/2016;2016_137_347;mikä;1
1348;137/2016;2016_137_347;takia;1
1348;137/2016;2016_137_347;ei;1
1348;137/2016;2016_137_347;voida;1
1348;137/2016;2016_137_347;katsoa;1
1348;137/2016;2016_137_347;itse;1
1348;137/2016;2016_137_347;peili;1
1348;137/2016;2016_137_347;myöntää;1
1348;137/2016;2016_137_347;valtionosuusleikkaus;1
1348;137/2016;2016_137_347;viime;1
1348;137/2016;2016_137_347;virhe;1
1348;137/2016;2016_137_347;myöntäminen;1
1348;137/2016;2016_137_347;jälkeen;1
1348;137/2016;2016_137_347;voista;1
1348;137/2016;2016_137_347;yhdessä;1
1348;137/2016;2016_137_347;pyrkiä;1
1348;137/2016;2016_137_347;rakentaa;1
1348;137/2016;2016_137_347;sellainen;1
1348;137/2016;2016_137_347;suomi;1
1348;137/2016;2016_137_347;edelleen;1
1348;137/2016;2016_137_347;maailma;2
1348;137/2016;2016_137_347;hyvä;2
1348;137/2016;2016_137_347;peruskoulu;1
1348;137/2016;2016_137_347;peruskoulutus;1
1348;137/2016;2016_137_347;kehittyä;1
1348;137/2016;2016_137_347;jatkuvasti;1
1348;137/2016;2016_137_352;arvoisa;1
1348;137/2016;2016_137_352;rouva;1
1348;137/2016;2016_137_352;puhemies;1
1348;137/2016;2016_137_352;täytyä;1
1348;137/2016;2016_137_352;aivan;1
1348;137/2016;2016_137_352;ensimmäinen;1
1348;137/2016;2016_137_352;todeta;1
1348;137/2016;2016_137_352;että;4
1348;137/2016;2016_137_352;mukava;1
1348;137/2016;2016_137_352;kun;1
1348;137/2016;2016_137_352;saada;1
1348;137/2016;2016_137_352;kerran;1
1348;137/2016;2016_137_352;oppositio;2
1348;137/2016;2016_137_352;puolustuskanta;1
1348;137/2016;2016_137_352;toistaa;1
1348;137/2016;2016_137_352;aiempi;1
1348;137/2016;2016_137_352;puheenvuoro;1
1348;137/2016;2016_137_352;esittää;1
1348;137/2016;2016_137_352;kysymys;1
1348;137/2016;2016_137_352;nyt;3
1348;137/2016;2016_137_352;edustaja;2
1348;137/2016;2016_137_352;mikä;2
1348;137/2016;2016_137_352;sinä;3
1348;137/2016;2016_137_352;olla;7
1348;137/2016;2016_137_352;mieli;1
1348;137/2016;2016_137_352;se;6
1348;137/2016;2016_137_352;edellinen;1
1348;137/2016;2016_137_352;hallitus;3
1348;137/2016;2016_137_352;toteuttaa;2
1348;137/2016;2016_137_352;ennätyksellinen;1
1348;137/2016;2016_137_352;suuri;2
1348;137/2016;2016_137_352;valtionosuusleikkaus;1
1348;137/2016;2016_137_352;kunta;3
1348;137/2016;2016_137_352;virhe;1
1348;137/2016;2016_137_352;nimittäin;1
1348;137/2016;2016_137_352;oma;1
1348;137/2016;2016_137_352;näkemys;1
1348;137/2016;2016_137_352;mukaan;1
1348;137/2016;2016_137_352;kantaa;1
1348;137/2016;2016_137_352;erittäin;1
1348;137/2016;2016_137_352;vastuu;1
1348;137/2016;2016_137_352;erityisesti;1
1348;137/2016;2016_137_352;itä;1
1348;137/2016;2016_137_352;ja;2
1348;137/2016;2016_137_352;pohjois-suomi;1
1348;137/2016;2016_137_352;poika;1
1348;137/2016;2016_137_352;syrjäytymisvaara;1
1348;137/2016;2016_137_352;koulutus;2
1348;137/2016;2016_137_352;eriarvoisuus;1
1348;137/2016;2016_137_352;revetä;1
1348;137/2016;2016_137_352;kiittää;1
1348;137/2016;2016_137_352;tehdä;1
1348;137/2016;2016_137_352;määrätietoinen;1
1348;137/2016;2016_137_352;toimenpide;1
1348;137/2016;2016_137_352;eteen;1
1348;137/2016;2016_137_352;kuntatalous;1
1348;137/2016;2016_137_352;kyetä;1
1348;137/2016;2016_137_352;tämä;2
1348;137/2016;2016_137_352;maa;1
1348;137/2016;2016_137_352;vahvistaa;1
1348;137/2016;2016_137_352;sillä;2
1348;137/2016;2016_137_352;yksikkö;1
1348;137/2016;2016_137_352;joka;2
1348;137/2016;2016_137_352;päällä;1
1348;137/2016;2016_137_352;minä;1
1348;137/2016;2016_137_352;kruunujalokivi;1
1348;137/2016;2016_137_352;eli;1
1348;137/2016;2016_137_352;peruskoulu;2
1348;137/2016;2016_137_352;levätä;2
1348;137/2016;2016_137_352;harteet;1
1348;137/2016;2016_137_352;taas;1
1348;137/2016;2016_137_352;tulla;1
1348;137/2016;2016_137_352;tolppanen;2
1348;137/2016;2016_137_352;niin;1
1348;137/2016;2016_137_352;ymmärtää;1
1348;137/2016;2016_137_352;kyllä;1
1348;137/2016;2016_137_352;harmistus;1
1348;137/2016;2016_137_352;hän;1
1348;137/2016;2016_137_352;hypätä;1
1348;137/2016;2016_137_352;vapaaehtoisesti;1
1348;137/2016;2016_137_352;joukkue;1
1348;137/2016;2016_137_352;valmis;1
1348;137/2016;2016_137_352;tällainen;1
1348;137/2016;2016_137_352;leikkaus;1
1348;2/2017;2017_2_87;arvoisa;1
1348;2/2017;2017_2_87;herra;1
1348;2/2017;2017_2_87;puhemies;1
1348;2/2017;2017_2_87;tämä;13
1348;2/2017;2017_2_87;saakka;2
1348;2/2017;2017_2_87;tosiaan;1
1348;2/2017;2017_2_87;yvaprosessi;2
1348;2/2017;2017_2_87;olla;7
1348;2/2017;2017_2_87;erittäin;1
1348;2/2017;2017_2_87;pitkä;1
1348;2/2017;2017_2_87;ja;5
1348;2/2017;2017_2_87;sekava;1
1348;2/2017;2017_2_87;selkiyttäminen;1
1348;2/2017;2017_2_87;kyllä;1
1348;2/2017;2017_2_87;nyt;4
1348;2/2017;2017_2_87;selkeästi;2
1348;2/2017;2017_2_87;tarve;1
1348;2/2017;2017_2_87;täydä;1
1348;2/2017;2017_2_87;esittää;1
1348;2/2017;2017_2_87;hallitus;1
1348;2/2017;2017_2_87;ministeri;1
1348;2/2017;2017_2_87;tiilikainen;1
1348;2/2017;2017_2_87;kiitos;1
1348;2/2017;2017_2_87;se;5
1348;2/2017;2017_2_87;että;5
1348;2/2017;2017_2_87;esitys;2
1348;2/2017;2017_2_87;tänne;1
1348;2/2017;2017_2_87;eduskunta;1
1348;2/2017;2017_2_87;antaa;1
1348;2/2017;2017_2_87;koska;1
1348;2/2017;2017_2_87;parantaa;1
1348;2/2017;2017_2_87;nykytila;1
1348;2/2017;2017_2_87;tärkeä;1
1348;2/2017;2017_2_87;tietysti;1
1348;2/2017;2017_2_87;kun;2
1348;2/2017;2017_2_87;erilainen;1
1348;2/2017;2017_2_87;hanke;2
1348;2/2017;2017_2_87;arvioida;1
1348;2/2017;2017_2_87;ympäristövaikutus;1
1348;2/2017;2017_2_87;voida;1
1348;2/2017;2017_2_87;vaikuttaa;1
1348;2/2017;2017_2_87;jo;1
1348;2/2017;2017_2_87;alkuvaihe;1
1348;2/2017;2017_2_87;ei;1
1348;2/2017;2017_2_87;mikään;2
1348;2/2017;2017_2_87;tapaus;1
1348;2/2017;2017_2_87;tarkoittaa;1
1348;2/2017;2017_2_87;luontoarvo;1
1348;2/2017;2017_2_87;tai;1
1348;2/2017;2017_2_87;luonnonsuojelu;1
1348;2/2017;2017_2_87;muoto;1
1348;2/2017;2017_2_87;tinkiä;1
1348;2/2017;2017_2_87;itse;1
1348;2/2017;2017_2_87;asiassa;1
1348;2/2017;2017_2_87;ennakkomenettely;1
1348;2/2017;2017_2_87;suojella;1
1348;2/2017;2017_2_87;luonto;1
1348;2/2017;2017_2_87;nykyinen;1
1348;2/2017;2017_2_87;menettely;1
1348;2/2017;2017_2_87;hyvin;1
1348;2/2017;2017_2_87;nähdä;2
1348;2/2017;2017_2_87;myös;1
1348;2/2017;2017_2_87;minä;1
1348;2/2017;2017_2_87;keskustella;1
1348;2/2017;2017_2_87;selkeä;1
1348;2/2017;2017_2_87;sektorikohtaisuus;1
1348;2/2017;2017_2_87;tulla;1
1348;2/2017;2017_2_87;pois;1
1348;2/2017;2017_2_87;ottaa;1
1348;2/2017;2017_2_87;sellainen;1
1348;2/2017;2017_2_87;kokonaisvastuu;1
1348;2/2017;2017_2_87;erinomainen;1
1348;2/2017;2017_2_87;tuoda;1
1348;2/2017;2017_2_87;maa;1
1348;2/2017;2017_2_87;hyvä;1
1348;2/2017;2017_2_87;sääntely;1
1348;2/2017;2017_2_87;kuin;1
1348;2/2017;2017_2_107;arvoisa;1
1348;2/2017;2017_2_107;herra;1
1348;2/2017;2017_2_107;puhemies;1
1348;2/2017;2017_2_107;esittää;4
1348;2/2017;2017_2_107;hyvä;2
1348;2/2017;2017_2_107;kiitos;1
1348;2/2017;2017_2_107;hallitus;1
1348;2/2017;2017_2_107;ja;17
1348;2/2017;2017_2_107;ministeri;2
1348;2/2017;2017_2_107;tiilikainen;1
1348;2/2017;2017_2_107;näin;2
1348;2/2017;2017_2_107;se;27
1348;2/2017;2017_2_107;kansallispuisto;7
1348;2/2017;2017_2_107;perustaa;4
1348;2/2017;2017_2_107;hossa;2
1348;2/2017;2017_2_107;saada;3
1348;2/2017;2017_2_107;nyt;4
1348;2/2017;2017_2_107;puisto;9
1348;2/2017;2017_2_107;takia;1
1348;2/2017;2017_2_107;että;11
1348;2/2017;2017_2_107;suomussalmi;1
1348;2/2017;2017_2_107;kunta;1
1348;2/2017;2017_2_107;sinne;9
1348;2/2017;2017_2_107;haluta;3
1348;2/2017;2017_2_107;tämä;16
1348;2/2017;2017_2_107;olla;19
1348;2/2017;2017_2_107;paljon;2
1348;2/2017;2017_2_107;keskustella;1
1348;2/2017;2017_2_107;vaikutus;3
1348;2/2017;2017_2_107;paikallistalous;1
1348;2/2017;2017_2_107;jossain;1
1348;2/2017;2017_2_107;määrin;2
1348;2/2017;2017_2_107;ei;8
1348;2/2017;2017_2_107;voida;2
1348;2/2017;2017_2_107;jakaa;1
1348;2/2017;2017_2_107;aivan;1
1348;2/2017;2017_2_107;kaikki;2
1348;2/2017;2017_2_107;näkemys;1
1348;2/2017;2017_2_107;joka;4
1348;2/2017;2017_2_107;metsähallitus;1
1348;2/2017;2017_2_107;esimerkiksi;1
1348;2/2017;2017_2_107;minä;16
1348;2/2017;2017_2_107;tuolla;1
1348;2/2017;2017_2_107;pohjoinen;3
1348;2/2017;2017_2_107;tulla;3
1348;2/2017;2017_2_107;kehittää;1
1348;2/2017;2017_2_107;merkittävä;1
1348;2/2017;2017_2_107;tapa;2
1348;2/2017;2017_2_107;oheispalvelu;1
1348;2/2017;2017_2_107;mikä;2
1348;2/2017;2017_2_107;puistokävijä;1
1348;2/2017;2017_2_107;matkailija;1
1348;2/2017;2017_2_107;käyttää;3
1348;2/2017;2017_2_107;paikallinen;2
1348;2/2017;2017_2_107;palvelu;1
1348;2/2017;2017_2_107;siellä;5
1348;2/2017;2017_2_107;valitettava;1
1348;2/2017;2017_2_107;usein;1
1348;2/2017;2017_2_107;tilanne;1
1348;2/2017;2017_2_107;saapua;1
1348;2/2017;2017_2_107;täältä;1
1348;2/2017;2017_2_107;etelä;2
1348;2/2017;2017_2_107;auto;1
1348;2/2017;2017_2_107;täynnä;1
1348;2/2017;2017_2_107;ruoka;1
1348;2/2017;2017_2_107;muona;1
1348;2/2017;2017_2_107;pakata;1
1348;2/2017;2017_2_107;rinkka;1
1348;2/2017;2017_2_107;lähteä;1
1348;2/2017;2017_2_107;viikko;1
1348;2/2017;2017_2_107;käydä;3
1348;2/2017;2017_2_107;kaira;1
1348;2/2017;2017_2_107;jälkeen;1
1348;2/2017;2017_2_107;palata;1
1348;2/2017;2017_2_107;tänne;2
1348;2/2017;2017_2_107;sitten;2
1348;2/2017;2017_2_107;aluetalous;1
1348;2/2017;2017_2_107;lähellä;1
1348;2/2017;2017_2_107;nolla;1
1348;2/2017;2017_2_107;keskustelu;1
1348;2/2017;2017_2_107;myös;4
1348;2/2017;2017_2_107;jo;1
1348;2/2017;2017_2_107;edustaja;2
1348;2/2017;2017_2_107;kiuru;1
1348;2/2017;2017_2_107;nostaa;1
1348;2/2017;2017_2_107;käsivarsi;4
1348;2/2017;2017_2_107;lähestulkoon;1
1348;2/2017;2017_2_107;pakko;1
1348;2/2017;2017_2_107;viime;1
1348;2/2017;2017_2_107;hallituskausi;1
1348;2/2017;2017_2_107;ajaa;2
1348;2/2017;2017_2_107;silloinen;1
1348;2/2017;2017_2_107;niinistö;1
1348;2/2017;2017_2_107;toimi;1
1348;2/2017;2017_2_107;tuonne;1
1348;2/2017;2017_2_107;kun;3
1348;2/2017;2017_2_107;nousta;1
1348;2/2017;2017_2_107;vastarinta;1
1348;2/2017;2017_2_107;ilmoittaa;1
1348;2/2017;2017_2_107;niin;4
1348;2/2017;2017_2_107;kunnanjohtaja;1
1348;2/2017;2017_2_107;toimia;1
1348;2/2017;2017_2_107;kirje;1
1348;2/2017;2017_2_107;tuo;1
1348;2/2017;2017_2_107;alaska;3
1348;2/2017;2017_2_107;luontodirektoraatti;1
1348;2/2017;2017_2_107;päällikkö;1
1348;2/2017;2017_2_107;hän;3
1348;2/2017;2017_2_107;todeta;2
1348;2/2017;2017_2_107;sinä;2
1348;2/2017;2017_2_107;hullu;3
1348;2/2017;2017_2_107;täällä;2
1348;2/2017;2017_2_107;erittäin;2
1348;2/2017;2017_2_107;tärkeä;1
1348;2/2017;2017_2_107;tuoda;1
1348;2/2017;2017_2_107;elanto;1
1348;2/2017;2017_2_107;tarvita;1
1348;2/2017;2017_2_107;ilkka;1
1348;2/2017;2017_2_107;kanerva;1
1348;2/2017;2017_2_107;sana;2
1348;2/2017;2017_2_107;alkaa;1
1348;2/2017;2017_2_107;perehtyä;1
1348;2/2017;2017_2_107;millainen;1
1348;2/2017;2017_2_107;kollega;1
1348;2/2017;2017_2_107;hyvin;1
1348;2/2017;2017_2_107;toisenlainen;1
1348;2/2017;2017_2_107;luonnonsuojeluideologia;2
1348;2/2017;2017_2_107;kuin;1
1348;2/2017;2017_2_107;suomi;2
1348;2/2017;2017_2_107;yleensä;1
1348;2/2017;2017_2_107;ensimmäinen;1
1348;2/2017;2017_2_107;rakentaa;2
1348;2/2017;2017_2_107;puistoalue;1
1348;2/2017;2017_2_107;läpi;1
1348;2/2017;2017_2_107;tie;1
1348;2/2017;2017_2_107;taata;1
1348;2/2017;2017_2_107;pääsy;1
1348;2/2017;2017_2_107;syrjäinen;1
1348;2/2017;2017_2_107;alue;2
1348;2/2017;2017_2_107;kaavoittaa;1
1348;2/2017;2017_2_107;laadukas;3
1348;2/2017;2017_2_107;matkailupalvelu;1
1348;2/2017;2017_2_107;keskelle;1
1348;2/2017;2017_2_107;hotelli;1
1348;2/2017;2017_2_107;ohjelmapalvelu;1
1348;2/2017;2017_2_107;vaikkapa;1
1348;2/2017;2017_2_107;moottoroitu;1
1348;2/2017;2017_2_107;liikkuminen;1
1348;2/2017;2017_2_107;mahdollinen;1
1348;2/2017;2017_2_107;ihminen;3
1348;2/2017;2017_2_107;maksaa;1
1348;2/2017;2017_2_107;usea;3
1348;2/2017;2017_2_107;tuhat;1
1348;2/2017;2017_2_107;dollari;1
1348;2/2017;2017_2_107;päästä;3
1348;2/2017;2017_2_107;moottorikelkka;1
1348;2/2017;2017_2_107;neitseellinen;1
1348;2/2017;2017_2_107;umpilumi;1
1348;2/2017;2017_2_107;tai;1
1348;2/2017;2017_2_107;metsästää;1
1348;2/2017;2017_2_107;kannattaa;1
1348;2/2017;2017_2_107;kyllä;1
1348;2/2017;2017_2_107;tämäntyyppinen;1
1348;2/2017;2017_2_107;nykyisellään;2
1348;2/2017;2017_2_107;varsin;1
1348;2/2017;2017_2_107;värittynyt;1
1348;2/2017;2017_2_107;sulkea;1
1348;2/2017;2017_2_107;pois;3
1348;2/2017;2017_2_107;luonto;1
1348;2/2017;2017_2_107;huolestunut;1
1348;2/2017;2017_2_107;enää;1
1348;2/2017;2017_2_107;paikkakuntalainen;2
1348;2/2017;2017_2_107;hyödyntää;1
1348;2/2017;2017_2_107;täysipainoisesti;1
1348;2/2017;2017_2_107;lappi;1
1348;2/2017;2017_2_107;kokemus;1
1348;2/2017;2017_2_107;kuten;1
1348;2/2017;2017_2_107;hoskonen;1
1348;2/2017;2017_2_107;äsken;1
1348;2/2017;2017_2_107;hienosti;1
1348;2/2017;2017_2_107;lainsäädäntö;1
1348;2/2017;2017_2_107;turvata;1
1348;2/2017;2017_2_107;oikeus;2
1348;2/2017;2017_2_107;rahoituskysymys;1
1348;2/2017;2017_2_107;osa;1
1348;2/2017;2017_2_107;huolestuttava;1
1348;2/2017;2017_2_107;raha;1
1348;2/2017;2017_2_107;riittävä;1
1348;2/2017;2017_2_107;riittää;1
1348;2/2017;2017_2_107;infra;2
1348;2/2017;2017_2_107;ylläpito;1
1348;2/2017;2017_2_107;toive;1
1348;2/2017;2017_2_107;vaikka;1
1348;2/2017;2017_2_107;ho;1
1348;2/2017;2017_2_107;syödä;1
1348;2/2017;2017_2_107;rahoitus;1
1348;2/2017;2017_2_107;loppu;1
1348;2/2017;2017_2_107;vielä;1
1348;2/2017;2017_2_107;metsästys;1
1348;2/2017;2017_2_107;kalastus;1
1348;2/2017;2017_2_107;moottorikelkkailu;1
1348;2/2017;2017_2_107;ooppera;1
1348;2/2017;2017_2_107;baletti;1
1348;2/2017;2017_2_107;polkea;1
1348;2/2017;2017_2_107;ottaa;1
1348;21/2017;2017_21_49;arvoisa;3
1348;21/2017;2017_21_49;rouva;3
1348;21/2017;2017_21_49;puhemies;3
1348;21/2017;2017_21_49;kaivoslaki;1
1348;21/2017;2017_21_49;säätää;1
1348;21/2017;2017_21_49;vuosi;9
1348;21/2017;2017_21_49;kullankaivuu;2
1348;21/2017;2017_21_49;liittyä;3
1348;21/2017;2017_21_49;kaivospiirioikeus;1
1348;21/2017;2017_21_49;lakkauttaminen;4
1348;21/2017;2017_21_49;siirtymäaika;8
1348;21/2017;2017_21_49;jälkeen;3
1348;21/2017;2017_21_49;tämä;8
1348;21/2017;2017_21_49;lakiesitys;2
1348;21/2017;2017_21_49;esittää;2
1348;21/2017;2017_21_49;siirtymäkausi;2
1348;21/2017;2017_21_49;pidentää;2
1348;21/2017;2017_21_49;aiempi;1
1348;21/2017;2017_21_49;kysymys;1
1348;21/2017;2017_21_49;ei;8
1348;21/2017;2017_21_49;olla;15
1348;21/2017;2017_21_49;tehdä;1
1348;21/2017;2017_21_49;päätös;2
1348;21/2017;2017_21_49;peruminen;1
1348;21/2017;2017_21_49;vaan;1
1348;21/2017;2017_21_49;ainoastaan;2
1348;21/2017;2017_21_49;pituus;2
1348;21/2017;2017_21_49;muuttaminen;1
1348;21/2017;2017_21_49;laki;3
1348;21/2017;2017_21_49;valmistella;1
1348;21/2017;2017_21_49;talousvaliokunta;2
1348;21/2017;2017_21_49;loppumietintö;1
1348;21/2017;2017_21_49;sopiva;1
1348;21/2017;2017_21_49;ja;16
1348;21/2017;2017_21_49;perustella;1
1348;21/2017;2017_21_49;tuolloin;1
1348;21/2017;2017_21_49;esitys;1
1348;21/2017;2017_21_49;hyvin;1
1348;21/2017;2017_21_49;tuolloinen;1
1348;21/2017;2017_21_49;mukaan;1
1348;21/2017;2017_21_49;päättää;1
1348;21/2017;2017_21_49;liian;1
1348;21/2017;2017_21_49;lyhyt;2
1348;21/2017;2017_21_49;valiokunta;2
1348;21/2017;2017_21_49;todeta;1
1348;21/2017;2017_21_49;että;3
1348;21/2017;2017_21_49;saada;3
1348;21/2017;2017_21_49;aika;2
1348;21/2017;2017_21_49;asiallinen;1
1348;21/2017;2017_21_49;ympäristöhaitta;1
1348;21/2017;2017_21_49;minimoida;1
1348;21/2017;2017_21_49;toiminta;3
1348;21/2017;2017_21_49;alasajo;1
1348;21/2017;2017_21_49;hätäily;1
1348;21/2017;2017_21_49;äkkipysähdys;1
1348;21/2017;2017_21_49;sijaan;1
1348;21/2017;2017_21_49;asia;3
1348;21/2017;2017_21_49;kuitenkin;1
1348;21/2017;2017_21_49;muuttaa;1
1348;21/2017;2017_21_49;suuri;2
1348;21/2017;2017_21_49;kaivospiiri;9
1348;21/2017;2017_21_49;puuttua;1
1348;21/2017;2017_21_49;pysyvä;1
1348;21/2017;2017_21_49;olettaa;2
1348;21/2017;2017_21_49;oikeus;3
1348;21/2017;2017_21_49;poistaminen;1
1348;21/2017;2017_21_49;aiheuttaa;2
1348;21/2017;2017_21_49;taloudellinen;3
1348;21/2017;2017_21_49;tappio;1
1348;21/2017;2017_21_49;kullankaivuuyrittäjä;1
1348;21/2017;2017_21_49;joka;5
1348;21/2017;2017_21_49;investoida;1
1348;21/2017;2017_21_49;yritys;1
1348;21/2017;2017_21_49;luottaa;1
1348;21/2017;2017_21_49;se;7
1348;21/2017;2017_21_49;jatkuvuus;1
1348;21/2017;2017_21_49;jatkoaika;3
1348;21/2017;2017_21_49;pidentäminen;3
1348;21/2017;2017_21_49;parantaa;1
1348;21/2017;2017_21_49;yrittäjä;2
1348;21/2017;2017_21_49;omaisuudensuoja;1
1348;21/2017;2017_21_49;nopeuttaa;1
1348;21/2017;2017_21_49;usea;1
1348;21/2017;2017_21_49;haltija;1
1348;21/2017;2017_21_49;ehtiä;2
1348;21/2017;2017_21_49;hyödyntää;3
1348;21/2017;2017_21_49;kultavaranto;2
1348;21/2017;2017_21_49;nykyinen;2
1348;21/2017;2017_21_49;puitteissa;1
1348;21/2017;2017_21_49;kaikki;2
1348;21/2017;2017_21_49;kuitenkaan;1
1348;21/2017;2017_21_49;kyetä;1
1348;21/2017;2017_21_49;erityinen;1
1348;21/2017;2017_21_49;kipeästi;1
1348;21/2017;2017_21_49;koskettaa;2
1348;21/2017;2017_21_49;kaivaja;2
1348;21/2017;2017_21_49;kaivata;1
1348;21/2017;2017_21_49;piiri;1
1348;21/2017;2017_21_49;pääsääntöisesti;1
1348;21/2017;2017_21_49;ilman;3
1348;21/2017;2017_21_49;konevoima;1
1348;21/2017;2017_21_49;alue;2
1348;21/2017;2017_21_49;syntyä;1
1348;21/2017;2017_21_49;tilanne;1
1348;21/2017;2017_21_49;investointi;1
1348;21/2017;2017_21_49;velka;1
1348;21/2017;2017_21_49;jäädä;2
1348;21/2017;2017_21_49;maksaa;1
1348;21/2017;2017_21_49;kun;2
1348;21/2017;2017_21_49;yritystoiminta;1
1348;21/2017;2017_21_49;joutua;1
1348;21/2017;2017_21_49;takia;1
1348;21/2017;2017_21_49;lopettaa;1
1348;21/2017;2017_21_49;kaikkiaan;1
1348;21/2017;2017_21_49;hyötyä;2
1348;21/2017;2017_21_49;enintään;1
1348;21/2017;2017_21_49;kolmannes;1
1348;21/2017;2017_21_49;kaivaa;2
1348;21/2017;2017_21_49;hyväksyä;1
1348;21/2017;2017_21_49;antaa;1
1348;21/2017;2017_21_49;kultamaa;1
1348;21/2017;2017_21_49;veteraani;1
1348;21/2017;2017_21_49;lappi;1
1348;21/2017;2017_21_49;legenda;1
1348;21/2017;2017_21_49;mahdollisuus;1
1348;21/2017;2017_21_49;saattaa;3
1348;21/2017;2017_21_49;elämäntyö;1
1348;21/2017;2017_21_49;loppu;1
1348;21/2017;2017_21_49;arvioida;1
1348;21/2017;2017_21_49;huomata;1
1348;21/2017;2017_21_49;kaivaminen;1
1348;21/2017;2017_21_49;nopeuttaminen;1
1348;21/2017;2017_21_49;äkkiloppu;1
1348;21/2017;2017_21_49;lähestyä;1
1348;21/2017;2017_21_49;voida;2
1348;21/2017;2017_21_49;johtaa;1
1348;21/2017;2017_21_49;oma;1
1348;21/2017;2017_21_49;ryöstöhyödyntäminen;1
1348;21/2017;2017_21_49;vastuullinen;1
1348;21/2017;2017_21_49;huolellinen;1
1348;21/2017;2017_21_49;työ;1
1348;21/2017;2017_21_49;väistyä;1
1348;21/2017;2017_21_49;lopettamisuhka;1
1348;21/2017;2017_21_49;lähetä;1
1348;21/2017;2017_21_49;tällöin;1
1348;21/2017;2017_21_49;turvallisuus;1
1348;21/2017;2017_21_49;ympäristönäkökulma;1
1348;21/2017;2017_21_49;pohjautua;1
1348;21/2017;2017_21_49;työtapa;1
1348;21/2017;2017_21_49;heiketä;1
1348;21/2017;2017_21_49;uhka;1
1348;21/2017;2017_21_49;alla;1
1348;21/2017;2017_21_49;hyvä;2
1348;21/2017;2017_21_49;ratkaisu;1
1348;21/2017;2017_21_49;sekä;3
1348;21/2017;2017_21_49;ympäristö;2
1348;21/2017;2017_21_49;mikäli;2
1348;21/2017;2017_21_49;lakkauttaa;1
1348;21/2017;2017_21_49;järjestys;1
1348;21/2017;2017_21_49;mahdollimman;1
1348;21/2017;2017_21_49;pieni;2
1348;21/2017;2017_21_49;vaurio;1
1348;21/2017;2017_21_49;pitkä;1
1348;21/2017;2017_21_49;myös;2
1348;21/2017;2017_21_49;mahdollistaa;1
1348;21/2017;2017_21_49;kaivuualue;1
1348;21/2017;2017_21_49;laajentaminen;1
1348;21/2017;2017_21_49;tarkemmin;1
1348;21/2017;2017_21_49;kulta;6
1348;21/2017;2017_21_49;kerätä;1
1348;21/2017;2017_21_49;talli;1
1348;21/2017;2017_21_49;ammattitaito;1
1348;21/2017;2017_21_49;ylpeys;1
1348;21/2017;2017_21_49;vaikutus;2
1348;21/2017;2017_21_49;luontoarvo;1
1348;21/2017;2017_21_49;pysyä;1
1348;21/2017;2017_21_49;nykytila;1
1348;21/2017;2017_21_49;verrata;2
1348;21/2017;2017_21_49;samansuuruinen;1
1348;21/2017;2017_21_49;jo;1
1348;21/2017;2017_21_49;vähetä;1
1348;21/2017;2017_21_49;liiallinen;1
1348;21/2017;2017_21_49;kiirehtiminen;1
1348;21/2017;2017_21_49;ongelmallinen;1
1348;21/2017;2017_21_49;erityisesti;1
1348;21/2017;2017_21_49;vesijärjestely;1
1348;21/2017;2017_21_49;osa;1
1348;21/2017;2017_21_49;kukaan;2
1348;21/2017;2017_21_49;mikään;4
1348;21/2017;2017_21_49;haitta;1
1348;21/2017;2017_21_49;heikentää;1
1348;21/2017;2017_21_49;lakiehdotus;2
1348;21/2017;2017_21_49;kustannus;1
1348;21/2017;2017_21_49;päinvastoin;1
1348;21/2017;2017_21_49;nopea;1
1348;21/2017;2017_21_49;vanha;1
1348;21/2017;2017_21_49;mukaisesti;1
1348;21/2017;2017_21_49;lisätä;1
1348;21/2017;2017_21_49;työttömyys;1
1348;21/2017;2017_21_49;synnyttää;1
1348;21/2017;2017_21_49;uusi;1
1348;21/2017;2017_21_49;menoerä;1
1348;21/2017;2017_21_49;valtio;1
1348;21/2017;2017_21_49;taloudellisesti;1
1348;21/2017;2017_21_49;sijaita;1
1348;21/2017;2017_21_49;täysimääräisesti;1
1348;21/2017;2017_21_49;lemmenjoki;1
1348;21/2017;2017_21_49;kullankaivuutoiminta;1
1348;21/2017;2017_21_49;suora;1
1348;21/2017;2017_21_49;työllisyysvaikutus;1
1348;21/2017;2017_21_49;noin;4
1348;21/2017;2017_21_49;henkilötyövuosi;1
1348;21/2017;2017_21_49;välillinen;1
1348;21/2017;2017_21_49;kuten;1
1348;21/2017;2017_21_49;kaivuu;1
1348;21/2017;2017_21_49;matkailu;1
1348;21/2017;2017_21_49;korutuotevalmistus;1
1348;21/2017;2017_21_49;kaksi;1
1348;21/2017;2017_21_49;kerta;1
1348;21/2017;2017_21_49;kyseinen;1
1348;21/2017;2017_21_49;tuottaa;1
1348;21/2017;2017_21_49;kilogramma;1
1348;21/2017;2017_21_49;määrä;1
1348;21/2017;2017_21_49;kansallisesti;1
1348;21/2017;2017_21_49;merkittävä;2
1348;21/2017;2017_21_49;mutta;1
1348;21/2017;2017_21_49;osata;1
1348;21/2017;2017_21_49;jalostaa;1
1348;21/2017;2017_21_49;paikallisesti;1
1348;21/2017;2017_21_49;markkina;1
1348;21/2017;2017_21_49;maailmanmarkkinahinta;1
1348;21/2017;2017_21_49;moninkertainen;1
1348;21/2017;2017_21_49;hinta;1
1348;21/2017;2017_21_49;näin;1
1348;21/2017;2017_21_49;rakentaa;2
1348;21/2017;2017_21_49;pari;1
1348;21/2017;2017_21_49;miljoona;1
1348;21/2017;2017_21_49;euro;1
1348;21/2017;2017_21_49;liikevaihto;1
1348;21/2017;2017_21_49;paikallistalous;1
1348;21/2017;2017_21_49;erittäin;1
1348;21/2017;2017_21_49;tekijä;1
1348;21/2017;2017_21_49;perinteikäs;2
1348;21/2017;2017_21_49;jatkua;1
1348;21/2017;2017_21_49;tuki;2
1348;21/2017;2017_21_49;itse;2
1348;21/2017;2017_21_49;elättää;1
1348;21/2017;2017_21_49;elinkeino;1
1348;21/2017;2017_21_49;hieman;1
1348;21/2017;2017_21_49;lisäaika;1
1348;21/2017;2017_21_49;sopeutua;1
1348;21/2017;2017_21_49;maailma;1
1348;21/2017;2017_21_49;muutos;1
1348;21/2017;2017_21_52;arvoisa;1
1348;21/2017;2017_21_52;rouva;1
1348;21/2017;2017_21_52;puhemies;1
1348;21/2017;2017_21_52;kiitos;2
1348;21/2017;2017_21_52;kollega;1
1348;21/2017;2017_21_52;tämä;1
1348;21/2017;2017_21_52;sana;1
1348;21/2017;2017_21_52;toivoa;1
1348;21/2017;2017_21_52;yhdessä;1
1348;21/2017;2017_21_52;yli;1
1348;21/2017;2017_21_52;hallitustoppositiorajojen;1
1348;21/2017;2017_21_52;että;1
1348;21/2017;2017_21_52;asia;1
1348;21/2017;2017_21_52;menestyä;1
1348;21/2017;2017_21_52;talousvaliokunta;1
1348;21/2017;2017_21_52;käsittely;1
1348;35/2017;2017_35_26;arvoisa;1
1348;35/2017;2017_35_26;rouva;1
1348;35/2017;2017_35_26;puhemies;1
1348;35/2017;2017_35_26;olla;9
1348;35/2017;2017_35_26;selvä;2
1348;35/2017;2017_35_26;että;5
1348;35/2017;2017_35_26;tämä;11
1348;35/2017;2017_35_26;esitys;2
1348;35/2017;2017_35_26;parantaa;1
1348;35/2017;2017_35_26;nykytila;1
1348;35/2017;2017_35_26;merkittävä;1
1348;35/2017;2017_35_26;tapa;2
1348;35/2017;2017_35_26;erityinen;1
1348;35/2017;2017_35_26;iloinen;1
1348;35/2017;2017_35_26;se;9
1348;35/2017;2017_35_26;nyt;4
1348;35/2017;2017_35_26;oikeudenmukainen;1
1348;35/2017;2017_35_26;kustannustenjako;1
1348;35/2017;2017_35_26;kiinnittää;1
1348;35/2017;2017_35_26;huomio;1
1348;35/2017;2017_35_26;moni;1
1348;35/2017;2017_35_26;kunta;4
1348;35/2017;2017_35_26;vakava;1
1348;35/2017;2017_35_26;ongelma;1
1348;35/2017;2017_35_26;täsmentää;1
1348;35/2017;2017_35_26;asia;2
1348;35/2017;2017_35_26;ei;4
1348;35/2017;2017_35_26;myös;4
1348;35/2017;2017_35_26;jakaa;1
1348;35/2017;2017_35_26;edustaja;1
1348;35/2017;2017_35_26;paatero;1
1348;35/2017;2017_35_26;näkemys;1
1348;35/2017;2017_35_26;laki;3
1348;35/2017;2017_35_26;lisätä;1
1348;35/2017;2017_35_26;palvelu;1
1348;35/2017;2017_35_26;saatavuus;1
1348;35/2017;2017_35_26;ja;2
1348;35/2017;2017_35_26;joustavuus;1
1348;35/2017;2017_35_26;järjestäminen;1
1348;35/2017;2017_35_26;aivan;1
1348;35/2017;2017_35_26;hyvin;1
1348;35/2017;2017_35_26;pitkälti;1
1348;35/2017;2017_35_26;aktiivisuus;1
1348;35/2017;2017_35_26;varassa;1
1348;35/2017;2017_35_26;mutta;1
1348;35/2017;2017_35_26;itse;2
1348;35/2017;2017_35_26;nähdä;2
1348;35/2017;2017_35_26;niin;2
1348;35/2017;2017_35_26;voida;2
1348;35/2017;2017_35_26;alkaa;1
1348;35/2017;2017_35_26;säätää;1
1348;35/2017;2017_35_26;uusi;1
1348;35/2017;2017_35_26;velvoite;1
1348;35/2017;2017_35_26;taloudellinen;1
1348;35/2017;2017_35_26;tilanne;1
1348;35/2017;2017_35_26;vaan;1
1348;35/2017;2017_35_26;täytyä;1
1348;35/2017;2017_35_26;oma;1
1348;35/2017;2017_35_26;vastuu;1
1348;35/2017;2017_35_26;mikä;1
1348;35/2017;2017_35_26;yhteispalvelu;2
1348;35/2017;2017_35_26;järjestää;3
1348;35/2017;2017_35_26;kuten;1
1348;35/2017;2017_35_26;vanha;1
1348;35/2017;2017_35_26;suomalainen;1
1348;35/2017;2017_35_26;sananlasku;1
1348;35/2017;2017_35_26;sanoa;1
1348;35/2017;2017_35_26;askel;2
1348;35/2017;2017_35_26;porras;1
1348;35/2017;2017_35_26;kiivetä;1
1348;35/2017;2017_35_26;jättää;1
1348;35/2017;2017_35_26;hyväksyä;1
1348;35/2017;2017_35_26;kautta;1
1348;35/2017;2017_35_26;jokin;1
1348;35/2017;2017_35_26;kuukausi;1
1348;35/2017;2017_35_26;tauko;1
1348;35/2017;2017_35_26;jolloin;1
1348;35/2017;2017_35_26;minä;1
1348;35/2017;2017_35_26;mikään;1
1348;35/2017;2017_35_26;pohja;2
1348;35/2017;2017_35_26;kehittäminen;1
1348;35/2017;2017_35_26;myötä;1
1348;35/2017;2017_35_26;luoda;1
1348;35/2017;2017_35_26;miten;1
1348;35/2017;2017_35_26;aika;1
1348;35/2017;2017_35_26;maakuntauudistus;1
1348;35/2017;2017_35_26;siellä;1
1348;35/2017;2017_35_26;alue;1
1348;38/2017;2017_38_9;arvoisa;1
1348;38/2017;2017_38_9;rouva;1
1348;38/2017;2017_38_9;puhemies;1
1348;38/2017;2017_38_9;tämä;6
1348;38/2017;2017_38_9;kollega;1
1348;38/2017;2017_38_9;olla;12
1348;38/2017;2017_38_9;käyttää;1
1348;38/2017;2017_38_9;hyvä;2
1348;38/2017;2017_38_9;puheenvuoro;1
1348;38/2017;2017_38_9;ja;2
1348;38/2017;2017_38_9;näin;1
1348;38/2017;2017_38_9;entinen;1
1348;38/2017;2017_38_9;ammattisotilas;2
1348;38/2017;2017_38_9;jakaa;1
1348;38/2017;2017_38_9;kyllä;1
1348;38/2017;2017_38_9;moni;1
1348;38/2017;2017_38_9;huolenaihe;1
1348;38/2017;2017_38_9;joka;1
1348;38/2017;2017_38_9;nyt;2
1348;38/2017;2017_38_9;esitys;1
1348;38/2017;2017_38_9;pohja;1
1348;38/2017;2017_38_9;esittää;1
1348;38/2017;2017_38_9;suunta;1
1348;38/2017;2017_38_9;tietysti;1
1348;38/2017;2017_38_9;selkeä;1
1348;38/2017;2017_38_9;maa;1
1348;38/2017;2017_38_9;eläkeikä;1
1348;38/2017;2017_38_9;korottaa;1
1348;38/2017;2017_38_9;mutta;1
1348;38/2017;2017_38_9;haluta;1
1348;38/2017;2017_38_9;kysyä;2
1348;38/2017;2017_38_9;nopeasti;1
1348;38/2017;2017_38_9;ministeri;1
1348;38/2017;2017_38_9;kun;1
1348;38/2017;2017_38_9;eroamisikä;1
1348;38/2017;2017_38_9;nostaa;1
1348;38/2017;2017_38_9;mikä;2
1348;38/2017;2017_38_9;tapa;4
1348;38/2017;2017_38_9;puolustusvoimat;1
1348;38/2017;2017_38_9;varautua;1
1348;38/2017;2017_38_9;se;2
1348;38/2017;2017_38_9;että;3
1348;38/2017;2017_38_9;hän;2
1348;38/2017;2017_38_9;kenttäkelpoisuus;1
1348;38/2017;2017_38_9;kyetä;1
1348;38/2017;2017_38_9;säilyttää;1
1348;38/2017;2017_38_9;myös;2
1348;38/2017;2017_38_9;loppu;1
1348;38/2017;2017_38_9;saakka;1
1348;38/2017;2017_38_9;jokin;2
1348;38/2017;2017_38_9;lisätä;1
1348;38/2017;2017_38_9;koulutus;1
1348;38/2017;2017_38_9;kehittää;1
1348;38/2017;2017_38_9;seurantajärjestelmä;1
1348;38/2017;2017_38_9;niin;1
1348;38/2017;2017_38_9;todella;1
1348;38/2017;2017_38_9;sitten;1
1348;38/2017;2017_38_9;virka;1
1348;38/2017;2017_38_9;upseerikunta;1
1348;38/2017;2017_38_9;kykeneväinen;1
1348;38/2017;2017_38_9;kaikki;1
1348;38/2017;2017_38_9;tehtävä;2
1348;38/2017;2017_38_9;suoriutua;2
1348;38/2017;2017_38_9;toimia;1
1348;38/2017;2017_38_9;mikäli;1
1348;38/2017;2017_38_9;fyysinen;2
1348;38/2017;2017_38_9;ominaisuus;1
1348;38/2017;2017_38_9;henkilö;1
1348;38/2017;2017_38_9;heiketä;1
1348;38/2017;2017_38_9;siten;1
1348;38/2017;2017_38_9;ei;1
1348;38/2017;2017_38_9;enää;1
1348;38/2017;2017_38_9;välttämättä;1
1348;38/2017;2017_38_9;kykenevä;1
1348;38/2017;2017_38_9;raskas;1
1348;38/2017;2017_38_9;vaativa;1
1348;38/2017;2017_38_24;arvoisa;1
1348;38/2017;2017_38_24;rouva;1
1348;38/2017;2017_38_24;puhemies;1
1348;38/2017;2017_38_24;kuten;2
1348;38/2017;2017_38_24;tämä;4
1348;38/2017;2017_38_24;usea;1
1348;38/2017;2017_38_24;kollega;1
1348;38/2017;2017_38_24;olla;7
1348;38/2017;2017_38_24;todeta;1
1348;38/2017;2017_38_24;niin;3
1348;38/2017;2017_38_24;kyse;1
1348;38/2017;2017_38_24;totta;1
1348;38/2017;2017_38_24;kai;1
1348;38/2017;2017_38_24;ensi;1
1348;38/2017;2017_38_24;sijassa;1
1348;38/2017;2017_38_24;maanpuolustuksellinen;1
1348;38/2017;2017_38_24;kysymys;2
1348;38/2017;2017_38_24;mutta;1
1348;38/2017;2017_38_24;toissijaisesti;1
1348;38/2017;2017_38_24;edustaja;2
1348;38/2017;2017_38_24;hakanen;1
1348;38/2017;2017_38_24;tuoda;2
1348;38/2017;2017_38_24;esille;2
1348;38/2017;2017_38_24;kyllä;3
1348;38/2017;2017_38_24;myös;2
1348;38/2017;2017_38_24;se;5
1348;38/2017;2017_38_24;jaksaminen;1
1348;38/2017;2017_38_24;itse;2
1348;38/2017;2017_38_24;aina;1
1348;38/2017;2017_38_24;pohdiskella;2
1348;38/2017;2017_38_24;että;3
1348;38/2017;2017_38_24;jos;1
1348;38/2017;2017_38_24;vuotias;1
1348;38/2017;2017_38_24;henkilö;2
1348;38/2017;2017_38_24;tuolla;1
1348;38/2017;2017_38_24;raskas;1
1348;38/2017;2017_38_24;sissikouluttajatehtävä;1
1348;38/2017;2017_38_24;aste;1
1348;38/2017;2017_38_24;pakkanen;1
1348;38/2017;2017_38_24;nukkua;1
1348;38/2017;2017_38_24;varusmiesjoukko;1
1348;38/2017;2017_38_24;kanssa;1
1348;38/2017;2017_38_24;erillinen;1
1348;38/2017;2017_38_24;laavu;1
1348;38/2017;2017_38_24;rakotuli;1
1348;38/2017;2017_38_24;saattaa;1
1348;38/2017;2017_38_24;aika;1
1348;38/2017;2017_38_24;kova;1
1348;38/2017;2017_38_24;tämänikäinen;1
1348;38/2017;2017_38_24;selviytyä;1
1348;38/2017;2017_38_24;ihan;1
1348;38/2017;2017_38_24;fysiologisesti;1
1348;38/2017;2017_38_24;tällainen;2
1348;38/2017;2017_38_24;tehtävä;1
1348;38/2017;2017_38_24;heinäluoma;1
1348;38/2017;2017_38_24;hyvin;1
1348;38/2017;2017_38_24;työmarkkinajärjestö;3
1348;38/2017;2017_38_24;ja;1
1348;38/2017;2017_38_24;tietysti;1
1348;38/2017;2017_38_24;kanta;1
1348;38/2017;2017_38_24;voida;2
1348;38/2017;2017_38_24;ehkä;1
1348;38/2017;2017_38_24;joskus;1
1348;38/2017;2017_38_24;hyvä;1
1348;38/2017;2017_38_24;vastuullinen;1
1348;38/2017;2017_38_24;yhteiskunnallinen;1
1348;38/2017;2017_38_24;toimija;1
1348;38/2017;2017_38_24;tarkastella;1
1348;38/2017;2017_38_24;vähän;1
1348;38/2017;2017_38_24;laajemmalti;1
1348;38/2017;2017_38_24;tehdä;2
1348;38/2017;2017_38_24;ratkaisu;1
1348;38/2017;2017_38_24;minkälainen;1
1348;38/2017;2017_38_24;vaikutus;1
1348;38/2017;2017_38_24;kansallinen;1
1348;38/2017;2017_38_24;puolustuskyky;1
1348;38/2017;2017_38_24;vaikka;1
1348;38/2017;2017_38_24;päätös;2
1348;38/2017;2017_38_24;ei;1
1348;38/2017;2017_38_24;tietenkään;1
1348;38/2017;2017_38_24;ulkoistaa;1
1348;38/2017;2017_38_24;minnekään;1
1348;38/2017;2017_38_24;varmasti;1
1348;38/2017;2017_38_24;syy;1
1348;38/2017;2017_38_24;asia;1
1348;38/2017;2017_38_24;pohtia;1
1348;38/2017;2017_38_24;silloin;1
1348;38/2017;2017_38_24;kun;1
1348;38/2017;2017_38_24;timo;1
1348;38/2017;2017_38_24;heinonen;1
1348;38/2017;2017_38_24;mtk;1
1348;38/2017;2017_38_24;pitää;1
1348;38/2017;2017_38_24;kysyä;1
1348;38/2017;2017_38_36;arvoisa;1
1348;38/2017;2017_38_36;rouva;1
1348;38/2017;2017_38_36;puhemies;1
1348;38/2017;2017_38_36;tämä;4
1348;38/2017;2017_38_36;olla;11
1348;38/2017;2017_38_36;kollega;1
1348;38/2017;2017_38_36;kyllä;2
1348;38/2017;2017_38_36;nostaa;2
1348;38/2017;2017_38_36;erinomainen;1
1348;38/2017;2017_38_36;näkökulma;1
1348;38/2017;2017_38_36;esille;1
1348;38/2017;2017_38_36;itse;1
1348;38/2017;2017_38_36;vielä;2
1348;38/2017;2017_38_36;yksi;2
1348;38/2017;2017_38_36;tietysti;1
1348;38/2017;2017_38_36;aivan;2
1348;38/2017;2017_38_36;selvä;1
1348;38/2017;2017_38_36;että;5
1348;38/2017;2017_38_36;puolustusvoima;2
1348;38/2017;2017_38_36;se;3
1348;38/2017;2017_38_36;rekrytointivaltti;1
1348;38/2017;2017_38_36;eläkeikä;1
1348;38/2017;2017_38_36;matala;1
1348;38/2017;2017_38_36;ei;2
1348;38/2017;2017_38_36;välttämättä;1
1348;38/2017;2017_38_36;nuori;1
1348;38/2017;2017_38_36;niin;2
1348;38/2017;2017_38_36;pitkälti;1
1348;38/2017;2017_38_36;ajatella;1
1348;38/2017;2017_38_36;jokin;1
1348;38/2017;2017_38_36;vaihe;1
1348;38/2017;2017_38_36;eläköityminen;1
1348;38/2017;2017_38_36;tulla;1
1348;38/2017;2017_38_36;vastaan;1
1348;38/2017;2017_38_36;mutta;1
1348;38/2017;2017_38_36;joku;1
1348;38/2017;2017_38_36;suunnitella;1
1348;38/2017;2017_38_36;ura;1
1348;38/2017;2017_38_36;pitkä;1
1348;38/2017;2017_38_36;ja;4
1348;38/2017;2017_38_36;pohtia;2
1348;38/2017;2017_38_36;kun;2
1348;38/2017;2017_38_36;lähteä;1
1348;38/2017;2017_38_36;sotilasvirka;1
1348;38/2017;2017_38_36;päästä;1
1348;38/2017;2017_38_36;sieltä;1
1348;38/2017;2017_38_36;aikaisemmin;1
1348;38/2017;2017_38_36;myös;2
1348;38/2017;2017_38_36;eläke;1
1348;38/2017;2017_38_36;antaa;1
1348;38/2017;2017_38_36;vähän;1
1348;38/2017;2017_38_36;enemmän;1
1348;38/2017;2017_38_36;varmasti;1
1348;38/2017;2017_38_36;sellainen;2
1348;38/2017;2017_38_36;kysymys;1
1348;38/2017;2017_38_36;joka;1
1348;38/2017;2017_38_36;joutua;1
1348;38/2017;2017_38_36;hakea;1
1348;38/2017;2017_38_36;sitten;1
1348;38/2017;2017_38_36;keino;1
1348;38/2017;2017_38_36;täytyä;2
1348;38/2017;2017_38_36;toivoa;1
1348;38/2017;2017_38_36;rekrytointi;1
1348;38/2017;2017_38_36;tulevaisuus;1
1348;38/2017;2017_38_36;vaikeutua;1
1348;38/2017;2017_38_36;edustaja;2
1348;38/2017;2017_38_36;heinäluoma;2
1348;38/2017;2017_38_36;palata;1
1348;38/2017;2017_38_36;hivenen;1
1348;38/2017;2017_38_36;ammattijärjestö;2
1348;38/2017;2017_38_36;rooli;1
1348;38/2017;2017_38_36;yhteiskunta;1
1348;38/2017;2017_38_36;ne;1
1348;38/2017;2017_38_36;yleishyödyllinen;1
1348;38/2017;2017_38_36;yhteisö;2
1348;38/2017;2017_38_36;laki;1
1348;38/2017;2017_38_36;mukaan;1
1348;38/2017;2017_38_36;toimia;1
1348;38/2017;2017_38_36;yksinomaan;1
1348;38/2017;2017_38_36;välittömästi;1
1348;38/2017;2017_38_36;yleinen;1
1348;38/2017;2017_38_36;hyvä;1
1348;38/2017;2017_38_36;aineellinen;1
1348;38/2017;2017_38_36;henkinen;1
1348;38/2017;2017_38_36;siveellinen;1
1348;38/2017;2017_38_36;tai;1
1348;38/2017;2017_38_36;yhteiskunnallinen;1
1348;38/2017;2017_38_36;mieli;1
1348;38/2017;2017_38_36;mielenkiinto;1
1348;38/2017;2017_38_36;kysyä;1
1348;38/2017;2017_38_36;miten;1
1348;38/2017;2017_38_36;nähdä;1
1348;38/2017;2017_38_36;velvoittaa;1
1348;38/2017;2017_38_36;yleishyödyllisyys;1
1348;38/2017;2017_38_36;päätös;1
1348;38/2017;2017_38_36;vaikutus;1
1348;38/2017;2017_38_36;laajemmin;1
1348;38/2017;2017_38_36;yhteiskunnallisesti;1
1348;38/2017;2017_38_36;kuin;1
1348;38/2017;2017_38_36;vain;1
1348;38/2017;2017_38_36;työntekijä;1
1348;38/2017;2017_38_36;asema;1
1348;38/2017;2017_38_36;kanta;1
1348;42/2017;2017_42_10;arvoisa;1
1348;42/2017;2017_42_10;herra;1
1348;42/2017;2017_42_10;puhemies;1
1348;42/2017;2017_42_10;itse;2
1348;42/2017;2017_42_10;ei;5
1348;42/2017;2017_42_10;kyllä;2
1348;42/2017;2017_42_10;ymmärtää;3
1348;42/2017;2017_42_10;tämä;4
1348;42/2017;2017_42_10;kritiikki;1
1348;42/2017;2017_42_10;joka;5
1348;42/2017;2017_42_10;niin;3
1348;42/2017;2017_42_10;kovasti;1
1348;42/2017;2017_42_10;menettelytapa;1
1348;42/2017;2017_42_10;esittää;2
1348;42/2017;2017_42_10;olla;12
1348;42/2017;2017_42_10;aika;1
1348;42/2017;2017_42_10;hämmentävä;1
1348;42/2017;2017_42_10;että;7
1348;42/2017;2017_42_10;jos;1
1348;42/2017;2017_42_10;valiokunta;3
1348;42/2017;2017_42_10;käsitellä;2
1348;42/2017;2017_42_10;hallitus;1
1348;42/2017;2017_42_10;esitys;1
1348;42/2017;2017_42_10;kaivoslaki;1
1348;42/2017;2017_42_10;huomata;1
1348;42/2017;2017_42_10;ja;3
1348;42/2017;2017_42_10;havaita;1
1348;42/2017;2017_42_10;joku;1
1348;42/2017;2017_42_10;sellainen;1
1348;42/2017;2017_42_10;asia;2
1348;42/2017;2017_42_10;samainen;1
1348;42/2017;2017_42_10;lainsäädäntö;1
1348;42/2017;2017_42_10;tulla;2
1348;42/2017;2017_42_10;korjata;1
1348;42/2017;2017_42_10;jättää;1
1348;42/2017;2017_42_10;ottaa;1
1348;42/2017;2017_42_10;se;10
1348;42/2017;2017_42_10;kanta;1
1348;42/2017;2017_42_10;varmasti;1
1348;42/2017;2017_42_10;aivan;1
1348;42/2017;2017_42_10;paikallaan;1
1348;42/2017;2017_42_10;pelisääntö;1
1348;42/2017;2017_42_10;mutta;2
1348;42/2017;2017_42_10;kiittää;1
1348;42/2017;2017_42_10;tehdä;1
1348;42/2017;2017_42_10;yksimielisesti;1
1348;42/2017;2017_42_10;erinomainen;3
1348;42/2017;2017_42_10;työ;1
1348;42/2017;2017_42_10;nyt;1
1348;42/2017;2017_42_10;arvovalta;1
1348;42/2017;2017_42_10;siirtymäaika;2
1348;42/2017;2017_42_10;lemmenjoki;3
1348;42/2017;2017_42_10;jatkaa;2
1348;42/2017;2017_42_10;minä;1
1348;42/2017;2017_42_10;valtavasti;1
1348;42/2017;2017_42_10;lisättävä;1
1348;42/2017;2017_42_10;puheenvuoro;2
1348;42/2017;2017_42_10;tiimoilta;1
1348;42/2017;2017_42_10;jo;1
1348;42/2017;2017_42_10;perjantai;1
1348;42/2017;2017_42_10;käyttää;1
1348;42/2017;2017_42_10;haluta;1
1348;42/2017;2017_42_10;kuitenkin;1
1348;42/2017;2017_42_10;muistuttaa;2
1348;42/2017;2017_42_10;ensimmäinen;1
1348;42/2017;2017_42_10;kaivinkone;2
1348;42/2017;2017_42_10;tuoda;2
1348;42/2017;2017_42_10;kullankaivajalegenda;1
1348;42/2017;2017_42_10;kullervo;1
1348;42/2017;2017_42_10;korhonen;1
1348;42/2017;2017_42_10;vuosi;1
1348;42/2017;2017_42_10;eli;2
1348;42/2017;2017_42_10;mikään;1
1348;42/2017;2017_42_10;uusi;2
1348;42/2017;2017_42_10;ilmiö;1
1348;42/2017;2017_42_10;edustaja;1
1348;42/2017;2017_42_10;kulmala;1
1348;42/2017;2017_42_10;melkein;1
1348;42/2017;2017_42_10;kyynel;1
1348;42/2017;2017_42_10;silmä;1
1348;42/2017;2017_42_10;hyvä;2
1348;42/2017;2017_42_10;osoittaa;1
1348;42/2017;2017_42_10;selkeästi;1
1348;42/2017;2017_42_10;mikä;1
1348;42/2017;2017_42_10;puisto;1
1348;42/2017;2017_42_10;koko;1
1348;42/2017;2017_42_10;neliökilometri;1
1348;42/2017;2017_42_10;valtava;1
1348;42/2017;2017_42_10;erämaa-alue;1
1348;42/2017;2017_42_10;ainoastaan;2
1348;42/2017;2017_42_10;pieni;2
1348;42/2017;2017_42_10;alue;2
1348;42/2017;2017_42_10;kaivaa;3
1348;42/2017;2017_42_10;kulta;1
1348;42/2017;2017_42_10;todella;2
1348;42/2017;2017_42_10;osuus;1
1348;42/2017;2017_42_10;samalla;1
1348;42/2017;2017_42_10;myös;1
1348;42/2017;2017_42_10;mikäli;1
1348;42/2017;2017_42_10;yhtään;1
1348;42/2017;2017_42_10;neliösentti;1
1348;42/2017;2017_42_10;kullankaivuualue;1
1348;42/2017;2017_42_10;entinen;1
1348;42/2017;2017_42_10;tarkemmin;1
1348;42/2017;2017_42_10;loppu;1
1348;42/2017;2017_42_10;koska;1
1348;42/2017;2017_42_10;kone;1
1348;42/2017;2017_42_10;päästä;1
1348;42/2017;2017_42_10;sinne;1
1348;42/2017;2017_42_10;syvemmälle;1
1348;42/2017;2017_42_10;vielä;1
1348;42/2017;2017_42_10;kerran;1
1348;42/2017;2017_42_10;kiitos;1
1348;42/2017;2017_42_10;talousvaliokunta;1
1348;42/2017;2017_42_10;mietintö;1
1348;46/2017;2017_46_8;arvoisa;1
1348;46/2017;2017_46_8;rouva;1
1348;46/2017;2017_46_8;puhemies;1
1348;46/2017;2017_46_8;edustaja;1
1348;46/2017;2017_46_8;heinonen;1
1348;46/2017;2017_46_8;tapa;1
1348;46/2017;2017_46_8;tervehtiä;1
1348;46/2017;2017_46_8;ilo;1
1348;46/2017;2017_46_8;hallitus;2
1348;46/2017;2017_46_8;päätös;1
1348;46/2017;2017_46_8;puoliväliriihi;1
1348;46/2017;2017_46_8;se;4
1348;46/2017;2017_46_8;että;3
1348;46/2017;2017_46_8;nyt;4
1348;46/2017;2017_46_8;todella;1
1348;46/2017;2017_46_8;saada;1
1348;46/2017;2017_46_8;tämä;6
1348;46/2017;2017_46_8;erittäin;1
1348;46/2017;2017_46_8;merkittävä;1
1348;46/2017;2017_46_8;ja;3
1348;46/2017;2017_46_8;tärkeä;1
1348;46/2017;2017_46_8;lisäpanostus;1
1348;46/2017;2017_46_8;sisäinen;1
1348;46/2017;2017_46_8;turvallisuus;1
1348;46/2017;2017_46_8;kiitos;1
1348;46/2017;2017_46_8;koko;1
1348;46/2017;2017_46_8;käsitellä;1
1348;46/2017;2017_46_8;olla;7
1348;46/2017;2017_46_8;lakiesitys;1
1348;46/2017;2017_46_8;kysyä;2
1348;46/2017;2017_46_8;ministeri;2
1348;46/2017;2017_46_8;täällä;1
1348;46/2017;2017_46_8;todeta;2
1348;46/2017;2017_46_8;eroaminen;1
1348;46/2017;2017_46_8;joka;1
1348;46/2017;2017_46_8;nousta;1
1348;46/2017;2017_46_8;rajavartiolaitos;2
1348;46/2017;2017_46_8;hetki;1
1348;46/2017;2017_46_8;palvelus;1
1348;46/2017;2017_46_8;noin;2
1348;46/2017;2017_46_8;ammattisotilas;1
1348;46/2017;2017_46_8;kriisitilanne;1
1348;46/2017;2017_46_8;laitos;1
1348;46/2017;2017_46_8;tarvita;1
1348;46/2017;2017_46_8;johtaja;2
1348;46/2017;2017_46_8;prosentti;1
1348;46/2017;2017_46_8;reservi;1
1348;46/2017;2017_46_8;muutos;2
1348;46/2017;2017_46_8;myötä;1
1348;46/2017;2017_46_8;puuttua;1
1348;46/2017;2017_46_8;nimenomaan;1
1348;46/2017;2017_46_8;suorituskyky;2
1348;46/2017;2017_46_8;silloin;1
1348;46/2017;2017_46_8;sota;3
1348;46/2017;2017_46_8;aika;3
1348;46/2017;2017_46_8;tilanne;1
1348;46/2017;2017_46_8;esitys;1
1348;46/2017;2017_46_8;vaikutus;1
1348;46/2017;2017_46_8;joukko;2
1348;46/2017;2017_46_8;pyrkiä;1
1348;46/2017;2017_46_8;minimoida;1
1348;46/2017;2017_46_8;kouluttaa;1
1348;46/2017;2017_46_8;soveltuva;1
1348;46/2017;2017_46_8;asevelvollinen;1
1348;46/2017;2017_46_8;miten;2
1348;46/2017;2017_46_8;koulutus;1
1348;46/2017;2017_46_8;käytäntö;1
1348;46/2017;2017_46_8;toteuttaa;1
1348;46/2017;2017_46_8;valikoida;1
1348;46/2017;2017_46_8;millainen;1
1348;46/2017;2017_46_8;kustannusvaikutus;1
1348;46/2017;2017_46_18;arvoisa;1
1348;46/2017;2017_46_18;rouva;1
1348;46/2017;2017_46_18;puhemies;1
1348;46/2017;2017_46_18;tämä;4
1348;46/2017;2017_46_18;olla;10
1348;46/2017;2017_46_18;käydä;1
1348;46/2017;2017_46_18;erinomainen;1
1348;46/2017;2017_46_18;keskustelu;1
1348;46/2017;2017_46_18;itse;3
1348;46/2017;2017_46_18;nähdä;2
1348;46/2017;2017_46_18;asia;1
1348;46/2017;2017_46_18;niin;2
1348;46/2017;2017_46_18;että;6
1348;46/2017;2017_46_18;kun;3
1348;46/2017;2017_46_18;päättää;1
1348;46/2017;2017_46_18;osa;1
1348;46/2017;2017_46_18;eurooppa;3
1348;46/2017;2017_46_18;unioni;1
1348;46/2017;2017_46_18;mennä;1
1348;46/2017;2017_46_18;mukaan;1
1348;46/2017;2017_46_18;schengen;1
1348;46/2017;2017_46_18;ja;3
1348;46/2017;2017_46_18;minä;1
1348;46/2017;2017_46_18;yhteinen;1
1348;46/2017;2017_46_18;rajavalvonta;2
1348;46/2017;2017_46_18;ääretön;1
1348;46/2017;2017_46_18;tärkeä;1
1348;46/2017;2017_46_18;pitää;3
1348;46/2017;2017_46_18;huoli;1
1348;46/2017;2017_46_18;se;4
1348;46/2017;2017_46_18;järjestelmä;1
1348;46/2017;2017_46_18;kestävyys;1
1348;46/2017;2017_46_18;mikäli;1
1348;46/2017;2017_46_18;joku;1
1348;46/2017;2017_46_18;maa;2
1348;46/2017;2017_46_18;kieltäytyä;1
1348;46/2017;2017_46_18;täyttää;1
1348;46/2017;2017_46_18;sopimus;1
1348;46/2017;2017_46_18;osoittaa;1
1348;46/2017;2017_46_18;velvoite;1
1348;46/2017;2017_46_18;tietysti;2
1348;46/2017;2017_46_18;selvä;1
1348;46/2017;2017_46_18;jokin;1
1348;46/2017;2017_46_18;tapa;1
1348;46/2017;2017_46_18;jäsenmaa;1
1348;46/2017;2017_46_18;tulla;1
1348;46/2017;2017_46_18;puuttua;1
1348;46/2017;2017_46_18;varmistaa;1
1348;46/2017;2017_46_18;ulkoraja;2
1348;46/2017;2017_46_18;todella;1
1348;46/2017;2017_46_18;ymmärtää;1
1348;46/2017;2017_46_18;kyllä;2
1348;46/2017;2017_46_18;problematiikka;1
1348;46/2017;2017_46_18;haastava;1
1348;46/2017;2017_46_18;lähteä;1
1348;46/2017;2017_46_18;määritellä;1
1348;46/2017;2017_46_18;milloin;1
1348;46/2017;2017_46_18;alkaa;1
1348;46/2017;2017_46_18;antaa;1
1348;46/2017;2017_46_18;apu;1
1348;46/2017;2017_46_18;sellainen;1
1348;46/2017;2017_46_18;valtio;2
1348;46/2017;2017_46_18;joka;1
1348;46/2017;2017_46_18;ei;2
1348;46/2017;2017_46_18;välttämättä;1
1348;46/2017;2017_46_18;pyytää;1
1348;46/2017;2017_46_18;toinen;1
1348;46/2017;2017_46_18;vaihtoehto;1
1348;46/2017;2017_46_18;sulkea;1
1348;46/2017;2017_46_18;kukin;1
1348;46/2017;2017_46_18;oma;1
1348;46/2017;2017_46_18;mutta;1
1348;46/2017;2017_46_18;kestävä;1
1348;46/2017;2017_46_18;menettely;1
1348;81/2017;2017_81_61;arvoisa;1
1348;81/2017;2017_81_61;rouva;1
1348;81/2017;2017_81_61;puhemies;1
1348;81/2017;2017_81_61;kiitos;1
1348;81/2017;2017_81_61;kaikki;5
1348;81/2017;2017_81_61;edustajakollega;1
1348;81/2017;2017_81_61;harvoin;1
1348;81/2017;2017_81_61;nähdä;1
1348;81/2017;2017_81_61;tällainen;3
1348;81/2017;2017_81_61;keskustelu;2
1348;81/2017;2017_81_61;joka;4
1348;81/2017;2017_81_61;voida;2
1348;81/2017;2017_81_61;varsin;1
1348;81/2017;2017_81_61;yhtenäinen;1
1348;81/2017;2017_81_61;seisoa;1
1348;81/2017;2017_81_61;tämä;10
1348;81/2017;2017_81_61;hallitus;1
1348;81/2017;2017_81_61;erinomainen;1
1348;81/2017;2017_81_61;esitys;1
1348;81/2017;2017_81_61;takana;1
1348;81/2017;2017_81_61;paljon;2
1348;81/2017;2017_81_61;kritiikki;1
1348;81/2017;2017_81_61;se;12
1348;81/2017;2017_81_61;ei;7
1348;81/2017;2017_81_61;olla;23
1348;81/2017;2017_81_61;saada;3
1348;81/2017;2017_81_61;osa;3
1348;81/2017;2017_81_61;eero;1
1348;81/2017;2017_81_61;heinäluoma;1
1348;81/2017;2017_81_61;paitsi;1
1348;81/2017;2017_81_61;kokoomus;1
1348;81/2017;2017_81_61;minä;2
1348;81/2017;2017_81_61;varmasti;1
1348;81/2017;2017_81_61;yhteinen;1
1348;81/2017;2017_81_61;tavoite;1
1348;81/2017;2017_81_61;että;9
1348;81/2017;2017_81_61;ensisijaisesti;1
1348;81/2017;2017_81_61;pyrkiä;2
1348;81/2017;2017_81_61;työtön;1
1348;81/2017;2017_81_61;suomalainen;1
1348;81/2017;2017_81_61;työ;1
1348;81/2017;2017_81_61;mutta;2
1348;81/2017;2017_81_61;samalla;2
1348;81/2017;2017_81_61;muistaa;2
1348;81/2017;2017_81_61;aina;3
1348;81/2017;2017_81_61;mahdollinen;1
1348;81/2017;2017_81_61;suomi;3
1348;81/2017;2017_81_61;tarvita;2
1348;81/2017;2017_81_61;ulkomainen;3
1348;81/2017;2017_81_61;työvoima;7
1348;81/2017;2017_81_61;ja;9
1348;81/2017;2017_81_61;tulla;2
1348;81/2017;2017_81_61;myös;3
1348;81/2017;2017_81_61;liikkuvuus;1
1348;81/2017;2017_81_61;varmistaa;1
1348;81/2017;2017_81_61;mikä;2
1348;81/2017;2017_81_61;taas;1
1348;81/2017;2017_81_61;tarveharkinta;2
1348;81/2017;2017_81_61;tietysti;2
1348;81/2017;2017_81_61;aivan;3
1348;81/2017;2017_81_61;selvä;2
1348;81/2017;2017_81_61;tarve;2
1348;81/2017;2017_81_61;tuntea;1
1348;81/2017;2017_81_61;parhaiten;1
1348;81/2017;2017_81_61;siellä;3
1348;81/2017;2017_81_61;alue;2
1348;81/2017;2017_81_61;silloin;1
1348;81/2017;2017_81_61;kun;1
1348;81/2017;2017_81_61;krooninen;1
1348;81/2017;2017_81_61;täytyä;3
1348;81/2017;2017_81_61;uskaltaa;1
1348;81/2017;2017_81_61;luopua;1
1348;81/2017;2017_81_61;tietty;1
1348;81/2017;2017_81_61;ala;4
1348;81/2017;2017_81_61;suhteen;1
1348;81/2017;2017_81_61;ääretön;2
1348;81/2017;2017_81_61;tärkeä;2
1348;81/2017;2017_81_61;viranomainen;1
1348;81/2017;2017_81_61;itsenäisesti;1
1348;81/2017;2017_81_61;tehdä;1
1348;81/2017;2017_81_61;ratkaisu;1
1348;81/2017;2017_81_61;kaksi;1
1348;81/2017;2017_81_61;toimiala;1
1348;81/2017;2017_81_61;nousta;1
1348;81/2017;2017_81_61;esille;2
1348;81/2017;2017_81_61;niin;1
1348;81/2017;2017_81_61;maatalous;1
1348;81/2017;2017_81_61;kuin;1
1348;81/2017;2017_81_61;matkailu;1
1348;81/2017;2017_81_61;molemmat;1
1348;81/2017;2017_81_61;itse;1
1348;81/2017;2017_81_61;kumpikaan;1
1348;81/2017;2017_81_61;toimia;2
1348;81/2017;2017_81_61;ulkolainen;2
1348;81/2017;2017_81_61;sinne;1
1348;81/2017;2017_81_61;sitten;2
1348;81/2017;2017_81_61;valvonta;2
1348;81/2017;2017_81_61;tärkeys;1
1348;81/2017;2017_81_61;pitää;1
1348;81/2017;2017_81_61;huoli;1
1348;81/2017;2017_81_61;mikään;2
1348;81/2017;2017_81_61;käyttää;1
1348;81/2017;2017_81_61;siirtotyövoima;1
1348;81/2017;2017_81_61;muodostua;1
1348;81/2017;2017_81_61;minkäänlainen;1
1348;81/2017;2017_81_61;väärinkäytös;1
1348;81/2017;2017_81_61;pimeä;1
1348;81/2017;2017_81_61;työmarkkinat;1
1348;81/2017;2017_81_61;haluta;1
1348;81/2017;2017_81_61;vaihe;1
1348;81/2017;2017_81_61;nostaa;1
1348;81/2017;2017_81_61;yksi;2
1348;81/2017;2017_81_61;kausityöläinen;1
1348;81/2017;2017_81_61;ryhmä;1
1348;81/2017;2017_81_61;marjanpoimija;1
1348;81/2017;2017_81_61;kyllä;1
1348;81/2017;2017_81_61;todeta;1
1348;81/2017;2017_81_61;yritys;1
1348;81/2017;2017_81_61;kunnossa;1
1348;81/2017;2017_81_61;ehdottomasti;1
1348;81/2017;2017_81_61;panostaa;1
1348;81/2017;2017_81_61;tapa;1
1348;81/2017;2017_81_61;poimija;1
1348;81/2017;2017_81_61;esimerkiksi;1
1348;81/2017;2017_81_61;kotimaakunta;1
1348;81/2017;2017_81_61;lappi;1
1348;81/2017;2017_81_61;kesä;1
1348;81/2017;2017_81_61;suuri;1
1348;81/2017;2017_81_61;puheenaihe;1
1348;81/2017;2017_81_61;syyllistyä;1
1348;81/2017;2017_81_61;jo;1
1348;81/2017;2017_81_61;sellainen;1
1348;81/2017;2017_81_61;pyhäinhäväistys;1
1348;81/2017;2017_81_61;hilla;1
1348;81/2017;2017_81_61;poimia;1
1348;81/2017;2017_81_61;raaka;1
1348;81/2017;2017_81_61;varsi;1
1348;81/2017;2017_81_61;tapaus;1
1348;81/2017;2017_81_61;hyväksyttävä;1
1348;81/2017;2017_81_61;pelisääntö;1
1348;81/2017;2017_81_61;kunto;3
1348;81/2017;2017_81_61;ohjeistus;1
1348;81/2017;2017_81_61;sopimus;1
1348;82/2017;2017_82_16;arvoisa;1
1348;82/2017;2017_82_16;herra;1
1348;82/2017;2017_82_16;puhemies;1
1348;82/2017;2017_82_16;aivan;1
1348;82/2017;2017_82_16;ensimmäinen;1
1348;82/2017;2017_82_16;kiitos;1
1348;82/2017;2017_82_16;ministeri;2
1348;82/2017;2017_82_16;ja;3
1348;82/2017;2017_82_16;koko;1
1348;82/2017;2017_82_16;hallitus;2
1348;82/2017;2017_82_16;tämä;5
1348;82/2017;2017_82_16;erinomainen;1
1348;82/2017;2017_82_16;esitys;1
1348;82/2017;2017_82_16;jakaa;1
1348;82/2017;2017_82_16;kuitenkin;1
1348;82/2017;2017_82_16;edustajakollega;1
1348;82/2017;2017_82_16;savola;1
1348;82/2017;2017_82_16;huoli;1
1348;82/2017;2017_82_16;alueellinen;1
1348;82/2017;2017_82_16;tv-lähetys;1
1348;82/2017;2017_82_16;kattavuus;1
1348;82/2017;2017_82_16;esimerkiksi;1
1348;82/2017;2017_82_16;kotimaakunta;1
1348;82/2017;2017_82_16;lappi;1
1348;82/2017;2017_82_16;olla;6
1348;82/2017;2017_82_16;varsin;1
1348;82/2017;2017_82_16;suuri;1
1348;82/2017;2017_82_16;ongelma;1
1348;82/2017;2017_82_16;nyt;3
1348;82/2017;2017_82_16;kaupallinen;2
1348;82/2017;2017_82_16;toimija;2
1348;82/2017;2017_82_16;näkyvyys;3
1348;82/2017;2017_82_16;se;7
1348;82/2017;2017_82_16;tietysti;1
1348;82/2017;2017_82_16;sanoa;1
1348;82/2017;2017_82_16;että;3
1348;82/2017;2017_82_16;tikku;1
1348;82/2017;2017_82_16;silmä;1
1348;82/2017;2017_82_16;joka;3
1348;82/2017;2017_82_16;vanha;1
1348;82/2017;2017_82_16;muistella;1
1348;82/2017;2017_82_16;mutta;1
1348;82/2017;2017_82_16;kyllä;1
1348;82/2017;2017_82_16;täytyä;1
1348;82/2017;2017_82_16;palata;1
1348;82/2017;2017_82_16;mikä;2
1348;82/2017;2017_82_16;kaikki;2
1348;82/2017;2017_82_16;johtua;2
1348;82/2017;2017_82_16;yle;1
1348;82/2017;2017_82_16;lähetysverkko;1
1348;82/2017;2017_82_16;aika;1
1348;82/2017;2017_82_16;yksityistää;1
1348;82/2017;2017_82_16;lipponen;1
1348;82/2017;2017_82_16;toimi;1
1348;82/2017;2017_82_16;myötä;1
1348;82/2017;2017_82_16;muodostaa;1
1348;82/2017;2017_82_16;digita;1
1348;82/2017;2017_82_16;ei;1
1348;82/2017;2017_82_16;minkäänlainen;1
1348;82/2017;2017_82_16;yhteiskunnallinen;1
1348;82/2017;2017_82_16;velvoite;1
1348;82/2017;2017_82_16;suhteen;2
1348;82/2017;2017_82_16;yhtiö;1
1348;82/2017;2017_82_16;esittää;1
1348;82/2017;2017_82_16;jo;1
1348;82/2017;2017_82_16;epäilys;1
1348;82/2017;2017_82_16;maksaa;1
1348;82/2017;2017_82_16;vero;1
1348;82/2017;2017_82_16;pääsääntöisesti;1
1348;82/2017;2017_82_16;veroparatiisi;1
1348;82/2017;2017_82_16;kammottava;1
1348;82/2017;2017_82_16;esimerkki;1
1348;82/2017;2017_82_16;voida;2
1348;82/2017;2017_82_16;pahimmillaan;1
1348;82/2017;2017_82_16;tapahtua;1
1348;82/2017;2017_82_16;silloin;1
1348;82/2017;2017_82_16;kun;1
1348;82/2017;2017_82_16;tällainen;1
1348;82/2017;2017_82_16;toimenpide;1
1348;82/2017;2017_82_16;tietoliikenneverkko;1
1348;82/2017;2017_82_16;toteuttaa;1
1348;82/2017;2017_82_16;haluta;1
1348;82/2017;2017_82_16;kysyä;1
1348;82/2017;2017_82_16;minä;1
1348;82/2017;2017_82_16;valtio;1
1348;82/2017;2017_82_16;mikään;1
1348;82/2017;2017_82_16;sellainen;1
1348;82/2017;2017_82_16;mekanismi;1
1348;82/2017;2017_82_16;tukea;1
1348;82/2017;2017_82_16;erityinen;1
1348;82/2017;2017_82_16;harvaan;1
1348;82/2017;2017_82_16;asua;1
1348;82/2017;2017_82_16;syrjäinen;1
1348;82/2017;2017_82_16;seutu;1
1348;87/2017;2017_87_79;arvoisa;2
1348;87/2017;2017_87_79;herra;2
1348;87/2017;2017_87_79;puhemies;2
1348;87/2017;2017_87_79;esitellä;1
1348;87/2017;2017_87_79;nyt;1
1348;87/2017;2017_87_79;eduskunta;1
1348;87/2017;2017_87_79;lakialoite;3
1348;87/2017;2017_87_79;laki;1
1348;87/2017;2017_87_79;rikoslaki;1
1348;87/2017;2017_87_79;luku;1
1348;87/2017;2017_87_79;muuttaminen;1
1348;87/2017;2017_87_79;käsitellä;1
1348;87/2017;2017_87_79;organisoitu;2
1348;87/2017;2017_87_79;kerjääminen;7
1348;87/2017;2017_87_79;kieltäminen;2
1348;87/2017;2017_87_79;kuten;1
1348;87/2017;2017_87_79;kaikki;5
1348;87/2017;2017_87_79;tietää;1
1348;87/2017;2017_87_79;yleinen;1
1348;87/2017;2017_87_79;järjestys;1
1348;87/2017;2017_87_79;ja;10
1348;87/2017;2017_87_79;turvallisuus;1
1348;87/2017;2017_87_79;ylläpitäminen;1
1348;87/2017;2017_87_79;kuulua;1
1348;87/2017;2017_87_79;sellainen;2
1348;87/2017;2017_87_79;viranomaistoiminta;1
1348;87/2017;2017_87_79;joka;4
1348;87/2017;2017_87_79;tarkoitus;1
1348;87/2017;2017_87_79;olla;11
1348;87/2017;2017_87_79;luoda;1
1348;87/2017;2017_87_79;ylläpitää;1
1348;87/2017;2017_87_79;turvallinen;1
1348;87/2017;2017_87_79;elin;1
1348;87/2017;2017_87_79;toimintaympäristö;1
1348;87/2017;2017_87_79;yhteiskunta;1
1348;87/2017;2017_87_79;jäsen;1
1348;87/2017;2017_87_79;torjua;1
1348;87/2017;2017_87_79;estää;3
1348;87/2017;2017_87_79;ennakolta;1
1348;87/2017;2017_87_79;oikeudenloukkaus;2
1348;87/2017;2017_87_79;häiriö;3
1348;87/2017;2017_87_79;poistaa;2
1348;87/2017;2017_87_79;tapahtua;3
1348;87/2017;2017_87_79;sekä;1
1348;87/2017;2017_87_79;selvittää;1
1348;87/2017;2017_87_79;yksi;1
1348;87/2017;2017_87_79;suomi;5
1348;87/2017;2017_87_79;viimeinen;1
1348;87/2017;2017_87_79;kymmenen;1
1348;87/2017;2017_87_79;vuosi;3
1348;87/2017;2017_87_79;aika;1
1348;87/2017;2017_87_79;rantautua;1
1348;87/2017;2017_87_79;aiheuttaa;1
1348;87/2017;2017_87_79;ilmiö;5
1348;87/2017;2017_87_79;organisoida;3
1348;87/2017;2017_87_79;viranomaisarvio;1
1348;87/2017;2017_87_79;mukaan;1
1348;87/2017;2017_87_79;vuosittain;1
1348;87/2017;2017_87_79;erityisesti;1
1348;87/2017;2017_87_79;kesäaika;1
1348;87/2017;2017_87_79;sata;1
1348;87/2017;2017_87_79;kerjäläinen;4
1348;87/2017;2017_87_79;viime;2
1348;87/2017;2017_87_79;laajentua;1
1348;87/2017;2017_87_79;paikallinen;1
1348;87/2017;2017_87_79;pääkaupunkiseutu;1
1348;87/2017;2017_87_79;lähes;1
1348;87/2017;2017_87_79;koko;1
1348;87/2017;2017_87_79;maa;2
1348;87/2017;2017_87_79;myös;1
1348;87/2017;2017_87_79;kotimaakunta;1
1348;87/2017;2017_87_79;lappi;1
1348;87/2017;2017_87_79;todeta;2
1348;87/2017;2017_87_79;että;5
1348;87/2017;2017_87_79;perustuslaki;1
1348;87/2017;2017_87_79;taata;1
1348;87/2017;2017_87_79;jokainen;1
1348;87/2017;2017_87_79;oikeus;3
1348;87/2017;2017_87_79;kerjätä;3
1348;87/2017;2017_87_79;tämä;4
1348;87/2017;2017_87_79;ei;5
1348;87/2017;2017_87_79;voida;4
1348;87/2017;2017_87_79;puuttua;5
1348;87/2017;2017_87_79;se;10
1348;87/2017;2017_87_79;sijaan;1
1348;87/2017;2017_87_79;viranomainen;1
1348;87/2017;2017_87_79;saada;1
1348;87/2017;2017_87_79;viite;1
1348;87/2017;2017_87_79;osa;2
1348;87/2017;2017_87_79;järjestäytynyt;2
1348;87/2017;2017_87_79;rikollisuus;3
1348;87/2017;2017_87_79;tällainen;2
1348;87/2017;2017_87_79;puolesta;1
1348;87/2017;2017_87_79;mikäli;1
1348;87/2017;2017_87_79;havaita;1
1348;87/2017;2017_87_79;ihmiskauppa;1
1348;87/2017;2017_87_79;tyypillinen;1
1348;87/2017;2017_87_79;piirre;1
1348;87/2017;2017_87_79;mutta;3
1348;87/2017;2017_87_79;muuten;1
1348;87/2017;2017_87_79;rikoslainsäädäntö;1
1348;87/2017;2017_87_79;kriminalisoida;1
1348;87/2017;2017_87_79;taloudellinen;1
1348;87/2017;2017_87_79;hyötymistarkoitus;1
1348;87/2017;2017_87_79;toteuttaa;1
1348;87/2017;2017_87_79;lähteä;2
1348;87/2017;2017_87_79;usein;1
1348;87/2017;2017_87_79;pakoon;1
1348;87/2017;2017_87_79;kotimaa;2
1348;87/2017;2017_87_79;huono;1
1348;87/2017;2017_87_79;elinolosuhde;2
1348;87/2017;2017_87_79;joukko;1
1348;87/2017;2017_87_79;ammattimaisesti;1
1348;87/2017;2017_87_79;organisoidusti;1
1348;87/2017;2017_87_79;parhaiten;1
1348;87/2017;2017_87_79;kerjäläisongelma;1
1348;87/2017;2017_87_79;parantaa;1
1348;87/2017;2017_87_79;viedä;1
1348;87/2017;2017_87_79;toiminta;4
1348;87/2017;2017_87_79;pois;1
1348;87/2017;2017_87_79;ammattimaisuus;1
1348;87/2017;2017_87_79;liittyä;1
1348;87/2017;2017_87_79;hyväksikäyttö;1
1348;87/2017;2017_87_79;edelleen;1
1348;87/2017;2017_87_79;kukaan;1
1348;87/2017;2017_87_79;perustuslaillinen;1
1348;87/2017;2017_87_79;ainoastaan;1
1348;87/2017;2017_87_79;joku;1
1348;87/2017;2017_87_79;yrittää;1
1348;87/2017;2017_87_79;hyötyä;1
1348;87/2017;2017_87_79;hädänalainen;1
1348;87/2017;2017_87_79;ihminen;1
1348;87/2017;2017_87_79;tilanne;1
1348;87/2017;2017_87_79;varmistaa;1
1348;87/2017;2017_87_79;käsi;1
1348;87/2017;2017_87_79;antaa;1
1348;87/2017;2017_87_79;selkeä;1
1348;87/2017;2017_87_79;signaali;1
1348;87/2017;2017_87_79;haluta;2
1348;87/2017;2017_87_79;vähentää;1
1348;87/2017;2017_87_79;saapua;1
1348;87/2017;2017_87_79;ammattimainen;1
1348;87/2017;2017_87_79;määrä;1
1348;87/2017;2017_87_79;samalla;1
1348;87/2017;2017_87_79;takana;1
1348;87/2017;2017_87_79;järjestäytyä;1
1348;87/2017;2017_87_79;ansaintamahdollisuus;1
1348;87/2017;2017_87_79;organisointi;1
1348;87/2017;2017_87_79;kriminalisointi;1
1348;87/2017;2017_87_79;puoltaa;1
1348;87/2017;2017_87_79;hyvä;1
1348;87/2017;2017_87_79;peruste;1
1348;87/2017;2017_87_79;verrata;1
1348;87/2017;2017_87_79;paritus;1
1348;87/2017;2017_87_79;lopuksi;1
1348;87/2017;2017_87_79;vielä;1
1348;87/2017;2017_87_79;kiittää;1
1348;87/2017;2017_87_79;yli;1
1348;87/2017;2017_87_79;kansanedustaja;1
1348;87/2017;2017_87_79;puolue;1
1348;87/2017;2017_87_79;rkp;1
1348;87/2017;2017_87_79;lukuun;1
1348;87/2017;2017_87_79;ottamatta;1
1348;87/2017;2017_87_79;allekirjoittaa;1
1348;87/2017;2017_87_84;arvoisa;1
1348;87/2017;2017_87_84;herra;1
1348;87/2017;2017_87_84;puhemies;1
1348;87/2017;2017_87_84;aivan;2
1348;87/2017;2017_87_84;ensimmäiseksi;1
1348;87/2017;2017_87_84;kiitos;1
1348;87/2017;2017_87_84;kaikki;1
1348;87/2017;2017_87_84;kollega;1
1348;87/2017;2017_87_84;hyvä;1
1348;87/2017;2017_87_84;näkemys;3
1348;87/2017;2017_87_84;tämä;12
1348;87/2017;2017_87_84;keskustelu;2
1348;87/2017;2017_87_84;edustaja;3
1348;87/2017;2017_87_84;kontula;1
1348;87/2017;2017_87_84;todeta;2
1348;87/2017;2017_87_84;miten;1
1348;87/2017;2017_87_84;itse;2
1348;87/2017;2017_87_84;herätä;1
1348;87/2017;2017_87_84;ilmiö;1
1348;87/2017;2017_87_84;ja;7
1348;87/2017;2017_87_84;mikä;2
1348;87/2017;2017_87_84;takia;2
1348;87/2017;2017_87_84;haluta;2
1348;87/2017;2017_87_84;lakialoite;2
1348;87/2017;2017_87_84;laatia;1
1348;87/2017;2017_87_84;syy;1
1348;87/2017;2017_87_84;olla;7
1348;87/2017;2017_87_84;lakivaliokunta;1
1348;87/2017;2017_87_84;vierailu;1
1348;87/2017;2017_87_84;romania;1
1348;87/2017;2017_87_84;siellä;3
1348;87/2017;2017_87_84;keskustella;3
1348;87/2017;2017_87_84;paikallinen;2
1348;87/2017;2017_87_84;viranomainen;1
1348;87/2017;2017_87_84;kanssa;3
1348;87/2017;2017_87_84;suurlähetystöväki;1
1348;87/2017;2017_87_84;myös;4
1348;87/2017;2017_87_84;ihmisoikeusjärjestö;1
1348;87/2017;2017_87_84;kaikkialla;1
1348;87/2017;2017_87_84;tunnistaa;1
1348;87/2017;2017_87_84;että;5
1348;87/2017;2017_87_84;kerjääminen;1
1348;87/2017;2017_87_84;suomi;1
1348;87/2017;2017_87_84;tapahtua;1
1348;87/2017;2017_87_84;organisoitua;1
1348;87/2017;2017_87_84;hyvin;1
1348;87/2017;2017_87_84;suuri;1
1348;87/2017;2017_87_84;osa;1
1348;87/2017;2017_87_84;paljon;1
1348;87/2017;2017_87_84;se;7
1348;87/2017;2017_87_84;tuotto;1
1348;87/2017;2017_87_84;hädänalainen;1
1348;87/2017;2017_87_84;ihminen;3
1348;87/2017;2017_87_84;valua;1
1348;87/2017;2017_87_84;organisoitu;1
1348;87/2017;2017_87_84;rikollisuus;1
1348;87/2017;2017_87_84;käsi;1
1348;87/2017;2017_87_84;lähtömaa;1
1348;87/2017;2017_87_84;moni;1
1348;87/2017;2017_87_84;elää;1
1348;87/2017;2017_87_84;hetki;1
1348;87/2017;2017_87_84;leveästi;1
1348;87/2017;2017_87_84;hyötyä;1
1348;87/2017;2017_87_84;toinen;1
1348;87/2017;2017_87_84;hätä;1
1348;87/2017;2017_87_84;tuoda;1
1348;87/2017;2017_87_84;eduskunta;1
1348;87/2017;2017_87_84;käsitellä;1
1348;87/2017;2017_87_84;heinonen;1
1348;87/2017;2017_87_84;zyskowicz;2
1348;87/2017;2017_87_84;kiittää;1
1348;87/2017;2017_87_84;sinä;1
1348;87/2017;2017_87_84;kyllä;1
1348;87/2017;2017_87_84;valmis;1
1348;87/2017;2017_87_84;mennä;1
1348;87/2017;2017_87_84;asia;2
1348;87/2017;2017_87_84;suhteen;1
1348;87/2017;2017_87_84;pitkä;1
1348;87/2017;2017_87_84;mikäli;1
1348;87/2017;2017_87_84;todella;1
1348;87/2017;2017_87_84;niin;1
1348;87/2017;2017_87_84;perustuslaki;1
1348;87/2017;2017_87_84;mukaan;1
1348;87/2017;2017_87_84;mahdollinen;1
1348;87/2017;2017_87_84;oikeassa;1
1348;87/2017;2017_87_84;perustaa;1
1348;87/2017;2017_87_84;arvio;2
1348;87/2017;2017_87_84;juuri;1
1348;87/2017;2017_87_84;perustuslakiasiantuntija;1
1348;87/2017;2017_87_84;ojanen;2
1348;87/2017;2017_87_84;scheinin;2
1348;87/2017;2017_87_84;joka;1
1348;87/2017;2017_87_84;vahvasti;1
1348;87/2017;2017_87_84;esillä;1
1348;87/2017;2017_87_84;käydä;1
1348;87/2017;2017_87_84;julkinen;1
1348;87/2017;2017_87_84;myöntää;1
1348;87/2017;2017_87_84;kuitenkin;1
1348;87/2017;2017_87_84;aloite;1
1348;87/2017;2017_87_84;muotoilu;1
1348;87/2017;2017_87_84;nyt;1
1348;87/2017;2017_87_84;sellainen;2
1348;87/2017;2017_87_84;pyrkiä;1
1348;87/2017;2017_87_84;voida;1
1348;87/2017;2017_87_84;mahdollimman;1
1348;87/2017;2017_87_84;laajasti;1
1348;87/2017;2017_87_84;yli;1
1348;87/2017;2017_87_84;puolueraja;1
1348;87/2017;2017_87_84;allekirjoittaa;1
1348;87/2017;2017_87_84;riippumatta;1
1348;87/2017;2017_87_84;pitää;1
1348;87/2017;2017_87_84;oikea;1
1348;126/2017;2017_126_28;arvoisa;2
1348;126/2017;2017_126_28;herra;1
1348;126/2017;2017_126_28;puhemies;2
1348;126/2017;2017_126_28;aivan;1
1348;126/2017;2017_126_28;aluksi;1
1348;126/2017;2017_126_28;minä;5
1348;126/2017;2017_126_28;puolesta;1
1348;126/2017;2017_126_28;kiitos;1
1348;126/2017;2017_126_28;ministeri;1
1348;126/2017;2017_126_28;tiilikainen;1
1348;126/2017;2017_126_28;ja;6
1348;126/2017;2017_126_28;edustaja;1
1348;126/2017;2017_126_28;korhonen;1
1348;126/2017;2017_126_28;tämä;9
1348;126/2017;2017_126_28;erinomainen;1
1348;126/2017;2017_126_28;työ;1
1348;126/2017;2017_126_28;alueidenkäyttötavoite;2
1348;126/2017;2017_126_28;suhteen;1
1348;126/2017;2017_126_28;paikallinen;4
1348;126/2017;2017_126_28;päätöksenteko;3
1348;126/2017;2017_126_28;olla;12
1348;126/2017;2017_126_28;äärimmäinen;1
1348;126/2017;2017_126_28;tärkeä;3
1348;126/2017;2017_126_28;vuoksi;1
1348;126/2017;2017_126_28;varsin;1
1348;126/2017;2017_126_28;ikävä;1
1348;126/2017;2017_126_28;kuulla;1
1348;126/2017;2017_126_28;erityisesti;1
1348;126/2017;2017_126_28;vihreä;3
1348;126/2017;2017_126_28;suunta;1
1348;126/2017;2017_126_28;kummuta;1
1348;126/2017;2017_126_28;äänenpaino;1
1348;126/2017;2017_126_28;joka;1
1348;126/2017;2017_126_28;vaatia;1
1348;126/2017;2017_126_28;kansallinen;2
1348;126/2017;2017_126_28;sääntely;1
1348;126/2017;2017_126_28;sijasta;1
1348;126/2017;2017_126_28;itse;2
1348;126/2017;2017_126_28;nähdä;1
1348;126/2017;2017_126_28;että;2
1348;126/2017;2017_126_28;osoittaa;1
1348;126/2017;2017_126_28;merkittävä;2
1348;126/2017;2017_126_28;ideologinen;1
1348;126/2017;2017_126_28;ero;1
1348;126/2017;2017_126_28;keskusta;2
1348;126/2017;2017_126_28;välillä;1
1348;126/2017;2017_126_28;mahdollisuus;2
1348;126/2017;2017_126_28;se;3
1348;126/2017;2017_126_28;näyttää;1
1348;126/2017;2017_126_28;uhka;1
1348;126/2017;2017_126_28;oma;1
1348;126/2017;2017_126_28;mieli;1
1348;126/2017;2017_126_28;etelähelsinkiläinen;1
1348;126/2017;2017_126_28;saada;2
1348;126/2017;2017_126_28;päättää;1
1348;126/2017;2017_126_28;miten;1
1348;126/2017;2017_126_28;hän;1
1348;126/2017;2017_126_28;elinympäristö;1
1348;126/2017;2017_126_28;kehittää;1
1348;126/2017;2017_126_28;enontekiö;1
1348;126/2017;2017_126_28;tehdä;1
1348;126/2017;2017_126_28;sitten;1
1348;126/2017;2017_126_28;myös;2
1348;126/2017;2017_126_28;sama;1
1348;126/2017;2017_126_28;valitettavasti;1
1348;126/2017;2017_126_28;ei;2
1348;126/2017;2017_126_28;saakka;1
1348;126/2017;2017_126_28;toteutua;1
1348;126/2017;2017_126_28;vaan;1
1348;126/2017;2017_126_28;yleensä;1
1348;126/2017;2017_126_28;säännellä;1
1348;126/2017;2017_126_28;sanella;1
1348;126/2017;2017_126_28;asia;1
1348;126/2017;2017_126_28;täältä;1
1348;126/2017;2017_126_28;etelä;1
1348;126/2017;2017_126_28;ylisuojelu;1
1348;126/2017;2017_126_28;niin;2
1348;126/2017;2017_126_28;kuin;1
1348;126/2017;2017_126_28;luonnonsuojelu;1
1348;126/2017;2017_126_28;riski;1
1348;126/2017;2017_126_28;lappi;1
1348;126/2017;2017_126_28;matkailu;1
1348;126/2017;2017_126_28;kasvaa;1
1348;126/2017;2017_126_28;hetki;1
1348;126/2017;2017_126_28;valtavasti;1
1348;126/2017;2017_126_28;mikäli;1
1348;126/2017;2017_126_28;kasvuvauhti;1
1348;126/2017;2017_126_28;tällainen;1
1348;126/2017;2017_126_28;seuraava;1
1348;126/2017;2017_126_28;kymmenen;1
1348;126/2017;2017_126_28;vuosi;1
1348;126/2017;2017_126_28;käydä;1
1348;126/2017;2017_126_28;maakunta;1
1348;126/2017;2017_126_28;miljoona;1
1348;126/2017;2017_126_28;turisti;1
1348;126/2017;2017_126_28;taas;1
1348;126/2017;2017_126_28;tarkoittaa;1
1348;126/2017;2017_126_28;uusi;1
1348;126/2017;2017_126_28;työpaikka;1
1348;126/2017;2017_126_28;haaste;1
1348;126/2017;2017_126_28;kestävä;1
1348;126/2017;2017_126_28;kasvu;1
1348;126/2017;2017_126_28;hyödyntäminen;1
1348;126/2017;2017_126_28;selvitä;1
1348;126/2017;2017_126_28;ainoastaan;1
1348;126/2017;2017_126_28;päätös;1
1348;126/2017;2017_126_28;ylisääntely;1
1348;141/2017;2017_141_8;arvoisa;1
1348;141/2017;2017_141_8;rouva;1
1348;141/2017;2017_141_8;puhemies;1
1348;141/2017;2017_141_8;esittää;1
1348;141/2017;2017_141_8;että;1
1348;141/2017;2017_141_8;laki;1
1348;141/2017;2017_141_8;hyväksyä;1
1348;141/2017;2017_141_8;muutosesitys;1
1348;141/2017;2017_141_8;mukainen;1
1348;141/2017;2017_141_21;arvoisa;1
1348;141/2017;2017_141_21;rouva;1
1348;141/2017;2017_141_21;puhemies;1
1348;141/2017;2017_141_21;esittää;1
1348;141/2017;2017_141_21;että;1
1348;141/2017;2017_141_21;alkoholilaki;1
1348;141/2017;2017_141_21;hyväksyä;1
1348;141/2017;2017_141_21;muutosesitys;1
1348;141/2017;2017_141_21;mukaisesti;1
1348;143/2017;2017_143_6;arvoisa;1
1348;143/2017;2017_143_6;herra;1
1348;143/2017;2017_143_6;puhemies;1
1348;143/2017;2017_143_6;toisin;1
1348;143/2017;2017_143_6;kuin;2
1348;143/2017;2017_143_6;tämä;4
1348;143/2017;2017_143_6;olla;4
1348;143/2017;2017_143_6;aiemmin;1
1348;143/2017;2017_143_6;esittää;1
1348;143/2017;2017_143_6;itse;1
1348;143/2017;2017_143_6;nähdä;1
1348;143/2017;2017_143_6;että;3
1348;143/2017;2017_143_6;erittäin;1
1348;143/2017;2017_143_6;iloinen;1
1348;143/2017;2017_143_6;ja;3
1348;143/2017;2017_143_6;erinomainen;1
1348;143/2017;2017_143_6;päivä;1
1348;143/2017;2017_143_6;suomalainen;2
1348;143/2017;2017_143_6;alkoholipolitiikka;1
1348;143/2017;2017_143_6;eduskunta;2
1348;143/2017;2017_143_6;tehdä;2
1348;143/2017;2017_143_6;päätös;2
1348;143/2017;2017_143_6;voitto;1
1348;143/2017;2017_143_6;päivittäistavarakauppa;1
1348;143/2017;2017_143_6;syrjäseutu;1
1348;143/2017;2017_143_6;mallasohra;1
1348;143/2017;2017_143_6;viljelijä;1
1348;143/2017;2017_143_6;sekä;1
1348;143/2017;2017_143_6;myös;1
1348;143/2017;2017_143_6;pienpanimoteollisuus;1
1348;143/2017;2017_143_6;tärkeä;1
1348;143/2017;2017_143_6;ei;1
1348;143/2017;2017_143_6;oikeastaan;1
1348;143/2017;2017_143_6;voida;1
1348;143/2017;2017_143_6;lisätä;1
1348;143/2017;2017_143_6;mikään;1
1348;143/2017;2017_143_6;muu;1
1348;143/2017;2017_143_6;se;2
1348;143/2017;2017_143_6;haluta;1
1348;143/2017;2017_143_6;kiittää;1
1348;143/2017;2017_143_6;suuri;1
1348;143/2017;2017_143_6;valiokunta;1
1348;143/2017;2017_143_6;tällainen;1
1348;143/2017;2017_143_6;saada;1
1348;143/2017;2017_143_6;aikaiseksi;1
1348;143/2017;2017_143_6;kiitos;1
1348;10/2018;2018_10_49;arvoisa;1
1348;10/2018;2018_10_49;herra;1
1348;10/2018;2018_10_49;puhemies;1
1348;10/2018;2018_10_49;kiitos;3
1348;10/2018;2018_10_49;kaikki;3
1348;10/2018;2018_10_49;kollega;1
1348;10/2018;2018_10_49;erinomainen;1
1348;10/2018;2018_10_49;puheenvuoro;1
1348;10/2018;2018_10_49;kyllä;1
1348;10/2018;2018_10_49;tämä;11
1348;10/2018;2018_10_49;laki;3
1348;10/2018;2018_10_49;kiteytyä;1
1348;10/2018;2018_10_49;se;5
1348;10/2018;2018_10_49;että;5
1348;10/2018;2018_10_49;olla;11
1348;10/2018;2018_10_49;lapsi;3
1348;10/2018;2018_10_49;etu;1
1348;10/2018;2018_10_49;ja;7
1348;10/2018;2018_10_49;pohja;1
1348;10/2018;2018_10_49;myös;1
1348;10/2018;2018_10_49;valiokunta;2
1348;10/2018;2018_10_49;asia;4
1348;10/2018;2018_10_49;käsitellä;1
1348;10/2018;2018_10_49;moni;1
1348;10/2018;2018_10_49;vastustaja;1
1348;10/2018;2018_10_49;nyt;3
1348;10/2018;2018_10_49;epätoivo;1
1348;10/2018;2018_10_49;vimma;1
1348;10/2018;2018_10_49;tarrautua;1
1348;10/2018;2018_10_49;asianajajaliitto;1
1348;10/2018;2018_10_49;lausunto;3
1348;10/2018;2018_10_49;täytyä;1
1348;10/2018;2018_10_49;tietysti;1
1348;10/2018;2018_10_49;todeta;1
1348;10/2018;2018_10_49;varsin;1
1348;10/2018;2018_10_49;luonteva;1
1348;10/2018;2018_10_49;liitto;1
1348;10/2018;2018_10_49;vastustaa;1
1348;10/2018;2018_10_49;tällainen;3
1348;10/2018;2018_10_49;muutos;2
1348;10/2018;2018_10_49;joka;3
1348;10/2018;2018_10_49;purkaa;2
1348;10/2018;2018_10_49;byrokratia;2
1348;10/2018;2018_10_49;viedä;2
1348;10/2018;2018_10_49;asianajaja;1
1348;10/2018;2018_10_49;mahdollisuus;1
1348;10/2018;2018_10_49;sitten;1
1348;10/2018;2018_10_49;antaa;1
1348;10/2018;2018_10_49;oikeudellinen;1
1348;10/2018;2018_10_49;neuvonta;1
1348;10/2018;2018_10_49;esimerkiksi;2
1348;10/2018;2018_10_49;adoptiotilanne;1
1348;10/2018;2018_10_49;samalla;1
1348;10/2018;2018_10_49;hämmästellä;1
1348;10/2018;2018_10_49;ei;1
1348;10/2018;2018_10_49;minä;1
1348;10/2018;2018_10_49;painottaa;2
1348;10/2018;2018_10_49;vaikkapa;1
1348;10/2018;2018_10_49;linja-autoliitto;1
1348;10/2018;2018_10_49;silloin;1
1348;10/2018;2018_10_49;kun;1
1348;10/2018;2018_10_49;tehdä;1
1348;10/2018;2018_10_49;maatalouspolitiikka;1
1348;10/2018;2018_10_49;perhejärjestö;1
1348;10/2018;2018_10_49;suomi;1
1348;10/2018;2018_10_49;unicef;1
1348;10/2018;2018_10_49;pelastakaa;1
1348;10/2018;2018_10_49;lapset;1
1348;10/2018;2018_10_49;mannerheim;1
1348;10/2018;2018_10_49;lastensuojeluliitto;1
1348;10/2018;2018_10_49;väestöliitto;1
1348;10/2018;2018_10_49;lastensuojelu;1
1348;10/2018;2018_10_49;keskusliitto;1
1348;10/2018;2018_10_49;kannattaa;1
1348;10/2018;2018_10_49;lakialoite;1
1348;10/2018;2018_10_49;yk;1
1348;10/2018;2018_10_49;oikeus;1
1348;10/2018;2018_10_49;mukainen;1
1348;10/2018;2018_10_49;pääosa;1
1348;10/2018;2018_10_49;asiantuntija;1
1348;10/2018;2018_10_49;kuulla;1
1348;10/2018;2018_10_49;kanta;1
1348;10/2018;2018_10_49;hyvä;1
1348;10/2018;2018_10_49;tarpeellinen;1
1348;10/2018;2018_10_49;turvata;1
1348;10/2018;2018_10_49;tosiasiallinen;1
1348;10/2018;2018_10_49;perhesuhde;1
1348;10/2018;2018_10_49;alku;1
1348;10/2018;2018_10_49;saakka;1
1348;10/2018;2018_10_49;eikä;1
1348;10/2018;2018_10_49;tulla;1
1348;10/2018;2018_10_49;näkyä;1
1348;10/2018;2018_10_49;kukaan;1
1348;10/2018;2018_10_49;ulkopuolinen;1
1348;10/2018;2018_10_49;arki;1
1348;10/2018;2018_10_49;mikään;1
1348;10/2018;2018_10_49;tapa;1
1348;10/2018;2018_10_49;vaan;1
1348;10/2018;2018_10_49;ainoastaan;1
1348;10/2018;2018_10_49;pieni;1
1348;10/2018;2018_10_49;tärkeä;2
1348;10/2018;2018_10_49;iloinen;1
1348;10/2018;2018_10_49;perhe;1
1348;10/2018;2018_10_49;tilanne;1
1348;10/2018;2018_10_49;tarvita;1
1348;10/2018;2018_10_49;vielä;1
1348;10/2018;2018_10_49;keskustelu;1
1348;10/2018;2018_10_49;ennen;1
1348;10/2018;2018_10_49;aloite;1
1348;10/2018;2018_10_49;tekijä;1
1348;10/2018;2018_10_49;hieno;1
1348;10/2018;2018_10_49;mukana;1
1348;10/2018;2018_10_49;tasa-arvoasia;1
1348;10/2018;2018_10_49;eteenpäin;1
1348;17/2018;2018_17_51;arvoisa;1
1348;17/2018;2018_17_51;herra;1
1348;17/2018;2018_17_51;puhemies;1
1348;17/2018;2018_17_51;tämä;11
1348;17/2018;2018_17_51;käsittely;2
1348;17/2018;2018_17_51;olla;18
1348;17/2018;2018_17_51;esitys;2
1348;17/2018;2018_17_51;kyllä;1
1348;17/2018;2018_17_51;erinomainen;1
1348;17/2018;2018_17_51;muutos;1
1348;17/2018;2018_17_51;nyt;6
1348;17/2018;2018_17_51;muistaa;2
1348;17/2018;2018_17_51;myös;5
1348;17/2018;2018_17_51;se;7
1348;17/2018;2018_17_51;että;11
1348;17/2018;2018_17_51;norja;1
1348;17/2018;2018_17_51;soveltaa;1
1348;17/2018;2018_17_51;menettely;1
1348;17/2018;2018_17_51;kulua;1
1348;17/2018;2018_17_51;kausi;2
1348;17/2018;2018_17_51;eli;1
1348;17/2018;2018_17_51;siellä;3
1348;17/2018;2018_17_51;mahdollisuus;1
1348;17/2018;2018_17_51;norjalainen;1
1348;17/2018;2018_17_51;nuoriso;1
1348;17/2018;2018_17_51;myöntää;1
1348;17/2018;2018_17_51;nuorisolupa;1
1348;17/2018;2018_17_51;ja;7
1348;17/2018;2018_17_51;aivan;1
1348;17/2018;2018_17_51;hyvä;1
1348;17/2018;2018_17_51;suomi;1
1348;17/2018;2018_17_51;tuoda;1
1348;17/2018;2018_17_51;mukaan;1
1348;17/2018;2018_17_51;sama;1
1348;17/2018;2018_17_51;viiva;1
1348;17/2018;2018_17_51;itse;2
1348;17/2018;2018_17_51;sopimus;3
1348;17/2018;2018_17_51;moni;2
1348;17/2018;2018_17_51;syy;1
1348;17/2018;2018_17_51;herättää;1
1348;17/2018;2018_17_51;paljon;1
1348;17/2018;2018_17_51;kritiikki;2
1348;17/2018;2018_17_51;utsjoki;2
1348;17/2018;2018_17_51;kunta;1
1348;17/2018;2018_17_51;saamelaiskäräjät;1
1348;17/2018;2018_17_51;mutta;1
1348;17/2018;2018_17_51;osa;2
1348;17/2018;2018_17_51;tyytyväinen;1
1348;17/2018;2018_17_51;tunnustaa;1
1348;17/2018;2018_17_51;ääretön;3
1348;17/2018;2018_17_51;tärkeä;4
1348;17/2018;2018_17_51;pitää;2
1348;17/2018;2018_17_51;huoli;1
1348;17/2018;2018_17_51;yksi;1
1348;17/2018;2018_17_51;tällainen;1
1348;17/2018;2018_17_51;minä;1
1348;17/2018;2018_17_51;luontoresurssi;1
1348;17/2018;2018_17_51;teno;1
1348;17/2018;2018_17_51;lohi;2
1348;17/2018;2018_17_51;panostaa;1
1348;17/2018;2018_17_51;suojelu;1
1348;17/2018;2018_17_51;toisaalta;1
1348;17/2018;2018_17_51;sitten;1
1348;17/2018;2018_17_51;valmius;1
1348;17/2018;2018_17_51;muuttaa;1
1348;17/2018;2018_17_51;mikäli;1
1348;17/2018;2018_17_51;lohikanta;1
1348;17/2018;2018_17_51;saavuttaa;1
1348;17/2018;2018_17_51;sellainen;2
1348;17/2018;2018_17_51;tila;1
1348;17/2018;2018_17_51;voida;2
1348;17/2018;2018_17_51;kalastaa;1
1348;17/2018;2018_17_51;nykyinen;1
1348;17/2018;2018_17_51;enemmän;1
1348;17/2018;2018_17_51;kaikki;1
1348;17/2018;2018_17_51;jatkokäsittely;1
1348;17/2018;2018_17_51;soveltaminen;1
1348;17/2018;2018_17_51;huomioida;1
1348;17/2018;2018_17_51;alue;1
1348;17/2018;2018_17_51;matkailuyrittäjä;2
1348;17/2018;2018_17_51;oikeus;3
1348;17/2018;2018_17_51;turvata;1
1348;17/2018;2018_17_51;parantaa;1
1348;17/2018;2018_17_51;asema;2
1348;17/2018;2018_17_51;ehkä;1
1348;17/2018;2018_17_51;voimakas;1
1348;17/2018;2018_17_51;kuitenkin;1
1348;17/2018;2018_17_51;pohjoinen;1
1348;17/2018;2018_17_51;kohdistua;1
1348;17/2018;2018_17_51;edellinen;1
1348;17/2018;2018_17_51;hallitus;2
1348;17/2018;2018_17_51;säätää;1
1348;17/2018;2018_17_51;kalastuslaki;1
1348;17/2018;2018_17_51;joka;2
1348;17/2018;2018_17_51;valitettavasti;1
1348;17/2018;2018_17_51;viedä;1
1348;17/2018;2018_17_51;paikkakuntalainen;2
1348;17/2018;2018_17_51;niin;2
1348;17/2018;2018_17_51;sanottu;1
1348;17/2018;2018_17_51;sivuvesistö;1
1348;17/2018;2018_17_51;meritaimenpitoinen;1
1348;17/2018;2018_17_51;toivoa;1
1348;17/2018;2018_17_51;löytää;1
1348;17/2018;2018_17_51;yhteinen;1
1348;17/2018;2018_17_51;tahtotila;1
1348;17/2018;2018_17_51;aina;1
1348;17/2018;2018_17_51;jokin;1
1348;17/2018;2018_17_51;taso;1
1348;17/2018;2018_17_51;palauttaa;1
1348;17/2018;2018_17_51;ei;2
1348;17/2018;2018_17_51;täysin;1
1348;17/2018;2018_17_51;turisti;1
1348;17/2018;2018_17_51;oma;1
1348;17/2018;2018_17_51;vesialue;1
1348;17/2018;2018_17_51;kuten;1
1348;17/2018;2018_17_51;edustaja;1
1348;17/2018;2018_17_51;kulmuni;1
1348;17/2018;2018_17_51;tuossa;1
1348;17/2018;2018_17_51;todeta;1
1348;17/2018;2018_17_51;toivottava;1
1348;17/2018;2018_17_51;mikään;1
1348;17/2018;2018_17_51;hulabaloo;1
1348;17/2018;2018_17_51;päästä;2
1348;17/2018;2018_17_51;syntyä;1
1348;17/2018;2018_17_51;kuin;1
1348;17/2018;2018_17_51;hivenen;1
1348;17/2018;2018_17_54;arvoisa;1
1348;17/2018;2018_17_54;herra;1
1348;17/2018;2018_17_54;puhemies;1
1348;17/2018;2018_17_54;tämä;4
1348;17/2018;2018_17_54;edustaja;1
1348;17/2018;2018_17_54;skinnari;1
1348;17/2018;2018_17_54;ja;9
1348;17/2018;2018_17_54;eestilä;1
1348;17/2018;2018_17_54;olla;11
1348;17/2018;2018_17_54;kyllä;2
1348;17/2018;2018_17_54;käyttää;1
1348;17/2018;2018_17_54;hyvä;2
1348;17/2018;2018_17_54;puheenvuoro;1
1348;17/2018;2018_17_54;itse;2
1348;17/2018;2018_17_54;nähdä;2
1348;17/2018;2018_17_54;niin;2
1348;17/2018;2018_17_54;että;5
1348;17/2018;2018_17_54;se;7
1348;17/2018;2018_17_54;vaihe;1
1348;17/2018;2018_17_54;kun;1
1348;17/2018;2018_17_54;sopimus;1
1348;17/2018;2018_17_54;seuraava;1
1348;17/2018;2018_17_54;kerran;1
1348;17/2018;2018_17_54;alistaa;1
1348;17/2018;2018_17_54;neuvottelu;1
1348;17/2018;2018_17_54;hyvin;2
1348;17/2018;2018_17_54;toivottava;1
1348;17/2018;2018_17_54;löytää;1
1348;17/2018;2018_17_54;jonkuntyyppinen;1
1348;17/2018;2018_17_54;ratkaisu;2
1348;17/2018;2018_17_54;mikä;1
1348;17/2018;2018_17_54;tapa;1
1348;17/2018;2018_17_54;kiintiöinti;1
1348;17/2018;2018_17_54;voida;1
1348;17/2018;2018_17_54;edistää;1
1348;17/2018;2018_17_54;nyt;1
1348;17/2018;2018_17_54;jos;3
1348;17/2018;2018_17_54;oikein;1
1348;17/2018;2018_17_54;ymmärtää;1
1348;17/2018;2018_17_54;erityisesti;1
1348;17/2018;2018_17_54;osakaskunta;1
1348;17/2018;2018_17_54;siellä;3
1348;17/2018;2018_17_54;sitten;3
1348;17/2018;2018_17_54;myös;2
1348;17/2018;2018_17_54;saamelaiskäräjät;1
1348;17/2018;2018_17_54;voimakkaasti;1
1348;17/2018;2018_17_54;vastustaa;1
1348;17/2018;2018_17_54;tällainen;1
1348;17/2018;2018_17_54;kiintiöjärjestelmä;1
1348;17/2018;2018_17_54;luominen;1
1348;17/2018;2018_17_54;innokas;1
1348;17/2018;2018_17_54;lohenkalastaja;1
1348;17/2018;2018_17_54;paljon;1
1348;17/2018;2018_17_54;tuolla;1
1348;17/2018;2018_17_54;pohjois-norja;1
1348;17/2018;2018_17_54;lohijoki;2
1348;17/2018;2018_17_54;kalastaa;1
1348;17/2018;2018_17_54;poikkeuksellinen;1
1348;17/2018;2018_17_54;joku;1
1348;17/2018;2018_17_54;sellainen;3
1348;17/2018;2018_17_54;joki;3
1348;17/2018;2018_17_54;joka;3
1348;17/2018;2018_17_54;ei;2
1348;17/2018;2018_17_54;kiintiö;1
1348;17/2018;2018_17_54;yleensä;1
1348;17/2018;2018_17_54;maksimi;1
1348;17/2018;2018_17_54;kala;1
1348;17/2018;2018_17_54;päivä;1
1348;17/2018;2018_17_54;jo;1
1348;17/2018;2018_17_54;tietty;1
1348;17/2018;2018_17_54;ajanjakso;1
1348;17/2018;2018_17_54;jälkeen;1
1348;17/2018;2018_17_54;syksy;1
1348;17/2018;2018_17_54;kalastaja;1
1348;17/2018;2018_17_54;saada;1
1348;17/2018;2018_17_54;saalis;1
1348;17/2018;2018_17_54;iso;1
1348;17/2018;2018_17_54;emokala;1
1348;17/2018;2018_17_54;yli;1
1348;17/2018;2018_17_54;kilo;1
1348;17/2018;2018_17_54;lohi;1
1348;17/2018;2018_17_54;täytyä;1
1348;17/2018;2018_17_54;palauttaa;1
1348;17/2018;2018_17_54;eli;1
1348;17/2018;2018_17_54;kohdistaa;1
1348;17/2018;2018_17_54;pyyntipaine;1
1348;17/2018;2018_17_54;silloin;1
1348;17/2018;2018_17_54;ainoastaan;1
1348;17/2018;2018_17_54;pieni;1
1348;17/2018;2018_17_54;yksilö;1
1348;17/2018;2018_17_54;suuri;1
1348;17/2018;2018_17_54;todennäköisyys;1
1348;17/2018;2018_17_54;jatkaa;1
1348;17/2018;2018_17_54;suku;1
1348;17/2018;2018_17_54;varmasti;1
1348;17/2018;2018_17_54;kaikki;3
1348;17/2018;2018_17_54;yhteinen;1
1348;17/2018;2018_17_54;asia;1
1348;17/2018;2018_17_54;utsjokinen;1
1348;17/2018;2018_17_54;tenovartinen;1
1348;17/2018;2018_17_54;mökkiläinen;1
1348;17/2018;2018_17_54;koko;1
1348;17/2018;2018_17_54;suomi;1
1348;17/2018;2018_17_54;eduskunta;1
1348;17/2018;2018_17_54;minä;1
1348;17/2018;2018_17_54;turvata;1
1348;17/2018;2018_17_54;eurooppa;1
1348;17/2018;2018_17_54;hieno;1
1348;17/2018;2018_17_54;lohikanta;1
1348;17/2018;2018_17_54;hakea;1
1348;17/2018;2018_17_54;yhdessä;1
1348;17/2018;2018_17_54;hyväksyä;1
1348;50/2018;2018_50_38;arvoisa;1
1348;50/2018;2018_50_38;herra;1
1348;50/2018;2018_50_38;puhemies;1
1348;50/2018;2018_50_38;kiitos;1
1348;50/2018;2018_50_38;ministeri;1
1348;50/2018;2018_50_38;erinomainen;1
1348;50/2018;2018_50_38;vastaus;1
1348;50/2018;2018_50_38;itse;1
1348;50/2018;2018_50_38;nähdä;1
1348;50/2018;2018_50_38;kyllä;1
1348;50/2018;2018_50_38;niin;1
1348;50/2018;2018_50_38;että;4
1348;50/2018;2018_50_38;varmasti;3
1348;50/2018;2018_50_38;tulevaisuus;1
1348;50/2018;2018_50_38;tämä;2
1348;50/2018;2018_50_38;yrittäjä;1
1348;50/2018;2018_50_38;oma;2
1348;50/2018;2018_50_38;viestintä;2
1348;50/2018;2018_50_38;tulla;3
1348;50/2018;2018_50_38;toimia;1
1348;50/2018;2018_50_38;ja;7
1348;50/2018;2018_50_38;olla;3
1348;50/2018;2018_50_38;avainasema;1
1348;50/2018;2018_50_38;lisäksi;1
1348;50/2018;2018_50_38;jokainen;2
1348;50/2018;2018_50_38;kunta;3
1348;50/2018;2018_50_38;kun;1
1348;50/2018;2018_50_38;tietysti;1
1348;50/2018;2018_50_38;pohtia;2
1348;50/2018;2018_50_38;suunnitella;1
1348;50/2018;2018_50_38;ikäihminen;1
1348;50/2018;2018_50_38;palvelu;2
1348;50/2018;2018_50_38;kokonaisturvallisuus;1
1348;50/2018;2018_50_38;joka;2
1348;50/2018;2018_50_38;paloturvallisuus;1
1348;50/2018;2018_50_38;kuulua;1
1348;50/2018;2018_50_38;ottaa;1
1348;50/2018;2018_50_38;myös;3
1348;50/2018;2018_50_38;huomio;1
1348;50/2018;2018_50_38;se;4
1348;50/2018;2018_50_38;huolehtia;1
1348;50/2018;2018_50_38;hormi;1
1348;50/2018;2018_50_38;nuohous;1
1348;50/2018;2018_50_38;tarvita;1
1348;50/2018;2018_50_38;sitten;1
1348;50/2018;2018_50_38;nuohota;1
1348;50/2018;2018_50_38;kuten;1
1348;50/2018;2018_50_38;edustaja;1
1348;50/2018;2018_50_38;myllykoski;1
1348;50/2018;2018_50_38;sanoa;1
1348;50/2018;2018_50_38;kilpailu;2
1348;50/2018;2018_50_38;hyvä;3
1348;50/2018;2018_50_38;tuottaa;1
1348;50/2018;2018_50_38;minä;1
1348;50/2018;2018_50_38;edullinen;1
1348;50/2018;2018_50_38;toivoa;1
1348;50/2018;2018_50_38;todella;1
1348;50/2018;2018_50_38;esitys;1
1348;50/2018;2018_50_38;kautta;1
1348;50/2018;2018_50_38;päästä;1
1348;50/2018;2018_50_38;vakaasti;1
1348;50/2018;2018_50_38;uskoa;1
1348;50/2018;2018_50_46;arvoisa;1
1348;50/2018;2018_50_46;herra;1
1348;50/2018;2018_50_46;puhemies;1
1348;50/2018;2018_50_46;kiitos;1
1348;50/2018;2018_50_46;ensinnä;1
1348;50/2018;2018_50_46;kollega;1
1348;50/2018;2018_50_46;hyvä;1
1348;50/2018;2018_50_46;ja;8
1348;50/2018;2018_50_46;samanmielinen;1
1348;50/2018;2018_50_46;keskustelu;2
1348;50/2018;2018_50_46;kuten;3
1348;50/2018;2018_50_46;usein;1
1348;50/2018;2018_50_46;tämä;6
1348;50/2018;2018_50_46;todeta;3
1348;50/2018;2018_50_46;valeuutinen;1
1348;50/2018;2018_50_46;aikakausi;1
1348;50/2018;2018_50_46;olla;9
1348;50/2018;2018_50_46;ääretön;3
1348;50/2018;2018_50_46;tärkeä;4
1348;50/2018;2018_50_46;se;8
1348;50/2018;2018_50_46;että;6
1348;50/2018;2018_50_46;minä;3
1348;50/2018;2018_50_46;yle;6
1348;50/2018;2018_50_46;kaltainen;1
1348;50/2018;2018_50_46;luotettava;1
1348;50/2018;2018_50_46;riippumaton;1
1348;50/2018;2018_50_46;media;2
1348;50/2018;2018_50_46;joka;1
1348;50/2018;2018_50_46;sitten;2
1348;50/2018;2018_50_46;ohjata;1
1348;50/2018;2018_50_46;täältä;1
1348;50/2018;2018_50_46;parlamentaarisesti;1
1348;50/2018;2018_50_46;edustaja;1
1348;50/2018;2018_50_46;myllykoski;1
1348;50/2018;2018_50_46;itse;1
1348;50/2018;2018_50_46;journalistinen;1
1348;50/2018;2018_50_46;linja;2
1348;50/2018;2018_50_46;sisältö;2
1348;50/2018;2018_50_46;ei;2
1348;50/2018;2018_50_46;tehtävä;1
1348;50/2018;2018_50_46;puuttua;1
1348;50/2018;2018_50_46;vaan;1
1348;50/2018;2018_50_46;luottaa;1
1348;50/2018;2018_50_46;toimituksellinen;1
1348;50/2018;2018_50_46;ammattitaito;1
1348;50/2018;2018_50_46;haluta;2
1348;50/2018;2018_50_46;myös;3
1348;50/2018;2018_50_46;rooli;1
1348;50/2018;2018_50_46;suomi;1
1348;50/2018;2018_50_46;vähemmistökieli;1
1348;50/2018;2018_50_46;kanta;2
1348;50/2018;2018_50_46;esimerkiksi;1
1348;50/2018;2018_50_46;saamenkielinen;2
1348;50/2018;2018_50_46;uutinen;1
1348;50/2018;2018_50_46;lastenohjelma;1
1348;50/2018;2018_50_46;karjalankielinen;1
1348;50/2018;2018_50_46;aivan;1
1348;50/2018;2018_50_46;kulttuuri;1
1348;50/2018;2018_50_46;elinvoima;1
1348;50/2018;2018_50_46;kieli;1
1348;50/2018;2018_50_46;säilyminen;1
1348;50/2018;2018_50_46;aika;1
1348;50/2018;2018_50_46;paljon;1
1348;50/2018;2018_50_46;käydä;1
1348;50/2018;2018_50_46;saamenmaa;1
1348;50/2018;2018_50_46;miten;1
1348;50/2018;2018_50_46;saame;1
1348;50/2018;2018_50_46;toimia;1
1348;50/2018;2018_50_46;kuitenkin;1
1348;50/2018;2018_50_46;esittää;3
1348;50/2018;2018_50_46;kehotus;1
1348;50/2018;2018_50_46;hallintoneuvosto;2
1348;50/2018;2018_50_46;nyt;1
1348;50/2018;2018_50_46;tuleva;1
1348;50/2018;2018_50_46;toimikausi;1
1348;50/2018;2018_50_46;tarkastella;1
1348;50/2018;2018_50_46;spmin;1
1348;50/2018;2018_50_46;toiminta;1
1348;50/2018;2018_50_46;millainen;1
1348;50/2018;2018_50_46;minkätyyppinen;1
1348;50/2018;2018_50_46;siellä;1
1348;50/2018;2018_50_46;valitettavasti;1
1348;50/2018;2018_50_46;osa;1
1348;50/2018;2018_50_46;usea;1
1348;50/2018;2018_50_46;kansalainen;1
1348;50/2018;2018_50_46;ottaa;1
1348;50/2018;2018_50_46;yhteys;1
1348;50/2018;2018_50_46;pitää;2
1348;50/2018;2018_50_46;täysin;1
1348;50/2018;2018_50_46;objektiivinen;2
1348;50/2018;2018_50_46;kiinnittää;1
1348;50/2018;2018_50_46;huomio;1
1348;50/2018;2018_50_46;varmistaa;1
1348;50/2018;2018_50_46;saami;1
1348;50/2018;2018_50_46;uutisointi;1
1348;50/2018;2018_50_46;mikä;1
1348;50/2018;2018_50_46;tapa;1
1348;50/2018;2018_50_46;asia;1
1348;50/2018;2018_50_46;monipuolinen;1
1348;50/2018;2018_50_46;ennen;1
1348;50/2018;2018_50_46;kaikkea;1
1348;50/2018;2018_50_52;arvoisa;1
1348;50/2018;2018_50_52;herra;1
1348;50/2018;2018_50_52;puhemies;1
1348;50/2018;2018_50_52;kiitos;1
1348;50/2018;2018_50_52;ennen;2
1348;50/2018;2018_50_52;kaikkea;2
1348;50/2018;2018_50_52;edustaja;3
1348;50/2018;2018_50_52;myllykoski;1
1348;50/2018;2018_50_52;ja;9
1348;50/2018;2018_50_52;satonen;1
1348;50/2018;2018_50_52;erinomainen;2
1348;50/2018;2018_50_52;puheenvuoro;3
1348;50/2018;2018_50_52;kuten;1
1348;50/2018;2018_50_52;todeta;2
1348;50/2018;2018_50_52;minä;3
1348;50/2018;2018_50_52;olla;13
1348;50/2018;2018_50_52;varmasti;1
1348;50/2018;2018_50_52;paljon;2
1348;50/2018;2018_50_52;poliitikko;1
1348;50/2018;2018_50_52;taho;1
1348;50/2018;2018_50_52;joka;4
1348;50/2018;2018_50_52;ei;6
1348;50/2018;2018_50_52;koskaan;1
1348;50/2018;2018_50_52;täysin;2
1348;50/2018;2018_50_52;tyytyväinen;1
1348;50/2018;2018_50_52;se;11
1348;50/2018;2018_50_52;minkätyyppinen;1
1348;50/2018;2018_50_52;sisältö;3
1348;50/2018;2018_50_52;yle;2
1348;50/2018;2018_50_52;tuottaa;4
1348;50/2018;2018_50_52;mutta;2
1348;50/2018;2018_50_52;tietysti;2
1348;50/2018;2018_50_52;ehkä;1
1348;50/2018;2018_50_52;osa;2
1348;50/2018;2018_50_52;todistaa;1
1348;50/2018;2018_50_52;riippumattomuus;1
1348;50/2018;2018_50_52;jos;2
1348;50/2018;2018_50_52;kaikki;2
1348;50/2018;2018_50_52;aina;3
1348;50/2018;2018_50_52;välillä;2
1348;50/2018;2018_50_52;hivenen;2
1348;50/2018;2018_50_52;tyytymätön;1
1348;50/2018;2018_50_52;tämä;6
1348;50/2018;2018_50_52;tavio;2
1348;50/2018;2018_50_52;että;7
1348;50/2018;2018_50_52;niin;1
1348;50/2018;2018_50_52;eri;1
1348;50/2018;2018_50_52;uutistoimitus;1
1348;50/2018;2018_50_52;ihminen;1
1348;50/2018;2018_50_52;oma;3
1348;50/2018;2018_50_52;maailmankatsomus;1
1348;50/2018;2018_50_52;aivan;1
1348;50/2018;2018_50_52;objektiivinen;1
1348;50/2018;2018_50_52;uutisointi;1
1348;50/2018;2018_50_52;nyt;1
1348;50/2018;2018_50_52;rehellisesti;1
1348;50/2018;2018_50_52;puhua;1
1348;50/2018;2018_50_52;olemassa;1
1348;50/2018;2018_50_52;tehtävä;1
1348;50/2018;2018_50_52;kuitenkin;1
1348;50/2018;2018_50_52;äärimmäinen;1
1348;50/2018;2018_50_52;tärkeä;2
1348;50/2018;2018_50_52;monesti;1
1348;50/2018;2018_50_52;mainita;1
1348;50/2018;2018_50_52;valemedia;1
1348;50/2018;2018_50_52;valeuutinen;1
1348;50/2018;2018_50_52;vastustaminen;1
1348;50/2018;2018_50_52;talo;1
1348;50/2018;2018_50_52;rooli;1
1348;50/2018;2018_50_52;haastaa;1
1348;50/2018;2018_50_52;kyllä;1
1348;50/2018;2018_50_52;myös;2
1348;50/2018;2018_50_52;koko;1
1348;50/2018;2018_50_52;sali;1
1348;50/2018;2018_50_52;itse;5
1348;50/2018;2018_50_52;kehittää;1
1348;50/2018;2018_50_52;medialukutaito;1
1348;50/2018;2018_50_52;varsinkaan;1
1348;50/2018;2018_50_52;tuolla;1
1348;50/2018;2018_50_52;sosiaalinen;1
1348;50/2018;2018_50_52;media;2
1348;50/2018;2018_50_52;nopeasti;1
1348;50/2018;2018_50_52;jakaa;2
1348;50/2018;2018_50_52;houkutteleva;1
1348;50/2018;2018_50_52;näyttävä;1
1348;50/2018;2018_50_52;uutinen;3
1348;50/2018;2018_50_52;varmistua;1
1348;50/2018;2018_50_52;sitten;1
1348;50/2018;2018_50_52;aito;1
1348;50/2018;2018_50_52;vielä;1
1348;50/2018;2018_50_52;täytyä;1
1348;50/2018;2018_50_52;hämmästellä;1
1348;50/2018;2018_50_52;julkinen;2
1348;50/2018;2018_50_52;sana;2
1348;50/2018;2018_50_52;neuvosto;2
1348;50/2018;2018_50_52;mieli;1
1348;50/2018;2018_50_52;pitää;2
1348;50/2018;2018_50_52;valvontamekanismi;1
1348;50/2018;2018_50_52;journalisti;3
1348;50/2018;2018_50_52;ohje;3
1348;50/2018;2018_50_52;hyvä;3
1348;50/2018;2018_50_52;tällainen;1
1348;50/2018;2018_50_52;elin;1
1348;50/2018;2018_50_52;arvioida;1
1348;50/2018;2018_50_52;katsoa;1
1348;50/2018;2018_50_52;toivoa;1
1348;50/2018;2018_50_52;muuten;1
1348;50/2018;2018_50_52;perussuomalainen;1
1348;50/2018;2018_50_52;uutislehti;1
1348;50/2018;2018_50_52;suomi;1
1348;50/2018;2018_50_52;sitoutua;2
1348;50/2018;2018_50_52;tie;1
1348;50/2018;2018_50_52;siellä;1
1348;50/2018;2018_50_52;lehti;1
1348;50/2018;2018_50_52;valitettavasti;1
1348;50/2018;2018_50_52;aikoa;1
1348;50/2018;2018_50_52;sellainen;1
1348;50/2018;2018_50_52;mikäli;1
1348;50/2018;2018_50_52;jäsen;1
1348;50/2018;2018_50_72;arvoisa;3
1348;50/2018;2018_50_72;rouva;3
1348;50/2018;2018_50_72;puhemies;3
1348;50/2018;2018_50_72;nykyinen;1
1348;50/2018;2018_50_72;ampuma-aselaki;4
1348;50/2018;2018_50_72;velvoittaa;1
1348;50/2018;2018_50_72;hankkia;7
1348;50/2018;2018_50_72;aselupamenettely;1
1348;50/2018;2018_50_72;kautta;1
1348;50/2018;2018_50_72;hankkimisoikeus;3
1348;50/2018;2018_50_72;jokainen;2
1348;50/2018;2018_50_72;ampuma-ase;7
1348;50/2018;2018_50_72;olla;10
1348;50/2018;2018_50_72;hakea;3
1348;50/2018;2018_50_72;aina;1
1348;50/2018;2018_50_72;uudelleen;1
1348;50/2018;2018_50_72;myös;2
1348;50/2018;2018_50_72;silloin;1
1348;50/2018;2018_50_72;vaikka;1
1348;50/2018;2018_50_72;ase;12
1348;50/2018;2018_50_72;omistaa;2
1348;50/2018;2018_50_72;jo;2
1348;50/2018;2018_50_72;samantyyppinen;2
1348;50/2018;2018_50_72;kyseinen;1
1348;50/2018;2018_50_72;laki;1
1348;50/2018;2018_50_72;todeta;2
1348;50/2018;2018_50_72;aselupa;8
1348;50/2018;2018_50_72;tehokas;1
1348;50/2018;2018_50_72;ilma-ase;1
1348;50/2018;2018_50_72;tai;4
1348;50/2018;2018_50_72;osa;2
1348;50/2018;2018_50_72;hallussapito;1
1348;50/2018;2018_50_72;oikeuttaa;1
1348;50/2018;2018_50_72;lupa;1
1348;50/2018;2018_50_72;joka;1
1348;50/2018;2018_50_72;voida;5
1348;50/2018;2018_50_72;liittää;1
1348;50/2018;2018_50_72;oikeus;1
1348;50/2018;2018_50_72;hankkiminen;2
1348;50/2018;2018_50_72;taikka;1
1348;50/2018;2018_50_72;valmistaminen;1
1348;50/2018;2018_50_72;muuntaminen;1
1348;50/2018;2018_50_72;yksityinen;1
1348;50/2018;2018_50_72;tarkoitus;1
1348;50/2018;2018_50_72;varten;1
1348;50/2018;2018_50_72;antaa;2
1348;50/2018;2018_50_72;ja;8
1348;50/2018;2018_50_72;peruuttaa;1
1348;50/2018;2018_50_72;poliisilaitos;2
1348;50/2018;2018_50_72;byrokratia;3
1348;50/2018;2018_50_72;kanta;2
1348;50/2018;2018_50_72;yksinkertainen;1
1348;50/2018;2018_50_72;mikäli;1
1348;50/2018;2018_50_72;suomi;1
1348;50/2018;2018_50_72;niin;2
1348;50/2018;2018_50_72;sanottu;1
1348;50/2018;2018_50_72;asepassijärjestelmä;1
1348;50/2018;2018_50_72;asepassi;1
1348;50/2018;2018_50_72;pitää;1
1348;50/2018;2018_50_72;hallussa;1
1348;50/2018;2018_50_72;tietty;1
1348;50/2018;2018_50_72;määrä;1
1348;50/2018;2018_50_72;tietyntyyppinen;1
1348;50/2018;2018_50_72;poliisihallitus;1
1348;50/2018;2018_50_72;sisäministeriö;1
1348;50/2018;2018_50_72;ei;1
1348;50/2018;2018_50_72;kuitenkaan;1
1348;50/2018;2018_50_72;nähdä;2
1348;50/2018;2018_50_72;mahdollisuus;1
1348;50/2018;2018_50_72;tällainen;2
1348;50/2018;2018_50_72;järjestelmä;1
1348;50/2018;2018_50_72;toteuttaminen;1
1348;50/2018;2018_50_72;kun;2
1348;50/2018;2018_50_72;asia;1
1348;50/2018;2018_50_72;viimeksi;1
1348;50/2018;2018_50_72;hallintovaliokunta;2
1348;50/2018;2018_50_72;käsitellä;1
1348;50/2018;2018_50_72;erittäin;1
1348;50/2018;2018_50_72;valitettava;1
1348;50/2018;2018_50_72;että;7
1348;50/2018;2018_50_72;uudistus;2
1348;50/2018;2018_50_72;jäädä;1
1348;50/2018;2018_50_72;jokin;1
1348;50/2018;2018_50_72;tapa;1
1348;50/2018;2018_50_72;puolitie;1
1348;50/2018;2018_50_72;yhteys;2
1348;50/2018;2018_50_72;kuitenkin;2
1348;50/2018;2018_50_72;tarpeellinen;1
1348;50/2018;2018_50_72;purkaa;1
1348;50/2018;2018_50_72;tarpeeton;1
1348;50/2018;2018_50_72;näin;1
1348;50/2018;2018_50_72;toimia;1
1348;50/2018;2018_50_72;luopua;2
1348;50/2018;2018_50_72;muun;1
1348;50/2018;2018_50_72;muassa;1
1348;50/2018;2018_50_72;soveltuvuustestaus;1
1348;50/2018;2018_50_72;siirtyä;1
1348;50/2018;2018_50_72;harkinta;1
1348;50/2018;2018_50_72;esittäminen;1
1348;50/2018;2018_50_72;sekä;1
1348;50/2018;2018_50_72;luoda;1
1348;50/2018;2018_50_72;kokonaan;1
1348;50/2018;2018_50_72;sähköinen;1
1348;50/2018;2018_50_72;menettely;2
1348;50/2018;2018_50_72;hankkimismenettely;1
1348;50/2018;2018_50_72;edelleen;1
1348;50/2018;2018_50_72;keventää;1
1348;50/2018;2018_50_72;yksinkertaisesti;1
1348;50/2018;2018_50_72;velvollisuus;1
1348;50/2018;2018_50_72;uusi;5
1348;50/2018;2018_50_72;vaihtaa;1
1348;50/2018;2018_50_72;soveltaa;1
1348;50/2018;2018_50_72;myydä;1
1348;50/2018;2018_50_72;laillistaa;1
1348;50/2018;2018_50_72;liike;1
1348;50/2018;2018_50_72;tulevaisuus;1
1348;50/2018;2018_50_72;täytyä;1
1348;50/2018;2018_50_72;siis;1
1348;50/2018;2018_50_72;erityyppinen;1
1348;50/2018;2018_50_72;ensimmäinen;1
1348;50/2018;2018_50_72;uudentyyppinen;1
1348;50/2018;2018_50_72;kanssa;2
1348;50/2018;2018_50_72;tämä;6
1348;50/2018;2018_50_72;varmistaa;1
1348;50/2018;2018_50_72;laillinen;1
1348;50/2018;2018_50_72;omata;1
1348;50/2018;2018_50_72;käydä;1
1348;50/2018;2018_50_72;lupaprosessi;1
1348;50/2018;2018_50_72;läpi;1
1348;50/2018;2018_50_72;myöntäminen;1
1348;50/2018;2018_50_72;viranomainen;1
1348;50/2018;2018_50_72;toimi;1
1348;50/2018;2018_50_72;turvallinen;1
1348;50/2018;2018_50_72;ihminen;1
1348;50/2018;2018_50_72;itse;1
1348;50/2018;2018_50_72;yhteiskunta;1
1348;50/2018;2018_50_72;esittää;2
1348;50/2018;2018_50_72;aloite;2
1348;50/2018;2018_50_72;muu;1
1348;50/2018;2018_50_72;allekirjoittanut;1
1348;50/2018;2018_50_72;muuttaa;1
1348;50/2018;2018_50_72;siten;1
1348;50/2018;2018_50_72;voimassa;1
1348;50/2018;2018_50_72;vastaava;1
1348;50/2018;2018_50_72;mikä;1
1348;50/2018;2018_50_72;tahansa;1
1348;50/2018;2018_50_72;luvittaa;1
1348;50/2018;2018_50_72;aseala;3
1348;50/2018;2018_50_72;elinkeinonharjoittaja;3
1348;50/2018;2018_50_72;se;2
1348;50/2018;2018_50_72;edellytys;1
1348;50/2018;2018_50_72;mukainen;1
1348;50/2018;2018_50_72;luovuttaa;1
1348;50/2018;2018_50_72;kauppa;1
1348;50/2018;2018_50_72;jälkeen;3
1348;50/2018;2018_50_72;ilmoittaa;1
1348;50/2018;2018_50_72;luovutus;1
1348;50/2018;2018_50_72;poliisi;2
1348;50/2018;2018_50_72;hankkija;1
1348;50/2018;2018_50_72;vuorokausi;1
1348;50/2018;2018_50_72;kulua;1
1348;50/2018;2018_50_72;hakija;1
1348;50/2018;2018_50_72;kustannus;1
1348;50/2018;2018_50_72;toivoa;1
1348;50/2018;2018_50_72;yhdistää;1
1348;50/2018;2018_50_72;käsittely;1
1348;50/2018;2018_50_72;esitys;1
1348;50/2018;2018_50_72;tänne;1
1348;50/2018;2018_50_72;eduskunta;1
1348;50/2018;2018_50_72;syksy;1
1348;50/2018;2018_50_72;sitten;1
1348;50/2018;2018_50_72;aika;1
1348;50/2018;2018_50_72;saapua;1
1348;50/2018;2018_50_72;kiitos;1
1348;50/2018;2018_50_74;arvoisa;1
1348;50/2018;2018_50_74;rouva;1
1348;50/2018;2018_50_74;puhemies;1
1348;50/2018;2018_50_74;kiitos;2
1348;50/2018;2018_50_74;edustaja;3
1348;50/2018;2018_50_74;hoskonen;2
1348;50/2018;2018_50_74;hyvä;1
1348;50/2018;2018_50_74;kommentti;1
1348;50/2018;2018_50_74;haluta;1
1348;50/2018;2018_50_74;vielä;2
1348;50/2018;2018_50_74;tämä;5
1348;50/2018;2018_50_74;todeta;2
1348;50/2018;2018_50_74;että;3
1348;50/2018;2018_50_74;aloite;2
1348;50/2018;2018_50_74;myötä;1
1348;50/2018;2018_50_74;aseturvallisuus;1
1348;50/2018;2018_50_74;ei;1
1348;50/2018;2018_50_74;mikään;1
1348;50/2018;2018_50_74;tapa;1
1348;50/2018;2018_50_74;olla;4
1348;50/2018;2018_50_74;muuttaa;1
1348;50/2018;2018_50_74;nykyinen;1
1348;50/2018;2018_50_74;ääretön;1
1348;50/2018;2018_50_74;tärkeä;1
1348;50/2018;2018_50_74;pitää;1
1348;50/2018;2018_50_74;huoli;1
1348;50/2018;2018_50_74;myös;1
1348;50/2018;2018_50_74;tulevaisuus;1
1348;50/2018;2018_50_74;ja;3
1348;50/2018;2018_50_74;kuten;1
1348;50/2018;2018_50_74;ymmärtää;1
1348;50/2018;2018_50_74;hyvin;1
1348;50/2018;2018_50_74;henki;1
1348;50/2018;2018_50_74;kyse;1
1348;50/2018;2018_50_74;ennen;1
1348;50/2018;2018_50_74;kaikkea;1
1348;50/2018;2018_50_74;tarpeeton;1
1348;50/2018;2018_50_74;byrokratia;1
1348;50/2018;2018_50_74;purkaminen;1
1348;50/2018;2018_50_74;uskoa;1
1348;50/2018;2018_50_74;eduskunta;1
1348;50/2018;2018_50_74;yli;1
1348;50/2018;2018_50_74;puolueraja;1
1348;50/2018;2018_50_74;voida;1
1348;50/2018;2018_50_74;kaikki;2
1348;50/2018;2018_50_74;tällainen;1
1348;50/2018;2018_50_74;toimenpide;1
1348;50/2018;2018_50_74;kannattaa;1
1348;50/2018;2018_50_74;kerran;1
1348;50/2018;2018_50_74;se;1
1348;50/2018;2018_50_74;muu;1
1348;50/2018;2018_50_74;joka;1
1348;50/2018;2018_50_74;lakialoite;1
1348;50/2018;2018_50_74;allekirjoittaa;1
1348;15/2019;2019_15_192;arvoisa;4
1348;15/2019;2019_15_192;puhemies;4
1348;15/2019;2019_15_192;tämä;16
1348;15/2019;2019_15_192;hallitusohjelma;6
1348;15/2019;2019_15_192;olla;31
1348;15/2019;2019_15_192;erinomainen;1
1348;15/2019;2019_15_192;ja;23
1348;15/2019;2019_15_192;se;26
1348;15/2019;2019_15_192;koko;2
1348;15/2019;2019_15_192;suomi;3
1348;15/2019;2019_15_192;näin;1
1348;15/2019;2019_15_192;lappilainen;1
1348;15/2019;2019_15_192;edustaja;2
1348;15/2019;2019_15_192;lämmittää;1
1348;15/2019;2019_15_192;erityisesti;3
1348;15/2019;2019_15_192;että;21
1348;15/2019;2019_15_192;maaseutu;1
1348;15/2019;2019_15_192;kehittäminen;1
1348;15/2019;2019_15_192;tulla;17
1348;15/2019;2019_15_192;valtavasti;1
1348;15/2019;2019_15_192;uusi;3
1348;15/2019;2019_15_192;lisäpanostus;2
1348;15/2019;2019_15_192;leena;5
1348;15/2019;2019_15_192;meri;6
1348;15/2019;2019_15_192;maksu;2
1348;15/2019;2019_15_192;nousta;2
1348;15/2019;2019_15_192;hieno;2
1348;15/2019;2019_15_192;huomata;1
1348;15/2019;2019_15_192;perussuomalainen;1
1348;15/2019;2019_15_192;ottaa;1
1348;15/2019;2019_15_192;maalitaulu;1
1348;15/2019;2019_15_192;nyt;2
1348;15/2019;2019_15_192;polttoainevero;1
1348;15/2019;2019_15_192;kiristys;1
1348;15/2019;2019_15_192;joka;6
1348;15/2019;2019_15_192;indeksikorotus;1
1348;15/2019;2019_15_192;mutta;2
1348;15/2019;2019_15_192;sinä;1
1348;15/2019;2019_15_192;mennä;1
1348;15/2019;2019_15_192;ohi;1
1348;15/2019;2019_15_192;suuri;1
1348;15/2019;2019_15_192;kuva;1
1348;15/2019;2019_15_192;hallitus;4
1348;15/2019;2019_15_192;sitoutua;1
1348;15/2019;2019_15_192;tehdä;3
1348;15/2019;2019_15_192;liikenne;1
1348;15/2019;2019_15_192;verotus;2
1348;15/2019;2019_15_192;kokonaisuudistus;1
1348;15/2019;2019_15_192;huomioida;1
1348;15/2019;2019_15_192;alueellinen;1
1348;15/2019;2019_15_192;erityispiirre;1
1348;15/2019;2019_15_192;varmistaa;3
1348;15/2019;2019_15_192;tietulli;3
1348;15/2019;2019_15_192;vai;1
1348;15/2019;2019_15_192;arto;1
1348;15/2019;2019_15_192;pirttilahti;1
1348;15/2019;2019_15_192;ei;9
1348;15/2019;2019_15_192;vaan;3
1348;15/2019;2019_15_192;tuloero;1
1348;15/2019;2019_15_192;esimerkiksi;2
1348;15/2019;2019_15_192;kasvaa;1
1348;15/2019;2019_15_192;lisätä;4
1348;15/2019;2019_15_192;turvallisuus;2
1348;15/2019;2019_15_192;poliisi;2
1348;15/2019;2019_15_192;erittäin;4
1348;15/2019;2019_15_192;iloinen;1
1348;15/2019;2019_15_192;samalla;1
1348;15/2019;2019_15_192;säätää;1
1348;15/2019;2019_15_192;myös;13
1348;15/2019;2019_15_192;enimmäisvasteaika;1
1348;15/2019;2019_15_192;maa;1
1348;15/2019;2019_15_192;tarkoittaa;2
1348;15/2019;2019_15_192;poliisiresurssi;1
1348;15/2019;2019_15_192;suunnata;1
1348;15/2019;2019_15_192;harvaan;1
1348;15/2019;2019_15_192;asuttu;1
1348;15/2019;2019_15_192;syrjäinen;1
1348;15/2019;2019_15_192;seutu;1
1348;15/2019;2019_15_192;vasteaika;1
1348;15/2019;2019_15_192;hetki;1
1348;15/2019;2019_15_192;täysin;1
1348;15/2019;2019_15_192;kestämätön;1
1348;15/2019;2019_15_192;taso;1
1348;15/2019;2019_15_192;kotikunta;1
1348;15/2019;2019_15_192;enontekiö;1
1348;15/2019;2019_15_192;tulo;1
1348;15/2019;2019_15_192;paikka;1
1348;15/2019;2019_15_192;joutua;1
1348;15/2019;2019_15_192;odottaa;1
1348;15/2019;2019_15_192;keskimäärin;1
1348;15/2019;2019_15_192;tunti;1
1348;15/2019;2019_15_192;täyttää;1
1348;15/2019;2019_15_192;enää;1
1348;15/2019;2019_15_192;perustuslaki;1
1348;15/2019;2019_15_192;vaatimus;1
1348;15/2019;2019_15_192;keskusta;4
1348;15/2019;2019_15_192;mikään;1
1348;15/2019;2019_15_192;viime;1
1348;15/2019;2019_15_192;kausi;1
1348;15/2019;2019_15_192;tyytyväinen;7
1348;15/2019;2019_15_192;maahanmuuttopolitiikka;1
1348;15/2019;2019_15_192;asettaa;1
1348;15/2019;2019_15_192;pakolaiskiintiö;1
1348;15/2019;2019_15_192;selkeä;1
1348;15/2019;2019_15_192;katto;1
1348;15/2019;2019_15_192;lisäksi;1
1348;15/2019;2019_15_192;valikoida;1
1348;15/2019;2019_15_192;kiintiöpakolainen;1
1348;15/2019;2019_15_192;mukaan;1
1348;15/2019;2019_15_192;hän;2
1348;15/2019;2019_15_192;kotoutua;1
1348;15/2019;2019_15_192;tänne;2
1348;15/2019;2019_15_192;tärkeä;1
1348;15/2019;2019_15_192;päätös;3
1348;15/2019;2019_15_192;kaikki;2
1348;15/2019;2019_15_192;hyvä;1
1348;15/2019;2019_15_192;niin;2
1348;15/2019;2019_15_192;saapua;1
1348;15/2019;2019_15_192;kuin;1
1348;15/2019;2019_15_192;vastaanottaa;1
1348;15/2019;2019_15_192;yhteiskunta;1
1348;15/2019;2019_15_192;kielteinen;1
1348;15/2019;2019_15_192;saada;6
1348;15/2019;2019_15_192;valvonta;2
1348;15/2019;2019_15_192;tehostaa;4
1348;15/2019;2019_15_192;merkittävä;1
1348;15/2019;2019_15_192;turvallisuusasia;1
1348;15/2019;2019_15_192;moni;1
1348;15/2019;2019_15_192;suomalainen;2
1348;15/2019;2019_15_192;turvallisuudentunne;1
1348;15/2019;2019_15_192;tekninen;1
1348;15/2019;2019_15_192;kautta;1
1348;15/2019;2019_15_192;tiedostaa;1
1348;15/2019;2019_15_192;yrittäjyys;1
1348;15/2019;2019_15_192;kantaa;1
1348;15/2019;2019_15_192;yrittäjä;1
1348;15/2019;2019_15_192;yritys;1
1348;15/2019;2019_15_192;kiristää;1
1348;15/2019;2019_15_192;yksi;2
1348;15/2019;2019_15_192;kynnyskysymys;1
1348;15/2019;2019_15_192;minä;4
1348;15/2019;2019_15_192;onnistua;1
1348;15/2019;2019_15_192;pitää;1
1348;15/2019;2019_15_192;hyvin;2
1348;15/2019;2019_15_192;kiinni;1
1348;15/2019;2019_15_192;täytyä;1
1348;15/2019;2019_15_192;minkälainen;1
1348;15/2019;2019_15_192;osoittaa;1
1348;15/2019;2019_15_192;maatalous;3
1348;15/2019;2019_15_192;yli;1
1348;15/2019;2019_15_192;miljoona;2
1348;15/2019;2019_15_192;euro;2
1348;15/2019;2019_15_192;maaseutuelinkeino;1
1348;15/2019;2019_15_192;kieltää;1
1348;15/2019;2019_15_192;päinvastoin;1
1348;15/2019;2019_15_192;tukea;1
1348;15/2019;2019_15_192;kannattava;1
1348;15/2019;2019_15_192;tulevaisuus;1
1348;15/2019;2019_15_192;lappi;1
1348;15/2019;2019_15_192;maakunta;2
1348;15/2019;2019_15_192;mikä;1
1348;15/2019;2019_15_192;viesti;1
1348;15/2019;2019_15_192;talonpoika;1
1348;15/2019;2019_15_192;poromies;1
1348;15/2019;2019_15_192;matkailuyrittäjä;1
1348;15/2019;2019_15_192;kiitellä;2
1348;15/2019;2019_15_192;lentoliikennevero;1
1348;15/2019;2019_15_192;torjua;1
1348;15/2019;2019_15_192;ilmastomuutos;1
1348;15/2019;2019_15_192;sekoitevelvoite;1
1348;15/2019;2019_15_192;biokerosiini;1
1348;15/2019;2019_15_192;käyttö;1
1348;15/2019;2019_15_192;kalastaja;1
1348;15/2019;2019_15_192;vaelluskala;1
1348;15/2019;2019_15_192;potti;1
1348;15/2019;2019_15_192;metsästäjä;1
1348;15/2019;2019_15_192;suo;1
1348;15/2019;2019_15_192;ennallistaa;1
1348;15/2019;2019_15_192;tarpeeton;1
1348;15/2019;2019_15_192;ojitus;1
1348;15/2019;2019_15_192;tukkia;1
1348;15/2019;2019_15_192;riekko;1
1348;15/2019;2019_15_192;lentää;1
1348;15/2019;2019_15_192;etelä-lappi;1
1348;15/2019;2019_15_192;kuten;1
1348;15/2019;2019_15_192;joskus;2
1348;15/2019;2019_15_192;ennen;2
1348;15/2019;2019_15_192;muuten;1
1348;15/2019;2019_15_192;riista;1
1348;15/2019;2019_15_192;elinympäristö;1
1348;15/2019;2019_15_192;parantaa;1
1348;15/2019;2019_15_192;vielä;1
1348;15/2019;2019_15_192;varmasti;1
1348;15/2019;2019_15_192;nähdä;2
1348;15/2019;2019_15_192;lohi;1
1348;15/2019;2019_15_192;hypätä;1
1348;15/2019;2019_15_192;tuolla;1
1348;15/2019;2019_15_192;kemijoki;1
1348;15/2019;2019_15_192;latvavesi;1
1348;15/2019;2019_15_192;saakka;1
1348;15/2019;2019_15_192;voida;1
1348;15/2019;2019_15_192;suurpetopolitiikka;1
1348;15/2019;2019_15_192;hakea;1
1348;15/2019;2019_15_192;keino;1
1348;15/2019;2019_15_192;ylimääräinen;1
1348;15/2019;2019_15_192;susi;1
1348;15/2019;2019_15_192;poistaminen;2
1348;15/2019;2019_15_192;ihminen;2
1348;15/2019;2019_15_192;pihapiiri;1
1348;15/2019;2019_15_192;vieraslaji;2
1348;15/2019;2019_15_192;oma;1
1348;15/2019;2019_15_192;huomio;1
1348;15/2019;2019_15_192;luonto;1
1348;15/2019;2019_15_192;merimetso;1
1348;15/2019;2019_15_192;hylje;1
1348;15/2019;2019_15_192;pyynti;1
1348;15/2019;2019_15_192;ohjelma;1
1348;15/2019;2019_15_192;turvata;1
1348;15/2019;2019_15_192;metsästys;1
1348;15/2019;2019_15_192;kalastus;1
1348;15/2019;2019_15_192;edellytys;1
1348;15/2019;2019_15_192;ohella;1
1348;15/2019;2019_15_192;kuitenkin;1
1348;15/2019;2019_15_192;keskustalainen;1
1348;15/2019;2019_15_192;ilahduttaa;1
1348;15/2019;2019_15_192;ehkä;1
1348;15/2019;2019_15_192;eniten;1
1348;15/2019;2019_15_192;lopulta;1
1348;15/2019;2019_15_192;maakuntauudistus;1
1348;15/2019;2019_15_192;rakentaa;1
1348;15/2019;2019_15_192;pohja;1
1348;15/2019;2019_15_192;valtava;1
1348;15/2019;2019_15_192;vallansiirto;1
1348;15/2019;2019_15_192;täältä;1
1348;15/2019;2019_15_192;keskushallinto;1
1348;15/2019;2019_15_192;takaisin;1
1348;15/2019;2019_15_192;lähemmäksi;1
1348;15/2019;2019_15_192;siirto;1
1348;15/2019;2019_15_192;siellä;1
1348;15/2019;2019_15_192;mahdollimman;1
1348;15/2019;2019_15_192;lähellä;1
1348;15/2019;2019_15_192;koskettaa;1
1348;15/2019;2019_15_192;oppositio;1
1348;15/2019;2019_15_192;kritisoida;1
1348;15/2019;2019_15_192;paljon;1
1348;15/2019;2019_15_192;vihervasemmistohallitus;1
1348;15/2019;2019_15_192;tai;1
1348;15/2019;2019_15_192;jokin;1
1348;15/2019;2019_15_192;muu;1
1348;15/2019;2019_15_192;itse;1
1348;15/2019;2019_15_192;toteuttaa;1
1348;15/2019;2019_15_192;vapaa;1
1348;15/2019;2019_15_192;kansa;1
1348;15/2019;2019_15_192;suora;1
1348;15/2019;2019_15_192;tie;1
1348;15/2019;2019_15_192;kapitalismi;1
1348;15/2019;2019_15_192;sosialismi;1
1348;15/2019;2019_15_192;välillä;1
1348;15/2019;2019_15_192;arhinmäki;1
1348;15/2019;2019_15_192;sanoa;1
1348;15/2019;2019_15_192;puolustaa;1
1348;19/2019;2019_19_15;arvoisa;1
1348;19/2019;2019_19_15;rouva;1
1348;19/2019;2019_19_15;puhemies;1
1348;19/2019;2019_19_15;tämä;3
1348;19/2019;2019_19_15;olla;2
1348;19/2019;2019_19_15;kyse;1
1348;19/2019;2019_19_15;pelkästään;1
1348;19/2019;2019_19_15;voimaantulosäännös;1
1348;19/2019;2019_19_15;muuttaminen;1
1348;19/2019;2019_19_15;mutta;1
1348;19/2019;2019_19_15;haluta;1
1348;19/2019;2019_19_15;yhteys;1
1348;19/2019;2019_19_15;todeta;1
1348;19/2019;2019_19_15;että;4
1348;19/2019;2019_19_15;erinomainen;1
1348;19/2019;2019_19_15;hallitusneuvottelu;1
1348;19/2019;2019_19_15;saada;1
1348;19/2019;2019_19_15;sopia;1
1348;19/2019;2019_19_15;aselupakäytäntö;1
1348;19/2019;2019_19_15;yhdenmukaistaa;1
1348;19/2019;2019_19_15;koko;1
1348;19/2019;2019_19_15;maa;1
1348;19/2019;2019_19_15;siten;1
1348;19/2019;2019_19_15;ampuma-aselainsäädäntö;1
1348;19/2019;2019_19_15;ei;1
1348;19/2019;2019_19_15;tulla;1
1348;19/2019;2019_19_15;kiristää;1
1348;24/2019;2019_24_95;arvoisa;1
1348;24/2019;2019_24_95;herra;1
1348;24/2019;2019_24_95;puhemies;1
1348;24/2019;2019_24_95;nostaa;2
1348;24/2019;2019_24_95;esille;2
1348;24/2019;2019_24_95;muutama;1
1348;24/2019;2019_24_95;asia;1
1348;24/2019;2019_24_95;joka;2
1348;24/2019;2019_24_95;tämä;12
1348;24/2019;2019_24_95;keskustelu;1
1348;24/2019;2019_24_95;olla;16
1348;24/2019;2019_24_95;käydä;1
1348;24/2019;2019_24_95;läpi;1
1348;24/2019;2019_24_95;edustaja;2
1348;24/2019;2019_24_95;meri;1
1348;24/2019;2019_24_95;hyvin;2
1348;24/2019;2019_24_95;huolissaan;1
1348;24/2019;2019_24_95;uudelleenkotouttaminen;1
1348;24/2019;2019_24_95;ja;8
1348;24/2019;2019_24_95;itse;1
1348;24/2019;2019_24_95;kyllä;4
1348;24/2019;2019_24_95;nähdä;1
1348;24/2019;2019_24_95;että;13
1348;24/2019;2019_24_95;tärkeä;1
1348;24/2019;2019_24_95;panostaa;1
1348;24/2019;2019_24_95;myös;7
1348;24/2019;2019_24_95;se;11
1348;24/2019;2019_24_95;koska;1
1348;24/2019;2019_24_95;estää;1
1348;24/2019;2019_24_95;sitten;2
1348;24/2019;2019_24_95;niin;2
1348;24/2019;2019_24_95;sanottu;1
1348;24/2019;2019_24_95;return;1
1348;24/2019;2019_24_95;shopping;1
1348;24/2019;2019_24_95;ei;2
1348;24/2019;2019_24_95;toistua;1
1348;24/2019;2019_24_95;vaan;1
1348;24/2019;2019_24_95;henkilö;1
1348;24/2019;2019_24_95;aidosti;2
1348;24/2019;2019_24_95;sellainen;3
1348;24/2019;2019_24_95;edellytys;1
1348;24/2019;2019_24_95;olosuhde;2
1348;24/2019;2019_24_95;hän;4
1348;24/2019;2019_24_95;pysyä;1
1348;24/2019;2019_24_95;siellä;1
1348;24/2019;2019_24_95;kotimaa;1
1348;24/2019;2019_24_95;kun;2
1348;24/2019;2019_24_95;kerran;1
1348;24/2019;2019_24_95;täältä;1
1348;24/2019;2019_24_95;palata;1
1348;24/2019;2019_24_95;muuten;1
1348;24/2019;2019_24_95;hallitusohjelma;3
1348;24/2019;2019_24_95;tyytyväinen;1
1348;24/2019;2019_24_95;sitoutua;2
1348;24/2019;2019_24_95;solmia;1
1348;24/2019;2019_24_95;uusi;1
1348;24/2019;2019_24_95;palautussopimus;1
1348;24/2019;2019_24_95;eri;1
1348;24/2019;2019_24_95;valtio;1
1348;24/2019;2019_24_95;kanssa;1
1348;24/2019;2019_24_95;kiuru;1
1348;24/2019;2019_24_95;esittää;1
1348;24/2019;2019_24_95;hyvä;2
1348;24/2019;2019_24_95;kysymys;1
1348;24/2019;2019_24_95;mikä;1
1348;24/2019;2019_24_95;minä;2
1348;24/2019;2019_24_95;mieli;1
1348;24/2019;2019_24_95;syy;2
1348;24/2019;2019_24_95;arvioida;1
1348;24/2019;2019_24_95;vaihe;1
1348;24/2019;2019_24_95;suomi;3
1348;24/2019;2019_24_95;tukea;1
1348;24/2019;2019_24_95;irak;1
1348;24/2019;2019_24_95;jälleenrakennustyö;1
1348;24/2019;2019_24_95;edellyttää;1
1348;24/2019;2019_24_95;sieltä;3
1348;24/2019;2019_24_95;jokin;1
1348;24/2019;2019_24_95;oma;1
1348;24/2019;2019_24_95;kansalainen;1
1348;24/2019;2019_24_95;osa;1
1348;24/2019;2019_24_95;toki;1
1348;24/2019;2019_24_95;kuitenkin;1
1348;24/2019;2019_24_95;varmistaa;1
1348;24/2019;2019_24_95;kaikki;2
1348;24/2019;2019_24_95;perus;1
1348;24/2019;2019_24_95;ihmisoikeus;1
1348;24/2019;2019_24_95;toteutua;1
1348;24/2019;2019_24_95;tuossa;1
1348;24/2019;2019_24_95;afrikka;2
1348;24/2019;2019_24_95;suunnata;1
1348;24/2019;2019_24_95;määräraha;1
1348;24/2019;2019_24_95;perussuomalainen;2
1348;24/2019;2019_24_95;toimi;1
1348;24/2019;2019_24_95;hämmästellä;1
1348;24/2019;2019_24_95;puheenvuoro;1
1348;24/2019;2019_24_95;hallitus;1
1348;24/2019;2019_24_95;selkeästi;1
1348;24/2019;2019_24_95;kehitysyhteistyö;1
1348;24/2019;2019_24_95;painopiste;1
1348;24/2019;2019_24_95;laittaa;1
1348;24/2019;2019_24_95;laiton;1
1348;24/2019;2019_24_95;muuttoliike;1
1348;24/2019;2019_24_95;tyssätä;1
1348;24/2019;2019_24_95;pitää;1
1348;24/2019;2019_24_95;huoli;1
1348;24/2019;2019_24_95;lähtömaa;1
1348;24/2019;2019_24_95;tarvita;1
1348;24/2019;2019_24_95;liikkeelle;1
1348;24/2019;2019_24_95;lähteä;1
1348;24/2019;2019_24_95;ääretön;1
1348;24/2019;2019_24_95;linjaus;2
1348;24/2019;2019_24_95;haluta;1
1348;24/2019;2019_24_95;muistuttaa;1
1348;24/2019;2019_24_95;hetki;1
1348;24/2019;2019_24_95;saapua;1
1348;24/2019;2019_24_95;turvapaikanhakija;1
1348;24/2019;2019_24_95;vähemmän;1
1348;24/2019;2019_24_95;kuin;1
1348;24/2019;2019_24_95;koskaan;1
1348;24/2019;2019_24_95;vuosituhat;1
1348;24/2019;2019_24_95;noin;1
1348;24/2019;2019_24_95;viime;1
1348;24/2019;2019_24_95;vuosi;1
1348;24/2019;2019_24_95;trendi;1
1348;24/2019;2019_24_95;laskea;1
1348;24/2019;2019_24_95;uskoa;1
1348;24/2019;2019_24_95;mukainen;1
1348;24/2019;2019_24_95;kyetä;2
1348;24/2019;2019_24_95;säilyttää;1
1348;24/2019;2019_24_95;kansainvälinen;1
1348;24/2019;2019_24_95;velvoite;1
1348;24/2019;2019_24_95;hoitaa;1
1348;24/2019;2019_24_95;ottaa;1
1348;24/2019;2019_24_95;mieluummin;1
1348;24/2019;2019_24_95;kiintiöpakolainen;1
1348;24/2019;2019_24_95;varmasti;1
1348;24/2019;2019_24_95;pakolaisasema;1
1348;24/2019;2019_24_95;apu;1
1348;24/2019;2019_24_95;tarve;1
1348;29/2019;2019_29_76;arvoisa;1
1348;29/2019;2019_29_76;herra;1
1348;29/2019;2019_29_76;puhemies;1
1348;29/2019;2019_29_76;pitää;1
1348;29/2019;2019_29_76;tämä;8
1348;29/2019;2019_29_76;lakialoite;1
1348;29/2019;2019_29_76;äärimmäinen;1
1348;29/2019;2019_29_76;kannatettava;1
1348;29/2019;2019_29_76;ja;7
1348;29/2019;2019_29_76;vaikka;2
1348;29/2019;2019_29_76;tällainen;2
1348;29/2019;2019_29_76;tyttö;2
1348;29/2019;2019_29_76;silpominen;1
1348;29/2019;2019_29_76;nykyään;1
1348;29/2019;2019_29_76;olla;11
1348;29/2019;2019_29_76;laiton;1
1348;29/2019;2019_29_76;niin;3
1348;29/2019;2019_29_76;erillislaki;1
1348;29/2019;2019_29_76;säätäminen;1
1348;29/2019;2019_29_76;ääretön;1
1348;29/2019;2019_29_76;hyvä;1
1348;29/2019;2019_29_76;asia;4
1348;29/2019;2019_29_76;hyvin;1
1348;29/2019;2019_29_76;sääli;1
1348;29/2019;2019_29_76;että;8
1348;29/2019;2019_29_76;edellinen;1
1348;29/2019;2019_29_76;oikeusministeri;1
1348;29/2019;2019_29_76;häkkänen;1
1348;29/2019;2019_29_76;ei;3
1348;29/2019;2019_29_76;ryhtyä;1
1348;29/2019;2019_29_76;viime;1
1348;29/2019;2019_29_76;vaalikausi;1
1348;29/2019;2019_29_76;keskusta;1
1348;29/2019;2019_29_76;ministeri;1
1348;29/2019;2019_29_76;saarikko;1
1348;29/2019;2019_29_76;yrittää;1
1348;29/2019;2019_29_76;kovasti;1
1348;29/2019;2019_29_76;viedä;1
1348;29/2019;2019_29_76;eteenpäin;1
1348;29/2019;2019_29_76;toivoa;2
1348;29/2019;2019_29_76;kyllä;1
1348;29/2019;2019_29_76;kun;1
1348;29/2019;2019_29_76;lakivaliokunta;1
1348;29/2019;2019_29_76;nyt;3
1348;29/2019;2019_29_76;käsitellä;2
1348;29/2019;2019_29_76;se;4
1348;29/2019;2019_29_76;sama;1
1348;29/2019;2019_29_76;yhteys;1
1348;29/2019;2019_29_76;myös;3
1348;29/2019;2019_29_76;poika;2
1348;29/2019;2019_29_76;ympärileikkaus;1
1348;29/2019;2019_29_76;kriminalisointi;1
1348;29/2019;2019_29_76;minä;2
1348;29/2019;2019_29_76;thl;1
1348;29/2019;2019_29_76;lääkäriliitto;1
1348;29/2019;2019_29_76;selkeä;1
1348;29/2019;2019_29_76;kanta;1
1348;29/2019;2019_29_76;hän;3
1348;29/2019;2019_29_76;suositella;1
1348;29/2019;2019_29_76;toimenpide;1
1348;29/2019;2019_29_76;tutkimustieto;1
1348;29/2019;2019_29_76;noin;1
1348;29/2019;2019_29_76;puoli;1
1348;29/2019;2019_29_76;prosentti;1
1348;29/2019;2019_29_76;aiheutua;1
1348;29/2019;2019_29_76;jonkuntyyppinen;1
1348;29/2019;2019_29_76;pysyvä;1
1348;29/2019;2019_29_76;vamma;1
1348;29/2019;2019_29_76;ympärileikata;1
1348;29/2019;2019_29_76;esimerkiksi;1
1348;29/2019;2019_29_76;yhdysvalta;1
1348;29/2019;2019_29_76;sata;1
1348;29/2019;2019_29_76;poikalapsi;1
1348;29/2019;2019_29_76;kuolla;1
1348;29/2019;2019_29_76;vuosittain;1
1348;29/2019;2019_29_76;itse;2
1348;29/2019;2019_29_76;nähdä;1
1348;29/2019;2019_29_76;kysymys;1
1348;29/2019;2019_29_76;sukupuoli;1
1348;29/2019;2019_29_76;välinen;1
1348;29/2019;2019_29_76;tasa-arvo;1
1348;29/2019;2019_29_76;ottaa;1
1348;29/2019;2019_29_76;valiokuntakäsittely;1
1348;29/2019;2019_29_76;huomio;1
1348;29/2019;2019_29_76;kuunnella;1
1348;29/2019;2019_29_76;perussuomalainen;2
1348;29/2019;2019_29_76;puhe;1
1348;29/2019;2019_29_76;vähän;1
1348;29/2019;2019_29_76;ymmällä;1
1348;29/2019;2019_29_76;asiassa;1
1348;29/2019;2019_29_76;haluta;2
1348;29/2019;2019_29_76;kysyä;1
1348;29/2019;2019_29_76;tarkennus;1
1348;29/2019;2019_29_76;jos;1
1348;29/2019;2019_29_76;oikein;2
1348;29/2019;2019_29_76;ymmärtää;2
1348;29/2019;2019_29_76;yhtään;1
1348;29/2019;2019_29_76;silpomaton;1
1348;29/2019;2019_29_76;palauttaa;1
1348;29/2019;2019_29_76;somalia;1
1348;29/2019;2019_29_76;koska;1
1348;29/2019;2019_29_76;siellä;1
1348;29/2019;2019_29_76;vaara;1
1348;29/2019;2019_29_76;joutua;1
1348;29/2019;2019_29_76;silpoa;1
1348;29/2019;2019_29_76;aki;1
1348;29/2019;2019_29_76;lindn;1
1348;29/2019;2019_29_76;täällä;1
1348;29/2019;2019_29_76;sanoa;1
1348;50/2019;2019_50_51;arvoisa;1
1348;50/2019;2019_50_51;rouva;1
1348;50/2019;2019_50_51;puhemies;1
1348;50/2019;2019_50_51;ilahtua;1
1348;50/2019;2019_50_51;suunnattomasti;1
1348;50/2019;2019_50_51;kun;2
1348;50/2019;2019_50_51;kuulla;1
1348;50/2019;2019_50_51;perussuomalainen;1
1348;50/2019;2019_50_51;edustaja;1
1348;50/2019;2019_50_51;juvonen;2
1348;50/2019;2019_50_51;puheenvuoro;1
1348;50/2019;2019_50_51;tämä;4
1348;50/2019;2019_50_51;suomalainen;2
1348;50/2019;2019_50_51;huippututkimus;2
1348;50/2019;2019_50_51;puolesta;1
1348;50/2019;2019_50_51;ja;1
1348;50/2019;2019_50_51;toivoa;1
1348;50/2019;2019_50_51;todella;1
1348;50/2019;2019_50_51;että;1
1348;50/2019;2019_50_51;sitten;1
1348;50/2019;2019_50_51;sali;1
1348;50/2019;2019_50_51;jatko;1
1348;50/2019;2019_50_51;käydä;1
1348;50/2019;2019_50_51;keskustelu;2
1348;50/2019;2019_50_51;esimerkiksi;1
1348;50/2019;2019_50_51;ilmastomuutos;1
1348;50/2019;2019_50_51;tai;1
1348;50/2019;2019_50_51;vaikkapa;1
1348;50/2019;2019_50_51;tuulivoima;1
1348;50/2019;2019_50_51;infraääni;1
1348;50/2019;2019_50_51;haitta;1
1348;50/2019;2019_50_51;niin;1
1348;50/2019;2019_50_51;myös;1
1348;50/2019;2019_50_51;kaikki;1
1348;50/2019;2019_50_51;yhdessä;1
1348;50/2019;2019_50_51;nojata;1
1348;50/2019;2019_50_51;tutkimustulos;1
1348;50/2019;2019_50_51;arja;1
1348;50/2019;2019_50_51;pyytää;1
1348;50/2019;2019_50_51;vastauspuheenvuoro;1
1348;50/2019;2019_50_57;arvoisa;2
1348;50/2019;2019_50_57;rouva;1
1348;50/2019;2019_50_57;puhemies;2
1348;50/2019;2019_50_57;kiitos;1
1348;50/2019;2019_50_57;ministeri;1
1348;50/2019;2019_50_57;tämä;3
1348;50/2019;2019_50_57;hyvä;2
1348;50/2019;2019_50_57;vastaus;1
1348;50/2019;2019_50_57;nähdä;1
1348;50/2019;2019_50_57;että;2
1348;50/2019;2019_50_57;esitys;1
1348;50/2019;2019_50_57;olla;5
1348;50/2019;2019_50_57;ensiarvoinen;1
1348;50/2019;2019_50_57;ja;4
1348;50/2019;2019_50_57;tärkeä;1
1348;50/2019;2019_50_57;suomalainen;1
1348;50/2019;2019_50_57;huippututkimus;1
1348;50/2019;2019_50_57;kanta;2
1348;50/2019;2019_50_57;suomi;1
1348;50/2019;2019_50_57;tieteellinen;2
1348;50/2019;2019_50_57;maine;1
1348;50/2019;2019_50_57;maailma;1
1348;50/2019;2019_50_57;erinomainen;1
1348;50/2019;2019_50_57;asia;1
1348;50/2019;2019_50_57;haluta;1
1348;50/2019;2019_50_57;vain;1
1348;50/2019;2019_50_57;tuo;1
1348;50/2019;2019_50_57;oma;1
1348;50/2019;2019_50_57;puheenvuoro;1
1348;50/2019;2019_50_57;muistuttaa;1
1348;50/2019;2019_50_57;tiede;1
1348;50/2019;2019_50_57;aina;1
1348;50/2019;2019_50_57;kuin;1
1348;50/2019;2019_50_57;lepattava;1
1348;50/2019;2019_50_57;liekki;1
1348;50/2019;2019_50_57;pimeä;1
1348;50/2019;2019_50_57;minä;1
1348;50/2019;2019_50_57;täytyä;1
1348;50/2019;2019_50_57;kaikki;1
1348;50/2019;2019_50_57;vastuullinen;1
1348;50/2019;2019_50_57;päättäjä;1
1348;50/2019;2019_50_57;nojata;1
1348;50/2019;2019_50_57;se;1
1348;50/2019;2019_50_57;päätöksenteko;1
1348;50/2019;2019_50_57;ajattelu;1
1348;50/2019;2019_50_57;tieto;1
1348;50/2019;2019_50_57;sitten;1
1348;50/2019;2019_50_57;kyse;1
1348;50/2019;2019_50_57;mikä;1
1348;50/2019;2019_50_57;tahansa;1
1348;51/2019;2019_51_95;arvoisa;1
1348;51/2019;2019_51_95;rouva;1
1348;51/2019;2019_51_95;puhemies;1
1348;51/2019;2019_51_95;aivan;1
1348;51/2019;2019_51_95;ensimmäinen;1
1348;51/2019;2019_51_95;kiitos;4
1348;51/2019;2019_51_95;ministeri;1
1348;51/2019;2019_51_95;erinomainen;2
1348;51/2019;2019_51_95;esittely;1
1348;51/2019;2019_51_95;ja;6
1348;51/2019;2019_51_95;esitys;2
1348;51/2019;2019_51_95;myös;4
1348;51/2019;2019_51_95;kollega;3
1348;51/2019;2019_51_95;hyvä;4
1348;51/2019;2019_51_95;keskustelu;1
1348;51/2019;2019_51_95;kun;2
1348;51/2019;2019_51_95;minä;8
1348;51/2019;2019_51_95;puhua;1
1348;51/2019;2019_51_95;aluekehitys;1
1348;51/2019;2019_51_95;kaupungistuminen;7
1348;51/2019;2019_51_95;esittää;1
1348;51/2019;2019_51_95;yleensä;1
1348;51/2019;2019_51_95;globaalinen;1
1348;51/2019;2019_51_95;megatrendi;2
1348;51/2019;2019_51_95;joka;6
1348;51/2019;2019_51_95;olla;17
1348;51/2019;2019_51_95;väistämätön;1
1348;51/2019;2019_51_95;suomi;4
1348;51/2019;2019_51_95;mutta;2
1348;51/2019;2019_51_95;samalla;1
1348;51/2019;2019_51_95;huomata;1
1348;51/2019;2019_51_95;että;9
1348;51/2019;2019_51_95;itse;3
1348;51/2019;2019_51_95;asiassa;1
1348;51/2019;2019_51_95;laajamittainen;1
1348;51/2019;2019_51_95;ilmiö;2
1348;51/2019;2019_51_95;päättyä;1
1348;51/2019;2019_51_95;jo;1
1348;51/2019;2019_51_95;vuosikymmen;1
1348;51/2019;2019_51_95;sitten;2
1348;51/2019;2019_51_95;kiina;1
1348;51/2019;2019_51_95;kaupungistua;1
1348;51/2019;2019_51_95;ystävä;1
1348;51/2019;2019_51_95;tämä;14
1348;51/2019;2019_51_95;hetki;1
1348;51/2019;2019_51_95;mikä;3
1348;51/2019;2019_51_95;täällä;1
1348;51/2019;2019_51_95;yksi;2
1348;51/2019;2019_51_95;asukas;1
1348;51/2019;2019_51_95;pikkukaupunki;1
1348;51/2019;2019_51_95;takia;2
1348;51/2019;2019_51_95;ääretön;2
1348;51/2019;2019_51_95;tärkeä;3
1348;51/2019;2019_51_95;pitää;1
1348;51/2019;2019_51_95;huoli;1
1348;51/2019;2019_51_95;se;9
1348;51/2019;2019_51_95;koko;1
1348;51/2019;2019_51_95;maa;3
1348;51/2019;2019_51_95;voimavara;1
1348;51/2019;2019_51_95;tulla;2
1348;51/2019;2019_51_95;hyödyntää;1
1348;51/2019;2019_51_95;jokainen;1
1348;51/2019;2019_51_95;ihminen;2
1348;51/2019;2019_51_95;mahdollisuus;1
1348;51/2019;2019_51_95;rakentaa;1
1348;51/2019;2019_51_95;elämä;1
1348;51/2019;2019_51_95;yrittää;1
1348;51/2019;2019_51_95;tehdä;3
1348;51/2019;2019_51_95;työ;2
1348;51/2019;2019_51_95;päin;1
1348;51/2019;2019_51_95;tahansa;1
1348;51/2019;2019_51_95;vuoksi;1
1348;51/2019;2019_51_95;rintee;2
1348;51/2019;2019_51_95;kulmunin;1
1348;51/2019;2019_51_95;punamultahallitus;2
1348;51/2019;2019_51_95;nostaa;1
1348;51/2019;2019_51_95;tasapainoinen;2
1348;51/2019;2019_51_95;aluepolitiikka;2
1348;51/2019;2019_51_95;politiikka;1
1348;51/2019;2019_51_95;keskiö;1
1348;51/2019;2019_51_95;haluta;5
1348;51/2019;2019_51_95;muistuttaa;2
1348;51/2019;2019_51_95;edustaja;1
1348;51/2019;2019_51_95;autto;1
1348;51/2019;2019_51_95;peräänkuuluttaa;1
1348;51/2019;2019_51_95;jatkuva;1
1348;51/2019;2019_51_95;kehitys;1
1348;51/2019;2019_51_95;harvaan;1
1348;51/2019;2019_51_95;asua;1
1348;51/2019;2019_51_95;maaseutu;2
1348;51/2019;2019_51_95;parlamentaarinen;1
1348;51/2019;2019_51_95;työryhmä;2
1348;51/2019;2019_51_95;yhdessä;1
1348;51/2019;2019_51_95;kaikki;1
1348;51/2019;2019_51_95;puolue;1
1348;51/2019;2019_51_95;uskomaton;1
1348;51/2019;2019_51_95;hieno;1
1348;51/2019;2019_51_95;noin;1
1348;51/2019;2019_51_95;prosentti;1
1348;51/2019;2019_51_95;päätyä;1
1348;51/2019;2019_51_95;tuonne;1
1348;51/2019;2019_51_95;hallitusohjelma;1
1348;51/2019;2019_51_95;hallitus;1
1348;51/2019;2019_51_95;viedä;2
1348;51/2019;2019_51_95;nyt;2
1348;51/2019;2019_51_95;vaihe;1
1348;51/2019;2019_51_95;eteenpäin;2
1348;51/2019;2019_51_95;moni;2
1348;51/2019;2019_51_95;tapa;2
1348;51/2019;2019_51_95;ilahtua;1
1348;51/2019;2019_51_95;aamu;1
1348;51/2019;2019_51_95;uutinen;1
1348;51/2019;2019_51_95;suuri;1
1348;51/2019;2019_51_95;osa;1
1348;51/2019;2019_51_95;suomalainen;1
1348;51/2019;2019_51_95;hidastaa;1
1348;51/2019;2019_51_95;ipcc-raportti;1
1348;51/2019;2019_51_95;mukaan;1
1348;51/2019;2019_51_95;sellainen;1
1348;51/2019;2019_51_95;kiihdyttää;1
1348;51/2019;2019_51_95;ilmastomuutos;1
1348;51/2019;2019_51_95;globaali;1
1348;51/2019;2019_51_95;ymmärtää;2
1348;51/2019;2019_51_95;voida;1
1348;51/2019;2019_51_95;tarkoittaa;1
1348;51/2019;2019_51_95;kokoinen;1
1348;51/2019;2019_51_95;pieni;1
1348;51/2019;2019_51_95;todeta;2
1348;51/2019;2019_51_95;esimerkiksi;1
1348;51/2019;2019_51_95;lisätä;1
1348;51/2019;2019_51_95;puhdas;1
1348;51/2019;2019_51_95;ruoka;1
1348;51/2019;2019_51_95;kysyntä;1
1348;51/2019;2019_51_95;hinta;1
1348;51/2019;2019_51_95;tuo;1
1348;51/2019;2019_51_95;kaupunki;1
1348;51/2019;2019_51_95;lomamatka;1
1348;51/2019;2019_51_95;rauha;1
1348;51/2019;2019_51_95;lappi;1
1348;51/2019;2019_51_95;suositella;1
1348;51/2019;2019_51_95;kohde;1
1348;51/2019;2019_51_95;erityisesti;1
1348;51/2019;2019_51_95;täytyä;2
1348;51/2019;2019_51_95;pohtia;1
1348;51/2019;2019_51_95;miten;1
1348;51/2019;2019_51_95;haaste;1
1348;51/2019;2019_51_95;vastata;1
1348;51/2019;2019_51_95;vielä;1
1348;51/2019;2019_51_95;loppu;1
1348;51/2019;2019_51_95;arvostaa;1
1348;51/2019;2019_51_95;kyllä;1
1348;51/2019;2019_51_95;tohtori;1
1348;51/2019;2019_51_95;timo;1
1348;51/2019;2019_51_95;aro;1
1348;51/2019;2019_51_95;ei;2
1348;51/2019;2019_51_95;hän;1
1348;51/2019;2019_51_95;kommentti;1
1348;51/2019;2019_51_95;päivä;1
1348;51/2019;2019_51_95;lehti;1
1348;51/2019;2019_51_95;ehkä;1
1348;51/2019;2019_51_95;kieliä;1
1348;51/2019;2019_51_95;pettymys;1
1348;51/2019;2019_51_95;koska;1
1348;51/2019;2019_51_95;valtavasti;1
1348;51/2019;2019_51_95;taho;1
1348;51/2019;2019_51_95;pakkokaupungistuminen;1
1348;51/2019;2019_51_95;ideologia;1
1348;51/2019;2019_51_95;hyvin;1
1348;51/2019;2019_51_95;ylpeä;1
1348;51/2019;2019_51_95;kulmun;1
1348;51/2019;2019_51_95;näin;1
1348;51/2019;2019_51_154;arvoisa;1
1348;51/2019;2019_51_154;herra;1
1348;51/2019;2019_51_154;puhemies;1
1348;51/2019;2019_51_154;lappilainen;1
1348;51/2019;2019_51_154;edustajakollega;1
1348;51/2019;2019_51_154;ojala-niemelä;1
1348;51/2019;2019_51_154;nostaa;1
1348;51/2019;2019_51_154;tämä;6
1348;51/2019;2019_51_154;esille;1
1348;51/2019;2019_51_154;kyllä;3
1348;51/2019;2019_51_154;erittäin;2
1348;51/2019;2019_51_154;tärkeä;2
1348;51/2019;2019_51_154;huomio;1
1348;51/2019;2019_51_154;ja;5
1348;51/2019;2019_51_154;itse;1
1348;51/2019;2019_51_154;olla;7
1348;51/2019;2019_51_154;huolissaan;1
1348;51/2019;2019_51_154;se;6
1348;51/2019;2019_51_154;mikä;1
1348;51/2019;2019_51_154;tapa;2
1348;51/2019;2019_51_154;niin;2
1348;51/2019;2019_51_154;sanottu;1
1348;51/2019;2019_51_154;maakuntaradio;1
1348;51/2019;2019_51_154;kyetä;2
1348;51/2019;2019_51_154;toimia;1
1348;51/2019;2019_51_154;miten;1
1348;51/2019;2019_51_154;taata;1
1348;51/2019;2019_51_154;resurssi;1
1348;51/2019;2019_51_154;että;4
1348;51/2019;2019_51_154;palvella;1
1348;51/2019;2019_51_154;mahdollimman;1
1348;51/2019;2019_51_154;hyvä;1
1348;51/2019;2019_51_154;koko;1
1348;51/2019;2019_51_154;suomi;2
1348;51/2019;2019_51_154;kaikki;1
1348;51/2019;2019_51_154;minä;3
1348;51/2019;2019_51_154;maakunta;1
1348;51/2019;2019_51_154;samoin;1
1348;51/2019;2019_51_154;toivoa;1
1348;51/2019;2019_51_154;totta;2
1348;51/2019;2019_51_154;kai;2
1348;51/2019;2019_51_154;yle;3
1348;51/2019;2019_51_154;panostaa;1
1348;51/2019;2019_51_154;tapahtua;1
1348;51/2019;2019_51_154;ilahduttava;1
1348;51/2019;2019_51_154;kehitys;1
1348;51/2019;2019_51_154;myös;2
1348;51/2019;2019_51_154;saamenkielinen;2
1348;51/2019;2019_51_154;sisältö;2
1348;51/2019;2019_51_154;joka;3
1348;51/2019;2019_51_154;ääretön;1
1348;51/2019;2019_51_154;sitten;2
1348;51/2019;2019_51_154;sellainen;2
1348;51/2019;2019_51_154;asua;1
1348;51/2019;2019_51_154;saamelainen;1
1348;51/2019;2019_51_154;kotiseutualue;1
1348;51/2019;2019_51_154;ulkopuolella;1
1348;51/2019;2019_51_154;ymmärtää;1
1348;51/2019;2019_51_154;osa;1
1348;51/2019;2019_51_154;keskustelu;1
1348;51/2019;2019_51_154;esittää;1
1348;51/2019;2019_51_154;kritiikki;2
1348;51/2019;2019_51_154;poliittinen;1
1348;51/2019;2019_51_154;kohtaan;1
1348;51/2019;2019_51_154;tietysti;1
1348;51/2019;2019_51_154;täysin;1
1348;51/2019;2019_51_154;selvä;1
1348;51/2019;2019_51_154;poliitikko;1
1348;51/2019;2019_51_154;varmasti;1
1348;51/2019;2019_51_154;jokainen;1
1348;51/2019;2019_51_154;välillä;1
1348;51/2019;2019_51_154;joku;1
1348;51/2019;2019_51_154;uutinen;2
1348;51/2019;2019_51_154;siellä;1
1348;51/2019;2019_51_154;kismittää;1
1348;51/2019;2019_51_154;harmittaa;1
1348;51/2019;2019_51_154;mutta;1
1348;51/2019;2019_51_154;haluta;1
1348;51/2019;2019_51_154;muistuttaa;1
1348;51/2019;2019_51_154;sitoutua;2
1348;51/2019;2019_51_154;julkinen;1
1348;51/2019;2019_51_154;sana;1
1348;51/2019;2019_51_154;neuvosto;1
1348;51/2019;2019_51_154;sääntö;3
1348;51/2019;2019_51_154;erityisesti;1
1348;51/2019;2019_51_154;perussuomalainen;1
1348;51/2019;2019_51_154;huomattavasti;1
1348;51/2019;2019_51_154;uskottava;1
1348;51/2019;2019_51_154;mikäli;1
1348;51/2019;2019_51_154;sinä;1
1348;51/2019;2019_51_154;oma;1
1348;51/2019;2019_51_154;puoluelehti;1
1348;51/2019;2019_51_154;sama;1
1348;51/2019;2019_51_154;arto;2
1348;51/2019;2019_51_154;satonen;2
1348;51/2019;2019_51_154;juuri;1
1348;51/2019;2019_51_154;näin;1
1348;51/2019;2019_51_154;ei;2
1348;51/2019;2019_51_154;nimittäin;1
1348;51/2019;2019_51_154;voida;1
1348;51/2019;2019_51_154;luottaa;1
1348;51/2019;2019_51_154;media;1
1348;51/2019;2019_51_154;omaksua;1
1348;51/2019;2019_51_154;pitää;1
1348;51/2019;2019_51_154;kiinni;1
1348;51/2019;2019_51_154;hyvin;1
1348;51/2019;2019_51_154;sanoa;1
1348;51/2019;2019_51_154;juha;1
1348;51/2019;2019_51_154;mäenpää;1
1348;51/2019;2019_51_154;välihuuto;1
1348;64/2019;2019_64_110;arvoisa;1
1348;64/2019;2019_64_110;herra;1
1348;64/2019;2019_64_110;puhemies;1
1348;64/2019;2019_64_110;olla;12
1348;64/2019;2019_64_110;todella;2
1348;64/2019;2019_64_110;iloinen;1
1348;64/2019;2019_64_110;se;9
1348;64/2019;2019_64_110;että;9
1348;64/2019;2019_64_110;minä;5
1348;64/2019;2019_64_110;tietty;1
1348;64/2019;2019_64_110;asia;1
1348;64/2019;2019_64_110;tämä;9
1348;64/2019;2019_64_110;sali;2
1348;64/2019;2019_64_110;varsin;2
1348;64/2019;2019_64_110;syvä;1
1348;64/2019;2019_64_110;konsensus;1
1348;64/2019;2019_64_110;ensinnä;1
1348;64/2019;2019_64_110;metsä;3
1348;64/2019;2019_64_110;ja;14
1348;64/2019;2019_64_110;suomalainen;2
1348;64/2019;2019_64_110;tärkeä;2
1348;64/2019;2019_64_110;kirkko;1
1348;64/2019;2019_64_110;itse;1
1348;64/2019;2019_64_110;ennen;1
1348;64/2019;2019_64_110;kaikkea;1
1348;64/2019;2019_64_110;eränkäynti;2
1348;64/2019;2019_64_110;kanta;1
1348;64/2019;2019_64_110;tyytyväinen;1
1348;64/2019;2019_64_110;metsänkäsittelymenetelmä;1
1348;64/2019;2019_64_110;nykyään;1
1348;64/2019;2019_64_110;huolehtia;1
1348;64/2019;2019_64_110;myös;3
1348;64/2019;2019_64_110;edellytys;1
1348;64/2019;2019_64_110;mainiosti;1
1348;64/2019;2019_64_110;samoin;1
1348;64/2019;2019_64_110;sama;1
1348;64/2019;2019_64_110;mieli;1
1348;64/2019;2019_64_110;jatkuva;1
1348;64/2019;2019_64_110;kasvatus;1
1348;64/2019;2019_64_110;voida;1
1348;64/2019;2019_64_110;lisätä;1
1348;64/2019;2019_64_110;usea;1
1348;64/2019;2019_64_110;sellainen;1
1348;64/2019;2019_64_110;alue;2
1348;64/2019;2019_64_110;joka;1
1348;64/2019;2019_64_110;näin;2
1348;64/2019;2019_64_110;kyetä;1
1348;64/2019;2019_64_110;toimia;1
1348;64/2019;2019_64_110;kuitenkin;1
1348;64/2019;2019_64_110;yksiselitteinen;1
1348;64/2019;2019_64_110;keskusta;1
1348;64/2019;2019_64_110;ei;1
1348;64/2019;2019_64_110;kannattaa;1
1348;64/2019;2019_64_110;aloite;3
1348;64/2019;2019_64_110;mukainen;1
1348;64/2019;2019_64_110;avohakkuukielto;1
1348;64/2019;2019_64_110;muistuttaa;2
1348;64/2019;2019_64_110;edelleen;1
1348;64/2019;2019_64_110;kaikki;2
1348;64/2019;2019_64_110;hallitusohjelma;2
1348;64/2019;2019_64_110;vastainen;1
1348;64/2019;2019_64_110;olettaa;1
1348;64/2019;2019_64_110;hallituspuolue;1
1348;64/2019;2019_64_110;tulla;1
1348;64/2019;2019_64_110;yhdessä;1
1348;64/2019;2019_64_110;yksi;1
1348;64/2019;2019_64_110;tuuma;1
1348;64/2019;2019_64_110;tyrmätä;1
1348;64/2019;2019_64_110;niin;1
1348;64/2019;2019_64_110;kuin;1
1348;64/2019;2019_64_110;sopia;1
1348;64/2019;2019_64_110;nostaa;1
1348;64/2019;2019_64_110;loppu;1
1348;64/2019;2019_64_110;esille;1
1348;64/2019;2019_64_110;vielä;1
1348;64/2019;2019_64_110;pohjoissuomalainen;1
1348;64/2019;2019_64_110;sydän;1
1348;64/2019;2019_64_110;kyllä;1
1348;64/2019;2019_64_110;itkeä;1
1348;64/2019;2019_64_110;veri;1
1348;64/2019;2019_64_110;helsinki;2
1348;64/2019;2019_64_110;vihreä;2
1348;64/2019;2019_64_110;metsäpolitiikka;1
1348;64/2019;2019_64_110;vuoksi;1
1348;64/2019;2019_64_110;keskuspuisto;1
1348;64/2019;2019_64_110;täällä;1
1348;64/2019;2019_64_110;malmi;1
1348;64/2019;2019_64_110;lentoasema;1
1348;64/2019;2019_64_110;hakata;1
1348;64/2019;2019_64_110;paljas;1
1348;64/2019;2019_64_110;haudata;1
1348;64/2019;2019_64_110;ikuinen;1
1348;64/2019;2019_64_110;aika;1
1348;64/2019;2019_64_110;betoni;1
1348;64/2019;2019_64_110;alle;1
1348;64/2019;2019_64_110;tuhota;1
1348;64/2019;2019_64_110;hiilinielu;2
1348;64/2019;2019_64_110;luonto;2
1348;64/2019;2019_64_110;monimuotoisuus;2
1348;64/2019;2019_64_110;pysyvästi;1
1348;64/2019;2019_64_110;välihuuto;1
1348;64/2019;2019_64_110;ryhmä;1
1348;64/2019;2019_64_110;kysyä;1
1348;64/2019;2019_64_110;vain;1
1348;64/2019;2019_64_110;kuka;1
1348;64/2019;2019_64_110;aikoa;1
1348;64/2019;2019_64_110;puuttua;1
1348;64/2019;2019_64_110;minkälainen;1
1348;64/2019;2019_64_110;samalla;1
1348;64/2019;2019_64_110;haluta;1
1348;64/2019;2019_64_110;metsäkato;1
1348;64/2019;2019_64_110;suuri;1
1348;64/2019;2019_64_110;syy;1
1348;64/2019;2019_64_110;suomi;1
1348;64/2019;2019_64_110;globaalisti;2
1348;64/2019;2019_64_110;kaupungistuminen;2
1348;64/2019;2019_64_110;täytyä;1
1348;64/2019;2019_64_110;ehkä;1
1348;64/2019;2019_64_110;pohtia;1
1348;64/2019;2019_64_110;keskustelu;1
1348;64/2019;2019_64_110;millainen;1
1348;64/2019;2019_64_110;toimenpide;1
1348;64/2019;2019_64_110;tehdä;1
1348;64/2019;2019_64_110;valtava;1
1348;64/2019;2019_64_110;hillitseminen;1
1348;64/2019;2019_64_110;säilyttäminen;1
1348;64/2019;2019_64_110;juho;1
1348;64/2019;2019_64_110;eerola;1
1348;64/2019;2019_64_110;väestönkasvu;1
1348;71/2019;2019_71_16;arvoisa;1
1348;71/2019;2019_71_16;herra;1
1348;71/2019;2019_71_16;puhemies;1
1348;71/2019;2019_71_16;hämmentää;1
1348;71/2019;2019_71_16;tämä;5
1348;71/2019;2019_71_16;keskustelu;3
1348;71/2019;2019_71_16;nyt;5
1348;71/2019;2019_71_16;kyllä;3
1348;71/2019;2019_71_16;ennen;1
1348;71/2019;2019_71_16;kaikki;2
1348;71/2019;2019_71_16;se;8
1348;71/2019;2019_71_16;että;13
1348;71/2019;2019_71_16;kokoomus;2
1348;71/2019;2019_71_16;esittää;1
1348;71/2019;2019_71_16;itse;4
1348;71/2019;2019_71_16;usein;1
1348;71/2019;2019_71_16;liberaalipuolue;1
1348;71/2019;2019_71_16;mutta;3
1348;71/2019;2019_71_16;täällä;2
1348;71/2019;2019_71_16;olla;15
1348;71/2019;2019_71_16;usea;1
1348;71/2019;2019_71_16;edustaja;2
1348;71/2019;2019_71_16;rajoittaa;2
1348;71/2019;2019_71_16;perhe;2
1348;71/2019;2019_71_16;oikeus;2
1348;71/2019;2019_71_16;päättää;2
1348;71/2019;2019_71_16;mikä;1
1348;71/2019;2019_71_16;hän;2
1348;71/2019;2019_71_16;voida;3
1348;71/2019;2019_71_16;raha;1
1348;71/2019;2019_71_16;kuluttaa;1
1348;71/2019;2019_71_16;ja;11
1348;71/2019;2019_71_16;miten;1
1348;71/2019;2019_71_16;uusivuosi;1
1348;71/2019;2019_71_16;juhlia;1
1348;71/2019;2019_71_16;aivan;2
1348;71/2019;2019_71_16;selvä;1
1348;71/2019;2019_71_16;ei;3
1348;71/2019;2019_71_16;saada;1
1348;71/2019;2019_71_16;turvallinen;2
1348;71/2019;2019_71_16;koskaan;1
1348;71/2019;2019_71_16;vaikka;1
1348;71/2019;2019_71_16;minä;2
1348;71/2019;2019_71_16;tehdä;1
1348;71/2019;2019_71_16;minkälainen;1
1348;71/2019;2019_71_16;päätös;1
1348;71/2019;2019_71_16;hyvä;4
1348;71/2019;2019_71_16;tiedostaa;2
1348;71/2019;2019_71_16;ilotulite;3
1348;71/2019;2019_71_16;oikein;1
1348;71/2019;2019_71_16;käyttää;1
1348;71/2019;2019_71_16;samoin;1
1348;71/2019;2019_71_16;jo;2
1348;71/2019;2019_71_16;nykyisellään;2
1348;71/2019;2019_71_16;kunta;1
1348;71/2019;2019_71_16;kaupunki;1
1348;71/2019;2019_71_16;ilotulittama;1
1348;71/2019;2019_71_16;alue;1
1348;71/2019;2019_71_16;kuten;1
1348;71/2019;2019_71_16;äskeinen;1
1348;71/2019;2019_71_16;puheenvuoro;1
1348;71/2019;2019_71_16;esille;3
1348;71/2019;2019_71_16;ottaa;2
1348;71/2019;2019_71_16;niin;2
1348;71/2019;2019_71_16;tällainen;1
1348;71/2019;2019_71_16;rajoite;1
1348;71/2019;2019_71_16;paikallaan;1
1348;71/2019;2019_71_16;moni;1
1348;71/2019;2019_71_16;syy;1
1348;71/2019;2019_71_16;kuitenkin;1
1348;71/2019;2019_71_16;katsoa;3
1348;71/2019;2019_71_16;ihminen;1
1348;71/2019;2019_71_16;viedä;2
1348;71/2019;2019_71_16;ilo;2
1348;71/2019;2019_71_16;yli;1
1348;71/2019;2019_71_16;miljoona;1
1348;71/2019;2019_71_16;siksi;1
1348;71/2019;2019_71_16;nähdä;1
1348;71/2019;2019_71_16;aloite;1
1348;71/2019;2019_71_16;tulla;4
1348;71/2019;2019_71_16;määrätietoisesti;1
1348;71/2019;2019_71_16;hylätä;1
1348;71/2019;2019_71_16;erkki;1
1348;71/2019;2019_71_16;tuomioja;1
1348;71/2019;2019_71_16;välihuuto;2
1348;71/2019;2019_71_16;myös;3
1348;71/2019;2019_71_16;pelottaa;1
1348;71/2019;2019_71_16;ajatella;1
1348;71/2019;2019_71_16;kukaan;1
1348;71/2019;2019_71_16;aidosti;1
1348;71/2019;2019_71_16;maaseutu;2
1348;71/2019;2019_71_16;lapsi;5
1348;71/2019;2019_71_16;kertoa;1
1348;71/2019;2019_71_16;lokka;1
1348;71/2019;2019_71_16;kylä;1
1348;71/2019;2019_71_16;uudenvuodenaatto;1
1348;71/2019;2019_71_16;ajaa;1
1348;71/2019;2019_71_16;kilometri;2
1348;71/2019;2019_71_16;sodankylä;1
1348;71/2019;2019_71_16;ilotulitus;2
1348;71/2019;2019_71_16;jälkeen;1
1348;71/2019;2019_71_16;sieltä;1
1348;71/2019;2019_71_16;takaisin;1
1348;71/2019;2019_71_16;tai;1
1348;71/2019;2019_71_16;sevettijärvi;1
1348;71/2019;2019_71_16;edessä;1
1348;71/2019;2019_71_16;edestakainen;1
1348;71/2019;2019_71_16;automatka;1
1348;71/2019;2019_71_16;päästä;1
1348;71/2019;2019_71_16;ivalo;1
1348;71/2019;2019_71_16;kuntakeskus;1
1348;71/2019;2019_71_16;lehto;1
1348;71/2019;2019_71_16;hyvin;1
1348;71/2019;2019_71_16;koira;1
1348;71/2019;2019_71_16;opettaa;1
1348;71/2019;2019_71_16;ääni;2
1348;71/2019;2019_71_16;kova;1
1348;71/2019;2019_71_16;paukaus;2
1348;71/2019;2019_71_16;yllättävä;1
1348;71/2019;2019_71_16;omistaja;1
1348;71/2019;2019_71_16;vastuu;1
1348;71/2019;2019_71_16;alle;2
1348;71/2019;2019_71_16;vuotias;3
1348;71/2019;2019_71_16;loukkaantua;1
1348;71/2019;2019_71_16;muistaa;1
1348;71/2019;2019_71_16;kieltää;1
1348;71/2019;2019_71_16;leena;1
1348;71/2019;2019_71_16;meri;1
1348;71/2019;2019_71_16;mikäli;1
1348;71/2019;2019_71_16;täyskielto;1
1348;71/2019;2019_71_16;aina;1
1348;71/2019;2019_71_16;kun;1
1348;71/2019;2019_71_16;muistella;1
1348;71/2019;2019_71_16;mennä;1
1348;71/2019;2019_71_16;sinne;1
1348;71/2019;2019_71_16;autotalli;1
1348;71/2019;2019_71_16;rakentaa;1
1348;71/2019;2019_71_16;oma;1
1348;71/2019;2019_71_16;koska;1
1348;71/2019;2019_71_16;fakta;1
1348;71/2019;2019_71_16;varsinkin;1
1348;71/2019;2019_71_16;pieni;1
1348;71/2019;2019_71_16;poika;1
1348;71/2019;2019_71_16;omakohtainen;1
1348;71/2019;2019_71_16;kokemus;1
1348;71/2019;2019_71_16;ääretön;1
1348;71/2019;2019_71_16;tärkeä;1
1348;71/2019;2019_71_16;kollega;1
1348;71/2019;2019_71_16;suomalainen;2
1348;71/2019;2019_71_16;pitää;1
1348;71/2019;2019_71_16;mieli;1
1348;83/2019;2019_83_108;arvoisa;1
1348;83/2019;2019_83_108;herra;1
1348;83/2019;2019_83_108;puhemies;2
1348;83/2019;2019_83_108;tämä;12
1348;83/2019;2019_83_108;hallitusohjelma;4
1348;83/2019;2019_83_108;hyvä;2
1348;83/2019;2019_83_108;asia;9
1348;83/2019;2019_83_108;olla;25
1348;83/2019;2019_83_108;tuoda;2
1348;83/2019;2019_83_108;esille;2
1348;83/2019;2019_83_108;moni;1
1348;83/2019;2019_83_108;kerta;1
1348;83/2019;2019_83_108;sali;3
1348;83/2019;2019_83_108;tänään;4
1348;83/2019;2019_83_108;ja;19
1348;83/2019;2019_83_108;se;14
1348;83/2019;2019_83_108;todella;2
1348;83/2019;2019_83_108;riittää;1
1348;83/2019;2019_83_108;yksi;1
1348;83/2019;2019_83_108;näkökulma;1
1348;83/2019;2019_83_108;haluta;1
1348;83/2019;2019_83_108;vielä;1
1348;83/2019;2019_83_108;nostaa;1
1348;83/2019;2019_83_108;turvallisuus;3
1348;83/2019;2019_83_108;ääretön;1
1348;83/2019;2019_83_108;tärkeä;4
1348;83/2019;2019_83_108;että;15
1348;83/2019;2019_83_108;hallitus;3
1348;83/2019;2019_83_108;lisätä;2
1348;83/2019;2019_83_108;nyt;2
1348;83/2019;2019_83_108;poliisi;3
1348;83/2019;2019_83_108;määrä;1
1348;83/2019;2019_83_108;henkilötyövuosi;1
1348;83/2019;2019_83_108;samalla;2
1348;83/2019;2019_83_108;myös;10
1348;83/2019;2019_83_108;säätää;1
1348;83/2019;2019_83_108;enimmäisvasteaika;1
1348;83/2019;2019_83_108;palvella;1
1348;83/2019;2019_83_108;ennen;1
1348;83/2019;2019_83_108;kaikki;2
1348;83/2019;2019_83_108;tilanne;1
1348;83/2019;2019_83_108;tuolla;2
1348;83/2019;2019_83_108;harvaan;2
1348;83/2019;2019_83_108;asua;2
1348;83/2019;2019_83_108;syrjäinen;1
1348;83/2019;2019_83_108;seutu;1
1348;83/2019;2019_83_108;joka;4
1348;83/2019;2019_83_108;vasteaika;1
1348;83/2019;2019_83_108;hetki;1
1348;83/2019;2019_83_108;kohtuuton;1
1348;83/2019;2019_83_108;esimerkiksi;1
1348;83/2019;2019_83_108;savukoski;1
1348;83/2019;2019_83_108;minuutti;1
1348;83/2019;2019_83_108;erittäin;3
1348;83/2019;2019_83_108;viranomaisvoima;1
1348;83/2019;2019_83_108;saada;2
1348;83/2019;2019_83_108;turvata;2
1348;83/2019;2019_83_108;alue;1
1348;83/2019;2019_83_108;kirjaus;1
1348;83/2019;2019_83_108;kielteinen;1
1348;83/2019;2019_83_108;päätös;1
1348;83/2019;2019_83_108;turvapaikanhakija;1
1348;83/2019;2019_83_108;asettaa;2
1348;83/2019;2019_83_108;tekninen;2
1348;83/2019;2019_83_108;valvonta;2
1348;83/2019;2019_83_108;jenna;2
1348;83/2019;2019_83_108;simula;2
1348;83/2019;2019_83_108;jo;2
1348;83/2019;2019_83_108;varmasti;1
1348;83/2019;2019_83_108;ensi;1
1348;83/2019;2019_83_108;kevät;1
1348;83/2019;2019_83_108;aika;3
1348;83/2019;2019_83_108;tänne;1
1348;83/2019;2019_83_108;eduskunta;1
1348;83/2019;2019_83_108;käsittely;1
1348;83/2019;2019_83_108;kun;2
1348;83/2019;2019_83_108;perussuomalainen;4
1348;83/2019;2019_83_108;näkyä;1
1348;83/2019;2019_83_108;kiinnostunut;1
1348;83/2019;2019_83_108;niin;1
1348;83/2019;2019_83_108;toivoa;3
1348;83/2019;2019_83_108;sitten;2
1348;83/2019;2019_83_108;tuki;1
1348;83/2019;2019_83_108;erinomainen;2
1348;83/2019;2019_83_108;esitys;1
1348;83/2019;2019_83_108;näin;2
1348;83/2019;2019_83_108;suomi;1
1348;83/2019;2019_83_108;pohjoinen;1
1348;83/2019;2019_83_108;kansanedustaja;1
1348;83/2019;2019_83_108;intohimoinen;1
1348;83/2019;2019_83_108;erämies;1
1348;83/2019;2019_83_108;tyytyväinen;1
1348;83/2019;2019_83_108;metsästys;1
1348;83/2019;2019_83_108;kalastus;1
1348;83/2019;2019_83_108;edellytys;1
1348;83/2019;2019_83_108;tulla;1
1348;83/2019;2019_83_108;kirjata;1
1348;83/2019;2019_83_108;aselainsäädäntö;1
1348;83/2019;2019_83_108;ei;3
1348;83/2019;2019_83_108;kiristää;1
1348;83/2019;2019_83_108;vaan;1
1348;83/2019;2019_83_108;aselupakäytäntö;1
1348;83/2019;2019_83_108;yhdenmukaistaa;1
1348;83/2019;2019_83_108;koko;2
1348;83/2019;2019_83_108;maa;1
1348;83/2019;2019_83_108;mikä;3
1348;83/2019;2019_83_108;pitkään;1
1348;83/2019;2019_83_108;tavoite;1
1348;83/2019;2019_83_108;hallintovaliokunta;1
1348;83/2019;2019_83_108;puoli;1
1348;83/2019;2019_83_108;välihuuto;2
1348;83/2019;2019_83_108;koputtaa;1
1348;83/2019;2019_83_108;pitää;1
1348;83/2019;2019_83_108;kuitenkin;1
1348;83/2019;2019_83_108;sosiaali;1
1348;83/2019;2019_83_108;terveydenhuolto;1
1348;83/2019;2019_83_108;uudistus;1
1348;83/2019;2019_83_108;toteuttaa;1
1348;83/2019;2019_83_108;kansanvaltainen;1
1348;83/2019;2019_83_108;maakunta;2
1348;83/2019;2019_83_108;kautta;1
1348;83/2019;2019_83_108;ensimmäinen;1
1348;83/2019;2019_83_108;vaihe;2
1348;83/2019;2019_83_108;itse;2
1348;83/2019;2019_83_108;keskustalainen;1
1348;83/2019;2019_83_108;nähdä;1
1348;83/2019;2019_83_108;kivijalka;1
1348;83/2019;2019_83_108;jokin;1
1348;83/2019;2019_83_108;minä;1
1348;83/2019;2019_83_108;voida;3
1348;83/2019;2019_83_108;siirtää;1
1348;83/2019;2019_83_108;valta;1
1348;83/2019;2019_83_108;täältä;1
1348;83/2019;2019_83_108;keskushallinto;1
1348;83/2019;2019_83_108;päättää;2
1348;83/2019;2019_83_108;mahdollimman;1
1348;83/2019;2019_83_108;lähellä;1
1348;83/2019;2019_83_108;ihminen;1
1348;83/2019;2019_83_108;koskettaa;1
1348;83/2019;2019_83_108;edustaja;1
1348;83/2019;2019_83_108;koskela;1
1348;83/2019;2019_83_108;puhua;2
1348;83/2019;2019_83_108;äsken;1
1348;83/2019;2019_83_108;kiitos;2
1348;83/2019;2019_83_108;rakentava;1
1348;83/2019;2019_83_108;puheenvuoro;3
1348;83/2019;2019_83_108;kuntatalous;1
1348;83/2019;2019_83_108;huomioiminen;1
1348;83/2019;2019_83_108;hyvin;2
1348;83/2019;2019_83_108;ottaa;1
1348;83/2019;2019_83_108;huomio;1
1348;83/2019;2019_83_108;mutta;1
1348;83/2019;2019_83_108;täytyä;1
1348;83/2019;2019_83_108;kyllä;3
1348;83/2019;2019_83_108;ihmetellä;1
1348;83/2019;2019_83_108;tapa;2
1348;83/2019;2019_83_108;käyttää;2
1348;83/2019;2019_83_108;oma;2
1348;83/2019;2019_83_108;ryhmäpuheenvuoro;1
1348;83/2019;2019_83_108;sinä;5
1348;83/2019;2019_83_108;hyökätä;1
1348;83/2019;2019_83_108;politiikka;1
1348;83/2019;2019_83_108;valtiosääntö;1
1348;83/2019;2019_83_108;kohtaan;1
1348;83/2019;2019_83_108;ryhmäpuheenjohtaja;1
1348;83/2019;2019_83_108;ville;1
1348;83/2019;2019_83_108;tavio;1
1348;83/2019;2019_83_108;poistua;1
1348;83/2019;2019_83_108;hän;1
1348;83/2019;2019_83_108;lähteä;1
1348;83/2019;2019_83_108;lukea;1
1348;83/2019;2019_83_108;perustuslaki;1
1348;83/2019;2019_83_108;muutama;1
1348;83/2019;2019_83_108;nimittäin;1
1348;83/2019;2019_83_108;sieltä;1
1348;83/2019;2019_83_108;kerrata;1
1348;83/2019;2019_83_108;esittää;1
1348;83/2019;2019_83_108;vaihtoehto;1
1348;83/2019;2019_83_108;jäädä;1
1348;83/2019;2019_83_108;ohut;1
1348;83/2019;2019_83_108;vaihtoehtobudjetti;1
1348;83/2019;2019_83_108;puuttua;1
1348;83/2019;2019_83_108;lähes;1
1348;83/2019;2019_83_108;miljardi;1
1348;83/2019;2019_83_108;euro;1
1348;83/2019;2019_83_108;kuvitella;1
1348;83/2019;2019_83_108;uskottava;1
1348;83/2019;2019_83_108;oppositiopolitiikka;1
1348;83/2019;2019_83_108;ari;1
1348;83/2019;2019_83_108;koponen;1
1348;83/2019;2019_83_108;sama;1
1348;83/2019;2019_83_108;aktiivisesti;1
1348;83/2019;2019_83_108;levittää;1
1348;83/2019;2019_83_108;disinformaatio;1
1348;83/2019;2019_83_108;erilainen;1
1348;83/2019;2019_83_108;sosiaalinen;1
1348;83/2019;2019_83_108;media;1
1348;83/2019;2019_83_108;täällä;1
1348;83/2019;2019_83_108;katsoa;2
1348;83/2019;2019_83_108;sivistysvaltio;1
1348;83/2019;2019_83_108;vastuullinen;1
1348;83/2019;2019_83_108;poliitikko;1
1348;83/2019;2019_83_108;siellä;1
1348;83/2019;2019_83_108;sisällä;1
1348;83/2019;2019_83_108;vedota;1
1348;83/2019;2019_83_108;koska;1
1348;83/2019;2019_83_108;paljastaa;1
1348;83/2019;2019_83_108;bluffi;1
1348;83/2019;2019_83_108;oppositio;2
1348;83/2019;2019_83_108;kokoomus;1
1348;83/2019;2019_83_108;kristillisdemokraatti;1
1348;83/2019;2019_83_108;oikea;2
1348;83/2019;2019_83_108;nimi;1
1348;83/2019;2019_83_108;luku;1
1348;83/2019;2019_83_108;pysyä;1
1348;83/2019;2019_83_108;totuus;1
1348;83/2019;2019_83_108;aivan;1
1348;83/2019;2019_83_108;jokainen;1
1348;83/2019;2019_83_108;tai;1
1348;83/2019;2019_83_108;janne;1
1348;83/2019;2019_83_108;heikkinen;1
1348;83/2019;2019_83_108;hannu;1
1348;83/2019;2019_83_108;hoskonen;1
1348;83/2019;2019_83_108;toimi;1
1348;83/2019;2019_83_108;kankaanniemi;1
1348;83/2019;2019_83_108;mikään;1
1348;9/2020;2020_9_105;arvoisa;1
1348;9/2020;2020_9_105;herra;1
1348;9/2020;2020_9_105;puhemies;1
1348;9/2020;2020_9_105;aivan;1
1348;9/2020;2020_9_105;ensimmäinen;1
1348;9/2020;2020_9_105;minä;3
1348;9/2020;2020_9_105;puolesta;1
1348;9/2020;2020_9_105;kiitos;1
1348;9/2020;2020_9_105;tärkeä;1
1348;9/2020;2020_9_105;kansalaisaloite;1
1348;9/2020;2020_9_105;tekijä;1
1348;9/2020;2020_9_105;tämä;11
1348;9/2020;2020_9_105;olla;15
1348;9/2020;2020_9_105;tosiaan;1
1348;9/2020;2020_9_105;hyvä;3
1348;9/2020;2020_9_105;esimerkki;2
1348;9/2020;2020_9_105;kansalaisvaikuttaminen;1
1348;9/2020;2020_9_105;vaikka;1
1348;9/2020;2020_9_105;aloite;1
1348;9/2020;2020_9_105;ei;2
1348;9/2020;2020_9_105;nyt;2
1348;9/2020;2020_9_105;muoto;1
1348;9/2020;2020_9_105;läpi;1
1348;9/2020;2020_9_105;mennä;1
1348;9/2020;2020_9_105;että;8
1348;9/2020;2020_9_105;valiokunta;1
1348;9/2020;2020_9_105;todeta;2
1348;9/2020;2020_9_105;eu-lainsäädäntö;1
1348;9/2020;2020_9_105;valmistelu;1
1348;9/2020;2020_9_105;mikromuovi;1
1348;9/2020;2020_9_105;haittavaikutus;1
1348;9/2020;2020_9_105;puuttuminen;1
1348;9/2020;2020_9_105;vaihe;1
1348;9/2020;2020_9_105;riittävä;1
1348;9/2020;2020_9_105;lainsäädännöllinen;1
1348;9/2020;2020_9_105;toimenpide;1
1348;9/2020;2020_9_105;ja;8
1348;9/2020;2020_9_105;toivoa;1
1348;9/2020;2020_9_105;siellä;1
1348;9/2020;2020_9_105;eu;1
1348;9/2020;2020_9_105;saada;2
1348;9/2020;2020_9_105;piakkoin;1
1348;9/2020;2020_9_105;ratkaisu;1
1348;9/2020;2020_9_105;aikaiseksi;1
1348;9/2020;2020_9_105;kuten;1
1348;9/2020;2020_9_105;kyse;1
1348;9/2020;2020_9_105;viheliäinen;1
1348;9/2020;2020_9_105;globaali;1
1348;9/2020;2020_9_105;ongelma;1
1348;9/2020;2020_9_105;kuitenkin;1
1348;9/2020;2020_9_105;ilo;1
1348;9/2020;2020_9_105;suomalainen;1
1348;9/2020;2020_9_105;koska;1
1348;9/2020;2020_9_105;käytäntö;1
1348;9/2020;2020_9_105;kaikki;1
1348;9/2020;2020_9_105;muovi;1
1348;9/2020;2020_9_105;voida;3
1348;9/2020;2020_9_105;korvata;3
1348;9/2020;2020_9_105;biosektori;1
1348;9/2020;2020_9_105;tuote;6
1348;9/2020;2020_9_105;suomi;1
1348;9/2020;2020_9_105;ehdottomasti;1
1348;9/2020;2020_9_105;maailma;2
1348;9/2020;2020_9_105;kärkijoukko;1
1348;9/2020;2020_9_105;paljon;2
1348;9/2020;2020_9_105;menestynyt;1
1348;9/2020;2020_9_105;yritys;1
1348;9/2020;2020_9_105;joka;1
1348;9/2020;2020_9_105;osa;2
1348;9/2020;2020_9_105;parantaa;1
1348;9/2020;2020_9_105;oma;1
1348;9/2020;2020_9_105;toiminta;1
1348;9/2020;2020_9_105;malttaa;1
1348;9/2020;2020_9_105;sanoa;2
1348;9/2020;2020_9_105;kun;1
1348;9/2020;2020_9_105;edustaja;2
1348;9/2020;2020_9_105;kivelä;2
1348;9/2020;2020_9_105;nostaa;1
1348;9/2020;2020_9_105;esille;1
1348;9/2020;2020_9_105;turkistarhaus;3
1348;9/2020;2020_9_105;itse;1
1348;9/2020;2020_9_105;kannattaa;1
1348;9/2020;2020_9_105;lämpimästi;1
1348;9/2020;2020_9_105;nähdä;1
1348;9/2020;2020_9_105;kyllä;1
1348;9/2020;2020_9_105;turkis;1
1348;9/2020;2020_9_105;aina;3
1348;9/2020;2020_9_105;vaihtoehto;1
1348;9/2020;2020_9_105;kuin;1
1348;9/2020;2020_9_105;tällainen;1
1348;9/2020;2020_9_105;muovipohjainen;3
1348;9/2020;2020_9_105;ymmärtää;1
1348;9/2020;2020_9_105;perustellusti;1
1348;9/2020;2020_9_105;myös;3
1348;9/2020;2020_9_105;eri;1
1348;9/2020;2020_9_105;mieli;1
1348;9/2020;2020_9_105;mutta;1
1348;9/2020;2020_9_105;se;5
1348;9/2020;2020_9_105;haluta;2
1348;9/2020;2020_9_105;mikäli;2
1348;9/2020;2020_9_105;oikeasti;1
1348;9/2020;2020_9_105;eettinen;1
1348;9/2020;2020_9_105;ekologinen;2
1348;9/2020;2020_9_105;käyttö;1
1348;9/2020;2020_9_105;sitten;2
1348;9/2020;2020_9_105;valita;1
1348;9/2020;2020_9_105;kotimainen;1
1348;9/2020;2020_9_105;villiturkis;1
1348;9/2020;2020_9_105;erittäin;1
1348;9/2020;2020_9_105;haitallinen;1
1348;9/2020;2020_9_105;vieraslaji;1
1348;9/2020;2020_9_105;supikoira;1
1348;9/2020;2020_9_105;punakettu;1
1348;9/2020;2020_9_105;tuolla;1
1348;9/2020;2020_9_105;pohjoinen;1
1348;9/2020;2020_9_105;naali;1
1348;9/2020;2020_9_105;levinneisyysalue;1
1348;9/2020;2020_9_105;kultasakaali;1
1348;9/2020;2020_9_105;tulla;1
1348;9/2020;2020_9_105;laji;1
1348;9/2020;2020_9_105;täytyä;1
1348;9/2020;2020_9_105;metsästää;1
1348;9/2020;2020_9_105;etu;1
1348;9/2020;2020_9_105;metsästys;1
1348;9/2020;2020_9_105;tuotos;1
1348;9/2020;2020_9_105;käyttää;1
1348;9/2020;2020_9_105;vaate;2
1348;9/2020;2020_9_105;näin;1
1348;9/2020;2020_9_105;esittää;1
1348;9/2020;2020_9_105;elämäntapa;1
1348;9/2020;2020_9_105;kiinnostaa;1
1348;9/2020;2020_9_105;niin;1
1348;9/2020;2020_9_105;tervetuloa;1
1348;9/2020;2020_9_105;metsästyskurssi;1
1348;9/2020;2020_9_105;jälkeen;1
1348;9/2020;2020_9_105;nahka;1
1348;9/2020;2020_9_105;käsitellä;1
1348;9/2020;2020_9_105;näyttävä;1
1348;9/2020;2020_9_109;arvoisa;1
1348;9/2020;2020_9_109;herra;1
1348;9/2020;2020_9_109;puhemies;1
1348;9/2020;2020_9_109;ensimmäinen;1
1348;9/2020;2020_9_109;kiitos;1
1348;9/2020;2020_9_109;edustaja;3
1348;9/2020;2020_9_109;myllykoski;2
1348;9/2020;2020_9_109;erinomainen;1
1348;9/2020;2020_9_109;puheenvuoro;2
1348;9/2020;2020_9_109;nostaa;3
1348;9/2020;2020_9_109;esille;3
1348;9/2020;2020_9_109;todella;1
1348;9/2020;2020_9_109;tärkeä;2
1348;9/2020;2020_9_109;asia;2
1348;9/2020;2020_9_109;muun;1
1348;9/2020;2020_9_109;muassa;1
1348;9/2020;2020_9_109;eu;1
1348;9/2020;2020_9_109;yhteinen;1
1348;9/2020;2020_9_109;panttijärjestelmä;1
1348;9/2020;2020_9_109;ja;8
1348;9/2020;2020_9_109;myös;2
1348;9/2020;2020_9_109;julkinen;1
1348;9/2020;2020_9_109;hankinta;2
1348;9/2020;2020_9_109;minä;3
1348;9/2020;2020_9_109;oma;1
1348;9/2020;2020_9_109;vastuullisuus;1
1348;9/2020;2020_9_109;vastuu;1
1348;9/2020;2020_9_109;se;9
1348;9/2020;2020_9_109;tämä;6
1348;9/2020;2020_9_109;olla;10
1348;9/2020;2020_9_109;kysymys;1
1348;9/2020;2020_9_109;kun;3
1348;9/2020;2020_9_109;haluta;1
1348;9/2020;2020_9_109;torjua;1
1348;9/2020;2020_9_109;yhdessä;2
1348;9/2020;2020_9_109;mikromuovi;2
1348;9/2020;2020_9_109;ihan;1
1348;9/2020;2020_9_109;sama;2
1348;9/2020;2020_9_109;mieli;2
1348;9/2020;2020_9_109;nyt;1
1348;9/2020;2020_9_109;täällä;1
1348;9/2020;2020_9_109;usea;1
1348;9/2020;2020_9_109;muovikippo;1
1348;9/2020;2020_9_109;joka;2
1348;9/2020;2020_9_109;edelleen;1
1348;9/2020;2020_9_109;vesi;1
1348;9/2020;2020_9_109;valiokunta;1
1348;9/2020;2020_9_109;muualla;1
1348;9/2020;2020_9_109;tarjoilla;1
1348;9/2020;2020_9_109;että;4
1348;9/2020;2020_9_109;kyllä;2
1348;9/2020;2020_9_109;pieni;2
1348;9/2020;2020_9_109;konkreettinen;1
1348;9/2020;2020_9_109;teko;1
1348;9/2020;2020_9_109;luopua;1
1348;9/2020;2020_9_109;siirtyä;2
1348;9/2020;2020_9_109;käyttää;3
1348;9/2020;2020_9_109;kestävä;1
1348;9/2020;2020_9_109;valinta;1
1348;9/2020;2020_9_109;ansiokkaasti;1
1348;9/2020;2020_9_109;hylje;1
1348;9/2020;2020_9_109;täsmälleen;1
1348;9/2020;2020_9_109;täysi;1
1348;9/2020;2020_9_109;hulluus;1
1348;9/2020;2020_9_109;hyljetuote;1
1348;9/2020;2020_9_109;ei;5
1348;9/2020;2020_9_109;voida;3
1348;9/2020;2020_9_109;hyödyntää;1
1348;9/2020;2020_9_109;käydä;1
1348;9/2020;2020_9_109;kauppa;1
1348;9/2020;2020_9_109;tulla;1
1348;9/2020;2020_9_109;pikemmin;1
1348;9/2020;2020_9_109;pyynti;1
1348;9/2020;2020_9_109;tehostaa;1
1348;9/2020;2020_9_109;kivelä;1
1348;9/2020;2020_9_109;vielä;1
1348;9/2020;2020_9_109;mikään;2
1348;9/2020;2020_9_109;nimi;1
1348;9/2020;2020_9_109;esittää;1
1348;9/2020;2020_9_109;sellainen;2
1348;9/2020;2020_9_109;ratkaisu;1
1348;9/2020;2020_9_109;kaikki;1
1348;9/2020;2020_9_109;maailma;1
1348;9/2020;2020_9_109;ihminen;1
1348;9/2020;2020_9_109;takaisin;1
1348;9/2020;2020_9_109;turkis;3
1348;9/2020;2020_9_109;mutta;1
1348;9/2020;2020_9_109;tällainen;2
1348;9/2020;2020_9_109;pohjoinen;1
1348;9/2020;2020_9_109;kansa;2
1348;9/2020;2020_9_109;osaratkaisu;1
1348;9/2020;2020_9_109;erityisesti;1
1348;9/2020;2020_9_109;villieläin;1
1348;9/2020;2020_9_109;osa;1
1348;9/2020;2020_9_109;parlamentti;1
1348;9/2020;2020_9_109;tänne;1
1348;9/2020;2020_9_109;eduskunta;1
1348;9/2020;2020_9_109;sopia;1
1348;9/2020;2020_9_109;muutama;1
1348;9/2020;2020_9_109;vuota;1
1348;9/2020;2020_9_109;tai;1
1348;9/2020;2020_9_109;lattia;1
1348;9/2020;2020_9_109;matto;2
1348;9/2020;2020_9_109;tilalle;1
1348;9/2020;2020_9_109;kerran;1
1348;9/2020;2020_9_109;aivan;1
1348;9/2020;2020_9_109;hyvin;1
1348;9/2020;2020_9_109;varsin;1
1348;9/2020;2020_9_109;tyylikäs;1
1348;9/2020;2020_9_109;tuote;1
1348;31/2020;2020_31_50;arvoisa;1
1348;31/2020;2020_31_50;puhemies;1
1348;31/2020;2020_31_50;aivan;3
1348;31/2020;2020_31_50;ensimmäinen;1
1348;31/2020;2020_31_50;kiitos;2
1348;31/2020;2020_31_50;hallitus;4
1348;31/2020;2020_31_50;tämä;18
1348;31/2020;2020_31_50;todella;2
1348;31/2020;2020_31_50;tarpeellinen;1
1348;31/2020;2020_31_50;lisätalousarvio;2
1348;31/2020;2020_31_50;ja;14
1348;31/2020;2020_31_50;kuten;2
1348;31/2020;2020_31_50;edustaja;1
1348;31/2020;2020_31_50;strand;1
1348;31/2020;2020_31_50;edellä;2
1348;31/2020;2020_31_50;todeta;2
1348;31/2020;2020_31_50;tuskin;1
1348;31/2020;2020_31_50;mikään;1
1348;31/2020;2020_31_50;sota;1
1348;31/2020;2020_31_50;jälkeen;2
1348;31/2020;2020_31_50;olla;13
1348;31/2020;2020_31_50;näin;2
1348;31/2020;2020_31_50;lyhyt;1
1348;31/2020;2020_31_50;aika;2
1348;31/2020;2020_31_50;tehdä;2
1348;31/2020;2020_31_50;merkittävä;1
1348;31/2020;2020_31_50;päätös;2
1348;31/2020;2020_31_50;kuin;2
1348;31/2020;2020_31_50;mikä;1
1348;31/2020;2020_31_50;mari;1
1348;31/2020;2020_31_50;kulmun;1
1348;31/2020;2020_31_50;punamultahallitus;1
1348;31/2020;2020_31_50;nyt;6
1348;31/2020;2020_31_50;myös;4
1348;31/2020;2020_31_50;oppositio;3
1348;31/2020;2020_31_50;se;11
1348;31/2020;2020_31_50;antaa;1
1348;31/2020;2020_31_50;tuki;1
1348;31/2020;2020_31_50;kriisi;3
1348;31/2020;2020_31_50;tarvita;1
1348;31/2020;2020_31_50;kansallinen;1
1348;31/2020;2020_31_50;yhtenäisyys;3
1348;31/2020;2020_31_50;tukinainen;1
1348;31/2020;2020_31_50;tuo;2
1348;31/2020;2020_31_50;lappi;1
1348;31/2020;2020_31_50;laittaa;2
1348;31/2020;2020_31_50;tänään;1
1348;31/2020;2020_31_50;viesti;1
1348;31/2020;2020_31_50;toivottaa;1
1348;31/2020;2020_31_50;voima;1
1348;31/2020;2020_31_50;kaikki;3
1348;31/2020;2020_31_50;päättäjä;2
1348;31/2020;2020_31_50;hän;1
1348;31/2020;2020_31_50;että;6
1348;31/2020;2020_31_50;kohtuuton;1
1348;31/2020;2020_31_50;tilanne;2
1348;31/2020;2020_31_50;joudua;1
1348;31/2020;2020_31_50;pohtia;1
1348;31/2020;2020_31_50;kuolla;2
1348;31/2020;2020_31_50;korona;1
1348;31/2020;2020_31_50;vai;1
1348;31/2020;2020_31_50;konkurssi;2
1348;31/2020;2020_31_50;mieli;1
1348;31/2020;2020_31_50;valita;1
1348;31/2020;2020_31_50;yhdessä;2
1348;31/2020;2020_31_50;kanssa;1
1348;31/2020;2020_31_50;oikea;1
1348;31/2020;2020_31_50;tie;1
1348;31/2020;2020_31_50;mennä;1
1348;31/2020;2020_31_50;kansanterveys;1
1348;31/2020;2020_31_50;mutta;1
1348;31/2020;2020_31_50;pyrkiä;2
1348;31/2020;2020_31_50;välttää;1
1348;31/2020;2020_31_50;mahdollinen;1
1348;31/2020;2020_31_50;tukitoimi;2
1348;31/2020;2020_31_50;tuonne;1
1348;31/2020;2020_31_50;yritys;2
1348;31/2020;2020_31_50;vakuuttua;1
1348;31/2020;2020_31_50;muu;2
1348;31/2020;2020_31_50;tuleva;1
1348;31/2020;2020_31_50;apu;1
1348;31/2020;2020_31_50;selvitä;2
1348;31/2020;2020_31_50;minä;5
1348;31/2020;2020_31_50;täytyä;1
1348;31/2020;2020_31_50;varmistaa;2
1348;31/2020;2020_31_50;toimintaedellytys;1
1348;31/2020;2020_31_50;rahoitus;1
1348;31/2020;2020_31_50;akuutti;1
1348;31/2020;2020_31_50;eteen;1
1348;31/2020;2020_31_50;huolissaan;1
1348;31/2020;2020_31_50;niin;3
1348;31/2020;2020_31_50;koronakriisi;1
1348;31/2020;2020_31_50;ei;2
1348;31/2020;2020_31_50;riittää;1
1348;31/2020;2020_31_50;sama;1
1348;31/2020;2020_31_50;valtio;1
1348;31/2020;2020_31_50;vaikuttaa;1
1348;31/2020;2020_31_50;netti;1
1348;31/2020;2020_31_50;sosiaalinen;1
1348;31/2020;2020_31_50;media;1
1348;31/2020;2020_31_50;kautta;1
1348;31/2020;2020_31_50;disinformaatio;2
1348;31/2020;2020_31_50;valittaa;1
1348;31/2020;2020_31_50;lukea;1
1348;31/2020;2020_31_50;esimerkiksi;1
1348;31/2020;2020_31_50;twitter;1
1348;31/2020;2020_31_50;some;1
1348;31/2020;2020_31_50;kanava;1
1348;31/2020;2020_31_50;kuinka;1
1348;31/2020;2020_31_50;siellä;1
1348;31/2020;2020_31_50;esiintyä;1
1348;31/2020;2020_31_50;väite;2
1348;31/2020;2020_31_50;vaikka;1
1348;31/2020;2020_31_50;raja;2
1348;31/2020;2020_31_50;kiinni;1
1348;31/2020;2020_31_50;vuotaa;1
1348;31/2020;2020_31_50;hetki;2
1348;31/2020;2020_31_50;seula;1
1348;31/2020;2020_31_50;suomi;1
1348;31/2020;2020_31_50;saapua;2
1348;31/2020;2020_31_50;turvapaikanhakija;2
1348;31/2020;2020_31_50;valtava;1
1348;31/2020;2020_31_50;määrä;1
1348;31/2020;2020_31_50;tällainen;2
1348;31/2020;2020_31_50;yksiselitteisesti;1
1348;31/2020;2020_31_50;pitää;1
1348;31/2020;2020_31_50;paikka;1
1348;31/2020;2020_31_50;jokainen;1
1348;31/2020;2020_31_50;vastuullinen;1
1348;31/2020;2020_31_50;poliitikko;1
1348;31/2020;2020_31_50;tehtävä;1
1348;31/2020;2020_31_50;torjua;1
1348;31/2020;2020_31_50;kun;1
1348;31/2020;2020_31_50;rajoittamistoimi;1
1348;31/2020;2020_31_50;astua;1
1348;31/2020;2020_31_50;voimaan;1
1348;31/2020;2020_31_50;maa;1
1348;31/2020;2020_31_50;yksi;1
1348;31/2020;2020_31_50;joka;2
1348;31/2020;2020_31_50;mahdollisesti;1
1348;31/2020;2020_31_50;jokin;1
1348;31/2020;2020_31_50;valtakunta;1
1348;31/2020;2020_31_50;ylittää;1
1348;31/2020;2020_31_50;toivoa;1
1348;31/2020;2020_31_50;koko;1
1348;31/2020;2020_31_50;sali;1
1348;31/2020;2020_31_50;puhua;1
1348;31/2020;2020_31_50;fakta;2
1348;31/2020;2020_31_50;koska;1
1348;31/2020;2020_31_50;avoin;1
1348;31/2020;2020_31_50;tiedonvälitys;1
1348;31/2020;2020_31_50;totuus;1
1348;31/2020;2020_31_50;pysyminen;1
1348;31/2020;2020_31_50;asia;1
1348;31/2020;2020_31_50;kansakunta;1
1348;31/2020;2020_31_50;vaativa;1
1348;31/2020;2020_31_107;arvoisa;1
1348;31/2020;2020_31_107;herra;1
1348;31/2020;2020_31_107;puhemies;1
1348;31/2020;2020_31_107;ensimmäinen;1
1348;31/2020;2020_31_107;kiitos;1
1348;31/2020;2020_31_107;hallitus;1
1348;31/2020;2020_31_107;tämä;8
1348;31/2020;2020_31_107;asetus;1
1348;31/2020;2020_31_107;antaminen;1
1348;31/2020;2020_31_107;ja;6
1348;31/2020;2020_31_107;se;12
1348;31/2020;2020_31_107;muuttaminen;1
1348;31/2020;2020_31_107;ymmärtää;2
1348;31/2020;2020_31_107;hyvin;1
1348;31/2020;2020_31_107;että;10
1348;31/2020;2020_31_107;pitää;1
1348;31/2020;2020_31_107;nyt;6
1348;31/2020;2020_31_107;antaa;2
1348;31/2020;2020_31_107;koska;1
1348;31/2020;2020_31_107;kriittinen;1
1348;31/2020;2020_31_107;ala;1
1348;31/2020;2020_31_107;listaaminen;1
1348;31/2020;2020_31_107;yksiselitteisesti;2
1348;31/2020;2020_31_107;käydä;2
1348;31/2020;2020_31_107;mahdoton;1
1348;31/2020;2020_31_107;kyllä;2
1348;31/2020;2020_31_107;minkälainen;1
1348;31/2020;2020_31_107;haitta;1
1348;31/2020;2020_31_107;olla;9
1348;31/2020;2020_31_107;kunta;1
1348;31/2020;2020_31_107;opettaja;1
1348;31/2020;2020_31_107;aiheuttaa;2
1348;31/2020;2020_31_107;mutta;2
1348;31/2020;2020_31_107;haluta;3
1348;31/2020;2020_31_107;korostaa;2
1348;31/2020;2020_31_107;varmaan;1
1348;31/2020;2020_31_107;viimeinen;1
1348;31/2020;2020_31_107;minä;5
1348;31/2020;2020_31_107;huoli;1
1348;31/2020;2020_31_107;joka;2
1348;31/2020;2020_31_107;vakava;1
1348;31/2020;2020_31_107;kriisi;1
1348;31/2020;2020_31_107;asia;1
1348;31/2020;2020_31_107;kanssa;1
1348;31/2020;2020_31_107;hivenen;1
1348;31/2020;2020_31_107;joutua;1
1348;31/2020;2020_31_107;niin;3
1348;31/2020;2020_31_107;sanotusti;1
1348;31/2020;2020_31_107;veivata;1
1348;31/2020;2020_31_107;myös;4
1348;31/2020;2020_31_107;kaikki;4
1348;31/2020;2020_31_107;helppo;1
1348;31/2020;2020_31_107;kuin;1
1348;31/2020;2020_31_107;kuulostaa;1
1348;31/2020;2020_31_107;valtio;1
1348;31/2020;2020_31_107;ei;1
1348;31/2020;2020_31_107;voida;1
1348;31/2020;2020_31_107;sanella;1
1348;31/2020;2020_31_107;kansalainen;1
1348;31/2020;2020_31_107;aivan;2
1348;31/2020;2020_31_107;vaan;1
1348;31/2020;2020_31_107;jokainen;1
1348;31/2020;2020_31_107;vastuu;2
1348;31/2020;2020_31_107;oma;1
1348;31/2020;2020_31_107;terveys;2
1348;31/2020;2020_31_107;lähimmäinen;1
1348;31/2020;2020_31_107;täytyä;1
1348;31/2020;2020_31_107;käyttää;1
1348;31/2020;2020_31_107;kuten;2
1348;31/2020;2020_31_107;näyttää;1
1348;31/2020;2020_31_107;vaikka;1
1348;31/2020;2020_31_107;lupa;1
1348;31/2020;2020_31_107;-luokkalaisille;1
1348;31/2020;2020_31_107;tulla;1
1348;31/2020;2020_31_107;sinne;1
1348;31/2020;2020_31_107;koulu;1
1348;31/2020;2020_31_107;mikäli;1
1348;31/2020;2020_31_107;vanhempi;1
1348;31/2020;2020_31_107;näin;1
1348;31/2020;2020_31_107;katsoa;1
1348;31/2020;2020_31_107;oppilasmäärä;1
1348;31/2020;2020_31_107;kuitenkin;2
1348;31/2020;2020_31_107;pudota;1
1348;31/2020;2020_31_107;merkittävästi;1
1348;31/2020;2020_31_107;kuulua;1
1348;31/2020;2020_31_107;vielä;1
1348;31/2020;2020_31_107;ilmaista;1
1348;31/2020;2020_31_107;edustaja;1
1348;31/2020;2020_31_107;halla-aho;1
1348;31/2020;2020_31_107;esitys;1
1348;31/2020;2020_31_107;sellainen;1
1348;31/2020;2020_31_107;toivoa;1
1348;31/2020;2020_31_107;opetusministeriö;1
1348;31/2020;2020_31_107;arvioida;1
1348;31/2020;2020_31_107;saattaa;1
1348;31/2020;2020_31_107;järkevä;1
1348;31/2020;2020_31_107;lukukausi;1
1348;31/2020;2020_31_107;keskeyttää;1
1348;31/2020;2020_31_107;jatkaa;1
1348;31/2020;2020_31_107;jokin;1
1348;31/2020;2020_31_107;vaihe;1
1348;31/2020;2020_31_107;myöhemmin;1
1348;31/2020;2020_31_107;totta;1
1348;31/2020;2020_31_107;kai;1
1348;31/2020;2020_31_107;vaikeus;1
1348;31/2020;2020_31_107;esimerkiksi;1
1348;31/2020;2020_31_107;loma;1
1348;31/2020;2020_31_107;muu;1
1348;31/2020;2020_31_107;suunnittelu;1
1348;31/2020;2020_31_107;kanta;2
1348;31/2020;2020_31_107;tapaus;1
1348;31/2020;2020_31_107;tärkeä;1
1348;31/2020;2020_31_107;huolehtia;1
1348;31/2020;2020_31_107;lapsi;2
1348;31/2020;2020_31_107;oikeus;2
1348;31/2020;2020_31_107;saada;1
1348;31/2020;2020_31_107;hyvä;1
1348;31/2020;2020_31_107;opetus;1
1348;31/2020;2020_31_107;pysyä;1
1348;31/2020;2020_31_107;yhteiskunta;1
1348;31/2020;2020_31_107;mukana;1
1348;31/2020;2020_31_118;arvoisa;1
1348;31/2020;2020_31_118;herra;1
1348;31/2020;2020_31_118;puhemies;1
1348;31/2020;2020_31_118;edustaja;3
1348;31/2020;2020_31_118;hoskonen;3
1348;31/2020;2020_31_118;nostaa;1
1348;31/2020;2020_31_118;kyllä;2
1348;31/2020;2020_31_118;ääretön;1
1348;31/2020;2020_31_118;tärkeä;1
1348;31/2020;2020_31_118;näkökulma;1
1348;31/2020;2020_31_118;tämä;7
1348;31/2020;2020_31_118;esille;1
1348;31/2020;2020_31_118;niin;2
1348;31/2020;2020_31_118;kuin;1
1348;31/2020;2020_31_118;hän;2
1348;31/2020;2020_31_118;todeta;1
1348;31/2020;2020_31_118;vaikka;1
1348;31/2020;2020_31_118;tapaus;1
1348;31/2020;2020_31_118;olla;6
1348;31/2020;2020_31_118;kyse;1
1348;31/2020;2020_31_118;vähäpätöinen;1
1348;31/2020;2020_31_118;pieni;1
1348;31/2020;2020_31_118;asia;1
1348;31/2020;2020_31_118;se;6
1348;31/2020;2020_31_118;että;4
1348;31/2020;2020_31_118;asettaa;1
1348;31/2020;2020_31_118;kuitenkin;1
1348;31/2020;2020_31_118;selkeä;1
1348;31/2020;2020_31_118;raja;1
1348;31/2020;2020_31_118;viranomainen;1
1348;31/2020;2020_31_118;toiminta;2
1348;31/2020;2020_31_118;täytyä;1
1348;31/2020;2020_31_118;pitää;2
1348;31/2020;2020_31_118;kaikki;1
1348;31/2020;2020_31_118;mieli;1
1348;31/2020;2020_31_118;ja;4
1348;31/2020;2020_31_118;lailla;1
1348;31/2020;2020_31_118;jakaa;1
1348;31/2020;2020_31_118;huoli;2
1348;31/2020;2020_31_118;esimerkiksi;1
1348;31/2020;2020_31_118;nyt;1
1348;31/2020;2020_31_118;kun;1
1348;31/2020;2020_31_118;uusi;1
1348;31/2020;2020_31_118;luonnonsuojelualue;1
1348;31/2020;2020_31_118;kaavailla;1
1348;31/2020;2020_31_118;sieltä;1
1348;31/2020;2020_31_118;pelkästään;1
1348;31/2020;2020_31_118;asetustasoinen;1
1348;31/2020;2020_31_118;päätös;1
1348;31/2020;2020_31_118;poistaa;1
1348;31/2020;2020_31_118;kansalainen;1
1348;31/2020;2020_31_118;oikeus;2
1348;31/2020;2020_31_118;metsästys;1
1348;31/2020;2020_31_118;mahdollisesti;1
1348;31/2020;2020_31_118;kalastus;1
1348;31/2020;2020_31_118;myös;2
1348;31/2020;2020_31_118;muu;1
1348;31/2020;2020_31_118;luonnontuote;1
1348;31/2020;2020_31_118;keruu;1
1348;31/2020;2020_31_118;tällainen;1
1348;31/2020;2020_31_118;joka;1
1348;31/2020;2020_31_118;jo;1
1348;31/2020;2020_31_118;nykyään;1
1348;31/2020;2020_31_118;ei;1
1348;31/2020;2020_31_118;yksiselitteisesti;1
1348;31/2020;2020_31_118;voida;1
1348;31/2020;2020_31_118;tehdä;1
1348;31/2020;2020_31_118;toivoa;1
1348;31/2020;2020_31_118;itse;1
1348;31/2020;2020_31_118;laki;1
1348;31/2020;2020_31_118;eduskunta;1
1348;31/2020;2020_31_118;muistaa;1
1348;31/2020;2020_31_118;minä;1
1348;31/2020;2020_31_118;maa;1
1348;31/2020;2020_31_118;hyvä;1
1348;31/2020;2020_31_118;edellytys;1
1348;31/2020;2020_31_118;perinteinen;2
1348;31/2020;2020_31_118;harrastus;1
1348;31/2020;2020_31_118;elämäntapa;1
1348;31/2020;2020_31_118;harjoittaminen;1
1348;31/2020;2020_31_118;tulevaisuus;1
1348;31/2020;2020_31_127;arvoisa;1
1348;31/2020;2020_31_127;herra;1
1348;31/2020;2020_31_127;puhemies;1
1348;31/2020;2020_31_127;kiitos;3
1348;31/2020;2020_31_127;ja;11
1348;31/2020;2020_31_127;ministeri;1
1348;31/2020;2020_31_127;esittely;1
1348;31/2020;2020_31_127;myös;9
1348;31/2020;2020_31_127;koko;1
1348;31/2020;2020_31_127;hallitus;3
1348;31/2020;2020_31_127;oppositio;1
1348;31/2020;2020_31_127;se;12
1348;31/2020;2020_31_127;että;12
1348;31/2020;2020_31_127;tämä;14
1348;31/2020;2020_31_127;tärkeä;1
1348;31/2020;2020_31_127;kova;3
1348;31/2020;2020_31_127;rajoittamistoimi;1
1348;31/2020;2020_31_127;olla;13
1348;31/2020;2020_31_127;nyt;4
1348;31/2020;2020_31_127;tehdä;2
1348;31/2020;2020_31_127;sama;1
1348;31/2020;2020_31_127;yhteys;2
1348;31/2020;2020_31_127;haluta;1
1348;31/2020;2020_31_127;kiittää;1
1348;31/2020;2020_31_127;matkailu;1
1348;31/2020;2020_31_127;ravintola-ala;1
1348;31/2020;2020_31_127;yrittäjä;3
1348;31/2020;2020_31_127;joka;3
1348;31/2020;2020_31_127;omaehtoisesti;1
1348;31/2020;2020_31_127;jo;1
1348;31/2020;2020_31_127;sulkea;1
1348;31/2020;2020_31_127;liiketoiminta;2
1348;31/2020;2020_31_127;koronavirus;1
1348;31/2020;2020_31_127;leviäminen;1
1348;31/2020;2020_31_127;ehkäiseminen;1
1348;31/2020;2020_31_127;kuitenkin;2
1348;31/2020;2020_31_127;kiistatta;1
1348;31/2020;2020_31_127;huolissaan;2
1348;31/2020;2020_31_127;todella;2
1348;31/2020;2020_31_127;taloudellinen;1
1348;31/2020;2020_31_127;päätös;2
1348;31/2020;2020_31_127;minä;11
1348;31/2020;2020_31_127;puhua;1
1348;31/2020;2020_31_127;miljardi;1
1348;31/2020;2020_31_127;euro;1
1348;31/2020;2020_31_127;vuositaso;1
1348;31/2020;2020_31_127;noin;2
1348;31/2020;2020_31_127;työpaikka;1
1348;31/2020;2020_31_127;erityisesti;1
1348;31/2020;2020_31_127;pksektori;2
1348;31/2020;2020_31_127;tulla;2
1348;31/2020;2020_31_127;vaikeus;1
1348;31/2020;2020_31_127;jälkeen;2
1348;31/2020;2020_31_127;tarvita;2
1348;31/2020;2020_31_127;hän;2
1348;31/2020;2020_31_127;voimakas;1
1348;31/2020;2020_31_127;tukitoimi;1
1348;31/2020;2020_31_127;iloinen;1
1348;31/2020;2020_31_127;esitys;1
1348;31/2020;2020_31_127;ei;2
1348;31/2020;2020_31_127;rajoittaa;1
1348;31/2020;2020_31_127;ulosmyyntitoiminta;1
1348;31/2020;2020_31_127;hetki;1
1348;31/2020;2020_31_127;mahdollinen;2
1348;31/2020;2020_31_127;maksimi;1
1348;31/2020;2020_31_127;prosenttisten;1
1348;31/2020;2020_31_127;alkoholijuoma;4
1348;31/2020;2020_31_127;osa;2
1348;31/2020;2020_31_127;ainoastaan;1
1348;31/2020;2020_31_127;yritys;1
1348;31/2020;2020_31_127;ravintola;3
1348;31/2020;2020_31_127;tällainen;2
1348;31/2020;2020_31_127;ulosmyyntilupa;1
1348;31/2020;2020_31_127;toivoa;2
1348;31/2020;2020_31_127;harkita;2
1348;31/2020;2020_31_127;lupa;1
1348;31/2020;2020_31_127;lainsäädäntö;1
1348;31/2020;2020_31_127;myötä;1
1348;31/2020;2020_31_127;myöntää;1
1348;31/2020;2020_31_127;aidosti;1
1348;31/2020;2020_31_127;kaikki;1
1348;31/2020;2020_31_127;kun;1
1348;31/2020;2020_31_127;ihminen;1
1348;31/2020;2020_31_127;käydä;1
1348;31/2020;2020_31_127;noutaa;1
1348;31/2020;2020_31_127;itse;3
1348;31/2020;2020_31_127;ruoka;1
1348;31/2020;2020_31_127;saada;1
1348;31/2020;2020_31_127;mukaan;1
1348;31/2020;2020_31_127;vähintään;1
1348;31/2020;2020_31_127;prosenttisia;1
1348;31/2020;2020_31_127;asiassa;2
1348;31/2020;2020_31_127;mikä;1
1348;31/2020;2020_31_127;totta;1
1348;31/2020;2020_31_127;kai;1
1348;31/2020;2020_31_127;sitten;1
1348;31/2020;2020_31_127;alkoholilainsäädäntö;1
1348;31/2020;2020_31_127;muutos;1
1348;31/2020;2020_31_127;voida;2
1348;31/2020;2020_31_127;myydä;2
1348;31/2020;2020_31_127;ulos;1
1348;31/2020;2020_31_127;mahdollisesti;1
1348;31/2020;2020_31_127;kotiinkuljettaa;1
1348;31/2020;2020_31_127;esimerkiksi;2
1348;31/2020;2020_31_127;alle;1
1348;31/2020;2020_31_127;prosentti;1
1348;31/2020;2020_31_127;kannustaa;1
1348;31/2020;2020_31_127;ottaa;2
1348;31/2020;2020_31_127;malli;1
1348;31/2020;2020_31_127;australia;2
1348;31/2020;2020_31_127;ratkaisu;1
1348;31/2020;2020_31_127;asiakas;1
1348;31/2020;2020_31_127;ostaa;1
1348;31/2020;2020_31_127;noutomyynti;1
1348;31/2020;2020_31_127;tai;1
1348;31/2020;2020_31_127;tilata;1
1348;31/2020;2020_31_127;koti;1
1348;31/2020;2020_31_127;hivenen;1
1348;31/2020;2020_31_127;vahva;1
1348;31/2020;2020_31_127;juoma;1
1348;31/2020;2020_31_127;koska;2
1348;31/2020;2020_31_127;tunnustaa;1
1348;31/2020;2020_31_127;fakta;1
1348;31/2020;2020_31_127;ravintolatoiminta;2
1348;31/2020;2020_31_127;suuri;1
1348;31/2020;2020_31_127;kate;1
1348;31/2020;2020_31_127;pohdiskella;1
1348;31/2020;2020_31_127;näin;1
1348;31/2020;2020_31_127;henkilökohtainen;1
1348;31/2020;2020_31_127;kannanotto;1
1348;31/2020;2020_31_127;vaikka;1
1348;31/2020;2020_31_127;valmis;1
1348;31/2020;2020_31_127;pistää;2
1348;31/2020;2020_31_127;alko;1
1348;31/2020;2020_31_127;myymälä;1
1348;31/2020;2020_31_127;kiinni;1
1348;31/2020;2020_31_127;yksityinen;2
1348;31/2020;2020_31_127;alkoholi;1
1348;31/2020;2020_31_127;kansalainen;1
1348;31/2020;2020_31_127;tilanne;1
1348;31/2020;2020_31_127;katsoa;1
1348;31/2020;2020_31_127;suojella;2
1348;31/2020;2020_31_127;valtio;1
1348;31/2020;2020_31_127;monopoli;1
1348;31/2020;2020_31_127;vaan;1
1348;31/2020;2020_31_127;täytyä;1
1348;31/2020;2020_31_127;ennen;1
1348;31/2020;2020_31_127;kaikkea;1
1348;31/2020;2020_31_127;yhdessä;1
1348;31/2020;2020_31_127;varmistaa;1
1348;31/2020;2020_31_127;maa;1
1348;31/2020;2020_31_127;koronakriisi;1
1348;36/2020;2020_36_33;arvoisa;2
1348;36/2020;2020_36_33;herra;1
1348;36/2020;2020_36_33;puhemies;2
1348;36/2020;2020_36_33;ensimmäinen;1
1348;36/2020;2020_36_33;kiitos;2
1348;36/2020;2020_36_33;hallitus;5
1348;36/2020;2020_36_33;se;16
1348;36/2020;2020_36_33;että;12
1348;36/2020;2020_36_33;tämä;25
1348;36/2020;2020_36_33;lisätalousarvio;2
1348;36/2020;2020_36_33;osoittaa;1
1348;36/2020;2020_36_33;tilanne;6
1348;36/2020;2020_36_33;ottaa;2
1348;36/2020;2020_36_33;todella;3
1348;36/2020;2020_36_33;vakavasti;1
1348;36/2020;2020_36_33;ja;21
1348;36/2020;2020_36_33;myös;10
1348;36/2020;2020_36_33;valtiovarainvaliokunta;1
1348;36/2020;2020_36_33;mietintö;1
1348;36/2020;2020_36_33;laatiminen;1
1348;36/2020;2020_36_33;olla;27
1348;36/2020;2020_36_33;ääretön;1
1348;36/2020;2020_36_33;tärkeä;4
1348;36/2020;2020_36_33;yrittäjä;3
1348;36/2020;2020_36_33;tukeminen;1
1348;36/2020;2020_36_33;mutta;2
1348;36/2020;2020_36_33;samalla;1
1348;36/2020;2020_36_33;kansanterveys;1
1348;36/2020;2020_36_33;takaaminen;1
1348;36/2020;2020_36_33;sekä;2
1348;36/2020;2020_36_33;maa;1
1348;36/2020;2020_36_33;huoltovarmuus;1
1348;36/2020;2020_36_33;turvaaminen;1
1348;36/2020;2020_36_33;taistelu;1
1348;36/2020;2020_36_33;korona;1
1348;36/2020;2020_36_33;vastaan;1
1348;36/2020;2020_36_33;kokonaisuus;2
1348;36/2020;2020_36_33;joka;3
1348;36/2020;2020_36_33;täytyä;4
1348;36/2020;2020_36_33;arvioida;2
1348;36/2020;2020_36_33;kaikki;2
1348;36/2020;2020_36_33;tekijä;1
1348;36/2020;2020_36_33;tällainen;4
1348;36/2020;2020_36_33;suora;2
1348;36/2020;2020_36_33;tai;2
1348;36/2020;2020_36_33;epäsuora;2
1348;36/2020;2020_36_33;rahallinen;1
1348;36/2020;2020_36_33;tuki;2
1348;36/2020;2020_36_33;lisäksi;1
1348;36/2020;2020_36_33;nyt;4
1348;36/2020;2020_36_33;kirittää;1
1348;36/2020;2020_36_33;minä;10
1348;36/2020;2020_36_33;saada;1
1348;36/2020;2020_36_33;jousto;2
1348;36/2020;2020_36_33;hän;3
1348;36/2020;2020_36_33;kaivata;2
1348;36/2020;2020_36_33;laatikko;1
1348;36/2020;2020_36_33;ulkopuolinen;1
1348;36/2020;2020_36_33;ajattelu;1
1348;36/2020;2020_36_33;keskustella;2
1348;36/2020;2020_36_33;esimerkiksi;3
1348;36/2020;2020_36_33;matkailu;1
1348;36/2020;2020_36_33;ravintola-ala;1
1348;36/2020;2020_36_33;alkoholi;1
1348;36/2020;2020_36_33;ulosmyyntilupa;1
1348;36/2020;2020_36_33;jos;1
1348;36/2020;2020_36_33;ainoastaan;1
1348;36/2020;2020_36_33;alle;1
1348;36/2020;2020_36_33;prosentti;1
1348;36/2020;2020_36_33;lupa;2
1348;36/2020;2020_36_33;hetki;2
1348;36/2020;2020_36_33;niin;2
1348;36/2020;2020_36_33;toivoa;3
1348;36/2020;2020_36_33;tulla;3
1348;36/2020;2020_36_33;automaattisesti;1
1348;36/2020;2020_36_33;haluta;1
1348;36/2020;2020_36_33;vaikea;2
1348;36/2020;2020_36_33;yritystoiminta;1
1348;36/2020;2020_36_33;jatkaa;1
1348;36/2020;2020_36_33;samaten;3
1348;36/2020;2020_36_33;hyvä;1
1348;36/2020;2020_36_33;voida;3
1348;36/2020;2020_36_33;tuo;2
1348;36/2020;2020_36_33;ulosmyyntiraja;1
1348;36/2020;2020_36_33;tilapäisesti;1
1348;36/2020;2020_36_33;nostaa;2
1348;36/2020;2020_36_33;kriisi;6
1348;36/2020;2020_36_33;kun;4
1348;36/2020;2020_36_33;ala;1
1348;36/2020;2020_36_33;toimija;1
1348;36/2020;2020_36_33;kanssa;2
1348;36/2020;2020_36_33;kyllä;5
1348;36/2020;2020_36_33;siellä;1
1348;36/2020;2020_36_33;voimakas;1
1348;36/2020;2020_36_33;kokemus;1
1348;36/2020;2020_36_33;toiminta;1
1348;36/2020;2020_36_33;pelastaa;1
1348;36/2020;2020_36_33;moni;2
1348;36/2020;2020_36_33;yritys;2
1348;36/2020;2020_36_33;ilman;1
1348;36/2020;2020_36_33;sinne;1
1348;36/2020;2020_36_33;määrättömästi;1
1348;36/2020;2020_36_33;kaataa;1
1348;36/2020;2020_36_33;valtio;2
1348;36/2020;2020_36_33;raha;1
1348;36/2020;2020_36_33;sisään;1
1348;36/2020;2020_36_33;ei;5
1348;36/2020;2020_36_33;tietenkään;1
1348;36/2020;2020_36_33;mahdollisuus;1
1348;36/2020;2020_36_33;ylipäätään;1
1348;36/2020;2020_36_33;hoito;2
1348;36/2020;2020_36_33;vaatia;2
1348;36/2020;2020_36_33;yhtenäisyys;2
1348;36/2020;2020_36_33;valittaa;1
1348;36/2020;2020_36_33;tietysti;1
1348;36/2020;2020_36_33;laittaa;1
1348;36/2020;2020_36_33;merkki;1
1348;36/2020;2020_36_33;kyselytunti;1
1348;36/2020;2020_36_33;sali;2
1348;36/2020;2020_36_33;varsin;1
1348;36/2020;2020_36_33;hauras;1
1348;36/2020;2020_36_33;vahvistaa;1
1348;36/2020;2020_36_33;oppositio;1
1348;36/2020;2020_36_33;sellainen;1
1348;36/2020;2020_36_33;toimi;2
1348;36/2020;2020_36_33;yksinkertaisesti;1
1348;36/2020;2020_36_33;mahdollinen;2
1348;36/2020;2020_36_33;perustuslaki;1
1348;36/2020;2020_36_33;valmiuslainsäädäntö;1
1348;36/2020;2020_36_33;puitteissa;1
1348;36/2020;2020_36_33;rehellinen;1
1348;36/2020;2020_36_33;keskellä;1
1348;36/2020;2020_36_33;esittää;1
1348;36/2020;2020_36_33;paljon;3
1348;36/2020;2020_36_33;kritiikki;1
1348;36/2020;2020_36_33;sosiaali;1
1348;36/2020;2020_36_33;terveysministeriö;1
1348;36/2020;2020_36_33;terveysviranomainen;1
1348;36/2020;2020_36_33;kohtaan;1
1348;36/2020;2020_36_33;alkuvaihe;1
1348;36/2020;2020_36_33;ihan;2
1348;36/2020;2020_36_33;perusteltu;1
1348;36/2020;2020_36_33;jälkeen;2
1348;36/2020;2020_36_33;akuutti;1
1348;36/2020;2020_36_33;hoitaa;1
1348;36/2020;2020_36_33;oppi;1
1348;36/2020;2020_36_33;tarkasti;1
1348;36/2020;2020_36_33;talli;1
1348;36/2020;2020_36_33;tehdä;1
1348;36/2020;2020_36_33;selvitys;1
1348;36/2020;2020_36_33;miten;3
1348;36/2020;2020_36_33;thl;1
1348;36/2020;2020_36_33;toimia;1
1348;36/2020;2020_36_33;itse;1
1348;36/2020;2020_36_33;käydä;1
1348;36/2020;2020_36_33;selvä;1
1348;36/2020;2020_36_33;luottaa;1
1348;36/2020;2020_36_33;terveydenhuoltojärjestelmä;1
1348;36/2020;2020_36_33;viranomainen;1
1348;36/2020;2020_36_33;varautua;1
1348;36/2020;2020_36_33;monenlainen;1
1348;36/2020;2020_36_33;varautuminen;1
1348;36/2020;2020_36_33;aina;1
1348;36/2020;2020_36_33;sama;1
1348;36/2020;2020_36_33;asia;2
1348;36/2020;2020_36_33;kuin;3
1348;36/2020;2020_36_33;ennakointi;1
1348;36/2020;2020_36_33;ehkä;1
1348;36/2020;2020_36_33;perustella;2
1348;36/2020;2020_36_33;pohtia;1
1348;36/2020;2020_36_33;hyvin;1
1348;36/2020;2020_36_33;ennakoida;1
1348;36/2020;2020_36_33;erilainen;1
1348;36/2020;2020_36_33;lakiesitys;1
1348;36/2020;2020_36_33;joutua;1
1348;36/2020;2020_36_33;kiireä;1
1348;36/2020;2020_36_33;valmistella;1
1348;36/2020;2020_36_33;varmasti;1
1348;36/2020;2020_36_33;tulevaisuus;2
1348;36/2020;2020_36_33;esitys;1
1348;36/2020;2020_36_33;löytyä;1
1348;36/2020;2020_36_33;valmis;1
1348;36/2020;2020_36_33;ennakkotarkastaa;1
1348;36/2020;2020_36_33;sieltä;1
1348;36/2020;2020_36_33;ministeriö;1
1348;36/2020;2020_36_33;pöytälaatikko;1
1348;36/2020;2020_36_33;edustaja;2
1348;36/2020;2020_36_33;kilpi;2
1348;36/2020;2020_36_33;esille;1
1348;36/2020;2020_36_33;poliisi;1
1348;36/2020;2020_36_33;resurssi;1
1348;36/2020;2020_36_33;jakaa;3
1348;36/2020;2020_36_33;huoli;3
1348;36/2020;2020_36_33;täysin;1
1348;36/2020;2020_36_33;terveydenhuoltohenkilöstöhenkilöstöhenkilöstö;1
1348;36/2020;2020_36_33;jaksaminen;2
1348;36/2020;2020_36_33;suojavaruste;1
1348;36/2020;2020_36_33;vaikkapa;1
1348;36/2020;2020_36_33;rajavartiolaitos;1
1348;36/2020;2020_36_33;varuste;1
1348;36/2020;2020_36_33;rajamies;1
1348;36/2020;2020_36_33;työ;1
1348;36/2020;2020_36_33;aika;1
1348;36/2020;2020_36_33;lisää;1
1348;36/2020;2020_36_33;sisäraja;1
1348;36/2020;2020_36_33;sulkea;1
1348;36/2020;2020_36_33;silti;1
1348;36/2020;2020_36_33;kyetä;1
1348;36/2020;2020_36_33;katsoa;2
1348;36/2020;2020_36_33;politikoida;1
1348;36/2020;2020_36_33;pelkästään;1
1348;36/2020;2020_36_33;oma;1
1348;36/2020;2020_36_33;edustaa;1
1348;36/2020;2020_36_33;eturyhmä;1
1348;36/2020;2020_36_33;suomi;1
1348;36/2020;2020_36_33;kanta;1
1348;36/2020;2020_36_33;mennä;1
1348;36/2020;2020_36_33;pohja;1
1348;36/2020;2020_36_33;eteenpäin;1
1348;36/2020;2020_36_33;ministeri;1
1348;36/2020;2020_36_33;kulmun;1
1348;36/2020;2020_36_33;kysyä;1
1348;36/2020;2020_36_33;vielä;1
1348;36/2020;2020_36_33;lainsäädäntö;1
1348;36/2020;2020_36_33;suhtautua;1
1348;36/2020;2020_36_33;suunnitella;1
1348;36/2020;2020_36_33;tämäntyyppinen;1
1348;36/2020;2020_36_119;arvoisa;1
1348;36/2020;2020_36_119;herra;1
1348;36/2020;2020_36_119;puhemies;1
1348;36/2020;2020_36_119;kiitos;2
1348;36/2020;2020_36_119;säikähtää;1
1348;36/2020;2020_36_119;jo;1
1348;36/2020;2020_36_119;haluta;3
1348;36/2020;2020_36_119;kiittää;2
1348;36/2020;2020_36_119;hallitus;5
1348;36/2020;2020_36_119;se;19
1348;36/2020;2020_36_119;että;18
1348;36/2020;2020_36_119;tämä;15
1348;36/2020;2020_36_119;välttämätön;1
1348;36/2020;2020_36_119;mutta;1
1348;36/2020;2020_36_119;erittäin;1
1348;36/2020;2020_36_119;kova;4
1348;36/2020;2020_36_119;rajoittamistoimi;3
1348;36/2020;2020_36_119;eli;2
1348;36/2020;2020_36_119;uusimaa;3
1348;36/2020;2020_36_119;eristäminen;1
1348;36/2020;2020_36_119;olla;29
1348;36/2020;2020_36_119;nyt;6
1348;36/2020;2020_36_119;päättää;1
1348;36/2020;2020_36_119;toteuttaa;1
1348;36/2020;2020_36_119;ja;11
1348;36/2020;2020_36_119;aivan;2
1348;36/2020;2020_36_119;kuten;1
1348;36/2020;2020_36_119;minä;5
1348;36/2020;2020_36_119;pääministeri;1
1348;36/2020;2020_36_119;sanna;1
1348;36/2020;2020_36_119;mari;1
1348;36/2020;2020_36_119;todeta;1
1348;36/2020;2020_36_119;itse;2
1348;36/2020;2020_36_119;oma;2
1348;36/2020;2020_36_119;pieni;1
1348;36/2020;2020_36_119;osa;2
1348;36/2020;2020_36_119;vedota;1
1348;36/2020;2020_36_119;ihminen;3
1348;36/2020;2020_36_119;tulla;1
1348;36/2020;2020_36_119;koti;2
1348;36/2020;2020_36_119;sieltä;1
1348;36/2020;2020_36_119;mökki;1
1348;36/2020;2020_36_119;sitten;3
1348;36/2020;2020_36_119;tai;3
1348;36/2020;2020_36_119;vuokramökki;1
1348;36/2020;2020_36_119;yksinkertaisesti;1
1348;36/2020;2020_36_119;tuolla;1
1348;36/2020;2020_36_119;maakunta;3
1348;36/2020;2020_36_119;kotimaakunta;2
1348;36/2020;2020_36_119;lappi;1
1348;36/2020;2020_36_119;hetki;2
1348;36/2020;2020_36_119;todennäköisesti;1
1348;36/2020;2020_36_119;kymmenentuhatta;1
1348;36/2020;2020_36_119;joka;5
1348;36/2020;2020_36_119;ei;9
1348;36/2020;2020_36_119;laskea;1
1348;36/2020;2020_36_119;terveydenhuoltojärjestelmä;1
1348;36/2020;2020_36_119;piiri;1
1348;36/2020;2020_36_119;ääretön;2
1348;36/2020;2020_36_119;tärkeä;1
1348;36/2020;2020_36_119;hän;3
1348;36/2020;2020_36_119;palata;2
1348;36/2020;2020_36_119;nopeasti;1
1348;36/2020;2020_36_119;pitää;1
1348;36/2020;2020_36_119;tilanne;1
1348;36/2020;2020_36_119;tapa;1
1348;36/2020;2020_36_119;hallinta;1
1348;36/2020;2020_36_119;yksi;1
1348;36/2020;2020_36_119;syy;2
1348;36/2020;2020_36_119;täytyä;3
1348;36/2020;2020_36_119;ryhtyä;1
1348;36/2020;2020_36_119;noudattaa;2
1348;36/2020;2020_36_119;suositus;2
1348;36/2020;2020_36_119;mieli;1
1348;36/2020;2020_36_119;sanoa;2
1348;36/2020;2020_36_119;kyllä;2
1348;36/2020;2020_36_119;pettyä;1
1348;36/2020;2020_36_119;todella;2
1348;36/2020;2020_36_119;moni;1
1348;36/2020;2020_36_119;kansalainen;1
1348;36/2020;2020_36_119;toiminta;1
1348;36/2020;2020_36_119;paljon;1
1348;36/2020;2020_36_119;helppo;1
1348;36/2020;2020_36_119;kun;2
1348;36/2020;2020_36_119;jotta;1
1348;36/2020;2020_36_119;tällainen;1
1348;36/2020;2020_36_119;toimenpide;1
1348;36/2020;2020_36_119;tarvita;1
1348;36/2020;2020_36_119;lähteä;3
1348;36/2020;2020_36_119;tänään;1
1348;36/2020;2020_36_119;kuunnella;1
1348;36/2020;2020_36_119;keskustelu;2
1348;36/2020;2020_36_119;niin;2
1348;36/2020;2020_36_119;hivenen;1
1348;36/2020;2020_36_119;hämmästyä;1
1348;36/2020;2020_36_119;tietty;1
1348;36/2020;2020_36_119;oppositiopoliitikko;1
1348;36/2020;2020_36_119;vaatia;4
1348;36/2020;2020_36_119;sellainen;1
1348;36/2020;2020_36_119;toimi;2
1348;36/2020;2020_36_119;perustuslaki;1
1348;36/2020;2020_36_119;valmiuslaki;1
1348;36/2020;2020_36_119;mukainen;1
1348;36/2020;2020_36_119;kaikki;6
1348;36/2020;2020_36_119;henkilö;1
1348;36/2020;2020_36_119;hyvä;2
1348;36/2020;2020_36_119;lukko;1
1348;36/2020;2020_36_119;edessä;1
1348;36/2020;2020_36_119;maa;2
1348;36/2020;2020_36_119;ajautua;1
1348;36/2020;2020_36_119;yksinvaltius;1
1348;36/2020;2020_36_119;totalitarismi;1
1348;36/2020;2020_36_119;toimia;1
1348;36/2020;2020_36_119;oikeusvaltioperiaate;1
1348;36/2020;2020_36_119;parlamentarismi;1
1348;36/2020;2020_36_119;periaate;1
1348;36/2020;2020_36_119;mukaisesti;1
1348;36/2020;2020_36_119;näin;2
1348;36/2020;2020_36_119;tehdä;1
1348;36/2020;2020_36_119;myös;2
1348;36/2020;2020_36_119;surullinen;2
1348;36/2020;2020_36_119;täällä;1
1348;36/2020;2020_36_119;sali;1
1348;36/2020;2020_36_119;käydä;1
1348;36/2020;2020_36_119;muun;1
1348;36/2020;2020_36_119;muassa;1
1348;36/2020;2020_36_119;varusmies;2
1348;36/2020;2020_36_119;lomaoikeus;1
1348;36/2020;2020_36_119;tänne;2
1348;36/2020;2020_36_119;nähdä;1
1348;36/2020;2020_36_119;mikään;2
1348;36/2020;2020_36_119;järki;2
1348;36/2020;2020_36_119;vaikka;1
1348;36/2020;2020_36_119;päätös;1
1348;36/2020;2020_36_119;tietysti;1
1348;36/2020;2020_36_119;kolme;1
1348;36/2020;2020_36_119;viikko;1
1348;36/2020;2020_36_119;joutua;1
1348;36/2020;2020_36_119;viettää;1
1348;36/2020;2020_36_119;ulkopuolella;1
1348;36/2020;2020_36_119;toisaalta;1
1348;36/2020;2020_36_119;muistaa;1
1348;36/2020;2020_36_119;kouluttaa;1
1348;36/2020;2020_36_119;äärimmäinen;1
1348;36/2020;2020_36_119;poikkeustila;1
1348;36/2020;2020_36_119;sota;1
1348;36/2020;2020_36_119;voida;2
1348;36/2020;2020_36_119;mikä;1
1348;36/2020;2020_36_119;paha;1
1348;36/2020;2020_36_119;epidemia-alue;1
1348;36/2020;2020_36_119;jälkeen;1
1348;36/2020;2020_36_119;sinne;1
1348;36/2020;2020_36_119;varuskunta;1
1348;36/2020;2020_36_119;takaisin;1
1348;36/2020;2020_36_119;tartuttaa;2
1348;36/2020;2020_36_119;tauti;1
1348;36/2020;2020_36_119;mahdollisesti;1
1348;36/2020;2020_36_119;palvelustoveri;1
1348;36/2020;2020_36_119;loma;1
1348;36/2020;2020_36_119;muualle;1
1348;36/2020;2020_36_119;edelleen;1
1348;36/2020;2020_36_119;samalla;1
1348;36/2020;2020_36_119;oppositio;1
1348;36/2020;2020_36_119;kuin;1
1348;36/2020;2020_36_119;puoli;1
1348;36/2020;2020_36_119;ikäihminen;1
1348;36/2020;2020_36_119;eläkeläinen;1
1348;36/2020;2020_36_119;vapaa;1
1348;36/2020;2020_36_119;oikeus;1
1348;36/2020;2020_36_119;lomailla;1
1348;36/2020;2020_36_119;mökkeillä;1
1348;36/2020;2020_36_119;eristäytyä;1
1348;36/2020;2020_36_119;ehdottomasti;1
1348;36/2020;2020_36_119;väärä;1
1348;36/2020;2020_36_119;strategia;1
1348;36/2020;2020_36_119;kriisi;1
1348;36/2020;2020_36_119;hoitaminen;1
1348;36/2020;2020_36_119;uhraus;1
1348;36/2020;2020_36_119;ymmärtää;1
1348;36/2020;2020_36_119;hyvin;1
1348;36/2020;2020_36_119;uusimaalainen;1
1348;36/2020;2020_36_119;poliitikko;1
1348;36/2020;2020_36_119;huoli;1
1348;36/2020;2020_36_119;vakuuttaa;1
1348;36/2020;2020_36_119;sinä;2
1348;36/2020;2020_36_119;koko;1
1348;36/2020;2020_36_119;muu;1
1348;36/2020;2020_36_119;seisoa;1
1348;36/2020;2020_36_119;takana;1
1348;36/2020;2020_36_119;suomi;1
1348;36/2020;2020_36_119;keskusta;1
1348;36/2020;2020_36_119;antaa;1
1348;36/2020;2020_36_119;tuki;1
1348;36/2020;2020_36_119;jättää;1
1348;36/2020;2020_36_119;yksin;1
1348;42/2020;2020_42_45;arvoisa;1
1348;42/2020;2020_42_45;herra;1
1348;42/2020;2020_42_45;puhemies;1
1348;42/2020;2020_42_45;ensimmäinen;1
1348;42/2020;2020_42_45;kiitos;1
1348;42/2020;2020_42_45;hallitus;4
1348;42/2020;2020_42_45;tämä;17
1348;42/2020;2020_42_45;erinomainen;2
1348;42/2020;2020_42_45;toimi;1
1348;42/2020;2020_42_45;joka;4
1348;42/2020;2020_42_45;koronavirus;3
1348;42/2020;2020_42_45;nyt;5
1348;42/2020;2020_42_45;hetki;2
1348;42/2020;2020_42_45;torjua;1
1348;42/2020;2020_42_45;liikkumisrajoitus;2
1348;42/2020;2020_42_45;olla;26
1348;42/2020;2020_42_45;täysin;3
1348;42/2020;2020_42_45;välttämätön;4
1348;42/2020;2020_42_45;itse;3
1348;42/2020;2020_42_45;huolestuttaa;2
1348;42/2020;2020_42_45;kuitenkin;2
1348;42/2020;2020_42_45;uusimaa;5
1348;42/2020;2020_42_45;se;19
1348;42/2020;2020_42_45;että;15
1348;42/2020;2020_42_45;vaikka;1
1348;42/2020;2020_42_45;puolustusvoima;1
1348;42/2020;2020_42_45;hyvä;4
1348;42/2020;2020_42_45;rotaatio;1
1348;42/2020;2020_42_45;tuolla;1
1348;42/2020;2020_42_45;varusmies;2
1348;42/2020;2020_42_45;loma;1
1348;42/2020;2020_42_45;osa;3
1348;42/2020;2020_42_45;liikkua;2
1348;42/2020;2020_42_45;muualle;1
1348;42/2020;2020_42_45;suomi;2
1348;42/2020;2020_42_45;ja;16
1348;42/2020;2020_42_45;sitten;6
1348;42/2020;2020_42_45;myös;9
1348;42/2020;2020_42_45;sieltä;2
1348;42/2020;2020_42_45;muualta;2
1348;42/2020;2020_42_45;tänne;2
1348;42/2020;2020_42_45;selvittää;1
1348;42/2020;2020_42_45;asia;5
1348;42/2020;2020_42_45;puolustusvoimat;1
1348;42/2020;2020_42_45;puolustusministeriö;1
1348;42/2020;2020_42_45;nopea;1
1348;42/2020;2020_42_45;tahti;1
1348;42/2020;2020_42_45;valmius;2
1348;42/2020;2020_42_45;arvioida;2
1348;42/2020;2020_42_45;uudelleen;1
1348;42/2020;2020_42_45;kotimaakunta;2
1348;42/2020;2020_42_45;lappi;4
1348;42/2020;2020_42_45;taas;1
1348;42/2020;2020_42_45;tuo;1
1348;42/2020;2020_42_45;työmatkaliikenne;2
1348;42/2020;2020_42_45;ruotsi;2
1348;42/2020;2020_42_45;puoli;2
1348;42/2020;2020_42_45;ei;8
1348;42/2020;2020_42_45;rajoittaa;2
1348;42/2020;2020_42_45;koska;2
1348;42/2020;2020_42_45;nähdä;1
1348;42/2020;2020_42_45;totta;1
1348;42/2020;2020_42_45;kai;1
1348;42/2020;2020_42_45;niin;7
1348;42/2020;2020_42_45;kauan;1
1348;42/2020;2020_42_45;kuin;1
1348;42/2020;2020_42_45;voida;4
1348;42/2020;2020_42_45;ihminen;1
1348;42/2020;2020_42_45;toimeentulo;1
1348;42/2020;2020_42_45;taata;1
1348;42/2020;2020_42_45;tehdä;4
1348;42/2020;2020_42_45;mutta;1
1348;42/2020;2020_42_45;kun;2
1348;42/2020;2020_42_45;minä;2
1348;42/2020;2020_42_45;viite;1
1348;42/2020;2020_42_45;sinne;3
1348;42/2020;2020_42_45;tartunta;1
1348;42/2020;2020_42_45;joku;1
1348;42/2020;2020_42_45;verran;1
1348;42/2020;2020_42_45;tulla;1
1348;42/2020;2020_42_45;seurata;1
1348;42/2020;2020_42_45;tarkasti;1
1348;42/2020;2020_42_45;päätelmä;1
1348;42/2020;2020_42_45;tieto;1
1348;42/2020;2020_42_45;nojalla;1
1348;42/2020;2020_42_45;jokin;1
1348;42/2020;2020_42_45;vaihe;3
1348;42/2020;2020_42_45;kulttuurisesti;1
1348;42/2020;2020_42_45;taloudellisesti;1
1348;42/2020;2020_42_45;kova;2
1348;42/2020;2020_42_45;päätös;2
1348;42/2020;2020_42_45;laittaa;1
1348;42/2020;2020_42_45;raja;2
1348;42/2020;2020_42_45;kiinni;1
1348;42/2020;2020_42_45;täytyä;3
1348;42/2020;2020_42_45;mainita;1
1348;42/2020;2020_42_45;lappilainen;2
1348;42/2020;2020_42_45;kulttuuri;1
1348;42/2020;2020_42_45;kanta;2
1348;42/2020;2020_42_45;mikäli;4
1348;42/2020;2020_42_45;tilanne;3
1348;42/2020;2020_42_45;jatkua;2
1348;42/2020;2020_42_45;vielä;3
1348;42/2020;2020_42_45;kesä;1
1348;42/2020;2020_42_45;yli;1
1348;42/2020;2020_42_45;tuonne;2
1348;42/2020;2020_42_45;rajajoki;1
1348;42/2020;2020_42_45;vene;1
1348;42/2020;2020_42_45;lohi;1
1348;42/2020;2020_42_45;soutaa;1
1348;42/2020;2020_42_45;teno;1
1348;42/2020;2020_42_45;tornionjoki;1
1348;42/2020;2020_42_45;rajaviiva;1
1348;42/2020;2020_42_45;siellä;4
1348;42/2020;2020_42_45;kulkea;1
1348;42/2020;2020_42_45;syvä;1
1348;42/2020;2020_42_45;uoma;1
1348;42/2020;2020_42_45;pitkin;1
1348;42/2020;2020_42_45;mennä;2
1348;42/2020;2020_42_45;ylittää;1
1348;42/2020;2020_42_45;syyllistyä;1
1348;42/2020;2020_42_45;tällöin;1
1348;42/2020;2020_42_45;valtiorajarikos;1
1348;42/2020;2020_42_45;tällainen;2
1348;42/2020;2020_42_45;tietenkään;1
1348;42/2020;2020_42_45;kukaan;1
1348;42/2020;2020_42_45;kannustaa;1
1348;42/2020;2020_42_45;toivoa;1
1348;42/2020;2020_42_45;laueta;1
1348;42/2020;2020_42_45;ennen;1
1348;42/2020;2020_42_45;edustaja;3
1348;42/2020;2020_42_45;heinonen;1
1348;42/2020;2020_42_45;ottaa;1
1348;42/2020;2020_42_45;oma;1
1348;42/2020;2020_42_45;puheenvuoro;2
1348;42/2020;2020_42_45;esille;1
1348;42/2020;2020_42_45;tosiaan;2
1348;42/2020;2020_42_45;resurssi;1
1348;42/2020;2020_42_45;eristäminen;2
1348;42/2020;2020_42_45;vaikea;1
1348;42/2020;2020_42_45;johtua;1
1348;42/2020;2020_42_45;pääasiassa;1
1348;42/2020;2020_42_45;pettyä;1
1348;42/2020;2020_42_45;kansalainen;2
1348;42/2020;2020_42_45;yksinkertaisesti;1
1348;42/2020;2020_42_45;uskoa;1
1348;42/2020;2020_42_45;suositus;1
1348;42/2020;2020_42_45;valitettava;1
1348;42/2020;2020_42_45;silloin;1
1348;42/2020;2020_42_45;joutua;1
1348;42/2020;2020_42_45;toimenpide;1
1348;42/2020;2020_42_45;selkeästi;1
1348;42/2020;2020_42_45;ilmoittaa;1
1348;42/2020;2020_42_45;tarvita;2
1348;42/2020;2020_42_45;lisää;1
1348;42/2020;2020_42_45;rajoitustoimi;1
1348;42/2020;2020_42_45;kyllä;2
1348;42/2020;2020_42_45;katsoa;1
1348;42/2020;2020_42_45;lisäksi;1
1348;42/2020;2020_42_45;mahdollinen;2
1348;42/2020;2020_42_45;sulkea;1
1348;42/2020;2020_42_45;vaikkapa;1
1348;42/2020;2020_42_45;maakunta;2
1348;42/2020;2020_42_45;tai;3
1348;42/2020;2020_42_45;muu;1
1348;42/2020;2020_42_45;pohjois-suomi;1
1348;42/2020;2020_42_45;näyttää;1
1348;42/2020;2020_42_45;etelä;2
1348;42/2020;2020_42_45;vaan;1
1348;42/2020;2020_42_45;päinvastoin;1
1348;42/2020;2020_42_45;lähteä;1
1348;42/2020;2020_42_45;liikkeelle;1
1348;42/2020;2020_42_45;pohjoinen;1
1348;42/2020;2020_42_45;mikä;3
1348;42/2020;2020_42_45;aiheuttaa;1
1348;42/2020;2020_42_45;haaste;1
1348;42/2020;2020_42_45;terveydenhuoltojärjestelmä;1
1348;42/2020;2020_42_45;kestävyys;1
1348;42/2020;2020_42_45;haluta;1
1348;42/2020;2020_42_45;vedota;1
1348;42/2020;2020_42_45;jokainen;3
1348;42/2020;2020_42_45;turisti;1
1348;42/2020;2020_42_45;matkustaminen;1
1348;42/2020;2020_42_45;harkita;1
1348;42/2020;2020_42_45;jättää;1
1348;42/2020;2020_42_45;suunnitelma;1
1348;42/2020;2020_42_45;jos;1
1348;42/2020;2020_42_45;jo;1
1348;42/2020;2020_42_45;poistua;1
1348;42/2020;2020_42_45;takaisin;1
1348;42/2020;2020_42_45;kansanterveys;1
1348;42/2020;2020_42_45;turvaaminen;1
1348;42/2020;2020_42_45;leviäminen;2
1348;42/2020;2020_42_45;ehkäiseminen;1
1348;42/2020;2020_42_45;guzenina;1
1348;42/2020;2020_42_45;salo;1
1348;42/2020;2020_42_45;kiittää;1
1348;42/2020;2020_42_45;aivan;1
1348;42/2020;2020_42_45;sama;1
1348;42/2020;2020_42_45;mieli;1
1348;42/2020;2020_42_45;valtio;1
1348;42/2020;2020_42_45;kaikenkattavasti;1
1348;42/2020;2020_42_45;sanella;1
1348;42/2020;2020_42_45;korostaa;1
1348;42/2020;2020_42_45;yksilö;1
1348;42/2020;2020_42_45;vastuu;1
1348;42/2020;2020_42_45;poikkeustila;1
1348;42/2020;2020_42_45;kaikki;1
1348;42/2020;2020_42_45;keino;1
1348;42/2020;2020_42_45;kyetä;1
1348;42/2020;2020_42_45;hidastaa;1
1348;42/2020;2020_42_76;arvoisa;1
1348;42/2020;2020_42_76;herra;1
1348;42/2020;2020_42_76;puhemies;1
1348;42/2020;2020_42_76;ensimmäinen;1
1348;42/2020;2020_42_76;kiitos;1
1348;42/2020;2020_42_76;edustaja;2
1348;42/2020;2020_42_76;kiviranta;2
1348;42/2020;2020_42_76;löfström;1
1348;42/2020;2020_42_76;ja;10
1348;42/2020;2020_42_76;norrback;1
1348;42/2020;2020_42_76;erinomainen;1
1348;42/2020;2020_42_76;puheenvuoro;1
1348;42/2020;2020_42_76;minä;4
1348;42/2020;2020_42_76;olla;12
1348;42/2020;2020_42_76;tämä;6
1348;42/2020;2020_42_76;asia;3
1348;42/2020;2020_42_76;kanssa;1
1348;42/2020;2020_42_76;kyllä;4
1348;42/2020;2020_42_76;vakava;1
1348;42/2020;2020_42_76;ongelma;1
1348;42/2020;2020_42_76;tietty;1
1348;42/2020;2020_42_76;määrä;1
1348;42/2020;2020_42_76;pyyntilupa;2
1348;42/2020;2020_42_76;yli;1
1348;42/2020;2020_42_76;satatuhatta;1
1348;42/2020;2020_42_76;se;11
1348;42/2020;2020_42_76;tulla;3
1348;42/2020;2020_42_76;käyttää;2
1348;42/2020;2020_42_76;vain;1
1348;42/2020;2020_42_76;noin;1
1348;42/2020;2020_42_76;puoli;1
1348;42/2020;2020_42_76;tavoite;1
1348;42/2020;2020_42_76;kuitenkin;1
1348;42/2020;2020_42_76;mikäli;2
1348;42/2020;2020_42_76;aikoa;1
1348;42/2020;2020_42_76;pitää;1
1348;42/2020;2020_42_76;hyljekanta;1
1348;42/2020;2020_42_76;kohtuullinen;1
1348;42/2020;2020_42_76;mittakaava;1
1348;42/2020;2020_42_76;että;5
1348;42/2020;2020_42_76;kaikki;1
1348;42/2020;2020_42_76;nyt;2
1348;42/2020;2020_42_76;ei;3
1348;42/2020;2020_42_76;innostaa;1
1348;42/2020;2020_42_76;metsästäjä;1
1348;42/2020;2020_42_76;lähteä;1
1348;42/2020;2020_42_76;sinne;1
1348;42/2020;2020_42_76;pyytää;1
1348;42/2020;2020_42_76;koska;2
1348;42/2020;2020_42_76;mahdoton;1
1348;42/2020;2020_42_76;toteuttaa;1
1348;42/2020;2020_42_76;oma;2
1348;42/2020;2020_42_76;kulttuuri;1
1348;42/2020;2020_42_76;metsästysharrastus;1
1348;42/2020;2020_42_76;liha;3
1348;42/2020;2020_42_76;yksinkertaisesti;1
1348;42/2020;2020_42_76;voida;1
1348;42/2020;2020_42_76;hyödyntää;1
1348;42/2020;2020_42_76;kuten;1
1348;42/2020;2020_42_76;edellä;1
1348;42/2020;2020_42_76;puhuja;1
1348;42/2020;2020_42_76;todeta;1
1348;42/2020;2020_42_76;niin;3
1348;42/2020;2020_42_76;vaatia;1
1348;42/2020;2020_42_76;muutos;2
1348;42/2020;2020_42_76;eurooppa;1
1348;42/2020;2020_42_76;unioni;1
1348;42/2020;2020_42_76;taso;1
1348;42/2020;2020_42_76;toivoa;2
1348;42/2020;2020_42_76;todella;2
1348;42/2020;2020_42_76;hallitus;1
1348;42/2020;2020_42_76;ottaa;1
1348;42/2020;2020_42_76;vakavasti;1
1348;42/2020;2020_42_76;saada;3
1348;42/2020;2020_42_76;poikkeus;1
1348;42/2020;2020_42_76;hylje;4
1348;42/2020;2020_42_76;myös;3
1348;42/2020;2020_42_76;muu;1
1348;42/2020;2020_42_76;hyljetuote;1
1348;42/2020;2020_42_76;talja;1
1348;42/2020;2020_42_76;valmistaa;2
1348;42/2020;2020_42_76;tuote;1
1348;42/2020;2020_42_76;kauppa;1
1348;42/2020;2020_42_76;mikä;2
1348;42/2020;2020_42_76;hyvä;2
1348;42/2020;2020_42_76;lähiruoka;1
1348;42/2020;2020_42_76;suomi;1
1348;42/2020;2020_42_76;rannikko;1
1348;42/2020;2020_42_76;kuin;3
1348;42/2020;2020_42_76;eettinen;1
1348;42/2020;2020_42_76;ekologinen;1
1348;42/2020;2020_42_76;vaate;2
1348;42/2020;2020_42_76;villihylje;1
1348;42/2020;2020_42_76;joka;1
1348;42/2020;2020_42_76;itse;2
1348;42/2020;2020_42_76;suosia;2
1348;42/2020;2020_42_76;tuolla;1
1348;42/2020;2020_42_76;lappi;2
1348;42/2020;2020_42_76;tuomas;1
1348;42/2020;2020_42_76;kettunen;1
1348;42/2020;2020_42_76;juuri;1
1348;42/2020;2020_42_76;näin;1
1348;42/2020;2020_42_76;katsoa;1
1348;42/2020;2020_42_76;eu;1
1348;42/2020;2020_42_76;osa;1
1348;42/2020;2020_42_76;aikaan;1
1348;42/2020;2020_42_76;harkita;1
1348;42/2020;2020_42_76;vahvasti;1
1348;42/2020;2020_42_76;antaa;1
1348;42/2020;2020_42_76;sitten;1
1348;42/2020;2020_42_76;tietyntyyppinen;1
1348;42/2020;2020_42_76;valtio;1
1348;42/2020;2020_42_76;maksaa;1
1348;42/2020;2020_42_76;pyyntipalkkio;1
1348;42/2020;2020_42_76;sanoa;1
1348;42/2020;2020_42_76;suoraan;1
1348;42/2020;2020_42_76;puhutella;1
1348;42/2020;2020_42_76;tapporaha;1
1348;42/2020;2020_42_76;metsästys;2
1348;42/2020;2020_42_76;kulttuurinen;1
1348;42/2020;2020_42_76;oikeus;1
1348;42/2020;2020_42_76;suomalainen;1
1348;42/2020;2020_42_76;kulttuuriperintö;1
1348;42/2020;2020_42_76;kuulua;1
1348;42/2020;2020_42_76;mainita;1
1348;42/2020;2020_42_76;ääretön;1
1348;42/2020;2020_42_76;vaativa;1
1348;42/2020;2020_42_76;laji;1
1348;42/2020;2020_42_76;nuori;1
1348;42/2020;2020_42_76;sukupolvi;1
1348;42/2020;2020_42_76;innostua;1
1348;42/2020;2020_42_78;arvoisa;1
1348;42/2020;2020_42_78;herra;1
1348;42/2020;2020_42_78;puhemies;1
1348;42/2020;2020_42_78;edustaja;1
1348;42/2020;2020_42_78;pitko;1
1348;42/2020;2020_42_78;pitää;1
1348;42/2020;2020_42_78;pääosa;1
1348;42/2020;2020_42_78;varsin;1
1348;42/2020;2020_42_78;hyvä;1
1348;42/2020;2020_42_78;puheenvuoro;1
1348;42/2020;2020_42_78;mutta;1
1348;42/2020;2020_42_78;haluta;1
1348;42/2020;2020_42_78;tämä;3
1348;42/2020;2020_42_78;nyt;2
1348;42/2020;2020_42_78;kuitenkin;1
1348;42/2020;2020_42_78;tehdä;1
1348;42/2020;2020_42_78;selvä;1
1348;42/2020;2020_42_78;että;2
1348;42/2020;2020_42_78;esitys;1
1348;42/2020;2020_42_78;ei;1
1348;42/2020;2020_42_78;olla;3
1348;42/2020;2020_42_78;mikään;1
1348;42/2020;2020_42_78;tapaus;1
1348;42/2020;2020_42_78;kieltää;1
1348;42/2020;2020_42_78;jokin;1
1348;42/2020;2020_42_78;uusi;1
1348;42/2020;2020_42_78;vaan;1
1348;42/2020;2020_42_78;jatkaa;1
1348;42/2020;2020_42_78;se;1
1348;42/2020;2020_42_78;nykytila;2
1348;42/2020;2020_42_78;joka;1
1348;42/2020;2020_42_78;minä;1
1348;42/2020;2020_42_78;aiheutua;1
1348;42/2020;2020_42_78;eu-jäsenyys;1
1348;42/2020;2020_42_78;myötä;1
1348;42/2020;2020_42_78;täytyä;1
1348;42/2020;2020_42_78;hallitus;1
1348;42/2020;2020_42_78;voimakas;1
1348;42/2020;2020_42_78;toimenpide;1
1348;42/2020;2020_42_78;vaikuttaa;1
1348;42/2020;2020_42_78;hylje;1
1348;42/2020;2020_42_78;valmistaa;1
1348;42/2020;2020_42_78;lähiruoka;1
1348;42/2020;2020_42_78;ja;1
1348;42/2020;2020_42_78;lähivaate;1
1348;42/2020;2020_42_78;sinne;1
1348;42/2020;2020_42_78;kauppa;1
1348;42/2020;2020_42_78;hylly;1
1348;42/2020;2020_42_78;saada;1
1348;71/2020;2020_71_42;arvoisa;1
1348;71/2020;2020_71_42;herra;1
1348;71/2020;2020_71_42;puhemies;1
1348;71/2020;2020_71_42;haluta;2
1348;71/2020;2020_71_42;kiittää;1
1348;71/2020;2020_71_42;hallitus;2
1348;71/2020;2020_71_42;tämä;8
1348;71/2020;2020_71_42;erinomainen;2
1348;71/2020;2020_71_42;lisätalousarvio;1
1348;71/2020;2020_71_42;joka;3
1348;71/2020;2020_71_42;puuttua;1
1348;71/2020;2020_71_42;todella;3
1348;71/2020;2020_71_42;hyvin;3
1348;71/2020;2020_71_42;se;9
1348;71/2020;2020_71_42;juurisyy;2
1348;71/2020;2020_71_42;ja;6
1348;71/2020;2020_71_42;yritys;1
1348;71/2020;2020_71_42;kärsiä;1
1348;71/2020;2020_71_42;hetki;1
1348;71/2020;2020_71_42;koronaviruskriisi;1
1348;71/2020;2020_71_42;veli;1
1348;71/2020;2020_71_42;tuo;1
1348;71/2020;2020_71_42;ruotsinkielinen;1
1348;71/2020;2020_71_42;suomi;3
1348;71/2020;2020_71_42;edustaja;3
1348;71/2020;2020_71_42;löfström;1
1348;71/2020;2020_71_42;strand;1
1348;71/2020;2020_71_42;jo;1
1348;71/2020;2020_71_42;äsken;1
1348;71/2020;2020_71_42;kyllä;4
1348;71/2020;2020_71_42;puhua;1
1348;71/2020;2020_71_42;asia;2
1348;71/2020;2020_71_42;ei;3
1348;71/2020;2020_71_42;alkaa;1
1348;71/2020;2020_71_42;toistaa;1
1348;71/2020;2020_71_42;puheenvuoro;2
1348;71/2020;2020_71_42;mutta;2
1348;71/2020;2020_71_42;todeta;1
1348;71/2020;2020_71_42;vielä;1
1348;71/2020;2020_71_42;että;7
1348;71/2020;2020_71_42;toivoa;1
1348;71/2020;2020_71_42;nyt;1
1348;71/2020;2020_71_42;sitten;1
1348;71/2020;2020_71_42;talousvaliokunta;1
1348;71/2020;2020_71_42;arvioida;1
1348;71/2020;2020_71_42;tarkasti;1
1348;71/2020;2020_71_42;mikä;2
1348;71/2020;2020_71_42;olla;10
1348;71/2020;2020_71_42;myöntämisperuste;1
1348;71/2020;2020_71_42;tuki;1
1348;71/2020;2020_71_42;ravintola-ala;1
1348;71/2020;2020_71_42;varmasti;1
1348;71/2020;2020_71_42;hivenen;1
1348;71/2020;2020_71_42;kehitettävä;1
1348;71/2020;2020_71_42;esittää;1
1348;71/2020;2020_71_42;hämmästellä;1
1348;71/2020;2020_71_42;mäkelä;6
1348;71/2020;2020_71_42;tietää;1
1348;71/2020;2020_71_42;ilmeisesti;2
1348;71/2020;2020_71_42;perussuomalainen;2
1348;71/2020;2020_71_42;kumartaa;2
1348;71/2020;2020_71_42;itä;1
1348;71/2020;2020_71_42;putin;2
1348;71/2020;2020_71_42;hämmentävä;1
1348;71/2020;2020_71_42;fakta;1
1348;71/2020;2020_71_42;näin;1
1348;71/2020;2020_71_42;hyötyä;2
1348;71/2020;2020_71_42;minä;4
1348;71/2020;2020_71_42;osa;3
1348;71/2020;2020_71_42;eurooppa;1
1348;71/2020;2020_71_42;itä-eurooppa;1
1348;71/2020;2020_71_42;tai;1
1348;71/2020;2020_71_42;venäjä;1
1348;71/2020;2020_71_42;jani;2
1348;71/2020;2020_71_42;välihuuto;1
1348;71/2020;2020_71_42;unioni;1
1348;71/2020;2020_71_42;kautta;1
1348;71/2020;2020_71_42;kyetä;1
1348;71/2020;2020_71_42;yhdessä;1
1348;71/2020;2020_71_42;tehdä;1
1348;71/2020;2020_71_42;toimenpide;1
1348;71/2020;2020_71_42;tällainen;1
1348;71/2020;2020_71_42;vaikea;1
1348;71/2020;2020_71_42;kriisi;1
1348;71/2020;2020_71_42;voittaminen;1
1348;71/2020;2020_71_42;ymmärtää;1
1348;71/2020;2020_71_42;niin;1
1348;71/2020;2020_71_42;yksin;1
1348;71/2020;2020_71_42;pärjätä;1
1348;71/2020;2020_71_42;sinä;1
1348;71/2020;2020_71_42;malli;1
1348;71/2020;2020_71_42;kainalo;1
1348;71/2020;2020_71_42;järkyttynyt;1
1348;71/2020;2020_71_42;miten;1
1348;71/2020;2020_71_42;norja;1
1348;71/2020;2020_71_90;arvoisa;1
1348;71/2020;2020_71_90;herra;1
1348;71/2020;2020_71_90;puhemies;1
1348;71/2020;2020_71_90;ensimmäinen;1
1348;71/2020;2020_71_90;kiitos;3
1348;71/2020;2020_71_90;hallitus;5
1348;71/2020;2020_71_90;todella;1
1348;71/2020;2020_71_90;tärkeä;3
1348;71/2020;2020_71_90;esitys;1
1348;71/2020;2020_71_90;antaminen;1
1348;71/2020;2020_71_90;olla;15
1348;71/2020;2020_71_90;että;10
1348;71/2020;2020_71_90;minä;4
1348;71/2020;2020_71_90;tukea;1
1348;71/2020;2020_71_90;nyt;4
1348;71/2020;2020_71_90;matkailu;1
1348;71/2020;2020_71_90;ja;8
1348;71/2020;2020_71_90;ravintola-ala;1
1348;71/2020;2020_71_90;kaikki;2
1348;71/2020;2020_71_90;se;12
1348;71/2020;2020_71_90;keino;1
1348;71/2020;2020_71_90;joka;3
1348;71/2020;2020_71_90;käyttö;1
1348;71/2020;2020_71_90;yhtyä;1
1348;71/2020;2020_71_90;näkemys;1
1348;71/2020;2020_71_90;täällä;1
1348;71/2020;2020_71_90;sali;1
1348;71/2020;2020_71_90;esittää;1
1348;71/2020;2020_71_90;vielä;2
1348;71/2020;2020_71_90;tämä;10
1348;71/2020;2020_71_90;tuki;2
1348;71/2020;2020_71_90;määräytymisperuste;1
1348;71/2020;2020_71_90;liittyä;1
1348;71/2020;2020_71_90;varmasti;1
1348;71/2020;2020_71_90;paikallaan;1
1348;71/2020;2020_71_90;talousvaliokunta;2
1348;71/2020;2020_71_90;arvioida;3
1348;71/2020;2020_71_90;mikä;2
1348;71/2020;2020_71_90;oikeudenmukainen;1
1348;71/2020;2020_71_90;edustaja;1
1348;71/2020;2020_71_90;laakso;1
1348;71/2020;2020_71_90;tosiaan;2
1348;71/2020;2020_71_90;huomauttaa;1
1348;71/2020;2020_71_90;ei;2
1348;71/2020;2020_71_90;lappi;1
1348;71/2020;2020_71_90;matkailuyritys;1
1348;71/2020;2020_71_90;tammihelmikuu;2
1348;71/2020;2020_71_90;pääkuukausi;1
1348;71/2020;2020_71_90;vaan;1
1348;71/2020;2020_71_90;sesonki;1
1348;71/2020;2020_71_90;tulla;2
1348;71/2020;2020_71_90;vasta;1
1348;71/2020;2020_71_90;myöhemmin;1
1348;71/2020;2020_71_90;eli;2
1348;71/2020;2020_71_90;voida;2
1348;71/2020;2020_71_90;vaikka;1
1348;71/2020;2020_71_90;usea;1
1348;71/2020;2020_71_90;eri;1
1348;71/2020;2020_71_90;vaihtoehto;1
1348;71/2020;2020_71_90;verrata;1
1348;71/2020;2020_71_90;vuosi;2
1348;71/2020;2020_71_90;tai;1
1348;71/2020;2020_71_90;sitten;3
1348;71/2020;2020_71_90;edellinen;1
1348;71/2020;2020_71_90;liikevaihto;1
1348;71/2020;2020_71_90;noin;1
1348;71/2020;2020_71_90;kokonaisuus;1
1348;71/2020;2020_71_90;ottaa;1
1348;71/2020;2020_71_90;hyvä;1
1348;71/2020;2020_71_90;yritys;3
1348;71/2020;2020_71_90;toivoa;1
1348;71/2020;2020_71_90;kirittää;1
1348;71/2020;2020_71_90;myös;3
1348;71/2020;2020_71_90;moni;1
1348;71/2020;2020_71_90;muu;1
1348;71/2020;2020_71_90;puhuja;1
1348;71/2020;2020_71_90;laki;1
1348;71/2020;2020_71_90;niin;2
1348;71/2020;2020_71_90;sanottu;1
1348;71/2020;2020_71_90;ilmainen;1
1348;71/2020;2020_71_90;toimi;1
1348;71/2020;2020_71_90;ravintola;2
1348;71/2020;2020_71_90;tukeminen;1
1348;71/2020;2020_71_90;kuin;1
1348;71/2020;2020_71_90;ministeri;2
1348;71/2020;2020_71_90;jo;1
1348;71/2020;2020_71_90;yksi;1
1348;71/2020;2020_71_90;vastauspuheenvuoro;1
1348;71/2020;2020_71_90;todeta;1
1348;71/2020;2020_71_90;sinä;1
1348;71/2020;2020_71_90;ministeriö;1
1348;71/2020;2020_71_90;alainen;1
1348;71/2020;2020_71_90;asia;1
1348;71/2020;2020_71_90;mutta;1
1348;71/2020;2020_71_90;sosiaali;1
1348;71/2020;2020_71_90;terveysministeriö;1
1348;71/2020;2020_71_90;alkoholilaki;1
1348;71/2020;2020_71_90;mahdollisuus;1
1348;71/2020;2020_71_90;laaja;2
1348;71/2020;2020_71_90;ulosmyynti;1
1348;71/2020;2020_71_90;kotiinkuljetusoikeus;1
1348;71/2020;2020_71_90;sallia;1
1348;71/2020;2020_71_90;näyttää;1
1348;71/2020;2020_71_90;menettely;1
1348;71/2020;2020_71_90;varsin;1
1348;71/2020;2020_71_90;yli;1
1348;71/2020;2020_71_90;oppositioraja;1
1348;71/2020;2020_71_90;haluta;2
1348;71/2020;2020_71_90;tietysti;1
1348;71/2020;2020_71_90;muistuttaa;1
1348;71/2020;2020_71_90;yleistuki;1
1348;71/2020;2020_71_90;ääretön;1
1348;71/2020;2020_71_90;määräytyminen;1
1348;71/2020;2020_71_90;täytyä;1
1348;71/2020;2020_71_90;katsoa;1
1348;71/2020;2020_71_90;tapa;1
1348;71/2020;2020_71_90;miten;1
1348;71/2020;2020_71_90;jakaa;1
1348;71/2020;2020_71_90;kiittää;1
1348;71/2020;2020_71_90;kyllä;1
1348;71/2020;2020_71_90;koronakriisi;1
1348;71/2020;2020_71_90;alla;1
1348;71/2020;2020_71_90;kamppailla;1
1348;71/2020;2020_71_90;kivi;1
1348;71/2020;2020_71_90;kääntää;1
1348;71/2020;2020_71_90;toimenpide;1
1348;71/2020;2020_71_90;tehdä;1
1348;74/2020;2020_74_36;arvoisa;1
1348;74/2020;2020_74_36;herra;1
1348;74/2020;2020_74_36;puhemies;1
1348;74/2020;2020_74_36;kun;2
1348;74/2020;2020_74_36;keskustelu;1
1348;74/2020;2020_74_36;olla;19
1348;74/2020;2020_74_36;kuunnella;1
1348;74/2020;2020_74_36;niin;2
1348;74/2020;2020_74_36;tulla;1
1348;74/2020;2020_74_36;tulos;1
1348;74/2020;2020_74_36;että;10
1348;74/2020;2020_74_36;kaikki;1
1348;74/2020;2020_74_36;tämä;10
1348;74/2020;2020_74_36;sali;1
1348;74/2020;2020_74_36;sama;1
1348;74/2020;2020_74_36;mieli;1
1348;74/2020;2020_74_36;se;14
1348;74/2020;2020_74_36;ravintola;5
1348;74/2020;2020_74_36;avata;1
1348;74/2020;2020_74_36;hallitusti;1
1348;74/2020;2020_74_36;totta;2
1348;74/2020;2020_74_36;kai;2
1348;74/2020;2020_74_36;pieni;1
1348;74/2020;2020_74_36;näkemysero;1
1348;74/2020;2020_74_36;esiintyä;1
1348;74/2020;2020_74_36;mutta;3
1348;74/2020;2020_74_36;itse;1
1348;74/2020;2020_74_36;katsoa;1
1348;74/2020;2020_74_36;nyt;2
1348;74/2020;2020_74_36;hallitus;3
1348;74/2020;2020_74_36;saavuttaa;1
1348;74/2020;2020_74_36;kompromissi;1
1348;74/2020;2020_74_36;kanssa;1
1348;74/2020;2020_74_36;voida;5
1348;74/2020;2020_74_36;kyllä;1
1348;74/2020;2020_74_36;elää;1
1348;74/2020;2020_74_36;tukea;1
1348;74/2020;2020_74_36;vielä;2
1348;74/2020;2020_74_36;tärkeä;3
1348;74/2020;2020_74_36;perustuslakivaliokunta;1
1348;74/2020;2020_74_36;tarkastella;1
1348;74/2020;2020_74_36;esitys;3
1348;74/2020;2020_74_36;perustuslainmukaisuus;1
1348;74/2020;2020_74_36;hyvin;1
1348;74/2020;2020_74_36;tarkoin;1
1348;74/2020;2020_74_36;moni;2
1348;74/2020;2020_74_36;muu;1
1348;74/2020;2020_74_36;puhuja;1
1348;74/2020;2020_74_36;lailla;1
1348;74/2020;2020_74_36;pitää;2
1348;74/2020;2020_74_36;alueellinen;1
1348;74/2020;2020_74_36;ratkaisu;2
1348;74/2020;2020_74_36;minä;1
1348;74/2020;2020_74_36;paljon;1
1348;74/2020;2020_74_36;koronavapaa;1
1348;74/2020;2020_74_36;alue;1
1348;74/2020;2020_74_36;joka;4
1348;74/2020;2020_74_36;tiukka;1
1348;74/2020;2020_74_36;kielto;1
1348;74/2020;2020_74_36;ei;5
1348;74/2020;2020_74_36;välttämättä;1
1348;74/2020;2020_74_36;hyvä;3
1348;74/2020;2020_74_36;peruste;1
1348;74/2020;2020_74_36;kuin;1
1348;74/2020;2020_74_36;vaikkapa;1
1348;74/2020;2020_74_36;esimerkiksi;1
1348;74/2020;2020_74_36;täällä;1
1348;74/2020;2020_74_36;uusimaa;1
1348;74/2020;2020_74_36;ja;7
1348;74/2020;2020_74_36;toivoa;2
1348;74/2020;2020_74_36;todella;1
1348;74/2020;2020_74_36;valtioneuvosto;1
1348;74/2020;2020_74_36;sitten;3
1348;74/2020;2020_74_36;käyttää;1
1348;74/2020;2020_74_36;valta;1
1348;74/2020;2020_74_36;antaa;1
1348;74/2020;2020_74_36;alueellisesti;1
1348;74/2020;2020_74_36;porrastaa;1
1348;74/2020;2020_74_36;valmis;1
1348;74/2020;2020_74_36;tietty;1
1348;74/2020;2020_74_36;maakunta;1
1348;74/2020;2020_74_36;avauspäätös;1
1348;74/2020;2020_74_36;nopeasti;1
1348;74/2020;2020_74_36;tehdä;1
1348;74/2020;2020_74_36;kiittää;1
1348;74/2020;2020_74_36;myös;1
1348;74/2020;2020_74_36;pienpanimo;1
1348;74/2020;2020_74_36;etämyynti;3
1348;74/2020;2020_74_36;edistäminen;1
1348;74/2020;2020_74_36;päätyä;1
1348;74/2020;2020_74_36;järkevä;1
1348;74/2020;2020_74_36;hetki;1
1348;74/2020;2020_74_36;tilata;2
1348;74/2020;2020_74_36;saksa;1
1348;74/2020;2020_74_36;laillisesti;1
1348;74/2020;2020_74_36;vaikka;1
1348;74/2020;2020_74_36;rekka-autollinen;1
1348;74/2020;2020_74_36;olut;1
1348;74/2020;2020_74_36;kotiovi;1
1348;74/2020;2020_74_36;suomalainen;1
1348;74/2020;2020_74_36;panimo;1
1348;74/2020;2020_74_36;kannustaa;1
1348;74/2020;2020_74_36;kuitenkin;2
1348;74/2020;2020_74_36;pohtia;1
1348;74/2020;2020_74_36;ilmainen;1
1348;74/2020;2020_74_36;keino;2
1348;74/2020;2020_74_36;tukeminen;1
1348;74/2020;2020_74_36;mikäli;1
1348;74/2020;2020_74_36;mahdollinen;2
1348;74/2020;2020_74_36;yksi;1
1348;74/2020;2020_74_36;ulos;1
1348;74/2020;2020_74_36;laajentaminen;1
1348;74/2020;2020_74_36;poikkeusaika;1
1348;74/2020;2020_74_36;laaja;1
1348;74/2020;2020_74_36;varasto;1
1348;74/2020;2020_74_36;alkoholi;1
1348;74/2020;2020_74_36;saada;1
1348;74/2020;2020_74_36;mennä;1
1348;74/2020;2020_74_36;eteenpäin;1
1348;74/2020;2020_74_36;noutomyynti;1
1348;74/2020;2020_74_36;kautta;1
1348;74/2020;2020_74_36;hän;1
1348;74/2020;2020_74_36;päästä;1
1348;74/2020;2020_74_36;ero;1
1348;74/2020;2020_74_36;ehkä;1
1348;74/2020;2020_74_36;rajoitus;1
1348;74/2020;2020_74_36;tiukasti;1
1348;74/2020;2020_74_36;koskea;1
1348;74/2020;2020_74_36;terassi;3
1348;74/2020;2020_74_36;varmasti;1
1348;74/2020;2020_74_36;jokainen;1
1348;74/2020;2020_74_36;eli;1
1348;74/2020;2020_74_36;yhdessä;1
1348;74/2020;2020_74_36;lämmin;1
1348;74/2020;2020_74_36;intiaanikesä;1
1348;74/2020;2020_74_36;kylmä;1
1348;74/2020;2020_74_36;juoma;1
1348;74/2020;2020_74_36;janoinen;1
1348;74/2020;2020_74_36;asiakas;1
1348;74/2020;2020_74_36;suomi;1
1348;78/2020;2020_78_68;arvoisa;1
1348;78/2020;2020_78_68;herra;1
1348;78/2020;2020_78_68;puhemies;1
1348;78/2020;2020_78_68;valtiovarainvaliokunta;1
1348;78/2020;2020_78_68;ensimmäinen;1
1348;78/2020;2020_78_68;kiitos;1
1348;78/2020;2020_78_68;hyvä;7
1348;78/2020;2020_78_68;työ;1
1348;78/2020;2020_78_68;tämä;17
1348;78/2020;2020_78_68;olla;24
1348;78/2020;2020_78_68;paljon;1
1348;78/2020;2020_78_68;käsitellä;1
1348;78/2020;2020_78_68;nyt;1
1348;78/2020;2020_78_68;kokoomus;3
1348;78/2020;2020_78_68;esitys;1
1348;78/2020;2020_78_68;finnair;2
1348;78/2020;2020_78_68;ostopalvelusopimus;3
1348;78/2020;2020_78_68;ja;6
1348;78/2020;2020_78_68;nostaa;1
1348;78/2020;2020_78_68;se;12
1348;78/2020;2020_78_68;liittyä;2
1348;78/2020;2020_78_68;muutama;1
1348;78/2020;2020_78_68;näkökulma;1
1348;78/2020;2020_78_68;entinen;1
1348;78/2020;2020_78_68;elämä;1
1348;78/2020;2020_78_68;toimia;1
1348;78/2020;2020_78_68;enontekiö;2
1348;78/2020;2020_78_68;kunta;3
1348;78/2020;2020_78_68;kunnanjohtaja;1
1348;78/2020;2020_78_68;tuolloin;1
1348;78/2020;2020_78_68;järjestellä;1
1348;78/2020;2020_78_68;tällainen;2
1348;78/2020;2020_78_68;toteuttaa;1
1348;78/2020;2020_78_68;julkinen;2
1348;78/2020;2020_78_68;palvelu;1
1348;78/2020;2020_78_68;velvoite;1
1348;78/2020;2020_78_68;perustua;1
1348;78/2020;2020_78_68;liikenne;2
1348;78/2020;2020_78_68;ei;6
1348;78/2020;2020_78_68;todella;1
1348;78/2020;2020_78_68;mikään;1
1348;78/2020;2020_78_68;sormi;1
1348;78/2020;2020_78_68;napsauttaa;1
1348;78/2020;2020_78_68;tehdä;3
1348;78/2020;2020_78_68;teko;1
1348;78/2020;2020_78_68;ensin;1
1348;78/2020;2020_78_68;valtio;4
1348;78/2020;2020_78_68;tulla;5
1348;78/2020;2020_78_68;asettaa;2
1348;78/2020;2020_78_68;palveluvelvoite;1
1348;78/2020;2020_78_68;kaikki;2
1348;78/2020;2020_78_68;lentoreitti;1
1348;78/2020;2020_78_68;jälkeen;2
1348;78/2020;2020_78_68;hakea;1
1348;78/2020;2020_78_68;eu;2
1348;78/2020;2020_78_68;vielä;1
1348;78/2020;2020_78_68;notifiointi;1
1348;78/2020;2020_78_68;laajuinen;1
1348;78/2020;2020_78_68;kilpailutus;1
1348;78/2020;2020_78_68;lisäksi;1
1348;78/2020;2020_78_68;tarvita;1
1348;78/2020;2020_78_68;hyvin;1
1348;78/2020;2020_78_68;todennäköisesti;1
1348;78/2020;2020_78_68;myös;4
1348;78/2020;2020_78_68;muu;1
1348;78/2020;2020_78_68;vastinraha;1
1348;78/2020;2020_78_68;kuin;2
1348;78/2020;2020_78_68;raha;1
1348;78/2020;2020_78_68;esimerkiksi;2
1348;78/2020;2020_78_68;alue;1
1348;78/2020;2020_78_68;tai;1
1348;78/2020;2020_78_68;sitten;2
1348;78/2020;2020_78_68;maakunta;1
1348;78/2020;2020_78_68;paha;1
1348;78/2020;2020_78_68;tapaus;1
1348;78/2020;2020_78_68;ehdotus;4
1348;78/2020;2020_78_68;toteutua;1
1348;78/2020;2020_78_68;kuolemansuudelma;1
1348;78/2020;2020_78_68;maakuntakenttä;3
1348;78/2020;2020_78_68;kun;2
1348;78/2020;2020_78_68;lentoliikenne;3
1348;78/2020;2020_78_68;lähteä;1
1348;78/2020;2020_78_68;mahdollisesti;2
1348;78/2020;2020_78_68;jo;1
1348;78/2020;2020_78_68;yli;1
1348;78/2020;2020_78_68;vuosi;1
1348;78/2020;2020_78_68;tiltti;1
1348;78/2020;2020_78_68;koska;2
1348;78/2020;2020_78_68;kukaan;1
1348;78/2020;2020_78_68;palauttaa;1
1348;78/2020;2020_78_68;markkinaehtoisesti;1
1348;78/2020;2020_78_68;jos;1
1348;78/2020;2020_78_68;tietää;1
1348;78/2020;2020_78_68;että;13
1348;78/2020;2020_78_68;valmis;1
1348;78/2020;2020_78_68;investoida;1
1348;78/2020;2020_78_68;yhteys;2
1348;78/2020;2020_78_68;kuitenkin;1
1348;78/2020;2020_78_68;sali;1
1348;78/2020;2020_78_68;käsittää;2
1348;78/2020;2020_78_68;vaikka;1
1348;78/2020;2020_78_68;keino;2
1348;78/2020;2020_78_68;epäselvyys;1
1348;78/2020;2020_78_68;minä;4
1348;78/2020;2020_78_68;yhteinen;2
1348;78/2020;2020_78_68;tahtotila;2
1348;78/2020;2020_78_68;lentoyhteys;1
1348;78/2020;2020_78_68;tärkeä;2
1348;78/2020;2020_78_68;liikennöinti;1
1348;78/2020;2020_78_68;tuonne;1
1348;78/2020;2020_78_68;turvata;2
1348;78/2020;2020_78_68;edustaja;1
1348;78/2020;2020_78_68;pitko;1
1348;78/2020;2020_78_68;todeta;1
1348;78/2020;2020_78_68;joka;1
1348;78/2020;2020_78_68;hallitusohjelma;1
1348;78/2020;2020_78_68;kutsua;1
1348;78/2020;2020_78_68;tarkoitus;1
1348;78/2020;2020_78_68;supistaa;1
1348;78/2020;2020_78_68;totta;1
1348;78/2020;2020_78_68;kai;1
1348;78/2020;2020_78_68;voida;4
1348;78/2020;2020_78_68;mennä;2
1348;78/2020;2020_78_68;jokin;1
1348;78/2020;2020_78_68;vaihe;1
1348;78/2020;2020_78_68;aidosti;1
1348;78/2020;2020_78_68;korvaava;1
1348;78/2020;2020_78_68;mutta;3
1348;78/2020;2020_78_68;hetki;1
1348;78/2020;2020_78_68;tuo;1
1348;78/2020;2020_78_68;rata;1
1348;78/2020;2020_78_68;jäämeri;1
1348;78/2020;2020_78_68;lappi;2
1348;78/2020;2020_78_68;kulkea;1
1348;78/2020;2020_78_68;täysin;2
1348;78/2020;2020_78_68;riippuvainen;1
1348;78/2020;2020_78_68;lentoliikenneyhteys;1
1348;78/2020;2020_78_68;itse;2
1348;78/2020;2020_78_68;kyllä;3
1348;78/2020;2020_78_68;katsoa;1
1348;78/2020;2020_78_68;niin;3
1348;78/2020;2020_78_68;järkyttävä;1
1348;78/2020;2020_78_68;mikäli;1
1348;78/2020;2020_78_68;vastuullinen;1
1348;78/2020;2020_78_68;vetää;1
1348;78/2020;2020_78_68;pois;1
1348;78/2020;2020_78_68;sinä;1
1348;78/2020;2020_78_68;usea;1
1348;78/2020;2020_78_68;puheenvuoro;1
1348;78/2020;2020_78_68;osoittaa;1
1348;78/2020;2020_78_68;kerta;1
1348;78/2020;2020_78_68;kaikkiaan;1
1348;78/2020;2020_78_68;kelvoton;1
1348;78/2020;2020_78_68;timo;1
1348;78/2020;2020_78_68;heinonen;1
1348;78/2020;2020_78_68;välihuuto;1
1348;78/2020;2020_78_68;moni;1
1348;78/2020;2020_78_68;kansalainen;1
1348;78/2020;2020_78_68;saattaa;1
1348;78/2020;2020_78_68;läpi;1
1348;78/2020;2020_78_68;asiantuntijuus;1
1348;78/2020;2020_78_68;muualla;1
1348;78/2020;2020_78_68;löytyä;1
1348;78/2020;2020_78_68;hullutus;1
1348;78/2020;2020_78_68;hallitus;3
1348;78/2020;2020_78_68;hypätä;1
1348;78/2020;2020_78_68;matka;1
1348;78/2020;2020_78_68;kristillisdemokraatti;1
1348;78/2020;2020_78_68;ajattelu;1
1348;78/2020;2020_78_68;nähdä;1
1348;78/2020;2020_78_68;omistajapolitiikka;1
1348;78/2020;2020_78_68;osa;1
1348;78/2020;2020_78_68;käydä;1
1348;78/2020;2020_78_68;keskustelu;2
1348;78/2020;2020_78_68;laajasti;1
1348;78/2020;2020_78_68;pääomistaja;1
1348;78/2020;2020_78_68;pörssiyhtiö;1
1348;78/2020;2020_78_68;tietty;1
1348;78/2020;2020_78_68;tapa;1
1348;78/2020;2020_78_68;strateginen;1
1348;78/2020;2020_78_68;tavoite;1
1348;78/2020;2020_78_68;ehkä;1
1348;78/2020;2020_78_68;toimiva;1
1348;78/2020;2020_78_68;eri;1
1348;78/2020;2020_78_68;paikka;1
1348;78/2020;2020_78_68;keskusta;2
1348;78/2020;2020_78_68;syyttää;1
1348;78/2020;2020_78_68;jarruttaa;1
1348;78/2020;2020_78_68;pienpanimo;2
1348;78/2020;2020_78_68;tukeminen;2
1348;78/2020;2020_78_68;pitää;1
1348;78/2020;2020_78_68;päättää;1
1348;78/2020;2020_78_68;toimi;1
1348;78/2020;2020_78_68;viikko;1
1348;78/2020;2020_78_68;vakuuttua;1
1348;78/2020;2020_78_68;sieltä;1
1348;78/2020;2020_78_68;toivo;1
1348;78/2020;2020_78_68;mukaan;1
1348;78/2020;2020_78_68;uutinen;1
1348;78/2020;2020_78_83;arvoisa;1
1348;78/2020;2020_78_83;herra;1
1348;78/2020;2020_78_83;puhemies;1
1348;78/2020;2020_78_83;edustaja;2
1348;78/2020;2020_78_83;eestilä;1
1348;78/2020;2020_78_83;kaipailla;1
1348;78/2020;2020_78_83;tuo;1
1348;78/2020;2020_78_83;oma;2
1348;78/2020;2020_78_83;puheenvuoro;2
1348;78/2020;2020_78_83;lisäselvyys;1
1348;78/2020;2020_78_83;ja;6
1348;78/2020;2020_78_83;minä;3
1348;78/2020;2020_78_83;selventää;1
1348;78/2020;2020_78_83;nyt;2
1348;78/2020;2020_78_83;suomi;1
1348;78/2020;2020_78_83;ei;6
1348;78/2020;2020_78_83;voida;4
1348;78/2020;2020_78_83;tehdä;2
1348;78/2020;2020_78_83;ostopalvelusopimus;3
1348;78/2020;2020_78_83;suoraan;1
1348;78/2020;2020_78_83;finnair;1
1348;78/2020;2020_78_83;kanssa;1
1348;78/2020;2020_78_83;kuten;1
1348;78/2020;2020_78_83;kokoomus;3
1348;78/2020;2020_78_83;tämä;9
1348;78/2020;2020_78_83;ponsi;1
1348;78/2020;2020_78_83;esittää;2
1348;78/2020;2020_78_83;se;8
1348;78/2020;2020_78_83;vaan;1
1348;78/2020;2020_78_83;eu;1
1348;78/2020;2020_78_83;olla;10
1348;78/2020;2020_78_83;muuttaa;1
1348;78/2020;2020_78_83;valtiotukisäädös;1
1348;78/2020;2020_78_83;osa;1
1348;78/2020;2020_78_83;mikäli;1
1348;78/2020;2020_78_83;tällainen;2
1348;78/2020;2020_78_83;alkaa;3
1348;78/2020;2020_78_83;asettaa;1
1348;78/2020;2020_78_83;julkinen;1
1348;78/2020;2020_78_83;palveluvelvoite;1
1348;78/2020;2020_78_83;eri;1
1348;78/2020;2020_78_83;reitti;1
1348;78/2020;2020_78_83;niin;4
1348;78/2020;2020_78_83;silloin;1
1348;78/2020;2020_78_83;avoin;1
1348;78/2020;2020_78_83;kilpailutus;1
1348;78/2020;2020_78_83;tällöin;1
1348;78/2020;2020_78_83;sinä;7
1348;78/2020;2020_78_83;sana;1
1348;78/2020;2020_78_83;tarvita;1
1348;78/2020;2020_78_83;itse;1
1348;78/2020;2020_78_83;asiassa;1
1348;78/2020;2020_78_83;avata;1
1348;78/2020;2020_78_83;piikki;1
1348;78/2020;2020_78_83;myös;1
1348;78/2020;2020_78_83;monikansallinen;1
1348;78/2020;2020_78_83;halpalentoyhtiö;1
1348;78/2020;2020_78_83;ihmetellä;1
1348;78/2020;2020_78_83;miksi;1
1348;78/2020;2020_78_83;sitten;1
1348;78/2020;2020_78_83;valmis;1
1348;78/2020;2020_78_83;tukea;1
1348;78/2020;2020_78_83;sinivalkoinen;1
1348;78/2020;2020_78_83;siipi;1
1348;78/2020;2020_78_83;zyskowicz;1
1348;78/2020;2020_78_83;ottaa;2
1348;78/2020;2020_78_83;esille;1
1348;78/2020;2020_78_83;että;2
1348;78/2020;2020_78_83;keskusta;2
1348;78/2020;2020_78_83;seuraava;1
1348;78/2020;2020_78_83;vaali;1
1348;78/2020;2020_78_83;slogan;2
1348;78/2020;2020_78_83;kova;2
1348;78/2020;2020_78_83;some;1
1348;78/2020;2020_78_83;kiitos;1
1348;78/2020;2020_78_83;tunnustus;1
1348;78/2020;2020_78_83;jäädä;1
1348;78/2020;2020_78_83;siellä;1
1348;78/2020;2020_78_83;aivan;1
1348;78/2020;2020_78_83;jalka;1
1348;78/2020;2020_78_83;mutta;2
1348;78/2020;2020_78_83;jos;2
1348;78/2020;2020_78_83;kaveri;1
1348;78/2020;2020_78_83;esitellä;1
1348;78/2020;2020_78_83;spinnaus;1
1348;78/2020;2020_78_83;nauru;1
1348;78/2020;2020_78_83;antti;1
1348;78/2020;2020_78_83;kurvinen;1
1348;78/2020;2020_78_83;populismi;1
1348;78/2020;2020_78_83;sillä;1
1348;78/2020;2020_78_83;vastuullinen;1
1348;78/2020;2020_78_83;toistaa;1
1348;78/2020;2020_78_83;vetoomus;1
1348;78/2020;2020_78_83;vielä;1
1348;78/2020;2020_78_83;vetää;1
1348;78/2020;2020_78_83;pois;1
1348;78/2020;2020_78_83;esitys;1
1348;78/2020;2020_78_83;koska;1
1348;78/2020;2020_78_83;kyllä;1
1348;78/2020;2020_78_83;mikään;1
1348;78/2020;2020_78_83;oikeudellinen;1
1348;78/2020;2020_78_83;peruste;1
1348;78/2020;2020_78_83;ylipäätään;1
1348;78/2020;2020_78_83;lääke;2
1348;78/2020;2020_78_83;koronaongelma;1
1348;78/2020;2020_78_83;trumppimainen;1
1348;78/2020;2020_78_83;haluta;1
1348;78/2020;2020_78_83;juottaa;1
1348;78/2020;2020_78_83;maakunta;2
1348;78/2020;2020_78_83;puhdistusaine;1
1348;78/2020;2020_78_83;toivoa;1
1348;78/2020;2020_78_83;jokin;1
1348;78/2020;2020_78_83;tapa;1
1348;78/2020;2020_78_83;toimia;2
1348;78/2020;2020_78_83;hyvä;1
1348;78/2020;2020_78_83;ystävä;1
1348;78/2020;2020_78_83;kuolinkello;1
1348;78/2020;2020_78_83;soida;1
1348;78/2020;2020_78_83;lentoliikenne;1
1348;78/2020;2020_78_83;malli;1
1348;96/2020;2020_96_17;arvoisa;1
1348;96/2020;2020_96_17;herra;1
1348;96/2020;2020_96_17;puhemies;1
1348;96/2020;2020_96_17;kiitos;1
1348;96/2020;2020_96_17;talousvaliokunta;1
1348;96/2020;2020_96_17;hyvä;1
1348;96/2020;2020_96_17;mietintö;1
1348;96/2020;2020_96_17;tämä;5
1348;96/2020;2020_96_17;yritys;2
1348;96/2020;2020_96_17;kustannustuki;1
1348;96/2020;2020_96_17;miljoona;2
1348;96/2020;2020_96_17;euro;2
1348;96/2020;2020_96_17;tulla;2
1348;96/2020;2020_96_17;kuten;2
1348;96/2020;2020_96_17;usea;1
1348;96/2020;2020_96_17;puheenvuoro;1
1348;96/2020;2020_96_17;todeta;2
1348;96/2020;2020_96_17;todella;2
1348;96/2020;2020_96_17;nyt;2
1348;96/2020;2020_96_17;tarve;2
1348;96/2020;2020_96_17;tänään;1
1348;96/2020;2020_96_17;tieto;1
1348;96/2020;2020_96_17;mukaan;1
1348;96/2020;2020_96_17;noin;2
1348;96/2020;2020_96_17;prosentti;1
1348;96/2020;2020_96_17;minä;2
1348;96/2020;2020_96_17;pk-yritys;1
1348;96/2020;2020_96_17;olla;12
1348;96/2020;2020_96_17;konkurssiuhka;1
1348;96/2020;2020_96_17;alla;1
1348;96/2020;2020_96_17;ja;8
1348;96/2020;2020_96_17;se;3
1348;96/2020;2020_96_17;kyllä;3
1348;96/2020;2020_96_17;merkittävä;1
1348;96/2020;2020_96_17;määrä;1
1348;96/2020;2020_96_17;toivoa;2
1348;96/2020;2020_96_17;että;2
1348;96/2020;2020_96_17;tilanne;2
1348;96/2020;2020_96_17;ei;1
1348;96/2020;2020_96_17;paheta;1
1348;96/2020;2020_96_17;edustaja;3
1348;96/2020;2020_96_17;kiviranta;1
1348;96/2020;2020_96_17;kauma;1
1348;96/2020;2020_96_17;nostaa;1
1348;96/2020;2020_96_17;esille;1
1348;96/2020;2020_96_17;tärkeä;1
1348;96/2020;2020_96_17;huomio;2
1348;96/2020;2020_96_17;tosiaan;1
1348;96/2020;2020_96_17;maatalous;1
1348;96/2020;2020_96_17;kalatalousyrittäjä;1
1348;96/2020;2020_96_17;tapahtumajärjestäjä;1
1348;96/2020;2020_96_17;sitten;1
1348;96/2020;2020_96_17;esimerkiksi;2
1348;96/2020;2020_96_17;lappi;1
1348;96/2020;2020_96_17;rajakauppias;2
1348;96/2020;2020_96_17;tarvita;1
1348;96/2020;2020_96_17;vielä;3
1348;96/2020;2020_96_17;erityinen;3
1348;96/2020;2020_96_17;tukitoimi;1
1348;96/2020;2020_96_17;ottaa;1
1348;96/2020;2020_96_17;vaikkapa;1
1348;96/2020;2020_96_17;tuolla;1
1348;96/2020;2020_96_17;kilpisjärvi;1
1348;96/2020;2020_96_17;kylä;2
1348;96/2020;2020_96_17;sijaita;1
1348;96/2020;2020_96_17;kilpishallikauppa;1
1348;96/2020;2020_96_17;joka;2
1348;96/2020;2020_96_17;rakentaa;1
1348;96/2020;2020_96_17;pääasiassa;1
1348;96/2020;2020_96_17;vastata;1
1348;96/2020;2020_96_17;norjalainen;1
1348;96/2020;2020_96_17;sata;1
1348;96/2020;2020_96_17;asukas;1
1348;96/2020;2020_96_17;kauppa;1
1348;96/2020;2020_96_17;liikevaihto;1
1348;96/2020;2020_96_17;vuosi;1
1348;96/2020;2020_96_17;liiketoiminta;1
1348;96/2020;2020_96_17;vetää;1
1348;96/2020;2020_96_17;kokonaan;1
1348;96/2020;2020_96_17;alta;1
1348;96/2020;2020_96_17;kun;1
1348;96/2020;2020_96_17;raja;1
1348;96/2020;2020_96_17;joutua;1
1348;96/2020;2020_96_17;sulkea;1
1348;96/2020;2020_96_17;myös;1
1348;96/2020;2020_96_17;jatko;1
1348;96/2020;2020_96_17;kiinnittää;1
1348;96/2020;2020_96_17;könttä;1
1348;96/2020;2020_96_17;elinvoimainen;1
1348;96/2020;2020_96_17;pitää;1
1348;96/2020;2020_96_17;pystyssä;1
1348;96/2020;2020_96_17;kiittää;1
1348;96/2020;2020_96_17;hallitus;2
1348;96/2020;2020_96_17;toimi;1
1348;96/2020;2020_96_17;tehdä;1
1348;96/2020;2020_96_17;eteen;1
1348;96/2020;2020_96_17;ministeri;1
1348;96/2020;2020_96_17;kysyä;1
1348;96/2020;2020_96_17;jokin;1
1348;96/2020;2020_96_17;mahdollisuus;1
1348;96/2020;2020_96_17;tukea;1
1348;96/2020;2020_96_17;keskustelu;1
1348;96/2020;2020_96_17;mainita;1
1348;96/2020;2020_96_17;toimiala;1
1348;96/2020;2020_96_17;minkätyyppinen;1
1348;96/2020;2020_96_17;keino;1
1348;96/2020;2020_96_17;mahdollisesti;1
1348;96/2020;2020_96_17;käyttö;1
1348;99/2020;2020_99_19;arvoisa;1
1348;99/2020;2020_99_19;herra;1
1348;99/2020;2020_99_19;puhemies;1
1348;99/2020;2020_99_19;itse;4
1348;99/2020;2020_99_19;haluta;1
1348;99/2020;2020_99_19;kiittää;1
1348;99/2020;2020_99_19;puhemiesneuvosto;1
1348;99/2020;2020_99_19;tämä;5
1348;99/2020;2020_99_19;tärkeä;1
1348;99/2020;2020_99_19;ehdotus;1
1348;99/2020;2020_99_19;tosiaan;1
1348;99/2020;2020_99_19;eurooppa;1
1348;99/2020;2020_99_19;parlamentti;1
1348;99/2020;2020_99_19;olla;18
1348;99/2020;2020_99_19;jo;1
1348;99/2020;2020_99_19;kyetä;4
1348;99/2020;2020_99_19;siirtyä;2
1348;99/2020;2020_99_19;tämäntyyppinen;1
1348;99/2020;2020_99_19;etä-äänestäminen;1
1348;99/2020;2020_99_19;ja;7
1348;99/2020;2020_99_19;etätyöskentely;2
1348;99/2020;2020_99_19;katsoa;1
1348;99/2020;2020_99_19;kyllä;5
1348;99/2020;2020_99_19;että;9
1348;99/2020;2020_99_19;myös;2
1348;99/2020;2020_99_19;suomi;2
1348;99/2020;2020_99_19;eduskunta;3
1348;99/2020;2020_99_19;täytyä;4
1348;99/2020;2020_99_19;tällainen;4
1348;99/2020;2020_99_19;mikäli;3
1348;99/2020;2020_99_19;tilanne;2
1348;99/2020;2020_99_19;se;4
1348;99/2020;2020_99_19;edellyttää;1
1348;99/2020;2020_99_19;täällä;1
1348;99/2020;2020_99_19;keskustelu;1
1348;99/2020;2020_99_19;esittää;1
1348;99/2020;2020_99_19;erittäin;1
1348;99/2020;2020_99_19;hyvä;2
1348;99/2020;2020_99_19;näkökulma;1
1348;99/2020;2020_99_19;tietysti;2
1348;99/2020;2020_99_19;aivan;3
1348;99/2020;2020_99_19;selvä;2
1348;99/2020;2020_99_19;tietoturvakysymys;1
1348;99/2020;2020_99_19;ottaa;2
1348;99/2020;2020_99_19;äärimmäinen;1
1348;99/2020;2020_99_19;vakavasti;1
1348;99/2020;2020_99_19;jonkuntyyppinen;1
1348;99/2020;2020_99_19;menettely;2
1348;99/2020;2020_99_19;käydä;1
1348;99/2020;2020_99_19;ilmi;1
1348;99/2020;2020_99_19;äänestys;3
1348;99/2020;2020_99_19;jokin;1
1348;99/2020;2020_99_19;tapa;1
1348;99/2020;2020_99_19;manipuloida;1
1348;99/2020;2020_99_19;tai;1
1348;99/2020;2020_99_19;edustaja;2
1348;99/2020;2020_99_19;ei;1
1348;99/2020;2020_99_19;päästä;1
1348;99/2020;2020_99_19;osallistua;1
1348;99/2020;2020_99_19;joku;1
1348;99/2020;2020_99_19;miten;1
1348;99/2020;2020_99_19;pystyä;1
1348;99/2020;2020_99_19;kumota;1
1348;99/2020;2020_99_19;aiempi;1
1348;99/2020;2020_99_19;tulos;1
1348;99/2020;2020_99_19;sitten;2
1348;99/2020;2020_99_19;uusia;1
1348;99/2020;2020_99_19;maailma;1
1348;99/2020;2020_99_19;muuttua;2
1348;99/2020;2020_99_19;mukana;1
1348;99/2020;2020_99_19;kuten;1
1348;99/2020;2020_99_19;lohi;1
1348;99/2020;2020_99_19;tuossa;1
1348;99/2020;2020_99_19;edellä;1
1348;99/2020;2020_99_19;todeta;1
1348;99/2020;2020_99_19;peräänkuuluttaa;1
1348;99/2020;2020_99_19;pysyvä;1
1348;99/2020;2020_99_19;ratkaisu;1
1348;99/2020;2020_99_19;etäkokous;1
1348;99/2020;2020_99_19;järjestäminen;1
1348;99/2020;2020_99_19;osa;1
1348;99/2020;2020_99_19;muuten;1
1348;99/2020;2020_99_19;nähdä;2
1348;99/2020;2020_99_19;nyt;2
1348;99/2020;2020_99_19;voida;1
1348;99/2020;2020_99_19;näyttää;1
1348;99/2020;2020_99_19;esimerkki;1
1348;99/2020;2020_99_19;etätyö;1
1348;99/2020;2020_99_19;tulevaisuus;2
1348;99/2020;2020_99_19;toivo;1
1348;99/2020;2020_99_19;mukaan;1
1348;99/2020;2020_99_19;laajemmin;1
1348;99/2020;2020_99_19;esimerkiksi;2
1348;99/2020;2020_99_19;valtionhallinto;1
1348;99/2020;2020_99_19;käyttö;1
1348;99/2020;2020_99_19;etätyömahdollisuus;1
1348;99/2020;2020_99_19;toivoa;1
1348;99/2020;2020_99_19;ministeriö;2
1348;99/2020;2020_99_19;asiantuntijatehtävä;1
1348;99/2020;2020_99_19;työskennellä;1
1348;99/2020;2020_99_19;päättää;1
1348;99/2020;2020_99_19;oma;1
1348;99/2020;2020_99_19;sijoittumispaikka;1
1348;99/2020;2020_99_19;koska;2
1348;99/2020;2020_99_19;minä;1
1348;99/2020;2020_99_19;yhteys;1
1348;99/2020;2020_99_19;joka;1
1348;99/2020;2020_99_19;kautta;1
1348;99/2020;2020_99_19;työ;1
1348;99/2020;2020_99_19;mikä;1
1348;99/2020;2020_99_19;päin;1
1348;99/2020;2020_99_19;tahansa;1
1348;99/2020;2020_99_19;tehdä;2
1348;99/2020;2020_99_19;pakkoalueellistaminen;1
1348;99/2020;2020_99_19;aika;2
1348;99/2020;2020_99_19;ohi;1
1348;99/2020;2020_99_19;vapaaehtoinen;1
1348;99/2020;2020_99_19;alueellistama;1
1348;99/2020;2020_99_19;täältä;1
1348;99/2020;2020_99_19;helsinki;1
1348;99/2020;2020_99_19;moni;1
1348;99/2020;2020_99_19;virkahenkilö;1
1348;99/2020;2020_99_19;veto;1
1348;99/2020;2020_99_19;tuonne;1
1348;99/2020;2020_99_19;maakunta;1
1348;99/2020;2020_99_19;vain;1
1348;99/2020;2020_99_19;mahdollisuus;1
1348;99/2020;2020_99_19;sinne;1
1348;99/2020;2020_99_19;lähteä;1
1348;102/2020;2020_102_42;arvoisa;2
1348;102/2020;2020_102_42;herra;1
1348;102/2020;2020_102_42;puhemies;3
1348;102/2020;2020_102_42;aivan;1
1348;102/2020;2020_102_42;aluksi;1
1348;102/2020;2020_102_42;todeta;1
1348;102/2020;2020_102_42;että;5
1348;102/2020;2020_102_42;henkilökohtainen;1
1348;102/2020;2020_102_42;taso;1
1348;102/2020;2020_102_42;pitää;1
1348;102/2020;2020_102_42;edustaja;3
1348;102/2020;2020_102_42;mäenpää;4
1348;102/2020;2020_102_42;vieraslajipuhe;1
1348;102/2020;2020_102_42;törkeä;1
1348;102/2020;2020_102_42;ja;4
1348;102/2020;2020_102_42;moitittava;2
1348;102/2020;2020_102_42;tuomita;1
1348;102/2020;2020_102_42;kaikki;1
1348;102/2020;2020_102_42;tällainen;2
1348;102/2020;2020_102_42;puhe;3
1348;102/2020;2020_102_42;jyrkästi;1
1348;102/2020;2020_102_42;katsoa;2
1348;102/2020;2020_102_42;eduskunta;1
1348;102/2020;2020_102_42;olla;11
1348;102/2020;2020_102_42;puuttua;2
1348;102/2020;2020_102_42;sellainen;3
1348;102/2020;2020_102_42;oma;1
1348;102/2020;2020_102_42;arvovalta;1
1348;102/2020;2020_102_42;näin;1
1348;102/2020;2020_102_42;käsittääksen;1
1348;102/2020;2020_102_42;myös;2
1348;102/2020;2020_102_42;tapahtua;1
1348;102/2020;2020_102_42;saada;2
1348;102/2020;2020_102_42;nuhde;1
1348;102/2020;2020_102_42;puhemiesneuvosto;1
1348;102/2020;2020_102_42;jos;2
1348;102/2020;2020_102_42;ikävä;1
1348;102/2020;2020_102_42;ei;4
1348;102/2020;2020_102_42;välittömästi;1
1348;102/2020;2020_102_42;toimi;1
1348;102/2020;2020_102_42;silloin;1
1348;102/2020;2020_102_42;kun;1
1348;102/2020;2020_102_42;se;2
1348;102/2020;2020_102_42;tämä;6
1348;102/2020;2020_102_42;sali;1
1348;102/2020;2020_102_42;esittää;1
1348;102/2020;2020_102_42;sanoa;1
1348;102/2020;2020_102_42;ilmoittaa;1
1348;102/2020;2020_102_42;itse;1
1348;102/2020;2020_102_42;aikoa;1
1348;102/2020;2020_102_42;äänestää;1
1348;102/2020;2020_102_42;syytesuoja;3
1348;102/2020;2020_102_42;murtaminen;1
1348;102/2020;2020_102_42;puolesta;1
1348;102/2020;2020_102_42;arvioida;1
1348;102/2020;2020_102_42;tilanne;1
1348;102/2020;2020_102_42;eri;1
1348;102/2020;2020_102_42;tapa;1
1348;102/2020;2020_102_42;vaikkapa;2
1348;102/2020;2020_102_42;kehottaa;1
1348;102/2020;2020_102_42;joukkotuhonta;1
1348;102/2020;2020_102_42;tai;1
1348;102/2020;2020_102_42;kapina;1
1348;102/2020;2020_102_42;maa;2
1348;102/2020;2020_102_42;laillinen;1
1348;102/2020;2020_102_42;hallitus;3
1348;102/2020;2020_102_42;vastaan;1
1348;102/2020;2020_102_42;mutta;1
1348;102/2020;2020_102_42;nyt;2
1348;102/2020;2020_102_42;kyse;3
1348;102/2020;2020_102_42;huono;1
1348;102/2020;2020_102_42;rasistinen;1
1348;102/2020;2020_102_42;kielikuva;1
1348;102/2020;2020_102_42;asia;2
1348;102/2020;2020_102_42;kuitenkin;1
1348;102/2020;2020_102_42;muu;1
1348;102/2020;2020_102_42;kuin;1
1348;102/2020;2020_102_42;tämäntyyppinen;1
1348;102/2020;2020_102_42;vihapuhe;1
1348;102/2020;2020_102_42;sillä;1
1348;102/2020;2020_102_42;mieli;1
1348;102/2020;2020_102_42;erittäin;1
1348;102/2020;2020_102_42;vahva;1
1348;102/2020;2020_102_42;peruste;1
1348;102/2020;2020_102_42;minä;1
1348;102/2020;2020_102_42;voida;3
1348;102/2020;2020_102_42;tulevaisuus;1
1348;102/2020;2020_102_42;monenlainen;1
1348;102/2020;2020_102_42;joka;5
1348;102/2020;2020_102_42;kriminalisoida;1
1348;102/2020;2020_102_42;erilainen;1
1348;102/2020;2020_102_42;normaali;1
1348;102/2020;2020_102_42;lainsäätämisjärjestys;1
1348;102/2020;2020_102_42;ottaa;1
1348;102/2020;2020_102_42;esimerkiksi;1
1348;102/2020;2020_102_42;unkari;2
1348;102/2020;2020_102_42;maaliskuu;1
1348;102/2020;2020_102_42;säätää;1
1348;102/2020;2020_102_42;laki;1
1348;102/2020;2020_102_42;koronatoimi;1
1348;102/2020;2020_102_42;kritisointi;1
1348;102/2020;2020_102_42;saattaa;1
1348;102/2020;2020_102_42;jo;1
1348;102/2020;2020_102_42;viisi;1
1348;102/2020;2020_102_42;vuosi;1
1348;102/2020;2020_102_42;vankeus;1
1348;102/2020;2020_102_42;siksi;1
1348;102/2020;2020_102_42;mikäli;1
1348;102/2020;2020_102_42;päiväsakkotapaus;1
1348;102/2020;2020_102_42;lähteä;1
1348;102/2020;2020_102_42;murtaa;1
1348;102/2020;2020_102_42;hyvin;1
1348;102/2020;2020_102_42;kalteva;1
1348;102/2020;2020_102_42;pinta;1
1348;102/2020;2020_102_42;johtaa;1
1348;102/2020;2020_102_42;pahimmillaan;1
1348;102/2020;2020_102_42;vaikutus;1
1348;102/2020;2020_102_42;seuraus;1
1348;102/2020;2020_102_42;kukaan;1
1348;102/2020;2020_102_42;demokratia;1
1348;102/2020;2020_102_42;rakastaa;1
1348;102/2020;2020_102_42;kansalainen;1
1348;102/2020;2020_102_42;toivoa;1
1348;120/2020;2020_120_68;arvoisa;1
1348;120/2020;2020_120_68;herra;1
1348;120/2020;2020_120_68;puhemies;1
1348;120/2020;2020_120_68;kokoomus;1
1348;120/2020;2020_120_68;puhua;1
1348;120/2020;2020_120_68;nyt;3
1348;120/2020;2020_120_68;sali;1
1348;120/2020;2020_120_68;kauniisti;1
1348;120/2020;2020_120_68;pieni;4
1348;120/2020;2020_120_68;ja;10
1348;120/2020;2020_120_68;keskituloinen;3
1348;120/2020;2020_120_68;oma;1
1348;120/2020;2020_120_68;tavoiteohjelma;1
1348;120/2020;2020_120_68;ei;4
1348;120/2020;2020_120_68;malttaa;1
1348;120/2020;2020_120_68;olla;10
1348;120/2020;2020_120_68;kommentoida;1
1348;120/2020;2020_120_68;kyllä;3
1348;120/2020;2020_120_68;että;2
1348;120/2020;2020_120_68;kun;1
1348;120/2020;2020_120_68;eduskunta;2
1348;120/2020;2020_120_68;tietopalvelu;2
1348;120/2020;2020_120_68;laskea;1
1348;120/2020;2020_120_68;tämä;8
1348;120/2020;2020_120_68;sinä;4
1348;120/2020;2020_120_68;tuloveroesitys;2
1348;120/2020;2020_120_68;joka;4
1348;120/2020;2020_120_68;huojentaa;1
1348;120/2020;2020_120_68;tuloverotus;1
1348;120/2020;2020_120_68;miljoona;2
1348;120/2020;2020_120_68;euro;1
1348;120/2020;2020_120_68;niin;3
1348;120/2020;2020_120_68;se;14
1348;120/2020;2020_120_68;prosentti;2
1348;120/2020;2020_120_68;eli;3
1348;120/2020;2020_120_68;mennä;1
1348;120/2020;2020_120_68;huojennus;1
1348;120/2020;2020_120_68;suurituloinen;1
1348;120/2020;2020_120_68;desiili;1
1348;120/2020;2020_120_68;hyvin;1
1348;120/2020;2020_120_68;tienata;1
1348;120/2020;2020_120_68;joten;1
1348;120/2020;2020_120_68;pitää;1
1348;120/2020;2020_120_68;aika;2
1348;120/2020;2020_120_68;käsittämätön;2
1348;120/2020;2020_120_68;puhe;2
1348;120/2020;2020_120_68;mikä;2
1348;120/2020;2020_120_68;sitten;1
1348;120/2020;2020_120_68;taas;1
1348;120/2020;2020_120_68;tulla;1
1348;120/2020;2020_120_68;autoverotus;1
1348;120/2020;2020_120_68;poistaminen;4
1348;120/2020;2020_120_68;kompensoiminen;1
1348;120/2020;2020_120_68;polttoaineverotus;1
1348;120/2020;2020_120_68;korottaa;1
1348;120/2020;2020_120_68;nimenomaan;2
1348;120/2020;2020_120_68;lasku;2
1348;120/2020;2020_120_68;maksaa;2
1348;120/2020;2020_120_68;suomi;1
1348;120/2020;2020_120_68;maaseutu;1
1348;120/2020;2020_120_68;eniten;1
1348;120/2020;2020_120_68;auto;2
1348;120/2020;2020_120_68;käyttää;1
1348;120/2020;2020_120_68;juuri;1
1348;120/2020;2020_120_68;autovero;1
1348;120/2020;2020_120_68;jälkeen;1
1348;120/2020;2020_120_68;mahdollisuus;1
1348;120/2020;2020_120_68;uusi;1
1348;120/2020;2020_120_68;hankkia;1
1348;120/2020;2020_120_68;perintövero;3
1348;120/2020;2020_120_68;varsin;1
1348;120/2020;2020_120_68;vastuuton;1
1348;120/2020;2020_120_68;esimerkiksi;1
1348;120/2020;2020_120_68;veronmaksaja;1
1348;120/2020;2020_120_68;keskusliitto;1
1348;120/2020;2020_120_68;kannattaa;2
1348;120/2020;2020_120_68;itse;1
1348;120/2020;2020_120_68;huojentama;1
1348;120/2020;2020_120_68;paikallaan;1
1348;120/2020;2020_120_68;käydä;1
1348;120/2020;2020_120_68;keskustelu;1
1348;120/2020;2020_120_68;mutta;1
1348;120/2020;2020_120_68;mikäli;1
1348;120/2020;2020_120_68;poistaa;1
1348;120/2020;2020_120_68;kokonaan;2
1348;120/2020;2020_120_68;korvata;1
1348;120/2020;2020_120_68;luovutusvoittovero;1
1348;120/2020;2020_120_68;tapaus;2
1348;120/2020;2020_120_68;saada;1
1348;120/2020;2020_120_68;perintö;2
1348;120/2020;2020_120_68;tai;1
1348;120/2020;2020_120_68;keskisuuri;1
1348;120/2020;2020_120_68;hetki;1
1348;120/2020;2020_120_68;nykyisellään;1
1348;120/2020;2020_120_68;vapauttaa;1
1348;120/2020;2020_120_68;vero;1
1348;120/2020;2020_120_68;lisätä;1
1348;120/2020;2020_120_68;verorasitus;1
1348;120/2020;2020_120_68;osa;1
1348;120/2020;2020_120_68;uskomaton;1
1348;120/2020;2020_120_68;politiikka;1
1348;120/2020;2020_120_68;varsinkin;1
1348;120/2020;2020_120_68;korona-aika;1
1348;120/2020;2020_120_68;tuoda;1
1348;120/2020;2020_120_68;tällainen;1
1348;120/2020;2020_120_68;esitys;1
1348;120/2020;2020_120_68;pöytä;1
1348;120/2020;2020_120_68;toivoa;1
1348;120/2020;2020_120_68;todella;1
1348;120/2020;2020_120_68;perehtyä;1
1348;120/2020;2020_120_68;aidosti;1
1348;120/2020;2020_120_68;laskelma;1
1348;120/2020;2020_120_68;tarkoittaa;1
1348;120/2020;2020_120_68;tulovero;1
1348;120/2020;2020_120_68;keventäminen;1
1348;120/2020;2020_120_68;sikariporras;1
1348;120/2020;2020_120_68;kai;1
1348;120/2020;2020_120_68;mykkänen;1
1348;120/2020;2020_120_68;matias;1
1348;120/2020;2020_120_68;marttinen;1
1348;120/2020;2020_120_68;hhoh;1
1348;120/2020;2020_120_71;arvoisa;1
1348;120/2020;2020_120_71;puhemies;1
1348;120/2020;2020_120_71;vielä;1
1348;120/2020;2020_120_71;pikaisesti;1
1348;120/2020;2020_120_71;tämä;3
1348;120/2020;2020_120_71;keskustelu;1
1348;120/2020;2020_120_71;loppu;1
1348;120/2020;2020_120_71;kun;1
1348;120/2020;2020_120_71;edustaja;1
1348;120/2020;2020_120_71;marttinen;1
1348;120/2020;2020_120_71;tuossa;1
1348;120/2020;2020_120_71;syyttää;1
1348;120/2020;2020_120_71;väärä;1
1348;120/2020;2020_120_71;tieto;1
1348;120/2020;2020_120_71;antaminen;1
1348;120/2020;2020_120_71;mieli;1
1348;120/2020;2020_120_71;kokoomus;2
1348;120/2020;2020_120_71;näyttää;1
1348;120/2020;2020_120_71;eduskunta;1
1348;120/2020;2020_120_71;tietopalvelu;1
1348;120/2020;2020_120_71;laskelma;1
1348;120/2020;2020_120_71;se;4
1348;120/2020;2020_120_71;tosiaan;1
1348;120/2020;2020_120_71;osoittaa;1
1348;120/2020;2020_120_71;että;2
1348;120/2020;2020_120_71;sinne;1
1348;120/2020;2020_120_71;sinä;3
1348;120/2020;2020_120_71;tavoiteohjelma;1
1348;120/2020;2020_120_71;kirjata;1
1348;120/2020;2020_120_71;tuloveroesitys;1
1348;120/2020;2020_120_71;eli;2
1348;120/2020;2020_120_71;maksimi;1
1348;120/2020;2020_120_71;prosentti;2
1348;120/2020;2020_120_71;rajaveroaste;1
1348;120/2020;2020_120_71;koko;1
1348;120/2020;2020_120_71;vaikutus;1
1348;120/2020;2020_120_71;olla;3
1348;120/2020;2020_120_71;miljoona;2
1348;120/2020;2020_120_71;ja;4
1348;120/2020;2020_120_71;huojennus;1
1348;120/2020;2020_120_71;kohdentua;1
1348;120/2020;2020_120_71;nimenomaan;1
1348;120/2020;2020_120_71;eniten;1
1348;120/2020;2020_120_71;tienata;1
1348;120/2020;2020_120_71;pitää;1
1348;120/2020;2020_120_71;jossain;1
1348;120/2020;2020_120_71;määrin;1
1348;120/2020;2020_120_71;harhaanjohtava;1
1348;120/2020;2020_120_71;jos;2
1348;120/2020;2020_120_71;puhua;1
1348;120/2020;2020_120_71;täällä;1
1348;120/2020;2020_120_71;haluta;2
1348;120/2020;2020_120_71;helpottaa;1
1348;120/2020;2020_120_71;pieni;1
1348;120/2020;2020_120_71;keskituloinen;1
1348;120/2020;2020_120_71;elämä;1
1348;120/2020;2020_120_71;kyllä;2
1348;120/2020;2020_120_71;keventää;1
1348;120/2020;2020_120_71;sikariporras;1
1348;120/2020;2020_120_71;verotus;1
1348;120/2020;2020_120_71;näin;1
1348;120/2020;2020_120_71;vain;1
1348;120/2020;2020_120_71;hämmentävä;1
1348;120/2020;2020_120_71;kansanedustaja;1
1348;120/2020;2020_120_71;ei;1
1348;120/2020;2020_120_71;itse;1
1348;120/2020;2020_120_71;tietää;1
1348;120/2020;2020_120_71;millainen;2
1348;120/2020;2020_120_71;tulevaisuus;1
1348;120/2020;2020_120_71;veropolitiikka;1
1348;120/2020;2020_120_71;puolue;1
1348;120/2020;2020_120_71;tavoitella;1
1348;142/2020;2020_142_41;arvoisa;2
1348;142/2020;2020_142_41;herra;1
1348;142/2020;2020_142_41;puhemies;2
1348;142/2020;2020_142_41;vähä;1
1348;142/2020;2020_142_41;olla;24
1348;142/2020;2020_142_41;väki;2
1348;142/2020;2020_142_41;käydä;2
1348;142/2020;2020_142_41;mutta;2
1348;142/2020;2020_142_41;niin;5
1348;142/2020;2020_142_41;se;13
1348;142/2020;2020_142_41;että;14
1348;142/2020;2020_142_41;juhla;1
1348;142/2020;2020_142_41;parata;1
1348;142/2020;2020_142_41;kun;1
1348;142/2020;2020_142_41;vähetä;1
1348;142/2020;2020_142_41;eliittijoukko;1
1348;142/2020;2020_142_41;paikka;2
1348;142/2020;2020_142_41;tänään;2
1348;142/2020;2020_142_41;laaja;1
1348;142/2020;2020_142_41;keskustelu;1
1348;142/2020;2020_142_41;lisätalousarvio;1
1348;142/2020;2020_142_41;ja;15
1348;142/2020;2020_142_41;erityisesti;2
1348;142/2020;2020_142_41;kokoomus;1
1348;142/2020;2020_142_41;huomio;2
1348;142/2020;2020_142_41;jotenkin;1
1348;142/2020;2020_142_41;ihmetyttää;1
1348;142/2020;2020_142_41;ymmärtää;1
1348;142/2020;2020_142_41;tietysti;1
1348;142/2020;2020_142_41;perustella;2
1348;142/2020;2020_142_41;huolissaan;3
1348;142/2020;2020_142_41;velkaantuminen;1
1348;142/2020;2020_142_41;velka;3
1348;142/2020;2020_142_41;hoitaminen;1
1348;142/2020;2020_142_41;kaikki;2
1348;142/2020;2020_142_41;poliitikko;1
1348;142/2020;2020_142_41;vastuu;1
1348;142/2020;2020_142_41;hoitaa;2
1348;142/2020;2020_142_41;asiallisesti;1
1348;142/2020;2020_142_41;kyllä;5
1348;142/2020;2020_142_41;oppositio;1
1348;142/2020;2020_142_41;soida;1
1348;142/2020;2020_142_41;pohtia;1
1348;142/2020;2020_142_41;kansalainen;1
1348;142/2020;2020_142_41;työ;1
1348;142/2020;2020_142_41;toimeentulo;1
1348;142/2020;2020_142_41;selviäminen;1
1348;142/2020;2020_142_41;tämä;10
1348;142/2020;2020_142_41;koronakriisi;1
1348;142/2020;2020_142_41;yli;2
1348;142/2020;2020_142_41;entä;1
1348;142/2020;2020_142_41;sitten;1
1348;142/2020;2020_142_41;kunta;2
1348;142/2020;2020_142_41;tuottaa;1
1348;142/2020;2020_142_41;peruspalvelu;1
1348;142/2020;2020_142_41;jos;3
1348;142/2020;2020_142_41;joku;1
1348;142/2020;2020_142_41;aika;3
1348;142/2020;2020_142_41;täytyä;2
1348;142/2020;2020_142_41;ottaa;1
1348;142/2020;2020_142_41;juuri;1
1348;142/2020;2020_142_41;nyt;4
1348;142/2020;2020_142_41;hallitus;3
1348;142/2020;2020_142_41;toimenpide;1
1348;142/2020;2020_142_41;täysin;2
1348;142/2020;2020_142_41;edustaja;4
1348;142/2020;2020_142_41;löfström;1
1348;142/2020;2020_142_41;könttä;1
1348;142/2020;2020_142_41;käyttää;1
1348;142/2020;2020_142_41;erinomainen;1
1348;142/2020;2020_142_41;puheenvuoro;1
1348;142/2020;2020_142_41;matkailu;3
1348;142/2020;2020_142_41;itse;2
1348;142/2020;2020_142_41;pettyä;1
1348;142/2020;2020_142_41;tapa;3
1348;142/2020;2020_142_41;joka;2
1348;142/2020;2020_142_41;sosiaali;2
1348;142/2020;2020_142_41;terveysministeriö;2
1348;142/2020;2020_142_41;kriisi;2
1348;142/2020;2020_142_41;sieltä;1
1348;142/2020;2020_142_41;ei;3
1348;142/2020;2020_142_41;saada;4
1348;142/2020;2020_142_41;välttämätön;2
1348;142/2020;2020_142_41;esitys;2
1348;142/2020;2020_142_41;valitettavasti;1
1348;142/2020;2020_142_41;ulos;1
1348;142/2020;2020_142_41;jokin;1
1348;142/2020;2020_142_41;korni;1
1348;142/2020;2020_142_41;lähettää;1
1348;142/2020;2020_142_41;lausunto;1
1348;142/2020;2020_142_41;tulla;3
1348;142/2020;2020_142_41;matkailurajoitus;1
1348;142/2020;2020_142_41;sama;2
1348;142/2020;2020_142_41;ilmoitus;1
1348;142/2020;2020_142_41;suuri;1
1348;142/2020;2020_142_41;matkanjärjestäjä;1
1348;142/2020;2020_142_41;tui;1
1348;142/2020;2020_142_41;perua;1
1348;142/2020;2020_142_41;joulumatka;1
1348;142/2020;2020_142_41;lappi;2
1348;142/2020;2020_142_41;lakiesitys;1
1348;142/2020;2020_142_41;voimaan;1
1348;142/2020;2020_142_41;aikaisintaan;1
1348;142/2020;2020_142_41;ennen;1
1348;142/2020;2020_142_41;joulu;1
1348;142/2020;2020_142_41;minä;4
1348;142/2020;2020_142_41;menettää;1
1348;142/2020;2020_142_41;kymmenen;1
1348;142/2020;2020_142_41;miljoona;2
1348;142/2020;2020_142_41;sata;1
1348;142/2020;2020_142_41;euro;1
1348;142/2020;2020_142_41;lappilainen;1
1348;142/2020;2020_142_41;todella;2
1348;142/2020;2020_142_41;oma;1
1348;142/2020;2020_142_41;maakunta;4
1348;142/2020;2020_142_41;tilanne;1
1348;142/2020;2020_142_41;asukas;1
1348;142/2020;2020_142_41;hetki;1
1348;142/2020;2020_142_41;liipaisin;1
1348;142/2020;2020_142_41;työpaikka;1
1348;142/2020;2020_142_41;kylmä;1
1348;142/2020;2020_142_41;talvi;1
1348;142/2020;2020_142_41;mikäli;1
1348;142/2020;2020_142_41;paha;2
1348;142/2020;2020_142_41;skenaario;2
1348;142/2020;2020_142_41;toteutua;2
1348;142/2020;2020_142_41;matkustaminen;1
1348;142/2020;2020_142_41;aina;1
1348;142/2020;2020_142_41;kevätkausi;1
1348;142/2020;2020_142_41;osa;2
1348;142/2020;2020_142_41;kunto;1
1348;142/2020;2020_142_41;ensi;1
1348;142/2020;2020_142_41;kesä;1
1348;142/2020;2020_142_41;suomi;1
1348;142/2020;2020_142_41;voida;4
1348;142/2020;2020_142_41;turvallisesti;2
1348;142/2020;2020_142_41;testata;1
1348;142/2020;2020_142_41;matka;1
1348;142/2020;2020_142_41;järjestää;2
1348;142/2020;2020_142_41;joko;1
1348;142/2020;2020_142_41;siellä;2
1348;142/2020;2020_142_41;kupla;1
1348;142/2020;2020_142_41;tai;1
1348;142/2020;2020_142_41;mikä;1
1348;142/2020;2020_142_41;tahansa;1
1348;142/2020;2020_142_41;osoittaa;2
1348;142/2020;2020_142_41;myös;2
1348;142/2020;2020_142_41;nähdä;2
1348;142/2020;2020_142_41;tällainen;1
1348;142/2020;2020_142_41;rajoitus;1
1348;142/2020;2020_142_41;kyetä;1
1348;142/2020;2020_142_41;tulevaisuus;1
1348;142/2020;2020_142_41;päättää;1
1348;142/2020;2020_142_41;paikallisesti;1
1348;142/2020;2020_142_41;paikallinen;1
1348;142/2020;2020_142_41;terveysviranomainen;1
1348;142/2020;2020_142_41;toimi;1
1348;142/2020;2020_142_41;koska;1
1348;142/2020;2020_142_41;tietämys;2
1348;142/2020;2020_142_41;miten;1
1348;142/2020;2020_142_41;turvallinen;1
1348;142/2020;2020_142_41;asua;2
1348;142/2020;2020_142_41;päällä;1
1348;142/2020;2020_142_41;virkakunta;1
1348;142/2020;2020_142_41;vielä;1
1348;142/2020;2020_142_41;loppu;1
1348;142/2020;2020_142_41;haluta;1
1348;142/2020;2020_142_41;kiinnittää;1
1348;142/2020;2020_142_41;kanta;1
1348;142/2020;2020_142_41;tämmöinen;1
1348;142/2020;2020_142_41;aivan;2
1348;142/2020;2020_142_41;uskomaton;1
1348;142/2020;2020_142_41;taloudellinen;1
1348;142/2020;2020_142_41;lama;1
1348;142/2020;2020_142_41;suurtyöttömyys;1
1348;142/2020;2020_142_41;kehottaa;1
1348;142/2020;2020_142_41;voimakkaasti;1
1348;142/2020;2020_142_41;harkita;1
1348;142/2020;2020_142_41;jonkintyyppinen;1
1348;142/2020;2020_142_41;tukipaketti;1
1348;142/2020;2020_142_41;erikseen;1
1348;142/2020;2020_142_41;tänne;1
1348;142/2020;2020_142_41;saattaa;1
1348;142/2020;2020_142_41;koskea;1
1348;142/2020;2020_142_41;hyvin;1
1348;142/2020;2020_142_41;ahvenanmaa;1
1348;142/2020;2020_142_41;erittäin;1
1348;142/2020;2020_142_41;riippuvainen;2
1348;142/2020;2020_142_41;turismi;1
1348;142/2020;2020_142_41;toivoa;1
1348;142/2020;2020_142_41;kanssa;1
1348;142/2020;2020_142_41;puolueraja;1
1348;142/2020;2020_142_41;tehdä;1
1348;142/2020;2020_142_41;yhteistyö;1
1348;142/2020;2020_142_41;elinmahdollisuus;1
1348;142/2020;2020_142_41;alue;1
1348;142/2020;2020_142_41;säilyä;1
1348;142/2020;2020_142_41;kiitos;1
1348;142/2020;2020_142_44;arvoisa;1
1348;142/2020;2020_142_44;herra;1
1348;142/2020;2020_142_44;puhemies;1
1348;142/2020;2020_142_44;kiittää;1
1348;142/2020;2020_142_44;edustaja;2
1348;142/2020;2020_142_44;sato;1
1348;142/2020;2020_142_44;älykäs;1
1348;142/2020;2020_142_44;ja;5
1348;142/2020;2020_142_44;erinomainen;1
1348;142/2020;2020_142_44;sana;1
1348;142/2020;2020_142_44;matkailu;2
1348;142/2020;2020_142_44;osa;2
1348;142/2020;2020_142_44;olla;7
1348;142/2020;2020_142_44;täsmälleen;1
1348;142/2020;2020_142_44;sama;2
1348;142/2020;2020_142_44;mieli;2
1348;142/2020;2020_142_44;tosiaan;1
1348;142/2020;2020_142_44;täytyä;1
1348;142/2020;2020_142_44;nyt;2
1348;142/2020;2020_142_44;toivoa;1
1348;142/2020;2020_142_44;että;4
1348;142/2020;2020_142_44;tämä;5
1348;142/2020;2020_142_44;hallitus;2
1348;142/2020;2020_142_44;esitys;2
1348;142/2020;2020_142_44;saada;4
1348;142/2020;2020_142_44;mahdollimman;1
1348;142/2020;2020_142_44;pian;1
1348;142/2020;2020_142_44;täällä;1
1348;142/2020;2020_142_44;talo;1
1348;142/2020;2020_142_44;käsitellä;1
1348;142/2020;2020_142_44;se;7
1348;142/2020;2020_142_44;mikä;2
1348;142/2020;2020_142_44;tapa;1
1348;142/2020;2020_142_44;voida;1
1348;142/2020;2020_142_44;turvallisesti;1
1348;142/2020;2020_142_44;toteuttaa;2
1348;142/2020;2020_142_44;suomi;1
1348;142/2020;2020_142_44;aina;1
1348;142/2020;2020_142_44;kevätkausi;1
1348;142/2020;2020_142_44;kesäkausi;1
1348;142/2020;2020_142_44;pelastaa;1
1348;142/2020;2020_142_44;todella;3
1348;142/2020;2020_142_44;kriittinen;1
1348;142/2020;2020_142_44;juttu;1
1348;142/2020;2020_142_44;satonen;1
1348;142/2020;2020_142_44;ottaa;1
1348;142/2020;2020_142_44;kanta;1
1348;142/2020;2020_142_44;myös;2
1348;142/2020;2020_142_44;kuntatalous;3
1348;142/2020;2020_142_44;täysin;1
1348;142/2020;2020_142_44;yksistään;1
1348;142/2020;2020_142_44;tällainen;1
1348;142/2020;2020_142_44;tukipaketti;1
1348;142/2020;2020_142_44;ei;1
1348;142/2020;2020_142_44;ongelma;2
1348;142/2020;2020_142_44;ratkaista;1
1348;142/2020;2020_142_44;pitkään;1
1348;142/2020;2020_142_44;minä;1
1348;142/2020;2020_142_44;jos;1
1348;142/2020;2020_142_44;kuka;1
1348;142/2020;2020_142_44;entinen;1
1348;142/2020;2020_142_44;kunnanjohtaja;1
1348;142/2020;2020_142_44;tietää;1
1348;142/2020;2020_142_44;moni;1
1348;142/2020;2020_142_44;paikka;1
1348;142/2020;2020_142_44;jatkuva;1
1348;142/2020;2020_142_44;tasapainottelu;1
1348;142/2020;2020_142_44;veitsenterä;1
1348;142/2020;2020_142_44;mutta;1
1348;142/2020;2020_142_44;liittyä;1
1348;142/2020;2020_142_44;erittäin;1
1348;142/2020;2020_142_44;tyytyväinen;1
1348;142/2020;2020_142_44;sote;1
1348;142/2020;2020_142_44;maakuntauudistus;1
1348;142/2020;2020_142_44;jolloin;1
1348;142/2020;2020_142_44;sosiaali;1
1348;142/2020;2020_142_44;terveydenhuolto;1
1348;142/2020;2020_142_44;palvelu;1
1348;142/2020;2020_142_44;siirtää;1
1348;142/2020;2020_142_44;pois;1
1348;142/2020;2020_142_44;kunta;2
1348;142/2020;2020_142_44;harteet;1
1348;142/2020;2020_142_44;siirtyä;1
1348;142/2020;2020_142_44;sinne;1
1348;142/2020;2020_142_44;maakunta;1
1348;142/2020;2020_142_44;sitten;2
1348;142/2020;2020_142_44;riippua;1
1348;142/2020;2020_142_44;tehdä;1
1348;142/2020;2020_142_44;ratkaisu;1
1348;142/2020;2020_142_44;tulla;1
1348;142/2020;2020_142_44;helpottaa;1
1348;142/2020;2020_142_44;taloudellinen;1
1348;142/2020;2020_142_44;tilanne;1
1348;142/2020;2020_142_44;toivo;1
1348;142/2020;2020_142_44;mukaan;1
1348;142/2020;2020_142_44;hyvä;1
1348;142/2020;2020_142_44;kokoomus;1
1348;142/2020;2020_142_44;tuki;1
1348;142/2020;2020_142_53;arvoisa;1
1348;142/2020;2020_142_53;herra;1
1348;142/2020;2020_142_53;puhemies;1
1348;142/2020;2020_142_53;kiitos;2
1348;142/2020;2020_142_53;kollega;1
1348;142/2020;2020_142_53;tämä;5
1348;142/2020;2020_142_53;olla;11
1348;142/2020;2020_142_53;käyttää;1
1348;142/2020;2020_142_53;erinomainen;1
1348;142/2020;2020_142_53;puheenvuoro;2
1348;142/2020;2020_142_53;erityisesti;1
1348;142/2020;2020_142_53;edustaja;1
1348;142/2020;2020_142_53;hopsu;1
1348;142/2020;2020_142_53;todella;2
1348;142/2020;2020_142_53;hyvä;1
1348;142/2020;2020_142_53;todeta;1
1348;142/2020;2020_142_53;että;5
1348;142/2020;2020_142_53;digitaalinen;2
1348;142/2020;2020_142_53;turvallisuus;1
1348;142/2020;2020_142_53;myös;2
1348;142/2020;2020_142_53;kansalainen;1
1348;142/2020;2020_142_53;perusoikeus;1
1348;142/2020;2020_142_53;ja;3
1348;142/2020;2020_142_53;vastaamo;4
1348;142/2020;2020_142_53;tietovuototapaus;1
1348;142/2020;2020_142_53;varmasti;2
1348;142/2020;2020_142_53;järkyttää;1
1348;142/2020;2020_142_53;minä;1
1348;142/2020;2020_142_53;kaikki;1
1348;142/2020;2020_142_53;se;5
1348;142/2020;2020_142_53;erittäin;1
1348;142/2020;2020_142_53;syvä;1
1348;142/2020;2020_142_53;väkivalta;1
1348;142/2020;2020_142_53;uhri;1
1348;142/2020;2020_142_53;kohtaan;1
1348;142/2020;2020_142_53;nyt;2
1348;142/2020;2020_142_53;esitellä;1
1348;142/2020;2020_142_53;laki;1
1348;142/2020;2020_142_53;tulla;1
1348;142/2020;2020_142_53;siis;1
1348;142/2020;2020_142_53;tarve;1
1348;142/2020;2020_142_53;ministeri;2
1348;142/2020;2020_142_53;hallitus;1
1348;142/2020;2020_142_53;itse;1
1348;142/2020;2020_142_53;nähdä;1
1348;142/2020;2020_142_53;tällainen;2
1348;142/2020;2020_142_53;kaltainen;2
1348;142/2020;2020_142_53;tapaus;2
1348;142/2020;2020_142_53;ei;2
1348;142/2020;2020_142_53;yksinkertaisesti;1
1348;142/2020;2020_142_53;saada;1
1348;142/2020;2020_142_53;enää;2
1348;142/2020;2020_142_53;tapahtua;1
1348;142/2020;2020_142_53;lisäksi;1
1348;142/2020;2020_142_53;poliittinen;1
1348;142/2020;2020_142_53;päättäjä;1
1348;142/2020;2020_142_53;vastuu;2
1348;142/2020;2020_142_53;katsoa;1
1348;142/2020;2020_142_53;kyllä;1
1348;142/2020;2020_142_53;viranomainen;2
1348;142/2020;2020_142_53;miten;1
1348;142/2020;2020_142_53;aiempi;1
1348;142/2020;2020_142_53;määräys;1
1348;142/2020;2020_142_53;valvoa;1
1348;142/2020;2020_142_53;kysyä;1
1348;142/2020;2020_142_53;pari;1
1348;142/2020;2020_142_53;kysymys;1
1348;142/2020;2020_142_53;ensimmäinen;1
1348;142/2020;2020_142_53;aikoa;1
1348;142/2020;2020_142_53;selvittää;1
1348;142/2020;2020_142_53;toimia;1
1348;142/2020;2020_142_53;asianmukaisesti;1
1348;142/2020;2020_142_53;varmistaa;1
1348;142/2020;2020_142_53;esitys;1
1348;142/2020;2020_142_53;tietomurto;1
1348;142/2020;2020_142_53;mahdollinen;1
1348;142/2020;2020_142_53;tehdä;1
1348;142/2020;2020_142_99;arvoisa;1
1348;142/2020;2020_142_99;rouva;1
1348;142/2020;2020_142_99;puhemies;1
1348;142/2020;2020_142_99;haluta;2
1348;142/2020;2020_142_99;uskoa;1
1348;142/2020;2020_142_99;että;7
1348;142/2020;2020_142_99;kaikki;1
1348;142/2020;2020_142_99;minä;2
1348;142/2020;2020_142_99;tämä;7
1348;142/2020;2020_142_99;sali;1
1348;142/2020;2020_142_99;olla;12
1348;142/2020;2020_142_99;yhteinen;1
1348;142/2020;2020_142_99;tavoite;1
1348;142/2020;2020_142_99;se;3
1348;142/2020;2020_142_99;meriväylä;1
1348;142/2020;2020_142_99;kunto;1
1348;142/2020;2020_142_99;ja;5
1348;142/2020;2020_142_99;siellä;1
1348;142/2020;2020_142_99;tavara;1
1348;142/2020;2020_142_99;liikkua;2
1348;142/2020;2020_142_99;myös;2
1348;142/2020;2020_142_99;ihminen;1
1348;142/2020;2020_142_99;ei;2
1348;142/2020;2020_142_99;kuitenkaan;1
1348;142/2020;2020_142_99;voida;3
1348;142/2020;2020_142_99;hämmästellä;1
1348;142/2020;2020_142_99;kun;1
1348;142/2020;2020_142_99;tänään;1
1348;142/2020;2020_142_99;keskustella;1
1348;142/2020;2020_142_99;lisätalousarvio;1
1348;142/2020;2020_142_99;niin;1
1348;142/2020;2020_142_99;erityisesti;1
1348;142/2020;2020_142_99;kokoomus;1
1348;142/2020;2020_142_99;ilmoittaa;1
1348;142/2020;2020_142_99;huoli;1
1348;142/2020;2020_142_99;suomi;1
1348;142/2020;2020_142_99;velkaantua;1
1348;142/2020;2020_142_99;kuitenkin;1
1348;142/2020;2020_142_99;kokoomusedustaja;1
1348;142/2020;2020_142_99;nyt;1
1348;142/2020;2020_142_99;esittää;3
1348;142/2020;2020_142_99;väylämaksu;1
1348;142/2020;2020_142_99;poisto;1
1348;142/2020;2020_142_99;miljoona;2
1348;142/2020;2020_142_99;taas;2
1348;142/2020;2020_142_99;lisämeno;2
1348;142/2020;2020_142_99;ainoa;1
1348;142/2020;2020_142_99;ala;1
1348;142/2020;2020_142_99;mikä;2
1348;142/2020;2020_142_99;raha;1
1348;142/2020;2020_142_99;sinä;2
1348;142/2020;2020_142_99;oikein;1
1348;142/2020;2020_142_99;jakaa;2
1348;142/2020;2020_142_99;matkailu;1
1348;142/2020;2020_142_99;ravintola-ala;1
1348;142/2020;2020_142_99;kaikkialle;1
1348;142/2020;2020_142_99;korona;1
1348;142/2020;2020_142_99;kanssa;1
1348;142/2020;2020_142_99;vaikeus;1
1348;142/2020;2020_142_99;itse;1
1348;142/2020;2020_142_99;kyllä;3
1348;142/2020;2020_142_99;katsoa;1
1348;142/2020;2020_142_99;varsin;1
1348;142/2020;2020_142_99;epäuskottava;1
1348;142/2020;2020_142_99;politiikka;1
1348;142/2020;2020_142_99;hetki;1
1348;142/2020;2020_142_99;mutta;1
1348;142/2020;2020_142_99;sitten;1
1348;142/2020;2020_142_99;toisaalta;1
1348;142/2020;2020_142_99;huolissaan;1
1348;142/2020;2020_142_99;velkaantuminen;1
1348;142/2020;2020_142_99;edustaja;1
1348;142/2020;2020_142_99;kaunisto;1
1348;142/2020;2020_142_99;todeta;1
1348;142/2020;2020_142_99;dynaaminen;1
1348;142/2020;2020_142_99;vaikutus;1
1348;142/2020;2020_142_99;joka;1
1348;142/2020;2020_142_99;mainita;1
1348;142/2020;2020_142_99;suuri;1
1348;142/2020;2020_142_99;ylioptimismi;1
1348;142/2020;2020_142_99;kattaa;1
1348;142/2020;2020_142_99;tämmöinen;1
1348;142/2020;2020_142_99;euro;1
1348;142/2020;2020_142_99;menoerä;1
1348;142/2020;2020_142_115;arvoisa;1
1348;142/2020;2020_142_115;rouva;1
1348;142/2020;2020_142_115;puhemies;1
1348;142/2020;2020_142_115;ensinnä;1
1348;142/2020;2020_142_115;kiitos;1
1348;142/2020;2020_142_115;edustaja;2
1348;142/2020;2020_142_115;löfström;2
1348;142/2020;2020_142_115;että;3
1348;142/2020;2020_142_115;selventää;1
1348;142/2020;2020_142_115;mikä;1
1348;142/2020;2020_142_115;tämä;4
1348;142/2020;2020_142_115;perussuomalainen;2
1348;142/2020;2020_142_115;esitys;1
1348;142/2020;2020_142_115;tarkoittaa;1
1348;142/2020;2020_142_115;ja;3
1348;142/2020;2020_142_115;hyvin;1
1348;142/2020;2020_142_115;hurja;1
1348;142/2020;2020_142_115;kuulostaa;1
1348;142/2020;2020_142_115;jokin;1
1348;142/2020;2020_142_115;tapa;1
1348;142/2020;2020_142_115;keskustelu;1
1348;142/2020;2020_142_115;jäädä;1
1348;142/2020;2020_142_115;sellainen;1
1348;142/2020;2020_142_115;aika;1
1348;142/2020;2020_142_115;ikävä;1
1348;142/2020;2020_142_115;mielikuva;1
1348;142/2020;2020_142_115;se;3
1348;142/2020;2020_142_115;ei;1
1348;142/2020;2020_142_115;pitää;1
1348;142/2020;2020_142_115;ahvinanmaalainen;1
1348;142/2020;2020_142_115;tasavertainen;1
1348;142/2020;2020_142_115;suomi;1
1348;142/2020;2020_142_115;kansalainen;1
1348;142/2020;2020_142_115;joka;1
1348;142/2020;2020_142_115;peruspalvelu;2
1348;142/2020;2020_142_115;täytyä;2
1348;142/2020;2020_142_115;myös;1
1348;142/2020;2020_142_115;turvata;2
1348;142/2020;2020_142_115;ylipäätään;1
1348;142/2020;2020_142_115;politiikka;1
1348;142/2020;2020_142_115;sinä;1
1348;142/2020;2020_142_115;valitettavasti;1
1348;142/2020;2020_142_115;monesti;1
1348;142/2020;2020_142_115;olla;5
1348;142/2020;2020_142_115;niin;1
1348;142/2020;2020_142_115;valmis;1
1348;142/2020;2020_142_115;leikata;1
1348;142/2020;2020_142_115;vähemmistö;1
1348;142/2020;2020_142_115;taas;1
1348;142/2020;2020_142_115;ehkä;1
1348;142/2020;2020_142_115;yksi;1
1348;142/2020;2020_142_115;osoitus;1
1348;142/2020;2020_142_115;itse;1
1348;142/2020;2020_142_115;kyllä;1
1348;142/2020;2020_142_115;mieli;1
1348;142/2020;2020_142_115;ahvenanmaalainen;1
1348;142/2020;2020_142_115;kuten;2
1348;142/2020;2020_142_115;aivan;1
1348;142/2020;2020_142_115;kaikki;1
1348;142/2020;2020_142_115;suomalainen;1
1348;142/2020;2020_142_115;välttämätön;1
1348;142/2020;2020_142_115;erinomaisesti;1
1348;142/2020;2020_142_115;perustella;1
1348;142/2020;2020_142_115;korotus;1
1348;142/2020;2020_142_115;todella;1
1348;142/2020;2020_142_115;tarve;1
1348;144/2020;2020_144_78;arvoisa;1
1348;144/2020;2020_144_78;rouva;1
1348;144/2020;2020_144_78;puhemies;2
1348;144/2020;2020_144_78;minä;4
1348;144/2020;2020_144_78;puolesta;1
1348;144/2020;2020_144_78;kiitos;2
1348;144/2020;2020_144_78;edustaja;5
1348;144/2020;2020_144_78;myllykoski;3
1348;144/2020;2020_144_78;aloite;3
1348;144/2020;2020_144_78;ja;15
1348;144/2020;2020_144_78;itse;2
1348;144/2020;2020_144_78;ylittäminen;1
1348;144/2020;2020_144_78;kuten;2
1348;144/2020;2020_144_78;tämä;12
1348;144/2020;2020_144_78;olla;25
1348;144/2020;2020_144_78;moni;2
1348;144/2020;2020_144_78;kollega;1
1348;144/2020;2020_144_78;jo;1
1348;144/2020;2020_144_78;todeta;1
1348;144/2020;2020_144_78;niin;5
1348;144/2020;2020_144_78;nykytila;1
1348;144/2020;2020_144_78;järjenköyhä;1
1348;144/2020;2020_144_78;alkoholi;3
1348;144/2020;2020_144_78;mikä;4
1348;144/2020;2020_144_78;tahansa;1
1348;144/2020;2020_144_78;mieli;1
1348;144/2020;2020_144_78;jokainen;1
1348;144/2020;2020_144_78;ymmärtää;1
1348;144/2020;2020_144_78;että;13
1348;144/2020;2020_144_78;nykypolitiikka;1
1348;144/2020;2020_144_78;ei;6
1348;144/2020;2020_144_78;oikein;1
1348;144/2020;2020_144_78;palvella;1
1348;144/2020;2020_144_78;suomalainen;2
1348;144/2020;2020_144_78;etu;1
1348;144/2020;2020_144_78;mikään;3
1348;144/2020;2020_144_78;tapa;1
1348;144/2020;2020_144_78;eurooppa;2
1348;144/2020;2020_144_78;voida;9
1348;144/2020;2020_144_78;tilata;5
1348;144/2020;2020_144_78;laillisesti;4
1348;144/2020;2020_144_78;suomi;2
1348;144/2020;2020_144_78;haluta;2
1348;144/2020;2020_144_78;korostaa;1
1348;144/2020;2020_144_78;myös;5
1348;144/2020;2020_144_78;varsin;1
1348;144/2020;2020_144_78;maltillinen;1
1348;144/2020;2020_144_78;sieltä;3
1348;144/2020;2020_144_78;pelkästään;2
1348;144/2020;2020_144_78;olut;1
1348;144/2020;2020_144_78;vaan;1
1348;144/2020;2020_144_78;viini;1
1348;144/2020;2020_144_78;viina;1
1348;144/2020;2020_144_78;täysin;1
1348;144/2020;2020_144_78;kotiovi;2
1348;144/2020;2020_144_78;toimittaa;1
1348;144/2020;2020_144_78;tänään;1
1348;144/2020;2020_144_78;saada;5
1348;144/2020;2020_144_78;yritysuutinen;1
1348;144/2020;2020_144_78;joka;2
1348;144/2020;2020_144_78;mukaisesti;1
1348;144/2020;2020_144_78;alkoholiala;1
1348;144/2020;2020_144_78;yritys;1
1348;144/2020;2020_144_78;perustaa;1
1348;144/2020;2020_144_78;nettikauppa;1
1348;144/2020;2020_144_78;viro;3
1348;144/2020;2020_144_78;kestävä;1
1348;144/2020;2020_144_78;kehitys;1
1348;144/2020;2020_144_78;täältä;1
1348;144/2020;2020_144_78;ensin;1
1348;144/2020;2020_144_78;rahdata;1
1348;144/2020;2020_144_78;se;14
1348;144/2020;2020_144_78;tuote;1
1348;144/2020;2020_144_78;sinne;5
1348;144/2020;2020_144_78;jälkeen;3
1348;144/2020;2020_144_78;asiakas;4
1348;144/2020;2020_144_78;verotuotto;1
1348;144/2020;2020_144_78;valua;1
1348;144/2020;2020_144_78;maaperä;1
1348;144/2020;2020_144_78;sitten;2
1348;144/2020;2020_144_78;vaikka;2
1348;144/2020;2020_144_78;totta;1
1348;144/2020;2020_144_78;kai;1
1348;144/2020;2020_144_78;perusteltu;1
1348;144/2020;2020_144_78;tänne;1
1348;144/2020;2020_144_78;alkoholihaitta;1
1348;144/2020;2020_144_78;hoitaminen;1
1348;144/2020;2020_144_78;katsoa;1
1348;144/2020;2020_144_78;kyllä;1
1348;144/2020;2020_144_78;heinonen;1
1348;144/2020;2020_144_78;oma;1
1348;144/2020;2020_144_78;puheenvuoro;1
1348;144/2020;2020_144_78;eduskunta;1
1348;144/2020;2020_144_78;nyt;3
1348;144/2020;2020_144_78;ottaa;1
1348;144/2020;2020_144_78;pallo;1
1348;144/2020;2020_144_78;pois;1
1348;144/2020;2020_144_78;sosiaali;1
1348;144/2020;2020_144_78;terveysministeriö;1
1348;144/2020;2020_144_78;tehdä;1
1348;144/2020;2020_144_78;rohkea;1
1348;144/2020;2020_144_78;päätös;1
1348;144/2020;2020_144_78;muu;1
1348;144/2020;2020_144_78;puhuja;1
1348;144/2020;2020_144_78;lailla;1
1348;144/2020;2020_144_78;kannattaa;1
1348;144/2020;2020_144_78;järjestely;1
1348;144/2020;2020_144_78;ajaa;1
1348;144/2020;2020_144_78;pysyvä;1
1348;144/2020;2020_144_78;mutta;2
1348;144/2020;2020_144_78;määräaikainen;1
1348;144/2020;2020_144_78;esimerkiksi;2
1348;144/2020;2020_144_78;kaksi;1
1348;144/2020;2020_144_78;vuosi;1
1348;144/2020;2020_144_78;apu;1
1348;144/2020;2020_144_78;aito;1
1348;144/2020;2020_144_78;tieto;1
1348;144/2020;2020_144_78;vaikutus;3
1348;144/2020;2020_144_78;mikäli;2
1348;144/2020;2020_144_78;tällainen;2
1348;144/2020;2020_144_78;sallia;1
1348;144/2020;2020_144_78;väittää;1
1348;144/2020;2020_144_78;positiivinen;2
1348;144/2020;2020_144_78;negatiivinen;2
1348;144/2020;2020_144_78;tulla;1
1348;144/2020;2020_144_78;strand;1
1348;144/2020;2020_144_78;tuossa;1
1348;144/2020;2020_144_78;muistella;1
1348;144/2020;2020_144_78;kun;1
1348;144/2020;2020_144_78;viime;1
1348;144/2020;2020_144_78;kausi;1
1348;144/2020;2020_144_78;tiukka;1
1348;144/2020;2020_144_78;äänestys;1
1348;144/2020;2020_144_78;allekirjoittanut;1
1348;144/2020;2020_144_78;esittää;1
1348;144/2020;2020_144_78;juha;1
1348;144/2020;2020_144_78;pylvää;1
1348;144/2020;2020_144_78;tukea;1
1348;144/2020;2020_144_78;tuoda;1
1348;144/2020;2020_144_78;prosentti;2
1348;144/2020;2020_144_78;juoma;3
1348;144/2020;2020_144_78;päivittäistavarakauppa;1
1348;144/2020;2020_144_78;asiantuntija;1
1348;144/2020;2020_144_78;maalailla;1
1348;144/2020;2020_144_78;hirvittävä;1
1348;144/2020;2020_144_78;kauhukuva;1
1348;144/2020;2020_144_78;kuinka;1
1348;144/2020;2020_144_78;taivas;1
1348;144/2020;2020_144_78;pudota;1
1348;144/2020;2020_144_78;kansa;1
1348;144/2020;2020_144_78;alkoholisoitua;1
1348;144/2020;2020_144_78;järjestyshäiriö;1
1348;144/2020;2020_144_78;lisääntyä;1
1348;144/2020;2020_144_78;tosiasia;1
1348;144/2020;2020_144_78;kulutus;1
1348;144/2020;2020_144_78;jatkaa;1
1348;144/2020;2020_144_78;väheneminen;1
1348;144/2020;2020_144_78;haittavaikutus;1
1348;144/2020;2020_144_78;puhua;1
1348;144/2020;2020_144_78;esiintyä;1
1348;144/2020;2020_144_78;hyvä;2
1348;144/2020;2020_144_78;toivoa;2
1348;144/2020;2020_144_78;pohja;1
1348;144/2020;2020_144_78;laaja;1
1348;144/2020;2020_144_78;alkoholipoliittinen;1
1348;144/2020;2020_144_78;keskustelu;1
1348;144/2020;2020_144_78;maa;1
1348;144/2020;2020_144_78;todella;2
1348;144/2020;2020_144_78;regulaatio;1
1348;144/2020;2020_144_78;kanssa;2
1348;144/2020;2020_144_78;paljon;2
1348;144/2020;2020_144_78;tehtävä;1
1348;144/2020;2020_144_78;viikko;1
1348;144/2020;2020_144_78;huomata;1
1348;144/2020;2020_144_78;lähiravintola;1
1348;144/2020;2020_144_78;siellä;1
1348;144/2020;2020_144_78;aloittaa;1
1348;144/2020;2020_144_78;alkoholijuoma;1
1348;144/2020;2020_144_78;ulosmyynti;1
1348;144/2020;2020_144_78;alle;1
1348;144/2020;2020_144_78;myydä;1
1348;144/2020;2020_144_78;ulos;1
1348;144/2020;2020_144_78;koti;1
1348;144/2020;2020_144_78;ruoka;1
1348;144/2020;2020_144_78;ajatella;1
1348;144/2020;2020_144_78;käyttö;1
1348;144/2020;2020_144_78;sellainen;1
1348;144/2020;2020_144_78;ennen;2
1348;144/2020;2020_144_78;kello;3
1348;144/2020;2020_144_78;ostaa;3
1348;144/2020;2020_144_78;ravintola;3
1348;144/2020;2020_144_78;kuin;1
1348;144/2020;2020_144_78;säilyttää;1
1348;144/2020;2020_144_78;kylmä;1
1348;144/2020;2020_144_78;vaikkapa;1
1348;144/2020;2020_144_78;piikki;1
1348;144/2020;2020_144_78;saakka;1
1348;144/2020;2020_144_78;mukaan;1
1348;144/2020;2020_144_78;yhteiskunta;1
1348;144/2020;2020_144_78;perusrakenne;1
1348;144/2020;2020_144_78;vaara;1
1348;144/2020;2020_144_78;mennä;1
1348;144/2020;2020_144_78;ruokaolut;1
1348;144/2020;2020_144_78;matka;1
1348;144/2020;2020_144_78;koputtaa;1
1348;144/2020;2020_144_78;vielä;1
1348;144/2020;2020_144_78;reipas;1
1348;144/2020;2020_144_78;rapsakka;1
1348;144/2020;2020_144_78;käsittely;1
1348;151/2020;2020_151_86;arvoisa;1
1348;151/2020;2020_151_86;herra;1
1348;151/2020;2020_151_86;puhemies;1
1348;151/2020;2020_151_86;tosiaan;1
1348;151/2020;2020_151_86;kyse;1
1348;151/2020;2020_151_86;olla;17
1348;151/2020;2020_151_86;kertomus;1
1348;151/2020;2020_151_86;pohjoismaa;5
1348;151/2020;2020_151_86;neuvosto;2
1348;151/2020;2020_151_86;toiminta;1
1348;151/2020;2020_151_86;ääretön;1
1348;151/2020;2020_151_86;tärkeä;2
1348;151/2020;2020_151_86;ja;4
1348;151/2020;2020_151_86;tämä;6
1348;151/2020;2020_151_86;koronakriisi;1
1348;151/2020;2020_151_86;myös;1
1348;151/2020;2020_151_86;minä;10
1348;151/2020;2020_151_86;mieli;1
1348;151/2020;2020_151_86;osoittaa;2
1348;151/2020;2020_151_86;se;7
1348;151/2020;2020_151_86;kuinka;3
1348;151/2020;2020_151_86;pohjoismainen;1
1348;151/2020;2020_151_86;yhteistyö;3
1348;151/2020;2020_151_86;voida;1
1348;151/2020;2020_151_86;kaikki;1
1348;151/2020;2020_151_86;taso;1
1348;151/2020;2020_151_86;toivoa;2
1348;151/2020;2020_151_86;itse;2
1348;151/2020;2020_151_86;että;5
1348;151/2020;2020_151_86;seuraava;2
1348;151/2020;2020_151_86;vuosi;1
1348;151/2020;2020_151_86;jokin;1
1348;151/2020;2020_151_86;tapa;1
1348;151/2020;2020_151_86;kyetä;3
1348;151/2020;2020_151_86;tehdä;5
1348;151/2020;2020_151_86;tiivis;2
1348;151/2020;2020_151_86;ennen;1
1348;151/2020;2020_151_86;kaikkea;1
1348;151/2020;2020_151_86;suhteen;1
1348;151/2020;2020_151_86;torjua;1
1348;151/2020;2020_151_86;koronavirus;2
1348;151/2020;2020_151_86;koska;1
1348;151/2020;2020_151_86;ei;3
1348;151/2020;2020_151_86;niin;3
1348;151/2020;2020_151_86;esimerkiksi;1
1348;151/2020;2020_151_86;kotimaakunta;1
1348;151/2020;2020_151_86;lappi;1
1348;151/2020;2020_151_86;kyllä;2
1348;151/2020;2020_151_86;kärsiä;1
1348;151/2020;2020_151_86;aivan;1
1348;151/2020;2020_151_86;valtavasti;1
1348;151/2020;2020_151_86;kun;2
1348;151/2020;2020_151_86;raja;7
1348;151/2020;2020_151_86;joutua;3
1348;151/2020;2020_151_86;laittaa;1
1348;151/2020;2020_151_86;kiinni;1
1348;151/2020;2020_151_86;tottua;1
1348;151/2020;2020_151_86;yhtenäinen;2
1348;151/2020;2020_151_86;alue;3
1348;151/2020;2020_151_86;tornionjokilaakso;1
1348;151/2020;2020_151_86;pohjoinen;1
1348;151/2020;2020_151_86;norja;1
1348;151/2020;2020_151_86;vastainen;2
1348;151/2020;2020_151_86;siellä;2
1348;151/2020;2020_151_86;jos;1
1348;151/2020;2020_151_86;ihminen;1
1348;151/2020;2020_151_86;elää;1
1348;151/2020;2020_151_86;hän;1
1348;151/2020;2020_151_86;saattaa;1
1348;151/2020;2020_151_86;vaikea;1
1348;151/2020;2020_151_86;ymmärtää;1
1348;151/2020;2020_151_86;nyt;1
1348;151/2020;2020_151_86;kriisi;1
1348;151/2020;2020_151_86;kipeä;1
1348;151/2020;2020_151_86;mikäli;1
1348;151/2020;2020_151_86;sulkea;1
1348;151/2020;2020_151_86;perheyhteisö;1
1348;151/2020;2020_151_86;erottaa;1
1348;151/2020;2020_151_86;toinen;1
1348;151/2020;2020_151_86;rajakauppa;1
1348;151/2020;2020_151_86;tyrehtyä;1
1348;151/2020;2020_151_86;osa;1
1348;151/2020;2020_151_86;katsoa;1
1348;151/2020;2020_151_86;tulla;1
1348;151/2020;2020_151_86;yhdessä;1
1348;151/2020;2020_151_86;päättää;1
1348;151/2020;2020_151_86;millainen;1
1348;151/2020;2020_151_86;toimi;1
1348;151/2020;2020_151_86;torjuminen;1
1348;151/2020;2020_151_86;siten;1
1348;151/2020;2020_151_86;eurooppa;1
1348;151/2020;2020_151_86;koko;1
1348;151/2020;2020_151_86;maailma;1
1348;151/2020;2020_151_86;avoin;2
1348;151/2020;2020_151_86;säilyttää;1
1348;151/2020;2020_151_86;todella;1
1348;151/2020;2020_151_86;käsitellä;1
1348;151/2020;2020_151_86;kerran;1
1348;151/2020;2020_151_86;vuosikertomus;1
1348;151/2020;2020_151_86;asia;1
1348;151/2020;2020_151_86;nostaa;1
1348;151/2020;2020_151_86;keskiö;1
1348;151/2020;2020_151_86;tarvita;1
1348;151/2020;2020_151_86;eteen;1
1348;151/2020;2020_151_86;täytyä;1
1348;151/2020;2020_151_86;työ;1
1348;151/2020;2020_151_86;kamppailla;1
1348;151/2020;2020_151_149;arvoisa;2
1348;151/2020;2020_151_149;herra;1
1348;151/2020;2020_151_149;puhemies;2
1348;151/2020;2020_151_149;kuten;1
1348;151/2020;2020_151_149;edustaja;4
1348;151/2020;2020_151_149;mäkelä;1
1348;151/2020;2020_151_149;oma;1
1348;151/2020;2020_151_149;puheenvuoro;1
1348;151/2020;2020_151_149;viitata;1
1348;151/2020;2020_151_149;tuomarinohje;3
1348;151/2020;2020_151_149;täytyä;1
1348;151/2020;2020_151_149;itse;8
1348;151/2020;2020_151_149;se;16
1348;151/2020;2020_151_149;vielä;1
1348;151/2020;2020_151_149;toistaa;1
1348;151/2020;2020_151_149;mikä;2
1348;151/2020;2020_151_149;ei;15
1348;151/2020;2020_151_149;olla;26
1348;151/2020;2020_151_149;oikeus;4
1348;151/2020;2020_151_149;ja;13
1348;151/2020;2020_151_149;kohtuus;3
1348;151/2020;2020_151_149;saattaa;1
1348;151/2020;2020_151_149;laki;4
1348;151/2020;2020_151_149;tähden;1
1348;151/2020;2020_151_149;joka;9
1348;151/2020;2020_151_149;hyväksyä;1
1348;151/2020;2020_151_149;tosiaan;1
1348;151/2020;2020_151_149;tämä;21
1348;151/2020;2020_151_149;kyse;2
1348;151/2020;2020_151_149;olaus;1
1348;151/2020;2020_151_149;petr;1
1348;151/2020;2020_151_149;julkaista;1
1348;151/2020;2020_151_149;ensimmäinen;1
1348;151/2020;2020_151_149;kerran;1
1348;151/2020;2020_151_149;luku;1
1348;151/2020;2020_151_149;toivoa;3
1348;151/2020;2020_151_149;että;10
1348;151/2020;2020_151_149;soveltaa;1
1348;151/2020;2020_151_149;nykypäivä;1
1348;151/2020;2020_151_149;hivenen;1
1348;151/2020;2020_151_149;enemmän;1
1348;151/2020;2020_151_149;kuitenkaan;1
1348;151/2020;2020_151_149;käydä;2
1348;151/2020;2020_151_149;arvostella;1
1348;151/2020;2020_151_149;oikeuslaitos;1
1348;151/2020;2020_151_149;katsoa;5
1348;151/2020;2020_151_149;minä;2
1348;151/2020;2020_151_149;lainsäätäjä;1
1348;151/2020;2020_151_149;velvollisuus;1
1348;151/2020;2020_151_149;tehdä;2
1348;151/2020;2020_151_149;sellainen;2
1348;151/2020;2020_151_149;lainsäädäntö;1
1348;151/2020;2020_151_149;voida;3
1348;151/2020;2020_151_149;tulkita;1
1348;151/2020;2020_151_149;vastaisesti;1
1348;151/2020;2020_151_149;kopra;3
1348;151/2020;2020_151_149;lakialoite;1
1348;151/2020;2020_151_149;isyyslaki;4
1348;151/2020;2020_151_149;poistaminen;1
1348;151/2020;2020_151_149;sopia;1
1348;151/2020;2020_151_149;kyllä;5
1348;151/2020;2020_151_149;ohje;1
1348;151/2020;2020_151_149;erinomainen;2
1348;151/2020;2020_151_149;hyvin;3
1348;151/2020;2020_151_149;kannattaa;3
1348;151/2020;2020_151_149;aloite;4
1348;151/2020;2020_151_149;aivan;1
1348;151/2020;2020_151_149;täysillä;1
1348;151/2020;2020_151_149;nykyisellään;2
1348;151/2020;2020_151_149;huomioida;1
1348;151/2020;2020_151_149;isyys;6
1348;151/2020;2020_151_149;korjaaminen;4
1348;151/2020;2020_151_149;koskettaa;1
1348;151/2020;2020_151_149;pykälä;3
1348;151/2020;2020_151_149;aikamääre;1
1348;151/2020;2020_151_149;asettaa;1
1348;151/2020;2020_151_149;oikeuskäytäntö;1
1348;151/2020;2020_151_149;takia;1
1348;151/2020;2020_151_149;käytäntö;1
1348;151/2020;2020_151_149;ehdoton;1
1348;151/2020;2020_151_149;vaikka;2
1348;151/2020;2020_151_149;perustelu;2
1348;151/2020;2020_151_149;asiassa;5
1348;151/2020;2020_151_149;lukea;1
1348;151/2020;2020_151_149;toisin;1
1348;151/2020;2020_151_149;aiheuttaa;2
1348;151/2020;2020_151_149;kohtuuton;3
1348;151/2020;2020_151_149;tilanne;2
1348;151/2020;2020_151_149;niin;1
1348;151/2020;2020_151_149;kuin;1
1348;151/2020;2020_151_149;jokainen;1
1348;151/2020;2020_151_149;julkisuus;1
1348;151/2020;2020_151_149;havaita;1
1348;151/2020;2020_151_149;lapsi;7
1348;151/2020;2020_151_149;etu;3
1348;151/2020;2020_151_149;arvioida;3
1348;151/2020;2020_151_149;lainkaan;1
1348;151/2020;2020_151_149;jos;1
1348;151/2020;2020_151_149;kanne;2
1348;151/2020;2020_151_149;käsitellä;5
1348;151/2020;2020_151_149;paitsi;2
1348;151/2020;2020_151_149;myös;4
1348;151/2020;2020_151_149;sopimus;1
1348;151/2020;2020_151_149;vastainen;2
1348;151/2020;2020_151_149;siis;2
1348;151/2020;2020_151_149;tietoisesti;1
1348;151/2020;2020_151_149;väärä;1
1348;151/2020;2020_151_149;identiteetti;1
1348;151/2020;2020_151_149;epärehellinen;1
1348;151/2020;2020_151_149;lapsuus;1
1348;151/2020;2020_151_149;erittäin;2
1348;151/2020;2020_151_149;julma;2
1348;151/2020;2020_151_149;kohtaan;1
1348;151/2020;2020_151_149;kun;5
1348;151/2020;2020_151_149;juridinen;1
1348;151/2020;2020_151_149;isä;3
1348;151/2020;2020_151_149;tuomita;1
1348;151/2020;2020_151_149;mies;1
1348;151/2020;2020_151_149;biologinen;1
1348;151/2020;2020_151_149;sosiaalinen;1
1348;151/2020;2020_151_149;rikkoa;1
1348;151/2020;2020_151_149;hän;1
1348;151/2020;2020_151_149;yksityiselämä;1
1348;151/2020;2020_151_149;suoja;1
1348;151/2020;2020_151_149;näkemys;2
1348;151/2020;2020_151_149;mukaan;2
1348;151/2020;2020_151_149;perusoikeus;1
1348;151/2020;2020_151_149;korjata;1
1348;151/2020;2020_151_149;velvoittaa;1
1348;151/2020;2020_151_149;selvittää;1
1348;151/2020;2020_151_149;vuosi;1
1348;151/2020;2020_151_149;täyttää;2
1348;151/2020;2020_151_149;kovin;1
1348;151/2020;2020_151_149;kohtuullinen;1
1348;151/2020;2020_151_149;kuulostaa;2
1348;151/2020;2020_151_149;säätää;2
1348;151/2020;2020_151_149;ensisijaisesti;1
1348;151/2020;2020_151_149;suojeleminen;1
1348;151/2020;2020_151_149;koskea;1
1348;151/2020;2020_151_149;toimia;1
1348;151/2020;2020_151_149;pahimmillaan;1
1348;151/2020;2020_151_149;koko;1
1348;151/2020;2020_151_149;periaate;1
1348;151/2020;2020_151_149;vastaan;1
1348;151/2020;2020_151_149;täysin;1
1348;151/2020;2020_151_149;turhaan;1
1348;151/2020;2020_151_149;esimerkiksi;1
1348;151/2020;2020_151_149;norja;1
1348;151/2020;2020_151_149;aikaraja;2
1348;151/2020;2020_151_149;norjalainen;1
1348;151/2020;2020_151_149;yhteiskunta;1
1348;151/2020;2020_151_149;kestää;1
1348;151/2020;2020_151_149;varsin;1
1348;151/2020;2020_151_149;mainita;1
1348;151/2020;2020_151_149;tuoda;1
1348;151/2020;2020_151_149;mikään;2
1348;151/2020;2020_151_149;lisäarvo;1
1348;151/2020;2020_151_149;käräjäoikeus;1
1348;151/2020;2020_151_149;joutua;3
1348;151/2020;2020_151_149;kansi;1
1348;151/2020;2020_151_149;kumoaminen;1
1348;151/2020;2020_151_149;aina;1
1348;151/2020;2020_151_149;samalla;1
1348;151/2020;2020_151_149;kaikki;1
1348;151/2020;2020_151_149;mukainen;1
1348;151/2020;2020_151_149;siinä;1
1348;151/2020;2020_151_149;sivussa;1
1348;151/2020;2020_151_149;ihmisoikeusvelvoite;1
1348;151/2020;2020_151_149;suomi;1
1348;151/2020;2020_151_149;sitoutua;1
1348;151/2020;2020_151_149;liittyä;1
1348;151/2020;2020_151_149;tulla;1
1348;151/2020;2020_151_149;tietysti;2
1348;151/2020;2020_151_149;poistua;1
1348;151/2020;2020_151_149;nyt;1
1348;151/2020;2020_151_149;vanhemmuuslaki;4
1348;151/2020;2020_151_149;myötä;1
1348;151/2020;2020_151_149;hallitus;1
1348;151/2020;2020_151_149;päättää;1
1348;151/2020;2020_151_149;käsittely;1
1348;151/2020;2020_151_149;perustella;1
1348;151/2020;2020_151_149;valiokunta;3
1348;151/2020;2020_151_149;paketoida;1
1348;151/2020;2020_151_149;viimeistään;1
1348;151/2020;2020_151_149;vaihe;2
1348;151/2020;2020_151_149;sinne;1
1348;151/2020;2020_151_149;saapua;2
1348;151/2020;2020_151_149;sama;1
1348;151/2020;2020_151_149;yhteys;1
1348;151/2020;2020_151_149;läpi;1
1348;151/2020;2020_151_149;nimittäin;1
1348;151/2020;2020_151_149;yksittäinen;1
1348;151/2020;2020_151_149;turha;1
1348;151/2020;2020_151_149;tarpeeton;1
1348;151/2020;2020_151_149;inhimillinen;1
1348;151/2020;2020_151_149;kärsimys;1
1348;151/2020;2020_151_149;päivä;1
1348;151/2020;2020_151_149;toki;1
1348;151/2020;2020_151_149;odottaminen;1
1348;151/2020;2020_151_149;viivyttely;1
1348;151/2020;2020_151_149;asia;1
1348;151/2020;2020_151_149;aikaisemmin;1
1348;151/2020;2020_151_149;mutta;2
1348;151/2020;2020_151_149;realismi;1
1348;151/2020;2020_151_149;sanoa;1
1348;151/2020;2020_151_149;todeta;1
1348;151/2020;2020_151_149;haluta;1
1348;151/2020;2020_151_149;kiittää;1
1348;151/2020;2020_151_149;tekeminen;1
1348;151/2020;2020_151_149;saada;1
1348;151/2020;2020_151_149;kannatus;1
1348;151/2020;2020_151_149;yli;1
1348;151/2020;2020_151_149;puolueraja;1
1348;151/2020;2020_151_171;herra;1
1348;151/2020;2020_151_171;puhemies;1
1348;151/2020;2020_151_171;kiittää;1
1348;151/2020;2020_151_171;edustaja;4
1348;151/2020;2020_151_171;elomaa;2
1348;151/2020;2020_151_171;tämä;10
1348;151/2020;2020_151_171;erinomainen;1
1348;151/2020;2020_151_171;aloite;3
1348;151/2020;2020_151_171;ja;6
1348;151/2020;2020_151_171;itse;3
1348;151/2020;2020_151_171;asiassa;1
1348;151/2020;2020_151_171;sääli;1
1348;151/2020;2020_151_171;kun;3
1348;151/2020;2020_151_171;minä;2
1348;151/2020;2020_151_171;olla;13
1348;151/2020;2020_151_171;korona-aika;1
1348;151/2020;2020_151_171;päällä;1
1348;151/2020;2020_151_171;luulla;1
1348;151/2020;2020_151_171;kyllä;3
1348;151/2020;2020_151_171;että;10
1348;151/2020;2020_151_171;mikäli;4
1348;151/2020;2020_151_171;vielä;2
1348;151/2020;2020_151_171;panostaa;1
1348;151/2020;2020_151_171;nimi;2
1348;151/2020;2020_151_171;kerääminen;1
1348;151/2020;2020_151_171;niin;5
1348;151/2020;2020_151_171;varmasti;1
1348;151/2020;2020_151_171;saada;4
1348;151/2020;2020_151_171;se;6
1348;151/2020;2020_151_171;sata;1
1348;151/2020;2020_151_171;helposti;1
1348;151/2020;2020_151_171;kerätä;1
1348;151/2020;2020_151_171;aivan;1
1348;151/2020;2020_151_171;totta;2
1348;151/2020;2020_151_171;vakava;1
1348;151/2020;2020_151_171;ongelma;1
1348;151/2020;2020_151_171;eläintenpitokielto;2
1348;151/2020;2020_151_171;rikkominen;1
1348;151/2020;2020_151_171;voida;1
1348;151/2020;2020_151_171;ainoastaan;1
1348;151/2020;2020_151_171;sakkorangaistus;1
1348;151/2020;2020_151_171;viranomainen;1
1348;151/2020;2020_151_171;ei;4
1348;151/2020;2020_151_171;kyetä;2
1348;151/2020;2020_151_171;valvoa;2
1348;151/2020;2020_151_171;tilanne;3
1348;151/2020;2020_151_171;hetki;1
1348;151/2020;2020_151_171;katsoa;2
1348;151/2020;2020_151_171;yhteiskunta;1
1348;151/2020;2020_151_171;määrätä;2
1348;151/2020;2020_151_171;tuomita;1
1348;151/2020;2020_151_171;henkilö;2
1348;151/2020;2020_151_171;tällainen;4
1348;151/2020;2020_151_171;rangaistus;1
1348;151/2020;2020_151_171;hän;1
1348;151/2020;2020_151_171;eläin;1
1348;151/2020;2020_151_171;pitää;3
1348;151/2020;2020_151_171;kai;1
1348;151/2020;2020_151_171;kielto;2
1348;151/2020;2020_151_171;tulla;1
1348;151/2020;2020_151_171;rikkoa;1
1348;151/2020;2020_151_171;täytyä;1
1348;151/2020;2020_151_171;myös;1
1348;151/2020;2020_151_171;seurata;1
1348;151/2020;2020_151_171;riittävä;1
1348;151/2020;2020_151_171;sanktio;1
1348;151/2020;2020_151_171;erittäin;1
1348;151/2020;2020_151_171;perusteltu;1
1348;151/2020;2020_151_171;järkevä;1
1348;151/2020;2020_151_171;mäenpää;2
1348;151/2020;2020_151_171;haluta;1
1348;151/2020;2020_151_171;huomauttaa;1
1348;151/2020;2020_151_171;nostaa;1
1348;151/2020;2020_151_171;esille;1
1348;151/2020;2020_151_171;maaseutumedia;2
1348;151/2020;2020_151_171;juttu;1
1348;151/2020;2020_151_171;usko;1
1348;151/2020;2020_151_171;suomi;2
1348;151/2020;2020_151_171;maailma;1
1348;151/2020;2020_151_171;hyvä;1
1348;151/2020;2020_151_171;eläinlääkäri;1
1348;151/2020;2020_151_171;jokin;1
1348;151/2020;2020_151_171;karjatilallinen;1
1348;151/2020;2020_151_171;karja;1
1348;151/2020;2020_151_171;viedä;1
1348;151/2020;2020_151_171;kyse;1
1348;151/2020;2020_151_171;joka;3
1348;151/2020;2020_151_171;toistuva;1
1348;151/2020;2020_151_171;rikkomus;1
1348;151/2020;2020_151_171;todella;1
1348;151/2020;2020_151_171;pitkä;1
1348;151/2020;2020_151_171;aikajakso;1
1348;151/2020;2020_151_171;aika;2
1348;151/2020;2020_151_171;täysin;1
1348;151/2020;2020_151_171;perustella;2
1348;151/2020;2020_151_171;päätös;1
1348;151/2020;2020_151_171;joutua;1
1348;151/2020;2020_151_171;ihan;1
1348;151/2020;2020_151_171;oikeus;1
1348;151/2020;2020_151_171;myöten;1
1348;151/2020;2020_151_171;eli;1
1348;151/2020;2020_151_171;toivoa;2
1348;151/2020;2020_151_171;osa;1
1348;151/2020;2020_151_171;muuten;1
1348;151/2020;2020_151_171;julkinen;1
1348;151/2020;2020_151_171;sana;1
1348;151/2020;2020_151_171;neuvosto;1
1348;151/2020;2020_151_171;jäsen;1
1348;151/2020;2020_151_171;vähän;1
1348;151/2020;2020_151_171;laajasti;1
1348;151/2020;2020_151_171;kokonaisuus;1
1348;151/2020;2020_151_171;uskoa;1
1348;151/2020;2020_151_171;karpomainen;1
1348;151/2020;2020_151_171;uutisointi;1
1348;151/2020;2020_151_171;kertoa;1
1348;151/2020;2020_151_171;vain;1
1348;151/2020;2020_151_171;yksi;1
1348;151/2020;2020_151_171;näkökulma;1
1348;151/2020;2020_151_171;miten;1
1348;151/2020;2020_151_171;päätyä;1
1348;151/2020;2020_151_171;kiitos;1
1348;151/2020;2020_151_171;asianmukainen;1
1348;151/2020;2020_151_171;käsittely;1
1348;151/2020;2020_151_171;sitten;1
1348;151/2020;2020_151_176;arvoisa;3
1348;151/2020;2020_151_176;herra;2
1348;151/2020;2020_151_176;puhemies;3
1348;151/2020;2020_151_176;helsinki;5
1348;151/2020;2020_151_176;sanoma;5
1348;151/2020;2020_151_176;julkaista;1
1348;151/2020;2020_151_176;printtilehti;1
1348;151/2020;2020_151_176;kiina;4
1348;151/2020;2020_151_176;kansantasavalta;2
1348;151/2020;2020_151_176;maksaa;1
1348;151/2020;2020_151_176;mainos;4
1348;151/2020;2020_151_176;tämä;8
1348;151/2020;2020_151_176;valtio;3
1348;151/2020;2020_151_176;levittää;1
1348;151/2020;2020_151_176;selkeästi;1
1348;151/2020;2020_151_176;todentaa;1
1348;151/2020;2020_151_176;disinformaatio;1
1348;151/2020;2020_151_176;hongkong;3
1348;151/2020;2020_151_176;tilanne;3
1348;151/2020;2020_151_176;ja;11
1348;151/2020;2020_151_176;väkivaltaisuus;1
1348;151/2020;2020_151_176;väittää;1
1348;151/2020;2020_151_176;että;7
1348;151/2020;2020_151_176;pyrkiä;1
1348;151/2020;2020_151_176;ratkaista;1
1348;151/2020;2020_151_176;väkivallattomasti;1
1348;151/2020;2020_151_176;vaikka;1
1348;151/2020;2020_151_176;samainen;1
1348;151/2020;2020_151_176;päivä;1
1348;151/2020;2020_151_176;poliisi;1
1348;151/2020;2020_151_176;käyttää;3
1348;151/2020;2020_151_176;kumiluoti;1
1348;151/2020;2020_151_176;kyynelkaasu;1
1348;151/2020;2020_151_176;vesitykki;1
1348;151/2020;2020_151_176;mielenosoittaja;1
1348;151/2020;2020_151_176;vastaan;1
1348;151/2020;2020_151_176;erityinen;1
1348;151/2020;2020_151_176;korni;1
1348;151/2020;2020_151_176;tehdä;1
1348;151/2020;2020_151_176;se;3
1348;151/2020;2020_151_176;samalla;1
1348;151/2020;2020_151_176;ohjaus;1
1348;151/2020;2020_151_176;olla;20
1348;151/2020;2020_151_176;poliisivoima;1
1348;151/2020;2020_151_176;pahoinpidellä;1
1348;151/2020;2020_151_176;myös;3
1348;151/2020;2020_151_176;media;4
1348;151/2020;2020_151_176;edustaja;3
1348;151/2020;2020_151_176;tuo;2
1348;151/2020;2020_151_176;alue;1
1348;151/2020;2020_151_176;vastaava;1
1348;151/2020;2020_151_176;päätoimittaja;1
1348;151/2020;2020_151_176;kaius;1
1348;151/2020;2020_151_176;niemi;1
1348;151/2020;2020_151_176;puolustaa;1
1348;151/2020;2020_151_176;julkaisu;2
1348;151/2020;2020_151_176;vedota;1
1348;151/2020;2020_151_176;tarkemmin;1
1348;151/2020;2020_151_176;määritellä;2
1348;151/2020;2020_151_176;mainonta;2
1348;151/2020;2020_151_176;sananvapaus;2
1348;151/2020;2020_151_176;sekä;1
1348;151/2020;2020_151_176;kauppakamari;1
1348;151/2020;2020_151_176;eettinen;1
1348;151/2020;2020_151_176;neuvosto;1
1348;151/2020;2020_151_176;ohje;1
1348;151/2020;2020_151_176;joka;5
1348;151/2020;2020_151_176;ei;3
1348;151/2020;2020_151_176;mikään;1
1348;151/2020;2020_151_176;tekeminen;1
1348;151/2020;2020_151_176;kaupallinen;1
1348;151/2020;2020_151_176;oma;2
1348;151/2020;2020_151_176;harkintakyky;1
1348;151/2020;2020_151_176;liiketoimintapäätös;1
1348;151/2020;2020_151_176;tai;3
1348;151/2020;2020_151_176;vieras;3
1348;151/2020;2020_151_176;poliittinen;2
1348;151/2020;2020_151_176;propaganda;1
1348;151/2020;2020_151_176;kanssa;1
1348;151/2020;2020_151_176;linjaus;1
1348;151/2020;2020_151_176;mieli;4
1348;151/2020;2020_151_176;huolestuttava;1
1348;151/2020;2020_151_176;sillä;1
1348;151/2020;2020_151_176;täällä;2
1348;151/2020;2020_151_176;suomi;4
1348;151/2020;2020_151_176;puhua;3
1348;151/2020;2020_151_176;vuosikausi;1
1348;151/2020;2020_151_176;venäjä;1
1348;151/2020;2020_151_176;mahdollinen;1
1348;151/2020;2020_151_176;informaatio;2
1348;151/2020;2020_151_176;hybridivaikuttaminen;2
1348;151/2020;2020_151_176;erittäin;1
1348;151/2020;2020_151_176;hämmentävä;1
1348;151/2020;2020_151_176;ensimmäinen;1
1348;151/2020;2020_151_176;joukkotiedotusväline;5
1348;151/2020;2020_151_176;tapahtua;1
1348;151/2020;2020_151_176;hybridioperaatio;1
1348;151/2020;2020_151_176;toteuttaa;1
1348;151/2020;2020_151_176;toimi;1
1348;151/2020;2020_151_176;vielä;2
1348;151/2020;2020_151_176;maa;2
1348;151/2020;2020_151_176;suuri;1
1348;151/2020;2020_151_176;päivälehti;1
1348;151/2020;2020_151_176;mikäli;2
1348;151/2020;2020_151_176;kynnys;2
1348;151/2020;2020_151_176;lähteä;1
1348;151/2020;2020_151_176;mukaan;1
1348;151/2020;2020_151_176;tällainen;3
1348;151/2020;2020_151_176;operaatio;1
1348;151/2020;2020_151_176;näin;1
1348;151/2020;2020_151_176;matala;2
1348;151/2020;2020_151_176;millainen;1
1348;151/2020;2020_151_176;sitten;1
1348;151/2020;2020_151_176;voida;5
1348;151/2020;2020_151_176;muu;1
1348;151/2020;2020_151_176;pahimmillaan;1
1348;151/2020;2020_151_176;hyvin;1
1348;151/2020;2020_151_176;pikkuhiljaa;1
1348;151/2020;2020_151_176;havahtua;1
1348;151/2020;2020_151_176;varautua;1
1348;151/2020;2020_151_176;erilainen;1
1348;151/2020;2020_151_176;osoittaa;1
1348;151/2020;2020_151_176;sosiaalinen;1
1348;151/2020;2020_151_176;reaktio;1
1348;151/2020;2020_151_176;kuitenkin;1
1348;151/2020;2020_151_176;selvä;1
1348;151/2020;2020_151_176;tapaus;1
1348;151/2020;2020_151_176;myötä;1
1348;151/2020;2020_151_176;minä;4
1348;151/2020;2020_151_176;tarve;1
1348;151/2020;2020_151_176;lainsäädäntö;1
1348;151/2020;2020_151_176;kriminalisoida;1
1348;151/2020;2020_151_176;toiminta;1
1348;151/2020;2020_151_176;luokitella;1
1348;151/2020;2020_151_176;vara;1
1348;151/2020;2020_151_176;mikä;2
1348;151/2020;2020_151_176;tahansa;2
1348;151/2020;2020_151_176;valta;1
1348;151/2020;2020_151_176;saada;1
1348;151/2020;2020_151_176;propagandaviesti;1
1348;151/2020;2020_151_176;jauhaa;1
1348;151/2020;2020_151_176;kyse;1
1348;151/2020;2020_151_176;kansallinen;1
1348;151/2020;2020_151_176;turvallisuus;1
1348;151/2020;2020_151_176;kansalainen;1
1348;151/2020;2020_151_176;luottamus;1
1348;151/2020;2020_151_176;puolueettomuus;1
1348;151/2020;2020_151_176;peruste;1
1348;151/2020;2020_151_176;lakialoite;2
1348;151/2020;2020_151_176;esittää;1
1348;151/2020;2020_151_176;rikoslaki;1
1348;151/2020;2020_151_176;luku;1
1348;151/2020;2020_151_176;muuttaa;1
1348;151/2020;2020_151_176;siten;1
1348;151/2020;2020_151_176;maanpetosrikos;1
1348;151/2020;2020_151_176;alle;1
1348;151/2020;2020_151_176;lisätä;1
1348;151/2020;2020_151_176;pykälä;1
1348;151/2020;2020_151_176;harhaanjohtava;1
1348;151/2020;2020_151_176;tieto;1
1348;151/2020;2020_151_176;levittäminen;1
1348;151/2020;2020_151_176;toimeksianto;1
1348;151/2020;2020_151_176;rikos;1
1348;151/2020;2020_151_176;tuomita;1
1348;151/2020;2020_151_176;sakko;1
1348;151/2020;2020_151_176;vankeus;1
1348;151/2020;2020_151_176;enintään;1
1348;151/2020;2020_151_176;kaksi;1
1348;151/2020;2020_151_176;vuosi;1
1348;151/2020;2020_151_176;yritys;1
1348;151/2020;2020_151_176;rangaistava;1
1348;151/2020;2020_151_176;esittely;1
1348;151/2020;2020_151_176;jälkeen;1
1348;151/2020;2020_151_176;haluta;2
1348;151/2020;2020_151_176;nyt;1
1348;151/2020;2020_151_176;sanoa;1
1348;151/2020;2020_151_176;kollega;2
1348;151/2020;2020_151_176;sali;2
1348;151/2020;2020_151_176;kiittää;1
1348;151/2020;2020_151_176;laiho;1
1348;151/2020;2020_151_176;esimerkki;1
1348;151/2020;2020_151_176;sinä;2
1348;151/2020;2020_151_176;antaa;1
1348;151/2020;2020_151_176;pönttö;2
1348;151/2020;2020_151_176;maski;4
1348;151/2020;2020_151_176;päällä;2
1348;151/2020;2020_151_176;itse;2
1348;151/2020;2020_151_176;aikoa;1
1348;151/2020;2020_151_176;täältä;1
1348;151/2020;2020_151_176;tulevaisuus;1
1348;151/2020;2020_151_176;katsoa;1
1348;151/2020;2020_151_176;niin;2
1348;151/2020;2020_151_176;kaikki;1
1348;151/2020;2020_151_176;tärkeä;1
1348;151/2020;2020_151_176;asia;1
1348;151/2020;2020_151_176;työpaikka;1
1348;151/2020;2020_151_176;työturvallisuus;1
1348;151/2020;2020_151_176;vastuu;2
1348;151/2020;2020_151_176;terveys;1
1348;151/2020;2020_151_176;vahvistaa;1
1348;151/2020;2020_151_176;joku;1
1348;151/2020;2020_151_176;muka;1
1348;151/2020;2020_151_176;kyetä;1
1348;151/2020;2020_151_176;visiiri;1
1348;151/2020;2020_151_176;kannattaa;1
1348;151/2020;2020_151_176;pysyä;1
1348;151/2020;2020_151_176;poissa;1
1348;151/2020;2020_151_176;kiitos;1
1348;151/2020;2020_151_190;arvoisa;2
1348;151/2020;2020_151_190;herra;1
1348;151/2020;2020_151_190;puhemies;2
1348;151/2020;2020_151_190;kiitos;2
1348;151/2020;2020_151_190;edustaja;5
1348;151/2020;2020_151_190;salonen;1
1348;151/2020;2020_151_190;erittäin;1
1348;151/2020;2020_151_190;tärkeä;1
1348;151/2020;2020_151_190;asia;2
1348;151/2020;2020_151_190;esille;1
1348;151/2020;2020_151_190;nostaminen;1
1348;151/2020;2020_151_190;katsoa;2
1348;151/2020;2020_151_190;samoin;1
1348;151/2020;2020_151_190;kuin;2
1348;151/2020;2020_151_190;sinä;2
1348;151/2020;2020_151_190;että;10
1348;151/2020;2020_151_190;merimetso;2
1348;151/2020;2020_151_190;olla;22
1348;151/2020;2020_151_190;jo;2
1348;151/2020;2020_151_190;nykyisellään;1
1348;151/2020;2020_151_190;sellainen;3
1348;151/2020;2020_151_190;haittaeläin;3
1348;151/2020;2020_151_190;jokin;5
1348;151/2020;2020_151_190;tarvita;2
1348;151/2020;2020_151_190;tehdä;9
1348;151/2020;2020_151_190;valitettavasti;2
1348;151/2020;2020_151_190;kuitenkin;1
1348;151/2020;2020_151_190;niin;3
1348;151/2020;2020_151_190;tämä;16
1348;151/2020;2020_151_190;riistalaji;2
1348;151/2020;2020_151_190;siirtäminen;1
1348;151/2020;2020_151_190;ei;4
1348;151/2020;2020_151_190;ratkaista;1
1348;151/2020;2020_151_190;se;13
1348;151/2020;2020_151_190;itse;2
1348;151/2020;2020_151_190;ongelma;5
1348;151/2020;2020_151_190;joka;4
1348;151/2020;2020_151_190;tulla;2
1348;151/2020;2020_151_190;eu;2
1348;151/2020;2020_151_190;ja;17
1348;151/2020;2020_151_190;lintudirektiivi;1
1348;151/2020;2020_151_190;kuten;3
1348;151/2020;2020_151_190;jokainen;1
1348;151/2020;2020_151_190;sali;1
1348;151/2020;2020_151_190;voida;4
1348;151/2020;2020_151_190;lukea;2
1348;151/2020;2020_151_190;kehottaa;1
1348;151/2020;2020_151_190;erityisesti;1
1348;151/2020;2020_151_190;vestman;3
1348;151/2020;2020_151_190;siellä;3
1348;151/2020;2020_151_190;riistaeläin;1
1348;151/2020;2020_151_190;lista;1
1348;151/2020;2020_151_190;susi;2
1348;151/2020;2020_151_190;ahma;3
1348;151/2020;2020_151_190;huolimatta;1
1348;151/2020;2020_151_190;minä;8
1348;151/2020;2020_151_190;käydä;2
1348;151/2020;2020_151_190;jatkuvasti;1
1348;151/2020;2020_151_190;susikeskustelu;1
1348;151/2020;2020_151_190;pohjoinen;1
1348;151/2020;2020_151_190;keskustelu;2
1348;151/2020;2020_151_190;mutta;2
1348;151/2020;2020_151_190;tietenkään;1
1348;151/2020;2020_151_190;tumppu;1
1348;151/2020;2020_151_190;pudota;1
1348;151/2020;2020_151_190;vaan;1
1348;151/2020;2020_151_190;täytyä;5
1348;151/2020;2020_151_190;kansallisesti;1
1348;151/2020;2020_151_190;asiassa;1
1348;151/2020;2020_151_190;hyvin;1
1348;151/2020;2020_151_190;sääli;1
1348;151/2020;2020_151_190;laiho;1
1348;151/2020;2020_151_190;nyt;1
1348;151/2020;2020_151_190;poistua;1
1348;151/2020;2020_151_190;hän;1
1348;151/2020;2020_151_190;moittia;1
1348;151/2020;2020_151_190;myös;4
1348;151/2020;2020_151_190;valkoposkihanhi;3
1348;151/2020;2020_151_190;siirtää;1
1348;151/2020;2020_151_190;käynnistää;1
1348;151/2020;2020_151_190;suojametsästys;1
1348;151/2020;2020_151_190;viro;2
1348;151/2020;2020_151_190;ruotsi;2
1348;151/2020;2020_151_190;no;2
1348;151/2020;2020_151_190;näin;2
1348;151/2020;2020_151_190;suomi;2
1348;151/2020;2020_151_190;juuri;1
1348;151/2020;2020_151_190;myöntää;1
1348;151/2020;2020_151_190;enemmän;1
1348;151/2020;2020_151_190;lupa;4
1348;151/2020;2020_151_190;tappaminen;1
1348;151/2020;2020_151_190;poistaminen;1
1348;151/2020;2020_151_190;toivoa;2
1348;151/2020;2020_151_190;tapa;2
1348;151/2020;2020_151_190;suhteellisuus;1
1348;151/2020;2020_151_190;realismi;1
1348;151/2020;2020_151_190;populismi;1
1348;151/2020;2020_151_190;heikki;1
1348;151/2020;2020_151_190;kuinka;2
1348;151/2020;2020_151_190;moni;3
1348;151/2020;2020_151_190;lintu;1
1348;151/2020;2020_151_190;kaataa;1
1348;151/2020;2020_151_190;kyetä;3
1348;151/2020;2020_151_190;vastata;1
1348;151/2020;2020_151_190;jälkeen;2
1348;151/2020;2020_151_190;kunhan;1
1348;151/2020;2020_151_190;käyttää;1
1348;151/2020;2020_151_190;tarkka;1
1348;151/2020;2020_151_190;tieto;1
1348;151/2020;2020_151_190;varmaan;1
1348;151/2020;2020_151_190;kirjallinen;1
1348;151/2020;2020_151_190;kysymys;1
1348;151/2020;2020_151_190;aihe;1
1348;151/2020;2020_151_190;mikäli;1
1348;151/2020;2020_151_190;haluta;1
1348;151/2020;2020_151_190;saada;1
1348;151/2020;2020_151_190;varmasti;1
1348;151/2020;2020_151_190;ministeriö;1
1348;151/2020;2020_151_190;sitten;2
1348;151/2020;2020_151_190;vastaus;1
1348;151/2020;2020_151_190;kiistatta;1
1348;151/2020;2020_151_190;taso;2
1348;151/2020;2020_151_190;kalastaja;1
1348;151/2020;2020_151_190;saaristo;1
1348;151/2020;2020_151_190;siisteys;1
1348;151/2020;2020_151_190;yleinen;1
1348;151/2020;2020_151_190;viihtyvyys;1
1348;151/2020;2020_151_190;muu;1
1348;151/2020;2020_151_190;laji;2
1348;151/2020;2020_151_190;jousi;1
1348;151/2020;2020_151_190;talitintti;1
1348;151/2020;2020_151_190;tuolla;1
1348;151/2020;2020_151_190;lappi;1
1348;151/2020;2020_151_190;hyökätä;1
1348;151/2020;2020_151_190;hetki;2
1348;151/2020;2020_151_190;oppia;1
1348;151/2020;2020_151_190;käyttäytyminen;1
1348;151/2020;2020_151_190;mennä;1
1348;151/2020;2020_151_190;navetta;1
1348;151/2020;2020_151_190;nokkia;1
1348;151/2020;2020_151_190;lehmä;1
1348;151/2020;2020_151_190;vedin;1
1348;151/2020;2020_151_190;aiheuttaa;1
1348;151/2020;2020_151_190;satatuhatta;1
1348;151/2020;2020_151_190;menetys;1
1348;151/2020;2020_151_190;viljelijä;1
1348;151/2020;2020_151_190;jotenkin;1
1348;151/2020;2020_151_190;täällä;1
1348;151/2020;2020_151_190;puuttua;1
1348;151/2020;2020_151_190;tällainen;3
1348;151/2020;2020_151_190;toiminta;1
1348;151/2020;2020_151_190;ehkä;1
1348;151/2020;2020_151_190;hivenen;1
1348;151/2020;2020_151_190;leikkimielisesti;1
1348;151/2020;2020_151_190;kysyä;1
1348;151/2020;2020_151_190;maa;1
1348;151/2020;2020_151_190;joku;1
1348;151/2020;2020_151_190;rauhoittaa;1
1348;151/2020;2020_151_190;virasto;1
1348;151/2020;2020_151_190;ryhtyä;1
1348;151/2020;2020_151_190;aktiivisesti;1
1348;151/2020;2020_151_190;hakea;1
1348;151/2020;2020_151_190;eläin;1
1348;151/2020;2020_151_190;poisto;2
1348;151/2020;2020_151_190;viranomaistoimi;1
1348;151/2020;2020_151_190;poistaa;2
1348;151/2020;2020_151_190;koska;1
1348;151/2020;2020_151_190;poikkeuslupa;1
1348;151/2020;2020_151_190;hakeminen;1
1348;151/2020;2020_151_190;jäädä;1
1348;151/2020;2020_151_190;yksittäinen;1
1348;151/2020;2020_151_190;yrittäjä;1
1348;151/2020;2020_151_190;metsästysseura;1
1348;151/2020;2020_151_190;asukas;1
1348;151/2020;2020_151_190;vastuu;1
1348;151/2020;2020_151_190;pitää;1
1348;151/2020;2020_151_190;valtio;3
1348;151/2020;2020_151_190;toimia;1
1348;151/2020;2020_151_190;esimerkki;1
1348;151/2020;2020_151_190;mukana;1
1348;151/2020;2020_151_190;peta;1
1348;151/2020;2020_151_190;esimerkiksi;1
1348;151/2020;2020_151_190;norja;2
1348;151/2020;2020_151_190;säännellä;1
1348;151/2020;2020_151_190;ahmakanta;2
1348;151/2020;2020_151_190;palkata;1
1348;151/2020;2020_151_190;ammattimetsästäjä;1
1348;151/2020;2020_151_190;helikopteri;1
1348;151/2020;2020_151_190;ilma;1
1348;151/2020;2020_151_190;mikä;1
1348;151/2020;2020_151_190;päättää;1
1348;151/2020;2020_151_190;tämäntyyppinen;1
1348;151/2020;2020_151_190;suojametsästyskäytäntö;1
1348;151/2020;2020_151_190;mieli;1
1348;151/2020;2020_151_190;pyrkiä;1
1348;151/2020;2020_151_190;ratkaiseminen;1
1348;151/2020;2020_151_190;vaatia;1
1348;151/2020;2020_151_190;ennen;1
1348;151/2020;2020_151_190;kaikkea;1
1348;151/2020;2020_151_190;tiukka;1
1348;151/2020;2020_151_190;eu-politiikka;1
1348;151/2020;2020_151_190;vaikka;1
1348;151/2020;2020_151_190;tiukasti;2
1348;151/2020;2020_151_190;unioni;1
1348;151/2020;2020_151_190;puolustaja;1
1348;151/2020;2020_151_190;kyllä;2
1348;151/2020;2020_151_190;kun;1
1348;151/2020;2020_151_190;puhua;1
1348;151/2020;2020_151_190;kansallinen;3
1348;151/2020;2020_151_190;metsästyspolitiikka;1
1348;151/2020;2020_151_190;suojella;1
1348;151/2020;2020_151_190;päätäntävalta;1
1348;151/2020;2020_151_190;tietää;1
1348;151/2020;2020_151_190;eteen;1
1348;151/2020;2020_151_190;hallitus;1
1348;151/2020;2020_151_190;kova;1
1348;151/2020;2020_151_190;työ;1
1348;151/2020;2020_151_190;eu-pöytä;1
1348;151/2020;2020_151_190;todella;1
1348;151/2020;2020_151_190;haittaeläinlaji;1
1348;151/2020;2020_151_190;osa;1
1348;151/2020;2020_151_190;luontodirektiivi;1
1348;151/2020;2020_151_190;muuttaa;1
1348;151/2020;2020_151_190;siten;1
1348;151/2020;2020_151_190;päästä;1
1348;151/2020;2020_151_190;sääntely;1
1348;14/2021;2021_14_227;arvoisa;1
1348;14/2021;2021_14_227;herra;1
1348;14/2021;2021_14_227;puhemies;1
1348;14/2021;2021_14_227;tämä;8
1348;14/2021;2021_14_227;nyt;1
1348;14/2021;2021_14_227;käsittely;1
1348;14/2021;2021_14_227;olla;12
1348;14/2021;2021_14_227;esitys;1
1348;14/2021;2021_14_227;tavoite;1
1348;14/2021;2021_14_227;varmistaa;1
1348;14/2021;2021_14_227;maa;1
1348;14/2021;2021_14_227;ja;5
1348;14/2021;2021_14_227;porotalous;3
1348;14/2021;2021_14_227;investointi;2
1348;14/2021;2021_14_227;rahoitus;1
1348;14/2021;2021_14_227;toteutuminen;1
1348;14/2021;2021_14_227;eurooppa;1
1348;14/2021;2021_14_227;unioni;1
1348;14/2021;2021_14_227;rahoituskausi;1
1348;14/2021;2021_14_227;välinen;1
1348;14/2021;2021_14_227;siirtymäkausi;1
1348;14/2021;2021_14_227;aika;1
1348;14/2021;2021_14_227;oikeastaan;1
1348;14/2021;2021_14_227;kaikki;1
1348;14/2021;2021_14_227;lausunto;1
1348;14/2021;2021_14_227;mikä;1
1348;14/2021;2021_14_227;pyytää;1
1348;14/2021;2021_14_227;esimerkiksi;2
1348;14/2021;2021_14_227;mtk;1
1348;14/2021;2021_14_227;paliskunta;1
1348;14/2021;2021_14_227;yhdistys;1
1348;14/2021;2021_14_227;puoltaa;1
1348;14/2021;2021_14_227;muutos;1
1348;14/2021;2021_14_227;pitää;1
1348;14/2021;2021_14_227;riittävä;2
1348;14/2021;2021_14_227;kiitos;1
1348;14/2021;2021_14_227;se;5
1348;14/2021;2021_14_227;hallitus;1
1348;14/2021;2021_14_227;haluta;2
1348;14/2021;2021_14_227;lähetekeskustelu;1
1348;14/2021;2021_14_227;kuitenkin;1
1348;14/2021;2021_14_227;nostaa;2
1348;14/2021;2021_14_227;esille;2
1348;14/2021;2021_14_227;eräs;1
1348;14/2021;2021_14_227;ongelma;3
1348;14/2021;2021_14_227;liittyä;1
1348;14/2021;2021_14_227;valtiontakaus;2
1348;14/2021;2021_14_227;erityisesti;1
1348;14/2021;2021_14_227;osa;1
1348;14/2021;2021_14_227;saada;1
1348;14/2021;2021_14_227;usea;1
1348;14/2021;2021_14_227;yhteydenotto;1
1348;14/2021;2021_14_227;tukimies;1
1348;14/2021;2021_14_227;tukinainen;1
1348;14/2021;2021_14_227;joka;1
1348;14/2021;2021_14_227;poronhoitaja;1
1348;14/2021;2021_14_227;vaikka;1
1348;14/2021;2021_14_227;myöntää;3
1348;14/2021;2021_14_227;niin;1
1348;14/2021;2021_14_227;rahoituslaitos;1
1348;14/2021;2021_14_227;ei;2
1348;14/2021;2021_14_227;sitten;3
1348;14/2021;2021_14_227;kuitenkaan;1
1348;14/2021;2021_14_227;valmis;1
1348;14/2021;2021_14_227;laina;3
1348;14/2021;2021_14_227;yrittäjä;1
1348;14/2021;2021_14_227;antaa;1
1348;14/2021;2021_14_227;usein;1
1348;14/2021;2021_14_227;että;2
1348;14/2021;2021_14_227;hankkia;1
1348;14/2021;2021_14_227;porokarja;1
1348;14/2021;2021_14_227;katsoa;1
1348;14/2021;2021_14_227;irtain;1
1348;14/2021;2021_14_227;omaisuus;1
1348;14/2021;2021_14_227;voida;1
1348;14/2021;2021_14_227;lukea;1
1348;14/2021;2021_14_227;tapa;1
1348;14/2021;2021_14_227;vakuus;1
1348;14/2021;2021_14_227;pankki;1
1348;14/2021;2021_14_227;aiheuttaa;1
1348;14/2021;2021_14_227;pienimuotoinen;1
1348;14/2021;2021_14_227;tuolla;1
1348;14/2021;2021_14_227;pohjoinen;1
1348;14/2021;2021_14_227;näkökulma;1
1348;14/2021;2021_14_227;mahdollinen;1
1348;14/2021;2021_14_227;varmistaminen;1
1348;14/2021;2021_14_227;ryhtyä;1
1348;14/2021;2021_14_227;valtiokonttori;1
1348;14/2021;2021_14_227;toimi;1
1348;19/2021;2021_19_18;puhuja;1
1348;19/2021;2021_19_18;aloittaa;1
1348;19/2021;2021_19_18;puheenvuoro;2
1348;19/2021;2021_19_18;mikrofoni;1
1348;19/2021;2021_19_18;olla;25
1348;19/2021;2021_19_18;sulkea;1
1348;19/2021;2021_19_18;puhemies;2
1348;19/2021;2021_19_18;anu;1
1348;19/2021;2021_19_18;vehviläinen;1
1348;19/2021;2021_19_18;anteeksi;1
1348;19/2021;2021_19_18;edustaja;1
1348;19/2021;2021_19_18;laitattaa;1
1348;19/2021;2021_19_18;mikrofi;1
1348;19/2021;2021_19_18;päälle;1
1348;19/2021;2021_19_18;avata;1
1348;19/2021;2021_19_18;se;11
1348;19/2021;2021_19_18;no;1
1348;19/2021;2021_19_18;niin;2
1348;19/2021;2021_19_18;arvoisa;1
1348;19/2021;2021_19_18;rouva;1
1348;19/2021;2021_19_18;kuten;1
1348;19/2021;2021_19_18;tavallinen;1
1348;19/2021;2021_19_18;hivenen;1
1348;19/2021;2021_19_18;kiusallinen;1
1348;19/2021;2021_19_18;kuunnella;1
1348;19/2021;2021_19_18;tämä;17
1348;19/2021;2021_19_18;kokoomusedustaja;1
1348;19/2021;2021_19_18;mutta;4
1348;19/2021;2021_19_18;nyt;6
1348;19/2021;2021_19_18;kyllä;2
1348;19/2021;2021_19_18;eri;1
1348;19/2021;2021_19_18;syy;1
1348;19/2021;2021_19_18;kuin;3
1348;19/2021;2021_19_18;normaalisti;1
1348;19/2021;2021_19_18;sinä;1
1348;19/2021;2021_19_18;paljon;1
1348;19/2021;2021_19_18;hyvä;2
1348;19/2021;2021_19_18;sanottava;1
1348;19/2021;2021_19_18;ja;8
1348;19/2021;2021_19_18;toivoa;2
1348;19/2021;2021_19_18;todella;4
1348;19/2021;2021_19_18;että;14
1348;19/2021;2021_19_18;hallitus;3
1348;19/2021;2021_19_18;ottaa;3
1348;19/2021;2021_19_18;viesti;1
1348;19/2021;2021_19_18;kuulla;1
1348;19/2021;2021_19_18;minä;7
1348;19/2021;2021_19_18;kaikki;2
1348;19/2021;2021_19_18;varmasti;1
1348;19/2021;2021_19_18;mieli;1
1348;19/2021;2021_19_18;sulkutoimi;1
1348;19/2021;2021_19_18;tarpeellinen;1
1348;19/2021;2021_19_18;mitä;1
1348;19/2021;2021_19_18;pitkälle;1
1348;19/2021;2021_19_18;kriisi;1
1348;19/2021;2021_19_18;edetä;1
1348;19/2021;2021_19_18;sitä;1
1348;19/2021;2021_19_18;vakuuttunut;1
1348;19/2021;2021_19_18;itse;1
1348;19/2021;2021_19_18;tarvita;1
1348;19/2021;2021_19_18;enemmän;2
1348;19/2021;2021_19_18;alueellinen;2
1348;19/2021;2021_19_18;itsehallinto;1
1348;19/2021;2021_19_18;silloin;1
1348;19/2021;2021_19_18;kun;1
1348;19/2021;2021_19_18;ratkaisu;3
1348;19/2021;2021_19_18;tehdä;2
1348;19/2021;2021_19_18;ministeriö;1
1348;19/2021;2021_19_18;täältä;2
1348;19/2021;2021_19_18;eduskunta;2
1348;19/2021;2021_19_18;ei;3
1348;19/2021;2021_19_18;kyetä;1
1348;19/2021;2021_19_18;miten;1
1348;19/2021;2021_19_18;varmistaa;1
1348;19/2021;2021_19_18;optimaalinen;1
1348;19/2021;2021_19_18;alue;1
1348;19/2021;2021_19_18;lappi;1
1348;19/2021;2021_19_18;hiihtokeskus;1
1348;19/2021;2021_19_18;tilanne;1
1348;19/2021;2021_19_18;hyvin;1
1348;19/2021;2021_19_18;valitettava;2
1348;19/2021;2021_19_18;erittäin;1
1348;19/2021;2021_19_18;terassimyynti;1
1348;19/2021;2021_19_18;ehdotus;2
1348;19/2021;2021_19_18;sallia;1
1348;19/2021;2021_19_18;tulla;2
1348;19/2021;2021_19_18;johtaa;1
1348;19/2021;2021_19_18;pohjoinen;1
1348;19/2021;2021_19_18;ikuinen;1
1348;19/2021;2021_19_18;vappu;1
1348;19/2021;2021_19_18;seuraava;1
1348;19/2021;2021_19_18;kolme;1
1348;19/2021;2021_19_18;viikko;1
1348;19/2021;2021_19_18;hissi;1
1348;19/2021;2021_19_18;pyöriä;1
1348;19/2021;2021_19_18;väki;1
1348;19/2021;2021_19_18;siellä;1
1348;19/2021;2021_19_18;oma;3
1348;19/2021;2021_19_18;ruoka;1
1348;19/2021;2021_19_18;juoma;1
1348;19/2021;2021_19_18;kokoontua;2
1348;19/2021;2021_19_18;tulipaikka;1
1348;19/2021;2021_19_18;yhteen;1
1348;19/2021;2021_19_18;väittää;1
1348;19/2021;2021_19_18;kohtaaminen;1
1348;19/2021;2021_19_18;jos;1
1348;19/2021;2021_19_18;hallittu;1
1348;19/2021;2021_19_18;olo;1
1348;19/2021;2021_19_18;anniskelu;1
1348;19/2021;2021_19_18;sieltä;1
1348;19/2021;2021_19_18;terassi;1
1348;19/2021;2021_19_18;mahdollinen;1
1348;19/2021;2021_19_18;ymmärtää;1
1348;19/2021;2021_19_18;siis;1
1348;19/2021;2021_19_18;tarve;1
1348;19/2021;2021_19_18;toimia;1
1348;19/2021;2021_19_18;nopeasti;1
1348;19/2021;2021_19_18;nähdä;1
1348;19/2021;2021_19_18;talousvaliokunta;1
1348;19/2021;2021_19_18;antaa;1
1348;19/2021;2021_19_18;ponsi;1
1348;19/2021;2021_19_18;velvoittaa;1
1348;19/2021;2021_19_18;jatko;1
1348;19/2021;2021_19_18;täytyä;2
1348;19/2021;2021_19_18;huomio;1
1348;19/2021;2021_19_18;saada;1
1348;19/2021;2021_19_18;sellainen;1
1348;19/2021;2021_19_18;lainsäädäntö;1
1348;19/2021;2021_19_18;joka;3
1348;19/2021;2021_19_18;alueellisuus;1
1348;19/2021;2021_19_18;tunnustaa;1
1348;19/2021;2021_19_18;aidosti;1
1348;19/2021;2021_19_18;tarkkarajainen;1
1348;19/2021;2021_19_18;luottaa;1
1348;19/2021;2021_19_18;myös;2
1348;19/2021;2021_19_18;päätöksentekokyky;1
1348;19/2021;2021_19_18;vain;1
1348;19/2021;2021_19_18;sanella;1
1348;19/2021;2021_19_18;etelä;1
1348;19/2021;2021_19_18;aivan;1
1348;19/2021;2021_19_18;selvä;1
1348;19/2021;2021_19_18;korvaus;1
1348;19/2021;2021_19_18;täysimääräinen;1
1348;19/2021;2021_19_18;ravintola-ala;1
1348;19/2021;2021_19_18;syvä;1
1348;19/2021;2021_19_18;vaikeus;1
1348;19/2021;2021_19_18;todeta;1
1348;19/2021;2021_19_18;vielä;1
1348;19/2021;2021_19_18;loppu;1
1348;19/2021;2021_19_18;alkoholi;1
1348;19/2021;2021_19_18;ulosmyynti;2
1348;19/2021;2021_19_18;ravintola;2
1348;19/2021;2021_19_18;menettää;1
1348;19/2021;2021_19_18;toivo;1
1348;19/2021;2021_19_18;suhteen;1
1348;19/2021;2021_19_18;sosiaali;1
1348;19/2021;2021_19_18;terveysministeriö;1
1348;19/2021;2021_19_18;liikkua;1
1348;19/2021;2021_19_18;vaikka;1
1348;19/2021;2021_19_18;jo;1
1348;19/2021;2021_19_18;sopia;1
1348;19/2021;2021_19_18;aloite;1
1348;19/2021;2021_19_18;käsi;1
1348;19/2021;2021_19_18;muuttaa;1
1348;19/2021;2021_19_18;pykälä;1
1348;19/2021;2021_19_18;säädös;1
1348;19/2021;2021_19_18;siten;1
1348;19/2021;2021_19_18;kotiinkuljetus;1
1348;19/2021;2021_19_18;sallittu;1
1348;19/2021;2021_19_18;vähintään;1
1348;19/2021;2021_19_18;tällainen;1
1348;19/2021;2021_19_18;poikkeusolo;1
1348;19/2021;2021_19_18;mikä;1
1348;19/2021;2021_19_18;elää;1
1348;19/2021;2021_19_18;kiitos;1
1348;27/2021;2021_27_117;arvoisa;1
1348;27/2021;2021_27_117;rouva;1
1348;27/2021;2021_27_117;puhemies;1
1348;27/2021;2021_27_117;eräs;1
1348;27/2021;2021_27_117;asia;4
1348;27/2021;2021_27_117;tämä;19
1348;27/2021;2021_27_117;lisätalousarvio;1
1348;27/2021;2021_27_117;ilahduttaa;1
1348;27/2021;2021_27_117;erityisesti;1
1348;27/2021;2021_27_117;ja;8
1348;27/2021;2021_27_117;se;2
1348;27/2021;2021_27_117;olla;10
1348;27/2021;2021_27_117;öljylämmitys;2
1348;27/2021;2021_27_117;luopuminen;1
1348;27/2021;2021_27_117;avustus;2
1348;27/2021;2021_27_117;joka;5
1348;27/2021;2021_27_117;ehdottaa;1
1348;27/2021;2021_27_117;miljoona;1
1348;27/2021;2021_27_117;euro;2
1348;27/2021;2021_27_117;lisäys;1
1348;27/2021;2021_27_117;valitettavasti;1
1348;27/2021;2021_27_117;ilmeisesti;1
1348;27/2021;2021_27_117;väärinymmärrys;1
1348;27/2021;2021_27_117;oppositio;1
1348;27/2021;2021_27_117;kanssa;3
1348;27/2021;2021_27_117;hallitus;2
1348;27/2021;2021_27_117;ei;2
1348;27/2021;2021_27_117;mikään;1
1348;27/2021;2021_27_117;tapaus;1
1348;27/2021;2021_27_117;kieltää;1
1348;27/2021;2021_27_117;öljy;1
1348;27/2021;2021_27_117;lämmittäminen;1
1348;27/2021;2021_27_117;saada;2
1348;27/2021;2021_27_117;totta;1
1348;27/2021;2021_27_117;kai;1
1348;27/2021;2021_27_117;jatkaa;1
1348;27/2021;2021_27_117;mutta;1
1348;27/2021;2021_27_117;tukea;1
1348;27/2021;2021_27_117;sellainen;2
1348;27/2021;2021_27_117;toiminta;1
1348;27/2021;2021_27_117;että;5
1348;27/2021;2021_27_117;siirtyä;1
1348;27/2021;2021_27_117;fossiiliton;1
1348;27/2021;2021_27_117;lämmitysmuoto;1
1348;27/2021;2021_27_117;pitää;1
1348;27/2021;2021_27_117;erittäin;2
1348;27/2021;2021_27_117;perustella;1
1348;27/2021;2021_27_117;määrä;1
1348;27/2021;2021_27_117;joko;1
1348;27/2021;2021_27_117;tai;2
1348;27/2021;2021_27_117;tulla;2
1348;27/2021;2021_27_117;varmasti;1
1348;27/2021;2021_27_117;tarve;1
1348;27/2021;2021_27_117;moni;1
1348;27/2021;2021_27_117;kotitalous;1
1348;27/2021;2021_27_117;edustaja;1
1348;27/2021;2021_27_117;wallinheimo;1
1348;27/2021;2021_27_117;käyttää;1
1348;27/2021;2021_27_117;tuossa;1
1348;27/2021;2021_27_117;äsken;1
1348;27/2021;2021_27_117;puheenvuoro;1
1348;27/2021;2021_27_117;puhua;1
1348;27/2021;2021_27_117;siellä;2
1348;27/2021;2021_27_117;ravintola;1
1348;27/2021;2021_27_117;ulosmyynti;2
1348;27/2021;2021_27_117;ylipäätään;2
1348;27/2021;2021_27_117;ilmainen;1
1348;27/2021;2021_27_117;toimi;1
1348;27/2021;2021_27_117;ravintola-ala;3
1348;27/2021;2021_27_117;ahdinko;2
1348;27/2021;2021_27_117;voida;4
1348;27/2021;2021_27_117;helpottaa;3
1348;27/2021;2021_27_117;toivoa;2
1348;27/2021;2021_27_117;todella;2
1348;27/2021;2021_27_117;myös;1
1348;27/2021;2021_27_117;ottaa;2
1348;27/2021;2021_27_117;vakavasti;1
1348;27/2021;2021_27_117;osa;1
1348;27/2021;2021_27_117;kyllä;3
1348;27/2021;2021_27_117;toivo;1
1348;27/2021;2021_27_117;menettää;1
1348;27/2021;2021_27_117;sosiaali;1
1348;27/2021;2021_27_117;terveysministeriö;1
1348;27/2021;2021_27_117;taipua;1
1348;27/2021;2021_27_117;riippumatta;1
1348;27/2021;2021_27_117;mikä;1
1348;27/2021;2021_27_117;hallituspohja;1
1348;27/2021;2021_27_117;kuka;1
1348;27/2021;2021_27_117;ministeri;1
1348;27/2021;2021_27_117;istua;1
1348;27/2021;2021_27_117;katsoa;1
1348;27/2021;2021_27_117;eduskunta;1
1348;27/2021;2021_27_117;vahva;1
1348;27/2021;2021_27_117;rooli;1
1348;27/2021;2021_27_117;samalla;1
1348;27/2021;2021_27_117;kun;1
1348;27/2021;2021_27_117;väkevä;1
1348;27/2021;2021_27_117;juoma;1
1348;27/2021;2021_27_117;ratkaista;2
1348;27/2021;2021_27_117;etämyyntisotku;1
1348;27/2021;2021_27_117;minä;2
1348;27/2021;2021_27_117;eu;1
1348;27/2021;2021_27_117;hetki;1
1348;27/2021;2021_27_117;käynti;1
1348;27/2021;2021_27_117;suomi;1
1348;27/2021;2021_27_117;jo;2
1348;27/2021;2021_27_117;pilotmenettely;1
1348;27/2021;2021_27_117;nähdä;1
1348;27/2021;2021_27_117;taistelu;1
1348;27/2021;2021_27_117;alko;1
1348;27/2021;2021_27_117;niin;1
1348;27/2021;2021_27_117;sanottu;1
1348;27/2021;2021_27_117;monopoli;1
1348;27/2021;2021_27_117;puolesta;1
1348;27/2021;2021_27_117;hävitä;1
1348;27/2021;2021_27_117;käydä;1
1348;27/2021;2021_27_117;vain;1
1348;27/2021;2021_27_117;viivytystaistelu;1
1348;27/2021;2021_27_117;nyt;1
1348;27/2021;2021_27_117;yrittää;1
1348;27/2021;2021_27_117;löytää;1
1348;27/2021;2021_27_117;ratkaisu;1
1348;27/2021;2021_27_117;etämyyntikeissi;1
1348;27/2021;2021_27_117;sitten;1
1348;27/2021;2021_27_117;tukala;1
1348;27/2021;2021_27_117;tilanne;1
1348;27/2021;2021_27_237;arvoisa;1
1348;27/2021;2021_27_237;herra;1
1348;27/2021;2021_27_237;puhemies;1
1348;27/2021;2021_27_237;jokainen;1
1348;27/2021;2021_27_237;joka;2
1348;27/2021;2021_27_237;olla;14
1348;27/2021;2021_27_237;lukea;1
1348;27/2021;2021_27_237;tuo;1
1348;27/2021;2021_27_237;perustuslakivaliokunta;1
1348;27/2021;2021_27_237;mietintö;1
1348;27/2021;2021_27_237;voida;1
1348;27/2021;2021_27_237;kyllä;3
1348;27/2021;2021_27_237;todeta;1
1348;27/2021;2021_27_237;että;5
1348;27/2021;2021_27_237;ei;5
1348;27/2021;2021_27_237;tämä;6
1348;27/2021;2021_27_237;nyt;3
1348;27/2021;2021_27_237;mennä;1
1348;27/2021;2021_27_237;tosiaan;1
1348;27/2021;2021_27_237;aivan;1
1348;27/2021;2021_27_237;niin;1
1348;27/2021;2021_27_237;kuin;2
1348;27/2021;2021_27_237;strömsö;1
1348;27/2021;2021_27_237;puhdas;1
1348;27/2021;2021_27_237;paperi;1
1348;27/2021;2021_27_237;vaikea;1
1348;27/2021;2021_27_237;antaa;1
1348;27/2021;2021_27_237;oikein;2
1348;27/2021;2021_27_237;kukaan;1
1348;27/2021;2021_27_237;oikeusministeriö;2
1348;27/2021;2021_27_237;myös;3
1348;27/2021;2021_27_237;puoluesihteeri;1
1348;27/2021;2021_27_237;asia;1
1348;27/2021;2021_27_237;katsoa;2
1348;27/2021;2021_27_237;perussuomalainen;3
1348;27/2021;2021_27_237;suunta;1
1348;27/2021;2021_27_237;mutta;2
1348;27/2021;2021_27_237;mikä;1
1348;27/2021;2021_27_237;se;3
1348;27/2021;2021_27_237;vaihtoehto;3
1348;27/2021;2021_27_237;sitten;1
1348;27/2021;2021_27_237;epidemiatilanne;1
1348;27/2021;2021_27_237;sellainen;1
1348;27/2021;2021_27_237;vaali;2
1348;27/2021;2021_27_237;siirtäminen;1
1348;27/2021;2021_27_237;välttämättömyys;1
1348;27/2021;2021_27_237;oppositio;1
1348;27/2021;2021_27_237;kritiikki;1
1348;27/2021;2021_27_237;oikea;1
1348;27/2021;2021_27_237;aikaisemmin;1
1348;27/2021;2021_27_237;tulla;2
1348;27/2021;2021_27_237;ryhtyä;1
1348;27/2021;2021_27_237;valmistelutoimenpide;1
1348;27/2021;2021_27_237;ja;1
1348;27/2021;2021_27_237;käsittääksen;1
1348;27/2021;2021_27_237;kansliapäällikkö;1
1348;27/2021;2021_27_237;timonen;1
1348;27/2021;2021_27_237;myöntää;1
1348;27/2021;2021_27_237;tilanne;1
1348;27/2021;2021_27_237;muu;2
1348;27/2021;2021_27_237;eteenpäin;1
1348;27/2021;2021_27_237;kuten;1
1348;27/2021;2021_27_237;sanoa;1
1348;27/2021;2021_27_237;poromies;1
1348;27/2021;2021_27_237;lynx;1
1348;27/2021;2021_27_237;hanki;1
1348;27/2021;2021_27_237;kuitenkin;1
1348;27/2021;2021_27_237;tyytyväinen;2
1348;27/2021;2021_27_237;minä;1
1348;27/2021;2021_27_237;hetki;1
1348;27/2021;2021_27_237;aina;1
1348;27/2021;2021_27_237;yksi;1
1348;27/2021;2021_27_237;siirto;1
1348;27/2021;2021_27_237;hän;1
1348;27/2021;2021_27_237;viitasaarelainen;1
1348;27/2021;2021_27_237;europarlamentaarikko;1
1348;27/2021;2021_27_237;hakkarainen;1
1348;27/2021;2021_27_237;tänään;1
1348;27/2021;2021_27_237;perua;1
1348;27/2021;2021_27_237;ehdokkuus;1
1348;27/2021;2021_27_237;ymmärtää;1
1348;27/2021;2021_27_237;tietysti;1
1348;27/2021;2021_27_237;jos;1
1348;27/2021;2021_27_237;huolettaa;1
1348;27/2021;2021_27_237;sieltä;1
1348;27/2021;2021_27_237;vuoto;1
1348;27/2021;2021_27_258;arvoisa;1
1348;27/2021;2021_27_258;herra;2
1348;27/2021;2021_27_258;puhemies;1
1348;27/2021;2021_27_258;edustaja;3
1348;27/2021;2021_27_258;zyskowicz;2
1348;27/2021;2021_27_258;olla;4
1348;27/2021;2021_27_258;pitkä;2
1348;27/2021;2021_27_258;linja;1
1348;27/2021;2021_27_258;arvostettu;1
1348;27/2021;2021_27_258;valtiopäivämies;1
1348;27/2021;2021_27_258;ihmetellä;1
1348;27/2021;2021_27_258;miksi;1
1348;27/2021;2021_27_258;hän;5
1348;27/2021;2021_27_258;levittää;1
1348;27/2021;2021_27_258;tällainen;1
1348;27/2021;2021_27_258;salaliittoteoria;2
1348;27/2021;2021_27_258;täällä;1
1348;27/2021;2021_27_258;sali;1
1348;27/2021;2021_27_258;lehdot;1
1348;27/2021;2021_27_258;osa;1
1348;27/2021;2021_27_258;tietysti;1
1348;27/2021;2021_27_258;ymmärtää;1
1348;27/2021;2021_27_258;että;4
1348;27/2021;2021_27_258;ei;3
1348;27/2021;2021_27_258;ihan;1
1348;27/2021;2021_27_258;niin;2
1348;27/2021;2021_27_258;kokemus;1
1348;27/2021;2021_27_258;molemmat;1
1348;27/2021;2021_27_258;sanoa;1
1348;27/2021;2021_27_258;uskoa;1
1348;27/2021;2021_27_258;mutta;1
1348;27/2021;2021_27_258;kuitenkin;1
1348;27/2021;2021_27_258;spekuloida;1
1348;27/2021;2021_27_258;tämä;1
1348;27/2021;2021_27_258;asia;1
1348;27/2021;2021_27_258;kun;1
1348;27/2021;2021_27_258;todeta;1
1348;27/2021;2021_27_258;tuossa;1
1348;27/2021;2021_27_258;vielä;1
1348;27/2021;2021_27_258;mikään;1
1348;27/2021;2021_27_258;foliohattu;2
1348;27/2021;2021_27_258;pää;1
1348;27/2021;2021_27_258;kyllä;1
1348;27/2021;2021_27_258;sinä;1
1348;27/2021;2021_27_258;nyt;1
1348;27/2021;2021_27_258;hyvä;1
1348;27/2021;2021_27_258;aina;1
1348;27/2021;2021_27_258;siellä;1
1348;27/2021;2021_27_258;povitasku;1
1348;27/2021;2021_27_258;ottaa;1
1348;27/2021;2021_27_258;se;1
1348;27/2021;2021_27_258;pois;1
1348;27/2021;2021_27_258;sieltä;1
1348;28/2021;2021_28_5;arvoisa;1
1348;28/2021;2021_28_5;rouva;1
1348;28/2021;2021_28_5;puhemies;1
1348;28/2021;2021_28_5;erinomainen;1
1348;28/2021;2021_28_5;puheenvuoro;1
1348;28/2021;2021_28_5;edustaja;2
1348;28/2021;2021_28_5;könttä;2
1348;28/2021;2021_28_5;ymmärtää;1
1348;28/2021;2021_28_5;kyllä;2
1348;28/2021;2021_28_5;että;9
1348;28/2021;2021_28_5;tämä;16
1348;28/2021;2021_28_5;asia;5
1348;28/2021;2021_28_5;valmistelu;1
1348;28/2021;2021_28_5;olla;16
1348;28/2021;2021_28_5;kiire;1
1348;28/2021;2021_28_5;mutta;2
1348;28/2021;2021_28_5;valitettavasti;2
1348;28/2021;2021_28_5;esitys;5
1348;28/2021;2021_28_5;täysin;1
1348;28/2021;2021_28_5;identtinen;1
1348;28/2021;2021_28_5;se;9
1348;28/2021;2021_28_5;aikainen;1
1348;28/2021;2021_28_5;verrata;1
1348;28/2021;2021_28_5;ja;6
1348;28/2021;2021_28_5;eduskunta;2
1348;28/2021;2021_28_5;antaa;1
1348;28/2021;2021_28_5;lausuma;2
1348;28/2021;2021_28_5;ei;11
1348;28/2021;2021_28_5;ottaa;2
1348;28/2021;2021_28_5;huomio;2
1348;28/2021;2021_28_5;mieli;1
1348;28/2021;2021_28_5;voida;4
1348;28/2021;2021_28_5;mennä;1
1348;28/2021;2021_28_5;näin;1
1348;28/2021;2021_28_5;täytyä;1
1348;28/2021;2021_28_5;valiokuntakäsittely;2
1348;28/2021;2021_28_5;katsoa;2
1348;28/2021;2021_28_5;tarkkaan;1
1348;28/2021;2021_28_5;siten;1
1348;28/2021;2021_28_5;huomioida;1
1348;28/2021;2021_28_5;minä;4
1348;28/2021;2021_28_5;haluta;2
1348;28/2021;2021_28_5;lisää;3
1348;28/2021;2021_28_5;tarkkarajaisuus;1
1348;28/2021;2021_28_5;alueellisuus;1
1348;28/2021;2021_28_5;nyt;2
1348;28/2021;2021_28_5;löytyä;1
1348;28/2021;2021_28_5;esimerkiksi;2
1348;28/2021;2021_28_5;oma;3
1348;28/2021;2021_28_5;kotimaakunta;1
1348;28/2021;2021_28_5;lappi;2
1348;28/2021;2021_28_5;valtava;1
1348;28/2021;2021_28_5;suuri;1
1348;28/2021;2021_28_5;alue;2
1348;28/2021;2021_28_5;nelisenkymmentä;1
1348;28/2021;2021_28_5;prosentti;1
1348;28/2021;2021_28_5;suomi;1
1348;28/2021;2021_28_5;pinta-ala;1
1348;28/2021;2021_28_5;silti;1
1348;28/2021;2021_28_5;käsitellä;2
1348;28/2021;2021_28_5;yksi;1
1348;28/2021;2021_28_5;sulkea;2
1348;28/2021;2021_28_5;ravintola;2
1348;28/2021;2021_28_5;sellainen;2
1348;28/2021;2021_28_5;kunta;1
1348;28/2021;2021_28_5;mikä;3
1348;28/2021;2021_28_5;yhtään;1
1348;28/2021;2021_28_5;koronatartunta;1
1348;28/2021;2021_28_5;pitää;1
1348;28/2021;2021_28_5;aivan;2
1348;28/2021;2021_28_5;tapa;2
1348;28/2021;2021_28_5;hämmästellä;2
1348;28/2021;2021_28_5;myös;4
1348;28/2021;2021_28_5;hyvä;1
1348;28/2021;2021_28_5;edellinen;1
1348;28/2021;2021_28_5;kerta;3
1348;28/2021;2021_28_5;tuonne;1
1348;28/2021;2021_28_5;hiihtokeskus;2
1348;28/2021;2021_28_5;siellä;2
1348;28/2021;2021_28_5;hissi;1
1348;28/2021;2021_28_5;auki;1
1348;28/2021;2021_28_5;hetki;2
1348;28/2021;2021_28_5;kaikki;1
1348;28/2021;2021_28_5;terassianniskelu;1
1348;28/2021;2021_28_5;sallia;1
1348;28/2021;2021_28_5;niin;3
1348;28/2021;2021_28_5;sanottu;1
1348;28/2021;2021_28_5;ikuinen;1
1348;28/2021;2021_28_5;vappu;1
1348;28/2021;2021_28_5;väki;1
1348;28/2021;2021_28_5;retkeillä;1
1348;28/2021;2021_28_5;juoma;1
1348;28/2021;2021_28_5;ruoka;2
1348;28/2021;2021_28_5;kanssa;1
1348;28/2021;2021_28_5;tulipaikka;1
1348;28/2021;2021_28_5;kontakti;2
1348;28/2021;2021_28_5;tulla;1
1348;28/2021;2021_28_5;varma;1
1348;28/2021;2021_28_5;vähentää;1
1348;28/2021;2021_28_5;terassi;1
1348;28/2021;2021_28_5;anniskella;1
1348;28/2021;2021_28_5;turvaväli;1
1348;28/2021;2021_28_5;turvallisesti;1
1348;28/2021;2021_28_5;ihminen;1
1348;28/2021;2021_28_5;joka;1
1348;28/2021;2021_28_5;toivoa;1
1348;28/2021;2021_28_5;aika;1
1348;28/2021;2021_28_5;takia;1
1348;28/2021;2021_28_5;tosiaan;1
1348;28/2021;2021_28_5;hallitus;2
1348;28/2021;2021_28_5;käyttää;1
1348;28/2021;2021_28_5;ilmainen;1
1348;28/2021;2021_28_5;keino;1
1348;28/2021;2021_28_5;tukahtua;1
1348;28/2021;2021_28_5;matkailu;1
1348;28/2021;2021_28_5;ravintola-ala;1
1348;28/2021;2021_28_5;auttaminen;1
1348;28/2021;2021_28_5;mainita;1
1348;28/2021;2021_28_5;alkoholi;1
1348;28/2021;2021_28_5;kotiinkuljetus;1
1348;28/2021;2021_28_5;ulosmyynti;1
1348;28/2021;2021_28_5;yhteys;2
1348;28/2021;2021_28_5;miksi;1
1348;28/2021;2021_28_5;tällainen;2
1348;28/2021;2021_28_5;tilapäinen;1
1348;28/2021;2021_28_5;toimenpide;2
1348;28/2021;2021_28_5;tehdä;2
1348;28/2021;2021_28_5;tuoda;2
1348;28/2021;2021_28_5;viesti;1
1348;28/2021;2021_28_5;välttämättä;1
1348;28/2021;2021_28_5;viimeinen;1
1348;28/2021;2021_28_5;kun;1
1348;28/2021;2021_28_5;joutua;1
1348;28/2021;2021_28_5;tietää;1
1348;28/2021;2021_28_5;pandemia;1
1348;28/2021;2021_28_5;edetä;1
1348;28/2021;2021_28_5;joten;1
1348;28/2021;2021_28_5;kehottaa;1
1348;28/2021;2021_28_5;vakavasti;1
1348;28/2021;2021_28_5;ministeriö;1
1348;28/2021;2021_28_5;alkaa;1
1348;28/2021;2021_28_5;pöytälaatikko;1
1348;28/2021;2021_28_5;valmis;1
1348;28/2021;2021_28_5;valmistella;1
1348;28/2021;2021_28_5;mahdollinen;1
1348;28/2021;2021_28_5;seuraava;1
1348;28/2021;2021_28_5;sitten;1
1348;28/2021;2021_28_5;viimeistään;1
1348;28/2021;2021_28_5;nähdä;1
1348;28/2021;2021_28_5;muu;1
1348;28/2021;2021_28_5;vaihtoehto;1
1348;28/2021;2021_28_5;kuin;2
1348;28/2021;2021_28_5;eduskuntakäsittely;1
1348;28/2021;2021_28_5;hienosyisyys;1
1348;28/2021;2021_28_5;subtilt;1
1348;28/2021;2021_28_5;rkp;1
1348;28/2021;2021_28_5;veli;1
1348;28/2021;2021_28_5;varmaan;1
1348;28/2021;2021_28_5;sanoa;1
1348;28/2021;2021_28_5;kiitos;1
1348;33/2021;2021_33_62;arvoisa;2
1348;33/2021;2021_33_62;rouva;1
1348;33/2021;2021_33_62;puhemies;2
1348;33/2021;2021_33_62;tämä;16
1348;33/2021;2021_33_62;olla;9
1348;33/2021;2021_33_62;käyttää;1
1348;33/2021;2021_33_62;usea;1
1348;33/2021;2021_33_62;hyvä;2
1348;33/2021;2021_33_62;puheenvuoro;1
1348;33/2021;2021_33_62;itse;3
1348;33/2021;2021_33_62;hivenen;1
1348;33/2021;2021_33_62;kipuilla;1
1348;33/2021;2021_33_62;asia;10
1348;33/2021;2021_33_62;kanssa;2
1348;33/2021;2021_33_62;oppositio;1
1348;33/2021;2021_33_62;sinällään;1
1348;33/2021;2021_33_62;tehdä;2
1348;33/2021;2021_33_62;lausumaehdotus;2
1348;33/2021;2021_33_62;mutta;2
1348;33/2021;2021_33_62;tunnustaa;1
1348;33/2021;2021_33_62;kuitenkin;2
1348;33/2021;2021_33_62;tietysti;1
1348;33/2021;2021_33_62;tosiasia;1
1348;33/2021;2021_33_62;kautta;1
1348;33/2021;2021_33_62;ei;6
1348;33/2021;2021_33_62;valitettavasti;2
1348;33/2021;2021_33_62;edetä;3
1348;33/2021;2021_33_62;siis;1
1348;33/2021;2021_33_62;toivo;1
1348;33/2021;2021_33_62;menettää;1
1348;33/2021;2021_33_62;ihan;1
1348;33/2021;2021_33_62;vakuuttunut;1
1348;33/2021;2021_33_62;se;8
1348;33/2021;2021_33_62;että;6
1348;33/2021;2021_33_62;aivan;2
1348;33/2021;2021_33_62;riippumatta;2
1348;33/2021;2021_33_62;mikä;1
1348;33/2021;2021_33_62;hallituspohja;1
1348;33/2021;2021_33_62;kuka;1
1348;33/2021;2021_33_62;ministeri;1
1348;33/2021;2021_33_62;tuolla;1
1348;33/2021;2021_33_62;stm;1
1348;33/2021;2021_33_62;istua;1
1348;33/2021;2021_33_62;alkoholi;1
1348;33/2021;2021_33_62;myynti;1
1348;33/2021;2021_33_62;helpottaminen;1
1348;33/2021;2021_33_62;liittyä;1
1348;33/2021;2021_33_62;tulla;4
1348;33/2021;2021_33_62;johtua;1
1348;33/2021;2021_33_62;siellä;1
1348;33/2021;2021_33_62;ennen;1
1348;33/2021;2021_33_62;kaikkea;1
1348;33/2021;2021_33_62;virkakunta;1
1348;33/2021;2021_33_62;bunkkeri;1
1348;33/2021;2021_33_62;kokoomus;1
1348;33/2021;2021_33_62;ryhmä;1
1348;33/2021;2021_33_62;hhoh;1
1348;33/2021;2021_33_62;tiiviisti;1
1348;33/2021;2021_33_62;kuin;1
1348;33/2021;2021_33_62;japanilainen;1
1348;33/2021;2021_33_62;okinawa;1
1348;33/2021;2021_33_62;vuosi;1
1348;33/2021;2021_33_62;liikahtaa;1
1348;33/2021;2021_33_62;ja;2
1348;33/2021;2021_33_62;takia;1
1348;33/2021;2021_33_62;katsoa;1
1348;33/2021;2021_33_62;eduskunta;2
1348;33/2021;2021_33_62;ottaa;1
1348;33/2021;2021_33_62;käsi;1
1348;33/2021;2021_33_62;toivoa;1
1348;33/2021;2021_33_62;erinomainen;1
1348;33/2021;2021_33_62;menestys;1
1348;33/2021;2021_33_62;edustaja;1
1348;33/2021;2021_33_62;myllykoski;1
1348;33/2021;2021_33_62;aloite;2
1348;33/2021;2021_33_62;joka;2
1348;33/2021;2021_33_62;yli;1
1348;33/2021;2021_33_62;sata;1
1348;33/2021;2021_33_62;kansanedustaja;1
1348;33/2021;2021_33_62;allekirjoittaa;1
1348;33/2021;2021_33_62;vastaava;1
1348;33/2021;2021_33_62;tapa;1
1348;33/2021;2021_33_62;minä;3
1348;33/2021;2021_33_62;tuoda;1
1348;33/2021;2021_33_62;tänne;1
1348;33/2021;2021_33_62;käsittely;1
1348;33/2021;2021_33_62;jonkuntyyppinen;1
1348;33/2021;2021_33_62;päästä;1
1348;33/2021;2021_33_62;etämyyntisotku;1
1348;33/2021;2021_33_62;korjata;2
1348;33/2021;2021_33_62;sekä;1
1348;33/2021;2021_33_62;myös;1
1348;33/2021;2021_33_62;ravintola;3
1348;33/2021;2021_33_62;ulosmyynti;1
1348;33/2021;2021_33_62;pitää;1
1348;33/2021;2021_33_62;paha;1
1348;33/2021;2021_33_62;jos;1
1348;33/2021;2021_33_62;joku;1
1348;33/2021;2021_33_62;innokas;1
1348;33/2021;2021_33_62;aktiivi;1
1348;33/2021;2021_33_62;kansalaisaloite;1
1348;33/2021;2021_33_62;koska;1
1348;33/2021;2021_33_62;yksi;1
1348;33/2021;2021_33_62;tuntua;1
1348;33/2021;2021_33_62;suuri;1
1348;33/2021;2021_33_62;enemmistö;1
1348;33/2021;2021_33_62;kannattaa;1
1348;33/2021;2021_33_62;jokin;1
1348;33/2021;2021_33_62;syy;1
1348;33/2021;2021_33_62;todella;1
1348;33/2021;2021_33_62;tärkeä;1
1348;33/2021;2021_33_62;vielä;1
1348;33/2021;2021_33_62;lakiesitys;1
1348;33/2021;2021_33_62;sitten;1
1348;33/2021;2021_33_62;aika;1
1348;33/2021;2021_33_62;valtioneuvosto;1
1348;33/2021;2021_33_62;asetus;1
1348;33/2021;2021_33_62;huomioida;1
1348;33/2021;2021_33_62;erityyppinen;2
1348;33/2021;2021_33_62;ravintolatila;1
1348;33/2021;2021_33_62;miten;1
1348;33/2021;2021_33_62;rajoitus;1
1348;33/2021;2021_33_62;soveltaa;1
1348;33/2021;2021_33_62;nyt;1
1348;33/2021;2021_33_62;selvä;1
1348;33/2021;2021_33_62;mennä;1
1348;33/2021;2021_33_62;kiinni;1
1348;33/2021;2021_33_62;liikkumisrajoitus;1
1348;33/2021;2021_33_62;vai;1
1348;69/2021;2021_69_147;arvoisa;1
1348;69/2021;2021_69_147;herra;1
1348;69/2021;2021_69_147;puhemies;1
1348;69/2021;2021_69_147;tämä;3
1348;69/2021;2021_69_147;olla;7
1348;69/2021;2021_69_147;käyttää;1
1348;69/2021;2021_69_147;hyvä;1
1348;69/2021;2021_69_147;puheenvuoro;1
1348;69/2021;2021_69_147;tietysti;1
1348;69/2021;2021_69_147;minä;3
1348;69/2021;2021_69_147;kaikki;1
1348;69/2021;2021_69_147;varmasti;1
1348;69/2021;2021_69_147;muisti;1
1348;69/2021;2021_69_147;tietomurto;1
1348;69/2021;2021_69_147;mikä;4
1348;69/2021;2021_69_147;ihminen;1
1348;69/2021;2021_69_147;henkilökohtainen;1
1348;69/2021;2021_69_147;sosiaali;1
1348;69/2021;2021_69_147;ja;4
1348;69/2021;2021_69_147;terveystieto;1
1348;69/2021;2021_69_147;päätyä;1
1348;69/2021;2021_69_147;väärä;1
1348;69/2021;2021_69_147;käsi;1
1348;69/2021;2021_69_147;mikäli;1
1348;69/2021;2021_69_147;näin;1
1348;69/2021;2021_69_147;tapahtua;1
1348;69/2021;2021_69_147;niin;3
1348;69/2021;2021_69_147;se;4
1348;69/2021;2021_69_147;aina;2
1348;69/2021;2021_69_147;todella;1
1348;69/2021;2021_69_147;pitkä;1
1348;69/2021;2021_69_147;traumaattinen;1
1348;69/2021;2021_69_147;kokemus;1
1348;69/2021;2021_69_147;henkilö;1
1348;69/2021;2021_69_147;joka;1
1348;69/2021;2021_69_147;tieto;1
1348;69/2021;2021_69_147;päästä;1
1348;69/2021;2021_69_147;vuotaa;1
1348;69/2021;2021_69_147;tärkeä;1
1348;69/2021;2021_69_147;että;4
1348;69/2021;2021_69_147;lainsäädäntö;2
1348;69/2021;2021_69_147;aika;1
1348;69/2021;2021_69_147;tasalla;1
1348;69/2021;2021_69_147;tietoturvallinen;1
1348;69/2021;2021_69_147;käyttöympäristö;1
1348;69/2021;2021_69_147;vaatimus;1
1348;69/2021;2021_69_147;edellyttää;1
1348;69/2021;2021_69_147;nostaa;1
1348;69/2021;2021_69_147;vain;1
1348;69/2021;2021_69_147;nopeasti;1
1348;69/2021;2021_69_147;vielä;1
1348;69/2021;2021_69_147;esille;1
1348;69/2021;2021_69_147;kun;1
1348;69/2021;2021_69_147;asia;1
1348;69/2021;2021_69_147;tuolla;1
1348;69/2021;2021_69_147;valiokunta;1
1348;69/2021;2021_69_147;käsitellä;1
1348;69/2021;2021_69_147;toivoa;1
1348;69/2021;2021_69_147;siellä;1
1348;69/2021;2021_69_147;pohtia;1
1348;69/2021;2021_69_147;laaja-alaisesti;1
1348;69/2021;2021_69_147;koska;1
1348;69/2021;2021_69_147;tekniikka;1
1348;69/2021;2021_69_147;kehittyä;1
1348;69/2021;2021_69_147;valtava;1
1348;69/2021;2021_69_147;vauhti;1
1348;69/2021;2021_69_147;mennä;1
1348;69/2021;2021_69_147;eteenpäin;1
1348;69/2021;2021_69_147;tapa;1
1348;69/2021;2021_69_147;varmistaa;1
1348;69/2021;2021_69_147;pysyä;1
1348;69/2021;2021_69_147;mukana;1
1348;93/2021;2021_93_10;arvoisa;1
1348;93/2021;2021_93_10;rouva;1
1348;93/2021;2021_93_10;puhemies;1
1348;93/2021;2021_93_10;haluta;1
1348;93/2021;2021_93_10;kiittää;1
1348;93/2021;2021_93_10;hallitus;1
1348;93/2021;2021_93_10;tämä;5
1348;93/2021;2021_93_10;erinomainen;2
1348;93/2021;2021_93_10;esitys;4
1348;93/2021;2021_93_10;edustaja;1
1348;93/2021;2021_93_10;laiho;1
1348;93/2021;2021_93_10;luetella;1
1348;93/2021;2021_93_10;usea;1
1348;93/2021;2021_93_10;hyvä;2
1348;93/2021;2021_93_10;parannus;1
1348;93/2021;2021_93_10;joka;1
1348;93/2021;2021_93_10;sisältää;1
1348;93/2021;2021_93_10;yksi;1
1348;93/2021;2021_93_10;olla;6
1348;93/2021;2021_93_10;tietysti;2
1348;93/2021;2021_93_10;myös;2
1348;93/2021;2021_93_10;se;4
1348;93/2021;2021_93_10;että;3
1348;93/2021;2021_93_10;jatko;1
1348;93/2021;2021_93_10;apteekki;1
1348;93/2021;2021_93_10;tai;1
1348;93/2021;2021_93_10;sivuapteekki;1
1348;93/2021;2021_93_10;voida;1
1348;93/2021;2021_93_10;perustaa;1
1348;93/2021;2021_93_10;sosiaali;1
1348;93/2021;2021_93_10;ja;4
1348;93/2021;2021_93_10;terveydenhuolto;1
1348;93/2021;2021_93_10;toimintayksikkö;1
1348;93/2021;2021_93_10;yhteys;1
1348;93/2021;2021_93_10;näin;1
1348;93/2021;2021_93_10;lappilainen;1
1348;93/2021;2021_93_10;kansanedustaja;1
1348;93/2021;2021_93_10;apteekkari;1
1348;93/2021;2021_93_10;poika;1
1348;93/2021;2021_93_10;täytyä;1
1348;93/2021;2021_93_10;tyytyväinen;1
1348;93/2021;2021_93_10;minä;1
1348;93/2021;2021_93_10;pitää;1
1348;93/2021;2021_93_10;kiinni;1
1348;93/2021;2021_93_10;turvallinen;1
1348;93/2021;2021_93_10;suomalainen;1
1348;93/2021;2021_93_10;apteekkijärjestelmä;1
1348;93/2021;2021_93_10;kanta;1
1348;93/2021;2021_93_10;tulla;2
1348;93/2021;2021_93_10;lisätä;1
1348;93/2021;2021_93_10;lääke;1
1348;93/2021;2021_93_10;saatavuus;1
1348;93/2021;2021_93_10;kaikkialla;1
1348;93/2021;2021_93_10;maa;2
1348;93/2021;2021_93_10;kysyä;1
1348;93/2021;2021_93_10;ministeri;1
1348;93/2021;2021_93_10;miten;1
1348;93/2021;2021_93_10;arvioida;1
1348;93/2021;2021_93_10;millainen;1
1348;93/2021;2021_93_10;vaikutus;1
1348;93/2021;2021_93_10;syrjäinen;1
1348;93/2021;2021_93_10;harvaan;1
1348;93/2021;2021_93_10;asua;1
1348;93/2021;2021_93_10;seutu;1
1348;94/2021;2021_94_116;arvoisa;1
1348;94/2021;2021_94_116;herra;1
1348;94/2021;2021_94_116;puhemies;1
1348;94/2021;2021_94_116;myös;5
1348;94/2021;2021_94_116;oma;2
1348;94/2021;2021_94_116;puolesta;1
1348;94/2021;2021_94_116;ministeri;2
1348;94/2021;2021_94_116;kiitos;1
1348;94/2021;2021_94_116;tämä;6
1348;94/2021;2021_94_116;erinomainen;1
1348;94/2021;2021_94_116;ehdotus;1
1348;94/2021;2021_94_116;olla;8
1348;94/2021;2021_94_116;edustaja;1
1348;94/2021;2021_94_116;eestilä;1
1348;94/2021;2021_94_116;kanssa;1
1348;94/2021;2021_94_116;sama;1
1348;94/2021;2021_94_116;mieli;1
1348;94/2021;2021_94_116;että;3
1348;94/2021;2021_94_116;hieno;1
1348;94/2021;2021_94_116;minä;3
1348;94/2021;2021_94_116;parlamentarismi;1
1348;94/2021;2021_94_116;toimia;1
1348;94/2021;2021_94_116;ja;4
1348;94/2021;2021_94_116;ääretön;1
1348;94/2021;2021_94_116;tärkeä;1
1348;94/2021;2021_94_116;asia;1
1348;94/2021;2021_94_116;maksuhäiriömerkintä;1
1348;94/2021;2021_94_116;säilymisaika;1
1348;94/2021;2021_94_116;lyhentäminen;1
1348;94/2021;2021_94_116;nyt;2
1348;94/2021;2021_94_116;edetä;1
1348;94/2021;2021_94_116;koska;1
1348;94/2021;2021_94_116;niin;1
1348;94/2021;2021_94_116;kuin;1
1348;94/2021;2021_94_116;keskustelu;1
1348;94/2021;2021_94_116;kuulla;1
1348;94/2021;2021_94_116;se;4
1348;94/2021;2021_94_116;vaikuttaa;1
1348;94/2021;2021_94_116;moni;1
1348;94/2021;2021_94_116;tapa;1
1348;94/2021;2021_94_116;ihminen;2
1348;94/2021;2021_94_116;elämä;1
1348;94/2021;2021_94_116;joka;3
1348;94/2021;2021_94_116;merkintä;1
1348;94/2021;2021_94_116;hypätä;1
1348;94/2021;2021_94_116;hieman;1
1348;94/2021;2021_94_116;eteenpäin;1
1348;94/2021;2021_94_116;keskustella;1
1348;94/2021;2021_94_116;paljon;1
1348;94/2021;2021_94_116;henkilökohtainen;3
1348;94/2021;2021_94_116;konkurssi;3
1348;94/2021;2021_94_116;mahdollistaminen;1
1348;94/2021;2021_94_116;mahdollisuus;1
1348;94/2021;2021_94_116;kysyä;1
1348;94/2021;2021_94_116;hallitus;1
1348;94/2021;2021_94_116;piiri;1
1348;94/2021;2021_94_116;tai;1
1348;94/2021;2021_94_116;ministeriö;1
1348;94/2021;2021_94_116;vireillä;1
1348;94/2021;2021_94_116;mikään;1
1348;94/2021;2021_94_116;valmistelu;1
1348;94/2021;2021_94_116;voida;1
1348;94/2021;2021_94_116;mahdollistaa;1
1348;94/2021;2021_94_116;sellainen;1
1348;94/2021;2021_94_116;henkilö;1
1348;94/2021;2021_94_116;ei;1
1348;94/2021;2021_94_116;yksinkertaisesti;1
1348;94/2021;2021_94_116;tulla;2
1348;94/2021;2021_94_116;valtava;1
1348;94/2021;2021_94_116;velkataakka;1
1348;94/2021;2021_94_116;elinaika;1
1348;94/2021;2021_94_116;ilman;1
1348;94/2021;2021_94_116;selviytyä;1
1348;94/2021;2021_94_116;katsoa;1
1348;94/2021;2021_94_116;kyllä;1
1348;94/2021;2021_94_116;merkitys;1
1348;94/2021;2021_94_116;ennen;1
1348;94/2021;2021_94_116;kaikkea;1
1348;94/2021;2021_94_116;pienyrittäjä;1
1348;94/2021;2021_94_116;kanta;1
1348;94/2021;2021_94_116;yhteiskunta;1
1348;94/2021;2021_94_116;antaa;1
1348;94/2021;2021_94_116;lupa;1
1348;94/2021;2021_94_116;epäonnistua;1
1348;94/2021;2021_94_116;jälkeen;1
1348;94/2021;2021_94_116;nousta;1
1348;94/2021;2021_94_116;sieltä;1
1348;94/2021;2021_94_116;työ;1
1348;94/2021;2021_94_116;takaisin;1
1348;94/2021;2021_94_116;jalka;1
1348;94/2021;2021_94_125;arvoisa;1
1348;94/2021;2021_94_125;herra;1
1348;94/2021;2021_94_125;puhemies;1
1348;94/2021;2021_94_125;kiitos;1
1348;94/2021;2021_94_125;ministeri;2
1348;94/2021;2021_94_125;esittely;1
1348;94/2021;2021_94_125;tämä;5
1348;94/2021;2021_94_125;olla;6
1348;94/2021;2021_94_125;varmasti;1
1348;94/2021;2021_94_125;perustella;1
1348;94/2021;2021_94_125;lakiehdotus;1
1348;94/2021;2021_94_125;joka;1
1348;94/2021;2021_94_125;ei;3
1348;94/2021;2021_94_125;varmaan;1
1348;94/2021;2021_94_125;suuri;1
1348;94/2021;2021_94_125;poliittinen;1
1348;94/2021;2021_94_125;intohimo;1
1348;94/2021;2021_94_125;valiokuntakäsittely;1
1348;94/2021;2021_94_125;herättää;1
1348;94/2021;2021_94_125;mutta;2
1348;94/2021;2021_94_125;yhteys;1
1348;94/2021;2021_94_125;kysyä;2
1348;94/2021;2021_94_125;se;5
1348;94/2021;2021_94_125;kun;1
1348;94/2021;2021_94_125;minä;2
1348;94/2021;2021_94_125;maa;1
1348;94/2021;2021_94_125;keskustella;1
1348;94/2021;2021_94_125;todella;1
1348;94/2021;2021_94_125;pitkään;1
1348;94/2021;2021_94_125;niin;1
1348;94/2021;2021_94_125;sanottu;1
1348;94/2021;2021_94_125;vinjettimaksu;1
1348;94/2021;2021_94_125;ulkolainen;2
1348;94/2021;2021_94_125;raskas;1
1348;94/2021;2021_94_125;liikenne;2
1348;94/2021;2021_94_125;ja;2
1348;94/2021;2021_94_125;valmistelu;1
1348;94/2021;2021_94_125;viime;1
1348;94/2021;2021_94_125;hallituskausi;1
1348;94/2021;2021_94_125;jo;2
1348;94/2021;2021_94_125;varsin;1
1348;94/2021;2021_94_125;pitkä;1
1348;94/2021;2021_94_125;toteuttaa;1
1348;94/2021;2021_94_125;aina;1
1348;94/2021;2021_94_125;tuolla;1
1348;94/2021;2021_94_125;kotimaakunta;1
1348;94/2021;2021_94_125;lappi;2
1348;94/2021;2021_94_125;kokea;1
1348;94/2021;2021_94_125;kyllä;1
1348;94/2021;2021_94_125;hivenen;1
1348;94/2021;2021_94_125;epäoikeudenmukainen;1
1348;94/2021;2021_94_125;että;1
1348;94/2021;2021_94_125;esimerkiksi;1
1348;94/2021;2021_94_125;norjalainen;1
1348;94/2021;2021_94_125;rekka;1
1348;94/2021;2021_94_125;käyttää;1
1348;94/2021;2021_94_125;tiestö;3
1348;94/2021;2021_94_125;maansisäinen;1
1348;94/2021;2021_94_125;maksaa;1
1348;94/2021;2021_94_125;mikään;2
1348;94/2021;2021_94_125;korvaus;1
1348;94/2021;2021_94_125;asia;1
1348;94/2021;2021_94_125;liittyä;1
1348;94/2021;2021_94_125;vireillä;1
1348;94/2021;2021_94_125;saada;1
1348;94/2021;2021_94_125;rekkaliikenne;1
1348;94/2021;2021_94_125;mahdollisesti;1
1348;94/2021;2021_94_125;jonkuntyyppinen;1
1348;94/2021;2021_94_125;tienkäyttömaksu;1
1348;94/2021;2021_94_125;jolloin;1
1348;94/2021;2021_94_125;hän;1
1348;94/2021;2021_94_125;sitten;2
1348;94/2021;2021_94_125;osallistua;1
1348;94/2021;2021_94_125;ylläpito;1
1348;94/2021;2021_94_125;pelkästään;1
1348;94/2021;2021_94_125;kuluttaja;1
1348;94/2021;2021_94_125;vaan;1
1348;94/2021;2021_94_125;myös;1
1348;94/2021;2021_94_125;maksaja;1
1348;94/2021;2021_94_133;arvoisa;1
1348;94/2021;2021_94_133;herra;1
1348;94/2021;2021_94_133;puhemies;1
1348;94/2021;2021_94_133;olla;12
1348;94/2021;2021_94_133;kiittää;1
1348;94/2021;2021_94_133;hallitus;2
1348;94/2021;2021_94_133;ja;6
1348;94/2021;2021_94_133;ministeri;1
1348;94/2021;2021_94_133;leppä;1
1348;94/2021;2021_94_133;tämä;11
1348;94/2021;2021_94_133;erinomainen;1
1348;94/2021;2021_94_133;esitys;3
1348;94/2021;2021_94_133;tuoda;3
1348;94/2021;2021_94_133;kaksi;1
1348;94/2021;2021_94_133;edeltävä;1
1348;94/2021;2021_94_133;puheenvuoro;1
1348;94/2021;2021_94_133;hyvin;1
1348;94/2021;2021_94_133;esille;2
1348;94/2021;2021_94_133;se;6
1348;94/2021;2021_94_133;ongelma;3
1348;94/2021;2021_94_133;joka;1
1348;94/2021;2021_94_133;nyt;1
1348;94/2021;2021_94_133;sitten;5
1348;94/2021;2021_94_133;korjata;1
1348;94/2021;2021_94_133;pentutehtailu;1
1348;94/2021;2021_94_133;valitettava;2
1348;94/2021;2021_94_133;suuri;2
1348;94/2021;2021_94_133;maa;1
1348;94/2021;2021_94_133;tuottaa;1
1348;94/2021;2021_94_133;lopulta;1
1348;94/2021;2021_94_133;yleensä;1
1348;94/2021;2021_94_133;sairas;1
1348;94/2021;2021_94_133;koirayksilö;1
1348;94/2021;2021_94_133;toivoa;1
1348;94/2021;2021_94_133;että;6
1348;94/2021;2021_94_133;päästä;2
1348;94/2021;2021_94_133;käsiksi;1
1348;94/2021;2021_94_133;kuten;2
1348;94/2021;2021_94_133;myös;6
1348;94/2021;2021_94_133;totta;1
1348;94/2021;2021_94_133;kai;1
1348;94/2021;2021_94_133;eläin;3
1348;94/2021;2021_94_133;laiton;1
1348;94/2021;2021_94_133;maahantuonti;1
1348;94/2021;2021_94_133;huolissaan;1
1348;94/2021;2021_94_133;sieltä;1
1348;94/2021;2021_94_133;voida;2
1348;94/2021;2021_94_133;tulla;2
1348;94/2021;2021_94_133;vaikka;1
1348;94/2021;2021_94_133;minkälainen;1
1348;94/2021;2021_94_133;eläintauti;1
1348;94/2021;2021_94_133;mukana;3
1348;94/2021;2021_94_133;kun;3
1348;94/2021;2021_94_133;tunnistaa;2
1348;94/2021;2021_94_133;suomi;1
1348;94/2021;2021_94_133;jo;1
1348;94/2021;2021_94_133;mahdollisuus;1
1348;94/2021;2021_94_133;tällainen;2
1348;94/2021;2021_94_133;zoonoosi;1
1348;94/2021;2021_94_133;ulkomaa;1
1348;94/2021;2021_94_133;koira;1
1348;94/2021;2021_94_133;tai;1
1348;94/2021;2021_94_133;kissa;1
1348;94/2021;2021_94_133;virus;1
1348;94/2021;2021_94_133;levitä;1
1348;94/2021;2021_94_133;ihminen;1
1348;94/2021;2021_94_133;seikka;1
1348;94/2021;2021_94_133;ottaa;1
1348;94/2021;2021_94_133;äärimmäinen;1
1348;94/2021;2021_94_133;vakavasti;1
1348;94/2021;2021_94_133;edustaja;3
1348;94/2021;2021_94_133;pitko;1
1348;94/2021;2021_94_133;tuossa;1
1348;94/2021;2021_94_133;itse;1
1348;94/2021;2021_94_133;haluta;1
1348;94/2021;2021_94_133;hivenen;1
1348;94/2021;2021_94_133;oikaista;1
1348;94/2021;2021_94_133;elomaa;2
1348;94/2021;2021_94_133;käsitys;1
1348;94/2021;2021_94_133;leikata;1
1348;94/2021;2021_94_133;tulli;1
1348;94/2021;2021_94_133;poliisi;1
1348;94/2021;2021_94_133;resurssi;2
1348;94/2021;2021_94_133;päinvastoin;1
1348;94/2021;2021_94_133;siellä;1
1348;94/2021;2021_94_133;määräraha;1
1348;94/2021;2021_94_133;korkea;1
1348;94/2021;2021_94_133;taso;1
1348;94/2021;2021_94_133;kuin;1
1348;94/2021;2021_94_133;vuosi;1
1348;94/2021;2021_94_133;ehdoton;1
1348;94/2021;2021_94_133;tärkeä;1
1348;94/2021;2021_94_133;rajavartiolaitos;1
1348;94/2021;2021_94_133;turvata;1
1348;94/2021;2021_94_133;kaikki;1
1348;94/2021;2021_94_133;raja;1
1348;94/2021;2021_94_133;ajoneuvo;1
1348;94/2021;2021_94_133;pysäyttää;1
1348;94/2021;2021_94_133;havaita;1
1348;94/2021;2021_94_133;niin;2
1348;94/2021;2021_94_133;järjestelmä;1
1348;94/2021;2021_94_133;kautta;1
1348;94/2021;2021_94_133;huoli;1
1348;94/2021;2021_94_133;minipossu;2
1348;94/2021;2021_94_133;ei;1
1348;94/2021;2021_94_133;aikaisemmin;1
1348;94/2021;2021_94_133;potea;1
1348;94/2021;2021_94_133;mutta;1
1348;94/2021;2021_94_133;asia;1
1348;94/2021;2021_94_133;nostaa;1
1348;94/2021;2021_94_133;aina;1
1348;94/2021;2021_94_133;henkilökohtaisesti;1
1348;94/2021;2021_94_133;kyllä;1
1348;94/2021;2021_94_133;valmis;1
1348;94/2021;2021_94_133;edistää;1
1348;94/2021;2021_94_133;hyvinvointi;1
1348;94/2021;2021_94_145;arvoisa;1
1348;94/2021;2021_94_145;herra;1
1348;94/2021;2021_94_145;puhemies;1
1348;94/2021;2021_94_145;edustaja;1
1348;94/2021;2021_94_145;pirttilahti;1
1348;94/2021;2021_94_145;tuossa;1
1348;94/2021;2021_94_145;ansiokkaasti;1
1348;94/2021;2021_94_145;esitellä;1
1348;94/2021;2021_94_145;lakiesitys;1
1348;94/2021;2021_94_145;sisältö;1
1348;94/2021;2021_94_145;olla;9
1348;94/2021;2021_94_145;se;4
1348;94/2021;2021_94_145;mieli;1
1348;94/2021;2021_94_145;että;4
1348;94/2021;2021_94_145;tämä;5
1348;94/2021;2021_94_145;teknisluontoinen;1
1348;94/2021;2021_94_145;muutos;1
1348;94/2021;2021_94_145;välttämätön;1
1348;94/2021;2021_94_145;toteuttaa;1
1348;94/2021;2021_94_145;ei;1
1348;94/2021;2021_94_145;varmasti;1
1348;94/2021;2021_94_145;siellä;1
1348;94/2021;2021_94_145;valiokuntakäsittely;1
1348;94/2021;2021_94_145;kovin;1
1348;94/2021;2021_94_145;suuri;1
1348;94/2021;2021_94_145;poliittinen;1
1348;94/2021;2021_94_145;intohimo;1
1348;94/2021;2021_94_145;tulla;1
1348;94/2021;2021_94_145;herättää;1
1348;94/2021;2021_94_145;yhteys;1
1348;94/2021;2021_94_145;kuitenkin;1
1348;94/2021;2021_94_145;hyvä;1
1348;94/2021;2021_94_145;muistuttaa;1
1348;94/2021;2021_94_145;kuinka;2
1348;94/2021;2021_94_145;tärkeä;1
1348;94/2021;2021_94_145;asia;2
1348;94/2021;2021_94_145;kalatalous;1
1348;94/2021;2021_94_145;suomi;1
1348;94/2021;2021_94_145;ja;5
1348;94/2021;2021_94_145;paljon;1
1348;94/2021;2021_94_145;minä;4
1348;94/2021;2021_94_145;potentiaali;1
1348;94/2021;2021_94_145;lisätä;1
1348;94/2021;2021_94_145;niin;1
1348;94/2021;2021_94_145;sisävesikalastus;1
1348;94/2021;2021_94_145;kuin;1
1348;94/2021;2021_94_145;merikalastus;1
1348;94/2021;2021_94_145;myös;3
1348;94/2021;2021_94_145;kalanviljely;1
1348;94/2021;2021_94_145;jokin;1
1348;94/2021;2021_94_145;tapa;1
1348;94/2021;2021_94_145;nurinkurinen;1
1348;94/2021;2021_94_145;huvittava;1
1348;94/2021;2021_94_145;tänne;1
1348;94/2021;2021_94_145;tuhat;1
1348;94/2021;2021_94_145;järvi;1
1348;94/2021;2021_94_145;maa;2
1348;94/2021;2021_94_145;tuoda;1
1348;94/2021;2021_94_145;ulkomaa;1
1348;94/2021;2021_94_145;aivan;2
1348;94/2021;2021_94_145;valtavasti;2
1348;94/2021;2021_94_145;kala;4
1348;94/2021;2021_94_145;norja;2
1348;94/2021;2021_94_145;lohi;2
1348;94/2021;2021_94_145;jo;2
1348;94/2021;2021_94_145;aasia;1
1348;94/2021;2021_94_145;pangasius;1
1348;94/2021;2021_94_145;kun;1
1348;94/2021;2021_94_145;vesi;1
1348;94/2021;2021_94_145;täynnä;1
1348;94/2021;2021_94_145;joka;1
1348;94/2021;2021_94_145;sieltä;1
1348;94/2021;2021_94_145;voida;2
1348;94/2021;2021_94_145;pyytää;1
1348;94/2021;2021_94_145;mahdollisuus;1
1348;94/2021;2021_94_145;nykyinen;1
1348;94/2021;2021_94_145;tehokkaasti;1
1348;94/2021;2021_94_145;viljellä;1
1348;94/2021;2021_94_145;toivoa;2
1348;94/2021;2021_94_145;kyllä;1
1348;94/2021;2021_94_145;metsätalousministeriö;1
1348;94/2021;2021_94_145;kiinnittää;2
1348;94/2021;2021_94_145;huomio;1
1348;94/2021;2021_94_145;toki;1
1348;94/2021;2021_94_145;tällainen;1
1348;94/2021;2021_94_145;kotimainen;2
1348;94/2021;2021_94_145;edistämisohjelma;1
1348;94/2021;2021_94_145;täytyä;1
1348;94/2021;2021_94_145;kansalainen;1
1348;94/2021;2021_94_145;vastuullisuus;1
1348;94/2021;2021_94_145;sijasta;1
1348;94/2021;2021_94_145;kannattaa;1
1348;94/2021;2021_94_145;aina;1
1348;94/2021;2021_94_145;valita;1
1348;94/2021;2021_94_145;lautanen;1
1348;94/2021;2021_94_145;kirjolohi;1
1348;94/2021;2021_94_156;arvoisa;1
1348;94/2021;2021_94_156;herra;1
1348;94/2021;2021_94_156;puhemies;1
1348;94/2021;2021_94_156;haluta;1
1348;94/2021;2021_94_156;myös;2
1348;94/2021;2021_94_156;puolesta;1
1348;94/2021;2021_94_156;kiittää;1
1348;94/2021;2021_94_156;edustaja;1
1348;94/2021;2021_94_156;honkasalo;1
1348;94/2021;2021_94_156;ja;4
1348;94/2021;2021_94_156;hänninen;1
1348;94/2021;2021_94_156;tämä;10
1348;94/2021;2021_94_156;erinomainen;1
1348;94/2021;2021_94_156;aloite;4
1348;94/2021;2021_94_156;olla;9
1348;94/2021;2021_94_156;ikävä;1
1348;94/2021;2021_94_156;että;3
1348;94/2021;2021_94_156;elää;1
1348;94/2021;2021_94_156;korona-aika;1
1348;94/2021;2021_94_156;varmasti;1
1348;94/2021;2021_94_156;jos;1
1348;94/2021;2021_94_156;tällainen;1
1348;94/2021;2021_94_156;allekirjoittaa;1
1348;94/2021;2021_94_156;tulla;1
1348;94/2021;2021_94_156;oma;1
1348;94/2021;2021_94_156;allekirjoitus;1
1348;94/2021;2021_94_156;antaa;1
1348;94/2021;2021_94_156;mutta;1
1348;94/2021;2021_94_156;kun;1
1348;94/2021;2021_94_156;tuolla;1
1348;94/2021;2021_94_156;sähköinen;1
1348;94/2021;2021_94_156;järjestelmä;1
1348;94/2021;2021_94_156;pelata;1
1348;94/2021;2021_94_156;niin;2
1348;94/2021;2021_94_156;asia;1
1348;94/2021;2021_94_156;valitettavasti;1
1348;94/2021;2021_94_156;päästä;1
1348;94/2021;2021_94_156;ohi;1
1348;94/2021;2021_94_156;mennä;1
1348;94/2021;2021_94_156;pitää;1
1348;94/2021;2021_94_156;ääretön;1
1348;94/2021;2021_94_156;tärkeä;1
1348;94/2021;2021_94_156;tukea;1
1348;94/2021;2021_94_156;lapsiperhe;1
1348;94/2021;2021_94_156;yksinhuoltaja;1
1348;94/2021;2021_94_156;jaksaminen;1
1348;94/2021;2021_94_156;arki;2
1348;94/2021;2021_94_156;tarve;1
1348;94/2021;2021_94_156;vastata;1
1348;94/2021;2021_94_156;kyllä;1
1348;94/2021;2021_94_156;erinomaisesti;1
1348;94/2021;2021_94_156;kuten;1
1348;94/2021;2021_94_156;muu;1
1348;94/2021;2021_94_156;puheenvuoro;1
1348;94/2021;2021_94_156;todeta;1
1348;94/2021;2021_94_156;poikkeuksellinen;1
1348;94/2021;2021_94_156;elämänmakuinen;1
1348;94/2021;2021_94_156;koska;1
1348;94/2021;2021_94_156;molemmat;1
1348;94/2021;2021_94_156;aloitteentekijä;1
1348;94/2021;2021_94_156;omakotainen;1
1348;94/2021;2021_94_156;kokemus;1
1348;94/2021;2021_94_156;haaste;1
1348;94/2021;2021_94_156;joka;1
1348;94/2021;2021_94_156;voida;1
1348;94/2021;2021_94_156;kohdata;1
1348;94/2021;2021_94_156;toivoa;2
1348;94/2021;2021_94_156;asiallinen;1
1348;94/2021;2021_94_156;käsittely;2
1348;94/2021;2021_94_156;valiokunta;1
1348;94/2021;2021_94_156;vaikka;1
1348;94/2021;2021_94_156;valitettava;1
1348;94/2021;2021_94_156;pieni;1
1348;94/2021;2021_94_156;jäädä;1
1348;94/2021;2021_94_156;allekirjoitusmäärä;1
1348;94/2021;2021_94_156;se;1
1348;94/2021;2021_94_156;ei;1
1348;94/2021;2021_94_156;este;1
1348;94/2021;2021_94_163;arvoisa;3
1348;94/2021;2021_94_163;herra;2
1348;94/2021;2021_94_163;puhemies;3
1348;94/2021;2021_94_163;tämä;10
1348;94/2021;2021_94_163;lakialoite;3
1348;94/2021;2021_94_163;olla;11
1348;94/2021;2021_94_163;laki;2
1348;94/2021;2021_94_163;ympäristönsuojelulaki;4
1348;94/2021;2021_94_163;muuttaminen;1
1348;94/2021;2021_94_163;ja;9
1348;94/2021;2021_94_163;esittää;1
1348;94/2021;2021_94_163;että;7
1348;94/2021;2021_94_163;ko;1
1348;94/2021;2021_94_163;momentti;4
1348;94/2021;2021_94_163;muuttaa;2
1348;94/2021;2021_94_163;siten;1
1348;94/2021;2021_94_163;lumi;16
1348;94/2021;2021_94_163;kaataminen;6
1348;94/2021;2021_94_163;meri;15
1348;94/2021;2021_94_163;kieltää;5
1348;94/2021;2021_94_163;saada;1
1348;94/2021;2021_94_163;inspiraatio;1
1348;94/2021;2021_94_163;aloite;3
1348;94/2021;2021_94_163;helsinki;6
1348;94/2021;2021_94_163;kaupunki;4
1348;94/2021;2021_94_163;seurata;1
1348;94/2021;2021_94_163;jokavuotinen;1
1348;94/2021;2021_94_163;keskustelu;1
1348;94/2021;2021_94_163;käsittely;2
1348;94/2021;2021_94_163;pitää;4
1348;94/2021;2021_94_163;varsin;1
1348;94/2021;2021_94_163;hämmentävä;1
1348;94/2021;2021_94_163;ei;6
1348;94/2021;2021_94_163;omaehtoisesti;1
1348;94/2021;2021_94_163;valmis;1
1348;94/2021;2021_94_163;asia;1
1348;94/2021;2021_94_163;vaan;1
1348;94/2021;2021_94_163;haluta;2
1348;94/2021;2021_94_163;ilmeisesti;1
1348;94/2021;2021_94_163;profiloitua;1
1348;94/2021;2021_94_163;suomi;6
1348;94/2021;2021_94_163;luontopääkaupunki;1
1348;94/2021;2021_94_163;kuten;1
1348;94/2021;2021_94_163;se;3
1348;94/2021;2021_94_163;mahdollisuus;1
1348;94/2021;2021_94_163;roskapääkaupunki;1
1348;94/2021;2021_94_163;kaataa;3
1348;94/2021;2021_94_163;aiheuttaa;3
1348;94/2021;2021_94_163;ympäristö;1
1348;94/2021;2021_94_163;vakava;2
1348;94/2021;2021_94_163;haitta;1
1348;94/2021;2021_94_163;aurata;2
1348;94/2021;2021_94_163;mukana;4
1348;94/2021;2021_94_163;päätyä;4
1348;94/2021;2021_94_163;muun;3
1348;94/2021;2021_94_163;muassa;3
1348;94/2021;2021_94_163;roska;3
1348;94/2021;2021_94_163;muovi;2
1348;94/2021;2021_94_163;asfalttihiukkanen;1
1348;94/2021;2021_94_163;auto;1
1348;94/2021;2021_94_163;rengas;1
1348;94/2021;2021_94_163;irrota;1
1348;94/2021;2021_94_163;kumirouhe;1
1348;94/2021;2021_94_163;ympäristökeskus;1
1348;94/2021;2021_94_163;tutkimus;1
1348;94/2021;2021_94_163;mukaan;2
1348;94/2021;2021_94_163;sijoittaminen;1
1348;94/2021;2021_94_163;tai;3
1348;94/2021;2021_94_163;vesistö;2
1348;94/2021;2021_94_163;roskaantuma;1
1348;94/2021;2021_94_163;toimia;1
1348;94/2021;2021_94_163;mikromuovi;1
1348;94/2021;2021_94_163;reitti;1
1348;94/2021;2021_94_163;erilainen;1
1348;94/2021;2021_94_163;merialue;1
1348;94/2021;2021_94_163;itämeri;2
1348;94/2021;2021_94_163;normaaliluminen;1
1348;94/2021;2021_94_163;talvi;1
1348;94/2021;2021_94_163;usea;1
1348;94/2021;2021_94_163;tuhat;1
1348;94/2021;2021_94_163;kilo;1
1348;94/2021;2021_94_163;arvio;1
1348;94/2021;2021_94_163;yli;1
1348;94/2021;2021_94_163;miljoona;1
1348;94/2021;2021_94_163;mikromuovipartikkeli;1
1348;94/2021;2021_94_163;katu;2
1348;94/2021;2021_94_163;lumimassa;1
1348;94/2021;2021_94_163;sisältää;1
1348;94/2021;2021_94_163;myös;3
1348;94/2021;2021_94_163;heittää;1
1348;94/2021;2021_94_163;eläin;1
1348;94/2021;2021_94_163;jätös;1
1348;94/2021;2021_94_163;sekä;1
1348;94/2021;2021_94_163;ympäristömyrkky;1
1348;94/2021;2021_94_163;luokitella;1
1348;94/2021;2021_94_163;tupakantumppi;1
1348;94/2021;2021_94_163;jäte;2
1348;94/2021;2021_94_163;muu;3
1348;94/2021;2021_94_163;haitallinen;1
1348;94/2021;2021_94_163;ainesosa;1
1348;94/2021;2021_94_163;kulkeutua;1
1348;94/2021;2021_94_163;merivirta;1
1348;94/2021;2021_94_163;laaja;1
1348;94/2021;2021_94_163;alue;1
1348;94/2021;2021_94_163;välttämättä;1
1348;94/2021;2021_94_163;hävitä;1
1348;94/2021;2021_94_163;koskaan;1
1348;94/2021;2021_94_163;täysin;1
1348;94/2021;2021_94_163;käsittämätön;1
1348;94/2021;2021_94_163;jatkaa;1
1348;94/2021;2021_94_163;tällainen;2
1348;94/2021;2021_94_163;toiminta;1
1348;94/2021;2021_94_163;vaikka;1
1348;94/2021;2021_94_163;eräs;1
1348;94/2021;2021_94_163;virkamies;1
1348;94/2021;2021_94_163;sana;1
1348;94/2021;2021_94_163;kaikki;3
1348;94/2021;2021_94_163;polkupyörä;1
1348;94/2021;2021_94_163;puliukko;1
1348;94/2021;2021_94_163;ainoa;1
1348;94/2021;2021_94_163;joka;1
1348;94/2021;2021_94_163;sivistyskaupunki;1
1348;94/2021;2021_94_163;espoo;1
1348;94/2021;2021_94_163;turku;1
1348;94/2021;2021_94_163;oulu;1
1348;94/2021;2021_94_163;nojalla;1
1348;94/2021;2021_94_163;antaa;1
1348;94/2021;2021_94_163;ympäristönsuojelumääräys;1
1348;94/2021;2021_94_163;tarvita;1
1348;94/2021;2021_94_163;kuitenkin;1
1348;94/2021;2021_94_163;kategorinen;1
1348;94/2021;2021_94_163;kielto;1
1348;94/2021;2021_94_163;koskea;1
1348;94/2021;2021_94_163;koska;1
1348;94/2021;2021_94_163;edelleen;1
1348;94/2021;2021_94_163;sallia;2
1348;94/2021;2021_94_163;kippaaminen;1
1348;94/2021;2021_94_163;poikkeustila;1
1348;94/2021;2021_94_163;hyvä;1
1348;94/2021;2021_94_163;huomata;1
1348;94/2021;2021_94_163;pohjoismaa;1
1348;94/2021;2021_94_163;asiantuntija;1
1348;94/2021;2021_94_163;maa-alue;1
1348;94/2021;2021_94_163;hävittää;1
1348;94/2021;2021_94_163;keino;1
1348;94/2021;2021_94_163;esimerkiksi;1
1348;94/2021;2021_94_163;sulattaa;1
1348;94/2021;2021_94_163;monenlainen;1
1348;94/2021;2021_94_163;tekninen;1
1348;94/2021;2021_94_163;ratkaisu;1
1348;94/2021;2021_94_163;perustella;1
1348;94/2021;2021_94_163;kuljettaminen;1
1348;94/2021;2021_94_163;muualle;1
1348;94/2021;2021_94_163;hiilidioksidipäästö;2
1348;94/2021;2021_94_163;perustelu;1
1348;94/2021;2021_94_163;kestävä;1
1348;94/2021;2021_94_163;minä;1
1348;94/2021;2021_94_163;voida;1
1348;94/2021;2021_94_163;asetella;1
1348;94/2021;2021_94_163;vastakkain;1
1348;94/2021;2021_94_163;puhtaus;1
1348;94/2021;2021_94_163;lainsäädäntö;1
1348;94/2021;2021_94_163;siis;1
1348;94/2021;2021_94_163;hetki;1
1348;94/2021;2021_94_163;laskeminen;1
1348;94/2021;2021_94_163;aluevesi;1
1348;94/2021;2021_94_163;talousvyöhyke;1
1348;94/2021;2021_94_163;mutta;1
1348;94/2021;2021_94_163;poikkeus;2
1348;94/2021;2021_94_163;poistaa;1
1348;94/2021;2021_94_163;tuo;1
1348;94/2021;2021_94_163;kiittää;1
1348;94/2021;2021_94_163;allekirjoittaja;1
1348;94/2021;2021_94_163;toivoa;1
1348;94/2021;2021_94_163;ympäristövaliokunta;1
1348;94/2021;2021_94_163;ottaa;1
1348;94/2021;2021_94_163;vakavasti;1
1348;94/2021;2021_94_163;kiitos;1
1348;94/2021;2021_94_173;arvoisa;1
1348;94/2021;2021_94_173;herra;1
1348;94/2021;2021_94_173;puhemies;1
1348;94/2021;2021_94_173;kollega;1
1348;94/2021;2021_94_173;kiitos;1
1348;94/2021;2021_94_173;tämä;1
1348;94/2021;2021_94_173;lämmin;1
1348;94/2021;2021_94_173;puheenvuoro;1
1348;94/2021;2021_94_173;ja;2
1348;94/2021;2021_94_173;hyvä;1
1348;94/2021;2021_94_173;tarkennus;1
1348;94/2021;2021_94_173;joka;1
1348;94/2021;2021_94_173;toivo;1
1348;94/2021;2021_94_173;mukaan;1
1348;94/2021;2021_94_173;sitten;1
1348;94/2021;2021_94_173;mahdollinen;1
1348;94/2021;2021_94_173;ympäristövaliokunta;2
1348;94/2021;2021_94_173;käsittely;2
1348;94/2021;2021_94_173;ottaa;1
1348;94/2021;2021_94_173;huomio;1
1348;94/2021;2021_94_173;itse;1
1348;94/2021;2021_94_173;katsoa;1
1348;94/2021;2021_94_173;että;2
1348;94/2021;2021_94_173;koska;1
1348;94/2021;2021_94_173;maa;1
1348;94/2021;2021_94_173;pääkaupunki;1
1348;94/2021;2021_94_173;helsinki;2
1348;94/2021;2021_94_173;ei;1
1348;94/2021;2021_94_173;omaehtoisesti;1
1348;94/2021;2021_94_173;haluta;1
1348;94/2021;2021_94_173;asia;1
1348;94/2021;2021_94_173;suhteen;1
1348;94/2021;2021_94_173;toimia;1
1348;94/2021;2021_94_173;niin;1
1348;94/2021;2021_94_173;minä;1
1348;94/2021;2021_94_173;olla;1
1348;94/2021;2021_94_173;eduskunta;1
1348;94/2021;2021_94_173;velvollisuus;1
1348;94/2021;2021_94_173;laittaa;1
1348;94/2021;2021_94_173;kuri;1
1348;94/2021;2021_94_173;lopettaa;1
1348;94/2021;2021_94_173;tällainen;1
1348;94/2021;2021_94_173;tietoinen;1
1348;94/2021;2021_94_173;itämeri;1
1348;94/2021;2021_94_173;saastuttaminen;1
1348;94/2021;2021_94_173;toivoa;1
1348;94/2021;2021_94_173;aloite;1
1348;94/2021;2021_94_173;tosiaan;1
1348;94/2021;2021_94_173;se;1
1348;94/2021;2021_94_173;ansaita;1
1348;94/2021;2021_94_173;siellä;1
1348;94/2021;2021_94_173;saada;1
1348;119/2021;2021_119_34;arvoisa;1
1348;119/2021;2021_119_34;rouva;1
1348;119/2021;2021_119_34;puhemies;1
1348;119/2021;2021_119_34;kuten;2
1348;119/2021;2021_119_34;tämä;8
1348;119/2021;2021_119_34;kaikki;2
1348;119/2021;2021_119_34;puheenvuoro;2
1348;119/2021;2021_119_34;olla;11
1348;119/2021;2021_119_34;tulla;1
1348;119/2021;2021_119_34;esille;1
1348;119/2021;2021_119_34;valtakunnallinen;1
1348;119/2021;2021_119_34;avoin;1
1348;119/2021;2021_119_34;tutkimustietovaranto;2
1348;119/2021;2021_119_34;erittäin;2
1348;119/2021;2021_119_34;kannatettava;1
1348;119/2021;2021_119_34;asia;1
1348;119/2021;2021_119_34;ministeri;3
1348;119/2021;2021_119_34;kurvinen;3
1348;119/2021;2021_119_34;kyllä;2
1348;119/2021;2021_119_34;valtava;1
1348;119/2021;2021_119_34;vastuu;1
1348;119/2021;2021_119_34;tiede;2
1348;119/2021;2021_119_34;se;3
1348;119/2021;2021_119_34;kautta;1
1348;119/2021;2021_119_34;aika;1
1348;119/2021;2021_119_34;lepattava;1
1348;119/2021;2021_119_34;liekki;2
1348;119/2021;2021_119_34;pimeä;1
1348;119/2021;2021_119_34;ja;5
1348;119/2021;2021_119_34;täytyä;1
1348;119/2021;2021_119_34;minä;1
1348;119/2021;2021_119_34;mutta;2
1348;119/2021;2021_119_34;erityisesti;1
1348;119/2021;2021_119_34;varjella;1
1348;119/2021;2021_119_34;esitys;2
1348;119/2021;2021_119_34;tosi;1
1348;119/2021;2021_119_34;totta;1
1348;119/2021;2021_119_34;tehdä;1
1348;119/2021;2021_119_34;edustaja;1
1348;119/2021;2021_119_34;soinikoski;1
1348;119/2021;2021_119_34;hyvä;1
1348;119/2021;2021_119_34;todeta;1
1348;119/2021;2021_119_34;tietovaranto;1
1348;119/2021;2021_119_34;tärkeä;1
1348;119/2021;2021_119_34;myös;3
1348;119/2021;2021_119_34;erilainen;1
1348;119/2021;2021_119_34;salaliittoteoria;1
1348;119/2021;2021_119_34;pseudotiede;1
1348;119/2021;2021_119_34;kumoaminen;1
1348;119/2021;2021_119_34;kuulla;1
1348;119/2021;2021_119_34;viikonloppu;1
1348;119/2021;2021_119_34;järkyttävä;1
1348;119/2021;2021_119_34;tarina;1
1348;119/2021;2021_119_34;eri;2
1348;119/2021;2021_119_34;puoli;1
1348;119/2021;2021_119_34;suomi;1
1348;119/2021;2021_119_34;niin;1
1348;119/2021;2021_119_34;sanottu;1
1348;119/2021;2021_119_34;rokotekriittinen;1
1348;119/2021;2021_119_34;kieltäytyä;1
1348;119/2021;2021_119_34;verensiirto;1
1348;119/2021;2021_119_34;operaatio;1
1348;119/2021;2021_119_34;yhteys;1
1348;119/2021;2021_119_34;koska;1
1348;119/2021;2021_119_34;pelätä;1
1348;119/2021;2021_119_34;luovuttaa;1
1348;119/2021;2021_119_34;veri;1
1348;119/2021;2021_119_34;saastunut;1
1348;119/2021;2021_119_34;valitettava;1
1348;119/2021;2021_119_34;että;1
1348;119/2021;2021_119_34;tällainen;1
1348;119/2021;2021_119_34;uskomaton;1
1348;119/2021;2021_119_34;väite;1
1348;119/2021;2021_119_34;levittää;1
1348;119/2021;2021_119_34;internetti;1
1348;119/2021;2021_119_34;sosiaalinen;1
1348;119/2021;2021_119_34;media;1
1348;119/2021;2021_119_34;kanava;1
1348;119/2021;2021_119_34;valitettavasti;1
1348;119/2021;2021_119_34;osa;1
1348;119/2021;2021_119_34;sali;1
1348;119/2021;2021_119_34;todella;1
1348;119/2021;2021_119_34;pettyä;1
1348;119/2021;2021_119_34;helpottaa;1
1348;119/2021;2021_119_34;tutkija;2
1348;119/2021;2021_119_34;etätyöskentely;1
1348;119/2021;2021_119_34;kysyä;1
1348;119/2021;2021_119_34;sinä;1
1348;119/2021;2021_119_34;arvio;1
1348;119/2021;2021_119_34;mukaan;1
1348;119/2021;2021_119_34;vaikutus;1
1348;119/2021;2021_119_34;etätyö;1
1348;119/2021;2021_119_34;tuoda;1
1348;119/2021;2021_119_34;lähemmäs;1
1348;119/2021;2021_119_34;maaseutu;1
1348;121/2021;2021_121_13;arvoisa;4
1348;121/2021;2021_121_13;puhemies;5
1348;121/2021;2021_121_13;tämä;12
1348;121/2021;2021_121_13;välikysymys;7
1348;121/2021;2021_121_13;ei;9
1348;121/2021;2021_121_13;olla;23
1348;121/2021;2021_121_13;kyse;5
1348;121/2021;2021_121_13;maahanmuuttopolitiikka;3
1348;121/2021;2021_121_13;talous;2
1348;121/2021;2021_121_13;perussuomalainen;14
1348;121/2021;2021_121_13;kuntavaali;1
1348;121/2021;2021_121_13;jäädä;1
1348;121/2021;2021_121_13;neljäs;1
1348;121/2021;2021_121_13;kokoomus;2
1348;121/2021;2021_121_13;mennä;2
1348;121/2021;2021_121_13;gallup;1
1348;121/2021;2021_121_13;ohi;1
1348;121/2021;2021_121_13;ja;11
1348;121/2021;2021_121_13;ottaa;1
1348;121/2021;2021_121_13;oppositio;1
1348;121/2021;2021_121_13;johtajuus;1
1348;121/2021;2021_121_13;onnittelu;1
1348;121/2021;2021_121_13;se;6
1348;121/2021;2021_121_13;sari;1
1348;121/2021;2021_121_13;sarkomaa;1
1348;121/2021;2021_121_13;pitää;7
1348;121/2021;2021_121_13;paikka;1
1348;121/2021;2021_121_13;puoluekokous;1
1348;121/2021;2021_121_13;valinta;1
1348;121/2021;2021_121_13;jälkeen;1
1348;121/2021;2021_121_13;hajalla;1
1348;121/2021;2021_121_13;kun;3
1348;121/2021;2021_121_13;muu;1
1348;121/2021;2021_121_13;auttaa;2
1348;121/2021;2021_121_13;tehdä;2
1348;121/2021;2021_121_13;nauru;3
1348;121/2021;2021_121_13;ryhmä;3
1348;121/2021;2021_121_13;kansanvalta;1
1348;121/2021;2021_121_13;saada;2
1348;121/2021;2021_121_13;täytyä;3
1348;121/2021;2021_121_13;kuitenkin;1
1348;121/2021;2021_121_13;perustua;3
1348;121/2021;2021_121_13;tosiasia;1
1348;121/2021;2021_121_13;perätön;1
1348;121/2021;2021_121_13;väite;2
1348;121/2021;2021_121_13;leena;3
1348;121/2021;2021_121_13;meri;3
1348;121/2021;2021_121_13;jaha;1
1348;121/2021;2021_121_13;perussuomalaiset;2
1348;121/2021;2021_121_13;väittää;2
1348;121/2021;2021_121_13;että;3
1348;121/2021;2021_121_13;tai;1
1348;121/2021;2021_121_13;aina;1
1348;121/2021;2021_121_13;pian;1
1348;121/2021;2021_121_13;tulla;5
1348;121/2021;2021_121_13;hallitsematon;3
1348;121/2021;2021_121_13;maahanmuuttoaalto;1
1348;121/2021;2021_121_13;suomi;3
1348;121/2021;2021_121_13;maahanmuutto;3
1348;121/2021;2021_121_13;hallitus;5
1348;121/2021;2021_121_13;päättyä;1
1348;121/2021;2021_121_13;jättää;1
1348;121/2021;2021_121_13;vasemmalta;1
1348;121/2021;2021_121_13;kyllä;2
1348;121/2021;2021_121_13;myös;3
1348;121/2021;2021_121_13;ajaa;2
1348;121/2021;2021_121_13;länsi-eurooppa;1
1348;121/2021;2021_121_13;liberaali;1
1348;121/2021;2021_121_13;perheenyhdistämispolitiikka;1
1348;121/2021;2021_121_13;hyvä;10
1348;121/2021;2021_121_13;sisäministeriö;1
1348;121/2021;2021_121_13;työryhmä;1
1348;121/2021;2021_121_13;esitys;2
1348;121/2021;2021_121_13;sellainen;1
1348;121/2021;2021_121_13;vielä;2
1348;121/2021;2021_121_13;siis;2
1348;121/2021;2021_121_13;täysin;1
1348;121/2021;2021_121_13;virheellinen;1
1348;121/2021;2021_121_13;tieto;1
1348;121/2021;2021_121_13;välihuuto;5
1348;121/2021;2021_121_13;sinä;3
1348;121/2021;2021_121_13;tunnuslause;1
1348;121/2021;2021_121_13;jokin;2
1348;121/2021;2021_121_13;raja;2
1348;121/2021;2021_121_13;no;1
1348;121/2021;2021_121_13;ben;1
1348;121/2021;2021_121_13;zyskowicz;1
1348;121/2021;2021_121_13;keskusta;5
1348;121/2021;2021_121_13;linja;3
1348;121/2021;2021_121_13;inhimillinen;1
1348;121/2021;2021_121_13;mutta;1
1348;121/2021;2021_121_13;realistinen;1
1348;121/2021;2021_121_13;aidosti;1
1348;121/2021;2021_121_13;hädänalainen;1
1348;121/2021;2021_121_13;ihminen;3
1348;121/2021;2021_121_13;apu;1
1348;121/2021;2021_121_13;antaa;1
1348;121/2021;2021_121_13;mahdollimman;1
1348;121/2021;2021_121_13;lähellä;1
1348;121/2021;2021_121_13;kotiseutu;1
1348;121/2021;2021_121_13;jussi;1
1348;121/2021;2021_121_13;halla-aho;1
1348;121/2021;2021_121_13;sipilä;1
1348;121/2021;2021_121_13;afganistan-politiikka;1
1348;121/2021;2021_121_13;lähtökohta;1
1348;121/2021;2021_121_13;tukea;1
1348;121/2021;2021_121_13;pakolaiskiintiö;1
1348;121/2021;2021_121_13;tuntuva;1
1348;121/2021;2021_121_13;nostaminen;2
1348;121/2021;2021_121_13;perheyhdistäminen;1
1348;121/2021;2021_121_13;helpottaminen;1
1348;121/2021;2021_121_13;sitoutua;1
1348;121/2021;2021_121_13;vain;1
1348;121/2021;2021_121_13;ainoastaan;2
1348;121/2021;2021_121_13;hallitusohjelma;1
1348;121/2021;2021_121_13;sopia;1
1348;121/2021;2021_121_13;juha;1
1348;121/2021;2021_121_13;mäenpää;2
1348;121/2021;2021_121_13;kiertävä;1
1348;121/2021;2021_121_13;konsultti;1
1348;121/2021;2021_121_13;toiseksi;1
1348;121/2021;2021_121_13;voida;1
1348;121/2021;2021_121_13;ulkomaa;1
1348;121/2021;2021_121_13;työ;1
1348;121/2021;2021_121_13;opiskella;1
1348;121/2021;2021_121_13;opiskelu;1
1348;121/2021;2021_121_13;työnteko;1
1348;121/2021;2021_121_13;kieli;1
1348;121/2021;2021_121_13;oppiminen;1
1348;121/2021;2021_121_13;kotoutuma;1
1348;121/2021;2021_121_13;toimettomuus;1
1348;121/2021;2021_121_13;ongelma;1
1348;121/2021;2021_121_13;kolmas;1
1348;121/2021;2021_121_13;sosiaaliturva;1
1348;121/2021;2021_121_13;väärinkäyttö;1
1348;121/2021;2021_121_13;estää;1
1348;121/2021;2021_121_13;rikollinen;1
1348;121/2021;2021_121_13;taas;1
1348;121/2021;2021_121_13;poistaa;1
1348;121/2021;2021_121_13;maa;1
1348;121/2021;2021_121_13;pää;1
1348;121/2021;2021_121_13;kylmä;1
1348;121/2021;2021_121_13;sydän;1
1348;121/2021;2021_121_13;lämmin;1
1348;121/2021;2021_121_13;hallita;1
1348;121/2021;2021_121_13;härski;1
1348;121/2021;2021_121_13;epävälikysymys;1
1348;121/2021;2021_121_13;rahankäyttö;1
1348;121/2021;2021_121_13;veronmaksaja;1
1348;121/2021;2021_121_13;raha;1
1348;121/2021;2021_121_13;hassata;1
1348;121/2021;2021_121_13;maailmanparantaminen;1
1348;121/2021;2021_121_13;perhevapaauudistus;1
1348;121/2021;2021_121_13;soteuudistus;1
1348;121/2021;2021_121_13;hoitotakuu;1
1348;121/2021;2021_121_13;opintotuki;1
1348;121/2021;2021_121_13;tuloraja;1
1348;121/2021;2021_121_13;kotitalousvähennys;1
1348;121/2021;2021_121_13;korottaminen;1
1348;121/2021;2021_121_13;eläkeläinen;1
1348;121/2021;2021_121_13;työtulovähennys;1
1348;121/2021;2021_121_13;parantaminen;1
1348;121/2021;2021_121_13;mikä;1
1348;121/2021;2021_121_13;jos;1
1348;121/2021;2021_121_13;päätös;1
1348;121/2021;2021_121_13;suomalainen;1
1348;121/2021;2021_121_13;jani;2
1348;121/2021;2021_121_13;mäkelä;1
1348;121/2021;2021_121_13;sairas;1
1348;121/2021;2021_121_13;pienituloinen;1
1348;121/2021;2021_121_13;työtön;1
1348;121/2021;2021_121_13;lapsiperhe;1
1348;121/2021;2021_121_13;ikäihminen;1
1348;121/2021;2021_121_13;maaseutu;1
1348;121/2021;2021_121_13;lapsi;1
1348;121/2021;2021_121_13;hyväksirvo;1
1348;121/2021;2021_121_13;oikeutettu;1
1348;121/2021;2021_121_13;huoli;1
1348;121/2021;2021_121_13;onneksi;1
1348;121/2021;2021_121_13;järkevä;1
1348;121/2021;2021_121_13;politiikka;1
1348;121/2021;2021_121_13;asia;1
1348;121/2021;2021_121_13;koska;1
1348;121/2021;2021_121_13;jalkapanta;1
1348;121/2021;2021_121_13;lopuksi;1
1348;121/2021;2021_121_13;kysyä;1
1348;121/2021;2021_121_13;kuinka;1
1348;121/2021;2021_121_13;kehdata;2
1348;121/2021;2021_121_13;taputtaa;1
1348;2/2022;2022_2_47;arvoisa;1
1348;2/2022;2022_2_47;herra;1
1348;2/2022;2022_2_47;puhemies;2
1348;2/2022;2022_2_47;kiitos;3
1348;2/2022;2022_2_47;oma;2
1348;2/2022;2022_2_47;puhuja;1
1348;2/2022;2022_2_47;aloittaa;1
1348;2/2022;2022_2_47;puheenvuoro;2
1348;2/2022;2022_2_47;mikrofoni;2
1348;2/2022;2022_2_47;olla;19
1348;2/2022;2022_2_47;sulkea;1
1348;2/2022;2022_2_47;toinen;1
1348;2/2022;2022_2_47;varapuhemies;1
1348;2/2022;2022_2_47;juho;1
1348;2/2022;2022_2_47;eerola;1
1348;2/2022;2022_2_47;edustaja;1
1348;2/2022;2022_2_47;kärnä;1
1348;2/2022;2022_2_47;päälle;2
1348;2/2022;2022_2_47;niin;1
1348;2/2022;2022_2_47;välittyä;1
1348;2/2022;2022_2_47;hyvin;1
1348;2/2022;2022_2_47;nyt;1
1348;2/2022;2022_2_47;taitaa;1
1348;2/2022;2022_2_47;lähteä;1
1348;2/2022;2022_2_47;kyllä;3
1348;2/2022;2022_2_47;hyvä;2
1348;2/2022;2022_2_47;puolesta;1
1348;2/2022;2022_2_47;myös;4
1348;2/2022;2022_2_47;ministeri;2
1348;2/2022;2022_2_47;tämä;8
1348;2/2022;2022_2_47;esitys;2
1348;2/2022;2022_2_47;tuominen;1
1348;2/2022;2022_2_47;eduskunta;1
1348;2/2022;2022_2_47;ilo;1
1348;2/2022;2022_2_47;mukana;1
1348;2/2022;2022_2_47;hallitusneuvottelu;1
1348;2/2022;2022_2_47;neuvotella;1
1348;2/2022;2022_2_47;kyseinen;1
1348;2/2022;2022_2_47;kysymys;2
1348;2/2022;2022_2_47;kaikki;3
1348;2/2022;2022_2_47;mikä;2
1348;2/2022;2022_2_47;täällä;2
1348;2/2022;2022_2_47;esittää;1
1348;2/2022;2022_2_47;selkeästi;1
1348;2/2022;2022_2_47;tuoda;1
1348;2/2022;2022_2_47;esille;2
1348;2/2022;2022_2_47;se;11
1348;2/2022;2022_2_47;että;5
1348;2/2022;2022_2_47;minä;3
1348;2/2022;2022_2_47;yhteinen;1
1348;2/2022;2022_2_47;tahtotila;1
1348;2/2022;2022_2_47;ihminen;2
1348;2/2022;2022_2_47;antaa;1
1348;2/2022;2022_2_47;mahdollisuus;2
1348;2/2022;2022_2_47;epäonnistua;1
1348;2/2022;2022_2_47;ja;4
1348;2/2022;2022_2_47;jälkeen;1
1348;2/2022;2022_2_47;nousta;1
1348;2/2022;2022_2_47;epäonnistuminen;1
1348;2/2022;2022_2_47;uudelleen;1
1348;2/2022;2022_2_47;jalka;1
1348;2/2022;2022_2_47;ilahduttava;1
1348;2/2022;2022_2_47;kuulla;1
1348;2/2022;2022_2_47;puhua;1
1348;2/2022;2022_2_47;selkeä;1
1348;2/2022;2022_2_47;kokemusasiatuntija;1
1348;2/2022;2022_2_47;joka;4
1348;2/2022;2022_2_47;omakohtaisesti;1
1348;2/2022;2022_2_47;kokea;1
1348;2/2022;2022_2_47;tilanne;1
1348;2/2022;2022_2_47;konkurssi;1
1348;2/2022;2022_2_47;voida;1
1348;2/2022;2022_2_47;pahimmillaan;1
1348;2/2022;2022_2_47;ajaa;1
1348;2/2022;2022_2_47;siis;1
1348;2/2022;2022_2_47;taata;1
1348;2/2022;2022_2_47;uusi;2
1348;2/2022;2022_2_47;alku;2
1348;2/2022;2022_2_47;aivan;1
1348;2/2022;2022_2_47;mieli;1
1348;2/2022;2022_2_47;erittäin;1
1348;2/2022;2022_2_47;askel;1
1348;2/2022;2022_2_47;suunta;1
1348;2/2022;2022_2_47;näin;1
1348;2/2022;2022_2_47;aidosti;1
1348;2/2022;2022_2_47;tapahtua;1
1348;2/2022;2022_2_47;nostaa;1
1348;2/2022;2022_2_47;tärkeä;2
1348;2/2022;2022_2_47;esimerkiksi;3
1348;2/2022;2022_2_47;tuo;1
1348;2/2022;2022_2_47;ulosotto;1
1348;2/2022;2022_2_47;suojaosa;1
1348;2/2022;2022_2_47;nostaminen;1
1348;2/2022;2022_2_47;pitää;1
1348;2/2022;2022_2_47;itse;1
1348;2/2022;2022_2_47;samoin;1
1348;2/2022;2022_2_47;pikavippi;2
1348;2/2022;2022_2_47;korkokatto;4
1348;2/2022;2022_2_47;syyskuu;1
1348;2/2022;2022_2_47;loppu;1
1348;2/2022;2022_2_47;voimassa;1
1348;2/2022;2022_2_47;tilapäisesti;1
1348;2/2022;2022_2_47;prosentti;4
1348;2/2022;2022_2_47;hetki;1
1348;2/2022;2022_2_47;varsin;1
1348;2/2022;2022_2_47;korkea;1
1348;2/2022;2022_2_47;korko;1
1348;2/2022;2022_2_47;kuluttajaliitto;1
1348;2/2022;2022_2_47;takuusäätiö;1
1348;2/2022;2022_2_47;kannattaa;1
1348;2/2022;2022_2_47;molemmat;1
1348;2/2022;2022_2_47;madaltaa;1
1348;2/2022;2022_2_47;takaisin;1
1348;2/2022;2022_2_47;varmasti;1
1348;2/2022;2022_2_47;kohtuullinen;1
1348;2/2022;2022_2_47;raha;1
1348;2/2022;2022_2_47;lainaaja;1
1348;2/2022;2022_2_47;päivä;1
1348;2/2022;2022_2_47;kysyä;1
1348;2/2022;2022_2_47;sinä;1
1348;2/2022;2022_2_47;ministeriö;1
1348;2/2022;2022_2_47;vireillä;1
1348;2/2022;2022_2_47;hanke;1
1348;2/2022;2022_2_47;nykyinen;1
1348;2/2022;2022_2_47;alentaa;1
1348;2/2022;2022_2_47;edelleen;1
1348;2/2022;2022_2_72;arvoisa;1
1348;2/2022;2022_2_72;herra;1
1348;2/2022;2022_2_72;puhemies;1
1348;2/2022;2022_2_72;ei;9
1348;2/2022;2022_2_72;nyt;4
1348;2/2022;2022_2_72;oikein;1
1348;2/2022;2022_2_72;tietää;1
1348;2/2022;2022_2_72;mikä;3
1348;2/2022;2022_2_72;tämä;17
1348;2/2022;2022_2_72;aloittaa;1
1348;2/2022;2022_2_72;edustaja;3
1348;2/2022;2022_2_72;halla-aho;1
1348;2/2022;2022_2_72;moittia;1
1348;2/2022;2022_2_72;suomi;10
1348;2/2022;2022_2_72;korkeakoulutus;1
1348;2/2022;2022_2_72;ja;10
1348;2/2022;2022_2_72;koulutusjärjestelmä;2
1348;2/2022;2022_2_72;taso;1
1348;2/2022;2022_2_72;käsittääksen;1
1348;2/2022;2022_2_72;olla;25
1348;2/2022;2022_2_72;kuitenkin;4
1348;2/2022;2022_2_72;varsin;1
1348;2/2022;2022_2_72;laadukas;1
1348;2/2022;2022_2_72;kouluttaja;1
1348;2/2022;2022_2_72;maa;3
1348;2/2022;2022_2_72;mauri;1
1348;2/2022;2022_2_72;peltokangas;1
1348;2/2022;2022_2_72;kuullu;2
1348;2/2022;2022_2_72;ymmärtäminen;2
1348;2/2022;2022_2_72;myös;6
1348;2/2022;2022_2_72;väittää;1
1348;2/2022;2022_2_72;että;18
1348;2/2022;2022_2_72;kautta;1
1348;2/2022;2022_2_72;valmistua;1
1348;2/2022;2022_2_72;ulkomaalainen;3
1348;2/2022;2022_2_72;opiskelija;1
1348;2/2022;2022_2_72;kolmas;2
1348;2/2022;2022_2_72;kansalainen;1
1348;2/2022;2022_2_72;jäädä;3
1348;2/2022;2022_2_72;minä;9
1348;2/2022;2022_2_72;prosentti;1
1348;2/2022;2022_2_72;hän;4
1348;2/2022;2022_2_72;pysyä;1
1348;2/2022;2022_2_72;itse;3
1348;2/2022;2022_2_72;aina;1
1348;2/2022;2022_2_72;toivoa;1
1348;2/2022;2022_2_72;jatko;1
1348;2/2022;2022_2_72;luku;1
1348;2/2022;2022_2_72;saada;6
1348;2/2022;2022_2_72;nostaa;2
1348;2/2022;2022_2_72;entisestään;1
1348;2/2022;2022_2_72;koska;2
1348;2/2022;2022_2_72;se;9
1348;2/2022;2022_2_72;kallis;1
1348;2/2022;2022_2_72;koulutus;3
1348;2/2022;2022_2_72;maksaa;1
1348;2/2022;2022_2_72;mikäli;1
1348;2/2022;2022_2_72;ihminen;2
1348;2/2022;2022_2_72;työllistyä;4
1348;2/2022;2022_2_72;hyödyttää;1
1348;2/2022;2022_2_72;suomalainen;1
1348;2/2022;2022_2_72;yhteiskunta;1
1348;2/2022;2022_2_72;niin;4
1348;2/2022;2022_2_72;ehdottomasti;1
1348;2/2022;2022_2_72;kaikki;3
1348;2/2022;2022_2_72;etu;2
1348;2/2022;2022_2_72;paljon;1
1348;2/2022;2022_2_72;puhua;1
1348;2/2022;2022_2_72;esitys;4
1348;2/2022;2022_2_72;luoda;2
1348;2/2022;2022_2_72;joku;1
1348;2/2022;2022_2_72;uusi;1
1348;2/2022;2022_2_72;maahantulo;3
1348;2/2022;2022_2_72;väylä;2
1348;2/2022;2022_2_72;tehdä;2
1348;2/2022;2022_2_72;nykyinen;1
1348;2/2022;2022_2_72;mahdollisuus;2
1348;2/2022;2022_2_72;hakeutua;1
1348;2/2022;2022_2_72;opiskella;1
1348;2/2022;2022_2_72;kyllä;3
1348;2/2022;2022_2_72;katsoa;3
1348;2/2022;2022_2_72;kuin;1
1348;2/2022;2022_2_72;tuossa;2
1348;2/2022;2022_2_72;aikaisemmin;1
1348;2/2022;2022_2_72;jo;1
1348;2/2022;2022_2_72;sanoa;2
1348;2/2022;2022_2_72;kouluttaa;2
1348;2/2022;2022_2_72;henkilö;2
1348;2/2022;2022_2_72;tänne;3
1348;2/2022;2022_2_72;täällä;1
1348;2/2022;2022_2_72;hyvä;1
1348;2/2022;2022_2_72;huomata;1
1348;2/2022;2022_2_72;sisältyä;1
1348;2/2022;2022_2_72;oleskelulupa;3
1348;2/2022;2022_2_72;osa;2
1348;2/2022;2022_2_72;aivan;1
1348;2/2022;2022_2_72;normaali;1
1348;2/2022;2022_2_72;toimeentuloedellytys;1
1348;2/2022;2022_2_72;joka;3
1348;2/2022;2022_2_72;laskea;1
1348;2/2022;2022_2_72;täytyä;3
1348;2/2022;2022_2_72;kyetä;1
1348;2/2022;2022_2_72;oma;2
1348;2/2022;2022_2_72;opiskelu;2
1348;2/2022;2022_2_72;rahoittaa;1
1348;2/2022;2022_2_72;halpatyövoima;1
1348;2/2022;2022_2_72;kanssa;2
1348;2/2022;2022_2_72;kiistatta;1
1348;2/2022;2022_2_72;iso;1
1348;2/2022;2022_2_72;ongelma;2
1348;2/2022;2022_2_72;myöntää;1
1348;2/2022;2022_2_72;perussuomalainen;1
1348;2/2022;2022_2_72;puuttua;1
1348;2/2022;2022_2_72;kysymys;2
1348;2/2022;2022_2_72;yhtään;1
1348;2/2022;2022_2_72;mikään;3
1348;2/2022;2022_2_72;tekeminen;1
1348;2/2022;2022_2_72;juvonen;1
1348;2/2022;2022_2_72;huolissaan;1
1348;2/2022;2022_2_72;hoitaja;6
1348;2/2022;2022_2_72;kielitaito;1
1348;2/2022;2022_2_72;kieli;2
1348;2/2022;2022_2_72;alkaa;1
1348;2/2022;2022_2_72;tietysti;2
1348;2/2022;2022_2_72;selvä;2
1348;2/2022;2022_2_72;tai;3
1348;2/2022;2022_2_72;ruotsi;1
1348;2/2022;2022_2_72;muuten;1
1348;2/2022;2022_2_72;järki;1
1348;2/2022;2022_2_72;kielitaitovaatimus;2
1348;2/2022;2022_2_72;voida;5
1348;2/2022;2022_2_72;tehtävä;2
1348;2/2022;2022_2_72;täyttää;1
1348;2/2022;2022_2_72;fakta;1
1348;2/2022;2022_2_72;tarvita;1
1348;2/2022;2022_2_72;menettää;1
1348;2/2022;2022_2_72;taannoin;1
1348;2/2022;2022_2_72;äiti;2
1348;2/2022;2022_2_72;viettää;1
1348;2/2022;2022_2_72;elämä;1
1348;2/2022;2022_2_72;viimeinen;1
1348;2/2022;2022_2_72;vuosi;1
1348;2/2022;2022_2_72;hoitokoti;1
1348;2/2022;2022_2_72;pieni;1
1348;2/2022;2022_2_72;paikkakunta;1
1348;2/2022;2022_2_72;pohjoinen;1
1348;2/2022;2022_2_72;ilman;1
1348;2/2022;2022_2_72;filippiiniläinen;1
1348;2/2022;2022_2_72;sinne;1
1348;2/2022;2022_2_72;hoitaa;1
1348;2/2022;2022_2_72;hyvin;1
1348;2/2022;2022_2_72;kiitollinen;1
1348;2/2022;2022_2_72;maahanmuutto;1
1348;2/2022;2022_2_72;tulla;1
1348;2/2022;2022_2_72;työ;1
1348;2/2022;2022_2_72;ahkera;1
1348;2/2022;2022_2_72;simula;1
1348;2/2022;2022_2_72;esille;1
1348;2/2022;2022_2_72;mahdollinen;1
1348;2/2022;2022_2_72;esimerkiksi;1
1348;2/2022;2022_2_72;kansalaisopisto;1
1348;2/2022;2022_2_72;kurssi;2
1348;2/2022;2022_2_72;hallintovaliokunta;2
1348;2/2022;2022_2_72;sitten;3
1348;2/2022;2022_2_72;kun;1
1348;2/2022;2022_2_72;asia;1
1348;2/2022;2022_2_72;käsitellä;1
1348;2/2022;2022_2_72;varmistaa;1
1348;2/2022;2022_2_72;näin;1
1348;2/2022;2022_2_72;mennä;1
1348;2/2022;2022_2_72;ihan;2
1348;2/2022;2022_2_72;tahansa;1
1348;2/2022;2022_2_72;kirjekurssi;1
1348;2/2022;2022_2_72;vaan;1
1348;2/2022;2022_2_72;kyse;1
1348;2/2022;2022_2_72;aito;1
1348;2/2022;2022_2_72;myötä;1
1348;2/2022;2022_2_72;käsittely;1
1348;2/2022;2022_2_72;ongelmakohta;1
1348;2/2022;2022_2_72;mutta;1
1348;2/2022;2022_2_72;keskusta;1
1348;2/2022;2022_2_72;linja;1
1348;2/2022;2022_2_72;tällainen;2
1348;2/2022;2022_2_72;laiton;1
1348;2/2022;2022_2_72;harmaa;1
1348;2/2022;2022_2_72;alue;1
1348;2/2022;2022_2_72;tämäntyyppinen;1
1348;6/2022;2022_6_12;arvoisa;4
1348;6/2022;2022_6_12;herra;2
1348;6/2022;2022_6_12;puhemies;4
1348;6/2022;2022_6_12;kansallinen;3
1348;6/2022;2022_6_12;turvallisuus;6
1348;6/2022;2022_6_12;ja;21
1348;6/2022;2022_6_12;maanpuolustus;1
1348;6/2022;2022_6_12;kohdistua;2
1348;6/2022;2022_6_12;uhka;6
1348;6/2022;2022_6_12;torjua;2
1348;6/2022;2022_6_12;tehokas;1
1348;6/2022;2022_6_12;tiedustelu;4
1348;6/2022;2022_6_12;suomi;5
1348;6/2022;2022_6_12;kanta;2
1348;6/2022;2022_6_12;olla;25
1348;6/2022;2022_6_12;aina;2
1348;6/2022;2022_6_12;keskeinen;2
1348;6/2022;2022_6_12;merkitys;6
1348;6/2022;2022_6_12;mutta;1
1348;6/2022;2022_6_12;lainsäädäntö;5
1348;6/2022;2022_6_12;pitkään;1
1348;6/2022;2022_6_12;aika;1
1348;6/2022;2022_6_12;jäljessä;1
1348;6/2022;2022_6_12;viime;1
1348;6/2022;2022_6_12;eduskuntakausi;1
1348;6/2022;2022_6_12;toteuttaa;1
1348;6/2022;2022_6_12;suuri;2
1348;6/2022;2022_6_12;tiedustelulainsäädäntö;3
1348;6/2022;2022_6_12;uudistus;1
1348;6/2022;2022_6_12;vahvistaa;3
1348;6/2022;2022_6_12;vakava;3
1348;6/2022;2022_6_12;rikos;6
1348;6/2022;2022_6_12;torjunta;3
1348;6/2022;2022_6_12;sekä;3
1348;6/2022;2022_6_12;siviili;1
1348;6/2022;2022_6_12;että;5
1348;6/2022;2022_6_12;sotilaspuoli;1
1348;6/2022;2022_6_12;tietoliikennetiedustelu;2
1348;6/2022;2022_6_12;korostua;1
1348;6/2022;2022_6_12;sisäinen;1
1348;6/2022;2022_6_12;ulkoinen;1
1348;6/2022;2022_6_12;korkopandemia;1
1348;6/2022;2022_6_12;joka;3
1348;6/2022;2022_6_12;osa;2
1348;6/2022;2022_6_12;johtaa;1
1348;6/2022;2022_6_12;lisääntyä;1
1348;6/2022;2022_6_12;tietoliikenne;1
1348;6/2022;2022_6_12;se;6
1348;6/2022;2022_6_12;kautta;2
1348;6/2022;2022_6_12;myös;5
1348;6/2022;2022_6_12;kasvu;1
1348;6/2022;2022_6_12;kybertoimintaympäristö;1
1348;6/2022;2022_6_12;edellyttää;2
1348;6/2022;2022_6_12;korkea;1
1348;6/2022;2022_6_12;teknologinen;1
1348;6/2022;2022_6_12;taso;1
1348;6/2022;2022_6_12;henkilöstö;1
1348;6/2022;2022_6_12;osaaminen;1
1348;6/2022;2022_6_12;riittävä;2
1348;6/2022;2022_6_12;rahoitus;1
1348;6/2022;2022_6_12;palvella;1
1348;6/2022;2022_6_12;tämä;3
1348;6/2022;2022_6_12;mennessä;1
1348;6/2022;2022_6_12;hyvin;1
1348;6/2022;2022_6_12;muuttua;1
1348;6/2022;2022_6_12;yhä;1
1348;6/2022;2022_6_12;moninainen;1
1348;6/2022;2022_6_12;turvallisuusuhka;1
1348;6/2022;2022_6_12;valppaus;1
1348;6/2022;2022_6_12;valmistautuminen;1
1348;6/2022;2022_6_12;toimivuus;2
1348;6/2022;2022_6_12;jatkuva;2
1348;6/2022;2022_6_12;seuranta;1
1348;6/2022;2022_6_12;kaikki;1
1348;6/2022;2022_6_12;tilanne;3
1348;6/2022;2022_6_12;tila;1
1348;6/2022;2022_6_12;muutostarve;1
1348;6/2022;2022_6_12;arvioida;2
1348;6/2022;2022_6_12;säännöllisesti;1
1348;6/2022;2022_6_12;selonteko;2
1348;6/2022;2022_6_12;valiokuntakäsittely;1
1348;6/2022;2022_6_12;tiedusteluvalvontavaltuutettu;1
1348;6/2022;2022_6_12;vuosittainen;1
1348;6/2022;2022_6_12;kertomus;1
1348;6/2022;2022_6_12;tarjota;1
1348;6/2022;2022_6_12;eduskunta;1
1348;6/2022;2022_6_12;hyvä;1
1348;6/2022;2022_6_12;edellytys;2
1348;6/2022;2022_6_12;arviointityö;1
1348;6/2022;2022_6_12;antaa;1
1348;6/2022;2022_6_12;viranomainen;1
1348;6/2022;2022_6_12;työkalu;1
1348;6/2022;2022_6_12;kriittinen;1
1348;6/2022;2022_6_12;infrastruktuuri;1
1348;6/2022;2022_6_12;strateginen;1
1348;6/2022;2022_6_12;kohde;1
1348;6/2022;2022_6_12;suojaaminen;2
1348;6/2022;2022_6_12;sotilastiedustelu;2
1348;6/2022;2022_6_12;hankkia;2
1348;6/2022;2022_6_12;tieto;4
1348;6/2022;2022_6_12;tukea;2
1348;6/2022;2022_6_12;valtio;2
1348;6/2022;2022_6_12;ylinen;1
1348;6/2022;2022_6_12;johto;1
1348;6/2022;2022_6_12;päätöksenteko;1
1348;6/2022;2022_6_12;kiristyä;1
1348;6/2022;2022_6_12;turvallisuuspoliittinen;3
1348;6/2022;2022_6_12;jännite;1
1348;6/2022;2022_6_12;heijastua;1
1348;6/2022;2022_6_12;itämeri;1
1348;6/2022;2022_6_12;arktinen;1
1348;6/2022;2022_6_12;alue;1
1348;6/2022;2022_6_12;lähialue;1
1348;6/2022;2022_6_12;kehitys;2
1348;6/2022;2022_6_12;erityinen;1
1348;6/2022;2022_6_12;tiedusteluyhteistyö;1
1348;6/2022;2022_6_12;hyödyntää;1
1348;6/2022;2022_6_12;pieni;1
1348;6/2022;2022_6_12;kansakunta;1
1348;6/2022;2022_6_12;voida;4
1348;6/2022;2022_6_12;seurata;2
1348;6/2022;2022_6_12;valppaasti;1
1348;6/2022;2022_6_12;maa;2
1348;6/2022;2022_6_12;kauempana;1
1348;6/2022;2022_6_12;tapahtua;1
1348;6/2022;2022_6_12;geopolitiikka;1
1348;6/2022;2022_6_12;geotalous;1
1348;6/2022;2022_6_12;toimija;1
1348;6/2022;2022_6_12;siirto;1
1348;6/2022;2022_6_12;suomalainen;1
1348;6/2022;2022_6_12;eurooppa;1
1348;6/2022;2022_6_12;unioni;1
1348;6/2022;2022_6_12;tiedustelukapasiteetti;1
1348;6/2022;2022_6_12;vahvistaminen;1
1348;6/2022;2022_6_12;avainrooli;1
1348;6/2022;2022_6_12;reaaliaika;1
1348;6/2022;2022_6_12;tiedustelutieto;1
1348;6/2022;2022_6_12;tiedonvaihto;1
1348;6/2022;2022_6_12;tiedustelukumppani;1
1348;6/2022;2022_6_12;kanssa;1
1348;6/2022;2022_6_12;syventää;1
1348;6/2022;2022_6_12;valtiojohto;1
1348;6/2022;2022_6_12;tilannekuva;1
1348;6/2022;2022_6_12;tehdä;2
1348;6/2022;2022_6_12;mukainen;2
1348;6/2022;2022_6_12;päätös;1
1348;6/2022;2022_6_12;venäjä;1
1348;6/2022;2022_6_12;toimi;1
1348;6/2022;2022_6_12;ukraina;2
1348;6/2022;2022_6_12;raja;1
1348;6/2022;2022_6_12;suojelupoliisi;3
1348;6/2022;2022_6_12;tehtävä;2
1348;6/2022;2022_6_12;estäminen;2
1348;6/2022;2022_6_12;paljastaminen;2
1348;6/2022;2022_6_12;merkityksellinen;1
1348;6/2022;2022_6_12;terrorismi;1
1348;6/2022;2022_6_12;vakoilu;1
1348;6/2022;2022_6_12;muu;1
1348;6/2022;2022_6_12;saada;3
1348;6/2022;2022_6_12;siviilitiedustelu;1
1348;6/2022;2022_6_12;tai;3
1348;6/2022;2022_6_12;tärkeä;3
1348;6/2022;2022_6_12;nykyisin;2
1348;6/2022;2022_6_12;mahdollinen;1
1348;6/2022;2022_6_12;jatkaa;1
1348;6/2022;2022_6_12;tiedustelumenetelmä;2
1348;6/2022;2022_6_12;käyttö;2
1348;6/2022;2022_6_12;vaikka;1
1348;6/2022;2022_6_12;ei;2
1348;6/2022;2022_6_12;enää;1
1348;6/2022;2022_6_12;olettaa;1
1348;6/2022;2022_6_12;vakavasti;1
1348;6/2022;2022_6_12;uhata;1
1348;6/2022;2022_6_12;toiminta;2
1348;6/2022;2022_6_12;huolehtia;1
1348;6/2022;2022_6_12;siirtyä;1
1348;6/2022;2022_6_12;sujuvasti;1
1348;6/2022;2022_6_12;esitutkintaviranomainen;1
1348;6/2022;2022_6_12;jotta;1
1348;6/2022;2022_6_12;täyttää;1
1348;6/2022;2022_6_12;oma;1
1348;6/2022;2022_6_12;rikosstorjunta;1
1348;6/2022;2022_6_12;tiedusteluviranomainen;2
1348;6/2022;2022_6_12;laaja;2
1348;6/2022;2022_6_12;toimivaltuus;2
1348;6/2022;2022_6_12;mahdollistaa;1
1348;6/2022;2022_6_12;tarkoin;1
1348;6/2022;2022_6_12;rajata;1
1348;6/2022;2022_6_12;puite;1
1348;6/2022;2022_6_12;puuttuminen;1
1348;6/2022;2022_6_12;suojata;1
1348;6/2022;2022_6_12;perus;1
1348;6/2022;2022_6_12;ihmisoikeus;1
1348;6/2022;2022_6_12;sisältyä;1
1348;6/2022;2022_6_12;väärinkäytös;1
1348;6/2022;2022_6_12;riski;1
1348;6/2022;2022_6_12;vuoksi;1
1348;6/2022;2022_6_12;tiedustelutoiminta;2
1348;6/2022;2022_6_12;valvonta;4
1348;6/2022;2022_6_12;kunto;1
1348;6/2022;2022_6_12;toimiva;2
1348;6/2022;2022_6_12;välttämätön;1
1348;6/2022;2022_6_12;hyväksyttävyys;1
1348;6/2022;2022_6_12;mukaan;1
1348;6/2022;2022_6_12;oikeusturvajärjestely;1
1348;6/2022;2022_6_12;koskea;1
1348;6/2022;2022_6_12;säännös;1
1348;6/2022;2022_6_12;osoittautua;1
1348;6/2022;2022_6_12;lähtökohtaisesti;1
1348;6/2022;2022_6_12;toistaiseksi;1
1348;6/2022;2022_6_12;havaita;1
1348;6/2022;2022_6_12;laki;1
1348;6/2022;2022_6_12;virkavelvollisuus;1
1348;6/2022;2022_6_12;vastainen;1
1348;6/2022;2022_6_12;näin;1
1348;6/2022;2022_6_12;asia;1
1348;6/2022;2022_6_12;pitää;1
1348;10/2022;2022_10_169;arvoisa;6
1348;10/2022;2022_10_169;herra;2
1348;10/2022;2022_10_169;puhemies;6
1348;10/2022;2022_10_169;suomi;5
1348;10/2022;2022_10_169;puhuja;1
1348;10/2022;2022_10_169;mikrofoni;2
1348;10/2022;2022_10_169;sulkeutua;1
1348;10/2022;2022_10_169;ensimmäinen;1
1348;10/2022;2022_10_169;varapuhemies;1
1348;10/2022;2022_10_169;antti;1
1348;10/2022;2022_10_169;rinne;1
1348;10/2022;2022_10_169;nyt;2
1348;10/2022;2022_10_169;ei;5
1348;10/2022;2022_10_169;olla;21
1348;10/2022;2022_10_169;oikein;1
1348;10/2022;2022_10_169;jatkaa;1
1348;10/2022;2022_10_169;alku;1
1348;10/2022;2022_10_169;rikoslaki;3
1348;10/2022;2022_10_169;peruste;1
1348;10/2022;2022_10_169;murha;9
1348;10/2022;2022_10_169;tulla;2
1348;10/2022;2022_10_169;aina;1
1348;10/2022;2022_10_169;määrätä;4
1348;10/2022;2022_10_169;elinkautinen;8
1348;10/2022;2022_10_169;vankeus;12
1348;10/2022;2022_10_169;voida;9
1348;10/2022;2022_10_169;myös;6
1348;10/2022;2022_10_169;eräs;1
1348;10/2022;2022_10_169;muu;3
1348;10/2022;2022_10_169;erittäin;1
1348;10/2022;2022_10_169;vakava;4
1348;10/2022;2022_10_169;rikos;16
1348;10/2022;2022_10_169;kuten;1
1348;10/2022;2022_10_169;sotarikos;1
1348;10/2022;2022_10_169;terroristinen;1
1348;10/2022;2022_10_169;tarkoitus;2
1348;10/2022;2022_10_169;tehdä;12
1348;10/2022;2022_10_169;tappo;2
1348;10/2022;2022_10_169;tai;7
1348;10/2022;2022_10_169;törkeä;3
1348;10/2022;2022_10_169;maanpetos;1
1348;10/2022;2022_10_169;sekä;2
1348;10/2022;2022_10_169;valtiopetos;1
1348;10/2022;2022_10_169;vankeustuomio;1
1348;10/2022;2022_10_169;puolesta;2
1348;10/2022;2022_10_169;vapautua;1
1348;10/2022;2022_10_169;aikaisintaan;2
1348;10/2022;2022_10_169;kun;5
1348;10/2022;2022_10_169;vankilassaoloaika;2
1348;10/2022;2022_10_169;kertyä;2
1348;10/2022;2022_10_169;vuosi;12
1348;10/2022;2022_10_169;alle;4
1348;10/2022;2022_10_169;vuotias;5
1348;10/2022;2022_10_169;tuomita;10
1348;10/2022;2022_10_169;vanki;1
1348;10/2022;2022_10_169;päästää;2
1348;10/2022;2022_10_169;ehdonalainen;3
1348;10/2022;2022_10_169;vapaus;3
1348;10/2022;2022_10_169;ennen;1
1348;10/2022;2022_10_169;kuin;3
1348;10/2022;2022_10_169;hän;5
1348;10/2022;2022_10_169;valvoa;1
1348;10/2022;2022_10_169;koevapaus;1
1348;10/2022;2022_10_169;minä;1
1348;10/2022;2022_10_169;rikosoikeudellinen;1
1348;10/2022;2022_10_169;vastuu;1
1348;10/2022;2022_10_169;alkaa;1
1348;10/2022;2022_10_169;n-vuotias;1
1348;10/2022;2022_10_169;katsoa;3
1348;10/2022;2022_10_169;nuori;7
1348;10/2022;2022_10_169;rikoksentekijä;4
1348;10/2022;2022_10_169;poliisi;1
1348;10/2022;2022_10_169;mukaan;5
1348;10/2022;2022_10_169;epäillä;2
1348;10/2022;2022_10_169;ikä;1
1348;10/2022;2022_10_169;ottaa;1
1348;10/2022;2022_10_169;huomio;1
1348;10/2022;2022_10_169;arvioida;2
1348;10/2022;2022_10_169;syyllisyys;1
1348;10/2022;2022_10_169;ja;7
1348;10/2022;2022_10_169;seuraus;1
1348;10/2022;2022_10_169;sama;1
1348;10/2022;2022_10_169;yhteys;1
1348;10/2022;2022_10_169;sosiaalinen;1
1348;10/2022;2022_10_169;tilanne;1
1348;10/2022;2022_10_169;tämä;9
1348;10/2022;2022_10_169;kaikki;1
1348;10/2022;2022_10_169;tavoite;1
1348;10/2022;2022_10_169;tukea;1
1348;10/2022;2022_10_169;päästä;2
1348;10/2022;2022_10_169;rikokseton;1
1348;10/2022;2022_10_169;elämä;1
1348;10/2022;2022_10_169;luku;2
1348;10/2022;2022_10_169;alaikäinen;5
1348;10/2022;2022_10_169;lieventää;1
1348;10/2022;2022_10_169;rangaistusasteikko;1
1348;10/2022;2022_10_169;rangaistus;2
1348;10/2022;2022_10_169;tekijä;2
1348;10/2022;2022_10_169;saada;1
1348;10/2022;2022_10_169;enintään;1
1348;10/2022;2022_10_169;kolme;1
1348;10/2022;2022_10_169;neljäs;1
1348;10/2022;2022_10_169;säätää;2
1348;10/2022;2022_10_169;sakkorangaistus;1
1348;10/2022;2022_10_169;enimmäismäärä;1
1348;10/2022;2022_10_169;vähintään;1
1348;10/2022;2022_10_169;rangaistuslaji;1
1348;10/2022;2022_10_169;vähimmäismäärä;1
1348;10/2022;2022_10_169;jos;3
1348;10/2022;2022_10_169;seurata;1
1348;10/2022;2022_10_169;enimmäisrangaistus;1
1348;10/2022;2022_10_169;se;4
1348;10/2022;2022_10_169;sijasta;1
1348;10/2022;2022_10_169;kaksitoista;2
1348;10/2022;2022_10_169;vähimmäisrangaistus;1
1348;10/2022;2022_10_169;kaksi;3
1348;10/2022;2022_10_169;että;3
1348;10/2022;2022_10_169;perustella;2
1348;10/2022;2022_10_169;nimittäin;1
1348;10/2022;2022_10_169;niin;2
1348;10/2022;2022_10_169;enimmillään;1
1348;10/2022;2022_10_169;ehdoton;1
1348;10/2022;2022_10_169;käytäntö;1
1348;10/2022;2022_10_169;kukaan;1
1348;10/2022;2022_10_169;vankeusrangaistus;4
1348;10/2022;2022_10_169;istua;2
1348;10/2022;2022_10_169;täysi;1
1348;10/2022;2022_10_169;tuomio;2
1348;10/2022;2022_10_169;vankila;1
1348;10/2022;2022_10_169;yleensä;1
1348;10/2022;2022_10_169;jo;1
1348;10/2022;2022_10_169;suorittaa;1
1348;10/2022;2022_10_169;yksi;2
1348;10/2022;2022_10_169;kolmasosa;1
1348;10/2022;2022_10_169;varmasti;1
1348;10/2022;2022_10_169;usea;2
1348;10/2022;2022_10_169;osa;2
1348;10/2022;2022_10_169;mutta;3
1348;10/2022;2022_10_169;mieli;1
1348;10/2022;2022_10_169;kuitenkaan;1
1348;10/2022;2022_10_169;henkirikos;3
1348;10/2022;2022_10_169;harvinainen;1
1348;10/2022;2022_10_169;viime;2
1348;10/2022;2022_10_169;määrä;1
1348;10/2022;2022_10_169;nousta;1
1348;10/2022;2022_10_169;hälyttävästi;1
1348;10/2022;2022_10_169;yritys;1
1348;10/2022;2022_10_169;poliisihallitus;1
1348;10/2022;2022_10_169;tilasto;1
1348;10/2022;2022_10_169;peräti;1
1348;10/2022;2022_10_169;vuosittain;1
1348;10/2022;2022_10_169;erityinen;2
1348;10/2022;2022_10_169;raaka;1
1348;10/2022;2022_10_169;toimi;1
1348;10/2022;2022_10_169;viimeinen;1
1348;10/2022;2022_10_169;helsinki;2
1348;10/2022;2022_10_169;koskela;1
1348;10/2022;2022_10_169;joulukuu;1
1348;10/2022;2022_10_169;poika;1
1348;10/2022;2022_10_169;joka;2
1348;10/2022;2022_10_169;käräjäoikeus;1
1348;10/2022;2022_10_169;elokuu;1
1348;10/2022;2022_10_169;henkilö;3
1348;10/2022;2022_10_169;kymmenen;1
1348;10/2022;2022_10_169;kuukausi;3
1348;10/2022;2022_10_169;yhdeksän;1
1348;10/2022;2022_10_169;kahdeksan;1
1348;10/2022;2022_10_169;pituinen;1
1348;10/2022;2022_10_169;pohtia;1
1348;10/2022;2022_10_169;mikä;1
1348;10/2022;2022_10_169;tuntua;1
1348;10/2022;2022_10_169;uhri;1
1348;10/2022;2022_10_169;omainen;1
1348;10/2022;2022_10_169;etenkin;1
1348;10/2022;2022_10_169;murto-osa;1
1348;10/2022;2022_10_169;vakaasti;1
1348;10/2022;2022_10_169;harkita;1
1348;10/2022;2022_10_169;raana;1
1348;10/2022;2022_10_169;julma;1
1348;10/2022;2022_10_169;tapa;1
1348;10/2022;2022_10_169;yleinen;1
1348;10/2022;2022_10_169;vaara;1
1348;10/2022;2022_10_169;aiheuttaa;1
1348;10/2022;2022_10_169;tappaa;1
1348;10/2022;2022_10_169;virkamies;1
1348;10/2022;2022_10_169;virka;1
1348;10/2022;2022_10_169;ylläpitää;1
1348;10/2022;2022_10_169;järjestys;1
1348;10/2022;2022_10_169;turvallisuus;1
1348;10/2022;2022_10_169;taikka;1
1348;10/2022;2022_10_169;virkatoimi;1
1348;10/2022;2022_10_169;vuoksi;1
1348;10/2022;2022_10_169;kokonaisuus;1
1348;10/2022;2022_10_169;arvostella;1
1348;10/2022;2022_10_169;elinkausi;1
1348;10/2022;2022_10_169;estäminen;1
1348;10/2022;2022_10_169;ehkäistä;2
1348;10/2022;2022_10_169;vaikutus;2
1348;10/2022;2022_10_169;kohdistua;1
1348;10/2022;2022_10_169;yksilö;1
1348;10/2022;2022_10_169;koko;1
1348;10/2022;2022_10_169;yhteiskunta;3
1348;10/2022;2022_10_169;eristää;1
1348;10/2022;2022_10_169;jotta;1
1348;10/2022;2022_10_169;uudelleen;1
1348;10/2022;2022_10_169;kanta;1
1348;10/2022;2022_10_169;pelote;1
1348;10/2022;2022_10_169;pelotevaikutus;1
1348;10/2022;2022_10_169;tuleva;1
1348;10/2022;2022_10_169;rikosoikeudellisesti;1
1348;10/2022;2022_10_169;vastuullinen;1
1348;10/2022;2022_10_169;yhtä;1
1348;10/2022;2022_10_169;täysi-ikäinen;1
1348;10/2022;2022_10_169;vastaava;1
1348;10/2022;2022_10_169;syy;1
1348;10/2022;2022_10_169;välttämätön;1
1348;10/2022;2022_10_169;tarvita;1
1348;10/2022;2022_10_169;syyllistyä;1
1348;10/2022;2022_10_169;esimerkiksi;1
1348;10/2022;2022_10_175;arvoisa;1
1348;10/2022;2022_10_175;puhemies;1
1348;10/2022;2022_10_175;kiitos;1
1348;10/2022;2022_10_175;kollega;1
1348;10/2022;2022_10_175;autto;1
1348;10/2022;2022_10_175;ja;4
1348;10/2022;2022_10_175;al-taee;1
1348;10/2022;2022_10_175;aloite;2
1348;10/2022;2022_10_175;kommentointi;1
1348;10/2022;2022_10_175;olla;9
1348;10/2022;2022_10_175;aivan;1
1348;10/2022;2022_10_175;sama;1
1348;10/2022;2022_10_175;mieli;1
1348;10/2022;2022_10_175;että;5
1348;10/2022;2022_10_175;totta;1
1348;10/2022;2022_10_175;kai;1
1348;10/2022;2022_10_175;minä;1
1348;10/2022;2022_10_175;tavoite;1
1348;10/2022;2022_10_175;tulla;1
1348;10/2022;2022_10_175;kun;1
1348;10/2022;2022_10_175;rikoksentekijä;1
1348;10/2022;2022_10_175;kiinni;1
1348;10/2022;2022_10_175;jäädä;1
1348;10/2022;2022_10_175;hän;2
1348;10/2022;2022_10_175;vankila;2
1348;10/2022;2022_10_175;joutua;1
1348;10/2022;2022_10_175;niin;2
1348;10/2022;2022_10_175;aika;1
1348;10/2022;2022_10_175;tehdä;2
1348;10/2022;2022_10_175;yhteiskuntakelpoinen;1
1348;10/2022;2022_10_175;yksilö;1
1348;10/2022;2022_10_175;mutta;1
1348;10/2022;2022_10_175;valitettavasti;1
1348;10/2022;2022_10_175;tilanne;1
1348;10/2022;2022_10_175;tämä;6
1348;10/2022;2022_10_175;hetki;1
1348;10/2022;2022_10_175;nyt;1
1348;10/2022;2022_10_175;se;4
1348;10/2022;2022_10_175;nimenomaan;1
1348;10/2022;2022_10_175;usea;1
1348;10/2022;2022_10_175;tällainen;1
1348;10/2022;2022_10_175;jengi;1
1348;10/2022;2022_10_175;n-vuotiaille;1
1348;10/2022;2022_10_175;nykyinen;1
1348;10/2022;2022_10_175;järjestelmä;1
1348;10/2022;2022_10_175;ei;3
1348;10/2022;2022_10_175;riittävä;2
1348;10/2022;2022_10_175;pelote;3
1348;10/2022;2022_10_175;takia;1
1348;10/2022;2022_10_175;osa;1
1348;10/2022;2022_10_175;laatia;1
1348;10/2022;2022_10_175;myös;1
1348;10/2022;2022_10_175;nuori;1
1348;10/2022;2022_10_175;rikos;1
1348;10/2022;2022_10_175;joka;2
1348;10/2022;2022_10_175;erityinen;1
1348;10/2022;2022_10_175;vakava;1
1348;10/2022;2022_10_175;rangaistus;1
1348;10/2022;2022_10_175;voida;1
1348;10/2022;2022_10_175;antaa;2
1348;10/2022;2022_10_175;täysimääräinen;1
1348;10/2022;2022_10_175;minkäänlainen;1
1348;10/2022;2022_10_175;jos;2
1348;10/2022;2022_10_175;tietää;1
1348;10/2022;2022_10_175;jo;1
1348;10/2022;2022_10_175;tappo;1
1348;10/2022;2022_10_175;selvitä;1
1348;10/2022;2022_10_175;vuosi;2
1348;10/2022;2022_10_175;tai;1
1348;10/2022;2022_10_175;puoli;1
1348;10/2022;2022_10_175;tutkinta-aika;1
1348;10/2022;2022_10_175;päällä;1
1348;10/2022;2022_10_175;mahdollisesti;1
1348;10/2022;2022_10_175;tuomio;1
1348;10/2022;2022_10_175;saaminen;1
1348;10/2022;2022_10_175;jälkeen;1
1348;10/2022;2022_10_175;saman;1
1348;10/2022;2022_10_175;tien;1
1348;10/2022;2022_10_175;vapaa;1
1348;10/2022;2022_10_175;yhteiskunta;1
1348;10/2022;2022_10_175;siksi;1
1348;10/2022;2022_10_175;asia;1
1348;10/2022;2022_10_175;tarvita;1
1348;10/2022;2022_10_175;muutos;1
1348;26/2022;2022_26_13;arvoisa;4
1348;26/2022;2022_26_13;herra;1
1348;26/2022;2022_26_13;puhemies;4
1348;26/2022;2022_26_13;venäjä;1
1348;26/2022;2022_26_13;hyökkäys;1
1348;26/2022;2022_26_13;ukraina;1
1348;26/2022;2022_26_13;olla;25
1348;26/2022;2022_26_13;laittaa;1
1348;26/2022;2022_26_13;myös;9
1348;26/2022;2022_26_13;minä;6
1348;26/2022;2022_26_13;suomalainen;6
1348;26/2022;2022_26_13;uusi;1
1348;26/2022;2022_26_13;eteen;1
1348;26/2022;2022_26_13;maailma;1
1348;26/2022;2022_26_13;ei;3
1348;26/2022;2022_26_13;enää;1
1348;26/2022;2022_26_13;entinen;1
1348;26/2022;2022_26_13;tämä;7
1348;26/2022;2022_26_13;olo;2
1348;26/2022;2022_26_13;kaikki;5
1348;26/2022;2022_26_13;päätöksenteko;1
1348;26/2022;2022_26_13;pitää;8
1348;26/2022;2022_26_13;ohjata;1
1348;26/2022;2022_26_13;vain;1
1348;26/2022;2022_26_13;yksi;1
1348;26/2022;2022_26_13;asia;2
1348;26/2022;2022_26_13;turvallisuus;17
1348;26/2022;2022_26_13;ihminen;3
1348;26/2022;2022_26_13;odottaa;1
1348;26/2022;2022_26_13;päättäjä;1
1348;26/2022;2022_26_13;ratkaisu;2
1348;26/2022;2022_26_13;joka;2
1348;26/2022;2022_26_13;varmistaa;3
1348;26/2022;2022_26_13;rauhallinen;1
1348;26/2022;2022_26_13;jatkuminen;1
1348;26/2022;2022_26_13;suomi;5
1348;26/2022;2022_26_13;turvallinen;4
1348;26/2022;2022_26_13;tulevaisuus;3
1348;26/2022;2022_26_13;muu;1
1348;26/2022;2022_26_13;nyt;3
1348;26/2022;2022_26_13;toissijainen;1
1348;26/2022;2022_26_13;kokonaisuus;1
1348;26/2022;2022_26_13;se;12
1348;26/2022;2022_26_13;perusta;1
1348;26/2022;2022_26_13;viisas;1
1348;26/2022;2022_26_13;ulko;1
1348;26/2022;2022_26_13;ja;17
1348;26/2022;2022_26_13;turvallisuuspolitiikka;1
1348;26/2022;2022_26_13;sekä;1
1348;26/2022;2022_26_13;vahva;1
1348;26/2022;2022_26_13;puolustus;1
1348;26/2022;2022_26_13;presidentti;1
1348;26/2022;2022_26_13;hallitus;1
1348;26/2022;2022_26_13;toimia;2
1348;26/2022;2022_26_13;luottamus;3
1348;26/2022;2022_26_13;herättää;1
1348;26/2022;2022_26_13;tapa;1
1348;26/2022;2022_26_13;että;5
1348;26/2022;2022_26_13;ruoka;1
1348;26/2022;2022_26_13;energia;1
1348;26/2022;2022_26_13;oma;1
1348;26/2022;2022_26_13;taka;1
1348;26/2022;2022_26_13;kotimaa;1
1348;26/2022;2022_26_13;omavaraisuus;1
1348;26/2022;2022_26_13;turvaaminen;1
1348;26/2022;2022_26_13;tehdä;2
1348;26/2022;2022_26_13;yhdessä;2
1348;26/2022;2022_26_13;mahdollinen;1
1348;26/2022;2022_26_13;leena;2
1348;26/2022;2022_26_13;meri;2
1348;26/2022;2022_26_13;tieten;1
1348;26/2022;2022_26_13;mikä;2
1348;26/2022;2022_26_13;täällä;1
1348;26/2022;2022_26_13;tänään;1
1348;26/2022;2022_26_13;ensi;1
1348;26/2022;2022_26_13;sijassa;1
1348;26/2022;2022_26_13;keskustella;1
1348;26/2022;2022_26_13;sisäinen;3
1348;26/2022;2022_26_13;arki;3
1348;26/2022;2022_26_13;poliisi;5
1348;26/2022;2022_26_13;tulla;1
1348;26/2022;2022_26_13;ajoissa;1
1348;26/2022;2022_26_13;rikollinen;1
1348;26/2022;2022_26_13;saada;2
1348;26/2022;2022_26_13;kiinni;2
1348;26/2022;2022_26_13;tuomita;1
1348;26/2022;2022_26_13;maa;2
1348;26/2022;2022_26_13;raja;2
1348;26/2022;2022_26_13;tunne;1
1348;26/2022;2022_26_13;valtava;1
1348;26/2022;2022_26_13;merkitys;1
1348;26/2022;2022_26_13;turvallisuuskokemus;1
1348;26/2022;2022_26_13;vaikutus;1
1348;26/2022;2022_26_13;yhteiskunta;4
1348;26/2022;2022_26_13;kyky;1
1348;26/2022;2022_26_13;kestää;1
1348;26/2022;2022_26_13;erityyppinen;1
1348;26/2022;2022_26_13;kriisi;1
1348;26/2022;2022_26_13;jos;1
1348;26/2022;2022_26_13;koskaan;1
1348;26/2022;2022_26_13;turvallisuusviromainen;1
1348;26/2022;2022_26_13;tärkeä;3
1348;26/2022;2022_26_13;varautua;1
1348;26/2022;2022_26_13;erilainen;2
1348;26/2022;2022_26_13;hybridiuhka;1
1348;26/2022;2022_26_13;selonteko;1
1348;26/2022;2022_26_13;käsitellä;1
1348;26/2022;2022_26_13;laajalti;1
1348;26/2022;2022_26_13;hybridioperaatio;1
1348;26/2022;2022_26_13;pystyä;1
1348;26/2022;2022_26_13;havaita;1
1348;26/2022;2022_26_13;mahdollisimman;1
1348;26/2022;2022_26_13;varhain;1
1348;26/2022;2022_26_13;jotta;1
1348;26/2022;2022_26_13;voida;2
1348;26/2022;2022_26_13;tehokkaasti;1
1348;26/2022;2022_26_13;estää;1
1348;26/2022;2022_26_13;kyse;1
1348;26/2022;2022_26_13;valppaus;1
1348;26/2022;2022_26_13;valmius;1
1348;26/2022;2022_26_13;tiedustelu;1
1348;26/2022;2022_26_13;nähdä;1
1348;26/2022;2022_26_13;muuttoliike;1
1348;26/2022;2022_26_13;turvapaikanhakija;1
1348;26/2022;2022_26_13;käyttää;1
1348;26/2022;2022_26_13;vihamielinen;1
1348;26/2022;2022_26_13;vaikuttaminen;1
1348;26/2022;2022_26_13;väline;1
1348;26/2022;2022_26_13;valko-venäjä;1
1348;26/2022;2022_26_13;toiminta;1
1348;26/2022;2022_26_13;puola;1
1348;26/2022;2022_26_13;liettua;1
1348;26/2022;2022_26_13;viime;1
1348;26/2022;2022_26_13;syksy;1
1348;26/2022;2022_26_13;viimeinen;1
1348;26/2022;2022_26_13;hätkähdyttävä;1
1348;26/2022;2022_26_13;osoitus;1
1348;26/2022;2022_26_13;viranomainen;2
1348;26/2022;2022_26_13;riittävä;2
1348;26/2022;2022_26_13;toimivaltuus;1
1348;26/2022;2022_26_13;keinovalikoima;1
1348;26/2022;2022_26_13;käyttäminen;1
1348;26/2022;2022_26_13;häiriötila;1
1348;26/2022;2022_26_13;ennakoivasti;1
1348;26/2022;2022_26_13;nopeasti;1
1348;26/2022;2022_26_13;joustavasti;1
1348;26/2022;2022_26_13;koskea;1
1348;26/2022;2022_26_13;niin;1
1348;26/2022;2022_26_13;normaaliolo;2
1348;26/2022;2022_26_13;lainsäädäntö;1
1348;26/2022;2022_26_13;kuin;1
1348;26/2022;2022_26_13;valmiuslaki;1
1348;26/2022;2022_26_13;kehittäminen;1
1348;26/2022;2022_26_13;digitalisoitua;1
1348;26/2022;2022_26_13;erityinen;1
1348;26/2022;2022_26_13;kybertoimintaympäristö;1
1348;26/2022;2022_26_13;viranomaisyhteistyö;1
1348;26/2022;2022_26_13;kansainvälisesti;1
1348;26/2022;2022_26_13;hyvä;2
1348;26/2022;2022_26_13;taso;1
1348;26/2022;2022_26_13;pitkä;1
1348;26/2022;2022_26_13;perinne;1
1348;26/2022;2022_26_13;tulli;1
1348;26/2022;2022_26_13;rajavartiolaitos;1
1348;26/2022;2022_26_13;yhteistyö;2
1348;26/2022;2022_26_13;hyvin;1
1348;26/2022;2022_26_13;lisäksi;1
1348;26/2022;2022_26_13;tiivis;1
1348;26/2022;2022_26_13;puolustusvoimat;1
1348;26/2022;2022_26_13;kanssa;1
1348;26/2022;2022_26_13;puolustusvoima;1
1348;26/2022;2022_26_13;virka-aputehtävä;1
1348;26/2022;2022_26_13;tukeminen;1
1348;26/2022;2022_26_13;huoli;1
1348;26/2022;2022_26_13;turvaaja;1
1348;26/2022;2022_26_13;voimavara;1
1348;26/2022;2022_26_13;edellyttää;1
1348;26/2022;2022_26_13;oikein;1
1348;26/2022;2022_26_13;kohdentaa;1
1348;26/2022;2022_26_13;rahoitus;1
1348;26/2022;2022_26_13;näkyvyys;1
1348;26/2022;2022_26_13;koko;1
1348;26/2022;2022_26_13;suorituskyky;1
1348;26/2022;2022_26_13;toimintavalmius;1
1348;26/2022;2022_26_13;kiireellinen;1
1348;26/2022;2022_26_13;hälytystehtävä;1
1348;26/2022;2022_26_13;ykkösasia;1
1348;26/2022;2022_26_13;vakaus;1
1348;26/2022;2022_26_13;näkyä;1
1348;26/2022;2022_26_13;tasa-arvoisesti;1
1348;26/2022;2022_26_13;selkonen;1
1348;26/2022;2022_26_13;postinumero;1
1348;26/2022;2022_26_13;perussuomalaiset;1
1348;26/2022;2022_26_13;ryhmä;1
1348;26/2022;2022_26_13;no;1
1348;26/2022;2022_26_13;pelastusviranomainen;1
1348;26/2022;2022_26_13;vasteaika;1
1348;26/2022;2022_26_13;parantaa;1
1348;26/2022;2022_26_13;lisätä;1
1348;26/2022;2022_26_13;vahvuus;2
1348;26/2022;2022_26_13;yhteiskuntarauha;1
1348;26/2022;2022_26_13;kansanvalta;1
1348;26/2022;2022_26_13;tällainen;1
1348;26/2022;2022_26_13;aika;1
1348;26/2022;2022_26_13;korostua;1
1348;26/2022;2022_26_13;entisestään;1
1348;26/2022;2022_26_13;vaalia;1
1348;26/2022;2022_26_13;rakentua;2
1348;26/2022;2022_26_13;resurssi;3
1348;40/2022;2022_40_165;arvoisa;2
1348;40/2022;2022_40_165;herra;1
1348;40/2022;2022_40_165;puhemies;2
1348;40/2022;2022_40_165;syvä;1
1348;40/2022;2022_40_165;osanotto;1
1348;40/2022;2022_40_165;edustaja;2
1348;40/2022;2022_40_165;kanerva;1
1348;40/2022;2022_40_165;perhe;1
1348;40/2022;2022_40_165;ja;9
1348;40/2022;2022_40_165;läheinen;1
1348;40/2022;2022_40_165;täytyä;3
1348;40/2022;2022_40_165;tunnustaa;1
1348;40/2022;2022_40_165;että;11
1348;40/2022;2022_40_165;itse;1
1348;40/2022;2022_40_165;olla;10
1348;40/2022;2022_40_165;kyllä;1
1348;40/2022;2022_40_165;kypärä;1
1348;40/2022;2022_40_165;kallellaan;1
1348;40/2022;2022_40_165;tämä;10
1348;40/2022;2022_40_165;muutama;1
1348;40/2022;2022_40_165;päivä;1
1348;40/2022;2022_40_165;mutta;1
1348;40/2022;2022_40_165;eteenpäin;1
1348;40/2022;2022_40_165;mennä;1
1348;40/2022;2022_40_165;kun;1
1348;40/2022;2022_40_165;sali;1
1348;40/2022;2022_40_165;käsitellä;1
1348;40/2022;2022_40_165;sisäinen;1
1348;40/2022;2022_40_165;turvallisuus;7
1348;40/2022;2022_40_165;selonteko;1
1348;40/2022;2022_40_165;paaluttaa;1
1348;40/2022;2022_40_165;kolme;2
1348;40/2022;2022_40_165;asia;2
1348;40/2022;2022_40_165;katsoa;1
1348;40/2022;2022_40_165;julkinen;1
1348;40/2022;2022_40_165;talous;1
1348;40/2022;2022_40_165;suunnitelma;1
1348;40/2022;2022_40_165;vahventaa;1
1348;40/2022;2022_40_165;merkittävä;2
1348;40/2022;2022_40_165;tapa;1
1348;40/2022;2022_40_165;maa;3
1348;40/2022;2022_40_165;kaikki;3
1348;40/2022;2022_40_165;eri;1
1348;40/2022;2022_40_165;sektori;1
1348;40/2022;2022_40_165;miljardi;1
1348;40/2022;2022_40_165;panostus;2
1348;40/2022;2022_40_165;ulkoinen;1
1348;40/2022;2022_40_165;puolustusvoimat;1
1348;40/2022;2022_40_165;sekä;2
1348;40/2022;2022_40_165;rajavartiolaitos;1
1348;40/2022;2022_40_165;voida;4
1348;40/2022;2022_40_165;jo;1
1348;40/2022;2022_40_165;sanoa;2
1348;40/2022;2022_40_165;historiallinen;1
1348;40/2022;2022_40_165;ei;3
1348;40/2022;2022_40_165;vähäpätöinen;1
1348;40/2022;2022_40_165;jälkeen;1
1348;40/2022;2022_40_165;myös;4
1348;40/2022;2022_40_165;täyttää;1
1348;40/2022;2022_40_165;kirkkaasti;1
1348;40/2022;2022_40_165;nato;1
1348;40/2022;2022_40_165;suositus;1
1348;40/2022;2022_40_165;se;7
1348;40/2022;2022_40_165;bkt;1
1348;40/2022;2022_40_165;kaksi;1
1348;40/2022;2022_40_165;prosentti;1
1348;40/2022;2022_40_165;kohdistua;1
1348;40/2022;2022_40_165;puolustusmeno;1
1348;40/2022;2022_40_165;erittäin;1
1348;40/2022;2022_40_165;kiitollinen;1
1348;40/2022;2022_40_165;edellinen;1
1348;40/2022;2022_40_165;päättäjäsukupolvi;1
1348;40/2022;2022_40_165;tehdä;2
1348;40/2022;2022_40_165;sama;2
1348;40/2022;2022_40_165;virhe;1
1348;40/2022;2022_40_165;kuin;1
1348;40/2022;2022_40_165;moni;1
1348;40/2022;2022_40_165;muu;1
1348;40/2022;2022_40_165;kylmä;1
1348;40/2022;2022_40_165;sota;2
1348;40/2022;2022_40_165;päättyä;1
1348;40/2022;2022_40_165;ajaa;1
1348;40/2022;2022_40_165;puolustus;1
1348;40/2022;2022_40_165;alas;1
1348;40/2022;2022_40_165;vaan;1
1348;40/2022;2022_40_165;päinvastoin;1
1348;40/2022;2022_40_165;systemaattisesti;1
1348;40/2022;2022_40_165;järjestelmällisesti;1
1348;40/2022;2022_40_165;kehittää;1
1348;40/2022;2022_40_165;oma;1
1348;40/2022;2022_40_165;puolustuskyky;1
1348;40/2022;2022_40_165;varmistaa;2
1348;40/2022;2022_40_165;kyetä;1
1348;40/2022;2022_40_165;puolustaa;1
1348;40/2022;2022_40_165;tilanne;2
1348;40/2022;2022_40_165;olosuhde;1
1348;40/2022;2022_40_165;simula;1
1348;40/2022;2022_40_165;puhua;1
1348;40/2022;2022_40_165;varsin;1
1348;40/2022;2022_40_165;viisaasti;1
1348;40/2022;2022_40_165;venäjä;3
1348;40/2022;2022_40_165;pakote;2
1348;40/2022;2022_40_165;mieli;1
1348;40/2022;2022_40_165;minä;2
1348;40/2022;2022_40_165;nyt;1
1348;40/2022;2022_40_165;varautua;1
1348;40/2022;2022_40_165;aidosti;1
1348;40/2022;2022_40_165;jokainen;1
1348;40/2022;2022_40_165;suomalainen;1
1348;40/2022;2022_40_165;elintaso;1
1348;40/2022;2022_40_165;tulla;1
1348;40/2022;2022_40_165;tilapäisesti;1
1348;40/2022;2022_40_165;laskea;1
1348;40/2022;2022_40_165;asettaa;1
1348;40/2022;2022_40_165;kova;1
1348;40/2022;2022_40_165;myötä;1
1348;40/2022;2022_40_165;polttoainepumppu;1
1348;40/2022;2022_40_165;maksaa;2
1348;40/2022;2022_40_165;korkea;1
1348;40/2022;2022_40_165;hinta;2
1348;40/2022;2022_40_165;johtua;1
1348;40/2022;2022_40_165;putin;2
1348;40/2022;2022_40_165;hyökkäyssota;1
1348;40/2022;2022_40_165;ukraina;3
1348;40/2022;2022_40_165;tärkeä;2
1348;40/2022;2022_40_165;saada;1
1348;40/2022;2022_40_165;apu;2
1348;40/2022;2022_40_165;mikä;1
1348;40/2022;2022_40_165;antaa;1
1348;40/2022;2022_40_165;raakalaismainen;1
1348;40/2022;2022_40_165;hyökkäys;1
1348;40/2022;2022_40_165;torjuminen;1
1348;40/2022;2022_40_165;haluta;3
1348;40/2022;2022_40_165;esittää;1
1348;40/2022;2022_40_165;kiitos;1
1348;40/2022;2022_40_165;puolustusministeri;1
1348;40/2022;2022_40_165;kaikkonen;1
1348;40/2022;2022_40_165;ennen;1
1348;40/2022;2022_40_165;kaikkea;1
1348;40/2022;2022_40_165;koko;1
1348;40/2022;2022_40_165;hallitus;1
1348;40/2022;2022_40_165;suomi;3
1348;40/2022;2022_40_165;tänään;1
1348;40/2022;2022_40_165;lähettää;1
1348;40/2022;2022_40_165;kolmas;1
1348;40/2022;2022_40_165;aseapupaketti;1
1348;40/2022;2022_40_165;pitää;1
1348;40/2022;2022_40_165;tkipanostus;1
1348;40/2022;2022_40_165;luoda;2
1348;40/2022;2022_40_165;osaaminen;1
1348;40/2022;2022_40_165;työpaikka;1
1348;40/2022;2022_40_165;auttaa;1
1348;40/2022;2022_40_165;uudelleen;1
1348;40/2022;2022_40_165;talouskasvu;1
1348;40/2022;2022_40_165;ura;1
1348;40/2022;2022_40_165;vanha;1
1348;40/2022;2022_40_165;latinalainen;1
1348;40/2022;2022_40_165;lentää;1
1348;40/2022;2022_40_165;lause;1
1348;40/2022;2022_40_165;todeta;1
1348;40/2022;2022_40_165;jos;1
1348;40/2022;2022_40_165;rauha;2
1348;40/2022;2022_40_165;valmistautua;1
1348;40/2022;2022_40_165;budjetti;1
1348;40/2022;2022_40_165;sellainen;1
1348;40/2022;2022_40_165;todella;1
1348;41/2022;2022_41_261;arvoisa;1
1348;41/2022;2022_41_261;puhemies;1
1348;41/2022;2022_41_261;edustaja;1
1348;41/2022;2022_41_261;kaleva;1
1348;41/2022;2022_41_261;puhua;1
1348;41/2022;2022_41_261;tämä;7
1348;41/2022;2022_41_261;viisaasti;1
1348;41/2022;2022_41_261;ei;1
1348;41/2022;2022_41_261;tietää;2
1348;41/2022;2022_41_261;olla;6
1348;41/2022;2022_41_261;nyt;3
1348;41/2022;2022_41_261;ajatus;1
1348;41/2022;2022_41_261;että;5
1348;41/2022;2022_41_261;aloite;3
1348;41/2022;2022_41_261;käsitellä;1
1348;41/2022;2022_41_261;sitten;4
1348;41/2022;2022_41_261;selonteko;1
1348;41/2022;2022_41_261;käsittely;1
1348;41/2022;2022_41_261;yhteys;1
1348;41/2022;2022_41_261;se;7
1348;41/2022;2022_41_261;tavallaan;1
1348;41/2022;2022_41_261;paketoida;1
1348;41/2022;2022_41_261;mutta;1
1348;41/2022;2022_41_261;kuten;1
1348;41/2022;2022_41_261;todeta;1
1348;41/2022;2022_41_261;prosessi;2
1348;41/2022;2022_41_261;jo;1
1348;41/2022;2022_41_261;käynti;1
1348;41/2022;2022_41_261;ääretön;1
1348;41/2022;2022_41_261;tärkeä;1
1348;41/2022;2022_41_261;ja;5
1348;41/2022;2022_41_261;vaikuttaa;1
1348;41/2022;2022_41_261;kuitenkin;1
1348;41/2022;2022_41_261;erittäin;1
1348;41/2022;2022_41_261;vahvasti;1
1348;41/2022;2022_41_261;suomi;1
1348;41/2022;2022_41_261;käynnistää;1
1348;41/2022;2022_41_261;päässä;1
1348;41/2022;2022_41_261;häämöttää;1
1348;41/2022;2022_41_261;aika;2
1348;41/2022;2022_41_261;nato-jäsenyys;1
1348;41/2022;2022_41_261;itse;1
1348;41/2022;2022_41_261;henkilökohtaisesti;1
1348;41/2022;2022_41_261;toivoa;1
1348;41/2022;2022_41_261;mennä;1
1348;41/2022;2022_41_261;joten;1
1348;41/2022;2022_41_261;mieli;2
1348;41/2022;2022_41_261;tekijä;2
1348;41/2022;2022_41_261;hyvä;1
1348;41/2022;2022_41_261;voida;1
1348;41/2022;2022_41_261;kyllä;1
1348;41/2022;2022_41_261;rauhallinen;1
1348;41/2022;2022_41_261;eduskunta;1
1348;41/2022;2022_41_261;asia;1
1348;41/2022;2022_41_261;arvioida;1
1348;41/2022;2022_41_261;kaikki;1
1348;41/2022;2022_41_261;mahdollinen;1
1348;41/2022;2022_41_261;kanne;1
1348;41/2022;2022_41_261;jälkeen;2
1348;41/2022;2022_41_261;minä;1
1348;41/2022;2022_41_261;valtionjohto;1
1348;41/2022;2022_41_261;esitys;1
1348;41/2022;2022_41_261;antaa;1
1348;41/2022;2022_41_261;täällä;1
1348;41/2022;2022_41_261;varmasti;1
1348;41/2022;2022_41_261;valmis;1
1348;41/2022;2022_41_261;päätös;1
1348;41/2022;2022_41_261;tehdä;1
1348;41/2022;2022_41_269;arvoisa;1
1348;41/2022;2022_41_269;puhemies;1
1348;41/2022;2022_41_269;kiittää;1
1348;41/2022;2022_41_269;edustaja;3
1348;41/2022;2022_41_269;tynkkynen;1
1348;41/2022;2022_41_269;hän;1
1348;41/2022;2022_41_269;inspiroida;1
1348;41/2022;2022_41_269;minä;10
1348;41/2022;2022_41_269;tämä;16
1348;41/2022;2022_41_269;puhua;2
1348;41/2022;2022_41_269;myös;6
1348;41/2022;2022_41_269;hivenen;1
1348;41/2022;2022_41_269;pitkästi;1
1348;41/2022;2022_41_269;asia;4
1348;41/2022;2022_41_269;kiitos;2
1348;41/2022;2022_41_269;vielä;1
1348;41/2022;2022_41_269;tosiaan;1
1348;41/2022;2022_41_269;aloite;1
1348;41/2022;2022_41_269;tekijä;1
1348;41/2022;2022_41_269;ja;17
1348;41/2022;2022_41_269;erityisterveinen;1
1348;41/2022;2022_41_269;tohtori;1
1348;41/2022;2022_41_269;muukkonen;1
1348;41/2022;2022_41_269;joka;7
1348;41/2022;2022_41_269;varmasti;1
1348;41/2022;2022_41_269;verkkolähetys;1
1348;41/2022;2022_41_269;nyt;4
1348;41/2022;2022_41_269;seurata;1
1348;41/2022;2022_41_269;sali;1
1348;41/2022;2022_41_269;olla;33
1348;41/2022;2022_41_269;tänään;1
1348;41/2022;2022_41_269;käyttää;4
1348;41/2022;2022_41_269;usein;1
1348;41/2022;2022_41_269;fraasi;1
1348;41/2022;2022_41_269;että;17
1348;41/2022;2022_41_269;tosiasia;2
1348;41/2022;2022_41_269;tunnustaminen;1
1348;41/2022;2022_41_269;viisaus;1
1348;41/2022;2022_41_269;alku;1
1348;41/2022;2022_41_269;se;20
1348;41/2022;2022_41_269;edessä;1
1348;41/2022;2022_41_269;hetki;2
1348;41/2022;2022_41_269;yli;1
1348;41/2022;2022_41_269;kilometri;1
1348;41/2022;2022_41_269;yhteinen;3
1348;41/2022;2022_41_269;raja;1
1348;41/2022;2022_41_269;valtio;2
1348;41/2022;2022_41_269;kanssa;2
1348;41/2022;2022_41_269;johtaa;1
1348;41/2022;2022_41_269;sotarikollinen;1
1348;41/2022;2022_41_269;murha;1
1348;41/2022;2022_41_269;raiskaus;1
1348;41/2022;2022_41_269;pyhittää;1
1348;41/2022;2022_41_269;johtaja;1
1348;41/2022;2022_41_269;yksi;1
1348;41/2022;2022_41_269;sanominen;1
1348;41/2022;2022_41_269;ei;7
1348;41/2022;2022_41_269;aidosti;1
1348;41/2022;2022_41_269;voida;1
1348;41/2022;2022_41_269;luottaa;1
1348;41/2022;2022_41_269;pitää;2
1348;41/2022;2022_41_269;erittäin;1
1348;41/2022;2022_41_269;epätodennäköinen;1
1348;41/2022;2022_41_269;suomi;11
1348;41/2022;2022_41_269;kyetä;1
1348;41/2022;2022_41_269;mikään;5
1348;41/2022;2022_41_269;lähitulevaisuus;1
1348;41/2022;2022_41_269;palauttaa;1
1348;41/2022;2022_41_269;niin;5
1348;41/2022;2022_41_269;sanotusti;1
1348;41/2022;2022_41_269;normaali;1
1348;41/2022;2022_41_269;väli;1
1348;41/2022;2022_41_269;venäjä;3
1348;41/2022;2022_41_269;vladimir;1
1348;41/2022;2022_41_269;putin;2
1348;41/2022;2022_41_269;kuulua;2
1348;41/2022;2022_41_269;tapaus;3
1348;41/2022;2022_41_269;kultaranta;1
1348;41/2022;2022_41_269;haag;1
1348;41/2022;2022_41_269;kansainvälinen;2
1348;41/2022;2022_41_269;rikostuomioistuin;1
1348;41/2022;2022_41_269;atte;1
1348;41/2022;2022_41_269;kaleva;1
1348;41/2022;2022_41_269;kyllä;4
1348;41/2022;2022_41_269;täällä;2
1348;41/2022;2022_41_269;käydä;2
1348;41/2022;2022_41_269;monipuolinen;1
1348;41/2022;2022_41_269;keskustelu;2
1348;41/2022;2022_41_269;hahmottaa;1
1348;41/2022;2022_41_269;näyttää;1
1348;41/2022;2022_41_269;varsin;1
1348;41/2022;2022_41_269;vahva;2
1348;41/2022;2022_41_269;konsensus;1
1348;41/2022;2022_41_269;eduskunta;2
1348;41/2022;2022_41_269;oma;1
1348;41/2022;2022_41_269;arvio;1
1348;41/2022;2022_41_269;mukaan;1
1348;41/2022;2022_41_269;jo;2
1348;41/2022;2022_41_269;prosentti;1
1348;41/2022;2022_41_269;kanta;1
1348;41/2022;2022_41_269;muodostaa;1
1348;41/2022;2022_41_269;mieli;3
1348;41/2022;2022_41_269;tulla;2
1348;41/2022;2022_41_269;viedä;1
1348;41/2022;2022_41_269;nato;5
1348;41/2022;2022_41_269;jäsen;3
1348;41/2022;2022_41_269;hyvä;4
1348;41/2022;2022_41_269;parlamentarismi;1
1348;41/2022;2022_41_269;kestää;1
1348;41/2022;2022_41_269;eriävä;1
1348;41/2022;2022_41_269;mielipide;1
1348;41/2022;2022_41_269;esittää;3
1348;41/2022;2022_41_269;kiihkottomasti;1
1348;41/2022;2022_41_269;puuttua;1
1348;41/2022;2022_41_269;muutama;1
1348;41/2022;2022_41_269;argumentti;2
1348;41/2022;2022_41_269;nato-jäsenyys;2
1348;41/2022;2022_41_269;vastaan;3
1348;41/2022;2022_41_269;ensinnä;1
1348;41/2022;2022_41_269;väittää;1
1348;41/2022;2022_41_269;mikäli;2
1348;41/2022;2022_41_269;liittyä;1
1348;41/2022;2022_41_269;riski;2
1348;41/2022;2022_41_269;kohdistaa;1
1348;41/2022;2022_41_269;ydinaseisku;1
1348;41/2022;2022_41_269;kasvaa;1
1348;41/2022;2022_41_269;itse;2
1348;41/2022;2022_41_269;täysin;1
1348;41/2022;2022_41_269;päinvastainen;1
1348;41/2022;2022_41_269;ukraina;2
1348;41/2022;2022_41_269;pelätä;1
1348;41/2022;2022_41_269;saattaa;1
1348;41/2022;2022_41_269;taktinen;1
1348;41/2022;2022_41_269;ydinase;3
1348;41/2022;2022_41_269;armeija;1
1348;41/2022;2022_41_269;mutta;2
1348;41/2022;2022_41_269;nato-maa;3
1348;41/2022;2022_41_269;tällainen;3
1348;41/2022;2022_41_269;kauhu;1
1348;41/2022;2022_41_269;tasapaino;1
1348;41/2022;2022_41_269;huoli;1
1348;41/2022;2022_41_269;nähdä;3
1348;41/2022;2022_41_269;päinvastoin;1
1348;41/2022;2022_41_269;kynnys;1
1348;41/2022;2022_41_269;nousta;1
1348;41/2022;2022_41_269;ylitsepääsemätön;1
1348;41/2022;2022_41_269;ministeri;1
1348;41/2022;2022_41_269;haavisto;1
1348;41/2022;2022_41_269;äsken;1
1348;41/2022;2022_41_269;vastaus;1
1348;41/2022;2022_41_269;viisas;1
1348;41/2022;2022_41_269;välittäjäasema;1
1348;41/2022;2022_41_269;ymmärtää;1
1348;41/2022;2022_41_269;retoriikka;1
1348;41/2022;2022_41_269;jotenkin;1
1348;41/2022;2022_41_269;puolustusliitto;4
1348;41/2022;2022_41_269;sitoutua;4
1348;41/2022;2022_41_269;menettää;1
1348;41/2022;2022_41_269;välittäjärooli;1
1348;41/2022;2022_41_269;maailma;3
1348;41/2022;2022_41_269;kriisi;1
1348;41/2022;2022_41_269;kuten;1
1348;41/2022;2022_41_269;todeta;2
1348;41/2022;2022_41_269;norja;1
1348;41/2022;2022_41_269;toimia;1
1348;41/2022;2022_41_269;aktiivisesti;1
1348;41/2022;2022_41_269;välittäjä;1
1348;41/2022;2022_41_269;esimerkiksi;2
1348;41/2022;2022_41_269;israel;1
1348;41/2022;2022_41_269;palestiina;1
1348;41/2022;2022_41_269;välillä;1
1348;41/2022;2022_41_269;sanottu;1
1348;41/2022;2022_41_269;oslo;1
1348;41/2022;2022_41_269;prosessi;1
1348;41/2022;2022_41_269;virheellinen;1
1348;41/2022;2022_41_269;moni;2
1348;41/2022;2022_41_269;kerta;1
1348;41/2022;2022_41_269;lakkauttaa;2
1348;41/2022;2022_41_269;asevelvollisuus;2
1348;41/2022;2022_41_269;varusmiespalvelus;1
1348;41/2022;2022_41_269;vaan;2
1348;41/2022;2022_41_269;edelleen;1
1348;41/2022;2022_41_269;mahdollisuus;2
1348;41/2022;2022_41_269;järjestelmä;1
1348;41/2022;2022_41_269;jatkaa;1
1348;41/2022;2022_41_269;taata;2
1348;41/2022;2022_41_269;uskottava;1
1348;41/2022;2022_41_269;puolustuskyky;1
1348;41/2022;2022_41_269;kaikki;5
1348;41/2022;2022_41_269;mahdollinen;1
1348;41/2022;2022_41_269;tilanne;2
1348;41/2022;2022_41_269;riittävä;1
1348;41/2022;2022_41_269;arvopohja;2
1348;41/2022;2022_41_269;erityisesti;1
1348;41/2022;2022_41_269;kritiikki;1
1348;41/2022;2022_41_269;kohdistua;1
1348;41/2022;2022_41_269;tuo;1
1348;41/2022;2022_41_269;vasemmalta;1
1348;41/2022;2022_41_269;yhdysvalta;1
1348;41/2022;2022_41_269;sekä;1
1348;41/2022;2022_41_269;totta;1
1348;41/2022;2022_41_269;kai;1
1348;41/2022;2022_41_269;unkari;2
1348;41/2022;2022_41_269;turkki;2
1348;41/2022;2022_41_269;riittää;1
1348;41/2022;2022_41_269;kuitenkin;2
1348;41/2022;2022_41_269;jäsenvaltio;4
1348;41/2022;2022_41_269;kunnioittaa;1
1348;41/2022;2022_41_269;suvereniteetti;1
1348;41/2022;2022_41_269;itsemääräämisoikeus;1
1348;41/2022;2022_41_269;sopimus;1
1348;41/2022;2022_41_269;laaja;1
1348;41/2022;2022_41_269;rakenne;1
1348;41/2022;2022_41_269;jos;1
1348;41/2022;2022_41_269;joku;1
1348;41/2022;2022_41_269;toinen;1
1348;41/2022;2022_41_269;alueellinen;1
1348;41/2022;2022_41_269;koskemattomuus;1
1348;41/2022;2022_41_269;loukata;1
1348;41/2022;2022_41_269;käsittää;1
1348;41/2022;2022_41_269;teko;1
1348;41/2022;2022_41_269;hyökkäys;1
1348;41/2022;2022_41_269;kohtaan;1
1348;41/2022;2022_41_269;sitten;1
1348;41/2022;2022_41_269;velvoittaa;1
1348;41/2022;2022_41_269;artikla;1
1348;41/2022;2022_41_269;nojalla;1
1348;41/2022;2022_41_269;apu;1
1348;41/2022;2022_41_269;antaa;1
1348;41/2022;2022_41_269;muu;1
1348;41/2022;2022_41_269;tulevaisuus;1
1348;41/2022;2022_41_269;nato-jäsen;2
1348;41/2022;2022_41_269;täysi;1
1348;41/2022;2022_41_269;kritisoida;1
1348;41/2022;2022_41_269;tai;1
1348;41/2022;2022_41_269;ihmisoikeusloukkaus;1
1348;41/2022;2022_41_269;sellainen;1
1348;41/2022;2022_41_269;syyllistyä;1
1348;41/2022;2022_41_269;näin;1
1348;41/2022;2022_41_269;eurooppalainen;1
1348;41/2022;2022_41_269;tehdä;1
1348;41/2022;2022_41_269;hieno;1
1348;41/2022;2022_41_269;puheenvuoro;1
1348;41/2022;2022_41_269;ydinaseeton;1
1348;41/2022;2022_41_269;aseistariisunta;1
1348;41/2022;2022_41_269;mielellään;1
1348;41/2022;2022_41_269;ilman;1
1348;41/2022;2022_41_269;valitettavasti;1
1348;41/2022;2022_41_269;utopia;1
1348;41/2022;2022_41_269;kauan;1
1348;41/2022;2022_41_269;kuin;2
1348;41/2022;2022_41_269;tyyppinen;1
1348;41/2022;2022_41_269;rosvovaltio;1
1348;41/2022;2022_41_269;toivoa;1
1348;41/2022;2022_41_269;kansalainen;2
1348;41/2022;2022_41_269;vaihe;1
1348;41/2022;2022_41_269;pragmaattinen;1
1348;41/2022;2022_41_269;suhtautuminen;1
1348;41/2022;2022_41_269;toki;1
1348;41/2022;2022_41_269;oikeus;1
1348;41/2022;2022_41_269;ideologia;1
1348;41/2022;2022_41_269;kun;1
1348;41/2022;2022_41_269;katsoa;1
1348;41/2022;2022_41_269;kysymys;1
1348;41/2022;2022_41_269;pragmaattisesti;1
1348;41/2022;2022_41_269;aika;1
1348;41/2022;2022_41_269;helposti;1
1348;41/2022;2022_41_269;huomata;1
1348;41/2022;2022_41_269;tapa;1
1348;41/2022;2022_41_269;turvallisuus;1
1348;41/2022;2022_41_269;olosuhde;1
1348;41/2022;2022_41_269;sujahtaa;1
1348;41/2022;2022_41_269;mahdollisimman;1
1348;41/2022;2022_41_269;nopeasti;1
1348;41/2022;2022_41_269;telkkä;1
1348;41/2022;2022_41_269;pönttö;1
1348;41/2022;2022_41_293;arvoisa;1
1348;41/2022;2022_41_293;herra;1
1348;41/2022;2022_41_293;puhemies;1
1348;41/2022;2022_41_293;minä;8
1348;41/2022;2022_41_293;olla;14
1348;41/2022;2022_41_293;suomi;3
1348;41/2022;2022_41_293;edustuksellinen;1
1348;41/2022;2022_41_293;demokratia;1
1348;41/2022;2022_41_293;kansa;2
1348;41/2022;2022_41_293;valita;2
1348;41/2022;2022_41_293;tänne;1
1348;41/2022;2022_41_293;tehdä;1
1348;41/2022;2022_41_293;päätös;3
1348;41/2022;2022_41_293;ja;6
1348;41/2022;2022_41_293;valtakirja;2
1348;41/2022;2022_41_293;antaa;2
1348;41/2022;2022_41_293;tekeminen;2
1348;41/2022;2022_41_293;katsoa;2
1348;41/2022;2022_41_293;että;5
1348;41/2022;2022_41_293;tämä;5
1348;41/2022;2022_41_293;tilanne;3
1348;41/2022;2022_41_293;kansanäänestys;2
1348;41/2022;2022_41_293;järjestäminen;1
1348;41/2022;2022_41_293;nato-jäsenyys;1
1348;41/2022;2022_41_293;juuri;1
1348;41/2022;2022_41_293;se;3
1348;41/2022;2022_41_293;mikä;1
1348;41/2022;2022_41_293;venäjä;1
1348;41/2022;2022_41_293;haluta;1
1348;41/2022;2022_41_293;todennäköisesti;1
1348;41/2022;2022_41_293;tällainen;1
1348;41/2022;2022_41_293;tulla;1
1348;41/2022;2022_41_293;kohdata;1
1348;41/2022;2022_41_293;aivan;2
1348;41/2022;2022_41_293;ennennäkemätön;1
1348;41/2022;2022_41_293;hybridi-info-operaatio;1
1348;41/2022;2022_41_293;kohtaa;1
1348;41/2022;2022_41_293;joka;3
1348;41/2022;2022_41_293;pyrkiä;1
1348;41/2022;2022_41_293;vaikuttaa;1
1348;41/2022;2022_41_293;mielipide;1
1348;41/2022;2022_41_293;kaikki;1
1348;41/2022;2022_41_293;mahdollinen;1
1348;41/2022;2022_41_293;keino;1
1348;41/2022;2022_41_293;käyttää;4
1348;41/2022;2022_41_293;edustaja;1
1348;41/2022;2022_41_293;mari;1
1348;41/2022;2022_41_293;rantanen;1
1348;41/2022;2022_41_293;tuossa;1
1348;41/2022;2022_41_293;aiemmin;1
1348;41/2022;2022_41_293;hyvä;2
1348;41/2022;2022_41_293;puheenvuoro;1
1348;41/2022;2022_41_293;hän;1
1348;41/2022;2022_41_293;todeta;2
1348;41/2022;2022_41_293;keskustella;1
1348;41/2022;2022_41_293;eräs;1
1348;41/2022;2022_41_293;sotilas;2
1348;41/2022;2022_41_293;kanssa;2
1348;41/2022;2022_41_293;itse;1
1348;41/2022;2022_41_293;sotilastaustainen;1
1348;41/2022;2022_41_293;mainita;1
1348;41/2022;2022_41_293;päivä;1
1348;41/2022;2022_41_293;liittyä;1
1348;41/2022;2022_41_293;nato;1
1348;41/2022;2022_41_293;eilen;1
1348;41/2022;2022_41_293;mieli;1
1348;41/2022;2022_41_293;kannattaa;1
1348;41/2022;2022_41_293;nyt;1
1348;41/2022;2022_41_293;kiiruhtaa;1
1348;41/2022;2022_41_293;asia;1
1348;41/2022;2022_41_293;toivoa;1
1348;41/2022;2022_41_293;viisas;1
1348;41/2022;2022_41_293;ulko;1
1348;41/2022;2022_41_293;turvallisuuspoliittinen;1
1348;41/2022;2022_41_293;johto;1
1348;41/2022;2022_41_293;valtiojohto;1
1348;41/2022;2022_41_293;presidentti;1
1348;41/2022;2022_41_293;tp-utva;1
1348;41/2022;2022_41_293;mikään;1
1348;41/2022;2022_41_293;perustelu;1
1348;41/2022;2022_41_293;järjestää;1
1348;41/2022;2022_41_293;ei;2
1348;41/2022;2022_41_293;riski;1
1348;41/2022;2022_41_293;liian;1
1348;41/2022;2022_41_293;suuri;1
1348;41/2022;2022_41_293;täytyä;2
1348;41/2022;2022_41_293;jokainen;1
1348;41/2022;2022_41_293;kansanedustaja;1
1348;41/2022;2022_41_293;valmis;1
1348;41/2022;2022_41_293;vaali;1
1348;41/2022;2022_41_293;toimi;1
1348;41/2022;2022_41_293;kankaanniemi;1
1348;41/2022;2022_41_293;totta;1
1348;41/2022;2022_41_293;kai;1
1348;41/2022;2022_41_293;vaihtoehto;1
1348;41/2022;2022_41_311;arvoisa;1
1348;41/2022;2022_41_311;herra;1
1348;41/2022;2022_41_311;puhemies;1
1348;41/2022;2022_41_311;kun;2
1348;41/2022;2022_41_311;opiskella;1
1348;41/2022;2022_41_311;maanpuolustuskorkeakoulu;1
1348;41/2022;2022_41_311;tuossa;1
1348;41/2022;2022_41_311;luku;1
1348;41/2022;2022_41_311;alkupuoli;1
1348;41/2022;2022_41_311;niin;7
1348;41/2022;2022_41_311;kadettioppilaskunta;1
1348;41/2022;2022_41_311;myydä;1
1348;41/2022;2022_41_311;silloin;1
1348;41/2022;2022_41_311;t-paita;1
1348;41/2022;2022_41_311;joka;5
1348;41/2022;2022_41_311;lukea;1
1348;41/2022;2022_41_311;pelastaa;1
1348;41/2022;2022_41_311;sakaramiina;2
1348;41/2022;2022_41_311;tämä;12
1348;41/2022;2022_41_311;paita;1
1348;41/2022;2022_41_311;ei;5
1348;41/2022;2022_41_311;sitten;6
1348;41/2022;2022_41_311;olla;23
1348;41/2022;2022_41_311;vaikutus;1
1348;41/2022;2022_41_311;suomi;4
1348;41/2022;2022_41_311;lopulta;1
1348;41/2022;2022_41_311;liittyä;1
1348;41/2022;2022_41_311;ottawa;1
1348;41/2022;2022_41_311;sopimus;4
1348;41/2022;2022_41_311;vuosi;1
1348;41/2022;2022_41_311;ja;11
1348;41/2022;2022_41_311;se;11
1348;41/2022;2022_41_311;jälkeen;3
1348;41/2022;2022_41_311;porapatruuna;1
1348;41/2022;2022_41_311;ilmeisesti;1
1348;41/2022;2022_41_311;mutta;2
1348;41/2022;2022_41_311;aina;1
1348;41/2022;2022_41_311;painesytytin;1
1348;41/2022;2022_41_311;tuhota;1
1348;41/2022;2022_41_311;kuitenkin;1
1348;41/2022;2022_41_311;ääretön;1
1348;41/2022;2022_41_311;tärkeä;1
1348;41/2022;2022_41_311;että;7
1348;41/2022;2022_41_311;puolustusvoimat;3
1348;41/2022;2022_41_311;kehittää;1
1348;41/2022;2022_41_311;keskustelu;1
1348;41/2022;2022_41_311;usein;1
1348;41/2022;2022_41_311;mainita;1
1348;41/2022;2022_41_311;korvata;1
1348;41/2022;2022_41_311;järjestelmä;2
1348;41/2022;2022_41_311;viimeinen;1
1348;41/2022;2022_41_311;sanottu;1
1348;41/2022;2022_41_311;hyppypanos;1
1348;41/2022;2022_41_311;varsin;2
1348;41/2022;2022_41_311;tehokas;2
1348;41/2022;2022_41_311;totta;2
1348;41/2022;2022_41_311;kai;2
1348;41/2022;2022_41_311;minä;3
1348;41/2022;2022_41_311;täytyä;1
1348;41/2022;2022_41_311;kaikki;1
1348;41/2022;2022_41_311;tunnustaa;1
1348;41/2022;2022_41_311;pitää;1
1348;41/2022;2022_41_311;voida;5
1348;41/2022;2022_41_311;sanoa;1
1348;41/2022;2022_41_311;myös;6
1348;41/2022;2022_41_311;ääni;1
1348;41/2022;2022_41_311;vaihe;1
1348;41/2022;2022_41_311;jos;3
1348;41/2022;2022_41_311;pilli;1
1348;41/2022;2022_41_311;sanotusti;1
1348;41/2022;2022_41_311;puhaltaa;1
1348;41/2022;2022_41_311;ajautua;2
1348;41/2022;2022_41_311;sotilaallinen;1
1348;41/2022;2022_41_311;kriisi;4
1348;41/2022;2022_41_311;tällainen;2
1348;41/2022;2022_41_311;suuri;1
1348;41/2022;2022_41_311;merkitys;1
1348;41/2022;2022_41_311;varasto;1
1348;41/2022;2022_41_311;viuhkapanos;1
1348;41/2022;2022_41_311;edelleen;1
1348;41/2022;2022_41_311;asentaa;1
1348;41/2022;2022_41_311;vetosytytin;1
1348;41/2022;2022_41_311;passiivinen;2
1348;41/2022;2022_41_311;tuonne;1
1348;41/2022;2022_41_311;maasto;2
1348;41/2022;2022_41_311;mikä;2
1348;41/2022;2022_41_311;siellä;2
1348;41/2022;2022_41_311;kieltää;2
1348;41/2022;2022_41_311;jalkaväkimiina;2
1348;41/2022;2022_41_311;tietysti;2
1348;41/2022;2022_41_311;ikävä;1
1348;41/2022;2022_41_311;hetki;1
1348;41/2022;2022_41_311;käyttö;4
1348;41/2022;2022_41_311;koska;1
1348;41/2022;2022_41_311;hidastaa;1
1348;41/2022;2022_41_311;vihollinen;1
1348;41/2022;2022_41_311;raivaustoimi;1
1348;41/2022;2022_41_311;panssarimiina;1
1348;41/2022;2022_41_311;suhteen;1
1348;41/2022;2022_41_311;hyvä;1
1348;41/2022;2022_41_311;ymmärtää;1
1348;41/2022;2022_41_311;jokainen;1
1348;41/2022;2022_41_311;kansanedustaja;1
1348;41/2022;2022_41_311;tahansa;1
1348;41/2022;2022_41_311;hernekeittotehdas;1
1348;41/2022;2022_41_311;hivenen;1
1348;41/2022;2022_41_311;eri;2
1348;41/2022;2022_41_311;tapa;2
1348;41/2022;2022_41_311;speksi;1
1348;41/2022;2022_41_311;ohjelmoida;1
1348;41/2022;2022_41_311;ruveta;1
1348;41/2022;2022_41_311;hyvin;1
1348;41/2022;2022_41_311;äkkiä;1
1348;41/2022;2022_41_311;tuottaa;1
1348;41/2022;2022_41_311;esimerkiksi;1
1348;41/2022;2022_41_311;putkimiina;1
1348;41/2022;2022_41_311;tyyppinen;1
1348;41/2022;2022_41_311;miina;1
1348;41/2022;2022_41_311;saada;1
1348;41/2022;2022_41_311;nopea;1
1348;41/2022;2022_41_311;aikataulu;1
1348;41/2022;2022_41_311;mikäli;2
1348;41/2022;2022_41_311;näin;1
1348;41/2022;2022_41_311;katsoa;1
1348;41/2022;2022_41_311;kiittää;1
1348;41/2022;2022_41_311;aloite;1
1348;41/2022;2022_41_311;tekijä;1
1348;41/2022;2022_41_311;oma;1
1348;41/2022;2022_41_311;puoli;1
1348;41/2022;2022_41_311;nähdä;1
1348;41/2022;2022_41_311;tai;1
1348;41/2022;2022_41_311;hieno;1
1348;41/2022;2022_41_311;juttu;1
1348;41/2022;2022_41_311;mieli;1
1348;41/2022;2022_41_311;typerä;1
1348;41/2022;2022_41_311;irtautua;1
1348;41/2022;2022_41_311;tuo;1
1348;41/2022;2022_41_311;naapurimaa;1
1348;41/2022;2022_41_311;venäjä;1
1348;41/2022;2022_41_311;tuolla;1
1348;41/2022;2022_41_311;sitoutua;1
1348;41/2022;2022_41_311;materiaali;2
1348;41/2022;2022_41_311;oikeus;1
1348;41/2022;2022_41_311;kohtuus;1
1348;41/2022;2022_41_311;prosessi;1
1348;41/2022;2022_41_311;haastava;1
1348;41/2022;2022_41_311;erittäin;1
1348;41/2022;2022_41_311;vaikea;1
1348;41/2022;2022_41_311;haluta;1
1348;41/2022;2022_41_311;tuoda;1
1348;41/2022;2022_41_311;esille;1
1348;41/2022;2022_41_311;asia;1
1348;41/2022;2022_41_311;hätä;1
1348;41/2022;2022_41_311;aito;1
1348;41/2022;2022_41_311;puhjeta;1
1348;41/2022;2022_41_311;aivan;1
1348;41/2022;2022_41_311;varma;1
1348;41/2022;2022_41_311;selviytyä;1
1348;41/2022;2022_41_311;kyllä;1
1348;41/2022;2022_41_311;tarve;1
1348;41/2022;2022_41_311;tulla;1
1348;41/2022;2022_41_311;nykyisellään;1
1348;41/2022;2022_41_311;rauhanaika;1
1348;41/2022;2022_41_311;käyttää;1
1348;41/2022;2022_41_311;kiitos;1
1348;48/2022;2022_48_67;arvoisa;5
1348;48/2022;2022_48_67;herra;2
1348;48/2022;2022_48_67;puhemies;4
1348;48/2022;2022_48_67;olla;27
1348;48/2022;2022_48_67;varsin;1
1348;48/2022;2022_48_67;ikävä;1
1348;48/2022;2022_48_67;kuunnella;1
1348;48/2022;2022_48_67;tämä;17
1348;48/2022;2022_48_67;populistinen;1
1348;48/2022;2022_48_67;julistaminen;1
1348;48/2022;2022_48_67;joka;3
1348;48/2022;2022_48_67;kaikki;2
1348;48/2022;2022_48_67;oppositiopuolue;1
1348;48/2022;2022_48_67;täällä;3
1348;48/2022;2022_48_67;tänään;1
1348;48/2022;2022_48_67;tehdä;3
1348;48/2022;2022_48_67;pitää;3
1348;48/2022;2022_48_67;myös;8
1348;48/2022;2022_48_67;kauhukuva;1
1348;48/2022;2022_48_67;maalailu;1
1348;48/2022;2022_48_67;tilanne;4
1348;48/2022;2022_48_67;muuttua;1
1348;48/2022;2022_48_67;turvallisuuspoliittinen;1
1348;48/2022;2022_48_67;minä;12
1348;48/2022;2022_48_67;edesvastuuton;1
1348;48/2022;2022_48_67;eduskunta;1
1348;48/2022;2022_48_67;keskustelu;3
1348;48/2022;2022_48_67;katsoa;5
1348;48/2022;2022_48_67;kreml;1
1348;48/2022;2022_48_67;erittäin;3
1348;48/2022;2022_48_67;tarkkaan;1
1348;48/2022;2022_48_67;maastoraja;3
1348;48/2022;2022_48_67;venäjä;2
1348;48/2022;2022_48_67;kanssa;1
1348;48/2022;2022_48_67;yli;3
1348;48/2022;2022_48_67;kilometri;1
1348;48/2022;2022_48_67;aivan;2
1348;48/2022;2022_48_67;selvä;1
1348;48/2022;2022_48_67;että;10
1348;48/2022;2022_48_67;tällainen;2
1348;48/2022;2022_48_67;raja;2
1348;48/2022;2022_48_67;ei;3
1348;48/2022;2022_48_67;voida;7
1348;48/2022;2022_48_67;mikään;1
1348;48/2022;2022_48_67;kristillisdemokraatti;2
1348;48/2022;2022_48_67;esittää;1
1348;48/2022;2022_48_67;este;1
1348;48/2022;2022_48_67;sulkea;1
1348;48/2022;2022_48_67;pitävästi;1
1348;48/2022;2022_48_67;aita;3
1348;48/2022;2022_48_67;kaataa;1
1348;48/2022;2022_48_67;ylittää;1
1348;48/2022;2022_48_67;huolimatta;1
1348;48/2022;2022_48_67;tärkeä;1
1348;48/2022;2022_48_67;tulla;3
1348;48/2022;2022_48_67;vahvistaa;1
1348;48/2022;2022_48_67;rajaturvallisuus;1
1348;48/2022;2022_48_67;rakentaa;1
1348;48/2022;2022_48_67;tietty;1
1348;48/2022;2022_48_67;strateginen;1
1348;48/2022;2022_48_67;alue;1
1348;48/2022;2022_48_67;se;9
1348;48/2022;2022_48_67;perusteltu;1
1348;48/2022;2022_48_67;mutta;3
1348;48/2022;2022_48_67;tällöin;1
1348;48/2022;2022_48_67;kyse;1
1348;48/2022;2022_48_67;vain;1
1348;48/2022;2022_48_67;hidaste;1
1348;48/2022;2022_48_67;sinne;1
1348;48/2022;2022_48_67;tarvita;1
1348;48/2022;2022_48_67;miestyövoima;1
1348;48/2022;2022_48_67;ja;9
1348;48/2022;2022_48_67;mikäli;4
1348;48/2022;2022_48_67;suomi;3
1348;48/2022;2022_48_67;laajamittainen;3
1348;48/2022;2022_48_67;järjestää;1
1348;48/2022;2022_48_67;maahantulohybridioperaatio;1
1348;48/2022;2022_48_67;kohdistua;1
1348;48/2022;2022_48_67;käsi;1
1348;48/2022;2022_48_67;joukkojenhallintaoperaatio;1
1348;48/2022;2022_48_67;huolissaan;1
1348;48/2022;2022_48_67;kuinka;1
1348;48/2022;2022_48_67;kyetä;3
1348;48/2022;2022_48_67;vastata;2
1348;48/2022;2022_48_67;oppositio;2
1348;48/2022;2022_48_67;tehtävä;1
1348;48/2022;2022_48_67;tietysti;1
1348;48/2022;2022_48_67;kirittää;1
1348;48/2022;2022_48_67;hallitus;1
1348;48/2022;2022_48_67;nyt;1
1348;48/2022;2022_48_67;mennä;1
1348;48/2022;2022_48_67;kyllä;3
1348;48/2022;2022_48_67;pikajuoksu;1
1348;48/2022;2022_48_67;puoli;1
1348;48/2022;2022_48_67;kokoomus;1
1348;48/2022;2022_48_67;sisäministeriö;1
1348;48/2022;2022_48_67;vetovastuu;1
1348;48/2022;2022_48_67;tunnustaa;2
1348;48/2022;2022_48_67;irtautua;1
1348;48/2022;2022_48_67;kansainvälinen;1
1348;48/2022;2022_48_67;sopimus;1
1348;48/2022;2022_48_67;yksipuolisesti;1
1348;48/2022;2022_48_67;perussuomalaiset;1
1348;48/2022;2022_48_67;sama;1
1348;48/2022;2022_48_67;asia;5
1348;48/2022;2022_48_67;hallitusvastuu;1
1348;48/2022;2022_48_67;totta;1
1348;48/2022;2022_48_67;mikä;3
1348;48/2022;2022_48_67;edustaja;3
1348;48/2022;2022_48_67;ronkainen;1
1348;48/2022;2022_48_67;tuossa;1
1348;48/2022;2022_48_67;äsken;1
1348;48/2022;2022_48_67;todeta;2
1348;48/2022;2022_48_67;siteerata;1
1348;48/2022;2022_48_67;ministeri;1
1348;48/2022;2022_48_67;henriksson;1
1348;48/2022;2022_48_67;liittyä;1
1348;48/2022;2022_48_67;iso;1
1348;48/2022;2022_48_67;oikeudellinen;1
1348;48/2022;2022_48_67;ongelma;1
1348;48/2022;2022_48_67;takia;1
1348;48/2022;2022_48_67;vielä;1
1348;48/2022;2022_48_67;vedenpitävästi;1
1348;48/2022;2022_48_67;lainsäädäntö;3
1348;48/2022;2022_48_67;ratkaista;1
1348;48/2022;2022_48_67;huoletta;1
1348;48/2022;2022_48_67;kuten;1
1348;48/2022;2022_48_67;heinäluoma;1
1348;48/2022;2022_48_67;aiemmin;1
1348;48/2022;2022_48_67;hieno;1
1348;48/2022;2022_48_67;puheenvuoro;1
1348;48/2022;2022_48_67;saada;2
1348;48/2022;2022_48_67;kiinni;2
1348;48/2022;2022_48_67;niin;3
1348;48/2022;2022_48_67;tarpeellinen;2
1348;48/2022;2022_48_67;vuosi;1
1348;48/2022;2022_48_67;näin;2
1348;48/2022;2022_48_67;silloin;1
1348;48/2022;2022_48_67;kun;1
1348;48/2022;2022_48_67;päästää;1
1348;48/2022;2022_48_67;ilman;1
1348;48/2022;2022_48_67;matkustusasiakirja;1
1348;48/2022;2022_48_67;henkilö;1
1348;48/2022;2022_48_67;rajanylityspaikka;1
1348;48/2022;2022_48_67;paine;1
1348;48/2022;2022_48_67;kasvaa;1
1348;48/2022;2022_48_67;liian;1
1348;48/2022;2022_48_67;korkea;1
1348;48/2022;2022_48_67;puomi;1
1348;48/2022;2022_48_67;laittaa;1
1348;48/2022;2022_48_67;rajanylitysliikenne;1
1348;48/2022;2022_48_67;keskeyttää;1
1348;48/2022;2022_48_67;toimia;1
1348;48/2022;2022_48_67;hetki;1
1348;48/2022;2022_48_67;tapahtua;1
1348;48/2022;2022_48_67;maahantulo;1
1348;48/2022;2022_48_67;sitten;2
1348;48/2022;2022_48_67;toinen;1
1348;48/2022;2022_48_67;kysymys;1
1348;48/2022;2022_48_67;hämmästellä;1
1348;48/2022;2022_48_67;jäädä;1
1348;48/2022;2022_48_67;huomio;1
1348;48/2022;2022_48_67;nykyinen;1
1348;48/2022;2022_48_67;rajavartiolaitos;1
1348;48/2022;2022_48_67;säädellä;1
1348;48/2022;2022_48_67;tasavalta;1
1348;48/2022;2022_48_67;presidentti;1
1348;48/2022;2022_48_67;määräys;1
1348;48/2022;2022_48_67;lyhyt;2
1348;48/2022;2022_48_67;aika;2
1348;48/2022;2022_48_67;solakka;1
1348;48/2022;2022_48_67;kunto;1
1348;48/2022;2022_48_67;hyvin;1
1348;48/2022;2022_48_67;kouluttaa;1
1348;48/2022;2022_48_67;sissi;1
1348;48/2022;2022_48_67;tuonne;1
1348;48/2022;2022_48_67;kaikentyyppinen;1
1348;48/2022;2022_48_67;uhka;2
1348;48/2022;2022_48_67;sieltä;1
1348;48/2022;2022_48_67;huomata;1
1348;48/2022;2022_48_67;joukko;1
1348;48/2022;2022_48_67;sijoittaa;1
1348;48/2022;2022_48_67;jos;1
1348;48/2022;2022_48_67;hammas;1
1348;48/2022;2022_48_67;asti;1
1348;48/2022;2022_48_67;aseistaa;1
1348;48/2022;2022_48_67;ahvenanmaa;1
1348;48/2022;2022_48_67;todella;2
1348;48/2022;2022_48_67;nerokas;1
1348;48/2022;2022_48_67;pykälä;1
1348;48/2022;2022_48_67;mahdollistaa;1
1348;48/2022;2022_48_67;reagoida;1
1348;48/2022;2022_48_67;tapa;1
1348;48/2022;2022_48_67;näyttää;1
1348;48/2022;2022_48_67;voima;1
1348;48/2022;2022_48_67;ottaa;1
1348;48/2022;2022_48_67;vastaan;1
1348;48/2022;2022_48_67;tämäntyyppinen;1
1348;48/2022;2022_48_67;operaatio;1
1348;48/2022;2022_48_67;toivoa;1
1348;48/2022;2022_48_67;vähentää;1
1348;48/2022;2022_48_67;populismi;1
1348;48/2022;2022_48_67;määrä;1
1348;48/2022;2022_48_67;käyttää;1
1348;48/2022;2022_48_67;puhua;1
1348;48/2022;2022_48_67;kuin;1
1348;48/2022;2022_48_67;peltokangas;2
1348;48/2022;2022_48_67;tietää;1
1348;48/2022;2022_48_67;päästä;1
1348;48/2022;2022_48_67;tuolla;1
1348;48/2022;2022_48_67;hallintovaliokunta;1
1348;48/2022;2022_48_67;pohtia;1
1348;48/2022;2022_48_67;esitys;1
1348;48/2022;2022_48_67;täydentää;2
1348;48/2022;2022_48_67;tarvittava;1
1348;48/2022;2022_48_67;täydennys;1
1348;48/2022;2022_48_67;kiitos;1
1348;48/2022;2022_48_67;mauri;1
1348;48/2022;2022_48_67;loistava;1
1348;48/2022;2022_48_73;arvoisa;1
1348;48/2022;2022_48_73;herra;1
1348;48/2022;2022_48_73;puhemies;1
1348;48/2022;2022_48_73;kiitos;1
1348;48/2022;2022_48_73;edustaja;2
1348;48/2022;2022_48_73;ronkainen;2
1348;48/2022;2022_48_73;rakentava;1
1348;48/2022;2022_48_73;puheenvuoro;1
1348;48/2022;2022_48_73;olla;13
1348;48/2022;2022_48_73;aivan;3
1348;48/2022;2022_48_73;totta;1
1348;48/2022;2022_48_73;että;8
1348;48/2022;2022_48_73;rajanylityspaikka;1
1348;48/2022;2022_48_73;ja;6
1348;48/2022;2022_48_73;maastoraja;1
1348;48/2022;2022_48_73;eri;1
1348;48/2022;2022_48_73;asia;4
1348;48/2022;2022_48_73;mutta;4
1348;48/2022;2022_48_73;haluta;2
1348;48/2022;2022_48_73;korostaa;2
1348;48/2022;2022_48_73;se;8
1348;48/2022;2022_48_73;mikäli;3
1348;48/2022;2022_48_73;suomi;3
1348;48/2022;2022_48_73;valtio;1
1348;48/2022;2022_48_73;todeta;2
1348;48/2022;2022_48_73;valtioneuvosto;1
1348;48/2022;2022_48_73;yhdessä;2
1348;48/2022;2022_48_73;presidentti;2
1348;48/2022;2022_48_73;kanssa;1
1348;48/2022;2022_48_73;kohdistua;1
1348;48/2022;2022_48_73;tämä;9
1348;48/2022;2022_48_73;hetki;2
1348;48/2022;2022_48_73;vihamielinen;1
1348;48/2022;2022_48_73;operaatio;1
1348;48/2022;2022_48_73;niin;4
1348;48/2022;2022_48_73;minä;6
1348;48/2022;2022_48_73;ei;2
1348;48/2022;2022_48_73;tilanne;1
1348;48/2022;2022_48_73;mikään;1
1348;48/2022;2022_48_73;velvollisuus;1
1348;48/2022;2022_48_73;alkaa;2
1348;48/2022;2022_48_73;ottaa;1
1348;48/2022;2022_48_73;vastaan;1
1348;48/2022;2022_48_73;turvapaikkahakemus;1
1348;48/2022;2022_48_73;myös;3
1348;48/2022;2022_48_73;ministeri;1
1348;48/2022;2022_48_73;henriksson;1
1348;48/2022;2022_48_73;yrittää;1
1348;48/2022;2022_48_73;vastaus;1
1348;48/2022;2022_48_73;pitää;1
1348;48/2022;2022_48_73;tietysti;1
1348;48/2022;2022_48_73;tärkeä;1
1348;48/2022;2022_48_73;oikeusvaltio;1
1348;48/2022;2022_48_73;toimia;1
1348;48/2022;2022_48_73;laki;1
1348;48/2022;2022_48_73;pykälä;1
1348;48/2022;2022_48_73;mukaan;1
1348;48/2022;2022_48_73;kuten;1
1348;48/2022;2022_48_73;moni;1
1348;48/2022;2022_48_73;haaste;1
1348;48/2022;2022_48_73;erittäin;2
1348;48/2022;2022_48_73;vaikea;1
1348;48/2022;2022_48_73;kirjoittaa;1
1348;48/2022;2022_48_73;suoraan;1
1348;48/2022;2022_48_73;lainsäädäntö;2
1348;48/2022;2022_48_73;joka;4
1348;48/2022;2022_48_73;esimerkiksi;1
1348;48/2022;2022_48_73;geneve;1
1348;48/2022;2022_48_73;sopimus;3
1348;48/2022;2022_48_73;vastainen;1
1348;48/2022;2022_48_73;silloin;4
1348;48/2022;2022_48_73;kun;3
1348;48/2022;2022_48_73;poikkeustila;1
1348;48/2022;2022_48_73;tulla;1
1348;48/2022;2022_48_73;kaikki;3
1348;48/2022;2022_48_73;sitoumus;1
1348;48/2022;2022_48_73;päteä;1
1348;48/2022;2022_48_73;varmasti;1
1348;48/2022;2022_48_73;ymmärtää;1
1348;48/2022;2022_48_73;aita-asia;1
1348;48/2022;2022_48_73;täsmälleen;1
1348;48/2022;2022_48_73;sama;1
1348;48/2022;2022_48_73;mieli;3
1348;48/2022;2022_48_73;tarvita;1
1348;48/2022;2022_48_73;lisää;1
1348;48/2022;2022_48_73;aita;1
1348;48/2022;2022_48_73;sellainen;3
1348;48/2022;2022_48_73;alue;2
1348;48/2022;2022_48_73;kriittinen;1
1348;48/2022;2022_48_73;rajavartiolaitos;1
1348;48/2022;2022_48_73;tietää;1
1348;48/2022;2022_48_73;tukea;1
1348;48/2022;2022_48_73;kyllä;1
1348;48/2022;2022_48_73;voimakkaasti;1
1348;48/2022;2022_48_73;sinne;1
1348;48/2022;2022_48_73;määräraha;1
1348;48/2022;2022_48_73;myöntää;1
1348;48/2022;2022_48_73;rvl;1
1348;48/2022;2022_48_73;tällainen;1
1348;48/2022;2022_48_73;rakentaminen;1
1348;48/2022;2022_48_73;esittää;1
1348;48/2022;2022_48_73;rajaturvallisuus;1
1348;48/2022;2022_48_73;täytyä;2
1348;48/2022;2022_48_73;määrätietoisesti;1
1348;48/2022;2022_48_73;lisätä;1
1348;48/2022;2022_48_73;edelleen;2
1348;48/2022;2022_48_73;palauttaa;2
1348;48/2022;2022_48_73;vuosi;1
1348;48/2022;2022_48_73;suuntautua;1
1348;48/2022;2022_48_73;paperiton;1
1348;48/2022;2022_48_73;henkilö;1
1348;48/2022;2022_48_73;hakea;1
1348;48/2022;2022_48_73;turvapaikka;1
1348;48/2022;2022_48_73;jolloin;1
1348;48/2022;2022_48_73;venäjä;1
1348;48/2022;2022_48_73;jo;1
1348;48/2022;2022_48_73;pettää;1
1348;48/2022;2022_48_73;mikä;1
1348;48/2022;2022_48_73;sopia;1
1348;48/2022;2022_48_73;kyetä;2
1348;48/2022;2022_48_73;raja;1
1348;48/2022;2022_48_73;sulkea;1
1348;48/2022;2022_48_73;paine;1
1348;48/2022;2022_48_73;kasvaa;1
1348;48/2022;2022_48_73;liian;1
1348;48/2022;2022_48_73;suuri;1
1348;48/2022;2022_48_73;näin;1
1348;48/2022;2022_48_73;tehdä;1
1348;48/2022;2022_48_73;toivoa;1
1348;48/2022;2022_48_73;todella;1
1348;48/2022;2022_48_73;kuin;1
1348;48/2022;2022_48_73;sanoa;1
1348;48/2022;2022_48_73;hyvä;2
1348;48/2022;2022_48_73;käsittely;1
1348;48/2022;2022_48_73;hallintovaliokunta;1
1348;48/2022;2022_48_73;löytää;1
1348;48/2022;2022_48_73;sieltä;1
1348;48/2022;2022_48_73;voida;2
1348;48/2022;2022_48_73;vielä;1
1348;48/2022;2022_48_73;yhteys;1
1348;48/2022;2022_48_73;tarkentaa;2
1348;48/2022;2022_48_73;rajajoukko;1
1348;48/2022;2022_48_73;tasavalta;1
1348;48/2022;2022_48_73;määräys;1
1348;48/2022;2022_48_73;tahtotila;1
1348;48/2022;2022_48_73;käskyttää;1
1348;48/2022;2022_48_73;toiminta;1
1348;48/2022;2022_48_73;lyhyt;1
1348;48/2022;2022_48_73;varoitusaika;1
1348;48/2022;2022_48_73;nerokas;1
1348;48/2022;2022_48_73;järjestelmä;1
1348;48/2022;2022_48_77;arvoisa;1
1348;48/2022;2022_48_77;herra;1
1348;48/2022;2022_48_77;puhemies;1
1348;48/2022;2022_48_77;edustaja;2
1348;48/2022;2022_48_77;ronkainen;1
1348;48/2022;2022_48_77;ei;4
1348;48/2022;2022_48_77;ehtiä;2
1348;48/2022;2022_48_77;äsken;1
1348;48/2022;2022_48_77;vielä;3
1348;48/2022;2022_48_77;vastata;1
1348;48/2022;2022_48_77;se;6
1348;48/2022;2022_48_77;jalkapanta;1
1348;48/2022;2022_48_77;olla;12
1348;48/2022;2022_48_77;tosiaan;1
1348;48/2022;2022_48_77;kirjata;2
1348;48/2022;2022_48_77;tuonne;1
1348;48/2022;2022_48_77;hallitusohjelma;1
1348;48/2022;2022_48_77;ja;2
1348;48/2022;2022_48_77;itse;1
1348;48/2022;2022_48_77;luottavainen;2
1348;48/2022;2022_48_77;että;9
1348;48/2022;2022_48_77;tämä;9
1348;48/2022;2022_48_77;asia;3
1348;48/2022;2022_48_77;toteuttaa;1
1348;48/2022;2022_48_77;edelleen;2
1348;48/2022;2022_48_77;tietysti;2
1348;48/2022;2022_48_77;jokin;1
1348;48/2022;2022_48_77;kanssa;1
1348;48/2022;2022_48_77;tapahtua;1
1348;48/2022;2022_48_77;mutta;3
1348;48/2022;2022_48_77;hivenen;1
1348;48/2022;2022_48_77;toivo;1
1348;48/2022;2022_48_77;jo;2
1348;48/2022;2022_48_77;hiipua;1
1348;48/2022;2022_48_77;kun;1
1348;48/2022;2022_48_77;nyt;2
1348;48/2022;2022_48_77;elää;1
1348;48/2022;2022_48_77;hallituskausi;1
1348;48/2022;2022_48_77;loppupuoli;1
1348;48/2022;2022_48_77;tärkeä;3
1348;48/2022;2022_48_77;kirjaus;1
1348;48/2022;2022_48_77;joka;1
1348;48/2022;2022_48_77;sinne;2
1348;48/2022;2022_48_77;mikä;1
1348;48/2022;2022_48_77;sitten;2
1348;48/2022;2022_48_77;seuraava;1
1348;48/2022;2022_48_77;hallituspohja;1
1348;48/2022;2022_48_77;siellä;1
1348;48/2022;2022_48_77;perussuomalainen;1
1348;48/2022;2022_48_77;mahdollisesti;1
1348;48/2022;2022_48_77;niin;1
1348;48/2022;2022_48_77;suositella;1
1348;48/2022;2022_48_77;ottaa;1
1348;48/2022;2022_48_77;vaari;1
1348;48/2022;2022_48_77;viedä;1
1348;48/2022;2022_48_77;kautta;1
1348;48/2022;2022_48_77;viimeistään;1
1348;48/2022;2022_48_77;maali;1
1348;48/2022;2022_48_77;jos;1
1348;48/2022;2022_48_77;ministeri;1
1348;48/2022;2022_48_77;mikkonen;1
1348;48/2022;2022_48_77;muu;1
1348;48/2022;2022_48_77;kiiri;1
1348;48/2022;2022_48_77;tuoda;1
1348;48/2022;2022_48_77;tänne;2
1348;48/2022;2022_48_77;eduskunta;1
1348;48/2022;2022_48_77;käsittely;1
1348;48/2022;2022_48_77;peltokangas;1
1348;48/2022;2022_48_77;kiitos;1
1348;48/2022;2022_48_77;hyvä;1
1348;48/2022;2022_48_77;puheenvuoro;1
1348;48/2022;2022_48_77;aivan;1
1348;48/2022;2022_48_77;sama;1
1348;48/2022;2022_48_77;mieli;1
1348;48/2022;2022_48_77;minä;2
1348;48/2022;2022_48_77;antaa;1
1348;48/2022;2022_48_77;signaali;1
1348;48/2022;2022_48_77;kreml;1
1348;48/2022;2022_48_77;suunta;1
1348;48/2022;2022_48_77;kannattaa;2
1348;48/2022;2022_48_77;tulla;2
1348;48/2022;2022_48_77;yrittää;2
1348;48/2022;2022_48_77;voida;3
1348;48/2022;2022_48_77;kuitenkin;1
1348;48/2022;2022_48_77;katsoa;1
1348;48/2022;2022_48_77;hetki;1
1348;48/2022;2022_48_77;sellainen;1
1348;48/2022;2022_48_77;valmius;1
1348;48/2022;2022_48_77;sanoa;1
1348;48/2022;2022_48_77;parantaa;1
1348;56/2022;2022_56_301;arvoisa;1
1348;56/2022;2022_56_301;herra;1
1348;56/2022;2022_56_301;puhemies;1
1348;56/2022;2022_56_301;nato-jäsenyys;3
1348;56/2022;2022_56_301;päättäminen;1
1348;56/2022;2022_56_301;olla;4
1348;56/2022;2022_56_301;eduskunta;1
1348;56/2022;2022_56_301;tämä;4
1348;56/2022;2022_56_301;kausi;1
1348;56/2022;2022_56_301;tärkeä;1
1348;56/2022;2022_56_301;tehtävä;1
1348;56/2022;2022_56_301;ei;3
1348;56/2022;2022_56_301;siis;1
1348;56/2022;2022_56_301;alkaa;1
1348;56/2022;2022_56_301;oma;1
1348;56/2022;2022_56_301;osa;1
1348;56/2022;2022_56_301;keskustelu;1
1348;56/2022;2022_56_301;pitkittää;1
1348;56/2022;2022_56_301;antaa;1
1348;56/2022;2022_56_301;täysi;1
1348;56/2022;2022_56_301;tuki;1
1348;56/2022;2022_56_301;suomi;4
1348;56/2022;2022_56_301;valtiojohto;1
1348;56/2022;2022_56_301;esitys;1
1348;56/2022;2022_56_301;liittää;1
1348;56/2022;2022_56_301;pohjois-atlantti;1
1348;56/2022;2022_56_301;liitto;1
1348;56/2022;2022_56_301;jäsen;1
1348;56/2022;2022_56_301;hyvä;1
1348;56/2022;2022_56_301;tapa;1
1348;56/2022;2022_56_301;varmistaa;1
1348;56/2022;2022_56_301;että;3
1348;56/2022;2022_56_301;maaperä;1
1348;56/2022;2022_56_301;enää;2
1348;56/2022;2022_56_301;koskaan;1
1348;56/2022;2022_56_301;käydä;1
1348;56/2022;2022_56_301;sota;1
1348;56/2022;2022_56_301;se;1
1348;56/2022;2022_56_301;lahja;1
1348;56/2022;2022_56_301;tuleva;1
1348;56/2022;2022_56_301;sukupolvi;1
1348;56/2022;2022_56_301;ja;3
1348;56/2022;2022_56_301;erityisesti;1
1348;56/2022;2022_56_301;maaseutu;1
1348;56/2022;2022_56_301;lapsi;1
1348;56/2022;2022_56_301;joka;1
1348;56/2022;2022_56_301;turvata;1
1348;56/2022;2022_56_301;oikeus;1
1348;56/2022;2022_56_301;mahdollisuus;1
1348;56/2022;2022_56_301;länsimainen;1
1348;56/2022;2022_56_301;telmiminen;1
1348;56/2022;2022_56_301;myös;1
1348;56/2022;2022_56_301;tulevaisuus;1
1348;56/2022;2022_56_301;toivoa;1
1348;56/2022;2022_56_301;viime;1
1348;56/2022;2022_56_301;metri;1
1348;56/2022;2022_56_301;tulla;1
1348;56/2022;2022_56_301;mikään;1
1348;56/2022;2022_56_301;viivästys;1
1348;56/2022;2022_56_301;tai;1
1348;56/2022;2022_56_301;vänkäämä;1
1348;56/2022;2022_56_301;vaan;1
1348;56/2022;2022_56_301;tipahtaa;1
1348;56/2022;2022_56_301;minä;1
1348;56/2022;2022_56_301;yhtä;1
1348;56/2022;2022_56_301;helposti;1
1348;56/2022;2022_56_301;kuin;2
1348;56/2022;2022_56_301;ukrainalainen;1
1348;56/2022;2022_56_301;kranaatti;1
1348;56/2022;2022_56_301;venäläinen;1
1348;56/2022;2022_56_301;lada;1
1348;56/2022;2022_56_301;kattoikkuna;1
1348;56/2022;2022_56_301;laittaa;1
1348;56/2022;2022_56_301;tassu;1
1348;56/2022;2022_56_301;taava;1
1348;56/2022;2022_56_301;sujahtaa;1
1348;56/2022;2022_56_301;nato;1
1348;56/2022;2022_56_301;telkkä;1
1348;56/2022;2022_56_301;pönttö;1
1348;56/2022;2022_56_301;päättää;1
1348;56/2022;2022_56_301;puhe;1
1348;56/2022;2022_56_301;kiitos;1
1348;124/2022;2022_124_19;arvoisa;6
1348;124/2022;2022_124_19;herra;1
1348;124/2022;2022_124_19;puhemies;6
1348;124/2022;2022_124_19;senaattikonserni;3
1348;124/2022;2022_124_19;hallinta;3
1348;124/2022;2022_124_19;olla;18
1348;124/2022;2022_124_19;noin;1
1348;124/2022;2022_124_19;neljä;1
1348;124/2022;2022_124_19;miljardi;1
1348;124/2022;2022_124_19;euro;1
1348;124/2022;2022_124_19;arvo;1
1348;124/2022;2022_124_19;valtio;8
1348;124/2022;2022_124_19;rakentaa;2
1348;124/2022;2022_124_19;kiinteistöomaisuus;2
1348;124/2022;2022_124_19;rakennus;2
1348;124/2022;2022_124_19;lähes;1
1348;124/2022;2022_124_19;kuusi;1
1348;124/2022;2022_124_19;miljoona;1
1348;124/2022;2022_124_19;neliö;1
1348;124/2022;2022_124_19;kyse;1
1348;124/2022;2022_124_19;ei;3
1348;124/2022;2022_124_19;vähäpätöinen;1
1348;124/2022;2022_124_19;asia;2
1348;124/2022;2022_124_19;pieni;1
1348;124/2022;2022_124_19;raha;1
1348;124/2022;2022_124_19;tärkeä;2
1348;124/2022;2022_124_19;että;5
1348;124/2022;2022_124_19;tämä;5
1348;124/2022;2022_124_19;kokonaisuus;3
1348;124/2022;2022_124_19;hallita;1
1348;124/2022;2022_124_19;vastuullisesti;1
1348;124/2022;2022_124_19;ja;13
1348;124/2022;2022_124_19;tehokkaasti;1
1348;124/2022;2022_124_19;selonteko;2
1348;124/2022;2022_124_19;pohja;1
1348;124/2022;2022_124_19;toimitilahallinto;3
1348;124/2022;2022_124_19;voida;1
1348;124/2022;2022_124_19;käsitellä;1
1348;124/2022;2022_124_19;tarkastelu;1
1348;124/2022;2022_124_19;pitää;7
1348;124/2022;2022_124_19;ottaa;2
1348;124/2022;2022_124_19;esimerkiksi;3
1348;124/2022;2022_124_19;organisaatio;1
1348;124/2022;2022_124_19;toimintaperiaate;1
1348;124/2022;2022_124_19;sääntely;1
1348;124/2022;2022_124_19;asiakas;2
1348;124/2022;2022_124_19;asema;1
1348;124/2022;2022_124_19;kustannus;4
1348;124/2022;2022_124_19;elää;1
1348;124/2022;2022_124_19;energiakriisi;2
1348;124/2022;2022_124_19;aika;3
1348;124/2022;2022_124_19;tällainen;1
1348;124/2022;2022_124_19;näyttää;1
1348;124/2022;2022_124_19;esimerkki;1
1348;124/2022;2022_124_19;energiansäästö;1
1348;124/2022;2022_124_19;energiatehokkuus;2
1348;124/2022;2022_124_19;senaattikiinteistö;1
1348;124/2022;2022_124_19;tuleva;1
1348;124/2022;2022_124_19;talvi;1
1348;124/2022;2022_124_19;energiansäästöohjelma;1
1348;124/2022;2022_124_19;välttämätön;2
1348;124/2022;2022_124_19;sisätila;1
1348;124/2022;2022_124_19;lämpötila;1
1348;124/2022;2022_124_19;laskeminen;1
1348;124/2022;2022_124_19;sekä;1
1348;124/2022;2022_124_19;sähkönkulutus;1
1348;124/2022;2022_124_19;siirtäminen;1
1348;124/2022;2022_124_19;pois;1
1348;124/2022;2022_124_19;huippukulutustunti;1
1348;124/2022;2022_124_19;tarpeellinen;1
1348;124/2022;2022_124_19;toimi;1
1348;124/2022;2022_124_19;julkinen;2
1348;124/2022;2022_124_19;hallinto;1
1348;124/2022;2022_124_19;käyttö;3
1348;124/2022;2022_124_19;kiinteistö;2
1348;124/2022;2022_124_19;muu;1
1348;124/2022;2022_124_19;energiansäästöratkaisu;1
1348;124/2022;2022_124_19;kuten;1
1348;124/2022;2022_124_19;aurinkoenergia;1
1348;124/2022;2022_124_19;lämpöpumppu;1
1348;124/2022;2022_124_19;myös;7
1348;124/2022;2022_124_19;tarpeen;1
1348;124/2022;2022_124_19;myötä;1
1348;124/2022;2022_124_19;uusiutuva;1
1348;124/2022;2022_124_19;energia;1
1348;124/2022;2022_124_19;rooli;1
1348;124/2022;2022_124_19;nousta;1
1348;124/2022;2022_124_19;entinen;2
1348;124/2022;2022_124_19;merkittävä;1
1348;124/2022;2022_124_19;aivan;1
1348;124/2022;2022_124_19;senaatti-kiinteistöt;1
1348;124/2022;2022_124_19;lopettaa;2
1348;124/2022;2022_124_19;venäläinen;1
1348;124/2022;2022_124_19;pelletti;1
1348;124/2022;2022_124_19;lämmitys;1
1348;124/2022;2022_124_19;aurinkopaneeli;1
1348;124/2022;2022_124_19;pyrkiä;1
1348;124/2022;2022_124_19;asentaa;1
1348;124/2022;2022_124_19;uudiskohde;1
1348;124/2022;2022_124_19;aina;1
1348;124/2022;2022_124_19;kun;2
1348;124/2022;2022_124_19;se;2
1348;124/2022;2022_124_19;mahdollinen;1
1348;124/2022;2022_124_19;järkevä;1
1348;124/2022;2022_124_19;uusi;1
1348;124/2022;2022_124_19;hanke;2
1348;124/2022;2022_124_19;tulla;5
1348;124/2022;2022_124_19;mahdollisimman;1
1348;124/2022;2022_124_19;kustannustehokas;1
1348;124/2022;2022_124_19;vara;1
1348;124/2022;2022_124_19;tehokas;2
1348;124/2022;2022_124_19;varmistaminen;1
1348;124/2022;2022_124_19;asettaa;1
1348;124/2022;2022_124_19;selkeä;1
1348;124/2022;2022_124_19;tavoite;1
1348;124/2022;2022_124_19;nuttuskehvelöinti;2
1348;124/2022;2022_124_19;hillintä;1
1348;124/2022;2022_124_19;pelkästään;1
1348;124/2022;2022_124_19;riittää;1
1348;124/2022;2022_124_19;pystyä;1
1348;124/2022;2022_124_19;vähentää;1
1348;124/2022;2022_124_19;tilahanke;1
1348;124/2022;2022_124_19;parantaa;1
1348;124/2022;2022_124_19;siten;1
1348;124/2022;2022_124_19;virasto;2
1348;124/2022;2022_124_19;määrärahatilanne;1
1348;124/2022;2022_124_19;vaikutus;1
1348;124/2022;2022_124_19;vuokra;1
1348;124/2022;2022_124_19;selvittää;1
1348;124/2022;2022_124_19;jo;1
1348;124/2022;2022_124_19;alkuvaihe;1
1348;124/2022;2022_124_19;toimitilakustannus;1
1348;124/2022;2022_124_19;kehittyminen;1
1348;124/2022;2022_124_19;seurata;1
1348;124/2022;2022_124_19;nykyinen;1
1348;124/2022;2022_124_19;enemmän;2
1348;124/2022;2022_124_19;tarkastella;1
1348;124/2022;2022_124_19;yleinen;1
1348;124/2022;2022_124_19;hallintokustannus;1
1348;124/2022;2022_124_19;todeta;1
1348;124/2022;2022_124_19;kokoaminen;1
1348;124/2022;2022_124_19;osoittautua;1
1348;124/2022;2022_124_19;tarkoituksenmukainen;2
1348;124/2022;2022_124_19;ratkaisu;2
1348;124/2022;2022_124_19;mahdollistaa;1
1348;124/2022;2022_124_19;puolustuskiinteistö;1
1348;124/2022;2022_124_19;puolustusvoimat;1
1348;124/2022;2022_124_19;tilatarve;1
1348;124/2022;2022_124_19;ennakollinen;1
1348;124/2022;2022_124_19;toteuttaminen;1
1348;124/2022;2022_124_19;puolustusvoima;1
1348;124/2022;2022_124_19;tarve;1
1348;124/2022;2022_124_19;erityistarve;1
1348;124/2022;2022_124_19;suojaus;1
1348;124/2022;2022_124_19;osa;1
1348;124/2022;2022_124_19;täysimääräisesti;1
1348;124/2022;2022_124_19;huomio;1
1348;124/2022;2022_124_19;toimitila;1
1348;124/2022;2022_124_19;tukea;1
1348;124/2022;2022_124_19;laitos;1
1348;124/2022;2022_124_19;tehtävä;1
1348;124/2022;2022_124_19;taloudellinen;1
1348;124/2022;2022_124_19;hoitaminen;1
1348;124/2022;2022_124_19;korkopandemia;1
1348;124/2022;2022_124_19;arvio;1
1348;124/2022;2022_124_19;puoli;1
1348;124/2022;2022_124_19;valtionhallinto;1
1348;124/2022;2022_124_19;työntekijä;1
1348;124/2022;2022_124_19;tehdä;1
1348;124/2022;2022_124_19;etätyö;2
1348;124/2022;2022_124_19;määrä;1
1348;124/2022;2022_124_19;arvioida;1
1348;124/2022;2022_124_19;jäädä;1
1348;124/2022;2022_124_19;melko;1
1348;124/2022;2022_124_19;korkea;1
1348;124/2022;2022_124_19;taso;1
1348;124/2022;2022_124_19;vielä;1
1348;124/2022;2022_124_19;pandemia;1
1348;124/2022;2022_124_19;jälkeen;1
1348;124/2022;2022_124_19;kehityskulku;1
1348;124/2022;2022_124_19;huomioida;1
1348;124/2022;2022_124_19;tulevaisuus;1
1348;124/2022;2022_124_19;kehittäminen;1
1348;124/2022;2022_124_19;yhteiskäyttöinen;1
1348;124/2022;2022_124_19;tila;1
1348;124/2022;2022_124_19;siirtyminen;1
1348;124/2022;2022_124_19;tervetullut;1
1348;124/2022;2022_124_19;suunta;1
1348;124/2022;2022_124_19;näkökulma;1
1348;124/2022;2022_124_19;julkishallinto;1
1348;124/2022;2022_124_19;palvelu;1
1348;124/2022;2022_124_19;saada;1
1348;124/2022;2022_124_19;yksi;1
1348;124/2022;2022_124_19;käyntiosoite;1
1348;124/2022;2022_124_19;kustannustehokkuus;1
1348;124/2022;2022_124_19;lopettaminen;1
1348;124/2022;2022_124_19;keskusta;1
1348;124/2022;2022_124_19;painotus;1
1348;124/2022;2022_124_19;kiitos;1
1348;128/2022;2022_128_182;arvoisa;5
1348;128/2022;2022_128_182;herra;1
1348;128/2022;2022_128_182;puhemies;5
1348;128/2022;2022_128_182;olaus;1
1348;128/2022;2022_128_182;petr;1
1348;128/2022;2022_128_182;luku;1
1348;128/2022;2022_128_182;koota;1
1348;128/2022;2022_128_182;tuomarinohje;1
1348;128/2022;2022_128_182;todeta;3
1348;128/2022;2022_128_182;mikä;1
1348;128/2022;2022_128_182;ei;10
1348;128/2022;2022_128_182;olla;42
1348;128/2022;2022_128_182;oikeus;11
1348;128/2022;2022_128_182;ja;20
1348;128/2022;2022_128_182;kohtuus;1
1348;128/2022;2022_128_182;se;15
1348;128/2022;2022_128_182;voida;7
1348;128/2022;2022_128_182;laki;6
1348;128/2022;2022_128_182;tämä;12
1348;128/2022;2022_128_182;nyt;6
1348;128/2022;2022_128_182;eduskunta;4
1348;128/2022;2022_128_182;antaa;2
1348;128/2022;2022_128_182;esitys;12
1348;128/2022;2022_128_182;kohtuullinen;1
1348;128/2022;2022_128_182;mikään;4
1348;128/2022;2022_128_182;muoto;1
1348;128/2022;2022_128_182;oikeudenmukainen;1
1348;128/2022;2022_128_182;perussuomalaiset;1
1348;128/2022;2022_128_182;ryhmä;1
1348;128/2022;2022_128_182;julma;1
1348;128/2022;2022_128_182;mikäli;2
1348;128/2022;2022_128_182;jokin;2
1348;128/2022;2022_128_182;taikatemppu;1
1348;128/2022;2022_128_182;hyväksyä;5
1348;128/2022;2022_128_182;suomi;4
1348;128/2022;2022_128_182;syyllistyä;1
1348;128/2022;2022_128_182;vakava;2
1348;128/2022;2022_128_182;ihmisoikeusrikkomus;1
1348;128/2022;2022_128_182;poistaa;2
1348;128/2022;2022_128_182;osa;5
1348;128/2022;2022_128_182;alkuperäiskansa;2
1348;128/2022;2022_128_182;saamelainen;9
1348;128/2022;2022_128_182;kuulua;2
1348;128/2022;2022_128_182;henkilö;3
1348;128/2022;2022_128_182;poliittinen;3
1348;128/2022;2022_128_182;luoda;2
1348;128/2022;2022_128_182;moderni;1
1348;128/2022;2022_128_182;kastijärjestelmä;1
1348;128/2022;2022_128_182;joka;7
1348;128/2022;2022_128_182;toinen;3
1348;128/2022;2022_128_182;kaikki;4
1348;128/2022;2022_128_182;mutta;2
1348;128/2022;2022_128_182;evätä;1
1348;128/2022;2022_128_182;osallistua;1
1348;128/2022;2022_128_182;saamelaiskäräjä;4
1348;128/2022;2022_128_182;kulttuuri-itsehallinto;1
1348;128/2022;2022_128_182;sisältyä;1
1348;128/2022;2022_128_182;usea;1
1348;128/2022;2022_128_182;ongelmakohta;1
1348;128/2022;2022_128_182;syvä;1
1348;128/2022;2022_128_182;oikeusministeriö;2
1348;128/2022;2022_128_182;kaventaa;1
1348;128/2022;2022_128_182;niin;3
1348;128/2022;2022_128_182;sanottu;2
1348;128/2022;2022_128_182;lappalaiskriteeri;1
1348;128/2022;2022_128_182;esimerkiksi;3
1348;128/2022;2022_128_182;oikeuskanslerinvirasto;2
1348;128/2022;2022_128_182;vastustaa;2
1348;128/2022;2022_128_182;lausunto;2
1348;128/2022;2022_128_182;seuraava;2
1348;128/2022;2022_128_182;pyrkiä;2
1348;128/2022;2022_128_182;vahvistaa;4
1348;128/2022;2022_128_182;itsemääräämisoikeus;1
1348;128/2022;2022_128_182;kuitenkin;2
1348;128/2022;2022_128_182;sulkea;1
1348;128/2022;2022_128_182;asti;1
1348;128/2022;2022_128_182;itse;2
1348;128/2022;2022_128_182;vilpittömästi;1
1348;128/2022;2022_128_182;pitää;2
1348;128/2022;2022_128_182;sellainen;1
1348;128/2022;2022_128_182;myös;3
1348;128/2022;2022_128_182;tulla;1
1348;128/2022;2022_128_182;saamelaisyhteisö;1
1348;128/2022;2022_128_182;osallistumisoikeus;1
1348;128/2022;2022_128_182;päätöksenteko;1
1348;128/2022;2022_128_182;ulkopuolelle;1
1348;128/2022;2022_128_182;määritellä;1
1348;128/2022;2022_128_182;saamelaisuus;2
1348;128/2022;2022_128_182;uudelleen;1
1348;128/2022;2022_128_182;toteutua;1
1348;128/2022;2022_128_182;puuttua;1
1348;128/2022;2022_128_182;hyvin;1
1348;128/2022;2022_128_182;henkilökohtainen;1
1348;128/2022;2022_128_182;syvällinen;1
1348;128/2022;2022_128_182;kokonaisvaltainen;1
1348;128/2022;2022_128_182;ihminen;1
1348;128/2022;2022_128_182;identiteetti;1
1348;128/2022;2022_128_182;nimittäin;2
1348;128/2022;2022_128_182;etnisyys;1
1348;128/2022;2022_128_182;saattaa;2
1348;128/2022;2022_128_182;silloin;2
1348;128/2022;2022_128_182;hyvä;2
1348;128/2022;2022_128_182;tarkoitus;1
1348;128/2022;2022_128_182;huolimatta;2
1348;128/2022;2022_128_182;yksittäinen;1
1348;128/2022;2022_128_182;kohta;3
1348;128/2022;2022_128_182;kohtuuton;1
1348;128/2022;2022_128_182;katkeruus;1
1348;128/2022;2022_128_182;syventää;1
1348;128/2022;2022_128_182;vain;1
1348;128/2022;2022_128_182;yhteisö;1
1348;128/2022;2022_128_182;jakolinja;1
1348;128/2022;2022_128_182;juuri;3
1348;128/2022;2022_128_182;näin;3
1348;128/2022;2022_128_182;tapahtua;2
1348;128/2022;2022_128_182;merkki;1
1348;128/2022;2022_128_182;panna;1
1348;128/2022;2022_128_182;että;6
1348;128/2022;2022_128_182;yhdeksän;1
1348;128/2022;2022_128_182;vaali;2
1348;128/2022;2022_128_182;valita;2
1348;128/2022;2022_128_182;jäsen;1
1348;128/2022;2022_128_182;kyse;2
1348;128/2022;2022_128_182;perustuslaki;1
1348;128/2022;2022_128_182;tällainen;2
1348;128/2022;2022_128_182;ohut;1
1348;128/2022;2022_128_182;enemmistö;2
1348;128/2022;2022_128_182;jatkaa;1
1348;128/2022;2022_128_182;edelleen;1
1348;128/2022;2022_128_182;katkos;1
1348;128/2022;2022_128_182;kotona;1
1348;128/2022;2022_128_182;ensimmäinen;1
1348;128/2022;2022_128_182;kieli;4
1348;128/2022;2022_128_182;oppia;1
1348;128/2022;2022_128_182;saame;2
1348;128/2022;2022_128_182;perinne;1
1348;128/2022;2022_128_182;suomalaistamistoimi;2
1348;128/2022;2022_128_182;syy;1
1348;128/2022;2022_128_182;puhuminen;1
1348;128/2022;2022_128_182;estää;1
1348;128/2022;2022_128_182;rangaista;1
1348;128/2022;2022_128_182;taikka;1
1348;128/2022;2022_128_182;tehdä;1
1348;128/2022;2022_128_182;muutoin;1
1348;128/2022;2022_128_182;vähäarvoinen;1
1348;128/2022;2022_128_182;pahimmillaan;1
1348;128/2022;2022_128_182;tahtoa;1
1348;128/2022;2022_128_182;jo;4
1348;128/2022;2022_128_182;rakentua;1
1348;128/2022;2022_128_182;pakkoassimilaatio;1
1348;128/2022;2022_128_182;tulos;1
1348;128/2022;2022_128_182;päälle;1
1348;128/2022;2022_128_182;minä;1
1348;128/2022;2022_128_182;tuoda;1
1348;128/2022;2022_128_182;kolonialismi;2
1348;128/2022;2022_128_182;kohdella;2
1348;128/2022;2022_128_182;heikosti;1
1348;128/2022;2022_128_182;aiemmin;1
1348;128/2022;2022_128_182;valtio;2
1348;128/2022;2022_128_182;taso;1
1348;128/2022;2022_128_182;huonosti;1
1348;128/2022;2022_128_182;muuttaminen;1
1348;128/2022;2022_128_182;perustella;1
1348;128/2022;2022_128_182;yk;2
1348;128/2022;2022_128_182;eri;1
1348;128/2022;2022_128_182;elin;1
1348;128/2022;2022_128_182;saada;2
1348;128/2022;2022_128_182;huomautus;1
1348;128/2022;2022_128_182;ymmärtää;1
1348;128/2022;2022_128_182;yksikään;1
1348;128/2022;2022_128_182;toimielin;1
1348;128/2022;2022_128_182;vaatia;1
1348;128/2022;2022_128_182;muuttaa;2
1348;128/2022;2022_128_182;saamelaismääritelmä;1
1348;128/2022;2022_128_182;esittää;3
1348;128/2022;2022_128_182;tapa;1
1348;128/2022;2022_128_182;päinvastoin;1
1348;128/2022;2022_128_182;cerd;1
1348;128/2022;2022_128_182;linja;1
1348;128/2022;2022_128_182;maa;1
1348;128/2022;2022_128_182;kansainvälinen;2
1348;128/2022;2022_128_182;ihmisoikeusvelvoite;1
1348;128/2022;2022_128_182;kanssa;3
1348;128/2022;2022_128_182;jos;1
1348;128/2022;2022_128_182;ministeri;1
1348;128/2022;2022_128_182;henriksson;3
1348;128/2022;2022_128_182;täällä;1
1348;128/2022;2022_128_182;paikka;1
1348;128/2022;2022_128_182;kysyä;2
1348;128/2022;2022_128_182;häkä;1
1348;128/2022;2022_128_182;miksi;1
1348;128/2022;2022_128_182;sinä;4
1348;128/2022;2022_128_182;lainsäädäntö;1
1348;128/2022;2022_128_182;edustajakollega;1
1348;128/2022;2022_128_182;erityisesti;1
1348;128/2022;2022_128_182;siellä;1
1348;128/2022;2022_128_182;vasen;1
1348;128/2022;2022_128_182;haluta;3
1348;128/2022;2022_128_182;kuinka;3
1348;128/2022;2022_128_182;ihmeessä;2
1348;128/2022;2022_128_182;tukea;1
1348;128/2022;2022_128_182;polkea;1
1348;128/2022;2022_128_182;inarinsaamelainen;1
1348;128/2022;2022_128_182;metsäsaamelainen;1
1348;128/2022;2022_128_182;vähemmistö;5
1348;128/2022;2022_128_182;näyttää;1
1348;128/2022;2022_128_182;merkitä;1
1348;128/2022;2022_128_182;puhua;1
1348;128/2022;2022_128_182;mieli;1
1348;128/2022;2022_128_182;aivan;2
1348;128/2022;2022_128_182;oikein;1
1348;128/2022;2022_128_182;transihminen;1
1348;128/2022;2022_128_182;sukupuoli;1
1348;128/2022;2022_128_182;itseidentifikaatio;1
1348;128/2022;2022_128_182;sivuuttaa;2
1348;128/2022;2022_128_182;asia;3
1348;128/2022;2022_128_182;täysin;2
1348;128/2022;2022_128_182;saamelaiskäräjälaki;2
1348;128/2022;2022_128_182;kannattaa;1
1348;128/2022;2022_128_182;poliittisesti;1
1348;128/2022;2022_128_182;rotuunottolautakunta;1
1348;128/2022;2022_128_182;istua;1
1348;128/2022;2022_128_182;hallitus;1
1348;128/2022;2022_128_182;päättää;1
1348;128/2022;2022_128_182;kuka;2
1348;128/2022;2022_128_182;äänestää;1
1348;128/2022;2022_128_182;tekeminen;1
1348;128/2022;2022_128_182;demokratia;1
1348;128/2022;2022_128_182;työskennellä;1
1348;128/2022;2022_128_182;saamelaisasia;1
1348;128/2022;2022_128_182;yli;1
1348;128/2022;2022_128_182;kymmenen;2
1348;128/2022;2022_128_182;pitkä;1
1348;128/2022;2022_128_182;vuosi;1
1348;128/2022;2022_128_182;ratkaisuvaihtoehto;1
1348;128/2022;2022_128_182;korjaaminen;1
1348;128/2022;2022_128_182;yksi;1
1348;128/2022;2022_128_182;vaihtoehto;2
1348;128/2022;2022_128_182;toteuttaa;1
1348;128/2022;2022_128_182;ryhmäidentifikaatio;1
1348;128/2022;2022_128_182;ei-poliittisesti;1
1348;128/2022;2022_128_182;nykyisellään;1
1348;128/2022;2022_128_182;vaaliluettelo;1
1348;128/2022;2022_128_182;todistus;1
1348;128/2022;2022_128_182;hakija;1
1348;128/2022;2022_128_182;määräävä;1
1348;128/2022;2022_128_182;kriteeri;1
1348;128/2022;2022_128_182;perustaa;1
1348;128/2022;2022_128_182;jokainen;2
1348;128/2022;2022_128_182;saamelaisryhmä;2
1348;128/2022;2022_128_182;oma;2
1348;128/2022;2022_128_182;itsehallintoelin;1
1348;128/2022;2022_128_182;yhtäläinen;1
1348;128/2022;2022_128_182;mahdollisesti;1
1348;128/2022;2022_128_182;laajentaa;1
1348;128/2022;2022_128_182;saamelaisalue;1
1348;128/2022;2022_128_182;etelä;1
1348;128/2022;2022_128_182;kattaa;1
1348;128/2022;2022_128_182;koko;1
1348;128/2022;2022_128_182;vanha;1
1348;128/2022;2022_128_182;lapinkylä;1
1348;128/2022;2022_128_182;alue;1
1348;128/2022;2022_128_182;kuitenkaan;1
1348;128/2022;2022_128_182;kuulla;1
1348;128/2022;2022_128_182;vaan;1
1348;128/2022;2022_128_182;mennä;1
1348;128/2022;2022_128_182;tahto;1
1348;128/2022;2022_128_182;mukaan;1
1348;128/2022;2022_128_182;oleellinen;1
1348;128/2022;2022_128_182;kysymys;1
1348;128/2022;2022_128_182;hyötyä;1
1348;128/2022;2022_128_182;eniten;1
1348;128/2022;2022_128_182;kun;1
1348;128/2022;2022_128_182;määrä;1
1348;128/2022;2022_128_182;keinotekoisesti;1
1348;128/2022;2022_128_182;mahdollisimman;1
1348;128/2022;2022_128_182;pieni;1
1348;128/2022;2022_128_182;jättää;1
1348;128/2022;2022_128_182;kuulija;1
1348;128/2022;2022_128_182;arvioida;1
1348;128/2022;2022_128_182;polkema;1
1348;128/2022;2022_128_182;siksi;1
1348;128/2022;2022_128_182;vaihe;1
1348;128/2022;2022_128_182;lakiesitys;1
1348;128/2022;2022_128_182;hylätä;1
1348;128/2022;2022_128_182;oikeusministeri;2
1348;128/2022;2022_128_182;pääministeri;1
1348;128/2022;2022_128_182;marin;1
1348;128/2022;2022_128_182;toiminta;1
1348;128/2022;2022_128_182;aiheuttaa;1
1348;128/2022;2022_128_182;haitta;1
1348;128/2022;2022_128_182;maine;1
1348;128/2022;2022_128_182;käsittely;1
1348;128/2022;2022_128_182;jatkua;1
1348;128/2022;2022_128_182;varmasti;1
1348;128/2022;2022_128_182;eurooppa;1
1348;128/2022;2022_128_182;ihmisoikeustuomioistuin;1
1348;128/2022;2022_128_182;ihmisoikeusloukkaus;1
1348;128/2022;2022_128_182;vailla;1
1348;128/2022;2022_128_182;veri;1
1348;128/2022;2022_128_182;jatkaminen;1
1348;128/2022;2022_128_182;käsittämätön;1
1348;128/2022;2022_128_182;pakkosuomalaistaa;1
1348;128/2022;2022_128_182;viedä;2
1348;128/2022;2022_128_182;hän;3
1348;128/2022;2022_128_182;peruste;1
1348;128/2022;2022_128_182;pahasti;1
1348;128/2022;2022_128_182;kärsiä;1
1348;128/2022;2022_128_182;etnisiteetti;1
1348;128/2022;2022_128_182;kulttuuri;1
1348;128/2022;2022_128_182;vielä;1
1348;128/2022;2022_128_182;mahdollisuus;1
1348;128/2022;2022_128_182;vetää;1
1348;128/2022;2022_128_182;ihmisoikeus;1
1348;128/2022;2022_128_182;loukata;1
1348;128/2022;2022_128_182;pois;1
1348;128/2022;2022_128_182;toivoa;1
1348;128/2022;2022_128_182;todella;1
1348;128/2022;2022_128_182;harkita;1
1348;128/2022;2022_128_182;käynnistää;1
1348;128/2022;2022_128_182;parlamentaarinen;1
1348;128/2022;2022_128_182;uudistus;1
1348;128/2022;2022_128_182;sitoutua;1
1348;128/2022;2022_128_182;taata;1
1348;128/2022;2022_128_182;kiitos;1
1348;128/2022;2022_128_213;arvoisa;1
1348;128/2022;2022_128_213;herra;1
1348;128/2022;2022_128_213;puhemies;1
1348;128/2022;2022_128_213;aivan;1
1348;128/2022;2022_128_213;ensimmäinen;1
1348;128/2022;2022_128_213;haluta;2
1348;128/2022;2022_128_213;kiittää;1
1348;128/2022;2022_128_213;edustaja;2
1348;128/2022;2022_128_213;autto;2
1348;128/2022;2022_128_213;erittäin;1
1348;128/2022;2022_128_213;valtiomiesmäinen;1
1348;128/2022;2022_128_213;puhe;3
1348;128/2022;2022_128_213;ja;5
1348;128/2022;2022_128_213;ilmoittaa;1
1348;128/2022;2022_128_213;myös;1
1348;128/2022;2022_128_213;että;4
1348;128/2022;2022_128_213;kannattaa;1
1348;128/2022;2022_128_213;tämä;5
1348;128/2022;2022_128_213;asia;3
1348;128/2022;2022_128_213;lähettäminen;1
1348;128/2022;2022_128_213;se;2
1348;128/2022;2022_128_213;valiokunta;1
1348;128/2022;2022_128_213;mikä;5
1348;128/2022;2022_128_213;esittää;1
1348;128/2022;2022_128_213;kuten;1
1348;128/2022;2022_128_213;eilen;1
1348;128/2022;2022_128_213;jo;1
1348;128/2022;2022_128_213;sanoa;1
1348;128/2022;2022_128_213;tehdä;1
1348;128/2022;2022_128_213;minä;1
1348;128/2022;2022_128_213;suunnaton;1
1348;128/2022;2022_128_213;surullinen;1
1348;128/2022;2022_128_213;hassi;1
1348;128/2022;2022_128_213;kerta;1
1348;128/2022;2022_128_213;syy;1
1348;128/2022;2022_128_213;olla;4
1348;128/2022;2022_128_213;sinä;6
1348;128/2022;2022_128_213;todeta;1
1348;128/2022;2022_128_213;puheenvuoro;1
1348;128/2022;2022_128_213;yksiselitteisesti;1
1348;128/2022;2022_128_213;selkeästi;1
1348;128/2022;2022_128_213;mieli;1
1348;128/2022;2022_128_213;saamelaiskäräjä;1
1348;128/2022;2022_128_213;vaaliluettelo;1
1348;128/2022;2022_128_213;henkilö;3
1348;128/2022;2022_128_213;joka;2
1348;128/2022;2022_128_213;ei;1
1348;128/2022;2022_128_213;saamelainen;1
1348;128/2022;2022_128_213;kysyä;1
1348;128/2022;2022_128_213;näkemys;1
1348;128/2022;2022_128_213;perustua;1
1348;128/2022;2022_128_213;kritisoida;2
1348;128/2022;2022_128_213;korkea;1
1348;128/2022;2022_128_213;hallinto-oikeus;1
1348;128/2022;2022_128_213;ratkaisu;1
1348;128/2022;2022_128_213;vai;2
1348;128/2022;2022_128_213;saamelaisuus;1
1348;128/2022;2022_128_213;päättää;1
1348;128/2022;2022_128_213;vihreä;2
1348;128/2022;2022_128_213;puoluetoimisto;1
1348;128/2022;2022_128_213;eduskuntaryhmä;1
1348;128/2022;2022_128_213;toivoa;2
1348;128/2022;2022_128_213;ymmärtää;1
1348;128/2022;2022_128_213;kuinka;1
1348;128/2022;2022_128_213;loukkaava;1
1348;128/2022;2022_128_213;tällainen;1
1348;128/2022;2022_128_213;etnisiteetti;1
1348;128/2022;2022_128_213;identiteetti;1
1348;128/2022;2022_128_213;täällä;1
1348;128/2022;2022_128_213;mitätöidä;1
1348;128/2022;2022_128_213;aidosti;1
1348;128/2022;2022_128_213;voista;1
1348;128/2022;2022_128_213;pyytää;1
1348;128/2022;2022_128_213;anteeksi;1
1348;128/2022;2022_128_213;kiitos;1
1348;128/2022;2022_128_227;arvoisa;1
1348;128/2022;2022_128_227;herra;1
1348;128/2022;2022_128_227;puhemies;1
1348;128/2022;2022_128_227;haluta;3
1348;128/2022;2022_128_227;kiittää;2
1348;128/2022;2022_128_227;edustaja;1
1348;128/2022;2022_128_227;forsgrn;1
1348;128/2022;2022_128_227;tämä;13
1348;128/2022;2022_128_227;puheenvuoro;1
1348;128/2022;2022_128_227;olla;31
1348;128/2022;2022_128_227;moni;1
1348;128/2022;2022_128_227;hyvä;1
1348;128/2022;2022_128_227;elementti;1
1348;128/2022;2022_128_227;se;17
1348;128/2022;2022_128_227;että;11
1348;128/2022;2022_128_227;tuoda;3
1348;128/2022;2022_128_227;esille;2
1348;128/2022;2022_128_227;mikään;1
1348;128/2022;2022_128_227;yk;3
1348;128/2022;2022_128_227;elin;1
1348;128/2022;2022_128_227;ei;11
1348;128/2022;2022_128_227;vaatia;1
1348;128/2022;2022_128_227;suomi;1
1348;128/2022;2022_128_227;poistaa;2
1348;128/2022;2022_128_227;lappalaisperuste;1
1348;128/2022;2022_128_227;tai;1
1348;128/2022;2022_128_227;ylipäätään;1
1348;128/2022;2022_128_227;muuttaa;1
1348;128/2022;2022_128_227;saamelaismääritelmä;2
1348;128/2022;2022_128_227;eniten;1
1348;128/2022;2022_128_227;kritiikki;2
1348;128/2022;2022_128_227;saada;2
1348;128/2022;2022_128_227;korkea;3
1348;128/2022;2022_128_227;hallinto-oikeus;3
1348;128/2022;2022_128_227;ratkaisu;1
1348;128/2022;2022_128_227;kun;2
1348;128/2022;2022_128_227;päätyä;1
1348;128/2022;2022_128_227;soveltaa;1
1348;128/2022;2022_128_227;kokonaisharkinta;1
1348;128/2022;2022_128_227;ihminen;2
1348;128/2022;2022_128_227;etnisyys;1
1348;128/2022;2022_128_227;määritellä;1
1348;128/2022;2022_128_227;itse;2
1348;128/2022;2022_128_227;katsoa;1
1348;128/2022;2022_128_227;kyllä;1
1348;128/2022;2022_128_227;niin;6
1348;128/2022;2022_128_227;mikäli;1
1348;128/2022;2022_128_227;tällainen;3
1348;128/2022;2022_128_227;soveltaminen;1
1348;128/2022;2022_128_227;tehdä;3
1348;128/2022;2022_128_227;vaan;1
1348;128/2022;2022_128_227;noudattaa;1
1348;128/2022;2022_128_227;lainsäädäntö;2
1348;128/2022;2022_128_227;minä;8
1348;128/2022;2022_128_227;huomautus;1
1348;128/2022;2022_128_227;jos;1
1348;128/2022;2022_128_227;kunnioittaa;1
1348;128/2022;2022_128_227;alkuperäiskansa;3
1348;128/2022;2022_128_227;kuulua;2
1348;128/2022;2022_128_227;henkilö;3
1348;128/2022;2022_128_227;subjektiivinen;1
1348;128/2022;2022_128_227;kriteeri;2
1348;128/2022;2022_128_227;täyttyä;2
1348;128/2022;2022_128_227;ja;8
1348;128/2022;2022_128_227;objektiivinen;1
1348;128/2022;2022_128_227;ongelma;1
1348;128/2022;2022_128_227;hetki;2
1348;128/2022;2022_128_227;eli;1
1348;128/2022;2022_128_227;kohdistua;1
1348;128/2022;2022_128_227;mikä;1
1348;128/2022;2022_128_227;kirjata;1
1348;128/2022;2022_128_227;usea;1
1348;128/2022;2022_128_227;ote;1
1348;128/2022;2022_128_227;kielikriteeri;1
1348;128/2022;2022_128_227;väittää;1
1348;128/2022;2022_128_227;jokin;1
1348;128/2022;2022_128_227;tapa;1
1348;128/2022;2022_128_227;yhteispohjoismainen;1
1348;128/2022;2022_128_227;linja;2
1348;128/2022;2022_128_227;mutta;2
1348;128/2022;2022_128_227;valitettavasti;1
1348;128/2022;2022_128_227;ensimmäinen;2
1348;128/2022;2022_128_227;oppia;1
1348;128/2022;2022_128_227;kieli;2
1348;128/2022;2022_128_227;aivan;1
1348;128/2022;2022_128_227;eri;1
1348;128/2022;2022_128_227;asia;2
1348;128/2022;2022_128_227;kuin;3
1348;128/2022;2022_128_227;kotikieli;1
1348;128/2022;2022_128_227;joka;6
1348;128/2022;2022_128_227;määritelmä;1
1348;128/2022;2022_128_227;käyttö;1
1348;128/2022;2022_128_227;esimerkiksi;2
1348;128/2022;2022_128_227;norja;1
1348;128/2022;2022_128_227;mahdollistaa;1
1348;128/2022;2022_128_227;vaikkapa;1
1348;128/2022;2022_128_227;elvyttää;1
1348;128/2022;2022_128_227;saame;1
1348;128/2022;2022_128_227;ihan;1
1348;128/2022;2022_128_227;sukupolvi;1
1348;128/2022;2022_128_227;voida;2
1348;128/2022;2022_128_227;oikeus;2
1348;128/2022;2022_128_227;tulla;1
1348;128/2022;2022_128_227;merkitty;1
1348;128/2022;2022_128_227;sinne;1
1348;128/2022;2022_128_227;vaaliluettelo;3
1348;128/2022;2022_128_227;takia;2
1348;128/2022;2022_128_227;muu;1
1348;128/2022;2022_128_227;pohjoismaa;1
1348;128/2022;2022_128_227;kiista;1
1348;128/2022;2022_128_227;tilanne;2
1348;128/2022;2022_128_227;kompleksinen;1
1348;128/2022;2022_128_227;vaikea;1
1348;128/2022;2022_128_227;sanoa;2
1348;128/2022;2022_128_227;todella;1
1348;128/2022;2022_128_227;surullinen;1
1348;128/2022;2022_128_227;varsinkin;1
1348;128/2022;2022_128_227;vihreä;1
1348;128/2022;2022_128_227;ryhmä;1
1348;128/2022;2022_128_227;nyt;2
1348;128/2022;2022_128_227;esittää;1
1348;128/2022;2022_128_227;väite;1
1348;128/2022;2022_128_227;saamelainen;2
1348;128/2022;2022_128_227;osa;1
1348;128/2022;2022_128_227;poliittinen;2
1348;128/2022;2022_128_227;päätöksenteko;1
1348;128/2022;2022_128_227;etnisiteetti;1
1348;128/2022;2022_128_227;mitätöinti;2
1348;128/2022;2022_128_227;identiteetti;1
1348;128/2022;2022_128_227;erittäin;1
1348;128/2022;2022_128_227;raskas;1
1348;128/2022;2022_128_227;kaikki;1
1348;128/2022;2022_128_227;keskustelu;1
1348;128/2022;2022_128_227;seurata;1
1348;128/2022;2022_128_227;siellä;1
1348;128/2022;2022_128_227;heittää;1
1348;128/2022;2022_128_227;ilma;1
1348;128/2022;2022_128_227;kysymys;1
1348;128/2022;2022_128_227;täällä;1
1348;128/2022;2022_128_227;ministeri;1
1348;128/2022;2022_128_227;vastata;3
1348;128/2022;2022_128_227;tietenkään;1
1348;128/2022;2022_128_227;tarvita;1
1348;128/2022;2022_128_227;kukaan;1
1348;128/2022;2022_128_227;kollega;1
1348;128/2022;2022_128_227;pohtia;1
1348;128/2022;2022_128_227;inarinsaamelainen;1
1348;128/2022;2022_128_227;kari;1
1348;128/2022;2022_128_227;kyrö;1
1348;128/2022;2022_128_227;saamelaiskäräjävaali;1
1348;128/2022;2022_128_227;edellinen;1
1348;128/2022;2022_128_227;vaali;1
1348;128/2022;2022_128_227;ääniharava;1
1348;128/2022;2022_128_227;julkilausua;1
1348;128/2022;2022_128_227;hän;4
1348;128/2022;2022_128_227;saamelaiskäräjä;1
1348;128/2022;2022_128_227;viedä;1
1348;128/2022;2022_128_227;vuosikausi;1
1348;128/2022;2022_128_227;sitten;1
1348;128/2022;2022_128_227;valittaa;1
1348;128/2022;2022_128_227;miten;1
1348;128/2022;2022_128_227;sinä;1
1348;128/2022;2022_128_227;luulla;1
1348;128/2022;2022_128_227;hienosti;1
1348;128/2022;2022_128_227;mennä;1
1348;128/2022;2022_128_227;jatkaa;1
1348;128/2022;2022_128_227;valita;1
1348;128/2022;2022_128_227;vai;1
1348;128/2022;2022_128_227;edessä;1
1348;128/2022;2022_128_227;vielä;1
1348;128/2022;2022_128_227;suuri;1
1348;128/2022;2022_128_227;soppa;1
1348;128/2022;2022_128_227;arvioida;1
1348;128/2022;2022_128_227;jälkimmäinen;1
1348;128/2022;2022_128_227;esitys;1
1348;128/2022;2022_128_227;edetä;1
1348;128/2022;2022_128_235;arvoisa;1
1348;128/2022;2022_128_235;herra;1
1348;128/2022;2022_128_235;puhemies;1
1348;128/2022;2022_128_235;edustaja;2
1348;128/2022;2022_128_235;forsgrn;1
1348;128/2022;2022_128_235;edelleen;1
1348;128/2022;2022_128_235;kiitos;1
1348;128/2022;2022_128_235;rakentava;1
1348;128/2022;2022_128_235;keskustelu;1
1348;128/2022;2022_128_235;asia;1
1348;128/2022;2022_128_235;olla;11
1348;128/2022;2022_128_235;tosiaan;1
1348;128/2022;2022_128_235;juuri;1
1348;128/2022;2022_128_235;kuten;1
1348;128/2022;2022_128_235;sanoa;2
1348;128/2022;2022_128_235;mutta;2
1348;128/2022;2022_128_235;haluta;2
1348;128/2022;2022_128_235;kysyä;1
1348;128/2022;2022_128_235;ei;4
1348;128/2022;2022_128_235;sinä;2
1348;128/2022;2022_128_235;nähdä;2
1348;128/2022;2022_128_235;mikään;3
1348;128/2022;2022_128_235;ongelma;2
1348;128/2022;2022_128_235;se;10
1348;128/2022;2022_128_235;että;2
1348;128/2022;2022_128_235;poliittinen;3
1348;128/2022;2022_128_235;enemmistö;2
1348;128/2022;2022_128_235;määritellä;1
1348;128/2022;2022_128_235;kuka;3
1348;128/2022;2022_128_235;kuulua;2
1348;128/2022;2022_128_235;alkuperäiskansa;1
1348;128/2022;2022_128_235;ja;10
1348;128/2022;2022_128_235;seuraava;2
1348;128/2022;2022_128_235;vaali;2
1348;128/2022;2022_128_235;saada;2
1348;128/2022;2022_128_235;äänestää;2
1348;128/2022;2022_128_235;minä;3
1348;128/2022;2022_128_235;lakiesitys;2
1348;128/2022;2022_128_235;puhua;1
1348;128/2022;2022_128_235;riippumaton;2
1348;128/2022;2022_128_235;muutoshakulautakunta;1
1348;128/2022;2022_128_235;joka;4
1348;128/2022;2022_128_235;kuitenkin;1
1348;128/2022;2022_128_235;valita;2
1348;128/2022;2022_128_235;poliittisesti;2
1348;128/2022;2022_128_235;miten;1
1348;128/2022;2022_128_235;tällainen;1
1348;128/2022;2022_128_235;lautakunta;1
1348;128/2022;2022_128_235;voida;3
1348;128/2022;2022_128_235;keskusta;1
1348;128/2022;2022_128_235;uudistaa;1
1348;128/2022;2022_128_235;saamelaiskäräjälaki;1
1348;128/2022;2022_128_235;esittää;2
1348;128/2022;2022_128_235;usea;1
1348;128/2022;2022_128_235;vaihtoehto;1
1348;128/2022;2022_128_235;niin;2
1348;128/2022;2022_128_235;työryhmä;1
1348;128/2022;2022_128_235;kuin;1
1348;128/2022;2022_128_235;myös;1
1348;128/2022;2022_128_235;sitten;3
1348;128/2022;2022_128_235;jälkeen;1
1348;128/2022;2022_128_235;tämä;10
1348;128/2022;2022_128_235;yli;1
1348;128/2022;2022_128_235;vuosi;1
1348;128/2022;2022_128_235;tapahtua;1
1348;128/2022;2022_128_235;yhtään;2
1348;128/2022;2022_128_235;oikeusministeriö;1
1348;128/2022;2022_128_235;taho;1
1348;128/2022;2022_128_235;vaan;1
1348;128/2022;2022_128_235;sama;1
1348;128/2022;2022_128_235;esitys;2
1348;128/2022;2022_128_235;tuoda;2
1348;128/2022;2022_128_235;yhtäkkiä;1
1348;128/2022;2022_128_235;eteen;1
1348;128/2022;2022_128_235;yksi;1
1348;128/2022;2022_128_235;luova;1
1348;128/2022;2022_128_235;ratkaisu;1
1348;128/2022;2022_128_235;itse;1
1348;128/2022;2022_128_235;henkilökohtaisesti;1
1348;128/2022;2022_128_235;sanottu;1
1348;128/2022;2022_128_235;ryhmäidentifikaatio;1
1348;128/2022;2022_128_235;toteuttaminen;1
1348;128/2022;2022_128_235;mikä;3
1348;128/2022;2022_128_235;nyt;1
1348;128/2022;2022_128_235;toteuttaa;1
1348;128/2022;2022_128_235;vaalilautakunta;1
1348;128/2022;2022_128_235;ei-poliittinen;1
1348;128/2022;2022_128_235;järjestelmä;2
1348;128/2022;2022_128_235;esimerkiksi;1
1348;128/2022;2022_128_235;kymmenen;1
1348;128/2022;2022_128_235;jo;2
1348;128/2022;2022_128_235;saamelaiskäräjä;1
1348;128/2022;2022_128_235;vaaliluettelo;2
1348;128/2022;2022_128_235;henkilö;2
1348;128/2022;2022_128_235;antaa;2
1348;128/2022;2022_128_235;sinne;2
1348;128/2022;2022_128_235;pyrkiä;1
1348;128/2022;2022_128_235;todistus;1
1348;128/2022;2022_128_235;hän;4
1348;128/2022;2022_128_235;saamelaisuus;1
1348;128/2022;2022_128_235;tulla;2
1348;128/2022;2022_128_235;merkitä;1
1348;128/2022;2022_128_235;automaattisesti;1
1348;128/2022;2022_128_235;käräjä;1
1348;128/2022;2022_128_235;oikeus;1
1348;128/2022;2022_128_235;karrikoidusti;1
1348;128/2022;2022_128_235;totta;1
1348;128/2022;2022_128_235;kai;1
1348;128/2022;2022_128_235;politiikka;1
1348;128/2022;2022_128_235;joutua;1
1348;128/2022;2022_128_235;joskus;1
1348;128/2022;2022_128_235;tehdä;1
1348;128/2022;2022_128_235;nykyisellään;1
1348;128/2022;2022_128_235;ennen;1
1348;128/2022;2022_128_235;kaikki;1
1348;128/2022;2022_128_235;mikäli;1
1348;128/2022;2022_128_235;laki;1
1348;128/2022;2022_128_235;hyväksyä;1
1348;128/2022;2022_128_235;valta;1
1348;128/2022;2022_128_235;päättää;1
1348;128/2022;2022_128_235;hämmästellä;1
1348;128/2022;2022_128_235;jos;1
1348;128/2022;2022_128_235;kukaan;1
1348;128/2022;2022_128_235;demokratia;1
1348;128/2022;2022_128_235;uskoa;1
1348;128/2022;2022_128_235;sali;1
1348;128/2022;2022_128_235;tukea;1
1348;128/2022;2022_128_235;tämmöinen;1
1348;128/2022;2022_128_235;kulmuni;1
1348;128/2022;2022_128_235;erittäin;1
1348;128/2022;2022_128_235;ansiokas;1
1348;128/2022;2022_128_235;oma;1
1348;128/2022;2022_128_235;puheenvuoro;1
1348;128/2022;2022_128_235;esille;1
1348;128/2022;2022_128_235;ongelmakohta;1
1348;128/2022;2022_128_235;vaikeus;1
1348;128/2022;2022_128_235;siellä;1
1348;128/2022;2022_128_235;hetki;1
1348;128/2022;2022_128_235;korjata;1
1348;128/2022;2022_128_235;liennyttää;1
1348;128/2022;2022_128_235;jännite;1
1348;128/2022;2022_128_235;luoda;1
1348;128/2022;2022_128_235;lisää;1
1348;139/2022;2022_139_148;arvoisa;4
1348;139/2022;2022_139_148;herra;1
1348;139/2022;2022_139_148;puhemies;4
1348;139/2022;2022_139_148;olla;19
1348;139/2022;2022_139_148;tunnustaa;2
1348;139/2022;2022_139_148;että;11
1348;139/2022;2022_139_148;poliittinen;1
1348;139/2022;2022_139_148;lähihistoria;1
1348;139/2022;2022_139_148;suuri;2
1348;139/2022;2022_139_148;virhe;1
1348;139/2022;2022_139_148;se;9
1348;139/2022;2022_139_148;ei;7
1348;139/2022;2022_139_148;liittyä;2
1348;139/2022;2022_139_148;nato;3
1348;139/2022;2022_139_148;jäsen;2
1348;139/2022;2022_139_148;välittömästi;1
1348;139/2022;2022_139_148;kun;1
1348;139/2022;2022_139_148;neuvostoliitto;1
1348;139/2022;2022_139_148;romahtaa;1
1348;139/2022;2022_139_148;tämä;5
1348;139/2022;2022_139_148;fakta;1
1348;139/2022;2022_139_148;erinomainen;1
1348;139/2022;2022_139_148;keskustelu;1
1348;139/2022;2022_139_148;mieli;2
1348;139/2022;2022_139_148;sanoa;1
1348;139/2022;2022_139_148;oikeastaan;1
1348;139/2022;2022_139_148;kaikki;3
1348;139/2022;2022_139_148;viesti;1
1348;139/2022;2022_139_148;hetki;1
1348;139/2022;2022_139_148;ja;6
1348;139/2022;2022_139_148;mahdollisimman;1
1348;139/2022;2022_139_148;äkkiä;1
1348;139/2022;2022_139_148;valitettavasti;2
1348;139/2022;2022_139_148;tuo;1
1348;139/2022;2022_139_148;nopeus;1
1348;139/2022;2022_139_148;täysin;2
1348;139/2022;2022_139_148;kansallinen;2
1348;139/2022;2022_139_148;käsi;1
1348;139/2022;2022_139_148;mutta;1
1348;139/2022;2022_139_148;luottaa;2
1348;139/2022;2022_139_148;ratifiointiprosessi;1
1348;139/2022;2022_139_148;saada;1
1348;139/2022;2022_139_148;päätös;1
1348;139/2022;2022_139_148;ensi;1
1348;139/2022;2022_139_148;vuosi;3
1348;139/2022;2022_139_148;aika;1
1348;139/2022;2022_139_148;samalla;2
1348;139/2022;2022_139_148;minä;4
1348;139/2022;2022_139_148;pitää;2
1348;139/2022;2022_139_148;huoli;1
1348;139/2022;2022_139_148;oma;1
1348;139/2022;2022_139_148;puolustuskyky;1
1348;139/2022;2022_139_148;sekä;1
1348;139/2022;2022_139_148;säilyttää;1
1348;139/2022;2022_139_148;asevelvollisuusjärjestelmä;1
1348;139/2022;2022_139_148;unohtaa;1
1348;139/2022;2022_139_148;haihatus;1
1348;139/2022;2022_139_148;supistaminen;1
1348;139/2022;2022_139_148;joka;5
1348;139/2022;2022_139_148;sali;1
1348;139/2022;2022_139_148;vielä;1
1348;139/2022;2022_139_148;muutama;1
1348;139/2022;2022_139_148;sitten;1
1348;139/2022;2022_139_148;esiintyä;1
1348;139/2022;2022_139_148;myös;2
1348;139/2022;2022_139_148;tyytyväinen;1
1348;139/2022;2022_139_148;katainen;1
1348;139/2022;2022_139_148;hallitus;1
1348;139/2022;2022_139_148;naiivi;1
1348;139/2022;2022_139_148;ajatus;1
1348;139/2022;2022_139_148;aivan;1
1348;139/2022;2022_139_148;hallitusohjelma;1
1348;139/2022;2022_139_148;kirjata;1
1348;139/2022;2022_139_148;nato-jäsen;1
1348;139/2022;2022_139_148;toteutua;1
1348;139/2022;2022_139_148;nyt;2
1348;139/2022;2022_139_148;puhaltaa;1
1348;139/2022;2022_139_148;uusi;2
1348;139/2022;2022_139_148;tuuli;1
1348;139/2022;2022_139_148;muistaa;1
1348;139/2022;2022_139_148;venäjä;2
1348;139/2022;2022_139_148;rosvovaltio;1
1348;139/2022;2022_139_148;yksi;1
1348;139/2022;2022_139_148;sanominen;1
1348;139/2022;2022_139_148;voida;1
1348;139/2022;2022_139_148;syyllistyä;1
1348;139/2022;2022_139_148;murha;1
1348;139/2022;2022_139_148;raiskaus;1
1348;139/2022;2022_139_148;sotarikos;1
1348;139/2022;2022_139_148;ukraina;3
1348;139/2022;2022_139_148;päivä;2
1348;139/2022;2022_139_148;pahoin;1
1348;139/2022;2022_139_148;pelätä;1
1348;139/2022;2022_139_148;suhde;1
1348;139/2022;2022_139_148;tulla;1
1348;139/2022;2022_139_148;normalisoitua;1
1348;139/2022;2022_139_148;usea;1
1348;139/2022;2022_139_148;ryhtyä;1
1348;139/2022;2022_139_148;valmistella;1
1348;139/2022;2022_139_148;suomi;2
1348;139/2022;2022_139_148;maa;2
1348;139/2022;2022_139_148;rakentaa;1
1348;139/2022;2022_139_148;nato-maa;1
1348;139/2022;2022_139_148;nato-ystävällinen;1
1348;139/2022;2022_139_148;puolustusliitto;1
1348;139/2022;2022_139_148;yhteneväinen;1
1348;139/2022;2022_139_148;arvoyhteisö;1
1348;139/2022;2022_139_148;erilainen;1
1348;139/2022;2022_139_148;yhteisharjoitus;1
1348;139/2022;2022_139_148;diplomatia;1
1348;139/2022;2022_139_148;hyvä;1
1348;139/2022;2022_139_148;politiikka;1
1348;139/2022;2022_139_148;oppia;1
1348;139/2022;2022_139_148;tuntea;1
1348;139/2022;2022_139_148;kumppani;1
1348;139/2022;2022_139_148;viimeinen;1
1348;139/2022;2022_139_148;todeta;1
1348;139/2022;2022_139_148;tilanne;1
1348;139/2022;2022_139_148;velvollisuus;1
1348;139/2022;2022_139_148;jatkaa;1
1348;139/2022;2022_139_148;tukeminen;1
1348;139/2022;2022_139_148;käyttää;1
1348;139/2022;2022_139_148;keino;1
1348;139/2022;2022_139_148;taistella;1
1348;139/2022;2022_139_148;koko;1
1348;139/2022;2022_139_148;eurooppa;1
1348;139/2022;2022_139_148;vapaus;1
1348;139/2022;2022_139_148;puolesta;1
1348;139/2022;2022_139_148;syvästi;1
1348;139/2022;2022_139_148;kiitollinen;1
